feature,scaled_importance_mean,scaled_importance_std,scaled_importance_count,importance_mean,importance_std,recall_mean,logloss_mean
item_FUROSEMIDE,1.9680418938067135,0.05191023640479507,25,6.853718749296753,0.17971584044891045,0.287151780987673,0.6422712721957106
item_PREDNISONE,1.7187037597481365,0.05741312597432257,25,5.985529606422634,0.20353439195794765,0.287151780987673,0.6422712721957106
item_HYDROCODONE BITARTRATE/AC,1.5397765200417068,0.047227941793885085,25,5.362194866358481,0.16081176597535393,0.287151780987673,0.6422712721957106
item_CEPHALEXIN,1.3939564158056035,0.0451723267673013,25,4.854543077991694,0.15899067448655826,0.287151780987673,0.6422712721957106
item_ONDANSETRON ODT,1.04175238146007,0.04470223427193336,25,3.6279085627851906,0.15527934686782865,0.287151780987673,0.6422712721957106
item_TRAMADOL HCL,0.8754648044672638,0.03698598508196149,25,3.048797156509194,0.12772778522222117,0.287151780987673,0.6422712721957106
item_ELIQUIS,0.8019280647058745,0.05927398822637556,25,2.7927043799156066,0.20625866381431993,0.287151780987673,0.6422712721957106
item_OXYCODONE/ACETAMINOPHEN,0.7493847757047543,0.025389279502971228,25,2.6098220263288163,0.09072172687502794,0.287151780987673,0.6422712721957106
item_GABAPENTIN,0.7170360835363786,0.03966684666592892,25,2.496906439735108,0.13449373659772235,0.287151780987673,0.6422712721957106
item_PANTOPRAZOLE SODIUM,0.6068962233036086,0.039791347103551464,25,2.113454475698068,0.13737299083349291,0.287151780987673,0.6422712721957106
item_CLOPIDOGREL,0.6028479292555323,0.030657772272406205,25,2.0992436201502325,0.1026037202180511,0.287151780987673,0.6422712721957106
item_ONDANSETRON HYDROCHLORIDE,0.4641448711598236,0.03909818564621977,25,1.6163995026577824,0.13624678919961689,0.287151780987673,0.6422712721957106
item_WARFARIN SODIUM,0.4619745110152424,0.015272233882988873,25,1.6088556899050306,0.05382868949303248,0.287151780987673,0.6422712721957106
item_NITROFURANTOIN MONOHYDRAT,0.4356438260669117,0.02738139202532429,25,1.5171661024875553,0.09606540547297387,0.287151780987673,0.6422712721957106
item_SULFAMETHOXAZOLE/TRIMETHO,0.4283787049429339,0.027505732301422333,25,1.4919556013511726,0.09766892990289913,0.287151780987673,0.6422712721957106
item_CIPROFLOXACIN HYDROCHLORI,0.42369043613310275,0.023563246251067236,25,1.4753800319726553,0.0797936667470385,0.287151780987673,0.6422712721957106
item_OXYCODONE HYDROCHLORIDE,0.3844549188196471,0.030081094923290298,25,1.3387623814838754,0.10326944115597397,0.287151780987673,0.6422712721957106
item_DOXYCYCLINE HYCLATE,0.3664718816761782,0.027096838896595043,25,1.2761324224710255,0.09279894344505403,0.287151780987673,0.6422712721957106
item_QUETIAPINE FUMARATE,0.3368839865968404,0.034049951212038077,25,1.1732253554014702,0.11899969700300264,0.287151780987673,0.6422712721957106
item_CARVEDILOL,0.32828955330871507,0.02788760296778228,25,1.1431736405590978,0.0959581744628486,0.287151780987673,0.6422712721957106
item_ISOSORBIDE MONONITRATE ER,0.29795013538859827,0.028257673123496786,25,1.0375310611438082,0.09747333596469568,0.287151780987673,0.6422712721957106
item_LEVOFLOXACIN,0.2738086171653922,0.02089796713354736,25,0.953623317789624,0.0739525995337742,0.287151780987673,0.6422712721957106
item_OMEPRAZOLE,0.24899438945172164,0.02780039045845657,25,0.8671680427659587,0.0972590818881436,0.287151780987673,0.6422712721957106
item_OMEPRAZOLE DR,0.23973600461817288,0.0806036444860305,25,0.8348815134989163,0.2804151407287943,0.287151780987673,0.6422712721957106
item_AMIODARONE HYDROCHLORIDE,0.23956497460413784,0.024890860626792615,25,0.8342472171046798,0.08625049390554106,0.287151780987673,0.6422712721957106
item_SIMVASTATIN,0.22152808668159366,0.012351003928857041,25,0.7715104267087856,0.04362989034043204,0.287151780987673,0.6422712721957106
item_DONEPEZIL HCL,0.21812728129450815,0.026629661124589775,25,0.7596398366725822,0.09263715581515405,0.287151780987673,0.6422712721957106
item_LORAZEPAM,0.20579523982330758,0.02077025693209129,25,0.716710624933881,0.0726072762817207,0.287151780987673,0.6422712721957106
item_AMOXICILLIN/CLAVULANATE P,0.19551219848618842,0.0206431722812268,25,0.6807199526044498,0.07045618415365579,0.287151780987673,0.6422712721957106
item_XARELTO,0.19501819477879098,0.023595873312790346,25,0.6791369648919986,0.08189417773291799,0.287151780987673,0.6422712721957106
item_METOPROLOL TARTRATE,0.19227931784865898,0.02379030069245869,25,0.6695128192982689,0.08184268699629076,0.287151780987673,0.6422712721957106
item_HYDRALAZINE HYDROCHLORIDE,0.19206096502714956,0.025488351782186242,25,0.6687440061648415,0.08795181439705715,0.287151780987673,0.6422712721957106
item_MIRTAZAPINE,0.18802056138318246,0.022230670964795946,25,0.6547927793482643,0.0774034489549213,0.287151780987673,0.6422712721957106
item_BUMETANIDE,0.18226948743596974,0.01841308680487743,25,0.6348057248149918,0.06462575655937476,0.287151780987673,0.6422712721957106
item_MEMANTINE HYDROCHLORIDE,0.18111624759737793,0.029264206182492696,25,0.6307869594306981,0.1021061095867285,0.287151780987673,0.6422712721957106
item_ATORVASTATIN CALCIUM,0.1619720297513335,0.016912818889207433,25,0.5640919487589691,0.05920593266449323,0.287151780987673,0.6422712721957106
item_LISINOPRIL/HYDROCHLOROTHI,0.14505647807755417,0.012486115718429266,25,0.5051446942396316,0.043283933648824754,0.287151780987673,0.6422712721957106
item_CARBIDOPA/LEVODOPA,0.14486356598401448,0.015474914802918604,25,0.5044582685822269,0.053605792547326836,0.287151780987673,0.6422712721957106
item_LEVETIRACETAM,0.13608396302112827,0.018234381765587504,25,0.47392908210182716,0.06358065847368989,0.287151780987673,0.6422712721957106
item_CYCLOBENZAPRINE HYDROCHLO,0.13292572887002085,0.014016758168490604,25,0.4628624259444707,0.048312983546059105,0.287151780987673,0.6422712721957106
item_MIDODRINE HCL,0.132024065413027,0.015466750953476365,25,0.45968614081617537,0.05311679975197835,0.287151780987673,0.6422712721957106
item_ESCITALOPRAM OXALATE,0.13185013015611863,0.013895243129498058,25,0.4591649759094155,0.04829038215366723,0.287151780987673,0.6422712721957106
item_SHINGRIX,0.13007541587423735,0.02571954820010872,25,0.4528595455259453,0.0889677386857156,0.287151780987673,0.6422712721957106
item_METHYLPREDNISOLONE DOSE P,0.12944871454740814,0.012581413780919036,25,0.45072822922148975,0.04293083638089596,0.287151780987673,0.6422712721957106
item_ALPRAZOLAM,0.1274321607052441,0.014697078467967863,25,0.4437730181497946,0.051043396430517717,0.287151780987673,0.6422712721957106
item_DEXAMETHASONE,0.11600261163986873,0.013501075636181609,25,0.40403113182821854,0.0474036392839455,0.287151780987673,0.6422712721957106
item_LEVOTHYROXINE SODIUM,0.11519206609285457,0.028312461855572686,25,0.4012197217679973,0.09879425423094312,0.287151780987673,0.6422712721957106
item_FAMOTIDINE,0.11446781439426275,0.013014728257247817,25,0.3986284228159065,0.0452262999683952,0.287151780987673,0.6422712721957106
item_SERTRALINE HCL,0.11249085750913652,0.013959565350589091,25,0.3917107371433762,0.04831699350390775,0.287151780987673,0.6422712721957106
item_DULOXETINE HYDROCHLORIDE,0.1088304649495775,0.016627833964736872,25,0.37897207520645115,0.05766201531781802,0.287151780987673,0.6422712721957106
item_TRELEGY ELLIPTA,0.10641013289385758,0.05493177588894478,25,0.3707376232700969,0.19176042279001923,0.287151780987673,0.6422712721957106
item_LOSARTAN POTASSIUM/HYDROC,0.10588423631231526,0.012994482611871276,25,0.36876938969557094,0.04547889804365779,0.287151780987673,0.6422712721957106
item_LISINOPRIL,0.10355327835221197,0.013410907737166843,25,0.36064628932601184,0.0468145840803395,0.287151780987673,0.6422712721957106
item_HYDROCHLOROTHIAZIDE,0.10325370816363268,0.011725662532228644,25,0.35959593910629484,0.04088451996455264,0.287151780987673,0.6422712721957106
item_CEFUROXIME AXETIL,0.0963099566469685,0.01249289804216208,25,0.33542680542777226,0.04374920363866607,0.287151780987673,0.6422712721957106
item_PROAIR HFA,0.0935491407019872,0.012936703970600054,25,0.32573224591449057,0.04464627148860252,0.287151780987673,0.6422712721957106
item_MECLIZINE HCL,0.0926463612598051,0.01339264024609093,25,0.32264810175597863,0.04670182134756405,0.287151780987673,0.6422712721957106
item_TORSEMIDE,0.09040676346004561,0.01221917973895752,25,0.31482094746435485,0.04233837708958678,0.287151780987673,0.6422712721957106
item_CITALOPRAM,0.09003139684004846,0.02226581226304503,25,0.3135393233260333,0.0775844825505275,0.287151780987673,0.6422712721957106
item_POTASSIUM CHLORIDE ER,0.08847377646821221,0.016215931338305376,25,0.3081642425366129,0.05688204451148633,0.287151780987673,0.6422712721957106
item_DIAZEPAM,0.08491907099350629,0.015247483049004876,25,0.295695183559011,0.052830055028710826,0.287151780987673,0.6422712721957106
item_MEMANTINE HYDROCHLORIDE E,0.0844918839290906,0.018050157958418543,25,0.2941178580751014,0.06206431761733378,0.287151780987673,0.6422712721957106
item_AMLODIPINE BESYLATE,0.08057762935406595,0.015246541672854158,25,0.28063003481574245,0.053163444979507854,0.287151780987673,0.6422712721957106
item_CALCIUM ACETATE,0.0803318058356,0.01279716892379386,25,0.2797595954350087,0.044639215321247004,0.287151780987673,0.6422712721957106
item_DICYCLOMINE HYDROCHLORIDE,0.07993718219305995,0.01040078927239227,25,0.2783791989573127,0.036239039571873306,0.287151780987673,0.6422712721957106
item_LIDOCAINE,0.07980965199100991,0.017691938719946766,25,0.2779875525241519,0.06200725341974859,0.287151780987673,0.6422712721957106
item_TAMSULOSIN HYDROCHLORIDE,0.07789660850155056,0.011428116430172042,25,0.27131161919083385,0.040048098373208434,0.287151780987673,0.6422712721957106
item_AZITHROMYCIN,0.07764846778017456,0.009864449673503767,25,0.27043595270213094,0.0345603185040557,0.287151780987673,0.6422712721957106
item_TRAZODONE HYDROCHLORIDE,0.07172707631334664,0.020292885105650728,25,0.24979595459907147,0.07075954413540889,0.287151780987673,0.6422712721957106
item_LANTUS SOLOSTAR,0.07119011958251735,0.0108050428960435,25,0.24788340809023945,0.03734750307515895,0.287151780987673,0.6422712721957106
item_ACETAMINOPHEN/CODEINE,0.06993866451880441,0.00814071611661352,25,0.2435769428812712,0.028489740715957432,0.287151780987673,0.6422712721957106
item_METOPROLOL SUCCINATE ER,0.0692987330419462,0.013087116365078878,25,0.2412993234084946,0.04538264328110194,0.287151780987673,0.6422712721957106
item_LOVASTATIN,0.06605562302200416,0.009748779456735674,25,0.23005225710047383,0.03408037085864163,0.287151780987673,0.6422712721957106
item_HYDROMORPHONE HCL,0.06530504299096675,0.00981063189695192,25,0.2274521689195258,0.03434478233417292,0.287151780987673,0.6422712721957106
item_VENTOLIN HFA,0.06516224735488955,0.017279707934877167,25,0.22695835195542746,0.060335369777038246,0.287151780987673,0.6422712721957106
item_METHOCARBAMOL,0.06333892941884428,0.01373201974299383,25,0.22053259318204918,0.047554881357619934,0.287151780987673,0.6422712721957106
item_MECLIZINE HYDROCHLORIDE,0.06237643811148661,0.008703297634271554,25,0.2172423308535827,0.030464496167708452,0.287151780987673,0.6422712721957106
item_CEFDINIR,0.06021714990955072,0.010083197127368318,25,0.20969323253771296,0.035034065233803535,0.287151780987673,0.6422712721957106
item_MEGESTROL ACETATE,0.05924527455138495,0.008230160059702915,25,0.20629398510083505,0.0284271400015848,0.287151780987673,0.6422712721957106
item_HYDROXYZINE HYDROCHLORIDE,0.05907450043597717,0.01339566001649346,25,0.20567212242259383,0.046396102631752284,0.287151780987673,0.6422712721957106
item_FLUCONAZOLE,0.05861752349237606,0.009572249923316371,25,0.2041556091022606,0.03345220669575196,0.287151780987673,0.6422712721957106
item_RENVELA,0.05698846002132362,0.0060165755217144075,25,0.19847807729907313,0.021034095444156672,0.287151780987673,0.6422712721957106
item_NITROGLYCERIN,0.05673729248612738,0.009159752432186268,25,0.1975700366885011,0.03178330553668945,0.287151780987673,0.6422712721957106
item_CLONAZEPAM,0.05648572335683115,0.0098509816588615,25,0.1967215892902997,0.034347576622684985,0.287151780987673,0.6422712721957106
item_POLYETHYLENE GLYCOL 3350,0.05441788662713673,0.006015447445583877,25,0.18947193352825004,0.02057967527310464,0.287151780987673,0.6422712721957106
item_METRONIDAZOLE,0.053821043974373685,0.009136153318015197,25,0.18740510048341316,0.03161022909207153,0.287151780987673,0.6422712721957106
item_LATANOPROST,0.05267906745032572,0.015494801288998484,25,0.18342382867768628,0.053879585087371805,0.287151780987673,0.6422712721957106
item_NAPROXEN,0.050758594835250886,0.008075167462921716,25,0.1768107565258269,0.02839517301827643,0.287151780987673,0.6422712721957106
item_LACTULOSE,0.05073915659659223,0.010813204699598351,25,0.17671137559791397,0.037675620440675475,0.287151780987673,0.6422712721957106
item_DONEPEZIL HYDROCHLORIDE,0.05019919777011383,0.009862571074040507,25,0.1747935688433111,0.03423081237862931,0.287151780987673,0.6422712721957106
item_SYMBICORT,0.05014851593280468,0.009875187352488763,25,0.17462665526208873,0.0343211374165792,0.287151780987673,0.6422712721957106
item_BRILINTA,0.049210445343283095,0.0089870433231008,25,0.17136514835265848,0.031224797152760678,0.287151780987673,0.6422712721957106
item_SUCRALFATE,0.04920742014745212,0.011864432321140527,25,0.17131875922953108,0.041198728850292465,0.287151780987673,0.6422712721957106
item_OLANZAPINE,0.04873791987227955,0.00942256524553109,25,0.16975529765661032,0.03291756116593279,0.287151780987673,0.6422712721957106
item_NYSTATIN,0.04853478492739707,0.00974498977367704,25,0.169079384494935,0.034237832119806334,0.287151780987673,0.6422712721957106
item_LIDOCAINE VISCOUS,0.048063204428719246,0.008539084164636064,25,0.16732385641500724,0.029356578615738545,0.287151780987673,0.6422712721957106
item_MYRBETRIQ,0.047363248360392775,0.00977888836800233,25,0.1649536071728193,0.03406489719687495,0.287151780987673,0.6422712721957106
item_CLONIDINE HYDROCHLORIDE,0.047339034325944496,0.00970372628761534,25,0.1649231738644569,0.034070431644954956,0.287151780987673,0.6422712721957106
item_CALCITRIOL,0.0473316441972507,0.010642581152267483,25,0.16484240831967711,0.03716703415849839,0.287151780987673,0.6422712721957106
item_TRESIBA FLEXTOUCH,0.0470368065972342,0.013030027601075805,25,0.16382630464047043,0.045506628248687904,0.287151780987673,0.6422712721957106
item_MUPIROCIN,0.04693127127930017,0.009285191356486472,25,0.1634450607883182,0.032376888933500186,0.287151780987673,0.6422712721957106
item_CLINDAMYCIN HCL,0.04585765258455691,0.007006736294149753,25,0.15975110677779925,0.0247914367263734,0.287151780987673,0.6422712721957106
item_SPIRONOLACTONE,0.04577982724918008,0.010127350071753633,25,0.15943575896634127,0.035289168996649405,0.287151780987673,0.6422712721957106
item_RISPERIDONE,0.04516664338780869,0.008578173357604682,25,0.15732627333697352,0.030087175684380425,0.287151780987673,0.6422712721957106
item_BREO ELLIPTA,0.04393883960723563,0.013120275641557636,25,0.15306851792551446,0.04576672054029431,0.287151780987673,0.6422712721957106
item_NITROFURANTOIN MACROCRYST,0.0438395741907128,0.008023725695676052,25,0.1526580651557942,0.027844195404820162,0.287151780987673,0.6422712721957106
item_DICLOFENAC SODIUM,0.04331802453566482,0.015108469873828767,25,0.15079886396952044,0.05226502234537767,0.287151780987673,0.6422712721957106
item_BENZONATATE,0.04298768482552407,0.015905504806483603,25,0.1498144008380578,0.0557052458629074,0.287151780987673,0.6422712721957106
item_LANTUS,0.04287479248154309,0.008817246492867152,25,0.14931086713559105,0.03073945812182149,0.287151780987673,0.6422712721957106
item_HYDROCODONE/ACETAMINOPHEN,0.04286615496360985,0.00853265717634881,25,0.1492988036005034,0.029731045270732618,0.287151780987673,0.6422712721957106
item_BUPROPION HYDROCHLORIDE E,0.0424540730538546,0.01020362649525665,25,0.14783308629330608,0.03554150664694213,0.287151780987673,0.6422712721957106
item_PRAVASTATIN SODIUM,0.04242216010214437,0.008363435737120917,25,0.14768943088532901,0.028871138324016412,0.287151780987673,0.6422712721957106
item_ATENOLOL,0.041760407375990266,0.006063316624005913,25,0.1454111773821996,0.02099707904536853,0.287151780987673,0.6422712721957106
item_ESOMEPRAZOLE MAGNESIUM,0.04157170108695064,0.008736420798014063,25,0.14471829570696357,0.030087621249498025,0.287151780987673,0.6422712721957106
item_FLUDROCORTISONE ACETATE,0.0405895517870215,0.007185022925178976,25,0.14135428475536488,0.02501416865141215,0.287151780987673,0.6422712721957106
item_ROPINIROLE HCL,0.04048882867980971,0.00730820649980413,25,0.1410277919406927,0.0256258425117343,0.287151780987673,0.6422712721957106
item_BUSPIRONE HYDROCHLORIDE,0.04007436776326879,0.012114471288882128,25,0.13954846263416953,0.04212128732704176,0.287151780987673,0.6422712721957106
item_OXYBUTYNIN CHLORIDE ER,0.03983243941046186,0.013560647528033204,25,0.13868665252596954,0.04706522677518111,0.287151780987673,0.6422712721957106
item_MONTELUKAST SODIUM,0.03962829269175595,0.010877028258426026,25,0.13796428892933885,0.037657006391442205,0.287151780987673,0.6422712721957106
item_SPIRIVA HANDIHALER,0.03952976816155854,0.008363125051237347,25,0.137697415921663,0.02929418711015703,0.287151780987673,0.6422712721957106
item_PROCHLORPERAZINE MALEATE,0.039076931326583485,0.009979136351432645,25,0.13596560059183604,0.034241482254254205,0.287151780987673,0.6422712721957106
item_METFORMIN HYDROCHLORIDE,0.0386655624669138,0.01050569433240966,25,0.13463191737672933,0.03655152994685182,0.287151780987673,0.6422712721957106
item_CARAFATE,0.03839577410062565,0.007992862334546682,25,0.13366817106483578,0.027625710730122023,0.287151780987673,0.6422712721957106
item_LYRICA,0.03833549569132738,0.007216094483184768,25,0.13348308719487398,0.024980846195801338,0.287151780987673,0.6422712721957106
item_AMLODIPINE BESYLATE/BENAZ,0.03622434730707474,0.005687469402294264,25,0.12616991337897424,0.019932204105015037,0.287151780987673,0.6422712721957106
item_DULOXETINE HCL,0.035994455024801225,0.010175869194177284,25,0.1253241674638217,0.03539045684380521,0.287151780987673,0.6422712721957106
item_SERTRALINE HYDROCHLORIDE,0.03568007885545086,0.008682459490762061,25,0.12426195007112593,0.030262306389574393,0.287151780987673,0.6422712721957106
item_IBUPROFEN,0.03559244842136275,0.010233672152459086,25,0.12394223407575847,0.03554248365640572,0.287151780987673,0.6422712721957106
item_LIDOCAINE/PRILOCAINE,0.03352945035944289,0.006775341734703676,25,0.11676846208276753,0.023634887709189454,0.287151780987673,0.6422712721957106
item_FLECAINIDE ACETATE,0.03337173192733078,0.007898570832388378,25,0.11623062811870492,0.027592740323183335,0.287151780987673,0.6422712721957106
item_DIPHENOXYLATE/ATROPINE,0.033338427972604064,0.006168306358832836,25,0.11613764833244822,0.02171907683350148,0.287151780987673,0.6422712721957106
item_KLOR-CON M20,0.03219797360760906,0.006180920955471685,25,0.11214238675528977,0.02163386350025705,0.287151780987673,0.6422712721957106
item_METOLAZONE,0.03166875760023652,0.007136543325154735,25,0.11026051121293136,0.024748822499958505,0.287151780987673,0.6422712721957106
item_VALSARTAN/HYDROCHLOROTHIA,0.030723292739537826,0.0038826457661866585,25,0.10698440021474787,0.013476505115533595,0.287151780987673,0.6422712721957106
item_HUMALOG KWIKPEN,0.03070257752107121,0.00943011629376167,25,0.10695590041952245,0.03291725626325008,0.287151780987673,0.6422712721957106
item_LAMOTRIGINE,0.030674627314030176,0.010110474869462979,25,0.10683773476575432,0.0352598867112719,0.287151780987673,0.6422712721957106
item_LOSARTAN POTASSIUM,0.030601567531416744,0.01202128686533452,25,0.10656547955827361,0.04184239775768603,0.287151780987673,0.6422712721957106
item_DIVALPROEX SODIUM DR,0.030058354589180724,0.008931115978579445,25,0.10464043452295022,0.03099388647868382,0.287151780987673,0.6422712721957106
item_CITALOPRAM HYDROBROMIDE,0.029760147377142544,0.006970223467705067,25,0.10360120865831522,0.024104284007111013,0.287151780987673,0.6422712721957106
item_TRIAMTERENE/HYDROCHLOROTH,0.02959544074324905,0.0064573253418914595,25,0.10307232617084176,0.022505946345004055,0.287151780987673,0.6422712721957106
item_RANITIDINE HYDROCHLORIDE,0.029592214647186844,0.008826440628635019,25,0.10306132384201319,0.030729861240042095,0.287151780987673,0.6422712721957106
item_ALBUTEROL SULFATE,0.029484334298904496,0.011568544296112503,25,0.10271302177070792,0.04050403838461558,0.287151780987673,0.6422712721957106
item_SOTALOL HCL,0.028766653212529122,0.005928566762521828,25,0.1001720559134053,0.02059637587086436,0.287151780987673,0.6422712721957106
item_SENSIPAR,0.028573162718399665,0.004654235867566704,25,0.09953167273968636,0.016415904986601303,0.287151780987673,0.6422712721957106
item_VIMPAT,0.027659344305577812,0.00629394677030731,25,0.09632868059098844,0.02195388482277757,0.287151780987673,0.6422712721957106
item_VANCOMYCIN HYDROCHLORIDE,0.027385863449744193,0.009957453241262059,25,0.09531230687466664,0.03445336948122066,0.287151780987673,0.6422712721957106
item_FERROUS SULFATE,0.027290617354726744,0.008439459187671675,25,0.09503753028540901,0.0294180664496076,0.287151780987673,0.6422712721957106
item_BASAGLAR KWIKPEN,0.02683060303507121,0.015846564667801214,25,0.09346998230262703,0.0552726648670799,0.287151780987673,0.6422712721957106
item_ERYTHROMYCIN,0.02671345735572028,0.007113137007914599,25,0.09306196580702833,0.025001891454717498,0.287151780987673,0.6422712721957106
item_CLINDAMYCIN HYDROCHLORIDE,0.026349653605150243,0.008295554412982733,25,0.09170405513402204,0.028610922231502824,0.287151780987673,0.6422712721957106
item_DILTIAZEM HYDROCHLORIDE E,0.026066587597403337,0.008483056397009374,25,0.09080186437563836,0.02960508970888822,0.287151780987673,0.6422712721957106
item_BD PEN NEEDLE/NANO/ULTRA,0.02582326379264872,0.007585387802960624,25,0.08989364710928954,0.026236256829842423,0.287151780987673,0.6422712721957106
item_DOXYCYCLINE MONOHYDRATE,0.02542139888064064,0.005321354121404223,25,0.08854746399373097,0.01862962743060326,0.287151780987673,0.6422712721957106
item_ENOXAPARIN SODIUM,0.025400311994819128,0.007779016498724244,25,0.08845316684317302,0.027087595139844316,0.287151780987673,0.6422712721957106
item_RANEXA,0.024144920372456503,0.004791953999062991,25,0.08407009370287717,0.016623606825100955,0.287151780987673,0.6422712721957106
item_BD PEN NEEDLE/MINI/ULTRA-,0.023847667050860194,0.005535787027182823,25,0.08306590680833796,0.019339272412833185,0.287151780987673,0.6422712721957106
item_HUMALOG,0.02352801596949434,0.0071953694443575465,25,0.08199409519252075,0.025297706402484722,0.287151780987673,0.6422712721957106
item_LEVEMIR FLEXTOUCH,0.023091478224761205,0.006438897173538771,25,0.08043305644088891,0.02246072387781783,0.287151780987673,0.6422712721957106
item_BUTALBITAL/ACETAMINOPHEN/,0.022258090045459,0.005456045501617392,25,0.07756597052740467,0.019237045179050033,0.287151780987673,0.6422712721957106
item_RIVASTIGMINE TRANSDERMAL,0.02218624410350213,0.005174383634692494,25,0.077249470287009,0.01794418913344079,0.287151780987673,0.6422712721957106
item_QVAR REDIHALER,0.021950722113848863,0.014476484228732772,25,0.07644553263337983,0.05037035426749583,0.287151780987673,0.6422712721957106
item_ALENDRONATE SODIUM,0.02163221061504368,0.009944444176050327,25,0.07534248664133891,0.034660854905536984,0.287151780987673,0.6422712721957106
item_AMOXICILLIN,0.021162865840018443,0.007183207433807719,25,0.07368655955916925,0.02495695897477425,0.287151780987673,0.6422712721957106
item_BUDESONIDE,0.021125877637708335,0.006222425590438141,25,0.07355988223517668,0.021667617088749605,0.287151780987673,0.6422712721957106
item_NOVOLOG FLEXPEN,0.021071576434221827,0.00897306391057498,25,0.07340936412484493,0.031267869003358276,0.287151780987673,0.6422712721957106
item_XIFAXAN,0.021011196468638377,0.0076493429394405305,25,0.0731569022481558,0.026578524153853568,0.287151780987673,0.6422712721957106
item_FLUOXETINE HYDROCHLORIDE,0.020854648243182637,0.009559374740152272,25,0.0726216362505388,0.03323389148578588,0.287151780987673,0.6422712721957106
item_IPRATROPIUM BROMIDE/ALBUT,0.020826558286140377,0.013060597959376486,25,0.07250666491633893,0.04547847802226384,0.287151780987673,0.6422712721957106
item_SILDENAFIL CITRATE,0.020634671143387937,0.011604135240579749,25,0.07189069548499266,0.040500989888759116,0.287151780987673,0.6422712721957106
item_REVLIMID,0.020628844107856863,0.005359743700565591,25,0.07184362379155894,0.018686664865631412,0.287151780987673,0.6422712721957106
item_DILTIAZEM HCL,0.02019207207316828,0.005691843013972635,25,0.07033492919352342,0.019923723085151612,0.287151780987673,0.6422712721957106
item_FLUOCINONIDE,0.02018570881124041,0.006197166174831541,25,0.07031450267352604,0.021659652324386647,0.287151780987673,0.6422712721957106
item_PROMETHAZINE HYDROCHLORID,0.01989481236526731,0.006106282277214808,25,0.06930762114397258,0.02133442866983794,0.287151780987673,0.6422712721957106
item_PAROXETINE HYDROCHLORIDE,0.019399869287739322,0.006498026563653444,25,0.06759549404183596,0.022718000335335956,0.287151780987673,0.6422712721957106
item_JANUVIA,0.01905792872173308,0.006264113412428034,25,0.06631939326757497,0.02166793344645605,0.287151780987673,0.6422712721957106
item_BACLOFEN,0.018763186045081398,0.008041453979316524,25,0.06532839363827471,0.027938298208590905,0.287151780987673,0.6422712721957106
item_PHENAZOPYRIDINE HCL,0.01869200971731755,0.009143090695872812,25,0.06507191152374114,0.03181442199103726,0.287151780987673,0.6422712721957106
item_ATENOLOL/CHLORTHALIDONE,0.018545082771265597,0.0043628956145379295,25,0.06458627364467132,0.015224709716418464,0.287151780987673,0.6422712721957106
item_LINZESS,0.018154531540310177,0.0067744462980562515,25,0.06321469276481557,0.02358125794790142,0.287151780987673,0.6422712721957106
item_PROSOL,0.018074974750326874,0.006061608871862736,25,0.06289723558109288,0.02094616184535896,0.287151780987673,0.6422712721957106
item_SODIUM CHLORIDE,0.018049505597381083,0.01382266348083959,25,0.06291097938282501,0.04828784755579664,0.287151780987673,0.6422712721957106
item_RALOXIFENE HYDROCHLORIDE,0.018030011391634192,0.007019673958622284,25,0.0627610412749439,0.024378895589108704,0.287151780987673,0.6422712721957106
item_VENLAFAXINE HCL ER,0.01783828519198847,0.006719053318856639,25,0.062117861850718666,0.0233556256242312,0.287151780987673,0.6422712721957106
item_HALOPERIDOL,0.01755515363804299,0.0049860533234174715,25,0.06112756948799473,0.017354227411206388,0.287151780987673,0.6422712721957106
item_LOPERAMIDE HCL,0.017445516690449976,0.006645415018593551,25,0.06077435391348814,0.02319775268188115,0.287151780987673,0.6422712721957106
item_CARBIDOPA/LEVODOPA ER,0.01725537224413768,0.00606188965853319,25,0.060087580321299836,0.021179042378604584,0.287151780987673,0.6422712721957106
item_ATOVAQUONE/PROGUANIL HCL,0.017247485794602092,0.006001178361306853,25,0.060062395537800135,0.020921442182601002,0.287151780987673,0.6422712721957106
item_INCRUSE ELLIPTA,0.017167939709955803,0.005760415923695431,25,0.05981680980017499,0.02018921700929745,0.287151780987673,0.6422712721957106
item_LABETALOL HYDROCHLORIDE,0.017097949473388475,0.00693592102047144,25,0.05953780623441415,0.024127464990245116,0.287151780987673,0.6422712721957106
item_ENTRESTO,0.01693764867291396,0.01243769907280093,25,0.059028732532419435,0.043459775495388944,0.287151780987673,0.6422712721957106
item_IPRATROPIUM BROMIDE,0.01691903912433047,0.006656710086507705,25,0.05892778619427922,0.023170885838661042,0.287151780987673,0.6422712721957106
item_RANITIDINE HCL,0.016845184976826865,0.006790237352414764,25,0.05866201830831901,0.023653829360955673,0.287151780987673,0.6422712721957106
item_CHLORHEXIDINE GLUCONATE,0.01676965328751848,0.00784245046573715,25,0.058377237071293074,0.027250431832028136,0.287151780987673,0.6422712721957106
item_PROMETHAZINE HCL,0.01668646937203392,0.007308227429949455,25,0.058120663808069135,0.02555222603566621,0.287151780987673,0.6422712721957106
item_TRAMADOL HYDROCHLORIDE/AC,0.016621136941224055,0.004336022664832006,25,0.057901391013876945,0.01516225854639659,0.287151780987673,0.6422712721957106
item_IMBRUVICA,0.0165950933511264,0.005451034140676925,25,0.05778605964914803,0.018952966373565357,0.287151780987673,0.6422712721957106
item_FLUOROURACIL,0.016538857426207573,0.006379586684877296,25,0.05755967367482857,0.022058765076257727,0.287151780987673,0.6422712721957106
item_BD INSULIN SYRINGE ULTRA-,0.016355676699580154,0.004268175980921047,25,0.05696744563355709,0.014905857590665119,0.287151780987673,0.6422712721957106
item_FOLIC ACID,0.01574473738059444,0.008096658756550867,25,0.05489127671951215,0.028293378506535433,0.287151780987673,0.6422712721957106
item_ISOSORBIDE DINITRATE,0.015339145677744583,0.007384029672729424,25,0.053414761750073134,0.025675059582434115,0.287151780987673,0.6422712721957106
item_RIVASTIGMINE TARTRATE,0.015027054283128435,0.006599043800296322,25,0.05231767175654902,0.022924170142863822,0.287151780987673,0.6422712721957106
item_NITROGLYCERIN TRANSDERMAL,0.014962816429414652,0.004808852389210745,25,0.05210484863045636,0.016679762051657752,0.287151780987673,0.6422712721957106
item_MELOXICAM,0.014961665403987624,0.00501768587383729,25,0.05209225602381516,0.01741673365124235,0.287151780987673,0.6422712721957106
item_ALLOPURINOL,0.01479541715347539,0.00816303720272826,25,0.05153715743286967,0.0284685270725539,0.287151780987673,0.6422712721957106
item_FLUTICASONE PROPIONATE,0.014749334343496819,0.00640956755587496,25,0.05140996833442741,0.022466244608382546,0.287151780987673,0.6422712721957106
item_METAXALONE,0.014721577182736412,0.007005081282207605,25,0.05124858992286397,0.024313324611039418,0.287151780987673,0.6422712721957106
item_PRADAXA,0.014632697345896416,0.004909329982731602,25,0.050957901325392525,0.017128139073443027,0.287151780987673,0.6422712721957106
item_ROSUVASTATIN CALCIUM,0.014585243028518475,0.009619432602554488,25,0.05079393991733547,0.033487481279370956,0.287151780987673,0.6422712721957106
item_DIGOXIN,0.014178079031023078,0.006242903051516614,25,0.04937432987006795,0.02174905070329078,0.287151780987673,0.6422712721957106
item_GLIMEPIRIDE,0.013832774602081354,0.0064844891963058175,25,0.04816468658055662,0.022589768239899957,0.287151780987673,0.6422712721957106
item_CARTIA XT,0.013728932045918622,0.005009203136611947,25,0.04780941019601241,0.0175127770512042,0.287151780987673,0.6422712721957106
item_HYDRALAZINE HCL,0.013719063562943503,0.0036996722703707768,25,0.04777175771208131,0.012855895811505019,0.287151780987673,0.6422712721957106
item_VALACYCLOVIR HCL,0.013623036529468719,0.005738679147442924,25,0.04745418347324239,0.020038102575586476,0.287151780987673,0.6422712721957106
item_AMANTADINE HCL,0.013558775417642778,0.004983159037449965,25,0.04720422782553833,0.017330047204767985,0.287151780987673,0.6422712721957106
item_ADACEL,0.013543326447768029,0.0029891019499677005,25,0.04718491657187001,0.010529681895503018,0.287151780987673,0.6422712721957106
item_RAMIPRIL,0.013477325895660532,0.004956521297125366,25,0.04691061106752706,0.01719648444149498,0.287151780987673,0.6422712721957106
item_BISOPROLOL FUMARATE/HYDRO,0.012754135920315528,0.007392275845863507,25,0.04442120323657119,0.02573318113855802,0.287151780987673,0.6422712721957106
item_ACETAMINOPHEN/CODEINE PHO,0.012552933674304823,0.003152093951180382,25,0.043709628370171956,0.010987666916288661,0.287151780987673,0.6422712721957106
item_COUMADIN,0.012365526229183774,0.0050301563343181045,25,0.04306646792223871,0.017513223924497223,0.287151780987673,0.6422712721957106
item_DEXILANT,0.0122935149111184,0.004758137262425855,25,0.04280577329969305,0.01654619122236201,0.287151780987673,0.6422712721957106
item_OSELTAMIVIR PHOSPHATE,0.01229000535068261,0.0047841223541534635,25,0.04282198395671074,0.016735029846855244,0.287151780987673,0.6422712721957106
item_BYSTOLIC,0.01196616049001141,0.004646643625579164,25,0.04168884853440684,0.016255235570063482,0.287151780987673,0.6422712721957106
item_ANORO ELLIPTA,0.011938758338465449,0.007158617719827975,25,0.04158075360738956,0.0249020948052295,0.287151780987673,0.6422712721957106
item_POTASSIUM CHLORIDE,0.01183858587308249,0.005952266786408894,25,0.04123786182891747,0.020778873007898928,0.287151780987673,0.6422712721957106
item_FLUOXETINE HCL,0.011751935548203432,0.006465814691817241,25,0.04091636314398543,0.022482755771209614,0.287151780987673,0.6422712721957106
item_CYANOCOBALAMIN,0.011557315886284544,0.009508502992522438,25,0.04020657907266334,0.033037240084651476,0.287151780987673,0.6422712721957106
item_CELECOXIB,0.011535214098332658,0.006032936644876972,25,0.04012623497684229,0.020890366747091525,0.287151780987673,0.6422712721957106
item_NAMZARIC,0.01146205059598679,0.006259898341386648,25,0.039923779567490755,0.021835860563805057,0.287151780987673,0.6422712721957106
item_XTANDI,0.011297392447782703,0.0037464554856944236,25,0.03935107827567988,0.01308748874182945,0.287151780987673,0.6422712721957106
item_GUAIFENESIN/CODEINE,0.011241895327495503,0.008943533672439472,25,0.03915109447261639,0.031087660402771153,0.287151780987673,0.6422712721957106
item_ACETAMINOPHEN,0.011231544627806907,0.010595946553282014,25,0.03912351431389633,0.03690676114009376,0.287151780987673,0.6422712721957106
item_SPIRIVA RESPIMAT,0.011228271143376522,0.006894047079338812,25,0.03913255514383167,0.024100826660942008,0.287151780987673,0.6422712721957106
item_DILTIAZEM HCL ER,0.010786573237371477,0.005785501200641816,25,0.03758882021616142,0.020195448100869852,0.287151780987673,0.6422712721957106
item_METFORMIN HYDROCHLORIDE E,0.0107632450200218,0.008509515658040997,25,0.03750041015857288,0.029672651594272768,0.287151780987673,0.6422712721957106
item_CILOSTAZOL,0.010693735873037373,0.004025121483404627,25,0.037255570815536265,0.014064546781589549,0.287151780987673,0.6422712721957106
item_PROPAFENONE HCL,0.010599178612579321,0.004486859249119238,25,0.036930118877901194,0.015697150359992064,0.287151780987673,0.6422712721957106
item_AMITRIPTYLINE HYDROCHLORI,0.010443278247556986,0.005194561502293309,25,0.0363568053303924,0.018105572161265602,0.287151780987673,0.6422712721957106
item_DOFETILIDE,0.010392626670294216,0.00554557340631543,25,0.03619938585062121,0.01934640615914291,0.287151780987673,0.6422712721957106
item_SEVELAMER CARBONATE,0.009990433885501242,0.008215272325289404,25,0.03476714060287222,0.02858249258350453,0.287151780987673,0.6422712721957106
item_RYTARY,0.009960852918535238,0.0051499065140583064,25,0.034687624843682124,0.01791140311291514,0.287151780987673,0.6422712721957106
item_POLYMYXIN B SULFATE/TRIME,0.009816062621735448,0.004199413126400555,25,0.03417357851125254,0.014562530554536664,0.287151780987673,0.6422712721957106
item_METOCLOPRAMIDE HYDROCHLOR,0.009783512017947962,0.003938871596266499,25,0.034080332517186604,0.013732728349588223,0.287151780987673,0.6422712721957106
item_COLCHICINE,0.009464585639129261,0.006624182661622615,25,0.03298290655734571,0.023117155220592357,0.287151780987673,0.6422712721957106
item_COMBIVENT RESPIMAT,0.00942799038531164,0.003984185830752446,25,0.03281541214009197,0.013802675004321368,0.287151780987673,0.6422712721957106
item_FENTANYL,0.009407326635183318,0.004814181380339794,25,0.032777465189322445,0.01680879368556635,0.287151780987673,0.6422712721957106
item_PHENYTOIN SODIUM EXTENDED,0.00933492725670267,0.005472970947066216,25,0.03248756236620137,0.01902021899130347,0.287151780987673,0.6422712721957106
item_PRIMIDONE,0.009177561101711655,0.006279248514189086,25,0.03194204131141637,0.02181492416340823,0.287151780987673,0.6422712721957106
item_URSODIOL,0.009047577448543285,0.005111806257607114,25,0.03149362971269483,0.01778159346076997,0.287151780987673,0.6422712721957106
item_METHENAMINE HIPPURATE,0.008941613327439708,0.00578070997378914,25,0.031164706587692752,0.020205070081417087,0.287151780987673,0.6422712721957106
item_SODIUM BICARBONATE,0.008892649138665882,0.00550374631727805,25,0.030934215222538558,0.01911257358308832,0.287151780987673,0.6422712721957106
item_MOXIFLOXACIN HYDROCHLORID,0.008866869528332523,0.005521147223909419,25,0.030836802719983486,0.019178764972163236,0.287151780987673,0.6422712721957106
item_DRONABINOL,0.008829850653223451,0.006876185948954073,25,0.030741567394692564,0.023933162971117205,0.287151780987673,0.6422712721957106
item_PROMETHAZINE/CODEINE,0.00872965880567824,0.006050267824025989,25,0.030402023231480807,0.02108623605397598,0.287151780987673,0.6422712721957106
item_TIMOLOL MALEATE,0.008728252665104415,0.006459282941351454,25,0.030415034939765065,0.0225303760093302,0.287151780987673,0.6422712721957106
item_HYDROCORTISONE,0.008601307764316697,0.007135758415450767,25,0.029994812173963138,0.024938218327427097,0.287151780987673,0.6422712721957106
item_BENAZEPRIL HCL/HYDROCHLOR,0.00855165593631042,0.0041846043116164225,25,0.029786480639756835,0.01459594535046597,0.287151780987673,0.6422712721957106
item_ARIPIPRAZOLE,0.008413632068740589,0.0050965919857162085,25,0.02932056766192651,0.017798324586180126,0.287151780987673,0.6422712721957106
item_METOCLOPRAMIDE HCL,0.008379239055261122,0.004682015928131225,25,0.02916705817673358,0.01628785866956986,0.287151780987673,0.6422712721957106
item_ASPIRIN/DIPYRIDAMOLE,0.008364349221021567,0.003460303378424573,25,0.029115332372625216,0.01198911652451935,0.287151780987673,0.6422712721957106
item_DOXEPIN HCL,0.008299529492018256,0.004476205454505682,25,0.028922020651718446,0.015619302719176359,0.287151780987673,0.6422712721957106
item_VITAMIN D,0.008148927888030682,0.007300292095583633,25,0.028382662735311287,0.025421044927595903,0.287151780987673,0.6422712721957106
item_AMLODIPINE BESYLATE/VALSA,0.008114690258082476,0.005053076989854266,25,0.028237739910249936,0.01753742110069476,0.287151780987673,0.6422712721957106
item_HUMALOG MIX 75/25 KWIKPEN,0.008062228184931398,0.002445121158476589,25,0.028075423386196022,0.008511258885815167,0.287151780987673,0.6422712721957106
item_PRAMIPEXOLE DIHYDROCHLORI,0.007982229657878079,0.0053334577598345674,25,0.027785125861817184,0.0185736027002799,0.287151780987673,0.6422712721957106
item_ZOLPIDEM TARTRATE,0.007971739227312662,0.005664723374051767,25,0.0277691315727436,0.019740322561242918,0.287151780987673,0.6422712721957106
item_CREON,0.007883683623070226,0.005821164791515039,25,0.02746437975081316,0.020284653545656665,0.287151780987673,0.6422712721957106
item_CLONIDINE HCL,0.00788018297828705,0.004136371459447025,25,0.027447429941868915,0.014412284884378162,0.287151780987673,0.6422712721957106
item_ACYCLOVIR,0.007792634534343301,0.005582568032630888,25,0.027131269583339127,0.01943911912639789,0.287151780987673,0.6422712721957106
item_DALIRESP,0.007778949131508779,0.0060121643697193345,25,0.027100527224808647,0.0210031165969213,0.287151780987673,0.6422712721957106
item_TIZANIDINE HYDROCHLORIDE,0.007763158312462794,0.004947457672106375,25,0.02700027384003421,0.017172336985882226,0.287151780987673,0.6422712721957106
item_AMITRIPTYLINE HCL,0.0077058696015177884,0.004239827922835234,25,0.02683692647895467,0.01474813889858535,0.287151780987673,0.6422712721957106
item_COLCRYS,0.007638459414326559,0.004667520612523342,25,0.026622391910387573,0.016301706303441084,0.287151780987673,0.6422712721957106
item_MORPHINE SULFATE,0.007594059408892855,0.003624307714765101,25,0.02645458293739825,0.012632701856558798,0.287151780987673,0.6422712721957106
item_JANTOVEN,0.0075284134734446865,0.003283976925367472,25,0.026225254118211572,0.011492455073969171,0.287151780987673,0.6422712721957106
item_ESTRADIOL,0.007469850275749514,0.0059451584594494376,25,0.02596995377111771,0.02064125789449283,0.287151780987673,0.6422712721957106
item_LANSOPRAZOLE,0.007417467073027816,0.0033016777285952053,25,0.025828580268353694,0.011483501284927882,0.287151780987673,0.6422712721957106
item_TERAZOSIN HCL,0.007406356047334362,0.006378479932443347,25,0.025762589326851187,0.022143516120123344,0.287151780987673,0.6422712721957106
item_BRIMONIDINE TARTRATE,0.007239106243306235,0.004401739844994695,25,0.025218753336881172,0.015332810082391195,0.287151780987673,0.6422712721957106
item_TRIMETHOPRIM,0.007041949433997349,0.003894464795345547,25,0.02450929968557858,0.013546849302377704,0.287151780987673,0.6422712721957106
item_LEVEMIR,0.006999214706077145,0.0044925981907596784,25,0.024380482212941406,0.015674299201021164,0.287151780987673,0.6422712721957106
item_LIOTHYRONINE SODIUM,0.006986096395237864,0.005088342062152124,25,0.02432703100021061,0.0177481789008794,0.287151780987673,0.6422712721957106
item_JAKAFI,0.006967299780835845,0.004752611438416726,25,0.02426126725598792,0.016545610248343598,0.287151780987673,0.6422712721957106
item_HYDROXYCHLOROQUINE SULFAT,0.006966167896568716,0.00539934436492306,25,0.02427484951370968,0.018849704202490162,0.287151780987673,0.6422712721957106
item_DIVALPROEX SODIUM ER,0.006563055439425654,0.004350091961347723,25,0.022853480355670856,0.015182518647721367,0.287151780987673,0.6422712721957106
item_PREDNISOLONE ACETATE,0.00653906138316396,0.004605102010195107,25,0.02275679726955927,0.016021834886645804,0.287151780987673,0.6422712721957106
item_CHOLESTYRAMINE,0.006525149187988339,0.00452846508241989,25,0.022738348370576086,0.0157957551815586,0.287151780987673,0.6422712721957106
item_GAVILYTE-C,0.006519338767273381,0.0033300831565037567,25,0.022676365293158873,0.011526678908214705,0.287151780987673,0.6422712721957106
item_MORPHINE SULFATE ER,0.006506129685766363,0.00468674123181408,25,0.02267827698615152,0.01637548923990346,0.287151780987673,0.6422712721957106
item_TRULICITY,0.006405184154667441,0.009008519130141035,25,0.022349224673797345,0.03145063893563557,0.287151780987673,0.6422712721957106
item_ADVAIR HFA,0.006259281407045314,0.005209912033031515,25,0.0218024207001107,0.018149381348747187,0.287151780987673,0.6422712721957106
item_EZETIMIBE,0.006231474000136047,0.0062116249230548355,25,0.021722529513455484,0.021669354300194777,0.287151780987673,0.6422712721957106
item_FINASTERIDE,0.006224746523786312,0.0035735030591879575,25,0.02167926345627722,0.012478282761942898,0.287151780987673,0.6422712721957106
item_SANTYL,0.006101956107842147,0.002961647613136935,25,0.021249023257251823,0.010324614990464465,0.287151780987673,0.6422712721957106
item_PHENOBARBITAL,0.006067948261755554,0.004409989190632006,25,0.02113616770105831,0.015344183572137488,0.287151780987673,0.6422712721957106
item_STIOLTO RESPIMAT,0.006054662657767025,0.004939196682725501,25,0.02109440061820227,0.017233714496207427,0.287151780987673,0.6422712721957106
item_AMITIZA,0.005989708126815029,0.0037197878516704516,25,0.020864598735226707,0.012955812353185969,0.287151780987673,0.6422712721957106
item_VALPROIC ACID,0.005896428332665727,0.004550632274609864,25,0.020507930859032856,0.01579238917891816,0.287151780987673,0.6422712721957106
item_PNEUMOVAX 23,0.00587014760126307,0.008127740522301738,25,0.02046750643486585,0.02838786922188712,0.287151780987673,0.6422712721957106
item_HYDROCODONE POLISTIREX/CH,0.005817636536205464,0.007360608860627523,25,0.02026626014742581,0.02564627676454444,0.287151780987673,0.6422712721957106
item_GEMFIBROZIL,0.005813496451489183,0.003558757476387332,25,0.02024794000828865,0.01242006912454535,0.287151780987673,0.6422712721957106
item_HYDROXYZINE PAMOATE,0.005749295691900628,0.004669025429679996,25,0.020030206740230354,0.016276479852519034,0.287151780987673,0.6422712721957106
item_CLARITHROMYCIN,0.005735340034507034,0.0028519201246747757,25,0.019976216428839906,0.00994167326952602,0.287151780987673,0.6422712721957106
item_HYDROXYUREA,0.00570405215143714,0.0041494429512839,25,0.01986327983449624,0.014459345412941246,0.287151780987673,0.6422712721957106
item_FLUCELVAX QUADRIVALENT 20,0.005585193008276149,0.008350318205413999,25,0.019442451831262034,0.029036608466789644,0.287151780987673,0.6422712721957106
item_CONTOUR NEXT BLOOD GLUCOS,0.005527628649304566,0.005763257396163109,25,0.01926241583124245,0.02011833513008871,0.287151780987673,0.6422712721957106
item_OXYBUTYNIN CHLORIDE,0.005496987782928202,0.003986662185316453,25,0.01916656322030157,0.013950449743877977,0.287151780987673,0.6422712721957106
item_BD PEN NEEDLE/SHORT/ULTRA,0.005453659206157361,0.004363086583203939,25,0.018976557795591063,0.015127499092650374,0.287151780987673,0.6422712721957106
item_BD SWABS SINGLE USE,0.005378653808745319,0.004588994540656784,25,0.018731613843822267,0.015990731082768293,0.287151780987673,0.6422712721957106
item_SODIUM POLYSTYRENE SULFON,0.005366477503591946,0.0058467419969765655,25,0.01871019255237313,0.02040718740353945,0.287151780987673,0.6422712721957106
item_PAROXETINE HCL,0.005339746459197747,0.004722251658982935,25,0.018579873976442774,0.016436655520071217,0.287151780987673,0.6422712721957106
item_SYNTHROID,0.005329921766047496,0.004748973166076037,25,0.01859538302902596,0.016629547222851225,0.287151780987673,0.6422712721957106
item_FLUZONE HIGH-DOSE PF 2018,0.005319833784126992,0.002106292156229927,25,0.018531428507867403,0.00734855012618449,0.287151780987673,0.6422712721957106
item_TIZANIDINE HCL,0.005265499562237266,0.004800261621933948,25,0.018341886691107177,0.01670777616332799,0.287151780987673,0.6422712721957106
item_TOLTERODINE TARTRATE ER,0.005199624984620725,0.00382188940206305,25,0.018086558977550224,0.013265266109505968,0.287151780987673,0.6422712721957106
item_KLOR-CON M10,0.0051801041177797855,0.0030365984022775413,25,0.018052611943935495,0.010587379188897995,0.287151780987673,0.6422712721957106
item_VITAMIN D3,0.004925769711632958,0.0034582705267435093,25,0.017168490251509412,0.012052100526988609,0.287151780987673,0.6422712721957106
item_LETROZOLE,0.004924072465297386,0.003199189758896368,25,0.017159727706768317,0.011160308843265593,0.287151780987673,0.6422712721957106
item_LEVETIRACETAM ER,0.004905568525718849,0.003922669230005748,25,0.017077012057255547,0.013643516732254396,0.287151780987673,0.6422712721957106
item_IBRANCE,0.004878694856599022,0.0022397942767611125,25,0.0169874220468476,0.007775411215972928,0.287151780987673,0.6422712721957106
item_ENALAPRIL MALEATE,0.004841649956846238,0.004557772420285776,25,0.01687012897241883,0.015900455882269234,0.287151780987673,0.6422712721957106
item_ADVAIR DISKUS,0.004818488304609064,0.003295140360965615,25,0.016786794125466513,0.011489388502801012,0.287151780987673,0.6422712721957106
item_FREESTYLE LITE TEST STRIP,0.00479808722162875,0.006074985021742577,25,0.016734568098178478,0.021209372108832652,0.287151780987673,0.6422712721957106
item_KETOCONAZOLE,0.004675625973578865,0.004471351006870778,25,0.016279862350495874,0.015583760096011399,0.287151780987673,0.6422712721957106
item_AQUALANCE LANCETS UL,0.00467552257095976,0.004714602235942367,25,0.016271059320851666,0.016423098824110083,0.287151780987673,0.6422712721957106
item_CHLORTHALIDONE,0.004643605816452906,0.004021184681247422,25,0.016175850322976883,0.014004914074835352,0.287151780987673,0.6422712721957106
item_FEROSUL,0.0046414149585335554,0.005437873819642183,25,0.016160661475844825,0.018943491429813577,0.287151780987673,0.6422712721957106
item_VERAPAMIL HCL,0.0046245129648564585,0.0029902743294105303,25,0.016093490736216978,0.01038138621429098,0.287151780987673,0.6422712721957106
item_GLIPIZIDE ER,0.004612123686679,0.004158131920647655,25,0.016082312342989062,0.01450999037935338,0.287151780987673,0.6422712721957106
item_TRIAMCINOLONE ACETONIDE,0.004588795219228561,0.004498482193873114,25,0.015978674199406316,0.01567706153259795,0.287151780987673,0.6422712721957106
item_EPINEPHRINE,0.004555931505010982,0.006290853561967588,25,0.015868392285237926,0.02191296330732021,0.287151780987673,0.6422712721957106
item_PROCRIT,0.004448274763892751,0.0029719111909977556,25,0.015490683755363999,0.01035139265934777,0.287151780987673,0.6422712721957106
item_CONTOUR BLOOD GLUCOSE TES,0.004432448801137127,0.006892810679388441,25,0.01543808070305269,0.02400258395719163,0.287151780987673,0.6422712721957106
item_VALACYCLOVIR HYDROCHLORID,0.004346954499021505,0.00374272409944846,25,0.015124191846578712,0.012994534841003887,0.287151780987673,0.6422712721957106
item_COLESEVELAM HYDROCHLORIDE,0.004346448785282567,0.009008917223705577,25,0.015127383038707705,0.03134237203771152,0.287151780987673,0.6422712721957106
item_VESICARE,0.004303394431986033,0.001998452202758543,25,0.01498344001180233,0.006937861398403511,0.287151780987673,0.6422712721957106
item_MAGNESIUM OXIDE,0.004247754876249527,0.0041729578666990464,25,0.014792236907748548,0.014514824012585312,0.287151780987673,0.6422712721957106
item_MODAFINIL,0.004006116601133569,0.0033188791459785555,25,0.013935815798861894,0.011525176065709629,0.287151780987673,0.6422712721957106
item_CETIRIZINE HYDROCHLORIDE,0.00399314918359416,0.00513405453246275,25,0.013943196017652405,0.017977300947231246,0.287151780987673,0.6422712721957106
item_TOPIRAMATE,0.003982830077671688,0.004413034008720696,25,0.01389215400921529,0.015408032172534005,0.287151780987673,0.6422712721957106
item_CHERATUSSIN AC,0.003925832595121346,0.002672310403399286,25,0.013678604487289697,0.009317924729852286,0.287151780987673,0.6422712721957106
item_CEFTRIAXONE SODIUM,0.003857202511564458,0.003969734217943959,25,0.013412555862260611,0.013796252487624016,0.287151780987673,0.6422712721957106
item_MULTAQ,0.003852839032605062,0.003496032255530904,25,0.013417435653750276,0.01216524960905946,0.287151780987673,0.6422712721957106
item_ONETOUCH DELICA LANCETS F,0.00381628907824263,0.00511044545638225,25,0.0133110269436516,0.017850408622721727,0.287151780987673,0.6422712721957106
item_CLOTRIMAZOLE,0.0038011716430673827,0.002996459691118564,25,0.013228840707680024,0.010418708127388859,0.287151780987673,0.6422712721957106
item_NEXIUM,0.0037499284654940483,0.0014851959762140873,25,0.013069666161316225,0.005209196456109548,0.287151780987673,0.6422712721957106
item_NORTRIPTYLINE HYDROCHLORI,0.003736896293952247,0.0026253761034167036,25,0.013016900103035389,0.009138494561157022,0.287151780987673,0.6422712721957106
item_MEDROXYPROGESTERONE ACETA,0.0037142281727387512,0.0031097614852834605,25,0.012946385851817475,0.01085317855522902,0.287151780987673,0.6422712721957106
item_Unknown,0.003703274730441658,0.005949668268479776,25,0.01288754039559293,0.020700126922442354,0.287151780987673,0.6422712721957106
item_POTASSIUM CHLORIDE CR,0.0035869026909298974,0.0026924469236858446,25,0.012491092542064946,0.009387382949038158,0.287151780987673,0.6422712721957106
item_GENTAMICIN SULFATE,0.003536988433917605,0.0026907914973650256,25,0.0123041371120186,0.009345172378818347,0.287151780987673,0.6422712721957106
item_AURYXIA,0.0035251507355058653,0.005239710493790047,25,0.012309124558448771,0.018339204382034797,0.287151780987673,0.6422712721957106
item_NOVOLOG MIX 70/30 PREFILL,0.003521314231670706,0.0043716460838558475,25,0.01227836417807203,0.015273474811987684,0.287151780987673,0.6422712721957106
item_DIGOX,0.003508369981104054,0.0023911459076556155,25,0.012215598296499269,0.008315866013480552,0.287151780987673,0.6422712721957106
item_TACROLIMUS,0.003441898576088767,0.0033873711347698655,25,0.011997242803333306,0.011811580625918415,0.287151780987673,0.6422712721957106
item_HUMIRA PEN,0.0034308619484801533,0.0032482634914464256,25,0.011925082410980923,0.011278188206361913,0.287151780987673,0.6422712721957106
item_VITAMIN D-1000,0.003414763839071213,0.004023710692820447,25,0.01186605228138126,0.013952759506662008,0.287151780987673,0.6422712721957106
item_KLOR-CON 10,0.0033986932752440506,0.0027015144423033588,25,0.011835016284264683,0.009415147256438737,0.287151780987673,0.6422712721957106
item_CARBIDOPA/LEVODOPA/ENTACA,0.0033479058775357355,0.0025229137866507384,25,0.011667483801682752,0.008791316569726908,0.287151780987673,0.6422712721957106
item_OXYCONTIN,0.003332215832934072,0.004482702734056879,25,0.011613574699421004,0.015685372647671822,0.287151780987673,0.6422712721957106
item_AFINITOR,0.0032680860666634702,0.0015625562200750557,25,0.011378564158308685,0.00543098890757775,0.287151780987673,0.6422712721957106
item_PROPAFENONE HYDROCHLORIDE,0.003244773280663616,0.0023909223255889197,25,0.011293301125778215,0.008314834343838439,0.287151780987673,0.6422712721957106
item_ROPINIROLE HYDROCHLORIDE,0.0032003216765466836,0.0029885622271902204,25,0.011131708442622703,0.010380889137647934,0.287151780987673,0.6422712721957106
item_DOCUSATE SODIUM,0.003168620691212941,0.0054487459643175595,25,0.011052421216592327,0.018998775160040667,0.287151780987673,0.6422712721957106
item_VALSARTAN,0.0031633845555136754,0.0025124605053096667,25,0.010998083528915853,0.008718141342614298,0.287151780987673,0.6422712721957106
item_OFLOXACIN,0.0031539126865112173,0.0027927711352897467,25,0.010978809218115816,0.009709239712194001,0.287151780987673,0.6422712721957106
item_VELTASSA,0.003148556421316881,0.004502024478822254,25,0.010944799765264532,0.015634521035270722,0.287151780987673,0.6422712721957106
item_GLIPIZIDE,0.003142889803935245,0.003311349599717701,25,0.010926370316322171,0.011495596897048632,0.287151780987673,0.6422712721957106
item_NABUMETONE,0.0031318806717464125,0.002986238557795882,25,0.010897096749713073,0.010379649523279008,0.287151780987673,0.6422712721957106
item_NOVOLOG,0.003089844243594746,0.0028115254244041672,25,0.010752566437326538,0.009767816260834604,0.287151780987673,0.6422712721957106
item_CHLORPROMAZINE HCL,0.00305820616270984,0.0017454828233111229,25,0.010650099735513669,0.006092516718693093,0.287151780987673,0.6422712721957106
item_BEVESPI AEROSPHERE,0.0030523250910047405,0.004198410822621542,25,0.010624302731762368,0.01460222634369655,0.287151780987673,0.6422712721957106
item_AZELASTINE HYDROCHLORIDE,0.0030303091649581094,0.003071623877197392,25,0.010562294990397044,0.010710807671922735,0.287151780987673,0.6422712721957106
item_ANUCORT-HC,0.002963431500590236,0.002587122666189326,25,0.010319871832383119,0.009029370033083094,0.287151780987673,0.6422712721957106
item_METHYLPREDNISOLONE,0.002959125526540657,0.003636310826718426,25,0.010316598931543504,0.012680413495350666,0.287151780987673,0.6422712721957106
item_NYAMYC,0.0029253170534092976,0.003258549835518532,25,0.010169938442505952,0.011306564274015102,0.287151780987673,0.6422712721957106
item_NIFEDIPINE ER,0.0029102746715722414,0.002810602950262792,25,0.010138338005031578,0.009798663717733348,0.287151780987673,0.6422712721957106
item_NITRO-BID,0.002801346454311055,0.0035610647587712174,25,0.009729792621956338,0.01235340956587814,0.287151780987673,0.6422712721957106
item_CLOBETASOL PROPIONATE,0.002774090924402407,0.0030221500967573126,25,0.009638012187185853,0.010463461488492455,0.287151780987673,0.6422712721957106
item_FENOFIBRATE,0.0026465785397577755,0.0027650836481390795,25,0.009213139262846637,0.009631748132397143,0.287151780987673,0.6422712721957106
item_GALANTAMINE HYDROBROMIDE,0.0026307228038306885,0.0019669105544235853,25,0.009165603915155265,0.00684871470635433,0.287151780987673,0.6422712721957106
item_TETRACYCLINE HYDROCHLORID,0.0026238624384619757,0.002490917348035177,25,0.009143513452323209,0.008693041554534195,0.287151780987673,0.6422712721957106
item_ATROVENT HFA,0.0025990760231448264,0.0022423225397451467,25,0.009051784340878794,0.007808304829333978,0.287151780987673,0.6422712721957106
item_CLOTRIMAZOLE/BETAMETHASON,0.002552090880043722,0.00285251252189344,25,0.008894337375719518,0.00993928765654357,0.287151780987673,0.6422712721957106
item_FOSINOPRIL SODIUM,0.0025519701110721673,0.002393605953182176,25,0.008899246657297598,0.008344277958000438,0.287151780987673,0.6422712721957106
item_CALCIUM/VITAMIN D,0.0025410962600309144,0.003151163817828197,25,0.008863939006266008,0.011004920613169381,0.287151780987673,0.6422712721957106
item_BENZTROPINE MESYLATE,0.0025377164859443652,0.0026391389046832815,25,0.008843591944192647,0.009190774658050868,0.287151780987673,0.6422712721957106
item_IBU,0.0025360413992069402,0.003234914497756819,25,0.008824181340285321,0.011249957162451784,0.287151780987673,0.6422712721957106
item_NYSTOP,0.0025359343510420714,0.0026952369848374834,25,0.008836747877407642,0.00939950056377243,0.287151780987673,0.6422712721957106
item_ONETOUCH ULTRA,0.0025334030440867543,0.003778666911804929,25,0.008820866815591381,0.013139841511965207,0.287151780987673,0.6422712721957106
item_BOOSTRIX,0.0025198415087123323,0.0037521932682440594,25,0.008778716577131486,0.013068948525479282,0.287151780987673,0.6422712721957106
item_RISPERDAL CONSTA,0.0024895918780202947,0.003274935062815672,25,0.008667519479586544,0.011401640976441967,0.287151780987673,0.6422712721957106
item_VIIBRYD,0.00248615890773441,0.0031100997336603806,25,0.008665527867819201,0.010840670164201883,0.287151780987673,0.6422712721957106
item_PRASUGREL,0.002468514222689112,0.003313384684282751,25,0.008589529450679671,0.01153722961188106,0.287151780987673,0.6422712721957106
item_GLYCOPYRROLATE,0.002459561713663807,0.003645985384746171,25,0.008578808766606487,0.012728320679604992,0.287151780987673,0.6422712721957106
item_D3-50,0.0024517589189771037,0.005845554031783935,25,0.008510587390588565,0.02029322502296602,0.287151780987673,0.6422712721957106
item_SSD,0.002451596783388673,0.0026160312001428233,25,0.008531398339281076,0.00907419986197985,0.287151780987673,0.6422712721957106
item_OLMESARTAN MEDOXOMIL,0.0024473531825412714,0.005040786973090465,25,0.00850830553778795,0.017464546025129913,0.287151780987673,0.6422712721957106
item_QUINAPRIL HCL,0.0024169813540024527,0.0025205285796690326,25,0.008405835960452305,0.008743284878589046,0.287151780987673,0.6422712721957106
item_VOTRIENT,0.002412830618916149,0.0012981581322728372,25,0.008400865092099273,0.004515713714582118,0.287151780987673,0.6422712721957106
item_QUINAPRIL/HYDROCHLOROTHIA,0.002351021345775515,0.00287755263965074,25,0.008168035725376931,0.00996708911623862,0.287151780987673,0.6422712721957106
item_BETHANECHOL CHLORIDE,0.0023502648362714058,0.003839813618282336,25,0.008176995840202464,0.013359699110215664,0.287151780987673,0.6422712721957106
item_EXEMESTANE,0.0023051870825443236,0.0018845114591466477,25,0.008014298051424968,0.006538454443995673,0.287151780987673,0.6422712721957106
item_TIMOLOL MALEATE OPHTHALMI,0.002282794771351187,0.0026943123870196164,25,0.007946129938206925,0.009393999723590863,0.287151780987673,0.6422712721957106
item_METHOTREXATE,0.002278504518290002,0.0026571823313164666,25,0.007940915287401276,0.009243904562148334,0.287151780987673,0.6422712721957106
item_GLYBURIDE,0.0022765472288776,0.0026085457137513435,25,0.007917651674846184,0.009060041560623637,0.287151780987673,0.6422712721957106
item_NEOMYCIN/POLYMYXIN/HYDROC,0.0022676132008388385,0.0027331598174555865,25,0.00790837072017125,0.009543743335263612,0.287151780987673,0.6422712721957106
item_CIPROFLOXACIN HCL,0.0022514287999810933,0.002302052974355228,25,0.007824322871048424,0.007985160990385294,0.287151780987673,0.6422712721957106
item_TOUJEO SOLOSTAR,0.0021829749980256928,0.0025591288686222613,25,0.0076045211436529285,0.008905008217604354,0.287151780987673,0.6422712721957106
item_DOXAZOSIN MESYLATE,0.00217326300763466,0.001845542931910048,25,0.007574971070506939,0.006458593946470738,0.287151780987673,0.6422712721957106
item_LORATADINE,0.002150596909157119,0.002676188454518281,25,0.007478268934400969,0.009289805975892936,0.287151780987673,0.6422712721957106
item_OXCARBAZEPINE,0.002147868916096941,0.002703195970094689,25,0.007487697910641782,0.009432801363491505,0.287151780987673,0.6422712721957106
item_LUMIGAN,0.00214554367297812,0.0023121150205161283,25,0.007473302785843504,0.008039370165783084,0.287151780987673,0.6422712721957106
item_JANUMET,0.0021286473369080635,0.0028637160024190585,25,0.007399191726777975,0.009968958267085305,0.287151780987673,0.6422712721957106
item_ASPIRIN,0.0021282748938327356,0.002046076363765772,25,0.007422594360166576,0.00713978824836215,0.287151780987673,0.6422712721957106
item_DICLOFENAC SODIUM DR,0.002108780386243542,0.0018649416995042143,25,0.007346888013392669,0.006501773748010177,0.287151780987673,0.6422712721957106
item_LEFLUNOMIDE,0.002096295252338588,0.0023830457839941525,25,0.007302173071057155,0.008311324306220499,0.287151780987673,0.6422712721957106
item_ANASTROZOLE,0.0020831441058988044,0.0031487419194369966,25,0.007269017115887169,0.011020371276106876,0.287151780987673,0.6422712721957106
item_TRAMADOL HCL ER,0.002074477333828087,0.002707437356298118,25,0.007231720513556059,0.009443130219312016,0.287151780987673,0.6422712721957106
item_PROCTOZONE-HC,0.0020537616826002397,0.003112804102190621,25,0.007174434380970076,0.010898183398194443,0.287151780987673,0.6422712721957106
item_WELCHOL,0.0020486752196693884,0.007977637019645883,25,0.0071371153647972726,0.02779382044121996,0.287151780987673,0.6422712721957106
item_NUPLAZID,0.00204282917496261,0.0031572222848847862,25,0.007106746006678917,0.010984188167094313,0.287151780987673,0.6422712721957106
item_TROSPIUM CHLORIDE,0.002042538293980426,0.0022668888191189973,25,0.00712173333452773,0.007924851795771907,0.287151780987673,0.6422712721957106
item_EPINASTINE HCL,0.0020298983268100946,0.0029702548837998374,25,0.007064350588491155,0.010332329799067619,0.287151780987673,0.6422712721957106
item_ROBAFEN,0.0020039653633940153,0.001956645998934121,25,0.006983320781965262,0.006828834782983053,0.287151780987673,0.6422712721957106
item_RISEDRONATE SODIUM,0.0020036186107486886,0.0026158954548152523,25,0.006966974456271916,0.009090559861372083,0.287151780987673,0.6422712721957106
item_CHLORDIAZEPOXIDE HCL,0.0019949934094702156,0.0024374809998419906,25,0.006953388245822578,0.008505455676975304,0.287151780987673,0.6422712721957106
item_DICLOFENAC SODIUM ER,0.0019857453521911913,0.0030494290810511313,25,0.0069028222652864225,0.010591941528275044,0.287151780987673,0.6422712721957106
item_BUTRANS,0.0019837808289053646,0.0019200490490210243,25,0.006906512848678701,0.006668855820230997,0.287151780987673,0.6422712721957106
item_ACCU-CHEK AVIVA,0.001979225834970424,0.0024417935280689456,25,0.006910052152599246,0.008522538423918835,0.287151780987673,0.6422712721957106
item_IMIPRAMINE HCL,0.0019077048577245833,0.0022188159362287684,25,0.0066527686706013625,0.007748055303695949,0.287151780987673,0.6422712721957106
item_PREVIDENT 5000 SENSITIVE,0.0019070963769639508,0.0032680280727258523,25,0.006642558180026711,0.011391005921801988,0.287151780987673,0.6422712721957106
item_ESZOPICLONE,0.0018842158394310334,0.002606899605284203,25,0.0065747126358375796,0.009101929300569161,0.287151780987673,0.6422712721957106
item_HUMULIN 70/30,0.0018800443536787386,0.0021370290190104503,25,0.0065453396167808,0.007453805135741758,0.287151780987673,0.6422712721957106
item_NARCAN,0.0018631040670946365,0.003074911647074537,25,0.0064884784376852914,0.010694942330760447,0.287151780987673,0.6422712721957106
item_ESBRIET,0.0018600695331824782,0.0031957575817485023,25,0.006477572631957409,0.011125430338257743,0.287151780987673,0.6422712721957106
item_NITROSTAT,0.0018493155728282662,0.0005283848328092889,25,0.0064378805263615516,0.0018269357196870526,0.287151780987673,0.6422712721957106
item_HYDROCORTISONE ACETATE/PR,0.0018364714572010376,0.003672310868379734,25,0.006389108742439376,0.012734362116729748,0.287151780987673,0.6422712721957106
item_AEROCHAMBER Z-STAT PLUS/F,0.001813427008356287,0.002486590098966434,25,0.006309247688012838,0.008639072838444714,0.287151780987673,0.6422712721957106
item_MAPAP,0.0018045100361289523,0.0016994575359383876,25,0.0062762032770218214,0.00589381214241782,0.287151780987673,0.6422712721957106
item_VERAPAMIL HCL ER,0.001796906282285622,0.0023159004570944192,25,0.006249150106311747,0.008033028720774105,0.287151780987673,0.6422712721957106
item_BACITRACIN/POLYMYXIN B,0.0017847027649955266,0.002123798496152101,25,0.0062178916169797005,0.0074064349087848615,0.287151780987673,0.6422712721957106
item_HYOSCYAMINE SULFATE,0.001768744498052226,0.0030554641895825536,25,0.006160084333705985,0.010627865723603162,0.287151780987673,0.6422712721957106
item_THEOPHYLLINE ER,0.0017642101395260526,0.0020917710022544922,25,0.006150780797862573,0.0073006863120121356,0.287151780987673,0.6422712721957106
item_ONETOUCH VERIO TEST STRIP,0.0017636785161094406,0.002961879962431761,25,0.006120840147239476,0.01026405500672653,0.287151780987673,0.6422712721957106
item_HYDROCORTISONE ACETATE,0.0017632191709051684,0.0030605561367902543,25,0.0061484122053201695,0.010649705040320862,0.287151780987673,0.6422712721957106
item_BENAZEPRIL HYDROCHLORIDE,0.0017486743288798756,0.0032574392369290137,25,0.006075688827782106,0.011289772909389593,0.287151780987673,0.6422712721957106
item_PERMETHRIN,0.0016840402621432916,0.002395599563600574,25,0.005867815107023574,0.008343266758747123,0.287151780987673,0.6422712721957106
item_BETAMETHASONE DIPROPIONAT,0.0016820336921283064,0.0025318664090724823,25,0.005856880408150511,0.008805998780242616,0.287151780987673,0.6422712721957106
item_CARBAMAZEPINE,0.0016327201034733246,0.0032880962435157188,25,0.005695968153325424,0.011498457996422714,0.287151780987673,0.6422712721957106
item_MOMETASONE FUROATE,0.001617767092273541,0.0022303232236069496,25,0.0056351904500453395,0.00775542799635408,0.287151780987673,0.6422712721957106
item_KETOROLAC TROMETHAMINE,0.0016162091338425644,0.0027861685193488702,25,0.0056352965950919095,0.009724845345592651,0.287151780987673,0.6422712721957106
item_OMEGA-3-ACID ETHYL ESTERS,0.0016003540091579914,0.0027294291876243573,25,0.005569425552199159,0.009501231600246907,0.287151780987673,0.6422712721957106
item_FAMCICLOVIR,0.0015954230332623249,0.0020133348517562244,25,0.005540149449180041,0.006979760371805109,0.287151780987673,0.6422712721957106
item_MUCINEX,0.0015847124580296885,0.002003409543421146,25,0.005516997037715877,0.006983175991820908,0.287151780987673,0.6422712721957106
item_DESMOPRESSIN ACETATE,0.001583567886311412,0.002410705211558451,25,0.005497326417872012,0.008349331511899904,0.287151780987673,0.6422712721957106
item_CAPECITABINE,0.0015564984010633873,0.0022889186746318014,25,0.005408489014229563,0.007935134160441868,0.287151780987673,0.6422712721957106
item_DESVENLAFAXINE ER,0.0015509648632858653,0.003140585612503994,25,0.005383746746374235,0.010881946935061958,0.287151780987673,0.6422712721957106
item_COMBIGAN,0.001542261470778368,0.002435839174645847,25,0.005369924319404207,0.008488720541318842,0.287151780987673,0.6422712721957106
item_ACCU-CHEK COMPACT PLUS,0.0015396552078406317,0.0037312747986653046,25,0.0053665293472860524,0.013007230775806589,0.287151780987673,0.6422712721957106
item_ONETOUCH ULTRA 2,0.0015342269973735436,0.0020791607741803123,25,0.0053395737411196555,0.007223993442029718,0.287151780987673,0.6422712721957106
item_PHENAZOPYRIDINE HYDROCHLO,0.0015287945220567116,0.0028929080677088876,25,0.005328464231135723,0.010088737583331613,0.287151780987673,0.6422712721957106
item_ASPIRIN LOW DOSE,0.0014973332424582809,0.0021035679965701044,25,0.005215831532507289,0.0072977795536047045,0.287151780987673,0.6422712721957106
item_PROCTO-MED HC,0.001474521776448931,0.0011674844512401753,25,0.005133051120039304,0.00405748076708172,0.287151780987673,0.6422712721957106
item_DORZOLAMIDE HCL/TIMOLOL M,0.0014632115915456164,0.002373734010395282,25,0.005109510057742623,0.008290799227500926,0.287151780987673,0.6422712721957106
item_INDOMETHACIN,0.0014513470592225183,0.0022730589252814948,25,0.005052585933616457,0.007912127473041342,0.287151780987673,0.6422712721957106
item_DILT-XR,0.0014314446816030945,0.0026829298927627003,25,0.004980448281248324,0.009318056787681482,0.287151780987673,0.6422712721957106
item_RA VITAMIN D-3,0.0014306376434441955,0.0018540343265037197,25,0.004978124481784418,0.006446578428430312,0.287151780987673,0.6422712721957106
item_NORTRIPTYLINE HCL,0.0014274068945634099,0.0024763550955980915,25,0.004969571771575283,0.008631431991908571,0.287151780987673,0.6422712721957106
item_ALPHAGAN P,0.001416958539901558,0.0020044325484750063,25,0.004940195627431415,0.007012344574470672,0.287151780987673,0.6422712721957106
item_CIALIS,0.0014037540159410737,0.0013228559206322997,25,0.004890364482327609,0.004609481722526217,0.287151780987673,0.6422712721957106
item_PACERONE,0.0013943511625909716,0.0013065448998168165,25,0.004857365882770037,0.004546865731096519,0.287151780987673,0.6422712721957106
item_PROPRANOLOL HYDROCHLORIDE,0.001354442614637257,0.0017652814965166638,25,0.004717346562342504,0.006150400571816557,0.287151780987673,0.6422712721957106
item_TRIPHROCAPS,0.0013530427214977464,0.0017845548407010965,25,0.004723629162955677,0.006238231442875832,0.287151780987673,0.6422712721957106
item_VOLTAREN,0.0013499930508221389,0.001375089699678451,25,0.004707060200341792,0.004799471802402774,0.287151780987673,0.6422712721957106
item_VENLAFAXINE HYDROCHLORIDE,0.0013488265171951491,0.0014779266015258713,25,0.00469862305353028,0.005150182069331172,0.287151780987673,0.6422712721957106
item_ACCU-CHEK AVIVA PLUS,0.0013429938078696772,0.0023114037677848726,25,0.004677903519502398,0.008043237558658331,0.287151780987673,0.6422712721957106
item_FELODIPINE ER,0.0013241744601036449,0.0020782471832525096,25,0.004613856187616259,0.0072415320503352925,0.287151780987673,0.6422712721957106
item_METHIMAZOLE,0.0013110776017613132,0.0020245643405980207,25,0.004566112792806635,0.007037645885832696,0.287151780987673,0.6422712721957106
item_PENICILLIN V POTASSIUM,0.0013046214597887853,0.0018996842765007908,25,0.004544419934879052,0.006612054948212707,0.287151780987673,0.6422712721957106
item_BACITRACIN ZINC,0.0012864617498037042,0.0016773951132724246,25,0.004476817568097618,0.005833710713071577,0.287151780987673,0.6422712721957106
item_GLIPIZIDE/METFORMIN HYDRO,0.0012826272542649287,0.0027630045545786837,25,0.004466236176404062,0.009620611950278595,0.287151780987673,0.6422712721957106
item_ROPINIROLE ER,0.0012825976073634305,0.0014213032910530864,25,0.004473048736761708,0.004957617273507111,0.287151780987673,0.6422712721957106
item_ISTALOL,0.0012811354557932771,0.001506887404897466,25,0.0044653085217240766,0.0052554955210620076,0.287151780987673,0.6422712721957106
item_TROSPIUM CHLORIDE ER,0.001279969614800064,0.002057482625935824,25,0.004451374315647584,0.007165558754593426,0.287151780987673,0.6422712721957106
item_GAVILYTE-G,0.0012769684163331599,0.0014950668866407512,25,0.004439534753207133,0.0051891440946144765,0.287151780987673,0.6422712721957106
item_BUPROPION HCL,0.0012762710157145033,0.0017006065315980177,25,0.004445986647890755,0.005920349538615715,0.287151780987673,0.6422712721957106
item_IMATINIB MESYLATE,0.0012612885462913168,0.0016721875697395965,25,0.004397858280372591,0.005830263534476874,0.287151780987673,0.6422712721957106
item_TELMISARTAN,0.0012517998997506844,0.0027362943840983354,25,0.004346174708215761,0.009488328696662012,0.287151780987673,0.6422712721957106
item_PYRIDOSTIGMINE BROMIDE,0.0012504262271112827,0.0020737948577023027,25,0.004367633620775395,0.007255362305423686,0.287151780987673,0.6422712721957106
item_FERROUS GLUCONATE,0.0012244616102721423,0.0028358875718465354,25,0.004251162891763855,0.009847032954284336,0.287151780987673,0.6422712721957106
item_POMALYST,0.001221890722706777,0.003895976225241922,25,0.004242867704691943,0.01352060900629384,0.287151780987673,0.6422712721957106
item_DILTIAZEM HCL CD,0.0012184442693440598,0.001716184443346044,25,0.004248418463766027,0.005982616491475256,0.287151780987673,0.6422712721957106
item_SIMBRINZA,0.0011987853269838356,0.0018287666520138152,25,0.004167139256417117,0.006353107742142686,0.287151780987673,0.6422712721957106
item_GLOBAL EASE INJECT PEN NE,0.0011796865152479022,0.002071497366448013,25,0.004107194042595742,0.007194490691646267,0.287151780987673,0.6422712721957106
item_ZONISAMIDE,0.0011747174231103905,0.001407611908352385,25,0.004083989187589703,0.004885950431594925,0.287151780987673,0.6422712721957106
item_FLECTOR,0.0011642681994472007,0.001225746820749133,25,0.00405236156628161,0.004268019032332643,0.287151780987673,0.6422712721957106
item_TRAVATAN Z,0.001162046002617306,0.0014092897669630928,25,0.004054505586145236,0.004923442096267875,0.287151780987673,0.6422712721957106
item_RABEPRAZOLE SODIUM,0.0011560837960448494,0.001632022933505688,25,0.004027020300455852,0.005688511175436212,0.287151780987673,0.6422712721957106
item_METHYLPHENIDATE HYDROCHLO,0.001152228816611686,0.0021844703209124845,25,0.004000595291800207,0.007580184150721234,0.287151780987673,0.6422712721957106
item_DOK,0.0011430601929309234,0.002665509474211929,25,0.003964463547470449,0.009228445738432282,0.287151780987673,0.6422712721957106
item_IBANDRONATE SODIUM,0.0011326353268127235,0.002154495452750484,25,0.003955820006335925,0.007534422086117835,0.287151780987673,0.6422712721957106
item_LEVALBUTEROL TARTRATE HFA,0.0011272573266909028,0.0017198691448249974,25,0.003922161867992134,0.005979932074356171,0.287151780987673,0.6422712721957106
item_QUINAPRIL HYDROCHLORIDE,0.0011255980291352335,0.0024898855886035546,25,0.0039205928702821325,0.008654326442824411,0.287151780987673,0.6422712721957106
item_PIOGLITAZONE HYDROCHLORID,0.0011235816115786948,0.001825246000391356,25,0.003922725000764484,0.0063851198369228685,0.287151780987673,0.6422712721957106
item_SOLU-MEDROL,0.0011074959506669107,0.002617714078888488,25,0.003863604869174464,0.009149265161710426,0.287151780987673,0.6422712721957106
item_PROAIR RESPICLICK,0.001097231219357314,0.0022407522156482236,25,0.003821271743862025,0.007805655221104187,0.287151780987673,0.6422712721957106
item_CARBAMAZEPINE ER,0.0010771645586783241,0.002421315261669272,25,0.0037490667756039852,0.008410550420876432,0.287151780987673,0.6422712721957106
item_CRESTOR,0.0010654667157397773,0.0006239676574931368,25,0.0037099182268896147,0.0021728831404581317,0.287151780987673,0.6422712721957106
item_XOPENEX HFA,0.0010579841755009687,0.0015065624854558727,25,0.003693366535041997,0.0052762622505721155,0.287151780987673,0.6422712721957106
item_MELATONIN,0.001055469203164885,0.0016555375336337194,25,0.003677232659984817,0.005771839319290269,0.287151780987673,0.6422712721957106
item_METHADONE HCL,0.0010550850528891634,0.0013485894117839469,25,0.0036729446720277,0.004702998105754276,0.287151780987673,0.6422712721957106
item_CODEINE/GUAIFENESIN,0.0010520471314262787,0.004197331434297539,25,0.0036586527433928404,0.01458755172955186,0.287151780987673,0.6422712721957106
item_SUPREP BOWEL PREP KIT,0.0010417106066198277,0.0016837305851369266,25,0.0036249898745606074,0.00584478151205432,0.287151780987673,0.6422712721957106
item_IRBESARTAN,0.0010394361942275858,0.0020396299093603945,25,0.0036193031610683656,0.00711234013847893,0.287151780987673,0.6422712721957106
item_NOVOLIN N,0.0010389223427076633,0.0018930534993045938,25,0.003617202956888157,0.00658021698197467,0.287151780987673,0.6422712721957106
item_ASPIRIN EC,0.0010379095352517844,0.0016163459434606513,25,0.0036062794392074326,0.0056137226197706955,0.287151780987673,0.6422712721957106
item_AMMONIUM LACTATE,0.0010376186704794256,0.0018100239597629334,25,0.0036135454535675053,0.006313076755352776,0.287151780987673,0.6422712721957106
item_RENO CAPS,0.0010352688142431388,0.0020448928737870123,25,0.003604184005193736,0.007132893250378587,0.287151780987673,0.6422712721957106
item_AZATHIOPRINE,0.0010292240340945746,0.0014691368042983291,25,0.0035929050986845453,0.00512811692238487,0.287151780987673,0.6422712721957106
item_MOVANTIK,0.0010247882900840445,0.0016663810074939117,25,0.00357508913647153,0.00581564854713573,0.287151780987673,0.6422712721957106
item_PROPRANOLOL HCL,0.0010223003588877284,0.0013371791893432268,25,0.0035549726314365393,0.004637280774353146,0.287151780987673,0.6422712721957106
item_PROLIA,0.0010204356772250949,0.0024737829496857926,25,0.003555777755810596,0.008620372995698181,0.287151780987673,0.6422712721957106
item_ULORIC,0.001009929713707085,0.0015919220605240556,25,0.003512040111217847,0.005522647642197639,0.287151780987673,0.6422712721957106
item_ORPHENADRINE CITRATE ER,0.0010081664856433407,0.001841977880267407,25,0.003507411810117408,0.006407811958485619,0.287151780987673,0.6422712721957106
item_BD VEO INSULIN SYRINGE UL,0.001006469377759187,0.0012993118096565456,25,0.003508632125164892,0.004530398772060527,0.287151780987673,0.6422712721957106
item_IMIPRAMINE HYDROCHLORIDE,0.0009910605426943818,0.0017553070527495198,25,0.003452288355053502,0.006122296880766229,0.287151780987673,0.6422712721957106
item_CALCITONIN-SALMON,0.000989139508037291,0.0011316891759006879,25,0.00344505563045414,0.00393275507519155,0.287151780987673,0.6422712721957106
item_EQ ASPIRIN ADULT LOW DOSE,0.0009717086704233627,0.0024012499806263608,25,0.003385285339244313,0.008372583019352217,0.287151780987673,0.6422712721957106
item_BICALUTAMIDE,0.000965462421165054,0.0012753481477834655,25,0.0033661450801832503,0.004447184099290062,0.287151780987673,0.6422712721957106
item_FLOVENT HFA,0.0009646560777087178,0.0013789230377592452,25,0.0033539846668910254,0.004781972297896683,0.287151780987673,0.6422712721957106
item_ONETOUCH DELICA LANCETS E,0.0009621319464314749,0.003949372312170873,25,0.003362204971131438,0.013803991754527147,0.287151780987673,0.6422712721957106
item_ALFUZOSIN HCL ER,0.0009489500517452426,0.0018322296584378439,25,0.0033109204619667944,0.006401913054117028,0.287151780987673,0.6422712721957106
item_DUTASTERIDE,0.0009446730135956456,0.001624116809585311,25,0.0032853201844917027,0.005660994360240405,0.287151780987673,0.6422712721957106
item_BUSPIRONE HCL,0.000903793534350202,0.0011844832486008069,25,0.0031461098963490052,0.004122155300692724,0.287151780987673,0.6422712721957106
item_TRADJENTA,0.0008983547093328644,0.001808215390330554,25,0.0031254510596225,0.006280945787134471,0.287151780987673,0.6422712721957106
item_COLESTIPOL HCL,0.000891259668360771,0.0011712574718947117,25,0.0031089951298647,0.004089694947167132,0.287151780987673,0.6422712721957106
item_TOBRAMYCIN/DEXAMETHASONE,0.000887316598992885,0.0017843203893079876,25,0.003098456186302948,0.00624184976093736,0.287151780987673,0.6422712721957106
item_DIOVAN,0.0008836897297273863,0.000861461654098045,25,0.0030736089741968996,0.002992782634925545,0.287151780987673,0.6422712721957106
item_OLOPATADINE HCL,0.0008787831311667621,0.001397890522533674,25,0.0030537742124343526,0.004852556047811581,0.287151780987673,0.6422712721957106
item_POTASSIUM CITRATE ER,0.0008719149779692487,0.001494676667718848,25,0.003034979620717859,0.0052047564606889475,0.287151780987673,0.6422712721957106
item_XARELTO STARTER PACK,0.0008654341700643528,0.0011450154426215946,25,0.0030162234420216282,0.003994712992203683,0.287151780987673,0.6422712721957106
item_FARXIGA,0.0008594419110739848,0.0029122286162051795,25,0.0029972605276040757,0.010161844621786832,0.287151780987673,0.6422712721957106
item_THERA,0.0008469560618379797,0.0009624216539788761,25,0.0029495382183113645,0.0033580506641217598,0.287151780987673,0.6422712721957106
item_HUMULIN R,0.0008352245592566896,0.0013215259432266344,25,0.002906322557503655,0.004590370782259775,0.287151780987673,0.6422712721957106
item_CLONAZEPAM ODT,0.0008298510403855193,0.0013357320979254148,25,0.0028913465160644402,0.004666101167780524,0.287151780987673,0.6422712721957106
item_MAPAP ARTHRITIS PAIN,0.0008187776501130241,0.0013676609841545139,25,0.0028506278676830917,0.004766463258577341,0.287151780987673,0.6422712721957106
item_AMIODARONE HCL,0.0008151426536364842,0.000880542829791586,25,0.002843159812111977,0.0030818572468760234,0.287151780987673,0.6422712721957106
item_CALCIUM ANTACID,0.0008143057220837431,0.0014625247622259187,25,0.0028428828570403984,0.005099633316331239,0.287151780987673,0.6422712721957106
item_SOTALOL HCL (AF),0.000802637336042489,0.0008698937612810675,25,0.002798219194003801,0.003037043385713091,0.287151780987673,0.6422712721957106
item_RELION PEN NEEDLES 32GX4M,0.0007945693628878426,0.0012070676246472697,25,0.0027647789273108603,0.004206915066930086,0.287151780987673,0.6422712721957106
item_CALCIUM + D3,0.0007935401566891343,0.0013538341911069822,25,0.0027612037371945296,0.004705457441092049,0.287151780987673,0.6422712721957106
item_OLOPATADINE HYDROCHLORIDE,0.0007902589349559042,0.002677019949217057,25,0.0027525572562748122,0.009310623378737141,0.287151780987673,0.6422712721957106
item_RIZATRIPTAN BENZOATE,0.0007784828341646472,0.0012650187031380462,25,0.0027143903765274586,0.004409406044099635,0.287151780987673,0.6422712721957106
item_TRUEPLUS LANCETS 28G,0.0007687655650079572,0.002554283914078595,25,0.002662146147927482,0.008837570487864209,0.287151780987673,0.6422712721957106
item_AMPICILLIN,0.0007669134543389585,0.0014719288807496708,25,0.0026693066233580125,0.005126270338168927,0.287151780987673,0.6422712721957106
item_JARDIANCE,0.0007517128226959896,0.002769018445036664,25,0.0026083490629517964,0.00957946585385379,0.287151780987673,0.6422712721957106
item_OLANZAPINE ODT,0.0007499475767450172,0.0014896446840262278,25,0.0026013533603043647,0.005157860924302065,0.287151780987673,0.6422712721957106
item_NUEDEXTA,0.0007447335711319173,0.0017198262872273674,25,0.0026009263517654223,0.006004994647300078,0.287151780987673,0.6422712721957106
item_RASAGILINE MESYLATE,0.0007412016036228139,0.0017116833195753801,25,0.002575965568531775,0.005951573343153194,0.287151780987673,0.6422712721957106
item_ASPIR-LOW,0.0007287800861650287,0.001149352051415342,25,0.002538283075899551,0.004005160060270208,0.287151780987673,0.6422712721957106
item_AMLODIPINE/OLMESARTAN MED,0.0007248488978294054,0.0015125232052392494,25,0.0025295776596935405,0.005286159048452694,0.287151780987673,0.6422712721957106
item_BESIVANCE,0.000720708257124216,0.0010866898007819853,25,0.0025137735780526305,0.00378738428100246,0.287151780987673,0.6422712721957106
item_VITAMIN C,0.0007153326569426992,0.0010794488521695107,25,0.0024895327681166628,0.0037554379950141105,0.287151780987673,0.6422712721957106
item_HALOPERIDOL DECANOATE,0.0007086284864521744,0.0009040440576251468,25,0.002465177935519117,0.0031430664610658495,0.287151780987673,0.6422712721957106
item_GLIPIZIDE XL,0.0007054371501471593,0.0008906733982486915,25,0.0024620437080156905,0.0031118939320021145,0.287151780987673,0.6422712721957106
item_VASCEPA,0.0006961238443772863,0.0028858858843037764,25,0.0024240911169737885,0.010040007991197702,0.287151780987673,0.6422712721957106
item_RELION INSULIN SYRINGE/U-,0.0006914783592054691,0.0011448135663388525,25,0.0024036207403769117,0.003968922045746641,0.287151780987673,0.6422712721957106
item_ILEVRO,0.0006891535465118079,0.0014696404716706417,25,0.002402740031411936,0.005119895919036632,0.287151780987673,0.6422712721957106
item_BD AUTOSHIELD DUO 30G X 5,0.0006816310769113518,0.0010099596692652172,25,0.0023777679201953984,0.0035214887283073868,0.287151780987673,0.6422712721957106
item_PREMPRO,0.0006815954939778862,0.0012366821676689274,25,0.002373619891095363,0.00431454765899693,0.287151780987673,0.6422712721957106
item_FLUAD 2018-2019,0.0006635892098411852,0.0009135624242137292,25,0.002313339444585746,0.003187956938149608,0.287151780987673,0.6422712721957106
item_FISH OIL,0.0006492845765831868,0.0013336042164159981,25,0.0022580877039343012,0.004630006218276996,0.287151780987673,0.6422712721957106
item_BROVANA,0.0006459053394104063,0.0021597753527224876,25,0.0022565936919652315,0.007540016328143506,0.287151780987673,0.6422712721957106
item_TOLTERODINE TARTRATE,0.0006398601136949772,0.0010876326998324327,25,0.0022206359450876096,0.00377032113631737,0.287151780987673,0.6422712721957106
item_DORZOLAMIDE HCL,0.0006387158855225482,0.0012577869340079826,25,0.0022296087817735627,0.004396552307096432,0.287151780987673,0.6422712721957106
item_ENALAPRIL MALEATE/HYDROCH,0.000636809700093216,0.0026303636021883458,25,0.0022174114637268376,0.009158850886371788,0.287151780987673,0.6422712721957106
item_D3,0.0006346136220358863,0.003173068110179432,25,0.002218211981015206,0.011091059905076028,0.287151780987673,0.6422712721957106
item_CLORAZEPATE DIPOTASSIUM,0.0006211841536667308,0.0015971466548570976,25,0.002165254093529041,0.0055746633738068185,0.287151780987673,0.6422712721957106
item_MINOXIDIL,0.0006139518125813887,0.0013942580955893073,25,0.0021426982022278605,0.004865901773328734,0.287151780987673,0.6422712721957106
item_AMLODIPINE/VALSARTAN/HCTZ,0.0006081119080425669,0.0011781639313272366,25,0.0021130632077222614,0.004088322493056884,0.287151780987673,0.6422712721957106
item_MEXILETINE HCL,0.0006028496853785702,0.0010585460504909281,25,0.0020998786681328753,0.0036847940400949485,0.287151780987673,0.6422712721957106
item_VITAMIN B-12,0.0006018236917736443,0.0016707297805408337,25,0.002098212455037463,0.005839484724771743,0.287151780987673,0.6422712721957106
item_MI-ACID GAS RELIEF,0.0005990147637604446,0.0010858968734207127,25,0.00208810199344108,0.003783825328148128,0.287151780987673,0.6422712721957106
item_KETOTIFEN FUMARATE,0.0005848013940562608,0.0008901124551021704,25,0.002034941051473764,0.003098612154911702,0.287151780987673,0.6422712721957106
item_ETHAMBUTOL HYDROCHLORIDE,0.0005807505545266625,0.0008737051400748038,25,0.002022606970905655,0.0030516244416489828,0.287151780987673,0.6422712721957106
item_ACCU-CHEK FASTCLIX LANCET,0.000570618055990299,0.001994584378047483,25,0.001984559290361985,0.006931331047768642,0.287151780987673,0.6422712721957106
item_OLMESARTAN MEDOXOMIL/HYDR,0.0005635814183827906,0.0019859306144892784,25,0.0019672999275685233,0.006934425885100627,0.287151780987673,0.6422712721957106
item_PREVACID SOLUTAB,0.0005631009061951248,0.0006408286077193943,25,0.0019626162334998145,0.002232583489235792,0.287151780987673,0.6422712721957106
item_VIRTUSSIN A/C,0.0005532248408889335,0.0011241762781590444,25,0.0019234498035183222,0.0039063014806514865,0.287151780987673,0.6422712721957106
item_SPS,0.0005438761850046828,0.0008517386932113796,25,0.001886564813425641,0.002952096144563074,0.287151780987673,0.6422712721957106
item_RESTASIS,0.0005423872679501199,0.000972193270737594,25,0.0018847940000748062,0.0033787578157030763,0.287151780987673,0.6422712721957106
item_CIPRODEX,0.0005410637847326735,0.001145540155796578,25,0.0018850557152138429,0.003996893732971914,0.287151780987673,0.6422712721957106
item_SENEXON-S,0.0005408879278134121,0.000789024977304696,25,0.001886465159817332,0.002757298334737959,0.287151780987673,0.6422712721957106
item_ARMODAFINIL,0.0005311727646338589,0.001408081236571296,25,0.0018458870088906509,0.0048888117179891775,0.287151780987673,0.6422712721957106
item_ATROPINE SULFATE,0.0005263547744818693,0.0010588156839106892,25,0.0018306550909193372,0.003680565391227402,0.287151780987673,0.6422712721957106
item_NIACIN ER,0.0005208601140377615,0.0009424778065210418,25,0.0018081329974655,0.0032729040356373066,0.287151780987673,0.6422712721957106
item_LIDOCAINE HCL JELLY,0.000512413917028349,0.0007776050066959573,25,0.0017835178919770175,0.0027055294696780798,0.287151780987673,0.6422712721957106
item_DEXAMETHASONE SODIUM PHOS,0.0005119936911639167,0.0010800870672980115,25,0.00178108815574574,0.003748537037392657,0.287151780987673,0.6422712721957106
item_PIOGLITAZONE HCL,0.0005117843186502009,0.0013083748179049382,25,0.0017836395468796783,0.004560298240947694,0.287151780987673,0.6422712721957106
item_PROCTOFOAM HC,0.0005034999421407242,0.0009670824392183672,25,0.0017523342889715426,0.0033586831819175664,0.287151780987673,0.6422712721957106
item_TELMISARTAN/HYDROCHLOROTH,0.0005019853359240163,0.0019808551786239946,25,0.0017408683884836428,0.006858250216415749,0.287151780987673,0.6422712721957106
item_CERTAVITE SENIOR/ANTIOXID,0.0004970184728929095,0.001308516161641463,25,0.0017294657091805187,0.004557308854619626,0.287151780987673,0.6422712721957106
item_FENOFIBRATE MICRONIZED,0.0004948224899638605,0.0007686907041445995,25,0.0017237710752028052,0.0026789197849769347,0.287151780987673,0.6422712721957106
item_MIRTAZAPINE ODT,0.0004899921320963758,0.0009761313729368808,25,0.0017028644952422978,0.0033911194083213695,0.287151780987673,0.6422712721957106
item_DULERA,0.000477258146014163,0.0010029177758530885,25,0.0016597325469356657,0.00348121945496741,0.287151780987673,0.6422712721957106
item_BISOPROLOL FUMARATE,0.0004762847726595809,0.0008697331412223697,25,0.0016638249694068351,0.00304046142469288,0.287151780987673,0.6422712721957106
item_TOVIAZ,0.0004755422515656118,0.0009233861228167207,25,0.0016528742704225864,0.003212253126256007,0.287151780987673,0.6422712721957106
item_FOLBIC,0.000473970977882428,0.0012124648453096085,25,0.001652853176690191,0.004235199844947432,0.287151780987673,0.6422712721957106
item_TESTOSTERONE CYPIONATE,0.0004725065361063853,0.0017628434541327662,25,0.0016415909765664983,0.0061298710203815734,0.287151780987673,0.6422712721957106
item_LOTEMAX,0.0004705035653613759,0.0009347620581162646,25,0.0016388163447820735,0.003254056519787368,0.287151780987673,0.6422712721957106
item_NOVOLIN R,0.0004686362185590254,0.0011641260545101888,25,0.0016359247732293672,0.004069254676526845,0.287151780987673,0.6422712721957106
item_NEOMYCIN/POLYMYXIN/DEXAME,0.0004584487503883498,0.0011190106031568558,25,0.0015981904945031528,0.003900229638074516,0.287151780987673,0.6422712721957106
item_FLUOROMETHOLONE,0.000458248159931871,0.0011094154357979564,25,0.0016039278143938473,0.0038831908767241337,0.287151780987673,0.6422712721957106
item_CICLOPIROX,0.0004577403220118279,0.000978253995374659,25,0.0015943030292830875,0.0034102689927325955,0.287151780987673,0.6422712721957106
item_TOPROL XL,0.0004561290436417409,0.00038767586770864276,25,0.0015900250722124633,0.0013540806701312364,0.287151780987673,0.6422712721957106
item_VENLAFAXINE HCL,0.00045610208274281776,0.0008751099936340947,25,0.00158534927774592,0.0030430036748791906,0.287151780987673,0.6422712721957106
item_PREDNISOLONE,0.00045536358263636404,0.000868566384786256,25,0.0015817194247995272,0.003012804319216897,0.287151780987673,0.6422712721957106
item_EPITOL,0.0004547558577747704,0.0005637405895508627,25,0.001583740698550235,0.0019637508671536464,0.287151780987673,0.6422712721957106
item_TRUE METRIX SELF MONITORI,0.0004477748145247386,0.0015332941087639505,25,0.0015664306051894788,0.005376413403064151,0.287151780987673,0.6422712721957106
item_INDAPAMIDE,0.00044570784592624777,0.0010771964594072955,25,0.0015490759811812582,0.0037493288245074507,0.287151780987673,0.6422712721957106
item_EPLERENONE,0.00043511449531395484,0.0008800458327524154,25,0.0015159589276661414,0.00306574480112366,0.287151780987673,0.6422712721957106
item_LIDOCAINE HCL,0.00043315447455036666,0.0008474603097899013,25,0.0015077404286612764,0.002949405912971055,0.287151780987673,0.6422712721957106
item_TEMAZEPAM,0.00043227818315352216,0.0008827851242616017,25,0.0015066366250507774,0.0030757675619132304,0.287151780987673,0.6422712721957106
item_SENNA LAX,0.0004297170185780538,0.0003815000092946021,25,0.0014946420959862966,0.0013237200466217466,0.287151780987673,0.6422712721957106
item_DOXEPIN HYDROCHLORIDE,0.00042691886104064404,0.0008791487242667333,25,0.0014836181534502307,0.0030536890495782717,0.287151780987673,0.6422712721957106
item_TRANDOLAPRIL,0.00042686012365343194,0.0009474864876981283,25,0.0014850069774428175,0.0032939545020018233,0.287151780987673,0.6422712721957106
item_DIVALPROEX SODIUM,0.0004099640605954414,0.001032710746625656,25,0.0014269220077666052,0.003598846741611479,0.287151780987673,0.6422712721957106
item_LINEZOLID,0.00040868610712301815,0.0010079681990773724,25,0.0014246943654939012,0.0035122051425286395,0.287151780987673,0.6422712721957106
item_GENERLAC,0.0004069105638389533,0.0005744102352405056,25,0.0014149246300012702,0.0019960441080849978,0.287151780987673,0.6422712721957106
item_NADOLOL,0.0003997731102562077,0.0008935654583379731,25,0.0013940159673591918,0.0031156819990449153,0.287151780987673,0.6422712721957106
item_RISAQUAD,0.0003990632960962312,0.001213209559926883,25,0.0013881127913988366,0.004213939095075563,0.287151780987673,0.6422712721957106
item_BENAZEPRIL HCL,0.0003971784917252805,0.0007701208832205246,25,0.001387423902514988,0.0026959591126488993,0.287151780987673,0.6422712721957106
item_ALLERGY RELIEF,0.0003903207271328242,0.0010219315074080162,25,0.0013660363202033035,0.0035805328327375803,0.287151780987673,0.6422712721957106
item_MYCOPHENOLATE MOFETIL,0.00038531426448658627,0.0012211528323748464,25,0.0013346969800143705,0.004226992639530106,0.287151780987673,0.6422712721957106
item_RAPAFLO,0.00038513622518933843,0.0006354865520103702,25,0.00134422578267949,0.002219397740705395,0.287151780987673,0.6422712721957106
item_FIBER-LAX,0.000383080268106492,0.0009681738841469731,25,0.0013349682536770346,0.003367188907964892,0.287151780987673,0.6422712721957106
item_ISOSORBIDE MONONITRATE,0.0003805844936740965,0.001027512615612443,25,0.0013220433598635755,0.0035625637742311366,0.287151780987673,0.6422712721957106
item_ASMANEX HFA,0.00037996182070873264,0.0008780085437518242,25,0.001320883121206132,0.003050598830525022,0.287151780987673,0.6422712721957106
item_METOPROLOL/HYDROCHLOROTHI,0.0003772458416616484,0.0013125901510108453,25,0.0013097793396159825,0.004551516927705744,0.287151780987673,0.6422712721957106
item_LITHIUM CARBONATE,0.00037722235639789283,0.0007005794247593513,25,0.0013125743821883386,0.002439156567512326,0.287151780987673,0.6422712721957106
item_QUETIAPINE FUMARATE ER,0.0003766040232165657,0.001381521075601811,25,0.0013127557669111042,0.004809043747050016,0.287151780987673,0.6422712721957106
item_SPIRONOLACTONE/HYDROCHLOR,0.0003757406044791321,0.0011255080330426466,25,0.001307146779381141,0.003912281161539514,0.287151780987673,0.6422712721957106
item_BROMPHEN/PSEUDOEPHEDRINE,0.00037282713001516465,0.0014023631040249332,25,0.0012945467931944293,0.004863964178477087,0.287151780987673,0.6422712721957106
item_JANUMET XR,0.00036646680295545747,0.0012252398989363083,25,0.0012730762493465208,0.004253332519486275,0.287151780987673,0.6422712721957106
item_ALREX,0.0003649295129054944,0.000980150475196106,25,0.0012675588976365176,0.003401140534052534,0.287151780987673,0.6422712721957106
item_BUPROPION HYDROCHLORIDE,0.0003641535629218705,0.0011647045794367504,25,0.0012610974864174468,0.004031958482896305,0.287151780987673,0.6422712721957106
item_LEVOCETIRIZINE DIHYDROCHL,0.0003640674194729479,0.0006285781301308573,25,0.0012669575966572316,0.0021866631314910847,0.287151780987673,0.6422712721957106
item_TEKTURNA HCT,0.0003625996280253775,0.0007677758898622178,25,0.001265857104793127,0.0026799543834511714,0.287151780987673,0.6422712721957106
item_CVS VITAMIN B12,0.0003621550508644535,0.0017234000658413959,25,0.0012699528990100283,0.006045802100259254,0.287151780987673,0.6422712721957106
item_LETAIRIS,0.0003611774631437103,0.0006471686515448411,25,0.0012603733593054946,0.0022601530591869782,0.287151780987673,0.6422712721957106
item_NAMENDA XR,0.00035946971711734566,0.0002482875301430579,25,0.0012514381720255977,0.0008615658172445362,0.287151780987673,0.6422712721957106
item_ETODOLAC,0.00035841501209196795,0.001125797045039764,25,0.0012431100355358902,0.0038990308564143964,0.287151780987673,0.6422712721957106
item_INDOMETHACIN ER,0.0003566353662552053,0.0006525935956728586,25,0.0012437221061529261,0.002278469701557788,0.287151780987673,0.6422712721957106
item_CALCIUM CARBONATE,0.00035414131808675456,0.0009409750766900708,25,0.0012284143029196299,0.0032567832123485125,0.287151780987673,0.6422712721957106
item_PENNSAID,0.0003477790496495743,0.0006636989580959953,25,0.0012137255031068092,0.002311586173210598,0.287151780987673,0.6422712721957106
item_LEVALBUTEROL HCL,0.0003475649300813444,0.0015159946612810845,25,0.0012144157402693779,0.005298967773856734,0.287151780987673,0.6422712721957106
item_PHENYTOIN,0.00034243537701932427,0.0008709945697977512,25,0.0011971736411955283,0.0030537406703023827,0.287151780987673,0.6422712721957106
item_AGGRENOX,0.00033555487421274474,0.0006668925952212737,25,0.001174152759211761,0.0023368964234556054,0.287151780987673,0.6422712721957106
item_ENTECAVIR,0.00032892325197191974,0.0016446162598595985,25,0.0011389912954550606,0.005694956477275303,0.287151780987673,0.6422712721957106
item_METHOTREXATE SODIUM,0.00032681190592763893,0.0007490726753136149,25,0.0011363444441537215,0.002611337797516757,0.287151780987673,0.6422712721957106
item_LIVALO,0.00032582861799220625,0.001001346862581907,25,0.0011283715589797232,0.003466103715249477,0.287151780987673,0.6422712721957106
item_PREMARIN,0.00032236332498058735,0.000946626597573863,25,0.0011236533390803724,0.0032984894219084686,0.287151780987673,0.6422712721957106
item_MINOCYCLINE HYDROCHLORIDE,0.00032213115187430704,0.0010127807254077844,25,0.0011198813725676546,0.0035183158294607407,0.287151780987673,0.6422712721957106
item_REPATHA SURECLICK,0.00031809109704374186,0.000946165614199677,25,0.001103588208042232,0.0032793661606616673,0.287151780987673,0.6422712721957106
item_OPTICHAMBER DIAMOND,0.00031542906186612636,0.0007545561961688475,25,0.0010939409959729628,0.002617506409351224,0.287151780987673,0.6422712721957106
item_PROVENTIL HFA,0.00031524007193654184,0.0008210722553462007,25,0.001099490668042034,0.002866282788127244,0.287151780987673,0.6422712721957106
item_PILOCARPINE HYDROCHLORIDE,0.0003149359073825444,0.0005801018592997551,25,0.0010950799596676718,0.0020177217535484715,0.287151780987673,0.6422712721957106
item_PIPERACILLIN SODIUM/TAZOB,0.0003119639423983379,0.0007612218351873767,25,0.0010849591378491955,0.0026449882849831404,0.287151780987673,0.6422712721957106
item_CVS ASPIRIN ADULT LOW DOS,0.00031177715183136915,0.0015588857591568458,25,0.001087965924752908,0.005439829623764539,0.287151780987673,0.6422712721957106
item_DENTAGEL,0.0003082554644520325,0.0015407309194387865,25,0.001081381196981411,0.005405005544435089,0.287151780987673,0.6422712721957106
item_RESTASIS MULTIDOSE,0.0003074447630492173,0.0006832729492856679,25,0.001070352230002628,0.002379071159937832,0.287151780987673,0.6422712721957106
item_BANOPHEN,0.0003057741519629465,0.0010649529256970074,25,0.001065010131636161,0.0037065543763491905,0.287151780987673,0.6422712721957106
item_LIDOCAINE HYDROCHLORIDE,0.0003045435842208673,0.0009131249337645372,25,0.0010548339743172066,0.003160653790307071,0.287151780987673,0.6422712721957106
item_NEOMYCIN SULFATE,0.0002996069549588551,0.0010244750680570157,25,0.001039215598349721,0.003552328805484994,0.287151780987673,0.6422712721957106
item_ULTICARE INSULIN SYRINGE,0.0002994995818429059,0.0005925216632718963,25,0.001045613752154226,0.0020699247379230195,0.287151780987673,0.6422712721957106
item_HYDROCODONE/IBUPROFEN,0.00029634749393621195,0.0008447126876076712,25,0.0010306227916278238,0.0029399795774354177,0.287151780987673,0.6422712721957106
item_LOVENOX,0.0002946620784906714,0.0007049826805643162,25,0.0010272187177485864,0.002461029647301838,0.287151780987673,0.6422712721957106
item_HUMULIN N KWIKPEN,0.00028983297694995703,0.0008724871162048712,25,0.0010079545020172922,0.003035883984427396,0.287151780987673,0.6422712721957106
item_NEUPRO,0.0002889971936665339,0.0007178713048152042,25,0.0010087889932750816,0.002506918643621115,0.287151780987673,0.6422712721957106
item_PROBENECID,0.0002850803793570215,0.0010171488110184296,25,0.0009932283399972438,0.0035506451168429176,0.287151780987673,0.6422712721957106
item_SILVER SULFADIAZINE,0.0002848792342232962,0.0007459682685363086,25,0.000994748872183608,0.0026118898793529126,0.287151780987673,0.6422712721957106
item_LORAZEPAM INTENSOL,0.00028441731364172416,0.0008272488448111508,25,0.0009881883336753806,0.0028720881640356922,0.287151780987673,0.6422712721957106
item_GATIFLOXACIN,0.0002842014409876382,0.0013814490182055984,25,0.0009836960946689515,0.004780520029231273,0.287151780987673,0.6422712721957106
item_CICLOPIROX NAIL LACQUER,0.0002782615806156578,0.0007489804912724952,25,0.0009654910018327838,0.002596601837140386,0.287151780987673,0.6422712721957106
item_BROMSITE,0.0002771781911791117,0.0007244565020243746,25,0.0009617860222664653,0.002510710931898428,0.287151780987673,0.6422712721957106
item_ACETYLCYSTEINE,0.00027555854230624355,0.0012219600505754024,25,0.0009622365751576257,0.004267005541167106,0.287151780987673,0.6422712721957106
item_ZYTIGA,0.0002745715903681644,0.0004942497465563983,25,0.0009574505780797296,0.001725959261495166,0.287151780987673,0.6422712721957106
item_NICOTINE TRANSDERMAL SYST,0.0002734886409802446,0.0007802211311334945,25,0.0009484066160790677,0.002703806014838288,0.287151780987673,0.6422712721957106
item_OYSTER SHELL CALCIUM/VITA,0.00027184623382305213,0.0005541581918856519,25,0.0009487065201795378,0.0019359179394715276,0.287151780987673,0.6422712721957106
item_MAGNESIUM-OXIDE,0.0002715900703302259,0.0008908337175275133,25,0.0009448939571236465,0.003099431433940004,0.287151780987673,0.6422712721957106
item_CONSTULOSE,0.0002711576931266473,0.000569103035444126,25,0.0009439795208807908,0.0019811641066114463,0.287151780987673,0.6422712721957106
item_RIZATRIPTAN BENZOATE ODT,0.00027091451865774455,0.0013545725932887227,25,0.0009462971999713007,0.004731485999856504,0.287151780987673,0.6422712721957106
item_OXYCODONE HCL,0.0002695581211673586,0.0006847274719290098,25,0.0009400341911179161,0.0023833009986215545,0.287151780987673,0.6422712721957106
item_NITROGLYCERIN LINGUAL,0.0002675700623648203,0.0009741738605453899,25,0.0009287700660025874,0.003372633941893827,0.287151780987673,0.6422712721957106
item_GLUCAGON EMERGENCY KIT,0.00026286275672525054,0.0006172125534633053,25,0.0009177975366793681,0.002158017928124213,0.287151780987673,0.6422712721957106
item_REFRESH TEARS,0.0002627641051229885,0.0007675262459056206,25,0.0009178615922570746,0.0026828405192539594,0.287151780987673,0.6422712721957106
item_ZAFIRLUKAST,0.00025959700552376767,0.0012979850276188382,25,0.000911315263769554,0.00455657631884777,0.287151780987673,0.6422712721957106
item_EXELON,0.0002586587850043795,0.0005985101785515431,25,0.0009015073751996304,0.0020886982654600835,0.287151780987673,0.6422712721957106
item_DARIFENACIN HYDROBROMIDE,0.00025510545654066475,0.0005004288253716077,25,0.0008874647875864888,0.001742691912794319,0.287151780987673,0.6422712721957106
item_XALATAN,0.00025508161287624996,0.0005948162618175389,25,0.0008928842662426033,0.0020845494620958535,0.287151780987673,0.6422712721957106
item_PREVNAR 13,0.0002520983085416739,0.0005485187261509362,25,0.0008777526212453781,0.0019109073661578175,0.287151780987673,0.6422712721957106
item_CYCLOSPORINE MODIFIED,0.0002514537341640475,0.0007286272140655117,25,0.0008775701422462176,0.0025514325870441995,0.287151780987673,0.6422712721957106
item_ONETOUCH ULTRASOFT LANCET,0.0002501559296851531,0.0006003332587511695,25,0.0008731914406181191,0.00209831967247689,0.287151780987673,0.6422712721957106
item_AMLODIPINE BESYLATE/ATORV,0.00024913401614265766,0.0009799770568466176,25,0.0008710759698172772,0.0034282293411530434,0.287151780987673,0.6422712721957106
item_MICARDIS,0.00024887675567101495,0.0005409145555456213,25,0.0008689729585376477,0.001889772044689259,0.287151780987673,0.6422712721957106
item_EQ STOOL SOFTENER,0.00024867795086428487,0.0011809460719245986,25,0.0008658419903608197,0.004110050170860297,0.287151780987673,0.6422712721957106
item_BD INSULIN SYRINGE SAFETY,0.000248600606467342,0.0004991935533051905,25,0.0008676775754356544,0.0017454049111012792,0.287151780987673,0.6422712721957106
item_ACCU-CHEK SMARTVIEW STRIP,0.00024668357938456244,0.000854310782444842,25,0.0008601905497358091,0.0029792756097039904,0.287151780987673,0.6422712721957106
item_DUREZOL,0.00024406995887696486,0.00048807757481647107,25,0.00085076845563231,0.0017021368382435448,0.287151780987673,0.6422712721957106
item_ACCU-CHEK SOFTCLIX LANCET,0.0002432283667295278,0.0008418388636244062,25,0.0008465138327774835,0.002929977319387715,0.287151780987673,0.6422712721957106
item_RELION PEN NEEDLES 31GX8M,0.0002410933853328455,0.00045377552948742207,25,0.0008378097207722633,0.0015736383862204192,0.287151780987673,0.6422712721957106
item_CVS D3,0.00024016355224420222,0.001200817761221011,25,0.0008316353248114716,0.004158176624057358,0.287151780987673,0.6422712721957106
item_INSULIN SYRINGE/0.3ML/31G,0.0002396229647411749,0.0008578550220950612,25,0.0008320908325405882,0.002982503347575584,0.287151780987673,0.6422712721957106
item_PREVIDENT 5000 BOOSTER PL,0.00023364984233199208,0.0005846733836519127,25,0.0008134975826097332,0.002033955946316502,0.287151780987673,0.6422712721957106
item_TRETINOIN,0.00023167853443294538,0.001158392672164727,25,0.0008110680841933855,0.004055340420966927,0.287151780987673,0.6422712721957106
item_INVOKAMET,0.00022858592487118073,0.0011175986120219527,25,0.000792179933491603,0.0038724267385658066,0.287151780987673,0.6422712721957106
item_NEOMYCIN/POLYMYXIN/HC,0.00022725741533929968,0.0006960835441254267,25,0.0007895757062806449,0.002421594835958195,0.287151780987673,0.6422712721957106
item_PIOGLITAZONE HCL/METFORMI,0.00022432733204265102,0.0007919750822443995,25,0.000785684378369925,0.002778702892814952,0.287151780987673,0.6422712721957106
item_HYDROXYZINE HCL,0.00022309628521811783,0.0011154814260905892,25,0.0007764389586353561,0.0038821947931767806,0.287151780987673,0.6422712721957106
item_ACCU-CHEK NANO SMARTVIEW,0.00022229416957896447,0.0005418444482477903,25,0.0007763908476629957,0.0018922176247288247,0.287151780987673,0.6422712721957106
item_LAMOTRIGINE ER,0.0002222561112616557,0.0007064347169369173,25,0.0007713007637805167,0.002448580061780842,0.287151780987673,0.6422712721957106
item_VICTOZA,0.00022114396604775176,0.0005211559460573005,25,0.0007689309184373227,0.00181143423115405,0.287151780987673,0.6422712721957106
item_ASPIRIN EC LOW DOSE,0.00021737035818445276,0.00045775890495664966,25,0.0007556533765867007,0.001586876650503775,0.287151780987673,0.6422712721957106
item_SELEGILINE HCL,0.00021667111064088202,0.0004877776337825744,25,0.0007576295173248798,0.0017059792773284077,0.287151780987673,0.6422712721957106
item_HUMULIN N,0.00021630417327861632,0.0005917120731614945,25,0.0007548167726227553,0.002065833368159797,0.287151780987673,0.6422712721957106
item_CICLOPIROX OLAMINE,0.00021347383763406375,0.0006256152679032242,25,0.000745409615303923,0.0021831608496710154,0.287151780987673,0.6422712721957106
item_RENAL CAPS,0.00021197224706827596,0.0005513718541894238,25,0.0007388145989715871,0.0019248616392066574,0.287151780987673,0.6422712721957106
item_PROLENSA,0.00021026068464109684,0.0007004028967891229,25,0.0007301398179064254,0.0024270701213889205,0.287151780987673,0.6422712721957106
item_GUAIATUSSIN AC,0.0002102408420713558,0.0010512042103567791,25,0.0007305254643830083,0.003652627321915041,0.287151780987673,0.6422712721957106
item_ACARBOSE,0.00020747258539998445,0.0006750809919996431,25,0.0007237469261344676,0.0023577989868514633,0.287151780987673,0.6422712721957106
item_ERYTHROMYCIN BASE,0.0002067127938915546,0.00042840733963281315,25,0.0007194388376020439,0.0014897861452573664,0.287151780987673,0.6422712721957106
item_BACITRACIN,0.00020580893008530668,0.0005210303925028376,25,0.0007194857859171945,0.0018215244133222503,0.287151780987673,0.6422712721957106
item_CARBIDOPA/LEVODOPA ODT,0.00020578284670862973,0.00044031300767885154,25,0.0007192070409180179,0.0015398093912784277,0.287151780987673,0.6422712721957106
item_NEXAVAR,0.000204891208747351,0.0005286692142519054,25,0.0007134182773158264,0.0018457614886232346,0.287151780987673,0.6422712721957106
item_STOOL SOFTENER,0.00020344706276950248,0.0008419488262763866,25,0.0007076088866360414,0.002926160149468129,0.287151780987673,0.6422712721957106
item_TUDORZA PRESSAIR,0.00020302173316757066,0.00033623883507141164,25,0.0007067012892438229,0.0011707694904101403,0.287151780987673,0.6422712721957106
item_SUMATRIPTAN SUCCINATE,0.00019964547594223666,0.0008865507385111625,25,0.0006915179032749432,0.0030670455329394747,0.287151780987673,0.6422712721957106
item_TRUE METRIX AIR W/BLUETOO,0.0001949906729624699,0.0009749533648123496,25,0.0006845147393163086,0.003422573696581542,0.287151780987673,0.6422712721957106
item_APRISO,0.00019359274662547062,0.0005901189470959506,25,0.0006734774705712791,0.002047591389352355,0.287151780987673,0.6422712721957106
item_PENTOXIFYLLINE ER,0.00019032907546892127,0.0007070055013036844,25,0.0006651201521962333,0.0024753403952469306,0.287151780987673,0.6422712721957106
item_LIALDA,0.00018728575318096525,0.00040864760056606334,25,0.0006546406057666517,0.001431688299297087,0.287151780987673,0.6422712721957106
item_NORVASC,0.00018520038552107064,0.00040976417732957037,25,0.000644487515396448,0.0014268641302605674,0.287151780987673,0.6422712721957106
item_TERCONAZOLE,0.0001822221766140581,0.0005717135876258386,25,0.0006366561052585768,0.0019995982606114873,0.287151780987673,0.6422712721957106
item_IRON,0.00017955645458280988,0.0008977822729140496,25,0.0006255664749297821,0.00312783237464891,0.287151780987673,0.6422712721957106
item_ULTICARE SHORT PEN NEEDLE,0.00017920455891751703,0.0007451354690351205,25,0.0006213459228339067,0.0025781776730237206,0.287151780987673,0.6422712721957106
item_HUMULIN 70/30 KWIKPEN,0.00017751637963396647,0.0006992686405183184,25,0.0006205648224002374,0.0024427222267971675,0.287151780987673,0.6422712721957106
item_DESIPRAMINE HCL,0.00017667382645397974,0.00042565791323589155,25,0.0006153347869676709,0.0014829007537055208,0.287151780987673,0.6422712721957106
item_CALCITRATE,0.00017563778245580468,0.0005232036877941823,25,0.0006117770123446109,0.0018243032203421948,0.287151780987673,0.6422712721957106
item_DICLOXACILLIN SODIUM,0.0001745326798282052,0.0003700800967563976,25,0.0006087485389642951,0.001291350048048398,0.287151780987673,0.6422712721957106
item_HALOPERIDOL LACTATE,0.00017438835293983793,0.000737714697657762,25,0.0006109157481593747,0.002587319294268439,0.287151780987673,0.6422712721957106
item_SODIUM SULFACETAMIDE,0.0001739519072729386,0.0003035379845972447,25,0.0006047446612550874,0.0010558379015936051,0.287151780987673,0.6422712721957106
item_NOVOLIN 70/30,0.00017348609308495108,0.0004504952182907201,25,0.0006061192986524194,0.001573004161132607,0.287151780987673,0.6422712721957106
item_TRINTELLIX,0.00017308206824686331,0.0006038415604891269,25,0.0006046998604091335,0.0021104675750197315,0.287151780987673,0.6422712721957106
item_FLUNISOLIDE,0.00017155494352466698,0.0005453628269449728,25,0.0006009661744506354,0.0019117483028535064,0.287151780987673,0.6422712721957106
item_ACETAZOLAMIDE,0.00017153583141579957,0.0005937119707978195,25,0.0005965958438938182,0.0020649868151905292,0.287151780987673,0.6422712721957106
item_ZIPRASIDONE HCL,0.00017148645176333742,0.0005372831538370903,25,0.0005964089129380993,0.0018683173962796868,0.287151780987673,0.6422712721957106
item_CALCIPOTRIENE,0.00017110782902153468,0.0008555391451076735,25,0.0005990676824697504,0.0029953384123487517,0.287151780987673,0.6422712721957106
item_PROCTOSOL HC,0.0001699746211560445,0.00035807426712168626,25,0.0005907005321843162,0.0012430002005169808,0.287151780987673,0.6422712721957106
item_SODIUM CHLORIDE 0.45%,0.0001692086967157513,0.0005961505757170008,25,0.0005884841273634796,0.0020753951218651983,0.287151780987673,0.6422712721957106
item_PRILOSEC OTC,0.0001689954089990741,0.0006440212562389697,25,0.000590541129237396,0.0022508322962410264,0.287151780987673,0.6422712721957106
item_BYDUREON,0.0001678393047888806,0.0002277622291191907,25,0.0005839600188429831,0.0007929690993088008,0.287151780987673,0.6422712721957106
item_GUAIFENESIN AC,0.00016567496925091335,0.00013537620980459927,25,0.0005774689062613617,0.00047237881615806395,0.287151780987673,0.6422712721957106
item_ASPIRIN ENTERIC COATED AD,0.00016478836924379217,0.00045993791388296296,25,0.0005745196043626282,0.001603604820309692,0.287151780987673,0.6422712721957106
item_UNITHROID,0.00016150157113328304,0.0007931001261084837,25,0.0005664928754638309,0.0027822655708464425,0.287151780987673,0.6422712721957106
item_CELEBREX,0.00015775356817325403,0.0004641084543134642,25,0.0005502600419464598,0.001621210685271883,0.287151780987673,0.6422712721957106
item_SEREVENT DISKUS,0.0001571059804373388,0.0004369638384889252,25,0.0005497146518295374,0.0015293638757869598,0.287151780987673,0.6422712721957106
item_FLUVOXAMINE MALEATE,0.00015652061766169886,0.0003443537718856562,25,0.0005452966216905422,0.0011987881996916366,0.287151780987673,0.6422712721957106
item_GAVILYTE-N/FLAVOR PACK,0.00015628854443366198,0.0003653483460664802,25,0.0005438095360874399,0.0012726498086829017,0.287151780987673,0.6422712721957106
item_EDARBI,0.00015528696142275245,0.00043882628368168374,25,0.0005406729930384586,0.0015259224128587954,0.287151780987673,0.6422712721957106
item_SYSTANE,0.00015359643455131814,0.00038412046408845495,25,0.0005339969006610676,0.001332894298734943,0.287151780987673,0.6422712721957106
item_PROMETHAZINE/DEXTROMETHOR,0.0001531491787888226,0.000504217305676993,25,0.0005355915622026904,0.0017640696373413616,0.287151780987673,0.6422712721957106
item_PREVIDENT 5000 DRY MOUTH,0.00014859204217363472,0.0003874128181807103,25,0.000516723137860479,0.00134546269703201,0.287151780987673,0.6422712721957106
item_MEROPENEM,0.00014423420054218857,0.00047910962833019866,25,0.0005046895660018534,0.0016763396787553087,0.287151780987673,0.6422712721957106
item_BISACODYL EC,0.0001407324141613753,0.00036351680729335264,25,0.0004891025568674723,0.001263553819176999,0.287151780987673,0.6422712721957106
item_NOVOLIN R RELION,0.0001404733451237048,0.0003896055287576798,25,0.0004891360906419866,0.0013565668854749445,0.287151780987673,0.6422712721957106
item_GUAIFENESIN ER,0.00014017768136562474,0.0003036781202706099,25,0.0004867801724020343,0.0010562602545698958,0.287151780987673,0.6422712721957106
item_SULFASALAZINE,0.000139479654618677,0.0004190496383756217,25,0.0004853366663797404,0.0014589943917625915,0.287151780987673,0.6422712721957106
item_CLINDAMYCIN PHOSPHATE,0.00013944400691909964,0.0005690082486892798,25,0.0004859108776054302,0.0019848883615798166,0.287151780987673,0.6422712721957106
item_DESOXIMETASONE,0.0001390970252130631,0.0004769719372278712,25,0.0004839252507153538,0.0016585535242835659,0.287151780987673,0.6422712721957106
item_ESTRACE,0.00013901746981696757,0.00041540650575626396,25,0.00048258845937221566,0.0014383065421632033,0.287151780987673,0.6422712721957106
item_PEG-3350/NACL/NA BICARBON,0.00013428199614720851,0.0005001263501467686,25,0.0004686134076892058,0.0017485844696313335,0.287151780987673,0.6422712721957106
item_CAPTOPRIL,0.00013253475715460753,0.0003436170243877106,25,0.00046023970980074117,0.0011912550879162676,0.287151780987673,0.6422712721957106
item_ANTI-DIARRHEAL,0.00012965556907095448,0.0004494070558352847,25,0.000451314119833898,0.0015642539631290525,0.287151780987673,0.6422712721957106
item_PROBENECID/COLCHICINE,0.0001293651463513852,0.00037129149992857385,25,0.0004498306598841395,0.0012919997961552845,0.287151780987673,0.6422712721957106
item_OXYCODONE HCL ER,0.00012811174772287885,0.000386655895050289,25,0.00044722748590833144,0.0013478006265185347,0.287151780987673,0.6422712721957106
item_IRBESARTAN/HYDROCHLOROTHI,0.00012807043194187174,0.00035591929418619207,25,0.0004455599652287434,0.0012387101141037428,0.287151780987673,0.6422712721957106
item_CHOLESTYRAMINE LIGHT,0.00012797306046353465,0.00037393241705802727,25,0.00044459416981032214,0.0012976970610086196,0.287151780987673,0.6422712721957106
item_MONOJECT INSULIN SYRINGE/,0.00012516625345736836,0.0004424479307908206,25,0.00043517501681570507,0.0015365272296992488,0.287151780987673,0.6422712721957106
item_ZINC OXIDE,0.00012186873567494735,0.000484824058718803,25,0.0004273995036016317,0.0017014577346396895,0.287151780987673,0.6422712721957106
item_ZENPEP,0.00012178259556877613,0.0004466513941402136,25,0.00042618896011971803,0.0015637354276681675,0.287151780987673,0.6422712721957106
item_DILANTIN,0.00011936046004135176,0.000344400480048061,25,0.00041724391746449644,0.0012043323636909938,0.287151780987673,0.6422712721957106
item_LOVAZA,0.00011861699722217482,0.0002342977082893241,25,0.0004139286435910926,0.0008178133909791813,0.287151780987673,0.6422712721957106
item_VIAGRA,0.00011830347448811595,0.0004438324234490425,25,0.0004121936717604369,0.0015449954977197128,0.287151780987673,0.6422712721957106
item_PREDNISOLONE SODIUM PHOSP,0.00011813343042613712,0.0005906671521306857,25,0.0004132919754801596,0.002066459877400798,0.287151780987673,0.6422712721957106
item_SF,0.0001180726192628416,0.00031461831273498777,25,0.00041169818503160554,0.0010963467803462928,0.287151780987673,0.6422712721957106
item_AZOPT,0.000117797261495882,0.0004225593403627799,25,0.00041086842794263873,0.0014720100262362505,0.287151780987673,0.6422712721957106
item_DIFLUNISAL,0.00011712181268868625,0.0005377236238539233,25,0.0004089982289622056,0.001878229314925569,0.287151780987673,0.6422712721957106
item_TRIAZOLAM,0.00011558817754754847,0.0005779408877377425,25,0.00040202600655248397,0.00201013003276242,0.287151780987673,0.6422712721957106
item_BD PEN NEEDLE/ORIGINAL/UL,0.00011549177176698887,0.00034291840204981694,25,0.00040297716370380626,0.0011978415639350443,0.287151780987673,0.6422712721957106
item_VERAPAMIL HCL SR,0.00011535178959434461,0.0004615116739375257,25,0.00040181110804827537,0.0016079457522397437,0.287151780987673,0.6422712721957106
item_DELZICOL,0.00011312885062939429,0.0002226334612181713,25,0.0003936897758402721,0.0007745073855150458,0.287151780987673,0.6422712721957106
item_ZYLET,0.0001131195124144317,0.00041214540351895414,25,0.00039359456516289493,0.0014335923444111821,0.287151780987673,0.6422712721957106
item_CEVIMELINE HYDROCHLORIDE,0.00011299038478353312,0.0005649519239176656,25,0.0003952989358642868,0.001976494679321434,0.287151780987673,0.6422712721957106
item_RIFAMPIN,0.00011296318771497102,0.0002601490901764459,25,0.00039190076627344334,0.0009031757338749455,0.287151780987673,0.6422712721957106
item_BETAMETHASONE VALERATE,0.00011277974240983334,0.0004059490472498826,25,0.00039115820500676407,0.0014067711504528182,0.287151780987673,0.6422712721957106
item_SULINDAC,0.00011092899401668386,0.0003453894368218079,25,0.0003881349610115727,0.0012092246674343403,0.287151780987673,0.6422712721957106
item_HEPARIN SODIUM,0.0001108578433860717,0.0005542892169303585,25,0.00038684539706384456,0.001934226985319223,0.287151780987673,0.6422712721957106
item_FLUOCINOLONE ACETONIDE,0.00010781141266521461,0.0004971398653889674,25,0.00037340710070700873,0.0017208352268148462,0.287151780987673,0.6422712721957106
item_ZOLPIDEM TARTRATE ER,0.00010746442273448689,0.00037260376746705616,25,0.00037489148989907045,0.0013001446771280227,0.287151780987673,0.6422712721957106
item_CLOZAPINE,0.00010692241700569898,0.0004350933357735902,25,0.00037013379863315275,0.0015060750836805253,0.287151780987673,0.6422712721957106
item_NATURAL BALANCE TEARS,0.0001066354802903801,0.00044921508480997153,25,0.0003722486319678014,0.0015689187514821015,0.287151780987673,0.6422712721957106
item_ACIPHEX,0.00010434042620552251,0.0005217021310276126,25,0.0003635172724128219,0.0018175863620641095,0.287151780987673,0.6422712721957106
item_DUTASTERIDE/TAMSULOSIN HY,0.00010240900126900658,0.00039931079899539437,25,0.0003548136883321552,0.0013821488312076185,0.287151780987673,0.6422712721957106
item_HYDROCORTISONE VALERATE,0.00010171508550442293,0.00030677677627466974,25,0.000353020247416734,0.0010634765727253453,0.287151780987673,0.6422712721957106
item_GLEEVEC,0.00010085105454049923,0.00016199348052341886,25,0.00035130973296475064,0.0005646971416736807,0.287151780987673,0.6422712721957106
item_SODIUM CHLORIDE 0.9%,0.00010029885858045316,0.0005014942929022658,25,0.000351334288857806,0.0017566714442890298,0.287151780987673,0.6422712721957106
item_TROPICAMIDE,9.990746422996215e-05,0.0003457963903528779,25,0.00034927059744137816,0.0012088632614570716,0.287151780987673,0.6422712721957106
item_BETAXOLOL HCL,9.802517887677456e-05,0.0004901258943838728,25,0.00033944035517927774,0.0016972017758963888,0.287151780987673,0.6422712721957106
item_ISRADIPINE,9.774067281013493e-05,0.0002824798786352495,25,0.0003403722398958525,0.0009838129160782774,0.287151780987673,0.6422712721957106
item_PHARMACIST CHOICE ALCOHOL,9.70462559455613e-05,0.00048523127972780643,25,0.00033753554694306823,0.0016876777347153414,0.287151780987673,0.6422712721957106
item_ENBREL SURECLICK,9.680087837205236e-05,0.00027156194371934163,25,0.00033788232903822794,0.0009471498307538264,0.287151780987673,0.6422712721957106
item_ADCIRCA,9.6697564653436e-05,0.00019651899229803895,25,0.0003373336341810218,0.0006855243931585691,0.287151780987673,0.6422712721957106
item_INVOKANA,9.50738948109074e-05,0.000295265876674021,25,0.0003305247184037119,0.0010252894694452765,0.287151780987673,0.6422712721957106
item_INSULIN SYRINGE/U-100/1ML,9.490891005334741e-05,0.0003652610528624596,25,0.00033209920234160347,0.001277962525258998,0.287151780987673,0.6422712721957106
item_AMILORIDE HCL,9.234115581604632e-05,0.000321982391703313,25,0.0003222630176725821,0.0011250771022104627,0.287151780987673,0.6422712721957106
item_CERTAVITE/ANTIOXIDANTS,9.166808753384838e-05,0.00045834043766924184,25,0.00031936742410815114,0.0015968371205407558,0.287151780987673,0.6422712721957106
item_DIPYRIDAMOLE,9.143714285478056e-05,0.00045718571427390286,25,0.00032099008149541063,0.0016049504074770534,0.287151780987673,0.6422712721957106
item_BUPRENORPHINE,8.789255692103838e-05,0.00031837091537723045,25,0.00030794099492030785,0.0011159901825845361,0.287151780987673,0.6422712721957106
item_GUANFACINE HCL,8.753220125428436e-05,0.0002680027214753738,25,0.00030412411772814,0.000930342763781537,0.287151780987673,0.6422712721957106
item_MESALAMINE DR,8.6889327841833e-05,0.00043444663920916504,25,0.0003022088437194375,0.001511044218597188,0.287151780987673,0.6422712721957106
item_NOVOLIN 70/30 RELION,8.50173163579617e-05,0.0004250865817898084,25,0.0002961964415348389,0.0014809822076741943,0.287151780987673,0.6422712721957106
item_VITAMIN B-6,8.403280862313789e-05,0.00042016404311568946,25,0.000293098527715901,0.001465492638579505,0.287151780987673,0.6422712721957106
item_PROTONIX,8.361535372057967e-05,0.00038611912945678793,25,0.0002898456199488089,0.001337914382333954,0.287151780987673,0.6422712721957106
item_DENTA 5000 PLUS,8.348255319104062e-05,0.0002557843228297496,25,0.00029064417574132335,0.0008908927376992544,0.287151780987673,0.6422712721957106
item_CLOBETASOL PROPIONATE EMO,8.18557320851986e-05,0.00032587313258469264,25,0.00028543177544604516,0.0011380431454687523,0.287151780987673,0.6422712721957106
item_TRANSDERM-SCOP,8.146751389607549e-05,0.0002823424663828689,25,0.000282632267851316,0.000977723700490893,0.287151780987673,0.6422712721957106
item_THERA-M,8.03885759169136e-05,0.0003649308113940399,25,0.00028060007987416066,0.0012746346980366048,0.287151780987673,0.6422712721957106
item_ZOSTAVAX,7.980524747844498e-05,0.0002970614362874496,25,0.0002782524794181429,0.001036118661036664,0.287151780987673,0.6422712721957106
item_READI-CAT 2,7.843489187057334e-05,0.00017126414390599107,25,0.0002729503154939756,0.0005961860277016979,0.287151780987673,0.6422712721957106
item_AVODART,7.827169275464232e-05,0.0002886359572097832,25,0.0002717913770066513,0.0010010020009170776,0.287151780987673,0.6422712721957106
item_VITAMIN B-1,7.803002331158335e-05,0.00037838268975719876,25,0.00027159358628120884,0.0013168785951883726,0.287151780987673,0.6422712721957106
item_FREESTYLE LANCETS,7.73268772190611e-05,0.00029771863977601633,25,0.00026969199395124717,0.0010370257569173296,0.287151780987673,0.6422712721957106
item_BAC,7.708279975240356e-05,0.00027843612406307694,25,0.0002692496655586931,0.0009743866710572448,0.287151780987673,0.6422712721957106
item_MATZIM LA,7.618013179255956e-05,0.00028089925867492543,25,0.00026478442207726664,0.0009746868637441457,0.287151780987673,0.6422712721957106
item_ZIOPTAN,7.506753487484459e-05,0.00037533767437422297,25,0.0002610915917854884,0.0013054579589274421,0.287151780987673,0.6422712721957106
item_LIPITOR,7.462051296051756e-05,0.0002783252227978165,25,0.00026038816409430164,0.0009715578590886565,0.287151780987673,0.6422712721957106
item_PEG-3350/ELECTROLYTES,7.437854300303269e-05,0.00027308577598172967,25,0.000260207714199583,0.0009556928427285064,0.287151780987673,0.6422712721957106
item_BD INSULIN SYRINGE ULTRAF,7.400914424574031e-05,0.0003700457212287016,25,0.000258689641649861,0.001293448208249305,0.287151780987673,0.6422712721957106
item_ZALEPLON,7.354208535665226e-05,0.00020596941653133977,25,0.0002558277176941684,0.0007163124901638807,0.287151780987673,0.6422712721957106
item_DICLOFENAC POTASSIUM,7.212346873938754e-05,0.00018847855938106627,25,0.00025129815674848085,0.0006565336864117012,0.287151780987673,0.6422712721957106
item_BYDUREON PEN,7.102069833128906e-05,0.0002458517550754394,25,0.0002473002930680574,0.0008560687416600475,0.287151780987673,0.6422712721957106
item_ARTIFICIAL TEARS,7.061808629740822e-05,0.0002414141330176906,25,0.0002468117518111031,0.0008459819070136743,0.287151780987673,0.6422712721957106
item_TERBINAFINE HCL,7.057069830725009e-05,0.00035285349153625043,25,0.0002462608776599287,0.0012313043882996436,0.287151780987673,0.6422712721957106
item_DIPHENHYDRAMINE HCL,6.992926914342056e-05,0.0003496463457171029,25,0.0002429837671484562,0.001214918835742281,0.287151780987673,0.6422712721957106
item_TAMIFLU,6.921778333491427e-05,0.00011930180216298247,25,0.00024103272043077888,0.00041557557212528866,0.287151780987673,0.6422712721957106
item_AZELASTINE HCL,6.869615976624843e-05,0.00019917280483033108,25,0.0002397549066505018,0.000696049289089462,0.287151780987673,0.6422712721957106
item_DOCQLACE,6.856380264469333e-05,0.00018619004849692244,25,0.00023941392599351356,0.0006499295945683794,0.287151780987673,0.6422712721957106
item_ANUSOL-HC,6.838982249784842e-05,0.0003008477502293964,25,0.0002370952602277678,0.0010419095069031546,0.287151780987673,0.6422712721957106
item_ONETOUCH VERIO IQ BLOOD G,6.640083145429525e-05,0.0002490573752684483,25,0.00023034866614919208,0.000862473006569079,0.287151780987673,0.6422712721957106
item_SULFACETAMIDE SODIUM,6.534488253310691e-05,0.0003267244126655345,25,0.00022824793473564896,0.001141239673678245,0.287151780987673,0.6422712721957106
item_FLOVENT DISKUS,6.51973723661966e-05,0.000296221172002798,25,0.00022586976821194798,0.001025782500082876,0.287151780987673,0.6422712721957106
item_NYSTATIN/TRIAMCINOLONE,6.493376931456386e-05,0.00024827153156175717,25,0.00022732095996282192,0.0008694500317344761,0.287151780987673,0.6422712721957106
item_MINOCYCLINE HCL,6.486918509456507e-05,0.0002438888206462544,25,0.0002250353594707284,0.000845260757527651,0.287151780987673,0.6422712721957106
item_KIONEX,6.426266706992327e-05,0.00017404252608269646,25,0.00022426441788647947,0.000609477565814334,0.287151780987673,0.6422712721957106
item_CALCIUM,6.17403269910986e-05,0.00028207184922615235,25,0.00021412172889729772,0.000977421230417142,0.287151780987673,0.6422712721957106
item_ROBAFEN DM,6.1004138244968317e-05,0.00019534874720666747,25,0.0002133080837746764,0.0006832482319147098,0.287151780987673,0.6422712721957106
item_RA COL-RITE,6.041688971313039e-05,0.0003020844485656519,25,0.00021048968031741667,0.0010524484015870833,0.287151780987673,0.6422712721957106
item_TIKOSYN,6.0302780409963005e-05,0.00021893842427058463,25,0.00020924248381066414,0.0007578943907173983,0.287151780987673,0.6422712721957106
item_EASY TOUCH PEN NEEDLES/31,5.984733259335742e-05,0.0002074530515885427,25,0.00020942513903375565,0.0007259902004073635,0.287151780987673,0.6422712721957106
item_FLUOCINOLONE ACETONIDE SC,5.9066578730604834e-05,0.0002953098234835592,25,0.00020631798672727912,0.0010315093501487487,0.287151780987673,0.6422712721957106
item_SENNA,5.872293052864512e-05,0.0002008304221282271,25,0.0002048394829159932,0.000701155976661774,0.287151780987673,0.6422712721957106
item_ESTRING,5.8441434331378336e-05,0.00021522436221125196,25,0.00020343072700138327,0.0007503586048818142,0.287151780987673,0.6422712721957106
item_ONGLYZA,5.8405300978935264e-05,0.0002920265048946764,25,0.0002031388539229999,0.0010156942696149995,0.287151780987673,0.6422712721957106
item_OXAPROZIN,5.829094529032818e-05,0.00017358550375417723,25,0.0002028666434467989,0.0006039567576404494,0.287151780987673,0.6422712721957106
item_ARNUITY ELLIPTA,5.6346317285871546e-05,0.00028173158642935773,25,0.0001950387040839453,0.0009751935204197264,0.287151780987673,0.6422712721957106
item_HUMALOG MIX 75/25,5.6225126945623424e-05,0.0002528205735619944,25,0.00019551607340573902,0.0008785320465575457,0.287151780987673,0.6422712721957106
item_DILTIAZEM CD,5.5635419869809085e-05,0.00015099335185849062,25,0.00019370675842015115,0.000526574060944738,0.287151780987673,0.6422712721957106
item_CHANTIX STARTING MONTH PA,5.4438485019430736e-05,0.00018841826859497678,25,0.00018990017054479745,0.0006572790805996022,0.287151780987673,0.6422712721957106
item_THIOTHIXENE,5.4386216765307293e-05,0.00021323214464415583,25,0.00018984954181917152,0.0007446511238962764,0.287151780987673,0.6422712721957106
item_STROVITE ONE,5.415238580726692e-05,0.00022096243136953607,25,0.0001889043410885219,0.000771960736005786,0.287151780987673,0.6422712721957106
item_CEFPODOXIME PROXETIL,5.395451506886035e-05,0.00026977257534430176,25,0.0001870534471449465,0.0009352672357247324,0.287151780987673,0.6422712721957106
item_PROGESTERONE,5.251179726606378e-05,0.000246026966021064,25,0.00018277998355606542,0.0008566643389226945,0.287151780987673,0.6422712721957106
item_ESTROPIPATE,5.233298712739508e-05,0.00026096296140582604,25,0.00018321040363364027,0.0009135877461358158,0.287151780987673,0.6422712721957106
item_MONUROL,5.223514291498858e-05,0.0002611757145749429,25,0.00018099294973138042,0.0009049647486569022,0.287151780987673,0.6422712721957106
item_AMILORIDE/HYDROCHLOROTHIA,5.180132908361762e-05,0.00024450883088665765,25,0.00018083476936768046,0.0008540540676732047,0.287151780987673,0.6422712721957106
item_PRALUENT,5.179506074336123e-05,0.00023673664261971377,25,0.00017940788724498972,0.0008192776462806619,0.287151780987673,0.6422712721957106
item_CARISOPRODOL,5.051535759170056e-05,0.0002525767879585028,25,0.00017475461722916998,0.0008737730861458499,0.287151780987673,0.6422712721957106
item_OMEPRAZOLE/SODIUM BICARBO,4.9795888036234724e-05,0.00024631282587106007,25,0.0001748045963699223,0.0008646818962033801,0.287151780987673,0.6422712721957106
item_ECONAZOLE NITRATE,4.9375775981947414e-05,0.00020682688355360424,25,0.0001727531105123787,0.0007240861823459597,0.287151780987673,0.6422712721957106
item_ASACOL HD,4.9175304342122985e-05,0.00018682100660614355,25,0.00017220169698984106,0.0006552240788046215,0.287151780987673,0.6422712721957106
item_PARICALCITOL,4.907520051580729e-05,0.00020420574344394839,25,0.0001705888847517507,0.0007101592405498431,0.287151780987673,0.6422712721957106
item_PERINDOPRIL ERBUMINE,4.862431515773996e-05,0.00015773008677332515,25,0.00016843395984862637,0.0005460400930377143,0.287151780987673,0.6422712721957106
item_LASIX,4.8147695366352876e-05,0.00024073847683176437,25,0.00016902248010972044,0.0008451124005486023,0.287151780987673,0.6422712721957106
item_FOSINOPRIL SODIUM/HYDROCH,4.8143059108806984e-05,0.00018549573571826356,25,0.00016827831694363603,0.0006489910172320301,0.287151780987673,0.6422712721957106
item_NOVOTWIST PEN NEEDLE 32G,4.7093206511155843e-05,0.00016341027859489643,25,0.00016397543818390378,0.000569238926315351,0.287151780987673,0.6422712721957106
item_OTEZLA,4.708652094412194e-05,0.0001635925794802847,25,0.00016446225238130844,0.0005713135034669433,0.287151780987673,0.6422712721957106
item_COSOPT PF,4.7084987601191485e-05,0.0001408811202493615,25,0.0001644307761323121,0.0004923633853521966,0.287151780987673,0.6422712721957106
item_DIOVAN HCT,4.560586256273849e-05,0.00022802931281369247,25,0.00015786139647315278,0.000789306982365764,0.287151780987673,0.6422712721957106
item_PRAZOSIN HCL,4.550310317709213e-05,0.00022751551588546064,25,0.0001593916483378869,0.0007969582416894345,0.287151780987673,0.6422712721957106
item_UNIFINE PENTIPS 31G X 3/1,4.524191299786942e-05,0.00012299066821497582,25,0.00015746464219555182,0.0004272222214367212,0.287151780987673,0.6422712721957106
item_BETIMOL,4.487835791839828e-05,0.00022439178959199143,25,0.0001567133722647636,0.000783566861323818,0.287151780987673,0.6422712721957106
item_ALCOHOL PREP PADS,4.3859411425225616e-05,0.00021929705712612807,25,0.00015315525319559465,0.0007657762659779733,0.287151780987673,0.6422712721957106
item_ULTICARE INSULIN SYRINGE/,4.326006267429825e-05,0.0001732774234592001,25,0.00015059474327320594,0.0006028301718053597,0.287151780987673,0.6422712721957106
item_VITAMIN E,4.3220914235041285e-05,0.00021610457117520642,25,0.00015042115832235376,0.0007521057916117688,0.287151780987673,0.6422712721957106
item_NATURE-THROID,4.274277710602072e-05,0.00015026118563575864,25,0.0001491530125358726,0.0005238808738884654,0.287151780987673,0.6422712721957106
item_CYCLOPENTOLATE HCL,3.90432203785439e-05,0.00019521610189271948,25,0.0001366946894369535,0.0006834734471847674,0.287151780987673,0.6422712721957106
item_AUGMENTED BETAMETHASONE D,3.885701947783476e-05,0.0001942850973891738,25,0.0001355296269039089,0.0006776481345195445,0.287151780987673,0.6422712721957106
item_ESTAZOLAM,3.86644109230786e-05,0.00013124589817978553,25,0.00013475016786430925,0.0004581853764396121,0.287151780987673,0.6422712721957106
item_ALCLOMETASONE DIPROPIONAT,3.7903099794916586e-05,0.00014431562375101102,25,0.00013157088769511318,0.000500263024004546,0.287151780987673,0.6422712721957106
item_DEXTROAMPHETAMINE SULFATE,3.560957149778964e-05,0.0001615749562847756,25,0.00012445430997139127,0.0005652345253249888,0.287151780987673,0.6422712721957106
item_POTASSIUM CHLORIDE SR,3.5312956309467836e-05,0.00017656478154733917,25,0.0001227021997845469,0.0006135109989227346,0.287151780987673,0.6422712721957106
item_RISPERIDONE ODT,3.4910024705737066e-05,0.00017455012352868534,25,0.00012142018430321458,0.0006071009215160728,0.287151780987673,0.6422712721957106
item_COMFORT ASSIST INSULIN SY,3.425525800280325e-05,0.00017127629001401624,25,0.0001183861573328108,0.0005919307866640539,0.287151780987673,0.6422712721957106
item_PERPHENAZINE,3.39515776699307e-05,0.0001697578883496535,25,0.00011892810710998798,0.0005946405355499399,0.287151780987673,0.6422712721957106
item_NOVOLIN N RELION,3.3823908273644004e-05,0.0001528192494019532,25,0.00011814190578777018,0.0005336485586166244,0.287151780987673,0.6422712721957106
item_TRUEPLUS LANCETS 33G,3.327149912740034e-05,0.00016635749563700166,25,0.00011510060250676679,0.0005755030125338339,0.287151780987673,0.6422712721957106
item_BIDIL,3.316545776908723e-05,0.00012810043060515193,25,0.00011574299611854612,0.00044689983497555653,0.287151780987673,0.6422712721957106
item_VIVELLE-DOT,3.281612538467775e-05,0.00016408062692338873,25,0.000113590645784559,0.000567953228922795,0.287151780987673,0.6422712721957106
item_KOMBIGLYZE XR,3.2583381453027134e-05,0.00016291690726513567,25,0.00011272010385196813,0.0005636005192598406,0.287151780987673,0.6422712721957106
item_SURE COMFORT PEN NEEDLES,3.235586682293579e-05,0.00016177933411467893,25,0.00011204148824168018,0.0005602074412084009,0.287151780987673,0.6422712721957106
item_PAROXETINE HCL ER,3.1545139407457444e-05,0.0001577256970372872,25,0.00011007874234946025,0.0005503937117473012,0.287151780987673,0.6422712721957106
item_BROMFENAC,3.0388254973828612e-05,0.00013762560900803457,25,0.00010573615313113576,0.0004786879021224116,0.287151780987673,0.6422712721957106
item_CEFADROXIL,2.999369661908293e-05,0.00014996848309541466,25,0.00010476718364173013,0.0005238359182086507,0.287151780987673,0.6422712721957106
item_VIREAD,2.9945285610879398e-05,9.72695221813832e-05,25,0.00010454252982194909,0.0003394833960311667,0.287151780987673,0.6422712721957106
item_NUCYNTA,2.9896334080862773e-05,0.00014948167040431388,25,0.00010388102103567163,0.0005194051051783581,0.287151780987673,0.6422712721957106
item_TRUEPLUS LANCETS 30G ULTR,2.9882047895455552e-05,0.00014941023947727776,25,0.00010444893452857752,0.0005222446726428876,0.287151780987673,0.6422712721957106
item_DESONIDE,2.95714788457308e-05,0.00010075640463408062,25,0.00010276752160074087,0.00035062111873595045,0.287151780987673,0.6422712721957106
item_OLMESARTAN MEDOXOMIL/AMLO,2.9291833256221358e-05,0.00014645916628110682,25,0.00010247801649566488,0.0005123900824783243,0.287151780987673,0.6422712721957106
item_REPAGLINIDE,2.860290932709782e-05,0.00014301454663548908,25,9.988017799989817e-05,0.0004994008899994909,0.287151780987673,0.6422712721957106
item_PREVIDENT 5000 PLUS,2.8489831771125837e-05,0.00014244915885562918,25,9.8615493183319e-05,0.0004930774659165949,0.287151780987673,0.6422712721957106
item_ENTACAPONE,2.835726099187157e-05,0.00014178630495935784,25,9.879540024648727e-05,0.0004939770012324364,0.287151780987673,0.6422712721957106
item_RELION PEN NEEDLES 31GX6M,2.8286999843405453e-05,0.00014143499921702725,25,9.930151032186005e-05,0.0004965075516093003,0.287151780987673,0.6422712721957106
item_BELSOMRA,2.694854856362736e-05,0.0001347427428181368,25,9.413056256784778e-05,0.000470652812839239,0.287151780987673,0.6422712721957106
item_SF 5000 PLUS,2.6459453950221883e-05,0.0001322972697511094,25,9.20864767025804e-05,0.00046043238351290203,0.287151780987673,0.6422712721957106
item_PROPYLTHIOURACIL,2.579557576903479e-05,0.0001285203926717306,25,9.010317002399716e-05,0.000448918326535142,0.287151780987673,0.6422712721957106
item_AMPHETAMINE/DEXTROAMPHETA,2.575756617089624e-05,0.00010181305800360245,25,9.011718229544418e-05,0.0003570253372969683,0.287151780987673,0.6422712721957106
item_CYPROHEPTADINE HYDROCHLOR,2.5636103366914864e-05,0.00012818051683457433,25,8.954622644249663e-05,0.0004477311322124832,0.287151780987673,0.6422712721957106
item_ZETIA,2.4844209283931624e-05,8.351618065776702e-05,25,8.705746987449595e-05,0.00029315473136383305,0.287151780987673,0.6422712721957106
item_ARMOUR THYROID,2.4826309152223297e-05,8.800676133670002e-05,25,8.634832060473621e-05,0.0003058348939137128,0.287151780987673,0.6422712721957106
item_ENULOSE,2.4791605649157975e-05,0.00012395802824578987,25,8.651186274478556e-05,0.00043255931372392786,0.287151780987673,0.6422712721957106
item_CABERGOLINE,2.4420342112437995e-05,0.00012210171056218995,25,8.543501528012689e-05,0.0004271750764006345,0.287151780987673,0.6422712721957106
item_CVS STOOL SOFTENER,2.3967184946685184e-05,0.00011983592473342591,25,8.371673883929051e-05,0.0004185836941964527,0.287151780987673,0.6422712721957106
item_NOVOFINE PEN NEEDLE 32G X,2.3812639578892667e-05,8.316393749621342e-05,25,8.301567235906062e-05,0.0002897793107294669,0.287151780987673,0.6422712721957106
item_BAYER MICROLET LANCETS,2.3642101220981204e-05,0.00011821050610490603,25,8.276707115115683e-05,0.00041383535575578414,0.287151780987673,0.6422712721957106
item_ENBREL,2.2437445738073088e-05,0.00011218722869036545,25,7.808873637799137e-05,0.0003904436818899569,0.287151780987673,0.6422712721957106
item_FORTEO,2.228993982025954e-05,0.0001114496991012977,25,7.703402269760119e-05,0.000385170113488006,0.287151780987673,0.6422712721957106
item_CEFPROZIL,2.166937251235932e-05,7.631581262324877e-05,25,7.492708452976177e-05,0.00026385065675279726,0.287151780987673,0.6422712721957106
item_OXAZEPAM,2.162756780375658e-05,0.0001081378390187829,25,7.543492101740214e-05,0.00037717460508701064,0.287151780987673,0.6422712721957106
item_LEUCOVORIN CALCIUM,2.1554277678829434e-05,0.00010777138839414719,25,7.534026268759228e-05,0.00037670131343796136,0.287151780987673,0.6422712721957106
item_OFEV,2.1053487532414176e-05,0.00010526743766207087,25,7.2949600555818e-05,0.00036474800277909,0.287151780987673,0.6422712721957106
item_CHLORDIAZEPOXIDE HYDROCHL,2.022545116489311e-05,0.00010112725582446556,25,7.062644010705406e-05,0.00035313220053527033,0.287151780987673,0.6422712721957106
item_SENNA PLUS,1.9848935634143825e-05,9.924467817071913e-05,25,6.937945437226639e-05,0.000346897271861332,0.287151780987673,0.6422712721957106
item_SINGULAIR,1.9237418028826512e-05,8.252469225245802e-05,25,6.732450206130118e-05,0.0002888904009512483,0.287151780987673,0.6422712721957106
item_SILENOR,1.9040007244381677e-05,9.268629908777016e-05,25,6.600835294471448e-05,0.0003213316917683161,0.287151780987673,0.6422712721957106
item_CARDIZEM LA,1.885624644239757e-05,8.186775632154585e-05,25,6.558804880039996e-05,0.00028450625848869656,0.287151780987673,0.6422712721957106
item_KETOPROFEN,1.8535791450102092e-05,4.9950509996580795e-05,25,6.449477729704704e-05,0.00017376060305835717,0.287151780987673,0.6422712721957106
item_CAREONE UNIFINE PENTIPS P,1.823012829730482e-05,6.442166486654893e-05,25,6.348207267097812e-05,0.00022406205655992062,0.287151780987673,0.6422712721957106
item_LATUDA,1.7903313235784974e-05,6.451424865790607e-05,25,6.24464207918761e-05,0.0002248881800485308,0.287151780987673,0.6422712721957106
item_TRUE METRIX BLOOD GLUCOSE,1.7884090061206722e-05,8.942045030603361e-05,25,6.246865038021356e-05,0.00031234325190106785,0.287151780987673,0.6422712721957106
item_CALCITONIN SALMON,1.7603624845545602e-05,8.801812422772802e-05,25,6.175489648811437e-05,0.00030877448244057186,0.287151780987673,0.6422712721957106
item_LEVITRA,1.752272055253191e-05,8.500651030549265e-05,25,6.0738740024012725e-05,0.00029454325053986796,0.287151780987673,0.6422712721957106
item_LEVOBUNOLOL HCL,1.7518781867260667e-05,8.298464637219519e-05,25,6.13023664607476e-05,0.0002905364467182044,0.287151780987673,0.6422712721957106
item_GLYBURIDE/METFORMIN HYDRO,1.7503299568368984e-05,8.751649784184492e-05,25,6.0818849084888465e-05,0.00030409424542444236,0.287151780987673,0.6422712721957106
item_BROMOCRIPTINE MESYLATE,1.7405097311042677e-05,6.0327897802528576e-05,25,6.0704624956213563e-05,0.000210395286981873,0.287151780987673,0.6422712721957106
item_INVANZ,1.727972973878455e-05,5.654468818247968e-05,25,6.009266101016454e-05,0.0001967493644927651,0.287151780987673,0.6422712721957106
item_BENICAR HCT,1.6165817097652162e-05,4.7908819843575775e-05,25,5.638484383920063e-05,0.00016709089704883327,0.287151780987673,0.6422712721957106
item_HARVONI,1.5970385330416e-05,6.018841750213641e-05,25,5.587006635616467e-05,0.00021071576090620913,0.287151780987673,0.6422712721957106
item_EFFIENT,1.570568041547206e-05,2.986366394439779e-05,25,5.4780516523106575e-05,0.00010410478917826594,0.287151780987673,0.6422712721957106
item_ISONIAZID,1.5562535110048273e-05,5.408671400848703e-05,25,5.450109027329694e-05,0.00018941993248229954,0.287151780987673,0.6422712721957106
item_BYETTA,1.5548122139451443e-05,7.77406106972572e-05,25,5.373430361202436e-05,0.0002686715180601218,0.287151780987673,0.6422712721957106
item_SEROQUEL XR,1.5068251880629795e-05,2.862184942567679e-05,25,5.257614179785591e-05,9.994153009963056e-05,0.287151780987673,0.6422712721957106
item_NATEGLINIDE,1.4958558873367636e-05,6.133314752790979e-05,25,5.179280651950581e-05,0.00021222223183255576,0.287151780987673,0.6422712721957106
item_RETIN-A,1.4797885093135923e-05,7.33050667848876e-05,25,5.167177327004005e-05,0.00025597856476090847,0.287151780987673,0.6422712721957106
item_TRICOR,1.4699759628319026e-05,4.264577829533152e-05,25,5.111854134092542e-05,0.0001482307523058502,0.287151780987673,0.6422712721957106
item_YUVAFEM,1.459413574772593e-05,7.297067873862966e-05,25,5.123271218631161e-05,0.00025616356093155805,0.287151780987673,0.6422712721957106
item_PREVALITE,1.3653431190751412e-05,6.826715595375706e-05,25,4.779839576270311e-05,0.00023899197881351554,0.287151780987673,0.6422712721957106
item_SCOPOLAMINE,1.3649448467085346e-05,6.824724233542672e-05,25,4.750398933522912e-05,0.00023751994667614565,0.287151780987673,0.6422712721957106
item_PRISTIQ,1.3496614449996565e-05,6.23362535672021e-05,25,4.7087537966101785e-05,0.00021752535450763157,0.287151780987673,0.6422712721957106
item_QVAR,1.2977725741632373e-05,5.88254919235969e-05,25,4.4950896649022644e-05,0.0002036226790972838,0.287151780987673,0.6422712721957106
item_NASONEX,1.2532933769986234e-05,2.964123627113162e-05,25,4.357110241832429e-05,0.00010303902642642271,0.287151780987673,0.6422712721957106
item_TRIPLE ANTIBIOTIC,1.2282455178720923e-05,6.141227589360461e-05,25,4.290228889164908e-05,0.00021451144445824537,0.287151780987673,0.6422712721957106
item_PEG 3350/ELECTROLYTES,1.150431876505831e-05,5.7521593825291545e-05,25,3.9862063579048804e-05,0.000199310317895244,0.287151780987673,0.6422712721957106
item_BANZEL,1.1240090053166063e-05,2.6671692584661262e-05,25,3.927158822796402e-05,9.324849629881702e-05,0.287151780987673,0.6422712721957106
item_HUMIRA,1.0900087972767579e-05,5.450043986383789e-05,25,3.787461917327701e-05,0.00018937309586638507,0.287151780987673,0.6422712721957106
item_NOVOLOG MIX 70/30,1.0680926069616937e-05,5.3404630348084675e-05,25,3.7413940877518544e-05,0.0001870697043875927,0.287151780987673,0.6422712721957106
item_PLAVIX,1.0200322736408567e-05,5.1001613682042834e-05,25,3.568601638891165e-05,0.00017843008194455825,0.287151780987673,0.6422712721957106
item_EASY TOUCH INSULIN SYRING,9.55254138149057e-06,4.6850473768333525e-05,25,3.350516614293418e-05,0.00016435581203226156,0.287151780987673,0.6422712721957106
item_EPIPEN 2-PAK,9.456242110856763e-06,4.728121055428382e-05,25,3.2765549350626006e-05,0.00016382774675313002,0.287151780987673,0.6422712721957106
item_TAMOXIFEN CITRATE,9.454954634391691e-06,4.727477317195845e-05,25,3.267631926258104e-05,0.0001633815963129052,0.287151780987673,0.6422712721957106
item_ELMIRON,9.411462392760784e-06,4.705731196380392e-05,25,3.278910450004633e-05,0.0001639455225002317,0.287151780987673,0.6422712721957106
item_RISAMINE,9.349502102880012e-06,2.469760944741976e-05,25,3.260378883423447e-05,8.608382672228451e-05,0.287151780987673,0.6422712721957106
item_XIIDRA,9.157130467521124e-06,4.578565233760563e-05,25,3.190302370554666e-05,0.00015951511852773333,0.287151780987673,0.6422712721957106
item_GLYBURIDE MICRONIZED,9.11275447759759e-06,4.556377238798796e-05,25,3.183060874293981e-05,0.00015915304371469906,0.287151780987673,0.6422712721957106
item_ENDOCET,9.100872764968456e-06,4.550436382484228e-05,25,3.168949060465514e-05,0.0001584474530232757,0.287151780987673,0.6422712721957106
item_PATADAY,8.931797519364931e-06,4.317146581270007e-05,25,3.0917080851470805e-05,0.00014938254474555258,0.287151780987673,0.6422712721957106
item_TARCEVA,8.554876893393604e-06,4.2774384466968015e-05,25,2.9565650966086515e-05,0.00014782825483043257,0.287151780987673,0.6422712721957106
item_TOBRAMYCIN SULFATE,8.329997853748926e-06,4.164998926874462e-05,25,2.8863152250962225e-05,0.00014431576125481114,0.287151780987673,0.6422712721957106
item_SAVAYSA,7.977131914221854e-06,3.988565957110927e-05,25,2.786390936753898e-05,0.00013931954683769492,0.287151780987673,0.6422712721957106
item_ANDROGEL PUMP,7.668600621509486e-06,1.839924057031623e-05,25,2.6588512329848674e-05,6.374394437658167e-05,0.287151780987673,0.6422712721957106
item_UNIFINE PENTIPS 31GX8MM,7.57070169477666e-06,3.7853508473883304e-05,25,2.650376969368875e-05,0.00013251884846844373,0.287151780987673,0.6422712721957106
item_TAZTIA XT,6.691129740640847e-06,2.5163777051755527e-05,25,2.3356442790876344e-05,8.787154189904373e-05,0.287151780987673,0.6422712721957106
item_TOBRADEX,6.322827398762553e-06,3.161413699381276e-05,25,2.1969976795122122e-05,0.00010984988397561062,0.287151780987673,0.6422712721957106
item_K-TAB,6.25030979967388e-06,3.12515489983694e-05,25,2.1752867947856956e-05,0.00010876433973928476,0.287151780987673,0.6422712721957106
item_LIDODERM,6.047678900785424e-06,3.0238394503927126e-05,25,2.118425868369643e-05,0.00010592129341848217,0.287151780987673,0.6422712721957106
item_LIQUITEARS,5.9728515674526885e-06,2.3012258476868817e-05,25,2.075589576297914e-05,8.004163117050544e-05,0.287151780987673,0.6422712721957106
item_NISOLDIPINE ER,5.778337523993745e-06,2.8891687619968724e-05,25,2.018357911025182e-05,0.00010091789555125911,0.287151780987673,0.6422712721957106
item_CANASA,5.590981625004855e-06,2.7954908125024276e-05,25,1.957465315278522e-05,9.787326576392609e-05,0.287151780987673,0.6422712721957106
item_PEN NEEDLES 32GX4MM,5.544724456618699e-06,2.7183473070153282e-05,25,1.919440693057176e-05,9.409343170506838e-05,0.287151780987673,0.6422712721957106
item_AZILECT,5.511636156962624e-06,1.4690872219589875e-05,25,1.9224092088711322e-05,5.122884506833146e-05,0.287151780987673,0.6422712721957106
item_SURE COMFORT INSULIN SYRI,5.400501379847949e-06,2.7002506899239742e-05,25,1.8664130510370722e-05,9.332065255185361e-05,0.287151780987673,0.6422712721957106
item_SAVELLA,4.984888222067421e-06,2.4924441110337104e-05,25,1.735751862024951e-05,8.678759310124754e-05,0.287151780987673,0.6422712721957106
item_MILK OF MAGNESIA,4.875888055605409e-06,2.4379440278027047e-05,25,1.6884163766634452e-05,8.442081883317227e-05,0.287151780987673,0.6422712721957106
item_NAMENDA,4.759772249904629e-06,2.337881745783258e-05,25,1.666935092495187e-05,8.189348871272252e-05,0.287151780987673,0.6422712721957106
item_METRONIDAZOLE VAGINAL,4.16042595432529e-06,2.080212977162645e-05,25,1.453225707788549e-05,7.266128538942744e-05,0.287151780987673,0.6422712721957106
item_TEKTURNA,4.150764861470632e-06,2.075382430735316e-05,25,1.4367572514653063e-05,7.183786257326533e-05,0.287151780987673,0.6422712721957106
item_CVS VITAMIN B-12,3.8603189705148335e-06,1.930159485257417e-05,25,1.35053968004862e-05,6.7526984002431e-05,0.287151780987673,0.6422712721957106
item_TEGRETOL-XR,3.7896816554841945e-06,1.8948408277420975e-05,25,1.31228619207216e-05,6.561430960360801e-05,0.287151780987673,0.6422712721957106
item_THIORIDAZINE HCL,2.990653773157653e-06,1.4953268865788265e-05,25,1.0345973587228539e-05,5.1729867936142694e-05,0.287151780987673,0.6422712721957106
item_TERAZOSIN HYDROCHLORIDE,2.9873512053676804e-06,1.4936756026838402e-05,25,1.0487096128859967e-05,5.243548064429982e-05,0.287151780987673,0.6422712721957106
item_ACCU-CHEK SMARTVIEW CONTR,2.7425653016868336e-06,1.3712826508434169e-05,25,9.594915066198806e-06,4.797457533099402e-05,0.287151780987673,0.6422712721957106
item_LANOXIN,2.671688680177275e-06,1.0625435547022186e-05,25,9.265252453989507e-06,3.679414169046813e-05,0.287151780987673,0.6422712721957106
item_ELIDEL,2.4957036809202783e-06,1.0889952066773343e-05,25,8.666816928197745e-06,3.783665555453268e-05,0.287151780987673,0.6422712721957106
item_JUBLIA,2.208316431259459e-06,1.1041582156297295e-05,25,7.713590493064197e-06,3.856795246532099e-05,0.287151780987673,0.6422712721957106
item_TRIUMEQ,1.959414760788667e-06,9.797073803943334e-06,25,6.771736593896799e-06,3.385868296948399e-05,0.287151780987673,0.6422712721957106
item_VIBERZI,1.7945819533259207e-06,6.934133599447905e-06,25,6.22315292923997e-06,2.3996108162398345e-05,0.287151780987673,0.6422712721957106
item_DOCUSATE SODIUM & SENNA S,1.5813550355274782e-06,7.906775177637392e-06,25,5.536501174216227e-06,2.7682505871081133e-05,0.287151780987673,0.6422712721957106
item_GENTAK,1.5801550749408082e-06,5.512190064348804e-06,25,5.508748235200345e-06,1.923022414840705e-05,0.287151780987673,0.6422712721957106
item_MOEXIPRIL HCL,1.4273565441160863e-06,7.136782720580433e-06,25,4.985718402062291e-06,2.4928592010311456e-05,0.287151780987673,0.6422712721957106
item_METHAZOLAMIDE,1.2422852915088399e-06,6.211426457544199e-06,25,4.320779212378712e-06,2.160389606189356e-05,0.287151780987673,0.6422712721957106
item_EASY TOUCH PEN NEEDLES 31,1.1337108549165185e-06,5.668554274582592e-06,25,3.943147623378695e-06,1.9715738116893473e-05,0.287151780987673,0.6422712721957106
item_NOVOFINE 30GX8MM,9.556481326030384e-07,4.7782406630151924e-06,25,3.3380534809303616e-06,1.6690267404651808e-05,0.287151780987673,0.6422712721957106
item_TRIAMCINOLONE ACETONIDE D,8.400152515914942e-07,4.200076257957471e-06,25,2.9059785134066733e-06,1.4529892567033365e-05,0.287151780987673,0.6422712721957106
item_VYTORIN,7.793106232663391e-07,2.2437772941083724e-06,25,2.703503838461081e-06,7.780081918902946e-06,0.287151780987673,0.6422712721957106
item_KLOR-CON 8,7.30738010924503e-07,3.6536900546225146e-06,25,2.552448414638288e-06,1.2762242073191442e-05,0.287151780987673,0.6422712721957106
item_KLOR-CON SPRINKLE,6.448872789817274e-07,2.4962939229630814e-06,25,2.2337370683618225e-06,8.648441470348275e-06,0.287151780987673,0.6422712721957106
item_COREG CR,5.801869048926996e-07,2.900934524463498e-06,25,2.029794540003219e-06,1.0148972700016096e-05,0.287151780987673,0.6422712721957106
item_CHLORDIAZEPOXIDE HCL/CLID,5.535425263794535e-07,2.767712631897267e-06,25,1.9160474402019615e-06,9.580237201009809e-06,0.287151780987673,0.6422712721957106
item_CLARITHROMYCIN ER,5.231600873628924e-07,2.6158004368144623e-06,25,1.826853417276131e-06,9.134267086380653e-06,0.287151780987673,0.6422712721957106
item_ACCU-CHEK MULTICLIX LANCE,5.083845433586645e-07,2.5419227167933226e-06,25,1.7569767692510965e-06,8.784883846255483e-06,0.287151780987673,0.6422712721957106
item_VICODIN,4.304387802926842e-07,2.152193901463421e-06,25,1.5013299548442834e-06,7.506649774221417e-06,0.287151780987673,0.6422712721957106
item_MUCINEX DM,4.110168962137524e-07,2.055084481068762e-06,25,1.4295534795713737e-06,7.1477673978568685e-06,0.287151780987673,0.6422712721957106
item_TAB-A-VITE,3.95353292577291e-07,1.9767664628864547e-06,25,1.3663408138181227e-06,6.8317040690906135e-06,0.287151780987673,0.6422712721957106
item_VIGAMOX,3.404503297941547e-07,1.2804098121399795e-06,25,1.1848066717404409e-06,4.452323262091519e-06,0.287151780987673,0.6422712721957106
item_BENICAR,3.317779990018303e-07,1.556264367309458e-06,25,1.14794841277513e-06,5.385053828777936e-06,0.287151780987673,0.6422712721957106
item_NORVIR,2.693896747869909e-07,1.3469483739349543e-06,25,9.334258345234475e-07,4.667129172617236e-06,0.287151780987673,0.6422712721957106
item_CIMETIDINE,2.3930788521476313e-07,1.196539426073816e-06,25,8.382654285397792e-07,4.191327142698897e-06,0.287151780987673,0.6422712721957106
item_TRAVOPROST,2.3019183569081316e-07,1.1509591784540658e-06,25,8.053303638849673e-07,4.026651819424837e-06,0.287151780987673,0.6422712721957106
item_FREESTYLE TEST STRIPS,1.5043032696235727e-07,7.521516348117863e-07,25,5.215228267279962e-07,2.6076141336399814e-06,0.287151780987673,0.6422712721957106
item_NAMENDA XR TITRATION PACK,1.2274539327144942e-07,6.13726966357247e-07,25,4.250412023328905e-07,2.1252060116644523e-06,0.287151780987673,0.6422712721957106
item_FLURAZEPAM HCL,4.8032127221389247e-08,2.401606361069462e-07,25,1.6777494142234522e-07,8.388747071117262e-07,0.287151780987673,0.6422712721957106
item_VERAPAMIL HYDROCHLORIDE E,3.306747763053615e-08,1.6533738815268076e-07,25,1.1533624982421449e-07,5.766812491210723e-07,0.287151780987673,0.6422712721957106
item_ACETAZOLAMIDE ER,1.800160940777656e-08,9.000804703888279e-08,25,6.315105754358354e-08,3.1575528771791767e-07,0.287151780987673,0.6422712721957106
item_DIGITEK,0.0,0.0,25,0.0,0.0,0.287151780987673,0.6422712721957106
item_ONETOUCH ULTRA MINI,0.0,0.0,25,0.0,0.0,0.287151780987673,0.6422712721957106
item_OPANA ER (CRUSH RESISTANT,0.0,0.0,25,0.0,0.0,0.287151780987673,0.6422712721957106
item_ZIRGAN,0.0,0.0,25,0.0,0.0,0.287151780987673,0.6422712721957106
item_MAGNESIUM,0.0,0.0,25,0.0,0.0,0.287151780987673,0.6422712721957106
item_LITHIUM CARBONATE ER,0.0,0.0,25,0.0,0.0,0.287151780987673,0.6422712721957106
item_FLUZONE HIGH-DOSE PF 2016,0.0,0.0,25,0.0,0.0,0.287151780987673,0.6422712721957106
item_FLUZONE HIGH-DOSE PF 2017,0.0,0.0,25,0.0,0.0,0.287151780987673,0.6422712721957106
item_FLUVASTATIN SODIUM ER,0.0,0.0,25,0.0,0.0,0.287151780987673,0.6422712721957106
item_FLUVASTATIN,0.0,0.0,25,0.0,0.0,0.287151780987673,0.6422712721957106
item_RISEDRONATE SODIUM DR,0.0,0.0,25,0.0,0.0,0.287151780987673,0.6422712721957106
item_FLUPHENAZINE HCL,0.0,0.0,25,0.0,0.0,0.287151780987673,0.6422712721957106
item_CANDESARTAN CILEXETIL,0.0,0.0,25,0.0,0.0,0.287151780987673,0.6422712721957106
item_CANDESARTAN CILEXETIL/HYD,0.0,0.0,25,0.0,0.0,0.287151780987673,0.6422712721957106
item_REGULOID,0.0,0.0,25,0.0,0.0,0.287151780987673,0.6422712721957106
item_FINACEA,0.0,0.0,25,0.0,0.0,0.287151780987673,0.6422712721957106
item_MERCAPTOPURINE,0.0,0.0,25,0.0,0.0,0.287151780987673,0.6422712721957106
item_METHYLDOPA,0.0,0.0,25,0.0,0.0,0.287151780987673,0.6422712721957106
item_DYMISTA,0.0,0.0,25,0.0,0.0,0.287151780987673,0.6422712721957106
item_EDARBYCLOR,0.0,0.0,25,0.0,0.0,0.287151780987673,0.6422712721957106
item_ZINC SULFATE,0.0,0.0,25,0.0,0.0,0.287151780987673,0.6422712721957106
item_AZASITE,0.0,0.0,25,0.0,0.0,0.287151780987673,0.6422712721957106
item_EZETIMIBE/SIMVASTATIN,0.0,0.0,25,0.0,0.0,0.287151780987673,0.6422712721957106
item_EVISTA,0.0,0.0,25,0.0,0.0,0.287151780987673,0.6422712721957106
item_ASPIRIN ADULT LOW STRENGT,0.0,0.0,25,0.0,0.0,0.287151780987673,0.6422712721957106
item_MEMANTINE HCL TITRATION P,0.0,0.0,25,0.0,0.0,0.287151780987673,0.6422712721957106
item_FENOFIBRIC ACID DR,0.0,0.0,25,0.0,0.0,0.287151780987673,0.6422712721957106
item_FEXOFENADINE HYDROCHLORID,0.0,0.0,25,0.0,0.0,0.287151780987673,0.6422712721957106
item_HYALURONIC ACID,0.0,0.0,25,0.0,0.0,0.287151780987673,0.6422712721957106
item_HYDROCODONE BITARTRATE/HO,0.0,0.0,25,0.0,0.0,0.287151780987673,0.6422712721957106
item_HYDROCODONE/HOMATROPINE,0.0,0.0,25,0.0,0.0,0.287151780987673,0.6422712721957106
item_HYDROCORTISONE/ACETIC ACI,0.0,0.0,25,0.0,0.0,0.287151780987673,0.6422712721957106
item_HYSINGLA ER,0.0,0.0,25,0.0,0.0,0.287151780987673,0.6422712721957106
item_IMIQUIMOD,0.0,0.0,25,0.0,0.0,0.287151780987673,0.6422712721957106
item_INSULIN SYRINGE/0.5ML/31G,0.0,0.0,25,0.0,0.0,0.287151780987673,0.6422712721957106
item_ASMANEX TWISTHALER 60 MET,0.0,0.0,25,0.0,0.0,0.287151780987673,0.6422712721957106
item_DICLOFENAC SODIUM/MISOPRO,0.0,0.0,25,0.0,0.0,0.287151780987673,0.6422712721957106
item_DEXTROSE 5%/NACL 0.45%,0.0,0.0,25,0.0,0.0,0.287151780987673,0.6422712721957106
item_VERAPAMIL HYDROCHLORIDE,0.0,0.0,25,0.0,0.0,0.287151780987673,0.6422712721957106
item_VANCOMYCIN HCL,0.0,0.0,25,0.0,0.0,0.287151780987673,0.6422712721957106
item_UREA,0.0,0.0,25,0.0,0.0,0.287151780987673,0.6422712721957106
item_VAGIFEM,0.0,0.0,25,0.0,0.0,0.287151780987673,0.6422712721957106
item_ALLERGY NON-DROWSY,0.0,0.0,25,0.0,0.0,0.287151780987673,0.6422712721957106
item_ANAGRELIDE HYDROCHLORIDE,0.0,0.0,25,0.0,0.0,0.287151780987673,0.6422712721957106
item_HUMALOG MIX 50/50 KWIKPEN,0.0,0.0,25,0.0,0.0,0.287151780987673,0.6422712721957106
item_HORIZANT,0.0,0.0,25,0.0,0.0,0.287151780987673,0.6422712721957106
item_HALOBETASOL PROPIONATE,0.0,0.0,25,0.0,0.0,0.287151780987673,0.6422712721957106
item_ASMANEX TWISTHALER 30 MET,0.0,0.0,25,0.0,0.0,0.287151780987673,0.6422712721957106
item_ASMANEX TWISTHALER 120 ME,0.0,0.0,25,0.0,0.0,0.287151780987673,0.6422712721957106
item_DOXYCYCLINE,0.0,0.0,25,0.0,0.0,0.287151780987673,0.6422712721957106
item_NAPROXEN SODIUM,0.0,0.0,25,0.0,0.0,0.287151780987673,0.6422712721957106
item_DUTASTERIDE/TAMSULOSIN HC,0.0,0.0,25,0.0,0.0,0.287151780987673,0.6422712721957106
item_NIASPAN,0.0,0.0,25,0.0,0.0,0.287151780987673,0.6422712721957106
item_NEVANAC,0.0,0.0,25,0.0,0.0,0.287151780987673,0.6422712721957106
item_MISOPROSTOL,0.0,0.0,25,0.0,0.0,0.287151780987673,0.6422712721957106
item_PROPRANOLOL HCL ER,0.0,0.0,25,0.0,0.0,0.287151780987673,0.6422712721957106
item_Q-TUSSIN DM,0.0,0.0,25,0.0,0.0,0.287151780987673,0.6422712721957106
item_RA ASPIRIN EC,0.0,0.0,25,0.0,0.0,0.287151780987673,0.6422712721957106
item_PULMOMATE COMPRESSOR W/DI,0.0,0.0,25,0.0,0.0,0.287151780987673,0.6422712721957106
item_PULMICORT FLEXHALER,0.0,0.0,25,0.0,0.0,0.287151780987673,0.6422712721957106
item_CHLORZOXAZONE,0.0,0.0,25,0.0,0.0,0.287151780987673,0.6422712721957106
item_CETIRIZINE HCL,0.0,0.0,25,0.0,0.0,0.287151780987673,0.6422712721957106
item_EQ ALLERGY RELIEF,0.0,0.0,25,0.0,0.0,0.287151780987673,0.6422712721957106
item_RULOX,0.0,0.0,25,0.0,0.0,0.287151780987673,0.6422712721957106
item_MOVIPREP,0.0,0.0,25,0.0,0.0,0.287151780987673,0.6422712721957106
item_SELENIUM SULFIDE,0.0,0.0,25,0.0,0.0,0.287151780987673,0.6422712721957106
item_ROZEREM,0.0,0.0,25,0.0,0.0,0.287151780987673,0.6422712721957106
item_ETODOLAC ER,0.0,0.0,25,0.0,0.0,0.287151780987673,0.6422712721957106
item_FLUAD 2017-2018,0.0,0.0,25,0.0,0.0,0.287151780987673,0.6422712721957106
item_FLORANEX,0.0,0.0,25,0.0,0.0,0.287151780987673,0.6422712721957106
item_LEVOXYL,0.0,0.0,25,0.0,0.0,0.287151780987673,0.6422712721957106
item_DIPHENHYDRAMINE HYDROCHLO,0.0,0.0,25,0.0,0.0,0.287151780987673,0.6422712721957106
item_PINDOLOL,0.0,0.0,25,0.0,0.0,0.287151780987673,0.6422712721957106
item_PIROXICAM,0.0,0.0,25,0.0,0.0,0.287151780987673,0.6422712721957106
item_PILOCARPINE HCL,0.0,0.0,25,0.0,0.0,0.287151780987673,0.6422712721957106
item_CLEVER CHOICE COMFORT EZ,0.0,0.0,25,0.0,0.0,0.287151780987673,0.6422712721957106
item_NOVOFINE PLUS PEN NEEDLE,0.0,0.0,25,0.0,0.0,0.287151780987673,0.6422712721957106
item_PERPHENAZINE/AMITRIPTYLIN,0.0,0.0,25,0.0,0.0,0.287151780987673,0.6422712721957106
item_NUCYNTA ER,0.0,0.0,25,0.0,0.0,0.287151780987673,0.6422712721957106
item_DESLORATADINE,0.0,0.0,25,0.0,0.0,0.287151780987673,0.6422712721957106
item_TAB-A-VITE/IRON,0.0,0.0,25,0.0,0.0,0.287151780987673,0.6422712721957106
item_SYSTANE BALANCE RESTORATI,0.0,0.0,25,0.0,0.0,0.287151780987673,0.6422712721957106
item_TAMSULOSIN HCL,0.0,0.0,25,0.0,0.0,0.287151780987673,0.6422712721957106
item_GLUCAGEN HYPOKIT,0.0,0.0,25,0.0,0.0,0.287151780987673,0.6422712721957106
item_PROMETHAZINE HCL PLAIN,0.0,0.0,25,0.0,0.0,0.287151780987673,0.6422712721957106
item_PRODIGY NO CODING BLOOD G,0.0,0.0,25,0.0,0.0,0.287151780987673,0.6422712721957106
item_PRENATE DHA,0.0,0.0,25,0.0,0.0,0.287151780987673,0.6422712721957106
item_PRAZOSIN HYDROCHLORIDE,0.0,0.0,25,0.0,0.0,0.287151780987673,0.6422712721957106
item_CARVEDILOL PHOSPHATE,0.0,0.0,25,0.0,0.0,0.287151780987673,0.6422712721957106
item_CEFEPIME,0.0,0.0,25,0.0,0.0,0.287151780987673,0.6422712721957106
item_BIMATOPROST,0.0,0.0,25,0.0,0.0,0.287151780987673,0.6422712721957106
item_BUPROPION HCL XL,0.0,0.0,25,0.0,0.0,0.287151780987673,0.6422712721957106
item_BUTALBITAL/ASPIRIN/CAFFEI,0.0,0.0,25,0.0,0.0,0.287151780987673,0.6422712721957106
item_RANITIDINE 75,0.0,0.0,25,0.0,0.0,0.287151780987673,0.6422712721957106
item_DOXYCYCLINE HYCLATE DR,0.0,0.0,25,0.0,0.0,0.287151780987673,0.6422712721957106
item_CROMOLYN SODIUM,0.0,0.0,25,0.0,0.0,0.287151780987673,0.6422712721957106
item_THERA M PLUS,0.0,0.0,25,0.0,0.0,0.287151780987673,0.6422712721957106
item_THEOPHYLLINE CR,0.0,0.0,25,0.0,0.0,0.287151780987673,0.6422712721957106
item_TESTOSTERONE,0.0,0.0,25,0.0,0.0,0.287151780987673,0.6422712721957106
item_THEO-24,0.0,0.0,25,0.0,0.0,0.287151780987673,0.6422712721957106
item_NIZATIDINE,0.0,0.0,25,0.0,0.0,0.287151780987673,0.6422712721957106
item_PENTASA,0.0,0.0,25,0.0,0.0,0.287151780987673,0.6422712721957106
item_PERFOROMIST,0.0,0.0,25,0.0,0.0,0.287151780987673,0.6422712721957106
item_NIFEDICAL XL,0.0,0.0,25,0.0,0.0,0.287151780987673,0.6422712721957106
item_DAPSONE,0.0,0.0,25,0.0,0.0,0.287151780987673,0.6422712721957106
item_OXYMORPHONE HYDROCHLORIDE,0.0,0.0,25,0.0,0.0,0.287151780987673,0.6422712721957106
item_OYSTER SHELL CALCIUM,0.0,0.0,25,0.0,0.0,0.287151780987673,0.6422712721957106
item_PAZEO,0.0,0.0,25,0.0,0.0,0.287151780987673,0.6422712721957106
item_CYCLOPENTOLATE HYDROCHLOR,0.0,0.0,25,0.0,0.0,0.287151780987673,0.6422712721957106
item_CYMBALTA,0.0,0.0,25,0.0,0.0,0.287151780987673,0.6422712721957106
item_AZOR,0.0,0.0,25,0.0,0.0,0.287151780987673,0.6422712721957106
item_TIROSINT,0.0,0.0,25,0.0,0.0,0.287151780987673,0.6422712721957106
item_BALSALAZIDE DISODIUM,0.0,0.0,25,0.0,0.0,0.287151780987673,0.6422712721957106
item_COSOPT,0.0,0.0,25,0.0,0.0,0.287151780987673,0.6422712721957106
item_COZAAR,0.0,0.0,25,0.0,0.0,0.287151780987673,0.6422712721957106
item_JENTADUETO,0.0,0.0,25,0.0,0.0,0.287151780987673,0.6422712721957106
item_KLOR-CON,0.0,0.0,25,0.0,0.0,0.287151780987673,0.6422712721957106
item_IVERMECTIN,0.0,0.0,25,0.0,0.0,0.287151780987673,0.6422712721957106
item_NOVOFINE AUTOCOVER PEN NE,0.0,0.0,25,0.0,0.0,0.287151780987673,0.6422712721957106
item_ISOSORBIDE DINITRATE ER,0.0,0.0,25,0.0,0.0,0.287151780987673,0.6422712721957106
item_JALYN,0.0,0.0,25,0.0,0.0,0.287151780987673,0.6422712721957106
item_KETOPROFEN ER,0.0,0.0,25,0.0,0.0,0.287151780987673,0.6422712721957106
item_TRIFLUOPERAZINE HCL,0.0,0.0,25,0.0,0.0,0.287151780987673,0.6422712721957106
item_TRIBENZOR,0.0,0.0,25,0.0,0.0,0.287151780987673,0.6422712721957106
item_VITRON-C,0.0,0.0,25,0.0,0.0,0.287151780987673,0.6422712721957106
item_XANAX,0.0,0.0,25,0.0,0.0,0.287151780987673,0.6422712721957106
item_TRUEPLUS INSULIN SYRINGE/,0.0,0.0,25,0.0,0.0,0.287151780987673,0.6422712721957106
item_TRIHEXYPHENIDYL HYDROCHLO,0.0,0.0,25,0.0,0.0,0.287151780987673,0.6422712721957106
item_UNIFINE PENTIPS 31GX6MM,0.0,0.0,25,0.0,0.0,0.287151780987673,0.6422712721957106
item_ADJUSTABLE LANCING DEVICE,0.0,0.0,25,0.0,0.0,0.287151780987673,0.6422712721957106
item_ULTICARE MINI PEN NEEDLES,0.0,0.0,25,0.0,0.0,0.287151780987673,0.6422712721957106
item_ACEBUTOLOL HCL,0.0,0.0,25,0.0,0.0,0.287151780987673,0.6422712721957106
