title,authors,pubdate,pmc_id
Methadone Dose and Patient-Directed Discharge in Hospitalized Patients With Opioid Use Disorder.,"Meredith, Garneau, Feder, Buresh",2026,HSHa1b5b21f
Opioid-induced neurotoxicity in palliative medicine: a rapid review.,"Le Bihan, Bridge, Hedges",2026,HSHa1b5b21f
Incidence and predictors of new persistent benzodiazepine and Z-drug use after critical illness A nationwide cohort study.,"Oh, Song",2026,HSHa1b5b21f
Lumbar radiofrequency ablation for lumbar facet joint pain.,Pecoraro,2026,HSHa1b5b21f
Changing undergraduate nursing students' perceptions of opioid use disorder and harm reduction: A brief qualitative report.,"Kameg, Lepore, Wood, Herb, Matthews, Mitchell",2026,HSHa1b5b21f
"Determinants of Illness Severity and Mortality Risk Among Hospitalized Patients With Opioid Use Disorder: A National Analysis, 2015-2022.","Qeadan, Thornquist, Tingey",2026,HSHa1b5b21f
Latent classes of sleep deficiency and correlates among patients receiving methadone treatment: A longitudinal study.,"Hsaio, Jeon, DiMeola, Walker, Akhiwu, Stein, Madden, Redeker, Scheinost, Fiellin, Yaggi, Barry",2026,HSHa1b5b21f
Postpartum women's motivation for substance use recovery: an exploratory qualitative study of recovery capital.,"Bigalky, Mackey, Essien, Bahrey, Petrucka",2026,HSHa1b5b21f
Detecting Suicidality in Opioid Use Disorder Requires an Understanding of Intentional Opioid Overdose.,"Spaderna, Bergeria",2026,HSHa1b5b21f
Postpartum Buprenorphine: A Descriptive Analysis of Dose Adjustments and Treatment Retention.,"Woods, Shadowen, Shadowen, Martin",2026,HSHa1b5b21f
Prescription Monitoring Program Review Among Patients with Cancer Receiving Opioids at a Safety-Net Palliative Medicine Clinic.,"Pacheco, Nguyen, Arthur, Manuel, Qiao, Hui",2026,PMC12984844
Review of Risk Factors for Opioid Misuse and Addiction Following Traumatic Injury.,"Lawler, Sobhani, Salihu, Muller, Edwards, Ringo, Brown",2026,PMC12984584
The effect of opium consumption on prostate cancer among Iranian patients: A retrospective analytical study.,"Mohammadi, Mirzaei, Tajik Ghanbari, Mirolyaie, Abbasi, Ranjbaran",2026,PMC12991450
Toxicity profile of supratherapeutic loperamide: a systematic review and dose-response analysis.,"Bekka, Martinez-De la Torre, Haschke, Liakoni, Weiler",2026,HSHa1b5b21f
Interactions between long-acting antiretrovirals and opioids: a call for clinical awareness.,"Carbajal, Owens, Veeragoni, Rodriguez, Fernandez-Lima, Nefzi, Buch, El-Hage",2026,HSHa1b5b21f
Patient- and Clinician-Related Factors Associated With the Reduction in Opioid Use Among Adults With Chronic Non-Cancer Pain: A Systematic Review.,"Marcelo, Hilmer, Hunter, Mathieson, Mohamed, Li, Fung, Yue, Ferreira",2026,HSHa1b5b21f
Characteristics of Emergency Department Visits Among Midlife and Older Adults Screening Positive for Alcohol Misuse.,"Lebin, Hensen, Lun, Goldberg, Lum, Hoppe",2026,HSHa1b5b21f
Neurophysiological signatures of rumination's impact on opioid withdrawal severity.,"Meng, Wang, Qi, Fu, Li, Xu, Yuan, Duan",2026,HSHa1b5b21f
Revision Lumbar Fusion Patients Exhibit Higher Long-Term Opioid and Gabapentinoid Needs Despite Similar Early Postoperative Use.,"Olson, Green, Dalton, Ng, Baidya, Huang, Oris, Herczeg, Sherman, Eichbaum, Baek, Mathew, Lee, Hitchner, Duggan, DeMario, Goldberg, Kaffenes, Cha, Hilibrand, Vaccaro, Kepler, Schroeder",2026,HSHa1b5b21f
Combined associations of GLP-1 receptor agonists and a healthy lifestyle with cardiovascular outcomes among individuals with type 2 diabetes: a prospective cohort study.,"Nguyen, Li, Czernichow, Rassy, Houghton, Lu, Ho, Charest, Wang, Gagnon, Gaziano, Willett, Wilson, Cho, Hu",2026,HSHa1b5b21f
Polygenic risk scores reveal genetic underpinnings of comorbidity betweensubstance use disorders and ADHD.,"Horstman, Koller, Cabana-Domínguez, Llonga, Icick, Vorspan, Grau-López, van den Brink, Fóthi, Barta, Ramos-Quiroga, Kaye, Farrell, Allsop, Brynte, Franck, van Emmerik-van Oortmerssen, Demetrovics, Kapitány-Fövény, Matthys, Dom, Ribases, Schellekens",2026,HSHa1b5b21f
Lifetime psychedelic use and opioid use disorder severity in a National Survey: the roles of psychedelic type and mental health.,"Ehmann, Hager, Regier, Jones, Allen",2026,HSHa1b5b21f
"Adolescent Cannabis Use and Risk of Psychotic, Bipolar, Depressive, and Anxiety Disorders.","Young-Wolff, Cortez, Alexeeff, Silver, Pacula, Slama, Padon, Satre, Campbell, Koshy, Does, Sterling",2026,PMC12924094
"Psychiatric, Cardiovascular and Skeletal Risks of Codeine versus Oxycodone in Hip Osteoarthritis: A Population-Based Cohort Study.","Lee, Kim, Choo, Shin, Choi",2026,PMC12912106
"Experiences of People Who Discontinue Long-Acting Injectable Buprenorphine Treatment Recently Released From Prison in New South Wales, Australia.","Peck, White, Moensted, Doyle, McEntyre, Pazeski, Lawson, Roberts, Haber, Lintzeris, Dunlop, Maher",2026,PMC12917346
Prevalence and correlates of drug use during incarceration among people with opioid use disorder: A focused decision tree analysis.,"Jadkarim, Wang, Cloud, Rajeevan, Brinkley-Rubinstein",2026,HSHa1b5b21f
Predictors of Postoperative Complications Following Cranioplasty.,"Roy, Hafer, Musmar, Patel, Castiglione, Pontarelli, Tjoumakaris, Gooch, Zarzour, Schmidt, Ghosh, Rosenwasser, Jabbour",2026,HSHa1b5b21f
"A Comparative Study of Sociodemographic, Clinical, and Psychosocial Parameters Between Injecting and Non-injecting Opioid-dependent Males.","Khan, Jhanjee, Dhawan, Afroz",2026,PMC12893926
"Infant caregiving, relational factors, mood, and pain in perinatal opioid use disorder: A prospective cohort with ecological momentary assessment.","Allen, Linde-Krieger, Baurley, Deschenes, Mallahan, Anderson, Tecot, Rankin",2026,PMC12936973
"Screen-and-treat in trauma for opioid misuse prevention using an adaptive intervention (STOMP-AI): Protocol for a pilot sequential, multiple assignment, randomized trial.","Horton, Leinweber, Salihu, Sarwar, Muller, Trevino, Zaborek, Chen, Quanbeck, Somers, Almirall, Zarzaur, Brown",2026,HSHa1b5b21f
Complex Attention-Deficit Hyperactivity Disorder in a 15-year-old With a Substance Use Disorder.,"Simon, Sukkarieh, Walsh, Green, Gates, Diekroger, Fogler",NA,PMC12904219
Genetic liability to addiction underlies comorbid bipolar and substance use disorders.,"Ystaas, Parekh, Parker, Akkouh, Birkenæs, Sønderby, Koch, Hagen, Frei, Shadrin, Andreassen, O'Connell",2026,PMC12893063
Socioeconomic disadvantage explains neighborhood racial inequality in opioid-related mortality.,"Vachuska, Topping",2026,HSHa1b5b21f
"Depression and its associated factors among people who use drugs attending the Methadone Treatment Clinic at Tumbi Hospital in Pwani, Tanzania: A cross-sectional study.","Charle, Iseselo, Sanga",2025,PMC12798300
A Joint Survival Modeling and Therapy Knowledge Graph Framework to Characterize Opioid Use Disorder Trajectories.,"Wei, Listopad, Peng",2026,PMC12869392
"Discrimination, depressive symptoms, and prescription opioid misuse among adults with chronic pain who engage in hazardous drinking.","Carlin, Lape, Deyo, Ripley, Polhill, Zale, Nam, Zvolensky, Maisto, Ditre",2026,PMC12880619
Genetic Influence on Extended-Release Naltrexone Treatment Outcomes in Patients with Opioid Use Disorder: An Exploratory Study.,"Juya, Klemmetsby Solli, Sannes, Weimand, Gjerstad, Tanum, Mordal",2025,PMC12838570
Older Age Is Associated With Long-Term Retention in Buprenorphine Treatment for Opioid Use Disorder.,"Groeger, Lu, Jakubowski, Zhang, Deng, Perez, DiRenno, Jadow, Hayes, Nahvi, Cunningham, Starrels",2026,PMC12968371
Association Between Heroin Use and Depression: NHANES 2005-2018.,"Li, Yang, Zhang, Yang, Qiu, Ren",2026,PMC12820517
Unintentional benzodiazepine use and frequency of drug checking service utilization: a cross-sectional study.,"Airth, Goodyear, Marshall, Grant, Lysyshyn, Sherman, Wood, Ti",2026,PMC12903681
Explainable machine learning for predicting opioid-related aberrant behavior: A multimodal approach using clinical text and structured data.,"Farooq, Banka",2026,HSHa1b5b21f
Risk Factors Associated With Incident Opioid Prescription Among Attention-Deficit/Hyperactivity Disorder Patients Prescribed Stimulants.,"Shrestha, Okeke, Shen, Kang, Leslie, Varisco, Olateju, Wanat, Thornton",2026,HSHa1b5b21f
Learning From the Uncommon in Common Practice: A Case Report on Metamizole-Induced Agranulocytosis.,"Cunha, Fonseca-Dias, Marinho, Sampaio, Marinho",2025,PMC12811958
"Health, Socioeconomic Status, and Opioid Use Disorder: Risk Factors Among Individuals With Nonmedical Opioid Use.","Park, Yang",2026,PMC12815633
"""You're doing it because your freedom is on the line"": a qualitative study exploring how people who use opioids and methamphetamine navigate legal involvement and carceral treatment for substance use disorder.","Iacobelli, Estrella, Owens, Bhatraju, Gojic, Kennedy, Chander, Tsui",2026,PMC12896035
Risk of substance-related problems in hypochondriasis.,"Isomura, Österman, Hedman-Lagerlöf, Kuja-Halkola, Brikell, Chang, D'Onofrio, Larsson, Lichtenstein, Mataix-Cols, Fernández de la Cruz, Ivanov, Sidorchuk",2026,HSHa1b5b21f
Cannabis Use Disorder and Risk of Pancreatic Cancer in Patients with Chronic Pancreatitis: a Multicenter Retrospective Cohort Study.,"Maan, Maan, Ahmad, Goyal, Khan, Waleed, Qureshi, Hajifathalian, Al-Khazraji",2026,PMC12804313
Opioid Use as a Predictor of Pancreas Transplant Outcomes.,"Ko, Cho, Kwon, Kim, Shin, Kim, Choi, Choi, Kwon",2026,HSHa1b5b21f
Descriptive Exploration of Features Among Infants With Prenatal Fentanyl Exposure in a Multisite Cohort of Maternal-Infant Dyads Affected by Opioid Use Disorder.,"Dorsey, Rasmussen, Cragan, Kim, Sanjuan, Wright, Williams, Woodworth, Smid, Terplan, Seligman, Thomas, O'Connor, Wachman, Leeman, Henninger, Benninger, Rood, Shakib, Davidson, Board",2026,HSHa1b5b21f
Real-world deployment of machine learning models for opioid overdose and opioid use disorder: a systematic review of clinical and operational lessons for addiction medicine.,Eskandar,2026,HSHa1b5b21f
Appropriate Clinical Response Following Opioid Overdose: A Retrospective Analysis Within the Veterans Health Administration System.,"Kazemitabar, Reisman, Sung, Kerns, Druhl, Yu, Li, Becker, Gordon",2026,HSHa1b5b21f
Effects of acute adolescent stress on the acquisition and maintenance of intravenous oxycodone self-administration in male and female rats.,"Gallagher, Chandler, Manvich",2026,PMC12935152
"Levomethadone Selectively Reduces Emotional Impulsivity in ASRS-Positive ADHD-OUD Patients, Independent of Dose Escalation.","Pallucchini, Varese, Pergentini, Cerrai, Gemignani, Parapetto, Simonetti, Maremmani, Maremmani",2025,PMC12786417
Prescribing Patterns of Gabapentinoids in Patients with Chronic Obstructive Pulmonary Disorder.,"Vergara, Soric, King, Bullock, Skory, Bole, Englehart, Mara, Moqbl, Patel, Dimit",2026,HSHa1b5b21f
Clinical characteristics related to suicidal behaviors among outpatients with opioid use disorder: A cross-sectional study.,"Palma-Álvarez, Daigre, Ortega-Hernández, Ros-Cucurull, Rios-Landeo, Gamboa, Perea-Ortueta, Sorribes, Roncero, Ramos-Quiroga, Grau-López",2025,HSHa1b5b21f
Evaluating the optimal duration of medication treatment for opioid use disorder.,"Hayes, Raciborski, Acharya, Noor, Nunes, Winhusen",2026,PMC12980296
Circulating microRNA expression underlying the association of opioid use with low bone mineral density.,"Nayema, Spillane, Motyl, Lary",2026,PMC12766910
"""Convenience, Quickness, and Compassion"": Experiences of People Involved in the Criminal-Legal System Accessing Medications for Opioid Use Disorder Services From a Mobile Unit in Chicago.","Martinford, Watson, Messmer, Rashid, Staton, Dennis, Grella, Elmes-Patel",2026,PMC12771649
Postpartum retention in opioid agonist treatment for opioid dependence: A population-based cohort study.,"Zhou, Varney, Jones, Bharat, Degenhardt, Havard, Tran",2026,PMC12769642
Factors Associated With Opioid-Involved Overdose: Descriptive Data From a Randomized Controlled Trial Evaluating Extended-Release Buprenorphine for Perinatal Opioid Use Disorder.,"Witcraft, Holcomb, Wei, Cochran, Winhusen, Lofwall, Martin, Young, Spinali, Guille",2026,HSHa1b5b21f
Association of perioperative fentanyl analog exposure with risk of psychiatric disorder in non-cardiac surgery: A 10-year retrospective study in a Korean tertiary hospital.,"Lee, Oh, Park, Park",2025,PMC12755743
Justice system experiences and health risks among Medicaid and uninsured populations receiving treatment for substance use disorder.,"O'Neil, Pryor, Johnson, Kim, Nguyen, Pinals",2026,HSHa1b5b21f
Patient-related Risk Factors for New Persistent Opioid Use After Surgery Among Opioid-Naïve Individuals in the United States: A Systematic Review and Meta-Analysis.,"Lee, Polomano, Schmidt, Min, Compton",2025,PMC12997188
Pre-exposure prophylaxis (PrEP) and medications for opioid use disorder for persons who inject drugs: the CHORUS + randomized controlled trial study protocol.,"Miller, Dukes, Damato-MacPherson, Psaros, Scott, Taylor, Muroff, Winter, Skiba, Lugo, Cruz, Ruiz-Mercado, Crawford, Mayer, Assoumou",2025,PMC12849554
Prediction Model for Factors Associated With Long-Term Opioid Use Following Total Knee Arthroplasty: A Retrospective Population-Based Study.,"Yeh, Yang, Huang, Yeh",2026,PMC12740543
Co-use of opioids and cannabis versus single-substance use: a national analysis of US adults.,"Kang, Tian, Milavetz",2025,PMC12722969
Outpatient initiation of direct-to-inject buprenorphine.,"Rosenwohl-Mack, Heeney, Samuel, Anderson, Herring, Sirey, Peterson, Bazazi, Snyder, Suen",2026,HSHa1b5b21f
"The Association Between Substance Use and Suicidality Among Women Veterans, 2015 to 2019: A Secondary Analysis of the National Survey on Drug Use and Health.",Kameg,2025,HSHa1b5b21f
"HIV and HCV Screening, and Pre-Exposure Prophylaxis Among Managed Care Beneficiaries with Substance Use Disorders: A Cross-Sectional Study from a Single State.","Austin, Zhang, Venkat, Fisk, Madden, Cuevas, Edwards, Qu",2025,PMC12719877
"Tailoring opioid substitution therapy: Patient profiles, clinical outcomes, and preferences for new formulations.","Ambrosini, Zamagni, Iannello, Bertini, Brusco, Cerrato, Marzocchi, Vignoli, Biolcati",2026,HSHa1b5b21f
Risk of substance use disorders in the adult children of parents with severe alcohol use disorder: a nationwide cohort study.,"Kane, Westman, Franck, Gissler",2025,PMC12723945
Evaluation of Naloxone Uptake Disparities Among Harm Reduction Clients in Rhode Island: A Deeper Dive Using Disaggregated Race and Ethnicity Data.,"Brown, Ogundare, Reichley, Koziol, Bertrand, Bornschein",2026,HSHa1b5b21f
Prediction of opioid use disorder among patients with chronic non-cancer pain receiving long-term opioid therapy.,"Davis, Lee, Cheatle",2026,PMC12865100
Prolonged opioid use in trauma patients: A multicenter cohort study.,"Rafaqat, Simpson, Nzenwa, Arda, Panossian, Ilkhani, Anderson, Herrera Escobar, Sanchez, Hwabejire",2025,HSHa1b5b21f
Using explainable machine learning to elucidate social and neurobehavioral risk factors linked to nonmedicinal opioid use in young adults.,"Maxwell, Niklason, Ma, Zilverstand",2025,PMC12824202
Sex and gender differences in co-occurring substance use and depressive disorders: a systematic review.,"Grant, Sorkhou, Ryan, George",2025,HSHa1b5b21f
Physician Opioid Prescribing Attitudes in Michigan: An Exploratory Pilot Study of Age-Gender Interactions and the Awareness-Uncertainty Paradox.,"Sanku, Patel, Almasnaah, Zimmerman, Fakhoury, Shah, Clauw, Dijkstra",2025,PMC12699504
"The Association Between Opium Consumption, Diabetes, and Hypertension Among Male Participants in the Tabari Cohort Population: A Cross-sectional Study.","Heydari, Kheradmand, Ahmadnezhad, Moosazadeh",2026,PMC12681057
Implementation challenges and opportunities in decentralized methadone service delivery.,"Nkya, Gebrezgi, Luswetula, Mbwambo, Saleem",2025,PMC12802259
Prescription opioid use and physical inactivity: independent associations and no multiplicative interaction with sleep disorders.,"Wu, Duan, Wang, Han, Wu",2026,HSHa1b5b21f
Differences in Diagnosis and Treatment Across Racial-Ethnic Groups with Co-Occurring Chronic Pain and Opioid Use Disorder: A Scoping Review.,"Nunes, Costa, Cerezo-Matias, Funaro, Campbell, De Aquino",2025,HSHa1b5b21f
Youth Correlates of Genetic Liability to Substance Use Disorders.,"Paul, Gorelik, Karcher, Miller, Baranger, Johnson, LeBlanc, Dowling, Barch, Hatoum, Agrawal, Bogdan",2025,PMC12676401
Tracking functional recovery in a community-based substance use disorder program: a five-year descriptive evaluation using the brief addiction monitor.,"Phillips, Mejia, Peters, Kalathoor, Sacca, Andric",2025,PMC12805790
Practical guidance for navigating buprenorphine discontinuation.,"Sonoda, Hilmer, Bello",2025,PMC12797518
A prospective cohort study of prescription opioid use and change in generalized anxiety in non-cancer pain.,"Metivier, Chrusciel, Miller-Matero, Salas, Pappas, Secrest, Wilson, Lustman, Ahmedani, Carpenter, Sullivan, Scherrer",2026,PMC12746422
Augmenting large language models to predict social determinants of mental health in opioid use disorder using patient clinical notes.,"Pagare, Bheesetti, Essien-Aleksi, Alam",2025,PMC12664681
Development of a Model to Predict the Risk of Chronic Opioid Use After Entry Into Long-Term Care Facilities.,"Thuraisingam, Eshetie, Caughey, Sluggett, Whitehead, Crotty, Corlis, Visvanathan, Inacio",2026,HSHa1b5b21f
"Safety profile of olanzapine/samidorphan: focus on metabolic risks, opioid-related effects, and novel adverse events identified.","Li, Yuan, Li",2025,PMC4650861
Factors Associated With the Use of Strong Opioids Among First-Time Patients at a Colombian Pain Clinic: A Cross-Sectional Study.,"Amaya-Rios, Marrugo-Gomez, García",2025,PMC12643789
Implementation Challenges and Opportunities in Decentralized Methadone Service Delivery.,"Nkya, Gebrezgi, Luswetula, Mbwambo, Saleem",2025,PMC12632718
Pharmacotherapy and overdose risk following new opioid use disorder diagnosis among Medicaid beneficiaries.,"Treitler, Samples, Hermida, Miles, Stone, Crystal",2026,PMC12743245
"The impact of opioid use in chronic pancreatitis from 2004-2024: A propensity-matched analysis of 183,214 individuals.","Kilani, Madi, Obeid, Heis, Jiwon, Gonzalez Mosquera, Nammour, Drewes, Olesen, Farmer",2025,HSHa1b5b21f
Development of post-operative urinary retention (POUR) in pediatric patients undergoing orthopedic surgery.,"Desorcy, Czarnecki, Liegl, Pan, Roth, Sherburne",2026,HSHa1b5b21f
Compliance and Satisfaction With a Protocol for Identifying Novel Targets to Support Postpartum Opioid Use Disorder Recovery: Prospective Cohort Study.,"Allen, Linde-Krieger, Deschenes, Mallahan, Harris, Felix, Chalke, Anderson, Sharma, King, Grant, Baurley, Rankin, Tecot",2025,PMC12633836
"Understanding issues of driving safety and transport utilisation among clients receiving opioid agonist treatment: a cross-sectional survey in New South Wales, Australia.","Winter, Monds, Lintzeris, Riordan, Haber, Day",2025,HSHa1b5b21f
The rising tide of opioid use disorder: analyzing 30 years of epidemiological trends and socioeconomic factors in the U.S.,"Xu, Li, Yan",2025,PMC9803238
Reliable variability in subjective responses to parenteral hydromorphone administration: empirical confirmation of an opioid non-responder phenotype.,"Ellis, Towers, Dunn, Tsang, Speed, Lerman, Mei, Lynch, Strain, Smith, Finan",2026,PMC12708843
Exploring prescription opioid misuse among college students: a secondary analysis of ACHA National College Health Assessment data (2019-2022).,"Qeadan, Hoppmann, Thornquist, Barbeau",2025,HSHa1b5b21f
Buprenorphine Treatment Duration and Adherence Among Youth and Subsequent Health Outcomes.,"Hadland, Kimmel, Yan, Bettano, Lo-Ciganic, Bagley, Calihan, Hsu, Larochelle",2025,PMC12662019
"Application of Narrative and AI-Assisted Follow-Up After Voluntary Medical Male Circumcision: Multicenter, Double-Blind, Prospective, Randomized Controlled Trial.","Wang, Peng, Zhang, Huang, Yang, Jiang, Xu, Yu, Jin, Qiao, Wu, Wei, Tang, Liu",2025,PMC12622909
"Machine-learning prediction of 90-day readmission following primary TKA: Insights from 2,123 cases in the Michigan arthroplasty registry.","Khan, Crespi, Nham, Chen, Little, Darwiche",2025,PMC12617817
Relationship Between Palliative Care and Location of Death Among People With Opioid Use Disorder: A Retrospective Cohort Study.,"Boucher, Lau, Scott, Everett, Gomes, Tanuseputro, Jennings, Bagnarol, Zimmermann, McLeod, Isenberg",2026,HSHa1b5b21f
"Predicting drug overdose and death after ""before medically advised"" hospital discharge.","Naik, Daly-Grafstein, Hu, Khan, Kaasa, Brubacher, Nasmith, Lyden, Moe, Crabtree, Slaunwhite, Staples",2025,PMC12594543
"Global, regional and national burden of drug use disorders, 1990-2021: decomposition analysis, health inequality analysis and predictions to 2035.","Jin, Zhang, Xiong, Liu",2025,PMC12583096
Self-harm After Lumbar Fusion: Incidence of and Risk Factors for a Rare But Potentially Devastating Complication.,"Turcotte, Brennan, Johnson, Patton",2025,PMC12578104
Situational confidence and recovery capital among justice-involved adults receiving medications for opioid use disorder in a jail-based setting.,"Obekpa, He, Betancur, Gallardo, Rodriguez, McCurdy, Wilkerson",2025,PMC12584510
"New persistent opioid use among ICU survivors after discharge: incidence, predictors, and nationwide cohort analysis.","Oh, Song",2025,PMC12581402
"The impact of opioid agonist treatment on the incidence of bacterial sexually transmitted infection notifications among people with a history of opioid dependence in New South Wales, Australia: A retrospective data linkage study.","Price, Bharat, Jones, Peacock, Read, Hickman, Degenhardt",2025,HSHa1b5b21f
From addiction to aggression: The spillover effects of opioid policies on intimate partner violence.,"Dave, Erten, Keskin, Zhang",2025,PMC12834516
Increased risk of non-fatal overdose associated with broad adverse childhood experiences among people who use drugs in New York City: a latent class analysis.,"Khezri, Rahman, Alexander, Zielinski, Bunting",2025,PMC13001614
Withdrawal-Induced Delirium in Opioid Dependence: A Systematic Review.,"Świderski, Rodek, Kucia",2025,PMC12563365
Association between no-shows to scheduled clinic appointments and 30-day risk of overdose in patients prescribed methadone for opioid use disorder.,"Philofsky, Cero, Maeng, Mathis",2025,PMC12558548
The Adolescent Surgery Experience (ASE): a survey-based prospective cohort study to measure risk factors for persistent opioid use.,"Sutherland, Hadland, Moon, Fardad, Ramsay, Kallan, Neuman",2025,PMC12553083
Persistent Opioid Use Following Resection of Oral Cavity Squamous Cell Carcinoma: Incidence and Risk Factors.,"Lee, Gandotra, Bliss, Jenkins, Dyalram, Hatten, Moyer, Mehra, Molitoris, Ferris, Taylor, Wolf, Lubek",2026,HSHa1b5b21f
Gas station heroin- tianeptine and its impact: a systematic review and exploratory analysis.,"Parnia, Jain, Ali, Sarfraz, Nasir, Shah, Fnu, Atiq, Shaikh, Ahmed, Hower, Karlapati, Moazzam, Bazin, Ahmed",2025,PMC12551324
Parental opioid prescriptions and the risk of opioid use in adolescents and young adults: The HUNT Study linked with prescription registry data.,"Marcuzzi, Ferreira, Mork, Ferreira, Moe, Gismervik, Nordstoga, Lund Nilsen",2025,PMC12548922
Risk factors for experiencing substance use-related employment stigma among emergency department patients at high risk of opioid overdose.,"Welwean, Chambers, Marshall, Beaudoin",2025,PMC12541974
The persistence of chronic opioid use in patients with inflammatory bowel disease-A nationwide cohort study.,"Nørgård, Thorarinsson, Nielsen, Andersen, Kjeldsen, Knudsen, Dalal",2026,PMC12930007
Impact of dextroamphetamine substitution on the use of illicit amphetamines in adults with amphetamine dependence: a study protocol for the multicentre double blind randomised controlled trial ATLAS4Dependence.,"Chalabianloo, Fadnes, Mordal, Spigset, Løberg, Halmøy, Lid, Andersen, Daltveit, Assmus, Erga, K Solli, Askjer, Hansen, Ohldieck, Ezard, Lintzeris, Johansson",2025,PMC12542575
Gaps in buprenorphine access: Examining provider availability and treatment continuity.,"Sadeghi, Thornton, Varisco",2026,HSHa1b5b21f
Cross sectional multi-sample study of nonfatal overdose in adolescents and young adults in the fentanyl era.,"Yule, Bohnert, Ridenour, Montgomery, Wilens, Walton, Bonar, Saldana, Fiellin, Knight, Yang, Williams, Khan, Tucker, Wondimagegnehu, Ahrens",2025,PMC12704395
"Opioid Overdose Mortality Among Patients Receiving a Peer-Delivered, Emergency Department-Based Nonfatal Opioid Overdose Intervention in New York City, 2017-2022.","Kepler, Welch, Tuazon, Chambless, Kennedy, Jeffers",2026,PMC12696980
"Global burden of 292 causes of death in 204 countries and territories and 660 subnational locations, 1990-2023: a systematic analysis for the Global Burden of Disease Study 2023.",,2025,PMC12535838
"Burden of 375 diseases and injuries, risk-attributable burden of 88 risk factors, and healthy life expectancy in 204 countries and territories, including 660 subnational locations, 1990-2023: a systematic analysis for the Global Burden of Disease Study 2023.",,2025,PMC12535840
Exploring Psychological Prehabilitation in Complex Abdominal Wall Reconstruction: A Prospective Pilot Study.,"de Jong, Wegdam, Driessen, van Os, Nienhuijs, de Vries Reilingh",2025,PMC12515728
Opioid dependence in patients with pain in chronic pancreatitis an emerging problem.,"Manrai, Dawra, Kochhar",2025,PMC5741325
Effect of Early Tumor Necrosis Factor Inhibitor Initiation on Chronic Opioid Use in Individuals With Axial Spondyloarthritis.,"Petrow, Meade-Aguilar, Peloquin, Jafarzadeh, Neogi, Dubreuil, Liew",2026,PMC12614477
The possible effect of fentanyl on PTSD.,"Weiss Schonberg, Peled-Avron",2025,HSHa1b5b21f
"Relationships Among Childhood Trauma, Central Sensitization, and Opioid-Related Risks in a Community Sample of Adults with Chronic Pain on Opioids.","Crouch, Sturgeon, Nguyen, Donovan, Redemer, Sop, Svikis, Smith, Trost",2025,HSHa1b5b21f
Mind the gap: a quality improvement study to determine health care value of rapid-access telemedicine addiction treatment in recently incarcerated individuals.,"Golden, Venkat, Yin, Robertson",2025,PMC12512651
"Hepatitis C Prevalence, HCV awareness and Certain Psychological Factors in Patients with Opioid Use Disorder.","Doğan, Sunan, Duru, Kartepe, Yarikkaya, Özsoy, Öz, Kahraman, Tatli, Öner",2025,PMC11987536
"Assessing the disease burden of opioid use disorder in western europe: trends, gender differences, and future directions.","Xu, Zhang, Li, Wu, Yang",2026,PMC10176520
The Impact of Preoperative Nicotine Use in the Development of Opioid Use Disorder Following Lumbar Disc Discectomy Procedures: A National Database Study.,"Hong, Kim, Freedman, Jadoonanan, Hallan, Rizk, Kelleher",2025,PMC12491896
Opioid-Induced Hypoglycemia in Diabetes: Dose-Dependent Effects of Methadone in a Complex Chronic Pain Patient.,"Shazley, Orr",2025,PMC12486314
Impact of non-tobacco nicotine use on postoperative complications in breast reduction: A propensity score-matched analysis.,"Posso, Mustoe, Tobin, Yamin, Mehdizadeh, Raquepo, Escobar-Domingo, Karinja, Cauley, Lee",2025,HSHa1b5b21f
"Global burden, socioeconomic disparities, and spatiotemporal dynamics of opioid use disorder mortality and disability: a comprehensive analysis from the global burden of disease study 2017-2021.","Zhang, Liu, Wang, Zhang, Pei, Hou, Li",2025,PMC12486567
Opium use and oral cancer in Iran: A systematic review and meta-analysis.,"Keykha, Shabanpour, Tahmasebi, Hajisadeghi",2025,HSHa1b5b21f
A Qualitative Study on the Impact of COVID-19 on Overdose Risk from the Perspective of Survivors and Witnesses of Drug Overdose: Lessons for Future Public Health Emergencies.,"Shah, Whaley, Desai, Song, Meyer, Heidari, Allen, Krawczyk, Sherman, Saloner, Harris",2026,HSHa1b5b21f
Gender differences in non-fatal suicidal behaviors linked to concurrent use of cannabis and opioids.,"Nayeem, Wang, Naidu, Messias, Lin",2025,HSHa1b5b21f
Overdose risk profiles in pregnancy: Latent class analysis of pregnant individuals with opioid use disorder.,"Cash, Cochran, Smid, Charles, Humiston, Wei, Mauerman, Carlston, Broussard, Sengpraseut, Martin, Winhusen",2025,PMC12742178
"High magnitude of lung function impairment among heroin users attending medication-assisted therapy clinic at Muhimbili National Hospital, Tanzania: a cross-sectional study.","Nkongoki, Balandya, Mamuya, Mbwambo",2025,PMC12481306
"Analysis of rapid onset heroin overdose cases from a supervised injecting facility in Melbourne, Australia.","Stam, Shrestha, Tas, Furler, Bonomo, Strang",2026,PMC12779582
Association Between Sex and Recent Pregnancy and Hepatitis C Virus Treatment in People With Opioid Use Disorder.,"Cary, McCrary, Marks, Kelly, Hartz, Hayibor, Grucza, Xu, Curtis",2025,PMC12421971
Effects of acute adolescent stress on the acquisition and maintenance of intravenous oxycodone self-administration in male and female rats.,"Gallagher, Chandler, Manvich",2025,PMC12458122
"Within-subject, double-blind, human laboratory examination of opioid response profiles in males and females across three harmonized studies.","LeComte, Brown, Davis, Pattillo, Ellis, Huhn, Campbell, Finan, Bergeria, Dunn",2025,HSHa1b5b21f
The Development of a Patient-Centered Digital Health Care Technology for Young Adults in Opioid Use Disorder Treatment: Qualitative Study.,"Alexander, Scialanca",2025,PMC12456843
"Artificial Intelligence-Enabled, Real-time Risk Monitoring for Substance Use Recovery in Veterans: An Initial Evaluation of the Behaivior Recovery Platform.","Forster, Callan, Cheng, Gordon",2025,PMC12702307
The Prevalence and Correlates of Aberrant Opioid-Related Behaviours among Patients with Sickle Cell Disease in Oman: A cross-sectional study.,"Abulsalam, Kindi, Ghailani, Sinawi, Balushi, Kindi, Murthi, Fahdi, Al Alawi",2025,PMC12445320
Association Between Spinal Manipulative Therapy for Low Back Pain With or Without Sciatica and Opioid Use Disorder: A Retrospective Cohort Study.,"Trager, Cupler, Gliedt, Fischer, Srinivasan, Thorfinnson",2025,PMC12447351
Scoping review of associations between cytochrome P450 3A4/5 single nucleotide polymorphisms and risk factors for fentanyl overdose.,"Petrovitch, Himes, Bischof, Braun, Brown, Eleda, Freiermuth, Gu, Hall, Johnson, Kisor, Lambert, Lyons, Maloney, Punches, Quarles, Littlefield, Sprague",2025,PMC12582058
Stimulant Overdose Prediction Model for Medicaid-Insured Persons.,"Srivastava, Harris, Bettigole, Zhang, Brensinger, Bogar, Wang, Nesoff, Bilker, Hennessy",2025,PMC12449722
Evaluation of the Implementation of an Outreach Clinic for Opioid Use Disorder: Protocol for a Participatory Cocreation and Implementation Study.,"Paré-Plante, Fortin, Milot, Langlois, Payette-Toupin, Nguyen, Poulin, Bertrand, Leblanc, Maillet, Racine-Hemmings, Wilson, Loignon",2025,PMC12491895
Prescribed opioid analgesic use in pregnancy and risk of neurodevelopmental disorders in children: A retrospective study in Sweden.,"Cleary, Sujan, Rickert, Fischer, Lagerberg, Chang, Lichtenstein, Quinn, Öberg, D'Onofrio",2025,PMC12440195
Postpartum Opioid Use in the United States and the Implications to Maternal and Public Health: A Scoping Review.,"Miller, Daniels, Heavey",2025,PMC12583398
"Cannabis Legalization and Cannabis Use Disorder by Sex in Veterans Health Administration Patients, 2005-2019.","Wisell, Hasin, Wall, Alschuler, Malte, McDowell, Olfson, Keyes, Cerdá, Maynard, Keyhani, Martins, Mannes, Livne, Fink, Bujno, Stohl, Saxon, Simpson",2026,PMC12836143
Psychiatric morbidity among resident doctors in a tertiary hospital in Nigeria.,"Salihu, Makanjuola, Ajiboye, Abiodun",2024,PMC12376222
Prevention and Management of Opioid use Disorder and Overdose in Adolescents and Young Adults.,"Welsh, Krishnan, Terranella",2025,PMC8755850
"Precision Genomics: A Reality Having Universal Impact in a New Era of Psychiatry - Lessons Learned, Past and Present.","Blum, Sharafshah, Khalsa, Uwe-Lewandrowski, Mohankumar, Thanos, Pinhasov, Baron, Dennen, Morgan, Lindenau, Elman, Gardner, Gold, Modestino, Brian, Carney, Cortese, Bowirrat, Madigan, Sunder, Lorio, Zeine, Jafari, Makale, Bagchi, Ceccanti, Fiorelli, Schimidt, Sipple, Lewandrowski, Matare, Mahajan, Mahajan, Hanna, Gastelu, Swaroop, Fliegelman, Badgaiyan",2025,PMC12419148
"The Contribution of Anesthesia Management to Childbirth-Related Posttraumatic Stress Disorder: A Case of Trauma After Denied Neuraxial Analgesia, Unmet Expectations and Remifentanil Labor Analgesia.","Migliavacca, Cadlini, Ostini Galli, Lauretta",2025,HSHa1b5b21f
"Women veterans and risk of illicit substance use and use disorders, 2015-2019 and 2021: A secondary analysis of the National Survey on Drug Use and Health.",Kameg,2025,HSHa1b5b21f
Machine learning model for predicting hepatitis C seroconversion in methadone maintenance patients in China.,"Lu, Yue, Jing, Zhong, Ning, Du, Zhao",2025,PMC12410665
Prevalence and risk factors for persistent opioid use after thoracic surgery: A retrospective cohort study in a prefecture of Japan.,"Yokoyama, Iwagami, Shimada, Kawamura, Komiyama, Taniguchi, Suzuki, Sugiyama, Inomata, Tamiya",2025,HSHa1b5b21f
How perioperative processes and patient-reported outcomes contribute to persistent postoperative opioid use: A cohort study linking clinical and health claims data.,"Komann, Arnold, Dreiling, Rose, Kubulus, Volk, Baumbach, Fleischmann-Struzek, Meißner, Schwarzkopf",2025,HSHa1b5b21f
"Spatial transcriptomics reveals distinct cell type dynamics following opioid dependence in mice with the common human variant in the μ-opioid receptor, Oprm1 A118G.","Xie, Guessoum, Schug, Jo, Cullen, Kaestner, Blendy",2025,PMC12393594
Neuraxial anesthesia and pain management for cesarean delivery.,"Landau, Sultan",2026,HSHa1b5b21f
Opioid overdose and mortality among people who use or inject drugs in Myanmar: A large register-based study.,"Sjöland, Kyaw, Kan, Ziegel, Deuba, Lin, Strömdahl, Liljeros, Hammarberg, Kåberg, Yu Naing, Ekström",2025,HSHa1b5b21f
"Optimizing pharmacologic treatment for neonatal opioid withdrawal syndrome (OPTimize NOW): a symptom-based dosing approach study protocol for a multi-center, cluster crossover design randomized controlled trial.","Young, Babineau, Das, DeMauro, Kraft, Lorch, Walsh, Merhar, Devlin",2025,PMC12392620
Analysis and development of risk prediction models for chronic opioid use after surgery: a cohort study using the nationwide database.,"Kim, Yang, Kim, Lee, Yoon, Kim, Kim, Kim, Sung, Lee",2025,PMC12489590
Changing patterns and predictors of opioid use disorder and treatment of adults released from state detention in Pennsylvania.,"Blumberger, Liu, Calo, Mallinson, Leslie",2025,HSHa1b5b21f
Factors associated with mortality following hospitalization among veterans with opioid use disorder.,"Incze, Huebler, Baylis, Stofko, Kelley, Binswanger, Bart, Saxon, Manhapra, Gordon",2025,PMC12488471
Incidence of and Determinants for Substance Use Disorders Among Individuals With Long-Term Prescription Opioid Use: A Population-Based Cohort Study.,"Nestvold, Haarr, Hamina, Hjellvik, Skurtveit, Odsbu",2025,HSHa1b5b21f
Association between preoperative obstructive sleep apnea diagnosis and prolonged postoperative opioid use among patients undergoing common surgical procedures.,"Dixit, Shanmugam, Kim, Rishel, Sun, Doufas",2025,PMC12502924
"Current status of pheniramine misuse among substance use disorder patients: A narrative review of extent, patterns, and clinical implications.","Ramawat, Afroz, Quraishi, Sarkar",2026,HSHa1b5b21f
"Global burden of disease due to opioid, amphetamine, cocaine, and cannabis use disorders, 1990-2021: a systematic analysis for the Global Burden of Disease Study 2021.","Zhu, Kwon, Lai, Park, Barnes, Chapman",2025,PMC12370144
The Receipt of Substance Use Disorder Treatment Among Individuals Under Community Supervision at Risk for HIV.,"Parisi, Peacock, Krajewski, Paquette, Brinkley-Rubinstein",2026,HSHa1b5b21f
Trauma Exposure: An Overlooked Risk Factor in Prescription Opioid Use Disorder Among Chronic Pain Patients.,"Lai, Du",2025,HSHa1b5b21f
Social and behavioral correlates of sleep health among adults receiving medication treatment for opioid use disorder.,"Sadler, Jeon, Ibrahim, Barry, Nwananji-Enwerem, Scheinost, Yaggi, Redeker",2025,PMC12356222
Assessment of risk factors associated with methadone-induced deaths: A population study based on forensic autopsies (2003-2022).,"Morentin, Oraa, Javier Meana, Callado",2025,HSHa1b5b21f
Amputation trends among people who use drugs in the context of Philadelphia's increasingly xylazine adulterated drug supply.,"Laurano, Pogorzelska-Maziarz, Green, Beachy, Rising, Hom, Reed",2025,HSHa1b5b21f
Opioid Use in Cancer Pain Management: Navigating the Line Between Relief and Addiction.,"Trullols, Ruiz de Porras",2025,PMC12347026
Association between chronic opioid exposure and cardiovascular disease: a systematic review and meta-analysis.,"Schofield, Conti, Khan, Baldacchino",2025,HSHa1b5b21f
Non-Prescribed Use of Opioid Agonist Medications and Associations with Non-Fatal Overdoses: A Repeated Cross-Sectional Study across a Decade of Reduced Monitoring.,"Bretteville-Jensen, Nesse",2025,PMC12503675
Building connection: overdose survivors' and professional service providers' perspectives on immediate post-overdose care.,"Paradise, Kimmel, Nurani, Desmarais, O'Malley, Walley, Hoyos-Cespedes, Clarke, Taylor, Dooley, Bazzi",2025,HSHa1b5b21f
Impact of Nitrous Oxide on Neuropsychiatric Impairment in Adolescents: A Scoping Review.,"Cornelio, Lail, Go, Kaur, Slowik",2025,PMC12324979
Risk of Child Welfare System Involvement Among Mothers With Substance Use Disorder.,"Taylor, Bandara, Powell, Blumberger, Galbraith, Kessler, Ko, Kennedy-Hendricks",2025,HSHa1b5b21f
Understanding risk and protective factors associated with opioid misuse among at-risk adolescents and young adults in the emergency department.,"Bonar, Kotov, Bourque, Carter, Clark, Hutton, Kidwell, King, Losman, McCabe, Zheng, Walton",2025,PMC12357542
Correlates and predictors of PTSD among people with heroin dependence: Findings from the 18-20-year follow-up of the Australian Treatment Outcomes Study (ATOS).,"Leung, Marel, Teesson, Wilson, Darke, Haber, Mills",2025,HSHa1b5b21f
"""Anything can happen"": experiences of people using opioids in a xylazine market.","Reed, Martin González, Green, Esteves Camacho, Laurano, Clark-García, Geraci, Kane, Rising",2025,PMC12312578
Reproductive healthcare professionals' comfort to treat postpartum patients with substance use disorders.,"Holcomb, Mayo, Barkin, Cartmell, Rennert, Dickes, Eichelberger",2025,HSHa1b5b21f
Differences and similarities between the genetic architecture of lifetime substance use across different substances.,"Bright, Overstreet, Levey, Gelernter",2025,PMC12341034
Relative importance of socioecological domains to predicting opioid-involved mortality.,"Black, Czizik",2025,PMC12306787
Pomegranate Juice Consumption Improves Sleep Quality and Melatonin Concentration of Patients With Opioid Use Disorders Under Medication-Assisted Treatment With Methadone and Buprenorphine: A Randomized Controlled Trial.,"Leventelis, Barmpas, Kampitsi, Iliopoulou, Toutouktsi, Malakopoulos, Tasoulis, Veskoukis",2025,HSHa1b5b21f
Preventing opioid prescribing for low back pain using multimodal mechanical stimulation vs. TENS: a randomized-controlled trial.,"Baxter, Etnoyer-Slaski, Williams, Swartout, Cohen, Lawson",2025,PMC12287057
The Association of Perceived Risk for Opioid Overdose and Subsequent Overdose Among a Cohort of Opioid Overdose Survivors Who Use Nonprescribed Opioids.,"Chang, McMahan, Matheson, Luna Marti, Robinson, Rolles, Kosakowski, Santos, Walley, Coffin",2026,HSHa1b5b21f
"Opioid use after adult liver transplantation: Incidence, high-risk use, and adverse events in a large US cohort.","Lieber, Bardhi, Jiang, Jones, Gowda, Tujios, Tirone, Patel, Vagefi, Hanish, Ngo, Olumesi, Whitt, Trudeau, Mufti, Lippe, Evon, Singal, VanWagner",2025,PMC12282754
Malnutrition and Opioid Use Disorder Are Associated With Higher 30-day Readmission Rates in Patients Admitted for Ulcerative Colitis.,"Odah, Palacios, Sulbaran, Fluxa, Kinnucan, Picco, Hashash, Farraye",2025,HSHa1b5b21f
Understanding Intergenerational Transmission of Illicit Opioid Use Risk Based on Parent Drug Abuse History: Testing for Age-Graded Effects.,Wojciechowski,2025,HSHa1b5b21f
Time since HIV diagnosis is linked to amnestic mild cognitive impairment (MCI) in older adults with HIV.,"DeFelice, Britton, Li, Porges, Ibañez, Somboonwit, Cook, Cohen, Gullett",2025,PMC12990124
"The Prevalence, Chronology, and Clinical Correlates of Traumatic Brain Injury Among Individuals Seeking Treatment for Opioid Use Disorder.","Truitt, Hjelle, Ginley",NA,HSHa1b5b21f
Health-related quality of life measures as predictors for recurrent hospitalization and mortality among patients in heroin-assisted treatment.,"Melis, Kvamme, Tjagvad, Eide, Thylstrup, Clausen, Hesse",2025,PMC12689800
Exploring modifiable neighborhood risk factors for fatal opioid overdose: a case-control study in two US cities.,"Nesoff, Morrison, Wiebe, Martins",2025,PMC12296151
Preoperative anxiety differentiates post-surgical opioid use in patients undergoing anterior cruciate ligament reconstruction.,"Nelson, Warren, Xeroegeanes, Zuleger, Premkumar, Myer, Kashikar-Zuck, Diekfuss",2025,PMC12255945
Impact of Patient Prescriber Agreement on Aberrant Urine Drug Tests Among Patients Receiving Opioids for Cancer Pain.,"Arthur, Pacheco, Paulino, Manuel, Qiao, Hui",2025,HSHa1b5b21f
Long-term opioid use in operatively managed orthopaedic patients with fracture-related infections: A data linkage study.,"Foster, Warren, Proper, Shibl, Cramb, Williamson, Trampuz, Schuetz, Cameron",2025,HSHa1b5b21f
Gender and Overdose Risk Factors Among Clients Entering Residential Treatment for Opioid Use.,"Haynes, Beck, Kelly, Lee, Stirling, Hudson, Robinson, Campbell, Stubley, Larance",2025,PMC12405814
Prescription Opioid Medication Survey: A Tool to Collect Deep Phenotypic Data on the Multifactorial Pathways to Opioid Use Disorder in Clinical and Population-Based Cohorts.,"Courchesne-Krak, Chandrasekaran, Gonzalez, Bianchi, Tran, Johnson, Troiani, Hettema, Stein, Coon, Docherty, Berretini, MacKillop, de Wit, Marienfeld, Palmer, Sanchez-Roige",2025,PMC12226013
Prediction of individualised 6-month mortality risk in opioid use disorder.,"Roberts, Strang, Taylor, Crummy, Lowden, Amasiatu, Eastwood",2025,PMC7617949
Enhanced Recovery After Thoracic Surgery: Postoperative Opioid Use by Preoperative Use Status and Risk Factors for New Persistent Opioid Use.,"Pratt, Cheon, Whitrock, Moore, Wima, Budde, Starnes, Van Haren",2025,HSHa1b5b21f
Patient and treatment related factors associated with prolonged opioid use following foot and ankle surgery: A scoping review.,"Haq, Arshad, Elshial, Chattha, McWilliams, Bhatia",2025,HSHa1b5b21f
The Effect of Opioid Agonist Treatment on Injection-Related Sequelae: A Population-Based Observational Study.,"Lim, Bruneau, Platt, Panagiotoglou",2025,PMC4590096
Factors associated with emergency room visits among patients with opioid use disorder: A study of buprenorphine-treated and untreated patients.,"Gaiazov, Mullen, Wheeler, Munnangi, Gu, DeKoven, Dunne",2025,PMC12213302
"A participatory photovoice investigation of community assets, barriers, and opportunities to curb the opioid epidemic.","Balvanz, Olvera, Booty, McSwiggan, Damato-MacPherson, Ellison, Farmer, Klingler, Kuntz, Lewis, Oser, Martinez, Stitzer, Surratt, Yamoah, Berkshire, Carter, Campbell, Dynes, Gealy, Harris, Herrington, Matthews, Myers, Rapier, Shouse, Szelagowsi, McGladrey",2025,PMC12447528
Reviewing long-term opioid use in patients experiencing chronic pain in general practice: Activating patients and supporting clinical decision making.,"Wilson, Picco, Nielsen",2025,HSHa1b5b21f
Engagement With Recommended Developmental Follow-up and Supports Among Infants With Intrauterine Opioid Exposure.,"Mascarenhas, Peacock-Chambers, Fraiman, Kerzner, Schiff",2025,PMC12925664
"The burden of mental, and substance use disorders in Saudi Arabia: results from the global burden of disease study 2019.","Ramadan, Alharbi",2025,PMC12211742
Impact of smoking and opium cessation on gastrointestinal cancer risk: A 15-year longitudinal study in Golestan Cohort.,"Mansouri, Sheidaei, Poustchi, Roshandel, Malekzadeh, Pourshams, Sepanlou",2025,PMC12217491
"Shared genetic architecture of posttraumatic stress disorder with cardiovascular imaging, risk, and diagnoses.","Shen, Valentim, Friligkou, Overstreet, Choi, Koller, O'Donnell, Stein, Gelernter, Lv, Sun, Falcone, Polimanti, Pathak",2025,PMC12217169
Association of prior opium addiction with incident non-alcoholic fatty liver disease: A case-control study.,"Bazmi, Parvaneh, Mohammadi, Pishdad, Ghaedian, Dehghan, Homayounfar, Farjam",2025,PMC12212503
Comparison of Naltrexone Implant and Oral Buprenorphine Naloxone in The Treatment of Opioid Use Disorder: A Retrospective Cohort Study.,"Peker, Peker, Çayköylü",2025,PMC12205390
"Association of preoperative psychopharmacological treatment and the risk of new chronic opioid use after hip and knee arthroplasty: a Danish registry-based cohort study of 73,033 procedures.","Kornvig, Kehlet, Jørgensen, Fink-Jensen, Videbech, Pedersen, Varnum",2025,PMC12207537
Perinatal fentanyl exposure drives enduring addiction risk and central amygdala gene dysregulation.,"Wood, Shin, Balaguer, Campo, Dirik, Montoya, Cook, Palermo, Naghshineh, Morgan, Rahman, Palmer, Telese, de Guglielmo",2025,PMC12377289
"Opioid dose, duration, and risk of use disorder in Medicaid patients with musculoskeletal pain.","Perry, Krawczyk, Samples, Martins, Hoffman, Williams, Hung, Ross, Doan, Rudolph, Cerdá",2026,PMC12773739
"Association between pain medication misuse, psychological distress, and opioid use disorder among adults with lifetime cancer diagnosis in the United States.","Owusu, Brooks, Ahuja, Goodin, Mensah",2025,HSHa1b5b21f
Opioid use and risk of Clostridioides difficile infection in hospitalized patients: A systematic review and meta-analysis.,"Gokhale, Villa Zapata",2025,HSHa1b5b21f
Sex and race-ethnicity influences on opioid overdose deaths among veterans diagnosed with opioid use disorder between 2016 and 2021.,"Mandavia, Fonda, Banducci, Ameral, Sistad Hall, Loeffel, Roth, Simpson, Stein, Marx, Hyde, Davenport, Meng, Livingston",2025,HSHa1b5b21f
Multilevel Factors Associated With Hospitalizations in the First-Year Postpartum Among Persons With Opioid Use Disorder.,"Frankeberger, Coulter, Jarlenski, Krans, Mair",2025,PMC12676957
"Understanding Opioid Use from Retrospective Accounts of Young Adults in Recovery: Motives, Experiences, and Implications for Prevention.","Ballard, Vidrascu, Arnold, Hernandez, Ozer, Lassiter, Nayyar, Daniel, Wolfson",2026,PMC12858535
"Exploring the risk matrix of drug overdose deaths of young people: Drug use patterns, individual characteristics, circumstances, and environment.","Rönkä, Konttinen, Kriikku, Hakkarainen, Häkkinen, Karjalainen",2025,HSHa1b5b21f
Implementation of Jail and Prison-Based Medication Treatment for Opioid Use Disorder Programs: A Narrative Synthesis.,"Lenz, Song, Bandara, Kennedy Hendricks, Kramer, Sufrin, Fingerhood, Saloner",2025,HSHa1b5b21f
"Suicide, Psychoactive Substances, and Homelessness: A Scoping Review.","de Campos, Alberti, Seganfredo Camargo, Mayer, de Oliveira Junior, Almeida Schonmeier, Lampert, Kades, da Silva, Leão, Crivilim, Hur Soares, de Jesus, Zavorski, Souza, de Carvalho, Vieira, Kanan, da Cunha",2025,PMC12190847
"Racial Disparities in Unmet Pain Treatment Preference, Pain Treatment Satisfaction and Subsequent Opioid Misuse: A Secondary Analysis of a National Multisite RCT.","Nguemeni Tiako, Engel-Rebitzer, Friedman, Shofer, Dolan, Hess, Perrone, Schapira, Meisel",2026,PMC13009308
Serotonin Norepinephrine Reuptake Inhibitor Is Associated With Lower Mortality Among Patients Presenting With Takotsubo Cardiomyopathy.,"Shamaki, Anuforo, Safiriyu, Corteville, Sanghavi, Shah, Clark",2025,PMC12449939
Insurance-related Risk Factors for Leaving Against Medical Advice after Opioid Overdose: A Cross-sectional Study Using Electronic Health Records.,"Osweiler, Hutson, Marotta",NA,PMC12410449
Explaining increased efficacy of naltrexone in the treatment of alcohol dependent patients with a family history of alcohol use disorder: A systematic review on the role of reward sensitivity and sweet liking.,"van Amsterdam, van den Brink",2025,HSHa1b5b21f
Opioid Use in Patients With Testicular Cancer: Patterns and Risk Factors.,"Marthi, Palmateer, Patil, Helman, Nicaise, Goodstein, Ogan, Narayan, Master, Hajiha, Joshi",2025,HSHa1b5b21f
Psychedelics and substance use disorder treatment.,"DuPont, Johnson",2025,HSHa1b5b21f
Sentiment Analysis Using a Large Language Model-Based Approach to Detect Opioids Mixed With Other Substances Via Social Media: Method Development and Validation.,"Ahmad, Batyrshin, Sidorov",2025,PMC12199843
Socioeconomic Position and Chronic Opioid Use After Hip Fracture Surgery: A Danish Population-Based Cohort Study.,"Risbo, Ehrenstein, Gundtoft, Gjertsen, Pedersen",2025,PMC12178151
Long-Term Opioid Therapy for Nonterminal Pain.,"Sonoda, Wakabayashi",2025,HSHa1b5b21f
"Global, regional, and national trends and burden of opioid use disorder in individuals aged 15 years and above: 1990 to 2021 and projections to 2040.","Wang, He, Huang",2025,PMC12175101
Persistent prescription opioid use and all-cause mortality following the first-year breast cancer survivorship.,"Hechter, Chen, Shi, Gu, Brady-Rogers, Chlebowski, Haque",2025,PMC12205851
A retrospective cohort study evaluating the association between opioid and alcohol-related emergency department presentations and the subsequent risk of hospitalization.,"Morin, Hill, Knowlan, Bodson, Nikodem, Aubin, Marsh, Leary",2025,PMC12157778
Factors associated with chronic opioid use after minimally invasive lung resections.,"Emmerick, Reddington, Patil, Neamtu, Guart, Foley, Crawford, Uy, Maxfield, Rabotnikov, Phillips, Lou",2025,PMC12151345
Access to and predictors of substance use treatment and support among people experiencing incarceration in the United States: Analysis of a national cross-sectional study.,"Chen, Pollack, Salisbury-Afshar, Pho",2025,PMC12145693
Factors associated with receipt of second injection of naltrexone for opioid use disorder: Secondary analysis of 5 clinical trials.,"Shulman, Hu, Sullivan, Greiner, Ohrtman, Opara, Nunes, Bisaga",2025,HSHa1b5b21f
Opioid use patterns and persistent use after hemodialysis access surgery.,"Copeland, Nahm, Woo, Wisk, Dworsky, Martin, Ku",2025,HSHa1b5b21f
Substance use issues preceding suicide: A Swedish nationwide record review.,"Doering, Jonson, Ernback Schön, Lindström, Ehnvall, Wiktorsson, Stefenson, Westrin, Waern",2025,HSHa1b5b21f
Mental health behaviors and suicide risk among White and Black adults with Opioid Use Disorder.,"Szlyk, Lew, Li, Filiatreau, Peoples, Kasson, Cavazos-Rehg",2025,PMC12758180
Associations between Opium Route of Use and Exposure to Polycyclic Aromatic Hydrocarbons as Potential Carcinogenicity Mechanism.,"Naghash, Calafat, Poustchi, Wang, Roshandel, Botelho, Kamangar, Boffetta, Abnet, Freedman, Malekzadeh, Etemadi",2025,PMC12265894
Prevalence and risk factors for opioid overdose among women: A systematic review and meta-analysis.,"Neumaier, Karimi, Jamshidi, Tse, Niesen, Butler, Xia, Lam, Nielsen, Picco",2025,HSHa1b5b21f
Prevalence and correlates of multiple injections per injection episode among people who inject drugs in rural U.S. communities.,"Mixson, Zule, Ruderman, Feinberg, Stopka, Sibley, Walters, Bobashev, Cook, Hochstatter, Fahey, Ouellet, Fredericksen, Cooper, Young, Zibbell, Khoury, Friedmann, Miller, Korthuis, Westergaard, Whitney, Tsui, Crane, Delaney",2025,PMC12239670
"Heroin injection to fentanyl smoking: Examining temporal trends in substance type and route of administration among people who inject drugs in Los Angeles, CA and Denver, CO, USA between 2021-2022.","Ganesh, Smeltzer, Goldshear, Shah, Corsi, Huh, Bluthenthal",2025,HSHa1b5b21f
Opium addiction is associated with increased risk of ERCP-related complications: A matched case-control study.,"Sadeghi, Hezaveh, Arabpour, Tape, Rastegar, Zali",2025,PMC5378548
Persistent Opioid Use Following Major Orthopedic Surgery.,"Islam, Tynes, Tong, Pelto, Bratton, Islam, Urman, Ahmadzadeh, Siddaiah, Rieger, Sterritt, Shekoohi, Kaye",2025,PMC9794630
Maternal Area of Residence and Outcomes for Mother-Infant Dyads with Perinatal Opioid Exposure.,"Pahl, Hu, Young, Ramsey, Whalen, Akshatha, Benninger, Fung, Howell, Markee, Das, Crawford, Trochinski, Greenberg, Smith, Ounpraseuth, Merhar, Devlin, MacMillan",2026,PMC12246980
Predictive Models for Identifying Adult Patients at High Risk of Developing Opioid-Related Harms: a Systematic Review.,"Yismaw, Peterson, Kefale, Bezabhe",2025,HSHa1b5b21f
Impact of Preexisting Substance Use Disorders on Prolonged Opioid Use and Postoperative Complications After Burns.,"Nguyen, Lewis, Carroll, Wang, Ghogomu, Beohon, El Ayadi, Wolf, Song",2025,PMC12481500
"Identifying key risk factors for intentional self-harm, including suicide, among a cohort of people prescribed opioid agonist treatment: A predictive modelling study.","Jones, Hickman, Bharat, Nielsen, Larney, Ghouse, Lappin, Degenhardt",2025,PMC12426353
Burn Injury and Long-Term Opioid Use.,"Hammond, Keeven, Vacek, Bozeman, Miller, Benns",2025,HSHa1b5b21f
Sociodemographic and clinical characteristics associated with overdose among patients with a substance-related diagnosis in the emergency department of Southern California.,"Maila, Zúñiga, Marienfeld",2025,PMC12102862
New data on opioid use disorder and risk of overdose in adolescent and young adult disease-free survivors prescribed opioids after cancer treatment.,"Moryl, Tomita-Barber",2025,HSHa1b5b21f
Analgesics use and risk of pancreatitis: Result from the UK Biobank.,"Wang, Long, Qi, Liao, Li",2025,HSHa1b5b21f
"""They Don't Just Need a Handshake or a Handoff, They Need a Hug"": A Qualitative Assessment of the Care Transition Experience of Patients with Substance Use Disorders After Hospital Discharge.","Incze, Anderson, Hansen, Szczotka, Stolebarger, Tuckett, Fox, Bell, Galyean, Babbel, Zickmund",2025,PMC12508399
"Prescription Pain Medication Misuse with and Without Heroin Use Among Adolescents: relationships with Routine Healthcare, Family Support, Academic Performance, Violence, and Other Risky Behaviors.","Jalilian-Khave, Stefanovics, Zhai, Potenza",2025,PMC12187537
"Risk of New-Onset Atrial Fibrillation in Opioid Users: A Systematic Review and Meta-Analysis on 24,006,367 Participants.","Menichelli, Gazzaniga, Pannunzio, Palumbo, Pani, Pignatelli, Valeriani, Pastori",2025,PMC12423187
Non-fatal Overdose and Associated Factors Among People Who Use Opioids: Findings From a Cross-sectional Study.,"Sujan, Wickersham, Khati, Paudel, Gautam, Liautaud, Crim, Thapa, Copenhaver, Shrestha",2025,PMC4605170
Modulating mechanisms of adverse childhood experiences in a mindfulness-based intervention: preliminary insights from an opioid use disorder study.,"Joss, Rosansky, Gardiner, Edwards, Weiss, Napadow, Schuman-Olivier",2025,PMC12075408
"Identifying spatiotemporal patterns in opioid vulnerability: investigating the links between disability, prescription opioids and opioid-related mortality.","Deas, Spannaus, Fernando, Hanson, Kapadia, Trafton, Maroulas",2025,PMC12070698
Linguistic Markers of Pain Communication on X (Formerly Twitter) in US States With High and Low Opioid Mortality: Machine Learning and Semantic Network Analysis.,"Kim, Yang, Jiwani, Hamm, Singh",2025,PMC12117271
Chronic opioid use and incident opioid use disorders in survivors of adolescent and young adult cancer after cancer treatment.,"Chao, Zhou, Shalman, Pak, Armenian, Xu, Gu, Hechter",2025,HSHa1b5b21f
"How can community pharmacy teams prevent prescription and over-the-counter opioid misuse in North East England? A qualitative study using the Capability, Opportunity and Motivation Behaviour (COM-B) model.","Offu, Okeowo, Visram, Rathbone, Lindsey",2025,PMC12083277
Correlates of mental defeat in individuals with chronic non-cancer pain on long-term opioid therapy.,"Lee, Giordano, Compton, Tang, Polomano, Cheatle",2025,PMC12405750
Integrating HiTOP and RDoC frameworks Part I: Genetic architecture of externalizing and internalizing psychopathology.,"Davis, Khan, Toikumo, Jinwala, Boomsma, Levey, Gelernter, Kember, Kranzler",2025,PMC12094639
Nicotine use is Associated With Elevated Risk of Opioid use Disorder Following Total/Hemi Hip Arthroplasty Procedures.,"Freedman, Kim, Graziane, Silvis, Marino, Fross, Jean-Berluche, Bone",2026,HSHa1b5b21f
Modeling opioid overdose events recurrence with a covariate-adjusted triggering point process.,"Pan, Zhou, Vivas-Valencia, Kong, Ott, Jalali, Liu",2025,PMC12052115
Trends in Opioid and Non-opioid Prescriptions in Austria (2016-2021): A Nationwide Study on Utilization and Concomitant Benzodiazepine Use.,"Bilir, Kapral, Michalek-Sauberer, Bologheanu, Gruber, Kimberger",2025,PMC12085738
Risk Stratification for Postoperative Opioid Induced Respiratory Depression: A Retrospective Case-Control Analysis of Existing Validated Tools.,"Hutcheson, Pehrson, Gassert, Guffey, Shanahan, Sisk, Patton, Solla",2025,PMC12047283
Associations of childhood adversity and substance use disorder polygenic scores with disorder severity and diagnostic criteria.,"SooHoo, Davis, Han, Jinwala, Gelernter, Feinn, Kranzler",2025,PMC12094658
Preoperative and Postoperative Residual Urine in 796 Men Older than 65 Years Undergoing Elective Orthopaedic Surgery in Denmark: A Single-Center Cohort Study.,"Gryet, Graugaard-Jensen, Pedersen, Skov",2025,PMC12040042
Pregnant maternal brain dorsal anterior cingulate cortex choline/creatine ratios on 1H-MR spectroscopy in opioid exposure.,"Class, Vishnubhotla, Zhao, Ooms, Haas, Sadhasivam, Radhakrishnan",2025,PMC12040935
Suicide Attempts Among Women Ages 18-55 Years with Opioid Use: National Addictions Vigilance Intervention and Prevention Program 2018-2020.,"Kobernik, DeSisto, Welder, DePadilla, Levecke, Terplan, Ko",2025,HSHa1b5b21f
Predictors of Mortality Among Patients With Opioid Use Disorder: Insights From the Healthcare Cost and Utilization Project (HCUP) Nationwide Readmission Database.,"Bodapati, Patel, Sihman Bharattej Rupavath, Polu, Chamarthi, Anna Joseph",2025,PMC12037202
Applying Patient and Health Professional Preferences in Co-Designing a Digital Brief Intervention to Reduce the Risk of Prescription Opioid-Related Harm Among Patients With Chronic Noncancer Pain: Qualitative Analysis.,"Elphinston, Pager, Fatehi, Sterling, Brown, Gray, Hipper, Cahill, Ziadni, Worthy, Connor",2025,PMC12064972
Optimization of Postoperative Opioids Use Following Spine Surgery.,"Kaye, Tong, Islam, Nguyen, Abbott, Patel, Muiznieks, Bass, Hirsch, Urman, Ahmadzadeh, Allampalli, Shekoohi",2025,PMC5595197
A community outreach program enhances education on opioid and e-cigarette misuse among teenagers.,"Klump, Varre, Karns, Garg, Patel, Parikh, Mansour, Nazaroff, Restini",2025,PMC12011856
Opioid-use disorder and reported pain after spine surgery: Risk-group patterns in cognitive-appraisal processes in a longitudinal cohort study.,"Schwartz, Borowiec, Rapkin, Finkelstein, Sutherland, Caan, Skolasky",2025,PMC12008593
Factors Associated with Benzodiazepine Misuse Among Those Who Misused Opioids Within the Past Year: A U.S. National Analysis.,"Ramdin, Mishra, Nelson, Meaden",2025,HSHa1b5b21f
The effects of chronic sleep restriction on the hypothalamic-pituitary-adrenal axis and its interaction with abstinence from opioid use.,"Everson, Szabo, Olsen, Glaeser, Raff",2025,PMC12417021
Frequency and predictors of risk of non-medical opioid use among patients with cancer in a specialized outpatient palliative care clinic.,"Torres-Tenor, Bruera, Sánchez-Mañas, Pérez-Manrique, Castellano-Candalija, Alonso-Babarro",2025,PMC10977898
Opioid prescribing patterns in trauma patients: assessing the impact of injury and treatment factors.,"McLaughlin, Speakman, Johns, McGuinness, Swanson, Muller, Muwanga-Magoye, Harmston",2025,HSHa1b5b21f
Naloxone dosing by non-medical first-responders at opioid overdoses: findings from a qualitative interview study.,"Neale, Cassidy, Cosgrove, Carter, Dascal, Mackie, Metrebian, Strang",2025,PMC12007269
"""I don't know how you can overdose smoking them:"" Perceptions of overdose risks among persons who use illicit fentanyl-laced counterfeit pills.","Daniulaityte, Sweeney, Timmons, Hooten, Williams, Coles, Russell, LoVecchio",2025,PMC12221302
Prevalence and risk of chronic opioid use in orthopaedic polytrauma patients.,"Held, Otwell, Cherney, Stambough, Bowman, Mears",2025,PMC4079891
Risk Factors of Long-Term Opioid Use After Elective Cervical and Lumbar Spine Surgery: A Michigan Spine Surgery Improvement Collaborative Study.,"Kim, Kagithala, Hu, Jarabek, Brennan, Chaker, Pawloski, Telemi, Mansour, Robles, Fadel, Springer, Schultz, Nerenz, Khalil, Easton, Perez-Cruet, Aleem, Park, Soo, Tong, Abdulhak, Schwalb, Chang",2025,HSHa1b5b21f
Percutaneous spinopelvic fixation technique using external fixation for focal kyphosis reduction in U-type sacral fractures: a case report.,"Khela, Agha, Bonsignore-Opp, Xu, Gendelberg, El Naga",2025,PMC11998045
"Infective Endocarditis in People Who Inject Drugs-A 5-Year Follow-up: ""I've Seen the Needle and the Damage Done"".","Halavaara, Anttila, Järvinen",2025,PMC12001338
A Case-Control Study of Hepatitis C Virus Reinfection in Incarcerated Patients in California Receiving Medication for Opioid Use Disorder.,"Shemuel, Krawiec, Kalauokalani, Lucas",2025,HSHa1b5b21f
Trends in Outpatient Buprenorphine Prescribing for Chronic Pain: A Retrospective Analysis Over 18 Months.,"Hasoon, Chitneni, Viswanath, Urits, Imani, Varrassi",2025,PMC11983477
Oral pre-exposure prophylaxis (PrEP) receipt and persistence among opioid-dependent people who inject drugs initiating PrEP for HIV prevention.,"Khati, Copenhaver, Xu, Altice, Wickersham, Gautam, Paudel, Shrestha",2025,PMC12477707
Associations of community socioeconomic factors and opioid use disorder across an urban-to-rural spectrum in Pennsylvania: an electronic health record-based case-control study.,"Poulsen, Nordberg, DeWalle, Reeder, Berrettini, Schwartz",2025,PMC12284836
A Risk-Structured Model of the Influence of Mental Health on Opioid Addiction.,"Newton, Luttrell, Blackwood, Montovan, Goldwyn",2025,HSHa1b5b21f
Features of Residential Counties and Individual Health Conditions for Opioid Use Disorder Among Older Medicare Beneficiaries.,"Yang, Strully, Shoff, Lee",2025,PMC12150775
A Prospective Cohort Study to Determine Which Opioid-Naïve Emergency Department Patients Are at Risk of Persistent Opioid Use.,"Abril, Gilbert, Pacheco, Takematsu, Davitt, Schimmrich, Baer, Mazarin, Gupta, Adewunmi, Irizarry, Friedman",2025,PMC12277072
Risk factors for food insecurity and association with prenatal care utilization among women who took opioids during pregnancy and unexposed controls.,"Parlberg, Newman, Merhar, Poindexter, DeMauro, Lorch, Peralta-Carcelen, Wilson-Costello, Ambalavanan, Limperopoulos, Mack, Davis, Walsh, Bann",2025,PMC11971874
Prevalence and predictors of multidrug resistant organism infections in critically ill patients with opioid use disorder: a multicenter retrospective cohort study.,"Rizwan, Akhtar, Cunningham, Cole, O'Horo, Gajic, Stevens",2025,HSHa1b5b21f
Delay among opioid users in seeking first addiction treatment.,"Ortega Muela, Rodríguez Mincholé, Donat López, Henares Montiel, García-Page Fernández, Belza Egozcue, Pulido Manzanero, Sordo Del Castillo",2025,HSHa1b5b21f
"Assessing Spatial and Temporal Variation in Opioid-Related Incidents and Risk Factors in Lowell, Massachusetts, from 2011 to 2022: A Bayesian Spatial-Temporal Approach.","Zhang, Cordes, Bauer, Stopka, Shrestha",2025,HSHa1b5b21f
Reversible Cerebral Vasoconstriction Syndrome Secondary to Paroxetine and Opioid Use in a Middle-Aged Woman: A Case Report.,"Simonsen, Joseph, Joseph",2025,PMC11960552
"Trends in cause-specific mortality among people with hepatitis C virus in New South Wales, Australia.","Tillakeratne, Valerio, Alavi, Hajarizadeh, Martinello, George, Matthews, Grebely, Pearson, Dore",2025,HSHa1b5b21f
The Police Opioid Seizure Temporal Risk (POSTeR) model of increased exposure to fatal overdose.,"Del Pozo, Green, Godvin, Ray",2025,PMC12045107
A descriptive analysis of rural-urban overdose experiences among incarcerated women with opioid use disorder.,"Dickson, Jamison, Webster, Tillson, Oser, Annett, Staton",2025,HSHa1b5b21f
Barriers to Buprenorphine Treatment Among People Experiencing Homelessness: A Qualitative Study from the Provider Perspective.,"Masson, Knight, Levine, Spillane, Liang, Suen, Chen, Zevin, Schwartz, Coffin, Sorensen",2025,PMC12031702
Neurodevelopmental challenges at age four following fetal exposure to maternal opioid maintenance treatment.,"Kanervo, Tupola, Nikkola, Gissler, Kahila, Rantakari",2025,PMC12602307
Mobile Health Tool to Capture Social Determinants of Health and Their Impact on HIV Treatment Outcomes Among People Who Use Drugs: Pilot Feasibility Study.,"Gicquelais, Conway, Vjorn, Genz, Kirk, Westergaard",2025,PMC11964955
Beyond the Spine: Exploring Mental Health Disorders in Spondylodiscitis.,"Gerstmeyer, Gorbacheva, Pierre, Patel, Davis, Heffernan, Godolias, Schulte, Schildhauer, Abdul-Jabbar, Oskouian, Chapman",2025,PMC11942667
Theory-Based Social Media Intervention for Nonmedical Use of Prescription Opioids in Young Adults: Protocol for a Randomized Controlled Trial.,"Tam, Young, Harrison, Li, Litwin",2025,PMC11982775
The Use of Opioid Medications in Lung Transplant: A Scoping Review.,"Heyman, Punko, Meyer, Keller, Langer, Sharma, Coppolino, Restrepo",2025,HSHa1b5b21f
"A longitudinal observational study with ecological momentary assessment and deep learning to predict non-prescribed opioid use, treatment retention, and medication nonadherence among persons receiving medication treatment for opioid use disorder.","Heinz, Price, Singh, Bhattacharya, Chen, Asyyed, Does, Hassanpour, Hichborn, Kotz, Lambert-Harris, Li, McLeman, Mishra, Stanger, Subramaniam, Wu, Campbell, Marsch, Jacobson",2025,PMC12602038
Differences in fMRI-based connectivity during abstinence or interventions between heroin-dependent individuals and healthy controls.,"Kurtin, Prabhu, Hassan, Groen, Amer, Lingford-Hughes, Paterson",2025,HSHa1b5b21f
"Sex Differences in Suicide, Lethal Means, and Years of Potential Life Lost Among Veterans With Substance Use Disorder.","Mandavia, Banducci, Simpson, Marx, Hawn, Hyde, Ameral, Sistad Hall, Roth, Sarpong, Davenport, Meng, Stein, Livingston",2025,HSHa1b5b21f
Fluctuations in dispensed out-patient psychotropic medication prescriptions during the COVID-19 pandemic in The Netherlands.,"Visser, Everaerd, Ellerbroek, Zinkstok, Tendolkar, Atsma, Schellekens",2025,PMC12001946
Law Enforcement Drug Seizures and Opioid-Involved Overdose Mortality.,"Kral, Humphrey, Schwab, Lambdin, Ray",2025,PMC11923703
Geographical narcissism and Ontario's opioid crisis.,Groot,2025,PMC12382335
Can dextromethorphan-bupropion reduce mental pain in depressed individuals? A generating hypothesis overview perspective.,"Pompili, Berardelli, Erbuto, Caraci",2025,PMC11916918
"""I feel like people would look at me like I'm dirty or like I'm a thief:"" a qualitative exploration of interpersonal and intrapersonal experiences that influence recovery among adults at risk of opioid-related overdose.","Szlyk, Jones, Michener, Zhang, Kaiser, Holtz, Frempong, Lateef, Hutson, Cavazos-Rehg",2025,PMC11907472
"Understanding the comorbidities among psychiatric disorders, chronic low-back pain, and spinal degenerative disease using observational and genetically informed analyses.","Qiu, Friligkou, He, Cabrera-Mendoza, Aslan, Gupta, Polimanti",2025,PMC11908311
"Alcohol and Other Substance Screening in Bariatric Surgery Candidates: Utility of Self-Report and Toxicology Tests, Including Ethyl-Glucoronide.","Cañizares, Nuño, Barrio, Forner-Puntonet, Gavotti, Monràs, Gavín, Navinés, Flores, Barrios, Andreu, Molero, Jimenez, Vidal, Lligoña",2025,PMC11976782
At-risk opioid users in a managed care insured population: Identifica-tion and outreach from a medical and pharmacy claims database.,"Sera, Lipphardt, Poling, McGovern, Cooke",2025,HSHa1b5b21f
Pharmaceutical Automated Reporting: An opioid stewardship tool.,"Turner, Gottselig, Sommer, Dumont, Berry, Phillips",2025,HSHa1b5b21f
Elevated rate of suicide risk in individuals with opioid use disorder.,"Spaderna, Rosenthal, Kang, Eyasu, Ebah, Ogbumbadiugha, Bijole, Cover, Davis, Zoltick, Kottilil, Mount, Gannon, Stevens, Garrett, Derenoncourt, Liu, Horowitz, Pao, Kattakuzhy",2025,PMC12182714
Long-Term Outcomes and Determinants of New-Onset Mental Health Conditions After Trauma.,"Yaw, Burrell, Ho",2025,PMC11894494
Risk of Delayed Intubation After Presumed Opioid Overdose in the Emergency Department.,"McCabe, Gibbs, Pratt, Culbreth, Sutphin, Abston, Li, Wax, Brent, Campleman, Aldy, Falise, Manini",2025,PMC12955731
"Community-onset bloodstream infection among people with opioid use disorders: a twenty-year population-based cohort study in Queensland, Australia.","Laupland, Stewart, Edwards, Harris, Coulter",2025,HSHa1b5b21f
Independent predictors of 90-day readmission in patients with inflammatory bowel disease: a nationwide retrospective study.,"Kunkle, Singh, Abraham, Asamoah, Barrow, Mattar",2025,HSHa1b5b21f
Age-Related Motives for Substance Use and Outcomes Among Veteran Patients Receiving Detoxification Services: A Longitudinal Study.,"Woodhead, Timko",2025,HSHa1b5b21f
Expanded access to intranasal naloxone and training among police officers in Western Australia: A pilot evaluation study.,"Agramunt, Lenton",2025,HSHa1b5b21f
Buprenorphine adherence among a prospective cohort of homeless-experienced adults with opioid use disorder.,"Fine, Critchley, Hart, Regan, Sporn, Gaeta, Wright, Kruse, Baggett",2025,PMC11959491
Sleep Loss and Substance Use Disorders: An Issue from Adolescents to Adults.,"Equihua-Benítez, Espinoza-Abad, García-García",2025,PMC11852296
"Living with chronic structural vulnerability: A biopsychosocial-structural formulation of a patient exhibiting ""medical noncompliance"" in the setting of historical trauma and social suffering.","Collins, Iles-Shih, Clifasefi",2025,PMC12751803
Negative urgency accounts for associations between internalizing symptoms and lifetime nonfatal opioid overdose among patients from three urban Ohio emergency departments.,"Petrovitch, Himes, Quarles, Freiermuth, Braun, Lambert, Brown, Lyons, Punches, Sprague, Littlefield",2025,HSHa1b5b21f
Unintended Prolonged Opioid Use: Protocol for a Case-Controlled Trial.,"Hooten, Erickson, Chawarski, Scholz, Waljee, Brummett, Jeffery",2025,PMC11976181
"Opioid Use Disorders: Prevention, Diagnosis, and Treatment Strategies to Mitigate Addiction Risks.","Agarwal, Singhal, Tonk",2025,HSHa1b5b21f
New Persistent Opioid Use After Surgery.,"Bologheanu, Bilir, Kapral, Gruber, Kimberger",2025,PMC11843354
Prenatal Opioid Use Disorder and the Risk of Congenital Anomalies in Offspring: A Population-Based Study.,"Ramage, Yee, Srugo, Little, Liu",2025,PMC11841020
Financial Incentives for Substance Abstinence: A Systematic Review and Meta-analysis.,"Phillips-Chantelois, Sharrad, Perveen, Grammatopoulos, Usmani, Szumlinski, Carson-Chahhoud",2025,PMC12280170
Employment industry and opioid overdose risk: A pre- and post-COVID-19 comparison in Kentucky and Massachusetts 2018-2021.,"Srinivasan, Shrestha, Harris, Lewis, Rock, Silwal, Pustz, Oh, Barboza-Salerno, Stopka",2025,PMC12581617
High BMI is a specific risk factor for drug-related mortality in patients receiving methadone: A case control study.,"Algahtani, Le Ruez, Strang, Morgan, Smith, Copeland",2025,PMC12128568
Dare 2 Discuss social media campaign: An educational initiative to improve opioid use disorder discussions between the pharmacist and patient.,"Frenzel, Ratz, Skarphol, Werremeyer",2025,HSHa1b5b21f
Prediction model for delirium in advanced cancer patients receiving palliative care: development and validation.,"Guo, Zhang, Leng, Fan, Wang, Chen, Zhang, Ge, Yue",2025,PMC11823038
Maternal and Neonatal Risk Factors Associated with Positive Toxicology Results.,"Pee, Hussein, Del Savio, Kocherlakota",2025,HSHa1b5b21f
Predicting fatal opioid-involved overdoses: A social-ecological framework matched to a linked-data warehouse.,"Bayly, Cordes, Bernson, Ackerson, LaRochelle, Hassan, Bauer, Stopka",2025,PMC12002089
Medicare Opioid Policy and Opioid Use in Beneficiaries With Disabilities.,"Wen, Halbisen, Thomas, Lakoma, Argetsinger, Zhang, Burns, Johnston, Shuey, Wharam",2025,PMC11811872
"Impact of Prospective, System-Wide Intervention to Influence Opioid Prescribing Practices Among Patients with Back Pain.","Owens, Wally, Yu, Leas, Henson, Seymour, Hsu, Odum",2025,HSHa1b5b21f
Buprenorphine induces human fetal membrane sterile inflammation.,"Lynn, Kelleher, Georges, McCauley, Logan, Yonkers, Abrahams",2025,PMC11890952
Ten years of transitional pain service research and practice: where are we and where do we go from here?,"Clarke, Waisman, Aternali, Axenova, Almohawis, Curtis, Fiorellino, Flynn, Ganty, Huang, Hong, Katznelson, Kotteeswaran, Ladak, Ladha, Lomanowska, Lumsden-Ruegg, Mahamid, McCarthy, Miles, Nicholls, Pagé, Peer, Rosenbloom, Santa Mina, Siegal, Slepian, Sutherland, Tamir, Tao, Tumber, Wieskopf, Williams, Woodford, Katz",2025,PMC11877109
Predictors for Chronic Opioid Use in Patients With Inflammatory Bowel Disease: A Population-Based Cohort Study.,"Nørgård, Thorarinsson, Nielsen, Dalal, Andersen, Lund, Friedman, Knudsen, Kjeldsen",2025,HSHa1b5b21f
Preoperative antidepressant use in patients with depression is associated with increased complications and additional shoulder procedures following rotator cuff repair.,"Moore, DeShazo, Somerson",2025,PMC11784287
Prevalence and impact of comorbid mental disorders in hospitalized patients with obstructive sleep apnea (OSA): a nationwide study using administrative data.,"Nora, Freitas, Fernandes, Ferreira",2025,PMC12213866
What are the risk factors of non-fatal overdose among persons who use opioids? A systematic review and meta-analysis.,"Dunne, Casey, Ivers",2025,HSHa1b5b21f
Predictors of treatment attrition among individuals in substance use disorder treatment: A machine learning approach.,"Rabinowitz, Wells, Kahn, Ellis, Strickland, Hochheimer, Huhn",2025,HSHa1b5b21f
Practical naloxone communication tips for pharmacists: Lessons learned from the Linguistic Model of Patient Participation in Care.,"Vieira, Ostrach, Westrick, Kennelty, Look, Carpenter",2025,PMC11893233
A deep learning analysis for dual healthcare system users and risk of opioid use disorder.,"Yin, Workman, Ma, Cheng, Shao, Goulet, Sandbrink, Brandt, Spevak, Kean, Becker, Libin, Shara, Sheriff, Butler, Agrawal, Kupersmith, Zeng-Trietler",2025,PMC11779826
Long-Term Opioid Use After Free Flap Breast Reconstruction: Incidence and Associated Factors.,"Cadwell, Kim, Graziano, Mehta, Seier, Tan, Nelson, Afonso",2025,PMC11770700
Communication-efficient federated learning of temporal effects on opioid use disorder with data from distributed research networks.,"Liang, Luo, Kranzler, Bian, Chen",2025,PMC12005629
Post-discharge complications and follow-up timing after hospitalization for traumatic rib fractures.,"Anderson, Earley, Rockwood, Zudock, Steeman, Footman, Castro, Myers, Flojo, Forrester",2025,PMC6531730
Lessons Learned in Virtual Launch of an Antenatal Opioid Exposure Study During the COVID-19 Pandemic.,"Newman, Dhawan, Clarke, Owen, Beiersdorfer, Parlberg, Merhar, DeMauro, Lorch, Wilson-Costello, Ambalavanan, Peralta-Carcelen, Poindexter, Davis, Mack, Limperopoulos, Bann",NA,PMC12040311
Risk of hospital inpatient opioid overdose (RHINOO): a review of factors impacting naloxone administration in patients receiving opioids.,"Alban, Ireifej, D'Alessandro, Jordan, Lee, Patricia, Stoltzfus, Niyibizi",2025,PMC2704133
Exploring Pain and Opioid Misuse Among Patients With Sickle Cell Anemia: Associations With Health Literacy and Pain Catastrophizing.,"Abdelrahman, Qadire",2025,HSHa1b5b21f
"Mindfulness Training vs Recovery Support for Opioid Use, Craving, and Anxiety During Buprenorphine Treatment: A Randomized Clinical Trial.","Schuman-Olivier, Goodman, Rosansky, Fredericksen, Barria, Parry, Sokol, Gardiner, Lê Cook, Weiss",2025,PMC11751747
Geographical and Socioeconomic Disparities in Substance and Opioid Use Disorders Among Inflammatory Bowel Disease Hospitalizations in the United States From the National Inpatient Sample.,"Kim, Chang, Hung, Wang, Chen, Sheibani, Odufalu, Dodge, Zhang",2025,HSHa1b5b21f
Assessing Links Between Alcohol Exposure and Firearm Violence: A Scoping Review Update.,"Matthay, Gobaud, Branas, Keyes, Roy, Cerdá",2025,PMC11737877
New Progress in the Study of Pathogenesis of Alcoholic Pancreatitis.,"Li, Tan, Li, Zhang",2025,HSHa1b5b21f
"Long-Term Opioid Therapy and Risk of Opioid Overdose by Derived Clinical Indication in North Carolina, 2006-2018.","DiPrete, Ranapurwala, Pettifor, Powers, Delamater, Fulcher, Pence",2025,PMC12034376
Recent Incarceration and HIV Risk Among Women Who Use Heroin.,"Atkins, Walker, Noon, Nwakama, Snyder, Luswetula, Mbwambo, Likindikoki, Saleem",2025,PMC11731222
Household Exposure to Substance Abuse and the Risk of New Persistent Opioid Use After Cancer Surgery.,"Khalil, Woldesenbet, Shaw, Zindani, Rashid, Altaf, Thammachack, Husain, Pawlik",2025,HSHa1b5b21f
Analysis of Analgesics and Adjuvant Medications on Psychiatric Comorbidities in Patients With Complex Regional Pain Syndrome 1.,"Deng, Espiridion",2024,PMC11725060
Alcohol use among populations with autism spectrum disorder: narrative systematic review.,"Barber, Aslan, Meynen, Marsden, Chamberlain, Paleri, Sinclair",2025,PMC11736162
Substance use and psychiatric outcomes following substance use disorder treatment: An 18-month prospective cohort study in Chile.,"Bórquez, Krawczyk, Matthay, Charris, Dupré, Mateo, Carvacho, Cerdá, Castillo-Carniglia, Valenzuela",2025,PMC12988487
How Is Preoperative Opioid Use Associated With Readmissions and Outcomes in Lower Extremity Trauma?,"Peluso, Araya, Patel, Najafali, Thota, Talemal, Hackley, Moss, Patel, Walchak",2025,PMC12014066
Utility of Candidate Genes From an Algorithm Designed to Predict Genetic Risk for Opioid Use Disorder.,"Davis, Jinwala, Hatoum, Toikumo, Agrawal, Rentsch, Edenberg, Baurley, Hartwell, Crist, Gray, Justice, Gelernter, Kember, Kranzler",2025,PMC11718552
Precipitated Withdrawal Induced by Prehospital Naloxone Administration.,"Vandergrift, Rice, Primeau, Gaither, Munn, Hannan, Knotts, Hollen, Stevens, Lara, Glenn",2025,HSHa1b5b21f
Naloxone coprescribing best practice advisory for patients at high risk for opioid-related adverse events.,"Sheldon, Duncan, Singh, Endrizzi, Conrardy, Brazauskas, Peppard",2024,HSHa1b5b21f
Pharmacist-initiated naloxone discharge prescribing for high-risk hospitalized internal medicine patients.,"Wermers, Sturm, Mancini, Hogan",2024,HSHa1b5b21f
Factors associated with cognitive flexibility in people with opioid-use disorder: a pilot study.,"Regier, Macedo de Arruda, Sinko, Teitelman, Childress",2024,PMC11693614
Benzodiazepine agonist treatment for patients with benzodiazepine dependence undergoing opioid agonist treatment: a study protocol for the randomized controlled trial BMX-BAR.,"Chalabianloo, Fadnes, Assmus, Mordal, Solli, Dale, Andersen, Zavenova, Rønning, Blomkvist, Ryssdal, Butt, Marciuch, Ørmen, Ohldieck, Løberg, Johansson",2025,PMC11694363
Managing Recurrent Endocarditis in Substance Use Disorder: The Role of Civil Commitment and Comprehensive Care.,"Drvar, Shychuck, Chhor, Mayle, Marshalek, Zheng",2025,PMC11706431
Comparing mental health and substance use disorders in patients receiving durable VADs versus transplants: A TriNetX database analysis.,"Grzyb, Du, Mahesh, Nair",2025,PMC11762330
"Effect of acute treatment with the glucagon-like peptide-1 receptor agonist, liraglutide, and estrus phase on cue- and drug-induced fentanyl seeking in female rats.","Urbanik, Booth, Acharya, Evans, Grigson",2025,PMC12013456
Associations Between Social Determinants of Health and Opioid-Use Disorder Among Chronic Pain Patients From a Multi-Institutional Dataset.,"Do, Simpson, Fisch, Gabriel",2025,PMC12183315
Patient characteristics in relation to opioid exposure in a chronic non-cancer pain population.,"Grelz, Jakobsson, Midlöv, Fischer, Ringqvist",2024,HSHa1b5b21f
Individual and prescription level factors associated with overdose in opioid naïve older people.,"Little, El Ibrahimi, Yoo, Flores, Hendricks, Hildebran, Ritter, Wright, Loy, Weiner",2025,PMC11970990
"Disparities and longitudinal complications in opioid prescriptions after dermatologic surgery: An international propensity score-matched, retrospective cohort study.","Lauck, Limmer, Nguyen, Tolkachjov",2025,HSHa1b5b21f
Genetic Variants Linked to Opioid Addiction: A Genome-Wide Association Study.,"Panday, Shankar, Lyman, Alexov",2024,PMC11641826
Factors Associated with Attempted Suicide Among Emergency Department Patients with Nonfatal Opioid Overdose.,"Culbreth, Wax, Brent, Aldy, Campleman, Weiss, Falise, Sutphin, Krotulski, Manini",2025,PMC11915186
Long-term opioid therapy in older adults: Incidence and risk factors related to patient characteristics and initial opioid dispensed.,"Ahmed, Zillich, Campbell, Sowinski, Foster",2025,HSHa1b5b21f
"Patterns of Medication for Opioid Use Disorder During Pregnancy, 7 Clinical Sites, MATernaL and Infant clinical NetworK (MAT-LINK), 2014-2021.","Tran, Dorsey, Miele, Gilboa, Gosdin, Terplan, Sanjuan, Seligman, Wright, Wachman, Smid, Henninger, Leeman, Schneider, Rood, Louis, Caveglia, Davidson, Shakib, Shrestha, Meaney-Delman, Kim",NA,PMC11903160
Investigating the relationship between opium use and coronary slow flow: a propensity score matched case-control study.,"Abdan, Nematollahi, Masoudkabir, Jalali, Pashang, Vasheghani-Farahani, Hosseini, Pourhosseini",2024,PMC11647393
Agent-Based Model of Combined Community- and Jail-Based Take-Home Naloxone Distribution.,"Tatara, Ozik, Pollack, Schneider, Friedman, Harawa, Boodram, Salisbury-Afshar, Hotton, Ouellet, Mackesy-Amiti, Collier, Macal",2024,PMC11632540
Medications for Opioid Use Disorder in People Who Inject Substances: Reflection on the Potential Place of Morphine Sulfate as Substitution Treatment? Results of COSINUS Cohort Study.,"Lalanne, Davalos, Audran, Hamelin, Chauvin, Briand-Madrid, Kervran, Kirchherr, Auriacombe, Roux, Jauffret-Roustide",2025,HSHa1b5b21f
Beyond a simple cause and effect relationship: Exploring the long-term outcomes of children prenatally exposed to opioids and other substances.,"Burduli, Jones",2025,PMC11810605
"Motivations for and perspectives of medication diversion among clients of a safer opioid supply program in Toronto, Canada.","Martignetti, Knight, Nafeh, Atkinson, Laurence, Johnson, Werb, Karamouzian",2025,HSHa1b5b21f
Recovery Capital and Subsequent Overdose Risk and Addiction Treatment Engagement Among Emergency Department Patients at High Risk of Opioid Overdose.,"Chambers, Welwean, Cho, Langdon, Li, Hallowell, Daly, Marshall, Beaudoin",2025,PMC11769765
Post-Traumatic Stress Disorder as a Risk Factor for Adverse Outcomes in Total Knee Arthroplasty.,"Hlavinka, Abdullah, Sontam, Chavda, Alqazzaz, Sheth",2025,HSHa1b5b21f
Opioid use and poisoning in hospitalized patients with chronic kidney disease.,"Zaidan, Jalloul, Goldfarb, Azar, El-Sayegh",2025,PMC10359729
Prevalence of and risk factors associated with chronic opioid use after traumatic injury: A historical cohort study using the Korean National Health Insurance Service sample cohort data.,"Kim, MacLeod, Cho, Kim",2024,PMC11608707
Transdiagnostic factors predicting prescription opioid-use disorder severity: A 12-month prospective study in patients on long-term opioid therapy for chronic pain.,"Rodríguez-Espinosa, Coloma-Carmona, Pérez-Carbonell, Román-Quiles, Carballo",2025,HSHa1b5b21f
Buprenorphine Induces Human Fetal Membrane Sterile Inflammation.,"Lynn, Kelleher, Georges, McCauley, Logan, Yonkers, Abrahams",2024,PMC11601656
Assessment of harm reduction receipt and infectious diseases outcomes in United States Veterans with opioid use disorder and history of injection drug use.,"Shah, Srivastava, Modi, Lier",2024,PMC11600810
Prevalence and factors associated with tramadol use among university students in Ghana: a cross-sectional survey.,"Lasong, Salifu, Kakungu",2024,PMC11603979
Identifying factors associated with persistent opioid use after total joint arthroplasty: a retrospective review.,"Quaye, DiPalazzo, Kostka, Richard, Beers-Mulroy, Peck, Krulee, Zhang",2025,PMC11789782
Opioids and Dementia in the Danish Population.,"Pourhadi, Janbek, Gasse, Laursen, Waldemar, Jensen-Dahm",2024,PMC11577141
Intensifying Substance Use Trends among Youth: A Narrative Review of Recent Trends and Implications.,"Harris, Weitzman",2024,PMC9887231
Characteristics associated with adult non-fatal opioid and stimulant overdose and substance use disorder emergency department visits in Michigan.,"Martin, Bird, Nechuta",2024,PMC11555421
Importance of Modifiable Factors to Infant Health in the Context of Prenatal Opioid Use Disorder.,"Ehrenthal, Wang, Kirby",NA,PMC11957324
"Differences in heroin overdose risk associated with the unregulated drug market: Insights from a supervised injecting facility in Melbourne, Australia.","Stam, Furler, Hiley, Schumann",2025,PMC11707310
Substance use disorder and severe maternal morbidity: is there a differential impact?,"Keller, Al-Hammadi, Bass, Chavan",2025,HSHa1b5b21f
"High hepatitis C virus reinfection in a community-based sample of people who inject drugs in Imphal, India.","Gunaratne, Kedar, McFall, Srikrishnan, Chingtham, Amrose, Baishya, Sinha, Mehta, Solomon",2024,HSHa1b5b21f
Prenatal buprenorphine/naloxone exposure and neonatal neurobehavioral functioning: A preliminary report.,"Velez, McConnell, Spencer, Montoya, Jansson",2024,PMC11908820
Palatable feeding effects on expression and reinstatement of morphine conditioned place preference in male and female rats.,"Cam, Kocum, Houska, Konrad, Schweizer, Will",2025,HSHa1b5b21f
"An examination of Black-White disparities in repeat nonfatal opioid overdose incidents, fatal drug overdose, and all-cause mortality in Detroit, Michigan.","Victor, Zettner, Lee",2024,HSHa1b5b21f
Open versus minimally invasive surgery: risk of new persistent opioid use.,"Rashid, Woldesenbet, Munir, Khalil, Thammachack, Khan, Altaf, Pawlik",2025,HSHa1b5b21f
"Posttraumatic Stress Disorder, Obesity, and Accelerated Epigenetic Aging Among US Military Veterans.","Fischer, Na, Nagamatsu, Jeste, Cabrera-Mendoza, Montalvo-Ortiz, Krystal, Polimanti, Gelernter, Pietrzak",2024,PMC11581715
Illicit Fentanyl in the Prenatal Period: A Significant Emerging Risk for Neonatal Opioid Withdrawal Syndrome.,"Rana, Gaston, DeBaer, Pourcyrous",2025,HSHa1b5b21f
Opioids and Cannabinoids in Neurology Practice.,"Sandbrink, Schuster",2024,HSHa1b5b21f
"A scoping review on barriers and facilitators to harm reduction care among youth in British Columbia, Canada.","Beck, Pallot, Amri",2024,PMC11520168
Implementation of a peer-delivered opioid overdose response initiative in New York City emergency departments: Insight from multi-stakeholder qualitative interviews.,"Goldberg, Chang, Freeman, Welch, Jeffers, Kepler, Chambless, Wittman, Cowan, Shelley, McNeely, Doran",2025,PMC12177935
"Demographic, Social, Behavioral, and Clinical Characteristics Associated with Long-Term Opioid Therapy and Any Opioid Prescription in High-Risk VA Patients.","Blalock, Greene, Kane, Smith, Jacobs, Rao, Cohen, Zulman, Maciejewski",2025,PMC12463771
Metro/Nonmetro Migration as a Risk Factor for Opioid Use Disorder Among Older Medicare Beneficiaries: A Longitudinal Analysis of 2013-2018 Data.,"Yang, Park, Shoff",2025,PMC12967032
Risk factors of overdose in maternal patients with opioid use disorder: a scoping review.,"Campbell, Wilson, Torres, Dantuluri, Fryer",2025,HSHa1b5b21f
The role of prescribed controlled substance acquisition as potential triggers of opioid overdose: A case-crossover study.,"Smith, Peng, Porter, Martin",2024,HSHa1b5b21f
Chronic Opioid Use After Implementation of Oregon's Medicaid Back Pain Policy.,"Hartung, El Ibrahimi, Livingston, Charlesworth, McConnell, Choo",2025,PMC11757081
"Risk of opioid-related harms by occupation within a large cohort of formerly injured workers in Ontario, Canada: findings from the Occupational Disease Surveillance System.","Carnide, Sritharan, Song, Kooshki, Demers",2024,PMC11503144
Identification of patients on chronic prescription opioids at risk for opioid use disorder using pharmacy claims data.,"Jantzen, Hall, Lai, Cunningham, Odell",2024,HSHa1b5b21f
"Sustainability of opioid agonist therapy programmes in Belarus, the Republic of Moldova, Tajikistan and Ukraine in the context of transition from Global Fund support during 2020-2023.","Stuikyte, Varentsov, Malikov, Dvoriak, Filippovych, Latypov, Kralko, Iatco, Cook",2024,PMC11481242
Prediction of site-specific pharmacologic therapy among newborns with neonatal opioid withdrawal syndrome.,"Coyle, Ounpraseuth, Lester, Dansereau, Hu, Laptook",2025,PMC11997159
Spatial patterns of rural opioid-related hospital emergency department visits: A machine learning analysis.,"Robinson, Stewart, Artigiani, Hsu, Billing, Massey, Gona, Wish",2024,HSHa1b5b21f
"Causality Between ADHD, ASD, and CVDs: A Two-Step, Two-Sample Mendelian Randomization Investigation.","Zheng, Cai",2025,HSHa1b5b21f
"A Climate of Stigma, Uncertainty, and Distrust: Stakeholder Perception of Barriers to SNF Placement for Patients with Opioid Use Disorder Treated with Methadone.","Bann, Cullen, de Boer, Hrachovec, Rozler, Blume",2025,PMC12325808
Predicting buprenorphine adherence among patients with opioid use disorder in primary care settings.,"Hooker, Starkey, Bart, Rossom, Kane, Olson",2024,PMC11468455
Protective Factors Associated With Lower Likelihood of Injection Drug Use and Experiencing Overdose Among Incarcerated Women.,"Staton, Tillson, Levi, Leukefeld, Dickson, Oser, Fanucchi, Annett, Winston, Webster",2024,PMC11602352
The preponderance of opioid overdoses among middle-aged individuals in the US: Analysis of 911 dispatch data - Q1 2018 to Q3 2023.,"McCabe, Won, Cottler",2024,PMC11901356
Disclosure Patterns of Opioid Use Disorders in Perinatal Care During the Opioid Epidemic on X From 2019 to 2021: Thematic Analysis.,"Wu, Ng, Gupta, Raynor, Tao, Ren, Hung, Qiao, Zhang, Fillo, Li, Guille, Eichelberger, Olatosi",2024,PMC11494255
Substance use disorder risk assessment: positive emotional experiences with first time use and substance use disorder risk.,"Arscott, Eget, Marcos, Piper",2024,PMC11451412
Nonprescribed Substance Use in the General Hospital: A Retrospective Study.,"Dockery, Kast, Smith, Stewart, Reese, Wiese, Shah, Marcovitz",2025,HSHa1b5b21f
Examining use of telehealth in jails: linking women to community OUD services.,"Staton, Levi, Winston, B Oser, Fallin-Bennett, Dickson, Matthew Webster, Leukefeld, Tillson",2024,PMC11451235
The Impact of High-Potency Synthetic Opioids on Pharmacotherapies for Opioid Use Disorder: A Scoping Review.,"Jegede, De Aquino, Hsaio, Caldwell, Funaro, Petrakis, Muvvala",NA,PMC11449257
The Incidence and Risk Factors of Persis tent Opioid Use After Surgery—A Retrospective Secondary Data Analysis.,"Dreiling, Rose, Arnold, Baumbach, Fleischmann-Struzek, Kubulus, Komann, Marschall, Rittner, Volk, Meißner, Schwarzkopf",2024,PMC12036114
"Opioid Use Disorder and intracerebral hemorrhage in Isfahan, Iran: a case-control study.","Saadatnia, Norouzi, Najafi, Gol Parvar, Najafian, Tabatabei, Foroughi, Esteki, Khorvash",2024,PMC11439711
Risk and protective factors associated with posttraumatic stress disorder among layperson responders to opioid overdose incidents.,"Jacka, Lin, Kiefer, Forkus, Raudales, Thomas, Samuels, Marshall, Weiss",2025,HSHa1b5b21f
Normalizing fentanyl: interpreting the perceived 'risk' of correctional officer work.,"Ricciardelli, Johnston, Foley",2024,PMC11439204
Associations between psychosocial factors and long-term opioid use among injured workers receiving early opioids.,"Elmore, Fulton-Kehoe, Arewasikporn, Haight, Franklin",2024,HSHa1b5b21f
Postoperative delirium among elderly elective orthopedic patients in Addis Ababa Ethiopia: a multicentere longitudinal study.,"Tekletsadik, Workineh, Gesso, Hirbo",2024,PMC11438145
"Health service utilization, substance use treatment response, and death in patients with opioid use disorder and comorbid hepatitis C findings from prospective cohort study with administrative database linkage.","Dennis, Babe, Gayowsky, Rosic, Rodrigues, Bach, Perez, de Oliveira, Samet, Weaver, Young, Dionne, Ahmed, Kim, Thabane, Samaan",2024,PMC11750131
Predictive Model for Opioid Use Disorder in Chronic Pain: A Development and Validation Study.,"Escorial, Muriel, Margarit, Agulló, Zandonai, Panadero, Morales, Peiró",2024,PMC11428664
Buprenorphine-Precipitated Withdrawal Among Hospitalized Patients Using Fentanyl.,"Thakrar, Christine, Siaw-Asamoah, Spadaro, Faude, Snider, Delgado, Lowenstein, Kampman, Perrone, Nelson, Kilaru",2024,PMC11437388
Feasibility and assessment of a comprehensive emergency department-based intervention for patients at risk of HIV.,"Osman, Rodgers, Fordham, Covington, Hand, Ross-Davis, Walter",2024,PMC11426474
"Affective neuroscience personality traits in opioid use disorder patients: The relationship with earlier onset of substance use, the severity of addiction, and motivational factors to quit opiate use.","Aşut, Alıcı, Ceran, Danışman, Şahiner",2024,PMC11422171
Social complexity of a fentanyl vaccine to prevent opioid overdose conference proceedings: Radcliffe Institute for Advanced Study conference proceedings.,"Weitzman, Alegria, Caplan, Dowling, Evans, Fisher, Jordan, Kossowsky, Landau, Larson, Levy, Levy, Mnookin, Reif, Ross, Sherman",2025,HSHa1b5b21f
Barriers and Facilitators to Community Pharmacist-Provided Injectable Naltrexone for Formerly Incarcerated Individuals During Community Reentry in Wisconsin.,"Chladek, Chui",2024,PMC11419208
"Long versus short-term opioid therapy for fibromyalgia syndrome and risk of depression, sleep disorders and suicidal ideation: a population-based, propensity-weighted cohort study.","Hurtado, Robles, Peiró, García-Sempere, Llopis, Sánchez, Rodríguez-Bernal, Sanfélix",2024,PMC11428988
"""Before medically advised"" departure from hospital and subsequent drug overdose: a population-based cohort study.","Khan, Nicole, Crabtree, Moe, Nasmith, Daly-Grafstein, Brubacher, Slaunwhite, Staples",2024,PMC11426346
Patient Characteristics From Norway's First Heroin-Assisted Treatment Clinics.,"Melis, Clausen, Castel, Dadras, De Pirro, Myklebust, Oldervoll, Wüsthoff, Eide",2025,HSHa1b5b21f
"Sleep Health among Community-Recruited Opioid-Using People Who Inject Drugs in Los Angeles, CA and Denver, CO.","Ruth, Ganesh, Shah, Gould, Ninh, Ceasar, Duncan, Bluthenthal",2024,PMC11461715
Impact of COVID-19 on MOUD retention in a sample of rural primary care patients: A secondary analysis of electronic health records.,"Calhoun, Guo, Fei, Lin, Clingan, Zhu, Mooney, Hser",2024,PMC11403463
"High-risk use of prescription opioids among patients treated for alcohol problems in New York State. A repeated cross-sectional study, 2005-2018.","Kuo, Lu, Falls, Jette, Gibson, Elkin, Leonard, Bednarczyk, Jacobs",2024,PMC11403464
Classifying High-Risk Patients for Persistent Opioid Use After Major Spine Surgery: A Machine-Learning Approach.,"Simpson, Zhong, Mehdipour, Armaneous, Sathish, Walker, Said, Gabriel",2024,PMC11972282
The Impact of Regional Anesthesia on Chronic Postsurgical Pain and Persistent Postoperative Opioid Use: Challenges and Opportunities.,"Maniker, Sondekoppam, Benzon",2024,HSHa1b5b21f
Persistent Postoperative Opioid Use: Progressing From Risk Identification to Risk Reduction.,"Jivraj, Sun, Dunn, Shanthanna",2024,PMC11412317
"A mixed methods study to inform fatal overdose prevention in San Diego, California: Perspectives from people who use drugs.","Bailey, Schecter, Eger, Justin Valasek, Strathdee, Knox, Harvey-Vera, Vera, Goldenberg, Bazzi, Davidson",2024,PMC11789787
Persistent and chronic opioid use after ambulatory surgery in US veterans (2011-2018).,"Liu, Soybel",2024,HSHa1b5b21f
Prevalence and predictors of HIV among patients presenting to US emergency departments with opioid overdose.,"Levine, Culbreth, Amaducci, Calello, Shulman, Judge, Love, Hughes, Schwarz, Carpenter, Wax, Aldy, Krotulski, Logan, Buchanan, Brent, Meaden, Hendrickson, Abston, Li, Campleman, Manini",2024,HSHa1b5b21f
Lessons for future pandemics: Temporal evolution and rural-urban variations in the impacts of the COVID-19 on opioid use treatment.,"He, Heess, Young, Lei",2024,PMC11398672
Risk factors for persistent postoperative opioid use: an entity distinct from chronic postsurgical pain.,"Ramo, Frangakis, Waljee, Bicket",2025,HSHa1b5b21f
"State program enables the identification of factors associated with naloxone awareness, self-efficacy, and use for overdose reversal: A cross-sectional, observational study in an urban emergency department population.","Petrovitch, Himes, Jump, Freiermuth, Braun, Brown, Lyons, Punches, Sprague, Littlefield",2024,HSHa1b5b21f
Design and Implementation of an Opioid Scorecard for Hospital System-Wide Peer Comparison of Opioid Prescribing Habits: Observational Study.,"Slovis, Huang, McArthur, Martino, Beers, Labella, Riggio, Pribitkin",2024,PMC11404392
Evaluating fentanyl test strips as a harm reduction strategy in rural and urban counties: study protocol for a randomized controlled trial.,"Short Mejia, Smith, Fernandez, Freisthler, Grella, Michaels",2024,PMC11373481
Perioperative Regional Anesthesia on Persistent Opioid Use and Chronic Pain after Noncardiac Surgery: A Systematic Review and Meta-Analysis of Randomized Controlled Trials.,"Pepper, Mikhaeil, Khan",2024,HSHa1b5b21f
Universal Prevention Strategies to Prevent Opioid Misuse on a U.S. College Campus.,"Samuolis, Osborne-Leute, Morgan",2024,PMC8129854
Discontinuity of psychiatric care among patients with bipolar disorder in the Netherlands.,"van der Lee, Hoogendoorn, Kupka, Haan, Beekman",2025,PMC11800698
Anxiety and risk-taking behavior maps onto opioid and alcohol polysubstance consumption patterns in male and female mice.,"Patarino, Wang, Kim, Wong, Lee, Skillen, Nag, Baskin, Schindler",2025,PMC11370560
"Genetics of posttraumatic stress disorder and cardiovascular conditions using Life's Essential 8, Electronic Health Records, and Heart Imaging.","Shen, Valentim, Friligkou, Overstreet, Choi, Koller, O'Donnell, Stein, Gelernter, Lv, Sun, Falcone, Polimanti, Pathak",2024,PMC11370495
Psychiatric Comorbidity Does Not Enhance Prescription Opioid Use in Inflammatory Bowel Disease as It Does in the General Population.,"Bernstein, Fisk, Walld, Bolton, Sareen, Patten, Singer, Lix, Hitchon, El-Gabalawy, Katz, Graff, Marrie",2025,PMC11808568
Correlates of Current Methamphetamine Use and Opioid Co-Use Among Latina Women in a Low-Income Community.,"Frankeberger, Perdue, Ramirez, Valdez, Cepeda",2025,PMC11872014
Barriers and Facilitators to Accessing Opioid Agonist Therapy for Street-involved Adolescents and Young Adults in Vancouver.,"Gallant, Nijjar, DeBeck, Cui, Kerr",NA,PMC11790360
Hepatitis C Virus Reinfection Among People Who Inject Drugs: Long-Term Follow-Up of the HERO Study.,"Litwin, Tsui, Heo, Mehta, Taylor, Lum, Feinberg, Kim, Norton, Pericot-Valverde, Arnsten, Meissner, Karasz, McKee, Ward, Johnson, Agyemang, Stein, Thomas, Borsuk, Blalock, Wilkinson, Wagner, Carty, Murray-Krezan, Anderson, Jacobsohn, Luetkemeyer, Falade-Nwulia, Groome, Davies, Costello, Page",2024,HSHa1b5b21f
Heightened mortality risk after a non-fatal opioid overdose: Risk factors for mortality in the week following emergency treatment.,"Eide, Gjersing, Danielsen, Skulberg, Dale, Braarud, Heyerdahl, Tylleskar",2024,HSHa1b5b21f
Child maltreatment as a transdiagnostic risk factor for the externalizing dimension: a Mendelian randomization study.,"Konzok, Gorski, Winkler, Baumeister, Warrier, Leitzmann, Baurecht",2025,PMC11746131
Factors associated with presentation to the emergency department during an intensive post-discharge intervention in patients with substance use disorders.,"Kim, Kaduri, Buckley, Tang, Beyraghi",2024,HSHa1b5b21f
The risk of long-term opioid use among immigrants: a national registry-linkage study.,"Nestvold, Skurtveit, Hamina, Hjellvik, Odsbu",2025,PMC12598078
Changes in analgesic prescriptions in Dutch general practice.,"Veldkamp, Pooters, Schers, Akkermans, Olde Hartman, Uijen",2024,PMC11552297
Opioid Use and the Risk of Ventricular Arrhythmias: A Systematic Review and Meta-Analysis.,"Salmasi, Igweokpala, Douros, Islam, Andrade, Filion",2024,HSHa1b5b21f
Factors associated with long-term opioid use among patients with axial spondyloarthritis or psoriatic arthritis who initiate opioids.,"Huang, Jenkins, Yimer, Jani",2025,PMC11962957
Human genetics and epigenetics of alcohol use disorder.,"Zhou, Gelernter",2024,PMC11324314
Childhood sexual trauma and opioid use among older adults living with HIV.,"Brown, Sunkara, Kaur, Addo, Amoatika, Crouch",2024,PMC11560638
Substance Use Disorder and Suicidal Ideation in Rural Maryland.,"Ahuja, Jain, Mamudu, Al Ksir, Sathiyaseelan, Zare, Went, Fernandopulle, Schuver, Pons, Dooley, Nwanecki, Dahal",2024,PMC11304480
"Predictors of persistent opioid use in Australian primary care: A retrospective cohort study, 2018-2022.","Jung, Xia, Ilomäki, Pearce, Aitken, Nielsen",2024,PMC11637602
Factors Associated with an Increased Risk of Opioid Misuse Among Patients with Non-Cancer Pain in Malaysian Pain Clinic Settings.,"Sani, Zin",2025,HSHa1b5b21f
"Maternal psychophysiology profiles: associations with prenatal opioid use, maternal emotion dysregulation, and newborn neurobehavior.","Maylott, Reese, Zhou, Kaliush, Terrell, Saenz, Brown, Crowell, Lester, Smid, Shakib, Garland, Conradt",2025,PMC12312871
Drug Overdose Death Following Substance Use Disorder Treatment Termination in New York City: A Retrospective Longitudinal Cohort Study.,"Jordan, Jette, Graham, Burke, Cunningham",2024,PMC11461374
"Prevalence and factors associated with opioid use disorder among adolescents with sickle cell disease in Mulago hospital, Uganda.","Kwagala, Munube, Abbo, Muhwezi, Mwesiga",2024,PMC11295896
Opioid use disorder risk alleles in self-reported assigned African American/Afro-Caribbean and European biogeographical genetic ancestry groups and in males and females.,"Sprague, Freiermuth, Lambert, Braun, Frey, Bachmann, Bischof, Beaumont, Lyons, Pantalon, Punches, Ancona, Kisor",2024,PMC11294185
Sex-specific predictive factors of smoking cessation in subjects at high cardiovascular risk.,"Allagbé, Zeller, Thomas, Airagnes, Limosin, Boussadi, Chagué, Le Faou",2024,HSHa1b5b21f
SARS-CoV-2-Infection in People Addicted to Illegal Drugs - Is There a Protective Effect of Opioid Maintenance Treatment?,"Kurzhals, Schäfer, Bonnet, Isbruch, Kühnhold, Timm, Specka, Scherbaum",2024,HSHa1b5b21f
Study Protocol for the Opioid and Pain Treatment in Indigenous Communities Trial: A Systems Level Intervention for Enhanced Screening and Brief Intervention and Referral for Co-Occurring Chronic Pain and Opioid Use Disorder.,"Vasquez, Pearson, Hebden, Nadeau, George, Lizzy, Venner",2025,HSHa1b5b21f
Trends in Opioid Prescribing and New Persistent Opioid Use After Surgery in the United States.,"Luby, Alessio-Bilowus, Hu, Brummett, Waljee, Bicket",2025,PMC11785817
One-year opioid consumption trajectories among individuals receiving multidisciplinary postsurgical care: a single-center observational study from the Toronto General Hospital Transitional Pain Service.,"Pagé, Katz, Darville, Gabriel, Ladha, Huang, Ganty, Katznelson, Tamir, Fiorellino, Kahn, Tao, Slepian, Wieskopf, Clarke",2025,HSHa1b5b21f
Use and misuse of psychoactive medicines: a descriptive cross-sectional study in a densely populated region of Portugal.,"Carmona Araújo, Guerreiro, Bulhosa, Alves da Costa, Goulão, Martins",2024,PMC11288207
Increased risky choice during forced abstinence from fentanyl on the cued rat gambling task.,"Hrelja, Kawkab, Avramidis, Ramaiah, Winstanley",2025,PMC8670007
Decoding behaviour change techniques in opioid deprescribing strategies following major surgery: a systematic review of interventions to reduce postoperative opioid use.,"Bansal, Armitage, Hawkes, Tinsley, Ashcroft, Chen",2025,HSHa1b5b21f
"Maternal, prenatal and postnatal risk factors for early child physical abuse: a French nationwide cohort study.","Blangis, Drouin, Launay, Miranda, Zureik, Cohen, Weill, Dray-Spira, Chalumeau",2024,PMC11281928
Overdose Experiences Among a Sample of Women in Jail with Opioid Use Disorder.,"Dickson, Annett, Walker, Leukefeld, Webster, Levi, Tillson, Staton",2024,PMC11444883
"Association of opium use and tobacco smoking with α-, β-, and γ-human papillomavirus oral infection.","Karimi, Mohebbi, Mckay-Chopin, Hadji, Rashidian, Marzban, Naghibzadeh-Tahami, Gholipour, Eslami, Kamangar, Tommasino, Gheit, Zendehdel",2024,HSHa1b5b21f
Profile of Chronic Pain Patients With Opioid Withdrawal Syndrome According to Psychological Factors: A Latent Class Analysis.,"Rodríguez-Espinosa, Coloma-Carmona, Pérez-Carbonell, Román-Quiles, Carballo",2025,HSHa1b5b21f
"""Expected to happen"": perspectives on post-release overdose from recently incarcerated people with opioid use disorder.","Michener, Bianchet, Fox, Evans, Friedmann",2024,PMC11265078
Trends in Substance Use Disorder-Related Emergency Department Visits in California: An Analysis of 46 Million Visits From 2006 to 2011.,"Shin, Saadat, Lotfipour, Zakaria, Bruckner, Chakravarthy",2024,PMC11404660
"Postrelease Risk of Overdose and All-Cause Death Among Persons Released From Jail or Prison: Minnesota, March 2020-December 2021.","Hill, Bodurtha, Winkelman, Howell",2024,PMC11306622
First Response to Opioids Survey Tool (FROST): Pilot study of a brief screening tool to assess opioid use disorder risk.,"Mills-Huffnagle, Morris, Kawasaki, Waverka, Hammen, Zgierska",2024,HSHa1b5b21f
Incidence and risk factors of new persistent opioid use after surgery and trauma: A systematic review.,"Gong, Jones, Chan",2024,PMC11251237
"Risk factors for persistent fatal opioid-involved overdose clusters in Massachusetts 2011-2021: a spatial statistical analysis with socio-economic, accessibility, and prescription factors.","Srinivasan, Pustz, Marsh, Young, Stopka",2024,PMC11251103
"Assessing experts' perspectives on challenges in substance misuse prevention, harm reduction, and treatment to shape funding priorities in New York State.","Kruger, Kirk, Leonard, Lynch, Nielsen, Collins, Ditre, Fletcher-Blake, Green, Hogue, Hunter, Marraffa, Clemency",2024,PMC11247824
Effects of prenatal exposure to methadone or buprenorphine and maternal separation on anxiety-like behavior in rats.,"Nyberg, Bogen, Nygaard, Andersen",2024,HSHa1b5b21f
Perioperative Naltrexone Management: A Scoping Review by the Perioperative Pain and Addiction Interdisciplinary Network.,"Goel, Kapoor, Wu, Iyayi, Englesakis, Kohan, Ladha, Clarke",2024,HSHa1b5b21f
Persistent opioid use after hospital admission due to trauma: a population-based cohort study.,"Gong, Beyene, Yan Chan, Frampton, Jones",2025,HSHa1b5b21f
"Postsurgical Pain Risk Stratification to Enhance Pain Management Workflow in Adult Patients: Design, Implementation, and Pilot Evaluation.","Görges, Sujan, West, Sreepada, Wood, Payne, Shetty, Gelinas, Sutherland",2024,PMC11252618
Characteristics of Patients Presenting at an Emergency Department for a Heroin Overdose vs Detoxification.,"Leonard, Lynch, Leong, Kruger, Clemency",2024,PMC11214563
Epidemiology of Hepatitis C infection in pregnancy: Patterns and trends in West Virginia using statewide surveillance data.,"Umer, Lefeber, Lilly, Garrow, Breyel, Lefeber, John",2025,HSHa1b5b21f
Estimated effects of opioid agonist treatment in prison on all-cause mortality and overdose mortality in people released from prison in Norway: a prospective analysis of data from the Norwegian Prison Release Study (nPRIS).,"Bukten, Stavseth",2024,HSHa1b5b21f
Barriers and Facilitators to Using a Clinical Decision Support Tool for Opioid Use Disorder in Primary Care.,"Hooker, Solberg, Miley, Borgert-Spaniol, Rossom",2024,PMC11555580
A transitional pain management program is associated with reduced opioid dependence after major shoulder surgery.,"Sroka, Featherall, Bayless, Anderson, Da Silva, Brooke, Buys, Chalmers, Tashjian",2025,HSHa1b5b21f
Caregivers' experience of caring for family members with complex health needs in Latvia.,"Petrova, Pipere",2024,HSHa1b5b21f
Transitions of care between jail-based medications for opioid use disorder and ongoing treatment in the community: A retrospective cohort study.,"Krawczyk, Lim, Cherian, Goldfeld, Katyal, Rivera, McDonald, Khan, Wiewel, Braunstein, Murphy, Jalali, Jeng, Kutscher, Khatri, Rosner, Vail, MacDonald, Lee",2024,PMC11249039
"Associations among drug acquisition and use behaviors, psychosocial attributes, and opioid-involved overdoses.","Swartz, Zhao, Jacobucci, Watson, Mackesy-Amiti, Franceschini, Jimenez",2024,PMC11197316
Is opium use related to the increased risk of oral cavity cancers? A case-control study in Iran.,"Naghibzadeh-Tahami, Karamoozian, Iranpour, Mirshekarpour, Zahedi, Enhesari, Haghdoost",2024,HSHa1b5b21f
Association Between Emergency Department Operational Metrics and Substance Use Disorder Treatment Interest in Two Rhode Island Hospitals.,"Arbaugh, Chambers, Gaither, Hallowell, Daly, Marshall, Beaudoin",2024,PMC11476007
Provider perspectives on screening and treatment for opioid use disorder and mental health in HIV care: A qualitative study.,"Knettel, Chen, Wilson, Agor, McKellar, Reif",2024,PMC11195992
A phase 3 randomised double-blind placebo-controlled trial of mirtazapine as a pharmacotherapy for methamphetamine use disorder: a study protocol for the Tina Trial.,"McKetin, Degan, Saunders, Nguyen, Dore, Shoptaw, Farrell, Degenhardt, Kelly, Turner, Clare, Dean, Arunogiri, Colledge-Frisby, Koeijers, Goodman-Meza, Sinclair, Reid, Hill, Hayllar, Christmass, Cordaro, Lundin, Liaw, Liu, Holyoak, Wu, Keygan, Kontogiannis, Palmer, Morrison, Wrobel, Hyland, Byrne, Russell, Zahra, Berk",2024,PMC11193254
"Cross-ancestry genetic investigation of schizophrenia, cannabis use disorder, and tobacco smoking.","Johnson, Austin-Zimmerman, Thorpe, Levey, Baranger, Colbert, Demontis, Khokhar, Davis, Edenberg, Di Forti, Sanchez-Roige, Gelernter, Agrawal",2024,PMC11399264
Prescription Patterns and Predisposing Factors of Benzodiazepine and Z-Hypnotic Use During Pregnancy: A Nationwide Cohort Study.,"Meng, Lin, Chuang, Chen, Shang, Wu, Chen, Hsiao",2024,HSHa1b5b21f
Risk Factors for Persistent Postoperative Opioid Use After Surgery for IBD: An Observational Cohort Study.,"Lin, Hasselager, Fransgaard, Gögenur",2024,HSHa1b5b21f
Pulmonary edema after naloxone administration for opioid reversal: a systematic review of case reports and causality assessment using the Naranjo scale.,"Joseph, Amin, Siddens, Jaime, Seeger, Mercer, Chau",2024,HSHa1b5b21f
Prolonged Opioid Use and Associated Factors After Open Reduction and Internal Fixation of Tibial Shaft Fractures.,"Chakrani, Stocchi, Alasadi, Zubizarreta, Stern, Poeran, Forsh",2024,HSHa1b5b21f
Generational and Gender Patterns of Prescription Opioid Misuse Among Black Adults.,"Miller-Roenigk, Wheeler, Jester, Hargons, Stevens-Watkins",2024,PMC11300149
Effects of socioeconomic burden on opioid use following total shoulder arthroplasty.,"Farronato, Pezzulo, Juniewicz, Rondon, Cox, Davis",2024,HSHa1b5b21f
Outpatient prescription medications during the first year following combat-related amputations and traumatic brain injury: A retrospective study.,"Melcer, Perez, Zouris, Sazon, Sheu, MacGregor, Galarneau",2024,HSHa1b5b21f
An explainable machine learning framework for predicting the risk of buprenorphine treatment discontinuation for opioid use disorder among commercially insured individuals.,"Al Faysal, Noor-E-Alam, Young, Lo-Ciganic, Goodin, Huang, Wilson, Park, Hasan",2024,HSHa1b5b21f
Social support and the association between post-traumatic stress disorder and risk for long-term prescription opioid use.,"Sullivan, Wilson, Amick, Miller-Matero, Chrusciel, Salas, Zabel, Lustman, Ahmedani, Carpenter, Scherrer",2024,PMC11408094
"""Coke in the Dope"": The Underrecognized Complications of a Cocaine-Adulterated Fentanyl Supply.","Mariano, Berk",NA,PMC11446664
Paralytic ileus in a patient on clozapine therapy showing an inverted clozapine/norclozapine ratio after switching valproic acid to carbamazepine: a case report.,"van Weringh, van Koolwijk, de Haan, Touw, de Koning",2024,PMC11143807
Identification of factors associated with opioid-related and hepatitis C virus-related hospitalisations at the ZIP code area level in the USA: an ecological and modelling study.,"Gezer, Howard, Litwin, Martin, Rennert",2024,PMC11163979
Tribally-led mobile outreach: improving access to harm reduction services in one rural reservation community.,"Kelley, Webb, Hirchak, Witzel, Bajet, Posey",2024,PMC11137169
"Fentanyl-Related Substance Use Patterns, Morbidity, and Mortality Among Adolescents and Young Adults: Implications for Behavioral Health Services Research.","Lynch, Mulford, Wiley, Blanco",2024,HSHa1b5b21f
A Qualitative Exploration of Perinatal Opioid Users' Pain-Related Experiences.,"Morton, Bloom, Anbari, St Marie, Lepper, Bullock",2024,HSHa1b5b21f
Establishing Geriatric Opiate Use Patterns in Trauma.,"Hammond, Zhan-Moodie, Sapkalova, Rivera, Agrawal, Thomas, Fox, Lawson",2024,HSHa1b5b21f
Confidence in providing methadone maintenance treatment of primary care providers in Vietnam.,"Nguyen, Li, Lin, Nguyen, Shoptaw, Le",2024,PMC11112890
Machine learning identifies risk factors associated with long-term opioid use in fibromyalgia patients newly initiated on an opioid.,"Ramírez Medina, Feng, Huang, Jenkins, Jani",2024,PMC11308899
"Different characteristics but comparable hypertension rates between two MMT ""twin"" clinics.","Adelson, Smith, Sason, Duff, Renteria, Schreiber, Peles",2025,HSHa1b5b21f
Long-term Health Outcomes of New Persistent Opioid Use After Gastrointestinal Cancer Surgery.,"Khalil, Woldesenbet, Munir, Khan, Rashid, Altaf, Katayama, Endo, Dillhoff, Tsai, Pawlik",2024,PMC11236845
"Re: ""Rates and risk factors for persistent opioid use after cardiothoracic surgery: A cohort study"".","Gupta, Bacchi, Kovoor, Jiang, Stretton, Zaka, He, Vallely, Kovoor, Bennetts, Maddern",2024,HSHa1b5b21f
Retention of people who inject drugs enrolled in a 'medications for opioid use disorder' (MOUD) programme in Uganda.,"Mudiope, Mutamba, Komuhangi, Nangendo, Alamo, Mathers, Makumbi, Wanyenze",2024,PMC11094991
Prevalence of high impulsivity and its relation to sleep indices in opioid use disorder patients receiving methadone maintenance treatment.,"Ayali, Tauman, Peles",2024,HSHa1b5b21f
Public Perceptions of Opioid Use for Chronic Non-Cancer Pain.,"Solberg, Pasman, O'Shay, Friedrich, Agius, Resko",2024,HSHa1b5b21f
Obstructive Sleep Apnea and Risk of Postoperative Complications after Non-Cardiac Surgery.,"Chaudhry, Zarmer, West, Chung",2024,PMC11084150
Evaluating the Risk Index for Serious Prescription Opioid-Induced Respiratory Depression or Overdose in Patients with Cancer.,"Okoroma, Nguyen, Roeland, Ma",2024,HSHa1b5b21f
Characterising methamphetamine/amphetamine use among opioid agonist therapy-seeking adults with prescription-type opioid use disorder in Canada.,"Langlois, Fairbairn, Jutras-Aswad, Le Foll, Lim, Socías",2024,HSHa1b5b21f
"Prenatal opioid exposure by likelihood of exposure and risk to prenatal development: Medicaid-covered births in Wisconsin, 2010-2019.","Berger, Durrance, Ehrenthal, Kim, Kuo, Pac",2024,PMC11078186
Using decision tree models and comprehensive statewide data to predict opioid overdoses following prison release.,"Yamkovoy, Patil, Dunn, Erdman, Bernson, Swathi, Nall, Zhang, Wang, Brinkley-Rubinstein, LeMasters, White, Barocas",2024,PMC11117432
State-level policies and receipt of CDC-informed opioid thresholds among commercially insured new chronic opioid users.,"Calabrese, Shaya, Palumbo, McPherson, Villalonga-Olives, Zafari, Mutter",2024,HSHa1b5b21f
Prolonged Opioid Use Is Associated With Poor Pain Alleviation After Orthopaedic Surgery.,"Marmor, Hu, Mahadevan, Floren, Solans, Savic",2024,HSHa1b5b21f
The use of opioids nine months after surgery for Crohn's disease - a nationwide cohort study.,"Nørgård, Thorarinsson, Zegers, Kjeldsen, Dalal, Lund, Knudsen",2024,HSHa1b5b21f
Hospital and long-term opioid use according to analgosedation with fentanyl vs. morphine: Findings from the ANALGESIC trial.,"Casamento, Ghosh, Hui, Neto",2024,PMC11056422
"What is the ideal time to begin tapering opioid agonist treatment? A protocol for a retrospective population-based comparative effectiveness study in British Columbia, Canada.","Yan, Kurz, Guerra-Alejos, Min, Bach, Greenland, Gustafson, Karim, Korthuis, Loughin, McCandless, Platt, Schnepel, Seaman, Socías, Wood, Xie, Nosyk",2024,PMC11086281
Long-Term Effects of Opium Consumption Following Percutaneous Coronary Intervention: A 10-year Follow-Up Study.,"Amoli, Oraii, Aghajani, Jameie, Lotfi, Jalali, Shafiee, Najafi, Lotfi-Tokaldany, Mortazavi, Ghavami, Amat-Santos, Mansouri, Aghajani",2024,PMC11049677
Hospital admissions among patients with Comorbid Substance Use disorders: a secondary analysis of predictors from the NavSTAR Trial.,"Nordeck, Kelly, Schwartz, Mitchell, Welsh, O'Grady, Gryczynski",2024,PMC11056040
Opioid use and risks in candidates and recipients of liver transplant.,"Rubin, Aby, Barman, Tincopa",2025,PMC11518881
"Occupational patterns of opioid-related harms comparing a cohort of formerly injured workers to the general population in Ontario, Canada.","Carnide, Feng, Song, Demers, MacLeod, Sritharan",2024,PMC11638427
Prenatal opioid exposure and subsequent risk of neuropsychiatric disorders in children: nationwide birth cohort study in South Korea.,"Kang, Kim, Kim, Lee, Kim, Lee, Kim, Koyanagi, Smith, Fond, Boyer, Rahmati, López Sánchez, Dragioti, Cortese, Shin, Yon, Solmi",2024,PMC11040462
"Opioid use, prescribing and fatal overdose patterns among racial/ethnic minorities in the United States: A scoping review and conceptual risk environment model.","Ezell, Pho, Ajayi, Simek, Shetty, Goddard-Eckrich, Bluthenthal",2024,HSHa1b5b21f
Integrating HiTOP and RDoC Frameworks Part I: Genetic Architecture of Externalizing and Internalizing Psychopathology.,"Davis, Khan, Toikumo, Jinwala, Boomsma, Levey, Gelernter, Kember, Kranzler",2025,PMC11030494
"Opioid Risk Tool, in-hospital opioid exposure, and opioid demand predict pain outcomes following traumatic injury.","Kessler, Webber, de Dios, Yoon, Schmitz, Lane, Harvin, Heads, Green, Kapoor, Stotts, Motley, Suchting",2024,PMC12781970
Factors Affecting Upper Limb Fracture Opioid Requirements.,"Zhang, Bradshaw, Duchniewicz, Fernandes, Geetala, Krkovic",2024,PMC11026122
"Attitudes of Black American Christian church leaders toward Opioid Use Disorder, overdoses, and harm reduction: a qualitative study.","Dankwah, Siegrist, Wilson, McKenzie, Rich",2024,PMC11021723
Multi-ancestry meta-analysis of tobacco use disorder identifies 461 potential risk genes and reveals associations with multiple health outcomes.,"Toikumo, Jennings, Pham, Lee, Mallard, Bianchi, Meredith, Vilar-Ribó, Xu, Hatoum, Johnson, Pazdernik, Jinwala, Pakala, Leger, Niarchou, Ehinmowo, Jenkins, Batzler, Pendegraft, Palmer, Zhou, Biernacka, Coombes, Gelernter, Xu, Hancock, Cox, Smoller, Davis, Justice, Kranzler, Kember, Sanchez-Roige",2024,PMC11199106
Opioids-Induced Long QT Syndrome: A Challenge to Cardiac Health.,"Hu, Song, Huang, Li, Jin, Cen, Zhang, Ding, Lian",2024,PMC11076354
Clinical prediction of opioid use disorder in chronic pain patients: a cohort-retrospective study with a pharmacogenetic approach.,"Escorial, Muriel, Agulló, Zandonai, Margarit, Morales, Peiró",2024,HSHa1b5b21f
Physiologically based modeling reveals different risk of respiratory depression after fentanyl overdose between adults and children.,"Chakravartula, Thrasher, Mann, Chaturbedi, Han, Dahan, Florian, Strauss, Li",2024,PMC11017203
Police Use of Discretion in Encounters with People with Opioid Use Disorder: a Study of Illinois Police Officers.,"Del Pozo, Reichert, Martins, Taylor",2024,PMC11008765
SARS-CoV-2 vaccine uptake and risks of severe COVID-19 disease among people prescribed opioid agonist therapy in Scotland.,"Yeung, Wilkinson, Bishop, Taylor, Palmateer, Barnsdale, Lang, Cameron, McCormick, Clusker, McAuley, Hutchinson",2024,HSHa1b5b21f
Prescription opioid use increases resource utilization following ventral hernia repair.,"Palmer, Plymale, Mangino, Davenport, Roth",2024,HSHa1b5b21f
"Global burden of 288 causes of death and life expectancy decomposition in 204 countries and territories and 811 subnational locations, 1990-2021: a systematic analysis for the Global Burden of Disease Study 2021.",,2024,PMC11126520
Genetic influences and causal pathways shared between cannabis use disorder and other substance use traits.,"Galimberti, Levey, Deak, Zhou, Stein, Gelernter",2024,PMC11419938
County-level factors associated with a mismatch between opioid overdose mortality and availability of opioid treatment facilities.,"Rizk, Saini, Kim, Pathan, Qato",2024,PMC10997118
An epidemiological examination of neonatal opioid withdrawal syndrome and maternal and infant characteristics.,"Schwartz, Meschke",2024,PMC5657980
Development of Opioid Use Disorder After Breast Reconstruction: Effects of Nicotine Exposure.,"Groff, Freedman, Gilles, Bone, Johnson",2024,HSHa1b5b21f
Examining the relationship between head trauma and opioid use disorder: A systematic review.,"Abid, Paracha, Çepele, Paracha, Rueve, Fidahussain, Rehman, Engelhardt, Alyasiry, Siddiqui, Vasireddy, Kadariya, Rao, Das, Rodriguez, Meyer",2024,HSHa1b5b21f
Liver stiffness and associated risk factors among people with a history of injecting drugs: a prospective cohort study.,"Druckrey-Fiskaaen, Vold, Madebo, Midgard, Dalgard, Leiva, Fadnes",2024,PMC10964694
Predictive factors of thoracic aortic calcification in patients candidate for cardiac surgery.,"Bagheri, Shirani, Jalali, Salehbeigi, Bagheri",2024,PMC10960493
Withdrawal catastrophizing scale: initial psychometric properties and implications for the study of opioid use disorder and hyperkatifeia.,"Hall, Vilensky, Teater, Bryan, Rood, Niedermier, Entrup, Gorka, King, Williams, Phan",2025,HSHa1b5b21f
Barriers and facilitators to use of buprenorphine in state-licensed specialty substance use treatment programs: A survey of program leadership.,"Burke, Krawczyk, Li, Byrne, Desai, Bandara, Feder",2024,PMC11749274
Perioperative Opioid-Related Harms: Opportunities to Minimize Risk.,"Alessio-Bilowus, Luby, Cooley, Evilsizer, Seese, Bicket, Waljee",2024,PMC10942841
Persistent Opioid Use After Hospital Admission From Surgery in New Zealand: A Population-Based Study.,"Gong, Jones, Frampton, Beyene, Chan",2024,HSHa1b5b21f
The lived experiences and treatment needs of women with opioid use disorder and posttraumatic stress symptoms: A mixed methods study.,"Saraiya, Helpinstill, Gray, Hien, Brady, Hood, Back",2024,PMC11146521
Opioid Prescribing Rate for Nonoperative Distal Radius Fractures and Clinician Response to a Clinical Decision Support Alert.,"Averkamp, Li, Wally, Roomian, Griggs, Runyon, Hsu, Seymour, Beuhler, Bosse, Castro, Gibbs, Jarrett, Leas, Odum, Yu, Rachal, Saha, Sullivan, Watling",2024,HSHa1b5b21f
"Opioid-Related Overdose Deaths in Maryland (2018), by Industry and Occupation.","Frey, Unick, Phillips, Imboden, Mosby, Ware, Mitchell, Cloeren",2024,HSHa1b5b21f
"Global age-sex-specific mortality, life expectancy, and population estimates in 204 countries and territories and 811 subnational locations, 1950-2021, and the impact of the COVID-19 pandemic: a comprehensive demographic analysis for the Global Burden of Disease Study 2021.",,2024,PMC11126395
"Evaluating the association between opium abuse, blood lead levels, and the complexity of coronary artery disease.","Khameneh Bagheri, Mousavi, Mehrad-Majd, Jamili, Nasimi Shad, Baradaran Rahimi",2024,PMC10937294
Prevalence of opioid use in adults with spinal cord injury: A systematic review and meta-analysis.,"Borg, Cameron, Luetsch, Rolley, Geraghty, McPhail, McCreanor",2025,PMC11864021
Unmet need for medication for opioid use disorder among persons who inject drugs in 23 U.S. cities.,"Handanagic, Broz, Finlayson, Kanny, Wejnert",2024,PMC11031279
Intrauterine exposure to maternal opioid maintenance treatment and associated risk factors may impair child growth.,"Kanervo, Luoto, Tupola, Nikkola, Kahila, Rantakari",2024,HSHa1b5b21f
Perception and Correlates of Opioid Overdose Risk Among Overdose Survivors Who Use Nonprescribed Opioids in San Francisco and Boston.,"Chang, McMahan, Marti, Pope, Wolfe, Majeski, Reed, Walley, Coffin",2024,PMC11588015
Use of prescription opioids in Israel and socio-economic correlations between 2010 and 2020.,"Adler, Cohen, Shapiro Ben Daviv, Liran, Rahamim-Cohen, Nakhleh, Shahar, Azuri",2024,PMC10918956
Acetaminophen overdose: analysis of 2018 US nationwide emergency database.,"Sami, Berg, Manadan, Mycyk",2024,PMC7955902
Persistent Opioid Use Following Pediatric Nonfatal Firearm Injury.,"Wedoff, Brinton, Maldonado, Andrews, Simpson, Basco",2024,HSHa1b5b21f
Patients' willingness to pay for naloxone: A national cross-sectional survey of prescription opioid users with chronic pain in the United States.,"Huang, Coggins, Cirildo, Gandy, Aparasu, Thornton",2024,HSHa1b5b21f
"Association of Alcohol Use with COVID-19 Infection and Hospitalization Among People Living with HIV in the United States, 2020.","Xia, Chander, Hutton, McCaul, Delaney, Mayer, Jacobson, Puryear, Crane, Shapiro, Cachay, Lau, Napravnik, Saag, Lesko",2024,PMC11238908
Infective Endocarditis in Patients Addicted to Injected Opioid Drugs.,"Javorski, Rosinski, Shah, Thompson, Streem, Gordon, Insler, Houghtaling, Griffin, Blackstone, Unai, Svensson, Pettersson, Elgharably",2024,HSHa1b5b21f
Loneliness and fearfulness are associated with non-fatal drug overdose among people who inject drugs.,"Falade-Nwulia, Ward, Wagner, Karimi-Sari, Hsu, Sulkowski, Latkin, Nwulia",2024,PMC10880973
Prevalence of abnormal urine drug tests during COVID-19 pandemic in the cancer patient population: retrospective study.,"Bansal, Lam, Brown, Javed",2024,PMC11412139
Assessing Abuse-Deterrent formulations utilizing Ion-Exchange resin complexation processed via Twin-Screw granulation for improved safety and effectiveness.,"Ram Munnangi, Narala, Lakkala, Kumar Vemula, Repka",2024,HSHa1b5b21f
Opioid Misuse Harm Reduction.,"Bailey, Mitchell, Miller",NA,HSHa1b5b21f
Age-Related Risk of Serious Fall Events and Opioid Analgesic Use.,"Hopkins, Bharat, Buizen, Close, Ivers, Draper, Pearson, Degenhardt, Gisev",2024,PMC10877504
Epidemiology of substance and opium use among adult residents of Tehran; a comprehensive report from Tehran cohort study (TeCS).,"Masoudkabir, Shafiee, Heidari, Mohammadi, Tavakoli, Jalali, Nayebirad, Alaeddini, Saadat, Vasheghani-Farahani, Sadeghian, Arita, Boroumand, Karimi",2024,PMC10870582
[Mental disorders and symptoms with persistent opioid use for chronic non-cancer pain – a registry study].,"Odsbu, Hjellvik, Handal, Hamina, Clausen, Lid, Borchgrevink, Skurtveit",2024,HSHa1b5b21f
Prescription Opioid Decision-making and Use Behaviors in Adolescents With Acute Pain: A Qualitative Study.,"Kapos, Gordon, Groenewald, Slack, Wang, Palermo, Wilson, Rabbitts",2024,PMC11087202
Genetic contribution to the comorbidity between attention-deficit/hyperactivity disorder and substance use disorders.,"Koller, Mitjans, Kouakou, Friligkou, Cabrera-Mendoza, Deak, Llonga, Pathak, Stiltner, Løkhammer, Levey, Zhou, Hatoum, Kember, Kranzler, Stein, Corominas, Demontis, Artigas, Ramos-Quiroga, Gelernter, Ribasés, Cormand, Polimanti",2024,PMC11157987
Lifetime non-fatal overdose experiences among at-risk adolescents and young adults in the emergency department with past-year opioid use in the USA.,"Seewald, Bonar, Bohnert, Carter, King, Losman, Bacon, Wheeler, Walton",2024,PMC11348801
"Nativity and the risk of opioid use disorder among Hispanic/Latinx women in primary care in Los Angeles, CA.","Takada, Seamans, Javanbakht, Bone, Ijadi-Maghsoodi, Shoptaw, Gelberg",2025,PMC11303597
Feasibility of implementing a screening tool for risk of opioid misuse in a trauma surgical population.,"Baltes, Horton, Trevino, Quanbeck, Deyo, Nicholas, Brown",2024,PMC10838038
Genetic and non-genetic predictors of risk for opioid dependence.,"Na, Deak, Kranzler, Pietrzak, Gelernter",2024,PMC11132928
"Community-Acquired Staphylococcus aureus Bacteremia Among People Who Inject Drugs: A National Cohort Study in England, 2017-2020.","McGuire, Collin, Brown, Saito",2024,PMC11175704
Social Determinants of Health and Continuity of Medications for Opioid Use Disorder Among Patients Receiving Treatment in Rural Primary Care Settings.,"Pham, Ober, Baldwin, Mooney, Zhu, Fei, Hser",NA,PMC11150102
Exploring correlates of involuntary treatment in substance use disorders: a global systematic review and meta-analysis.,"Fogo, Martins-da-Silva, Blaas, Galvão, Hasegawa, Castaldelli, Gimenes, de Azevedo-Marques Périco, Paiva, Castaldelli-Maia",2023,HSHa1b5b21f
Correlates of Transactional Sex Among Black Men and Women Who Misuse Opioids.,"Thorpe, Orphé, Pitcher, McCleod, Malone, Stevens-Watkins",2024,PMC11200108
"Hospitalization, Overdose, and Mortality After Opioid Prescriptions Tied to Ophthalmic Surgery.","Thao, Helfinstine, Sangaralingham, Yonekawa, Starr",2024,HSHa1b5b21f
Adaptation of a trauma-informed intervention to prevent opioid use among youth in the legal system.,"Rázuri, Yang, Tinius, Knight",2024,PMC12856999
Factors influencing pain medication and opioid use in patients with musculoskeletal injuries: a retrospective insurance claims database study.,"Scholz, Thalmann, Müller, Trippolini, Wertli",2024,PMC10805862
"Associations among Drug Acquisition and Use Behaviors, Psychosocial Attributes, and Opioid-Involved Overdoses: A SEM Analysis.","Swartz, Zhao, Jacobucci, Watson, Mackesy-Amiti, Franceschini, Jimenez",2024,PMC10802739
An Assessment of the One-Month Effectiveness of Telehealth Treatment for Opioid Use Disorder Using the Brief Addiction Monitor.,"Burke, Clear, Rollston, Miller, Weiner",2024,HSHa1b5b21f
Peptic ulcer characteristics in oral opium and non-opium user patients with upper gastrointestinal bleeding.,"Masoodi, Sabzikarian, Masoodi, Farhadi, Rezamand, Tabaeian, Talebi, Fayyaz",2024,PMC10802017
Exploring the diversity of uncommon oral yeast species and associated risk factors among substance abusers in southwestern Iran.,"Ghojoghi, Khodavaisy, Mahmoudabadi, Nazar, Fatahinia",2024,PMC10803760
The prevalence of prescription opioid use and misuse among emergency department patients in The Netherlands.,"Holkenborg, Frenken, Bon, Vroegop, Van Meggelen, Kramers, Schellekens, Kraaijvanger",2024,HSHa1b5b21f
"Characterizing opioid overdose hotspots for place-based overdose prevention and treatment interventions: A geo-spatial analysis of Rhode Island, USA.","Samuels, Goedel, Jent, Conkey, Hallowell, Karim, Koziol, Becker, Yorlets, Merchant, Keeler, Reddy, McDonald, Alexander-Scott, Cerda, Marshall",2024,PMC12658596
A state-level analysis of macro-level factors associated with hospital readmissions.,"Silver, Haidar, Johnson",2024,PMC4439931
Pathways to opioid use and implications for prevention: voices of young adults in recovery.,"Ballard, Arnold, Vidrascu, Hernandez, Ozer, Wolfson, Lassiter, Nayyar, Daniel",2024,PMC10795392
Mortality risk and causes of death among people who use opioids in a take-home naloxone cohort.,"Ericson, Eide, Lobmaier, Clausen",2024,HSHa1b5b21f
Predictors of Suicidal Ideation and Continued Substance Use Problems Among Patients Receiving Methadone Maintenance Treatment Who Have Co-Occurring Cocaine Use Disorder.,"Kelly, Alessi, Rash, Zajac",2024,PMC10962756
Prediction of adverse events risk in patients with comorbid post-traumatic stress disorder and alcohol use disorder using electronic medical records by deep learning models.,"Miranda, Fan, Qi, Wang, Brannock, Kosten, Ryan, Kirisci, Wang",2024,PMC10853953
Long term opioid use after burn injury: a retrospective cohort study.,"Jamal, Shaw, Quasim, Puxty, McGovern",2024,PMC10870133
Opioid trends and risk factors for sustained use among children and adolescents in Israel: a retrospective cohort study.,"Tuttnauer, Atias, Reznik, Shomron, Obolski",2024,HSHa1b5b21f
Pharmacotherapy for opioid use disorder in pregnancy.,"Trammel, Whitley, Kelly",2024,HSHa1b5b21f
Surgical prescription opioid trajectories among state Medicaid enrollees.,"McCauley, Ward, Taber, Basco, Gebregziabher, Reitman, Moran, Cina, Lockett, Ball",2023,HSHa1b5b21f
"Risk Factors for Opioid Misuse, Abuse, and Dependence Among Pain Clinic Patients: A Cross-Sectional Study at King Khalid University Hospital during 2020.","Alamro, Aldokhayel, Alotaibi, Alkhani, Almazyad, Alkwai, Almutawa, Aldhuwaihy, Al Dammas",2024,PMC10775583
Opioid use following cardio-thoracic intensive care: risk factors and outcomes: a cohort study.,"von Oelreich, Campoccia Jalde, Rysz, Eriksson",2024,PMC10762227
Impact of Emergency Department-Initiated Buprenorphine on Repeat Emergency Department Utilization.,"Skains, Reynolds, Carlisle, Heath, Covington, Hornbuckle, Walter",2023,PMC10754187
Prevalence of Delirium and Its Related Factors in Burn Patients; a Systematic Review and Meta-Analysis.,"Alizadeh Otaghvar, Farzan, Tamimi, Ghaderi, Najafi, Tohidian, Izadi, Mazhari",2024,PMC10757577
"Prompt access to outpatient care post-incarceration among adults with a history of substance use: Predisposing, enabling, and need-based factors.","McNamara, Cook, Brown, Palta, Look, Westergaard, Burns",2024,PMC11060918
Prevalence and determinants of opioid use disorder among long-term opiate users in Golestan Cohort Study.,"Alvand, Amin-Esmaeili, Poustchi, Roshandel, Sadeghi, Sharifi, Kamangar, Dawsey, Freedman, Abnet, Rahimi-Movaghar, Malekzadeh, Etemadi",2023,PMC10734090
Features of infective endocarditis in a contemporary cohort of persons who inject drugs: a matched comparison analysis of long-term prognostic factors.,"Ramadan, Bertolino, Boccia, Hamieh, Peluso, Gallo, Patauner, De Santo, Carozza, Zampino, Durante-Mangoni",2024,PMC3857279
"Identifying patterns of pain, depression, anxiety, interpersonal trauma exposure, and nonmedical prescription opioid use: Latent class analysis among patients with chronic pain.","Short, Patidar, Margolies, Goetzinger, Chidgey, Austin",2024,PMC10988286
Comparing Antepartum and Postpartum Opioid-Related Maternal Deaths in the State of Michigan From 2007 to 2015.,"Putra, Roy, Nienhouse, Patek, Sokol",2023,PMC10715364
Clinical stakeholders' perceptions of patient engagement in outpatient medication treatment for opioid use disorder: A qualitative study.,"Poulsen, Roe, Asdell, Rahm, Berrettini",2024,PMC10947908
Quantifying a potential protective effect of buprenorphine on fatality risk during acute fentanyl exposures.,"Dai, Abate, Winstanley, Kraner, Lundstrom, Mock, Smith",2024,PMC10947934
Impact of 8 lifestyle factors on mortality and life expectancy among United States veterans: The Million Veteran Program.,"Nguyen, Li, Wang, Whitbourne, Houghton, Hu, Willett, Sun, Djousse, Gaziano, Cho, Wilson",2024,HSHa1b5b21f
Suicide within 1 year of non-fatal overdose: Risk factors and risk reduction with medications for opioid use disorder.,"Nowels, Duberstein, Crystal, Treitler, Miles, Olfson, Samples",2024,PMC10880030
Perceived discrimination and problematic opioid use among Black individuals with chronic musculoskeletal pain.,"Doorley, Hooker, Briskin, Bakhshaie, Vranceanu",2024,PMC11116081
Association between opioid abuse and COVID-19 susceptibility: a propensity score matched study.,"Hedayatyaghoobi, Azizmohammad Looha, Shafiee, Jafarabady, Safari, Alirezaei, Bakhtiyari",2023,PMC10696756
Fentanyl Exposure and Detection Strategies Utilized by Clinical Trial Participants Seeking Linkage to Opioid Use Disorder Treatment at a Syringe Service Program.,"Watson, Ray, Phalen, Duhart Clarke, Taylor, Swartz, Gastala",2024,PMC10774457
Examining Gender Differences in the Relationship Between School Bonding and Opioid Misuse Among Justice-Involved Adolescents.,"Vroom, Johnson, Akbari, Frederick, Bristol",2023,PMC10691556
Hepatitis C infection seroprevalence in pregnant women worldwide: a systematic review and meta-analysis.,"Abbasi, Almukhtar, Fazlollahpour-Naghibi, Alizadeh, Behzad Moghadam, Jafari Tadi, Ghadimi, Bagheri, Babaei, Bijani, Rouholamin, Razavi, Rezaeinejad, Chemaitelly, Sepidarkish, Farid-Mojtahedi, Rostami",2023,PMC10692665
Expert Views on State Policies to Improve Engagement and Retention in Treatment for Opioid Use Disorder: A Qualitative Analysis of an Online Modified Delphi Process.,"Grant, Smart, Gordon, Pacula, Stein",NA,PMC10939945
Assessing Relapse in Patients with Opioid-Use Disorder and Chronic Non-Cancer Pain.,Nwaefuna,2024,HSHa1b5b21f
User-Guided Enhancements to a Technology-Facilitated Resilience Program to Address Opioid Risks Following Traumatic Injury in Youth: Qualitative Interview Study.,"Adams, Marriott, Karra, Linhart-Musikant, Raymond, Fischer, Bixler, Bell, Bryan, Hulvershorn",2023,PMC10722375
A Hidden Pandemic? Abuse of Gabapentinoids: A Brief Review of Recent Studies.,"Ispir, Danısman, Katar",2025,HSHa1b5b21f
"Thyroid function and opium use disorder: a cross-sectional study on the Fasa adults cohort study (FACS), 2017.","Pezeshki, Pourmontaseri, Homayounfar, Moghaddam, Dehghan",2023,PMC10688461
Data-Based Opioid Risk Review in Patients with Chronic Pain: A Retrospective Chart Review.,"Pogue, Lau, Boyer",2024,HSHa1b5b21f
Performance of International Classification of Disease-10 codes in detecting emergency department patients with opioid misuse.,"Chhabra, Smith, Pachwicewicz, Lin, Bhalla, Maloney, Blue, Lee, Sharma, Afshar, Karnik",2024,PMC11162597
Burden of Social and Behavioral Determinants of Health on Infectious Complications in Emergency General Surgery.,"Lagazzi, Proaño-Zamudio, Argandykov, Rafaqat, Abiad, Romijn, van Ee, Velmahos, Kaafarani, Hwabejire",2023,HSHa1b5b21f
Growth in Suicide Rates Among Children During the Illicit Opioid Crisis.,Powell,2023,PMC12101483
Rates and risk factors for persistent opioid use after cardiothoracic surgery: A cohort study.,"Kurteva, Pook, Fiore, Tamblyn",2024,HSHa1b5b21f
Identifying risk factors for chronic postsurgical pain and preventive measures: a comprehensive update.,"Pergolizzi, LeQuang, Magnusson, Varrassi",2023,HSHa1b5b21f
Drug-use disorders in the Eastern Mediterranean Region: a glance at GBD 2019 findings.,"Amirkafi, Mohammadi, Tehrani-Banihashemi, Moradi-Lakeh, Murray, Naghavi, Mokdad",2024,PMC6879121
Orthopaedic Nurse Navigators and Total Joint Arthroplasty Preoperative Optimization: Substance Use.,"Kebeh, Dlott, Kurek, Morris, Wiznia",NA,PMC10664865
Multi-ancestry genome-wide association study of cannabis use disorder yields insight into disease biology and public health implications.,"Levey, Galimberti, Deak, Wendt, Bhattacharya, Koller, Harrington, Quaden, Johnson, Gupta, Biradar, Lam, Cooke, Rajagopal, Empke, Zhou, Nunez, Kranzler, Edenberg, Agrawal, Smoller, Lencz, Hougaard, Børglum, Demontis, Gaziano, Gandal, Polimanti, Stein, Gelernter",2023,PMC10703690
Development and validation of a predictive model for persistent opioid use in new opioid analgesic users via a nationwide claims database.,"Noh, Heo, Cho, Lee, Ah",2024,HSHa1b5b21f
Risk of head and neck cancer among opium users.,"Mohebbi, Alimoradi, Rozek, Mohebbi, Jafari",2024,HSHa1b5b21f
Risk Factors Associated With Prolonged Opioid Use After Revision Total Shoulder Arthroplasty.,"Abed, Khalily, Landy, Lemaster, Stone",2023,PMC10659687
"Opioid dose risk, clinician and patient characteristics, and adherence to opioid prescribing recommendations in chronic non-cancer pain.","Coleman, Lennon, Robinson, Tuan, Sehgal, Zgierska",2023,HSHa1b5b21f
Fatal drug overdoses in individuals treated pharmacologically for chronic pain: a nationwide register-based study.,"Hamina, Odsbu, Hjellvik, Lid, Clausen, Skurtveit",2024,HSHa1b5b21f
Toward a Psychological Model of Chemical Coping with Opioids in Cancer Care.,"Yusufov, Pirl, Braun, Sannes, McHugh",NA,PMC11060627
A Qualitative Study of Barriers and Facilitators to Integrating Medications for Opioid Use Disorder and HIV Preexposure Prophylaxis for Adolescents and Young Adults.,"Herrera, Darien, Wood, Hadland, Metzger, Dowshen",NA,PMC10740380
Opium use and risk of colorectal cancer: a multi-center case-referent study in Iran.,"Hadji, Marzban, Rashidian, Naghibzadeh-Tahami, Gholipour, Mohebbi, Safari-Faramani, Seyyedsalehi, Hosseini, Alizadeh-Navaei, Rezaianzadeh, Moradi, ShahidSales, Najafi, Moazed, Haghdoost, Rahimi-Movaghar, Etemadi, Malekzadeh, Boffetta, Weiderpass, Kamangar, Zendehdel, Pukkala",2023,HSHa1b5b21f
Perioperative opioid prescribing and iatrogenic opioid use disorder and overdose: a state-of-the-art narrative review.,"Larach, Waljee, Bicket, Brummett, Bruehl",2024,PMC11070448
Clinical characteristics and prognostic factors among hospitalized patients with substance use disorders: Findings from a retrospective cohort study of a Canadian inpatient addiction medicine service.,"Martin, Bawor, Bains, Burns, Khoshroo, Massey, DeJesus, Lennox, Cook-Chaimowitz, O'Shea, MacKillop, Dennis",2024,HSHa1b5b21f
Association Between Adverse Childhood Experiences and Opioid Use-Related Behaviors: A Systematic Review.,"Regmi, Kedia, Ahuja, Lee, Entwistle, Dillon",2024,HSHa1b5b21f
The impacts of anxiety and depression on outcomes in orthopaedic trauma surgery: a narrative review.,"Weinerman, Vazquez, Schurhoff, Shatz, Goldenberg, Constantinescu, Hernandez",2023,PMC10619579
New Persistent Opioid Use After Childbirth.,"Zipursky, Everett, Calzavara, Gomes, Juurlink",2023,HSHa1b5b21f
Opioid use disorder in two samples of the Lebanese population: scale validation and correlation with sleep and mood disorders.,"Chamoun, Mouawad, Salameh, Sacre, Haddad, Khabbaz, Megarbane, Hajj",2023,PMC10619223
Baseline Characteristics From a New Longitudinal Cohort of Patients With Noncancer Pain and Chronic Opioid Use in the United States.,"Secrest, Miller-Matero, Chrusciel, Salas, Sullivan, Zabel, Lustman, Ahmedani, Carpenter, Scherrer",2024,PMC10960712
Prolonged Opioid Use and Pain after Surgery: Comment.,"Patel, Al-Shehab",2024,HSHa1b5b21f
Prolonged Opioid Use and Pain after Surgery: Reply.,"Kuck, Pace, Naik, Domino, Posner, Saager",2024,HSHa1b5b21f
Prolonged Opioid Use and Pain after Surgery: Comment.,Chelly,2024,PMC10904078
Association between Individual versus Community-level Social Vulnerability and Neonatal Opioid Withdrawal Syndrome among Pregnant Individuals Receiving Buprenorphine for Opioid Use Disorder.,"Mason, Abdelwahab, Stiles, Wu, Venkatesh, Rood",2024,HSHa1b5b21f
Predictors of Preexposure Prophylaxis Eligibility among Pregnant People with Opioid Use Disorder.,"Young, Reddy, Gonzalez, Arlandson, Patel, Premkumar",2024,HSHa1b5b21f
Identifying Prescription-Opioid-Related Risks Using Prescription Drug Monitoring Programs' Algorithms and Clinical Screening Tools.,"Picco, Jung, Cangadis-Douglass, Lam, Nielsen",2023,PMC10609676
Evaluation of an injectable monthly extended-release buprenorphine program in a low-barrier specialty addiction medicine clinic.,"Heil, Salzman, Hunter, Baston, Milburn, Schmidt, Haroz, Ganetsky",2024,HSHa1b5b21f
"Associations between social adversity, caregiver psychological factors, and language outcomes in 9.5-year-old children born to women with opioid use disorder.","Newbury, Sargayoos, Bora, Henderson",2024,HSHa1b5b21f
Persistent long-term opioid use after trauma: Incidence and risk factors.,"Benns, Gaskins, Miller, Nash, Bozeman, Pera, Marshall, Coleman, Harbrecht",2024,HSHa1b5b21f
Predictors of fatal and nonfatal overdose after prescription of opioids for chronic pain: a systematic review and meta-analysis of observational studies.,"Wang, Hong, Jiang, Rehman, Hong, Couban, Wang, Hayes, Juurlink, Busse",2023,PMC10593195
Development and validation of a community-level social determinants of health index for drug overdose deaths in the HEALing Communities Study.,"Cesare, Lines, Chandler, Gibson, Vickers-Smith, Jackson, Bazzi, Goddard-Eckrich, Sabounchi, Chisolm, Vandergrift, Oga",2024,PMC11298214
"Gender differences in receipt of telehealth versus in person behavioral therapy, medication for opioid use disorder (MOUD), and 90-day MOUD retention during the pandemic: A retrospective veteran cohort study.","Livingston, Sarpong, Sistad, Roth, Banducci, Simpson, Hyde, Davenport, Weisberg",2024,HSHa1b5b21f
Psychosocial moderators of polygenic risk scores of inflammatory biomarkers in relation to GrimAge.,"Tamman, Koller, Nagamatsu, Cabrera-Mendoza, Abdallah, Krystal, Gelernter, Montalvo-Ortiz, Polimanti, Pietrzak",2024,PMC10876568
Association of globalization with the burden of opioid use disorders 2019. A country-level analysis using targeted maximum likelihood estimation.,"Barbalat, Reddy, Franck",2023,PMC10577998
Mental health and substance use disorder comorbidities among Medicaid beneficiaries: Associations with opioid use disorder and prescription opioid misuse.,"Swartz, Franceschini, Scamperle",2023,PMC10567978
Association of opioid or other substance use disorders with health care use among patients with suicidal symptoms.,"Vekaria, Patra, Xi, Murphy, Avery, Olfson, Pathak",2024,PMC10841388
Patient motivators to use opioids for acute pain after emergency care.,"Punches, Brown, Taul, Sall, Bakas, Gillespie, Martin-Boone, Boyer, Lyons",2023,PMC10560756
Emotion dysregulation and affective temperaments in opioid use disorder: a 1-year follow-up study.,"Zengin İspir, Danışman, Sezer Katar, Tulacı, Özdel",2024,HSHa1b5b21f
"Effect of incarceration and opioid agonist treatment transitions on risk of hospitalisation with injection drug use-associated bacterial infections: A self-controlled case series in New South Wales, Australia.","Brothers, Lewer, Jones, Colledge-Frisby, Bonn, Wheeler, Grebely, Farrell, Hickman, Hayward, Degenhardt",2023,HSHa1b5b21f
Risk factors for opioid addiction in chronic non-cancer pain.,"López-Arteaga, Moreno-Rubio, Mohedano-Moriano",2023,PMC10558926
"Prior Hospitalization, Severe Maternal Morbidity, and Pregnancy-Associated Deaths in Massachusetts From 2002 to 2019.","Declercq, Cabral, Liu, Amutah-Onukagha, Meadows, Cui, Diop",2023,PMC10843823
"Impact of 30-day prescribed opioid dose trajectory on fatal overdose risk: A population-based, statewide cohort study.","Henry, Fang, Crawford, Wintemute, Tseregounis, Gasper, Shev, Cartus, Marshall, Tancredi, Cerdá, Stewart",2024,PMC10897080
Rising Racial Disparities in Opioid Mortality and Undertreatment of Opioid Use Disorder and Mental Health Comorbidities in Virginia.,"Britz, O'Loughlin, Henry, Richards, Sabo, Saunders, Tong, Brooks, Lowe, Harrell, Bethune, Moeller, Krist",2023,PMC10546578
Prediction of Adverse Events Risk in Patients with Comorbid Post- Traumatic Stress Disorder and Alcohol Use Disorder Using Electronic Medical Records by Deep Learning Models.,"Miranda, Fan, Qi, Wang, Brannock, Kosten, Ryan, Kirisci, Wang",2023,PMC10543461
Correlates and Patterns in Use of Medications to Treat Opioid Use Disorder in Jail.,"Bailey, Senthilkumar, Evans",NA,PMC10593985
The Effects of Substance Misuse on Auditory and Vestibular Function: A Systematic Review.,"Chiao, Hughes, Karimuddanahalli Premkumar, Zoucha",NA,PMC10922573
The α1 adrenoceptor antagonist prazosin potentiates morphine induced conditioned place preference in rats.,"Tu, Zhang, Li, Jia, Yao, Yi, Chen, Liu, Zhou, Wang, Zhang, Shi, Yuan, Zhao, Wei",2023,HSHa1b5b21f
Patient reported preferences for sleep interventions among women receiving buprenorphine for opioid use disorder.,"Eglovitch, Parlier-Ahmad, Legge, Chithranjan, Kolli, Violante, Dzierzewski, Huhn, Wilkerson, Martin",2023,PMC10537926
GWAS Meta-Analysis of Suicide Attempt: Identification of 12 Genome-Wide Significant Loci and Implication of Genetic Risks for Specific Health Factors.,"Docherty, Mullins, Ashley-Koch, Qin, Coleman, Shabalin, Kang, Murnyak, Wendt, Adams, Campos, DiBlasi, Fullerton, Kranzler, Bakian, Monson, Rentería, Walss-Bass, Andreassen, Behera, Bulik, Edenberg, Kessler, Mann, Nurnberger, Pistis, Streit, Ursano, Polimanti, Dennis, Garrett, Hair, Harvey, Hauser, Hauser, Huffman, Jacobson, Madduri, McMahon, Oslin, Trafton, Awasthi, Berrettini, Bohus, Chang, Chen, Chen, Christensen, Crow, Duriez, Edwards, Fernández-Aranda, Galfalvy, Gandal, Gorwood, Guo, Hafferty, Hakonarson, Halmi, Hishimoto, Jain, Jamain, Jiménez-Murcia, Johnson, Kaplan, Kaye, Keel, Kennedy, Kim, Klump, Levey, Li, Liao, Lieb, Lilenfeld, Marshall, Mitchell, Okazaki, Otsuka, Pinto, Powers, Ramoz, Ripke, Roepke, Rozanov, Scherer, Schmahl, Sokolowski, Starnawska, Strober, Su, Thornton, Treasure, Ware, Watson, Witt, Woodside, Yilmaz, Zillich, Adolfsson, Agartz, Alda, Alfredsson, Appadurai, Artigas, Van der Auwera, Azevedo, Bass, Bau, Baune, Bellivier, Berger, Biernacka, Bigdeli, Binder, Boehnke, Boks, Braff, Bryant, Budde, Byrne, Cahn, Castelao, Cervilla, Chaumette, Corvin, Craddock, Djurovic, Foo, Forstner, Frye, Gatt, Giegling, Grabe, Green, Grevet, Grigoroiu-Serbanescu, Gutierrez, Guzman-Parra, Hamshere, Hartmann, Hauser, Heilmann-Heimbach, Hoffmann, Ising, Jones, Jones, Jonsson, Kahn, Kelsoe, Kendler, Kloiber, Koenen, Kogevinas, Krebs, Landén, Leboyer, Lee, Levinson, Liao, Lissowska, Mayoral, McElroy, McGrath, McGuffin, McQuillin, Mehta, Melle, Mitchell, Molina, Morken, Nievergelt, Nöthen, O'Donovan, Ophoff, Owen, Pato, Pato, Penninx, Potash, Power, Preisig, Quested, Ramos-Quiroga, Reif, Ribasés, Richarte, Rietschel, Rivera, Roberts, Roberts, Rouleau, Rovaris, Sanders, Schofield, Schulze, Scott, Serretti, Shi, Sirignano, Sklar, Smeland, Smoller, Sonuga-Barke, Trzaskowski, Tsuang, Turecki, Vilar-Ribó, Vincent, Völzke, Walters, Weickert, Weickert, Weissman, Williams, Wray, Zai, Agerbo, Børglum, Breen, Demontis, Erlangsen, Gelernter, Glatt, Hougaard, Hwu, Kuo, Lewis, Li, Liu, Martin, McIntosh, Medland, Mors, Nordentoft, Olsen, Porteous, Smith, Stahl, Stein, Wasserman, Werge, Whiteman, Willour, Coon, Beckham, Kimbrel, Ruderfer",2023,PMC10603363
Factors related to opioid misuse among patients undergoing elective surgery in Poland.,"Klimkiewicz, Wysocka, Hordowicz, Jarosz, Gutowski, Paryż, Kieszkowska-Grudny, Klimkiewicz",2024,HSHa1b5b21f
[Not Available].,"Nielsen, Aædder, Uhrbrand, Runge, Breining",2023,HSHa1b5b21f
Genome-wide association study of antisocial personality disorder diagnostic criteria provides evidence for shared risk factors across disorders.,"Li, Zhou, Thygesen, Heydtmann, Smith, Degenhardt, Nöthen, Morgan, Kranzler, Gelernter, Bass, McQuillin",2023,PMC10635348
Testing for Hepatitis C During Pregnancy Among Persons With Medicaid and Commercial Insurance: Cohort Study.,"Khan, Thompson, Osinubi, Meyer Rd, Kaufman, Armstrong, Foster, Nelson, Wester",2023,PMC10568399
Drug consumption rooms are effective to reduce at-risk practices associated with HIV/HCV infections among people who inject drugs: Results from the COSINUS cohort study.,"Lalanne, Roux, Donadille, Briand Madrid, Célerier, Chauvin, Hamelin, Kervran, Maradan, Auriacombe, Jauffret-Roustide",2024,HSHa1b5b21f
Opioid burden in patients with inoperable pancreatic adenocarcinoma and the development of a multivariable risk prediction model for opioid use: A retrospective cohort study.,"Koulouris, Baio, Clark, Alexandre",2023,HSHa1b5b21f
Mortality and Ankylosing Spondylitis in the US population: leading causes and associated factors.,"Bittar, Nouer, Tolley, Dubreuil, Magrey",2024,PMC7695658
Differing Behaviors Around Adult Nonmedical Use of Prescription Stimulants and Opioids: Latent Class Analysis.,"Rockhill, Olson, Dart, Iwanicki, Black",2023,PMC10551786
Preoperative anxiolytic and antidepressant medications as risk factors for increased opioid use after total knee arthroplasty: a matched retrospective cohort analysis.,"Ardon, Baloach, Matveev, Colontonio, Narciso, Spaulding",2023,PMC10496098
Stigma and level of familiarity with opioid maintenance treatment (OMT) among specialist physicians in Israel.,"Lihi, Yael, Silviu, Anat, Marsha, Stacy, Shaul, Miriam, Einat",2023,PMC10503015
Risk Factors for Self-Harm Ideation Among Persons Treated With Opioids for Chronic Low Back Pain.,"Jamison, Edwards, Brown, Barrett, Burzinski, Lennon, Nakamura, Schiefelbein, Garland, Zgierska",2023,PMC10695275
Evaluating a health system-wide opioid disposal intervention distributing home-disposal bags.,"Huang, Bleicher, Torre, Johnson, Presson, Millar, Gordon, Brooke, Kaphingst, Harris",2023,PMC10622267
Self-Identified Stage in Recovery and Substance-Use Behaviors among Pregnant and Postpartum Women and People with Opioid Use Disorder.,"Szlyk, Constantino-Pettit, Li, Kasson, Maranets, Worku, Montayne, Banks, Kelly, Cavazos-Rehg",2023,PMC10486579
"Correlates of nonfatal overdose among treatment-seeking individuals with non-heroin opioid use disorder: Findings from a pragmatic, pan-Canadian, randomized control trial.","Crepeault, Ti, Jutras-Aswad, Wood, Le Foll, Lim, Bach, Brar, Socias",2023,HSHa1b5b21f
"The association of medical providers' attitudes about naloxone and people with opioid use disorder and their self-reported ""low-barrier"" treatment practices.","Winograd, Coffey, Nance, Carpenter",2023,PMC10480593
The Role of Adverse Childhood Experiences on People in Opiate Agonist Treatment: The Importance of Feeling Unloved.,"McDonagh, de Vries, Cominskey",2023,HSHa1b5b21f
Methylation and expression quantitative trait loci rs1799971 in the OPRM1 gene and rs4654327 in the OPRD1 gene are associated with opioid use disorder.,"Yu, Zhang, Xun, Tang, Fu, Zhang, Zhu, Zhang",2023,HSHa1b5b21f
Evaluating chronic pain as a risk factor for COVID-19 complications among New York State Medicaid beneficiaries: a retrospective claims analysis.,"Perry, Wheeler-Martin, Terlizzi, Krawczyk, Jent, Hasin, Neighbors, Mannes, Doan, Pamplin Ii, Townsend, Crystal, Martins, Cerdá",2023,PMC10690846
Characterization of Infectious Keratitis in Opioid Users in a County Hospital Setting.,"Lopez, Chan, Saifee, Seitzman, Yung, Chan",2023,PMC10449330
Postoperative opioid prescribing patients with diabetes: Opportunities for personalized pain management.,"Zammit, Coquet, Hah, El Hajouji, Asch, Carroll, Curtin, Hernandez-Boussard",2023,PMC10449216
Multilayer depressive symptom networks in adults with bodily pain living in precarious housing or homelessness.,"Jones, Cho, Gicas, Procyshyn, Vila-Rodriguez, Stubbs, Leonova, Buchanan, Thornton, Lang, MacEwan, Panenka, Barr, Field, Honer",2024,PMC8423293
"Sexual dysfunction prevalence, risk factors, and help-seeking behavior in opioid agonist treatment and general psychiatry: a cross-sectional study.","Meyer, Westenberg, Brunner, Gürtler, Wiesbeck, Lang, Vogel, Dürsteler",2023,PMC10440384
Risk and Protective Factors Affecting Drug Craving among Patients with Substance Use Disorders Undergoing Opioid Agonists Maintenance Therapy.,"Kheirabadi, Asadi, Niroumand Sarvandani, Jamshidi, Mahdavi",2023,HSHa1b5b21f
Protective Environmental Factors and Opioid Use Among Sexual Minority Youth.,"Thomas, Clements-Nolle, Wagner, Omaye, Lu, Yang",2023,HSHa1b5b21f
Risk Factors for Opioid-Related Adverse Drug Events Among Older Adults After Hospitalization for Major Orthopedic Procedures.,"Herzig, Anderson, Urman, Jung, Ngo, McCarthy",2023,PMC10525019
Opioid Use Disorder Among the Economically Disadvantaged in the Rural South.,"Albright, Suntai, McDaniel, Johnson, Henson, Robertson, McIntosh",NA,HSHa1b5b21f
"Prescription Drug Misuse with Alcohol Coingestion among US Adolescents: Youth Experiences, Health-related Factors, and Other Substance Use Behaviors.","Ford, McCabe, Schepis",NA,PMC10354210
Association Between Incident Type 2 Diabetes and Opium Use: Mediation by Body Mass and Adiposity.,"Nalini, Poustchi, Roshandel, Kamangar, Khoshnia, Gharavi, Brennan, Boffetta, Dawsey, Abnet, Malekzadeh, Etemadi",2023,PMC10691200
Population attributable proportion and number of cancer cases attributed to potentially modifiable risk factors in Iran in 2020.,"Nemati, Mohebbi, Toorang, Hadji, Hosseini, Saeedi, Abdi, Nahvijou, Kamangar, Roshandel, Ghanbari Motlagh, Pourshams, Poustchi, Haghdoost, Najafi, Sheikh, Malekzadeh, Zendehdel",2023,HSHa1b5b21f
"Trends and psychosocial correlates of same day polysubstance use among people who inject drugs in Australia, 2012-2022.","Price, Sutherland, Man, Bruno, Dietze, Salom, Akhurst, Peacock",2025,HSHa1b5b21f
Total pancreatectomy with islet autotransplantation reduces opioid use and improves nutritional support in children with debilitating pancreatitis.,"Heinzman, Hornung, Lin, Lowe, Vitale, Abu-El-Haija, Nathan",2023,PMC10403088
Oral opioid prescribing to active duty US military personnel: a cross-sectional population.,"Junge, Murray, Goldman, Booth, Balazs",2024,HSHa1b5b21f
Socioeconomic risk factors for long-term opioid use: A national registry-linkage study.,"Nestvold, Skurtveit, Hamina, Hjellvik, Odsbu",2024,HSHa1b5b21f
Predictors of opioid requirement among patients receiving free flap reconstruction to the head and neck.,"Elliott, Mann, Fiorella, Christopher, Givens, Martin, Zhan, Curry",2023,HSHa1b5b21f
Genetics of cannabis use in opioid use disorder: A genome-wide association and polygenic risk score study.,"Hillmer, Chawar, Lamri, Hudson, Kapczinski, Minuzzi, Marsh, Thabane, Paterson, Samaan",2023,PMC10370765
Predictors of post-discharge pain and satisfaction with pain management after laparoscopic bariatric surgery: a prospective cohort study.,"Lapointe-Gagner, Jain, Alali, Elhaj, Poirier, Kaneva, Alhashemi, Lee, Agnihotram, Feldman, Gagner, Andalib, Fiore",2023,PMC5831459
"Joint effects of substance use disorders and recent substance use on HIV viral non-suppression among people engaged in HIV care in an urban clinic, 2014-2019.","Lesko, Falade-Nwulia, Pytell, Hutton, Fojo, Keruly, Moore, Chander",2023,PMC10592031
Factors associated with use of opioid rescue medication after surgery.,"Meier, Eikemo, Trøstheim, Buen, Jensen, Gurandsrud Karlsen, Reme, Berna, Leknes, Ernst",2024,PMC11041598
"Discharge of postoperative patients with an opioid prescription is associated with increased persistent opioid use, healthcare expenditures and mortality: a retrospective cohort study.","Liu, Wong, Wu, Tang, Au, Li, Cheung, Lang",2023,HSHa1b5b21f
Predicting Heterogeneity in Patient Response to Morphine Treatment for Neonatal Opioid Withdrawal Syndrome.,"Smolyak, Humphries, Parikh, Gopalakrishnan, Aycan, Bjarnadóttir, Ament, El-Metwally, Beitelshees, Agarwal",2023,HSHa1b5b21f
Substance Use Disorders in Adolescents and Young Adults: History and Perioperative Considerations From the Society for Pediatric Pain Medicine.,"Kitzman, Mesheriakova, Borucki, Agarwal",2024,HSHa1b5b21f
Opioid Analgesics after Bariatric Surgery: A Scoping Review to Evaluate Physiological Risk Factors for Opioid-Related Harm.,"Wuyts, Torensma, Schellekens, Kramers",2023,PMC10342511
Preoperative Predictors of Prolonged Opioid Use in the 6 Months After Total Knee Arthroplasty.,"Larach, Kertai, Billings, Anderson, Polkowski, Shinar, Milne, Mishra, Bruehl",2023,PMC10529895
Syndemic factors associated with non-fatal overdose among young opioid users in New York City.,"Guarino, Frank, Quinn, Kim, Gile, Ruggles, Friedman, Mateu-Gelabert",2023,PMC10332320
Depression phenotypes in spinal cord injury and impact on post-injury healthcare utilization and cost: Analysis using a large claim database.,"Wilkinson, Isakov, Anele, Castillo, Herrity, Sharma, Wang, Boakye, Ugiliweneza",2024,PMC11533263
"Assessing the impact of the slow-release oral morphine drug shortages in Ontario, Canada: A population-based time series analysis.","Ledlie, Tadrous, McCormack, Campbell, Leece, Kleinman, Kolla, Besharah, Smoke, Sproule, Gomes",2023,HSHa1b5b21f
Association Between Opioid Use Disorder and Seizure Incidents Among Alcohol Use Disorder Patients.,"Furo, Podichetty, Whitted, Zhou, Torres, Brimhall",2023,PMC10326460
Impact of opioid dependence on outcomes following total shoulder arthroplasty.,"Brandner, Guareschi, Eichinger, Friedman",2024,HSHa1b5b21f
Editorial commentary: The mundane and the profound of QT prolongation in the opioid abuse crisis.,Donahue,2024,HSHa1b5b21f
Opioid abuse and SIV infection in non-human primates.,"Deshetty, Ray, Singh, Buch, Periyasamy",2023,PMC10729652
"Initial opioid prescription characteristics and risk of opioid misuse, poisoning and dependence: retrospective cohort study.","García-Sempere, Hurtado, Robles, Llopis-Cardona, Sánchez-Saez, Rodriguez-Bernal, Peiró-Moreno, Sanfélix-Gimeno",2023,PMC10804034
Tobacco/nicotine dependence as a risk factor for substance use disorders and related mental health conditions among cancer patients.,"Cuomo, Mackey, Purushothaman",2023,HSHa1b5b21f
"The Skeletal Oncology Research Group Machine Learning Algorithm (SORG-MLA) for predicting prolonged postoperative opioid prescription after total knee arthroplasty: an international validation study using 3,495 patients from a Taiwanese cohort.","Tsai, Huang, Lin, Ogink, Su, Chen, Yen, Verlaan, Schwab, Wang, Groot, Hu, Chiang",2023,PMC10320986
Reducing opioid related deaths for individuals who are at high risk of death from overdose: a co-production study with people housed within prison and hostel accommodation during Covid-19.,"Campbell, Millen, Guo, Jordan, Taylor-Beswick, Rintoul, Diamond",2023,PMC10316785
"First-line opioid agonist treatment as prevention against assisting others in initiating injection drug use: A longitudinal cohort study of people who inject drugs in Vancouver, Canada.","Bouck, Tricco, Rosella, Banack, Fox, Platt, Milloy, DeBeck, Hayashi, Werb",2023,PMC10311194
Acute Pain and Development of Opioid Use Disorder: Patient Risk Factors.,"Baumann, Bello, Georg, Urman, Luedi, Andereggen",2023,PMC10462493
[Increase of overdose and deaths related to methadone during COVID-19 epidemic in 2020].,"Frauger, Fouilhé, Lacroix, Daveluy, Le Boisselier, Bertin, Revol, Carton, Chevalier, Eiden, Gibaja, Aquizerate, Chaouachi, Bouquet, Roussin, Mallaret, Micallef",2024,PMC10266982
Risks of alcohol and drug use disorders in prostate cancer survivors: a national cohort study.,"Crump, Stattin, Brooks, Sundquist, Edwards, Sieh, Sundquist",2023,PMC10393870
"Older Age, Female Sex, Anxiety, Substance Use Disorder, Osteoarthritis, Tibial Tubercle Osteotomy, and Opioid Familiarity Are Risk Factors for Prolonged Opioid Use Following Medial Patellofemoral Ligament Reconstruction.","Abed, Khalily, Hawk, Conley, Landy, Stone",2023,PMC10300534
Paternal morphine exposure in rats reduces social play in adolescent male progeny without affecting drug-taking behavior in juvenile males or female offspring.,"Zeid, Toussaint, Dressler, Schumacher, Do, Desalvo, Selamawi, Bongiovanni, Mayberry, Carr, Wimmer",2023,PMC10528482
Cause-Specific Mortality among Patients in Treatment for Opioid Use Disorder in Multiple Settings: A Prospective Comparative Cohort Study.,"Eide, Skurtveit, Clausen, Hesse, Mravčík, Nechanská, Rolova, Thylstrup, Tjagvad, Seid, Odsbu, Gabrhelík",2023,PMC10614278
Opioid analgesic effects on subjective well-being in the operating theatre.,"Eikemo, Meier, Løseth, Trøstheim, Ørstavik, Jensen, Garland, Berna, Ernst, Leknes",2023,PMC10714491
Psychometrics of the Concise Health Risk Tracking Self-Report (CHRT-SR16) Assessment of Suicidality in a Sample of Adults with Moderate to Severe Methamphetamine Use Disorder: Findings from the ADAPT-2 Randomized Trial.,"Trombello, Kulikova, Mayes, Nandy, Carmody, Bart, Nunes, Schmitz, Kalmin, Shoptaw, Trivedi",2023,PMC10292610
Prevalence and correlates of high-dose opioid use among survivors of head and neck cancer.,"Nugent, Slatore, Winchell, Handley, Clayburgh, Chandra, Hooker, Knight, Morasco",2023,HSHa1b5b21f
Incidence of persistent opioid use following traumatic injury.,"Mauck, Zhao, Goetzinger, Tungate, Spencer, Lal, Barton, Beaudoin, McLean",2024,HSHa1b5b21f
"Is outpatient spine surgery associated with new, persistent opioid use in opioid-naïve patients? A retrospective national claims database analysis.","Schultz, Zhuang, Shapiro, Hu, Kamal",2023,PMC10538426
"Prevalence, incidence, deaths, and disability-adjusted life-years of drug use disorders for 204 countries and territories during the past 30 years.","Shen, Hua, Li, Liu, Liu, Jiao",2023,HSHa1b5b21f
Pain catastrophizing moderates the relationship between chronic pain and insomnia severity in persons with opioid use disorder.,"Baime, Satyavolu, Huhn, Ellis",2023,PMC12713813
Association Between Payer Type and Risk of Persistent Opioid Use After Surgery.,"Srinivasan, Gunaseelan, Jankulov, Chua, Englesbe, Waljee, Bicket, Brummett",2023,PMC10631504
Postoperative buprenorphine continuation in stabilized buprenorphine patients: A population cohort study.,"Hauck, Ladha, Le Foll, Wijeysundera, Kurdyak",2023,HSHa1b5b21f
Trauma and Resilience in Adolescents and Young Adults With Opioid Use and Eating Disorders.,"McKnight, Gardner, Cottrill, Levy, Bonny",2023,HSHa1b5b21f
Prolonged Opioid Use Following Distal Radius Fracture Fixation: Who Is at Risk and What are the Consequences?,"Runge, Gabig, Karzon, Suh, Wagner, Gottschalk",2023,PMC10264856
Adherence to Opioid Patient Prescriber Agreements at a Safety Net Hospital.,"Pacheco, Nguyen, Halphen, Samy, Wilson, Sattler, Wing, Feng, Paulino, Shah, Addimulam, Patel, Wray, Arthur, Hui",2023,PMC10251943
"Opioid prescribing and use in the Military Health System: a framework synthesis, FY2016-FY2021.","Madsen, Korona-Bailey, Janvrin, Schoenfeld, Koehlmoos",2023,PMC10546480
Spinal cord injury and prescribed opioids for pain: a scoping review.,"Shoup, Welter, Binswanger, Hess, Dullenkopf, Coker, Berliner",2023,HSHa1b5b21f
"The Effect of Preoperative Disability, Cognitive Impairment, Frailty and Opioid Use on Acute Postoperative Pain in Older Patients Undergoing Surgery A Prospective Cohort Study.","Admiraal, van Zuylen, Hermanns, Willems, Geurtsen, Steegers, Kallewaard, Hollmann, Hermanides",2023,HSHa1b5b21f
Factors Associated With Severe Bacterial Infections in People Who Inject Drugs: A Single-center Observational Study.,"Hrycko, Mateu-Gelabert, Ciervo, Linn-Walton, Eckhardt",NA,HSHa1b5b21f
Distress Tolerance in the Comorbid Chronic Pain and Opioid Use Disorder Population.,"Wilson, Shaffer, Wachholtz",NA,PMC10148917
"Hepatitis C Virus Cascade of Care Among Perinatal Patients in Maine Diagnosed With Opioid Use Disorder, 2015-2020.","Pfeiffer, O'Connor, Zimmerman, Thakarar, Ahrens",NA,HSHa1b5b21f
Struggling With Recovery From Opioids: Who Is at Risk During COVID-19?,"Keith, Tegge, Stein, Athamneh, Craft, Chilcoat, Le Moigne, DeVeaugh-Geiss, Bickel",NA,HSHa1b5b21f
Predictors of persistent postoperative opioid use following colectomy: a population-based cohort study from England.,"Baamer, Humes, Toh, Knaggs, Lobo",2023,PMC10953341
Prevalence and predictors of suicidality among adults initiating office-based buprenorphine.,"Lent, Dugosh, Hurstak, Callahan, Mazur",2023,PMC10233176
Risk factors for 30-day readmission following shoulder arthroscopy: a systematic review.,"Sumbal, Sumbal, Amir",2023,HSHa1b5b21f
An Artificial Intelligence-Based Smartphone App for Assessing the Risk of Opioid Misuse in Working Populations Using Synthetic Data: Pilot Development Study.,"Islam, Khan, Scarbrough, Zimpfer, Makkena, Omogunwa, Ahamed",2023,PMC10265406
"Transitional Pain Medicine; New Era, New Opportunities, and New Journey.","Terkawi, Ottestad, Altirkawi, Salmasi",2023,HSHa1b5b21f
Association between Initial Opioid Prescription and Patient Pain with Continued Opioid Use among Opioid-Naïve Patients Undergoing Elective Surgery in a Large American Health System.,"Babatunde, Rennert, Walker, Furmanek, Blackhurst, Cancellaro, Litwin, Howard",2023,PMC10218665
Clients' experiences on North America's first take-home injectable opioid agonist treatment (iOAT) program: a qualitative study.,"Oviedo-Joekes, Dobischok, Carvajal, MacDonald, McDermid, Klakowicz, Harrison, LaJeunesse, Chow, Brown, Gill, Schechter",2023,PMC10215060
Increasing overdose deaths among Black Americans: a review of the literature.,"Gibbons, Harris, Solomon, Sugarman, Hardy, Saloner",2023,HSHa1b5b21f
"Determinants of health-related quality of life among individuals with opioid use disorder, recently released from incarceration.","Cadet, Jalali, Jeng, Poole, Woody, Murphy",2023,PMC10210389
Opioid agonist therapy switching among individuals with prescription-type opioid use disorder: Secondary analysis of a pragmatic randomized trial.,"Mocanu, Bozinoff, Wood, Jutras-Aswad, Le Foll, Lim, Cheol Choi, Yin Mok, Eugenia Socias",2023,PMC12129093
Prenatal Substance Exposure and Neonatal Abstinence Syndrome: State Estimates from the 2016-2020 Transformed Medicaid Statistical Information System.,"West, Ali, Blanco, Natzke, Nguyen",2023,PMC10204012
Drug use patterns and factors related to the use and discontinuation of medications for opioid use disorder in the age of fentanyl: findings from a mixed-methods study of people who use drugs.,"Hughto, Tapper, Rapisarda, Stopka, Palacios, Case, Silcox, Moyo, Green",2023,PMC10201806
"Sex-related differences in the prevalence of substance use disorders, treatment, and overdose among parents with young children.","Gao, Krans, Chen, Rothenberger, Zivin, Jarlenski",2023,PMC10195847
Identification of Subphenotypes of Opioid Use Disorder Using Unsupervised Machine Learning.,"Shah-Mohammadi, Finkelstein",2023,HSHa1b5b21f
Predictors of Linkage to an Opioid Treatment Program and Methadone Treatment Retention following Hospital Discharge in a Safety-Net Setting.,"Tierney, Takimoto, Azari, Steiger, Martin",2023,HSHa1b5b21f
Predictors and motives of polydrug use in opioid users. A narrative review.,"van Amsterdam, Pierce, van den Brink",2023,HSHa1b5b21f
Considerations for the design of overdose education and naloxone distribution interventions: results of a multi-stakeholder workshop.,"Sellen, Markowitz, Parsons, Leece, Handford, Goso, Hopkins, Klaiman, Shahin, Milos, Wright, Charles, Morrison, Strike, Orkin",2023,PMC10183687
Safe Prescribing Practices: Clinicians' Views on Prescribing Opioids to Patients With Early-Stage Cancer.,"Wood, Cheung, Ruether, Sinnarajah, Tanguay, Tarumi, Lau, Cuthbert",2023,HSHa1b5b21f
New prolonged opioid consumption after major surgery in Sweden: a population-based retrospective cohort study.,"Lindeberg, Bell, Larsson, Hallqvist",2023,PMC10151846
"We need to talk: The urgent conversation on chronic pain, mental health, prescribing patterns and the opioid crisis.","Battaglia, Groenewald, Campbell, Scaini, De Koninck, Stinson, Quinn",2023,HSHa1b5b21f
Buprenorphine versus methadone for the treatment of opioid dependence: a systematic review and meta-analysis of randomised and observational studies.,"Degenhardt, Clark, Macpherson, Leppan, Nielsen, Zahra, Larance, Kimber, Martino-Burke, Hickman, Farrell",2023,HSHa1b5b21f
Polygenic risk score for problematic alcohol use predicts heavy drinking and alcohol use disorder symptoms in young adulthood after accounting for adolescent alcohol use and parental alcohol use disorder.,"Wang, Hicks, Zhou, Kranzler, Gelernter, Zucker",2023,PMC11013565
Association of receiving opioid medication-assisted treatment with sexual identity and mental health/substance use disorder symptoms in a nationally representative sample of adults.,"Adzrago, Evans, Dias, Kwentua, White, Wilkerson",2023,PMC10168441
"Substance use disorders: a comprehensive update of classification, epidemiology, neurobiology, clinical aspects, treatment and prevention.","Volkow, Blanco",2023,PMC10168177
Does the Stopping Opioids After Surgery Score Perform Well Among Racial and Socioeconomic Subgroups?,"Crawford, Striano, Gong, Simpson, Schoenfeld",2023,PMC10642872
Understanding cigarette smoking among mothers with opioid use disorder.,"Wanar, Morrison, Standish, Colson, Drainoni, Colvin, Safon, Crowell, Friedman, Schiff, Parker",2023,HSHa1b5b21f
A Dynamic Spatial Factor Model to Describe the Opioid Syndemic in Ohio.,"Kline, Waller, McKnight, Bonny, Miller, Hepler",2023,PMC10591492
"Causal effects of opioids on postpartum depression: a bidirectional, two-sample Mendelian randomization study.","Jiang, Wei, Xie",2023,PMC10159056
"Opioid coping motives and pain intensity among adults with chronic low back pain: associations with mood, pain reactivity, and opioid misuse.","Rogers, Heggeness, Smit, Zvolensky",2023,PMC3748383
"Editorial Commentary: Machine Learning and Artificial Intelligence Are Tools Requiring Physician and Patient Input When Screening Patients at Risk for Extended, Postoperative Opioid Use.","Lu, Mirle, Forsythe",2023,HSHa1b5b21f
Tramadol utilization among patients with higher risk of adverse drug events: A claims analysis of commercially insured and Medicare Advantage members.,"Borrelli, Bratberg, Greaney, Kogut",2023,HSHa1b5b21f
"Understanding the relationship between domestic and intimate partner violence, adverse childhood experiences, and chronic opioid use disorder: The patient perspective.","Thiesset, Barber, Moore, Van Komen, Crandall",2023,HSHa1b5b21f
"Prescription Opioid Misuse in Older Adult Surgical Patients: Epidemiology, Prevention, and Clinical Implications.","Dahlem, Schepis, McCabe, Rank, Kcomt, McCabe, Voepel-Lewis",NA,PMC10162467
Risk Factors for Chronic Prescription Opioid Use in Multiple Sclerosis.,"Turner, Arewasikporn, Hawkins, Suri, Burns, Leipertz, Haselkorn",2023,HSHa1b5b21f
Prescription drug monitoring programs evaluation: A systematic review of reviews.,"Tay, Makeham, Laba, Baysari",2023,HSHa1b5b21f
Patient factors influencing the choice of opioid versus non-opioid postoperative analgesia following common sports procedures: a prospective survey study.,"Castle, Jildeh, Abbas, Hennekes, Buckley, Shabet, Cotter, Moutzouros",2023,PMC10130914
Narrative minireview of the spatial epidemiology of substance use disorder in the United States: Who is at risk and where?,"Cuadros, Branscum, Moreno, MacKinnon",2023,PMC10131000
Cost-effectiveness of flexible take-home buprenorphine-naloxone versus methadone for treatment of prescription-type opioid use disorder.,"Enns, Krebs, Whitehurst, Jutras-Aswad, Le Foll, Socias, Nosyk",2023,HSHa1b5b21f
Breastfeeding Decision-Making Among Mothers with Opioid Use Disorder: A Qualitative Study.,"Standish, Morrison, Wanar, Crowell, Safon, Colson, Drainoni, Colvin, Friedman, Schiff, Stulac, Costello, Parker",2023,HSHa1b5b21f
"Alcohol and Other Substance Use Before and During the COVID-19 Pandemic Among High School Students - Youth Risk Behavior Survey, United States, 2021.","Hoots, Li, Hertz, Esser, Rico, Zavala, Jones",2023,PMC10156154
"Opioids, sleep, analgesia and respiratory depression: Their convergence on Mu (μ)-opioid receptors in the parabrachial area.","Lynch, Lima, Spinieli, Kaur",2023,PMC10117663
Biopsychosocial contexts of timely and adequate prenatal care utilization among women with criminal legal involvement and opioid use disorder.,"Satcher, Bruce, Goodman, Lord",2023,PMC10119004
Barriers and facilitators to the use of medication for opioid use disorder within the criminal justice system: Perspectives from clinicians.,"Booty, Harp, Batty, Knudsen, Staton, Oser",2023,PMC10198928
Psychosocial Correlates of Opioid Use Profiles among Young Adults in a Longitudinal Study across 6 US Metropolitan Areas.,"Fuss, Romm, Crawford, Harrington, Wang, Ma, Taggart, Ruiz, Berg",2023,PMC10645480
Psychiatric risk factors for chronic high-dose opioid prescribing: register-based cohort study.,"van der Hoorn, Kalkman, Weesie, Atsma, Schellekens",2023,PMC10134259
Sleep behavior traits and associations with opioid-related adverse events: a cohort study.,"Chen, Ulsa, Li, Gao, Zheng, Xu, Luo, Shen, Lane, Scheer, Hu, Gao",2023,PMC10485566
Opioid-related deaths during hospital admissions or shortly after discharge in the United Kingdom: A thematic framework analysis of coroner reports.,"Lewer, Brothers, Harris, Rock, Copeland",2023,PMC10115296
Opium as a risk factor for early-onset coronary artery disease: Results from the Milano-Iran (MIran) study.,"Maino, Sadeghian, Mancini, Abbasi, Poorhosseini, Boroumand, Lotfi-Tokaldany, Jalali, Pagliari, Rosendaal, Peyvandi",2023,PMC10115251
Efforts to Improve Naloxone Co-Prescription for Patients With Cancer Pain at Risk of Opioid Overdose.,"Amaram-Davila, Reddy, Arthur, Narayanan, Gogineni, Mallipeddi, De Moraes, Maddi, Shelal, Urbauer, Chen, Bruera",2023,PMC10316523
Experiences of patients at high risk of opioid overdose accessing emergency department and behavioral health interventions: a qualitative analysis in an urban emergency department.,"Collins, Baird, Nimaja, Ashenafi, Clark, Beaudoin",2023,PMC10110343
Does polygenic risk for substance-related traits predict ages of onset and progression of symptoms?,"Kranzler, Feinn, Xu, Ho, Saini, Nicastro, Jacoby, Toikumo, Gelernter, Hartwell, Kember",2023,PMC10525011
A Transdiagnostic group therapy for sleep and anxiety among adults with substance use disorders: Protocol and pilot investigation.,"Milanak, Witcraft, Park, Hassell, McMahon, Wilkerson",2023,PMC10090550
Patients' Perspectives on the Development of Prescription Opioid Use Disorder in Patients with Chronic Non-Cancer Pain.,"Davies, Koster, Damen, Beurmanjer, Schellekens, Bouvy",2023,HSHa1b5b21f
More than just 'free heroin': Caring whilst navigating constraint in the delivery of diamorphine assisted treatment.,"Poulter, Walker, Ahmed, Moore, Riley, Towl, Harris",2023,HSHa1b5b21f
Comparison of baseline demographics and risk factors for aseptic loosening following primary total elbow arthroplasty.,"Prior, Jamil, Rodriguez, Swiggett, Weisberg, Razi, Choueka",2023,PMC8099774
Prenatal Morphine Exposure Increases Cardiovascular Disease Risk and Programs Neurogenic Hypertension in the Adult Offspring.,"Ahmed, Kassis, Malone, Yang, Zamzami, Lin, Gordon, Gong, Bardo, Dalmasso, Loria",2023,PMC10274123
Polypharmacy Among Patients With Major Depressive Disorder and Co-occurring Substance Use Disorders in a Psychiatric Hospital Setting: Prevalence and Risk Factors.,"Benz, Epstein-Lubow, Weinstock, Gaudiano",NA,PMC11005319
Multi-ancestry meta-analysis of tobacco use disorder prioritizes novel candidate risk genes and reveals associations with numerous health outcomes.,"Toikumo, Jennings, Pham, Lee, Mallard, Bianchi, Meredith, Vilar-Ribó, Xu, Hatoum, Johnson, Pazdernik, Jinwala, Pakala, Leger, Niarchou, Ehinmowo, Jenkins, Batzler, Pendegraft, Palmer, Zhou, Biernacka, Coombes, Gelernter, Xu, Hancock, Cox, Smoller, Davis, Justice, Kranzler, Kember, Sanchez-Roige",2023,PMC10081388
Retention in Office-Based Opioid Treatment and Impact on Emergency Department Use in Adolescents and Young Adults With Opioid Use Disorder.,"Ramey, Bonny, Silva Almodóvar, Nahata",2023,HSHa1b5b21f
Postoperative Opioid Use Among Opioid-Naive Cannabis Users Following Single-Level Lumbar Fusions.,"Khalid, Jiang, Khilwani, Thomson, Mirpuri, Mehta",2023,HSHa1b5b21f
"Risk and protective factors of social networks on alcohol, cannabis, and opioid use among urban American Indian/Alaska Native emerging adults.","D'Amico, Kennedy, Malika, Klein, Brown, Rodriguez, Johnson, Schweigman, Arvizu-Sanchez, Etz, Dickerson",2023,PMC10440259
"Opioids-induced inhibition of HERG ion channels and sudden cardiac death, a systematic review of current literature.","El Sherbini, Liblik, Lee, Baranchuk, Zhang, El-Diasty",2024,HSHa1b5b21f
"Suicidal thoughts and behaviors in patients with chronic pain, with and without co-occurring opioid use disorder.","Cheatle, Giordano, Themelis, Tang",2023,PMC10391589
"Take-Home Naloxone and risk management from the perspective of people who survived an opioid overdose in Stockholm - An analysis informed by drug, set and setting.","Holmén, Hammarberg, Kåberg, Storbjörk",2023,HSHa1b5b21f
"Predictors of opioid overdose during the COVID-19 pandemic: The role of relapse, treatment access and nonprescribed buprenorphine/naloxone.","Kline, Williams, Steinberg, Mattern, Chesin, Borys, Chaguturu",2023,PMC10063455
Higher Pain Catastrophizing and Preoperative Pain is Associated with Increased Risk for Prolonged Postoperative Opioid Use.,"Riggs, Cherrington, Kertesz, Richman, DeRussy, Varley, Becker, Morris, Singh, Markland, Goodin",2023,PMC10337451
Unintentional overdoses: understanding the fentanyl landscape and reducing harm.,"Bell, Hadland",2023,PMC10330037
Team Approach: Use of Opioids in Orthopaedic Practice.,"Pasqualini, Rullán, Deren, Krebs, Molloy, Nystrom, Piuzzi",2023,HSHa1b5b21f
Prolonged opioid use after distal radius fracture.,"Larrosa Pardo, Bondesson, Petersson, Schelin, Jöud",2023,HSHa1b5b21f
The acceptability of overdose alert and response technologies: introducing the TPOM-ODART framework.,"Dumbrell, Daneshvar, Oteo, Baldacchino, Matheson",2023,PMC10040083
Opioid use disorder in the active service: Implications for intervention.,"Moore, Vincent, Schlenk, McNamara",2023,HSHa1b5b21f
Synthetic cannabinoids awareness among patients with opioid use disorder in Serbia - A survey based cross-sectional pilot study.,"Mijatović Jovin, Dickov, Ratković, Dickov, Tomas",2023,PMC10028092
Post-traumatic Stress Disorder as an Independent Risk Factor for Increased Opioid Use Following Carpal Tunnel Surgery.,"Hudock, Kshir, Taylor",2024,PMC11342694
Opioid use disorder at delivery hospitalization in the United States: 2012-2016.,"Malhotra, Sheyn, Arora",2023,PMC10517065
Risks of Chronic Preoperative Opioid Use on Distal Radius Surgery Outcomes.,"Newton, Sossamon, Pire, Daley",2024,PMC11528723
Specificity in genetic and environmental risk for prescription opioid misuse and heroin use.,"Dash, Gizer, Martin, Slutske",2023,PMC10514228
Interdisciplinary strategies to prevent long-term and detrimental opioid use following trauma: a stakeholder consensus study.,"Bérubé, Côté, Gagnon, Moore, Tremblay, Turgeon, Evans, Berry, Turcotte, Belzile, Dale, Orrantia, Verret, Dercksen, Martel, Dupuis, Chatillon, Lauzier",2023,PMC10391591
HIV and Addiction Services for People Who Inject Drugs: Healthcare Provider Perceptions on Integrated Care in the U.S. South.,"Bradford, Parman, Levy, Turner, Li, Leisch, Eaton, Crockett",2023,PMC10031597
Social ecological factors and medication treatment for opioid use disorder among justice-involved rural and urban persons: the Geographic variation in Addiction Treatment Experiences (GATE) longitudinal cohort study protocol.,"Oser, Batty, Booty, Eddens, Knudsen, Perry, Rockett, Staton",2023,PMC10030549
The importance of social risk factors for patients diagnosed with opioid use disorder.,"Arsene, Na, Patel, Vaidya, Williamson, Singh",2023,HSHa1b5b21f
"A scoping review of mHealth technologies for opioid overdose prevention, detection and response.","Tas, Lawn, Traykova, Evans, Murvai, Walker, Strang",2023,HSHa1b5b21f
Association of Household Opioid Availability With Opioid Overdose.,"Hendricks, El Ibrahimi, Ritter, Flores, Fischer, Weiss, Wright, Weiner",2023,PMC10024199
"Opioid Injection-Associated Bacterial Infections in England, 2002-2021: A Time Series Analysis of Seasonal Variation and the Impact of Coronavirus Disease 2019.","Lewer, Brothers, Croxford, Desai, Emanuel, Harris, Hope",2023,PMC10425189
Assessing the contributions of modifiable risk factors to serious falls and fragility fractures among older persons living with HIV.,"Womack, Murphy, Leo-Summers, Bates, Jarad, Gill, Hsieh, Rodriguez-Barradas, Tien, Yin, Brandt, Justice",2023,PMC10258163
A Closer Look at Opioid-Induced Adrenal Insufficiency: A Narrative Review.,"Coluzzi, LeQuang, Sciacchitano, Scerpa, Rocco, Pergolizzi",2023,PMC10003084
Characteristics of Stress Sensitivity in Heroin Use Disorder Patients during Their Opioid Agonist Treatment.,"Della Rocca, Maremmani, Bacciardi, Pacini, Lamanna, Tripodi, Miccoli, Maremmani",2023,PMC10002439
Analysis of Substance Use and Suicidal Ideation in Midwestern Frontier and Non-Frontier Locations.,"Dolezal, Severson, Ali, Dohn, McFadden",2023,PMC10119862
Text Messages Exchanged Between Individuals With Opioid Use Disorder and Their mHealth e-Coaches: Content Analysis Study.,"Ranjit, Davis, Fentem, Riordan, Roscoe, Cavazos-Rehg",2023,PMC10039403
Postpartum Opioid-Related Mortality in Patients With Public Insurance.,"Suarez, Huybrechts, Straub, Hernández-Díaz, Creanga, Connery, Gray, Vine, Jones, Bateman",2023,PMC10125002
"Deliveries Among Patients With Maternal Hepatitis C Virus Infection in the United States, 2000-2019.","Arditi, Emont, Friedman, D'Alton, Wen",2023,HSHa1b5b21f
Preadmission Opioid Use and 1-Year Mortality Following Incident Myocardial Infarction: A Danish Population-Based Cohort Study (1997-2016).,"Korsgaard, Munch, Horváth-Puhó, Adelborg, Christiansen, Pedersen, Schmidt, Sørensen",2023,PMC10111518
Pre-existing Opioid Use Worsens Outcomes in Patients With Diverticulitis.,"Shaikh, Khrais, Le, Kaye, Ahlawat",2023,PMC9987253
"Differential prevalence of Adverse Childhood Experiences (ACEs) by gender and substance used in individuals with cannabis, cocaine, opioid, and tobacco use disorders.","Martin, Neelon, Brady, Guille, Baker, Ramakrishnan, Gray, Saladin, McRae-Clark",2023,PMC10321124
Patterns of polysubstance use and clinical comorbidity among persons seeking substance use treatment: An observational study.,"Ellis, Rabinowitz, Ware, Wells, Dunn, Huhn",2023,PMC10035066
Hospital adoption of harm reduction and risk education strategies to address substance use disorders.,"Lindenfeld, Franz, Cronin, Chang",2023,HSHa1b5b21f
"State Cannabis Legalization and Cannabis Use Disorder in the US Veterans Health Administration, 2005 to 2019.","Hasin, Wall, Choi, Alschuler, Malte, Olfson, Keyes, Gradus, Cerdá, Maynard, Keyhani, Martins, Fink, Livne, Mannes, Sherman, Saxon",2023,PMC9979011
Heart Rate Variability in Adults With Substance Use Disorder: A Comprehensive Narrative Review.,"Moon, Schlenk, Lee",2024,HSHa1b5b21f
Reported firearm access among patients admitted to a dual diagnosis medically-assisted withdrawal unit over five years.,"Weleff, Butler, Streem, Barnett",2022,PMC9949337
Prescription stimulant use during long-term opioid therapy and risk for opioid use disorder.,"Scherrer, Salas, Grucza, Wilens, Quinn, Sullivan, Rossom, Wright, Piper, Sanchez, Lapham",2022,PMC9949323
Opioid Use Disorder and Overdose in the First Year Postpartum: A Rapid Scoping Review and Implications for Future Research.,"Frankeberger, Jarlenski, Krans, Coulter, Mair",2023,PMC10365595
Patterns and Determinants of Weight Gain among People Who Use Drugs Undergoing Treatment for Recovery in Lebanon.,"Mahboub, Rizk, Farsoun, de Vries",2023,PMC9961335
Fatal and nonfatal opioid overdose risk following release from prison: A retrospective cohort study using linked administrative data.,"Hartung, McCracken, Nguyen, Kempany, Waddell",2023,PMC10795482
Peer Health Navigation Experiences Before and After Prison Release Among People With Opioid Use Disorder.,"Enich, Treitler, Swarbrick, Belsky, Hillis, Crystal",2023,PMC12219310
Opioid Dependence and Associated Health Care Utilization and Cost in Traumatic Spinal Cord Injury Population: Analysis Using Marketscan Database.,"Wilkinson, Castillo, Herrity, Wang, Sharma, Dietz, Adams, Khattar, Nuno, Drazin, Boakye, Ugiliweneza",2023,PMC9936895
Opioid and benzodiazepine use in gynecologic oncology patients.,"Levytska, Pena, Brown, Yu, Wally, Hsu, Seymour, Naumann",2023,HSHa1b5b21f
Psychosocial problems and high amount of opioid administration are associated with opioid dependence and abuse after first exposure for chronic pain patients.,"Stalter, Ma, Simon, Pruinelli",2023,HSHa1b5b21f
Preexisting mental health disorders and risk of opioid use disorder in young people: A case-control study.,"Marshall, Olson, Youngson, Abba-Aji, Li, Vohra, Lewanczuk",2023,HSHa1b5b21f
Patient-Reported Data Augment Prediction Models of Persistent Opioid Use after Elective Upper Extremity Surgery.,"Giladi, Shipp, Sanghavi, Zhang, Gupta, Miller, Belouali, Madhavan",2023,PMC11835507
The Opioid Risk Tool Correlates With Increased Postsurgical Opioid Use Among Patients With Orthopedic Trauma.,"Perry, Stoll, Allen, Hahn, Ostrum",2023,HSHa1b5b21f
Prolonged Opioid Usage Following Hip Fracture Surgery in Opioid-Naïve Older Patients.,"Okike, Chang, Chan, Paxton, Prentice",2023,HSHa1b5b21f
"A cross-sectional study of alcohol, opioid use, and anxiety in agriculturally based occupations.","Chasek, Watanabe-Galloway, Rutt, Olson, Yoder",2023,HSHa1b5b21f
Prenatal Opioid Exposure and Neurodevelopmental Outcomes.,"Lee, Saraiya, Kuzniewicz",2023,HSHa1b5b21f
Provider compliance with a tailored opioid prescribing calculator in gynecologic surgery.,"Straubhar, Stroup, de Bear, Dalton, Rolston, McCool, Reynolds, McLean, Siedel, Uppal",2023,HSHa1b5b21f
Effect of discharge opioid use on persistent postoperative opioid use.,"Liu, Patanwala, Naylor, Penm",2023,HSHa1b5b21f
Identification of prescription opioid misuse and abuse behaviors and risk factors in chronic pain patients using the Prescription Opioid Misuse and Abuse Questionnaire (POMAQ).,"Coyne, Barsdorf, Mazière, Pierson, Lanza, Farrar, Gelfand, Porter, Schnoll, Butler",2023,HSHa1b5b21f
Precipitated opioid withdrawal after buprenorphine administration in patients presenting to the emergency department: A case series.,"Spadaro, Faude, Perrone, Thakrar, Lowenstein, Delgado, Kilaru",2023,PMC9871399
County-level estimates of suicide mortality in the USA: a modelling study.,"Kandula, Martinez-Alés, Rutherford, Gimbrone, Olfson, Gould, Keyes, Shaman",2023,PMC9990589
Identifying gender differences in risk profiles and in opioid treatment outcomes in Los Angeles County.,"Amaro, Kong, Marsh, Khachikian, Guerrero",2023,PMC10121834
"Long-term Safety, Dose Stability, and Efficacy of Opioids for Patients With Restless Legs Syndrome in the National RLS Opioid Registry.","Winkelman, Wipper, Zackon",2023,PMC10104616
"Burden of disease due to amphetamines, cannabis, cocaine, and opioid use disorders in South America, 1990-2019: a systematic analysis of the Global Burden of Disease Study 2019.","Castaldelli-Maia, Wang, Brunoni, Faro, Guimarães, Lucchetti, Martorell, Moreira, Pacheco-Barrios, Rodriguez, Roever, Silva, Tovani-Palone, Valdez, Zimmermann, Culbreth, Hay, Murray, Bensenor",2023,PMC9870787
Differences in the Clinical Outcome of Ischemic and Nonischemic Cardiomyopathy in Heart Failure With Concomitant Opioid Use Disorder.,"Gharbin, Winful, Hassan, Bajaj, Batta, Alebna, Rhodd, Taha, Fatima, Mehrotra",2023,HSHa1b5b21f
Preliminary validation of the Diversion Risk Scale (DRS): Using environmental and individual factors to predict opioid-related diversion events.,"Jones, Moore, Meske, Passik",2023,HSHa1b5b21f
Opioid medications: an emerging cancer risk factor?,"Sheikh, Brennan, Mariosa, Robbins",2023,HSHa1b5b21f
Long-term opioid therapy and mental health comorbidity in patients with chronic pain.,"Vogt, Pfau, Vielhaber, Haghikia, Hachenberg, Brinkers",2023,HSHa1b5b21f
Preoperative Opioid and Benzodiazepine Use: Influence on Abdominal Surgical Outcomes.,"Fagenson, Schleider, Philp, Noonan, Braun, Cowan, Pitt",2023,HSHa1b5b21f
Principal component regression analysis of familial psychiatric histories and suicide risk factors among adults with opioid use disorder.,"Szlyk, Li, Filiatreau, Bierut, Banks, Cavazos-Rehg",2023,PMC10084714
"Perioperative Sleep Disturbance Following Mastectomy: A Longitudinal Investigation of the Relationship to Pain, Opioid Use, Treatment, and Psychosocial Symptoms.","Azizoddin, Soens, Beck, Flowers, Edwards, Schreiber",2023,PMC9968504
Health Status and Preventive Health Services Among Reproductive-Aged Women in Treatment for Opioid Use Disorder.,"Short, Hand, Pyfer, Steiger, Gannon, Jaffe, Abatemarco",2022,PMC9811839
Individual factors predict substance use treatment course patterns among patients in community-based substance use disorder treatment.,"Argyriou, Bakoyannis, Wu, Rattermann, Cyders",2023,PMC9836276
Discontinuation of Buprenorphine Treatment for Opioid Use Disorder During the Coronavirus Disease-2019 Pandemic: A Multilevel Framework.,"Saloner, Chang, Alexander, Stein",2023,PMC9830961
Exploring potential moderators of depressive symptoms and treatment outcomes among patients with opioid use disorder.,"Ellis, Lister, Wohl, Greenwald, Ledgerwood",2023,PMC9911368
Association between traumatic brain injury and suicidality using a mediation approach and MarketScan.,"Miller, Zhou, Peterson, Swedo, Holland, Kresnow",2023,PMC10198876
"A Retrospective Cohort Study on Chronic Opioid Use After Geriatric Hip Fracture Surgery-Risk Factors, Trends, and Outcomes.","Stone, Pujari, Garlich, Lin",2023,HSHa1b5b21f
Responsible and safe use of opioids in children and adolescents in the emergency department.,"Ali, Drendel",2023,HSHa1b5b21f
Contextualizing prescription opioid misuse and heroin use within dimensional models of drug involvement.,"Dash, Gizer, Slutske",2022,PMC9802645
The Role of Patient-Reported Social Factors in Promoting Buprenorphine Consistency.,"Cook, Eglovitch, Svikis, Martin",2023,PMC10870807
"Machine Learning Model Identifies Preoperative Opioid Use, Male Sex, and Elevated Body Mass Index as Predictive Factors for Prolonged Opioid Consumption Following Arthroscopic Meniscal Surgery.","Castle, Jildeh, Chaudhry, Turner, Abbas, Mahmoud, Hengy, Okoroha, Lynch",2023,HSHa1b5b21f
Substance abuse and the risk of severe COVID-19: Mendelian randomization confirms the causal role of opioids but hints a negative causal effect for cannabinoids.,"Jabalameli, Zhang",2022,PMC9792508
Factors Associated with Non-Evidence-Based Overdose Responses among People Who Use Prescription Opioids Non-Medically in Rural Appalachia.,"Macmadu, Gurka, Linn, Smith, Feinberg",2023,HSHa1b5b21f
Use of Predictive Analytics to Identify Unhealthy Opioid Use and Guide Intervention.,"Valdes, Reist, Aamar, Hallisey, Stanton, Williams, Andel, Gorman",2023,HSHa1b5b21f
Comparison of Recovery Capital in Patients with Alcohol and Opioid Dependence - An Exploratory Study.,"Kaur, Lal, Sen, Sarkar",2022,PMC9743817
Effect of discharge opioid on persistent postoperative opioid use: a retrospective cohort study comparing tapentadol with oxycodone.,"Lam, Xia, Biggs, Treloar, Cheng, Kabu, Stevens, Evans, da Gama, Lubman, Nielsen",2023,HSHa1b5b21f
Chronic Opioid Use Independently Increases Complications and Resource Utilization After Primary Total Joint Arthroplasty.,"Pagan, Hernandez, Reddy, D'Apuzzo",2023,HSHa1b5b21f
Key implementation factors in telemedicine-delivered medications for opioid use disorder: a scoping review informed by normalisation process theory.,"Teck, Zlatkute, Perez, Dritschel, Ghosh, Potenza, Ambekar, Ekhtiari, Stein, Khazaal, Arunogiri, Torrens, Ferri, Galea-Singer, Baldacchino",2023,HSHa1b5b21f
"The nexus between gender, parental supervision, and opioid misuse among justice-involved adolescents.","Vroom, Johnson",2024,PMC10272286
Determinants of long-term opioid use in hospitalized patients.,"Kurteva, Abrahamowicz, Weir, Gomes, Tamblyn",2022,PMC9754198
Using machine learning to study the effect of medication adherence in Opioid Use Disorder.,"Warren, Marashi, Siddiqui, Eijaz, Pradhan, Lim, Call, Dras",2022,PMC9754174
"Factors associated with changes in illicit opioid use during the COVID-19 pandemic among incarcerated people who use drugs in Quebec, Canada.","Park, Linthwaite, Dussault, Halavrezos, Chalifoux, Sherman, Del Balso, Buxton, Cox, Kronfli",2023,PMC10598516
An observational study of the factors associated with frequency of outpatient benzodiazepine prescribing to patients receiving chronic opioid analgesic therapy in primary care at a major academic center.,"Koch, Butterfield",2022,PMC9749278
"""A Lot of Things Stopped with COVID"": Screening Pregnant Patients for Opioid Use and Related Conditions During the COVID-19 Pandemic.","Foti, Vereen, Vamos, Sappenfield, Kirby",2023,PMC9637513
Patterns of mortality risk among patients with substance use disorder: an opportunity for proactive patient safety?,"Svensson, Bergström, Kåberg, Becker",2022,PMC9730660
Cannabis use and opioid relapse: An exploratory survival analysis of prospectively collected data.,"Naji, Rosic, Sanger, Dennis, Hillmer, Hudson, Worster, Paul, Marsh, Thabane, Samaan",2022,PMC9708870
"Relationships between places of residence, injury, and death: Spatial and statistical analysis of fatal opioid overdoses across Massachusetts.","Pustz, Srinivasan, Larochelle, Walley, Stopka",2022,HSHa1b5b21f
COVID-19 complications among patients with opioid use disorder: a retrospective cohort study across five major NYC hospital systems.,"Krawczyk, Rivera, Basaraba, Corbeil, Allen, Schultebraucks, Henry, Pincus, Levin, Martinez",2023,PMC9878119
"New opioid use and risk of opioid-related adverse events among adults with intellectual and developmental disabilities in Ontario, Canada.","Guan, Men, Lunsky, Juurlink, Bronskill, Wunsch, Gomes",2022,PMC9707500
"Substance use disorders and social determinants of health from electronic medical records obtained during Kentucky's ""triple wave"".","Delcher, Harris, Anthony, Stoops, Thompson, Quesinberry",2022,PMC10082996
"""I'm putting a Band-Aid on a bullet hole the only way I know how:"" a qualitative study of barriers and facilitators to opioid misuse and recovery in Nevada.","Swigart, Lee",2022,PMC9694560
Opioid Use After Colorectal Resection: Identifying Preoperative Risk Factors for Postoperative Use.,"Levy, Castle, Ebbitt, Kennon, McAtee, Davenport, Evers, Bhakta",2023,HSHa1b5b21f
Risk factors for the development of opioid use disorder after first opioid prescription: a Swedish national study.,"Kendler, Lönn, Ektor-Andersen, Sundquist, Sundquist",2023,PMC10520598
Opioid-prescribing considerations in patients with cancer and substance misuse or substance use disorder: a scoping review protocol.,"Jones, Malinowski, Paice, Childers, Bulls, Morrison, Ho, Alsbrook, Nugent, Broglio, Nickels, Holbein, Parajuli, Merlin",2023,PMC10260276
Evaluation of the gap in delivery of opioid agonist therapy among individuals with opioid-related health problems: a population-based retrospective cohort study.,"Paul, Bayoumi, Chen, Kocovska, Smith, Raboud, Gomes, Kendall, Rosella, Bitonti-Bengert, Rush, Yu, Spithoff, Crichlow, Wright, Watford, Besharah, Munro, Taha, Nosyk, Strike, Manson, Kahan, Leece",2023,HSHa1b5b21f
Maternal deaths due to suicide and overdose in the state of Michigan from 2008 to 2018.,"Kountanis, Roberts, Admon, Smith, Cropsey, Bauer",2023,HSHa1b5b21f
"Methadone Maintenance Treatment Discontinuation Among Young People who use Opioids in Vancouver, Canada.","Pilarinos, Kwa, Joe, Dong, Grant, Fast, Buxton, DeBeck",2023,PMC9923138
Long-term Health Outcomes of New Persistent Opioid Use After Surgery Among Medicare Beneficiaries.,"Santosa, Priest, Oliver, Kenney, Bicket, Brummett, Waljee",2023,HSHa1b5b21f
Prediction of postoperative respiratory depression and respiratory complications in patients on preoperative methadone.,"Komatsu, Nash, Wu, Dinges, Delgado, Bollag",2023,HSHa1b5b21f
Characteristics of Individuals in the United States Who Used Opioids During Pregnancy.,"Nguyen, Knapp, Li, Camargo, Conradt, Cowell, Derefinko, Elliott, Friedman, Khurana Hershey, Hofheimer, Lester, McEvoy, Neiderhiser, Oken, Ondersma, Sathyanarayana, Stabler, Stroustrup, Tung, McGrath",2023,PMC9940795
Association of inpatient opioid consumption on postoperative outcomes after open posterior spinal fusion for adult spine deformity.,"Elsamadicy, Sandhu, Reeves, Freedman, Koo, Jayaraj, Hengartner, Havlik, Hersh, Pennington, Lo, Shin, Mendel, Sciubba",2023,PMC7788425
Perceptions on wearable sensor-based interventions for monitoring of opioid therapy: A qualitative study.,"Chapman, Lucey, Boyer, Babu, Smelson, Carreiro",2022,PMC9634745
Long-term opioid medication profile of European adult spinal deformity patients: minimum five years follow-up study.,"Abul, Yilgor, Yucekul, Alanay, Yavuz, Zulemyan, Boissiere, Bourghli, Obeid, Pizones, Kleinstueck, Perez-Grueso, Pellise, Alanay",2023,HSHa1b5b21f
Effects of prenatal opioid exposure on synaptic adaptations and behaviors across development.,"Simmons, Grecco, Atwood, Nugent",2023,PMC10314127
New Opioid Persistence in Veterans Following Major and Minor Surgery.,"Kiamanesh, Fuller, Lu, Nordin, Ma, Dugan, Cummings, Sherman, Ebert",2023,PMC10362993
Incidence of persistent postoperative opioid use in patients undergoing ambulatory surgery: a retrospective cohort study.,"Hamilton, Ladha, Wheeler, Nguyen, McCartney, McIsaac",2023,HSHa1b5b21f
Risk Factors for Prolonged Opioid Use Following Total Hip Arthroplasty and Total Knee Arthroplasty: A Narrative Review of Recent Literature.,"VanIderstine, Johnston",2023,PMC10291370
Using nominal group technique to identify barriers and facilitators to preventing HIV using combination same-day pre-exposure prophylaxis and medications for opioid use disorder.,"Eger, Altice, Lee, Vlahov, Khati, Osborne, Wickersham, Bohonnon, Powell, Shrestha",2022,PMC9616614
Effects of Hypovitaminosis D on Preoperative Pain Threshold and Perioperative Opioid Use in Colorectal Cancer Surgery: A Cohort Study.,"Xia, Li, Yu, Xu, Gao, Wang, Ma, Li, Xiong",2022,HSHa1b5b21f
Prolonged Opioid Use After Lumbar Fusion Surgery: A Meta-Analysis of Prevalence and Risk Factors.,"Kuo, Soliman, Iskander, Rho, Khan, Jowdy, Pollina, Mullin",2022,HSHa1b5b21f
Real-world opioid use among patients with migraine enrolled in US commercial insurance and risk factors associated with migraine progression.,"Shao, Rascati, Lawson, Barner, Sonawane, Rousseau",2022,PMC10373005
Association between spine injury and opioid misuse in a prospective cohort of Level I trauma patients.,"Tilhou, Glass, Hetzel, Shana, Borza, Baltes, Deyo, Agarwal, O'Rourke, Brown",2022,PMC9575565
Phenome-wide Association Analysis of Substance Use Disorders in a Deeply Phenotyped Sample.,"Kember, Hartwell, Xu, Rotenberg, Almasy, Zhou, Gelernter, Kranzler",2023,PMC9931661
Experience and response to a randomised controlled trial of extended-release injectable buprenorphine versus sublingual tablet buprenorphine and oral liquid methadone for opioid use disorder: protocol for a mixed-methods evaluation.,"Lowry, Cowden, Day, Gilvarry, Johnstone, Murray, Kelleher, Mitcheson, Marsden",2022,PMC9594511
High smoking and low cessation rates among patients in treatment for opioid and other substance use disorders.,"Bjørnestad, Vederhus, Clausen",2022,PMC9583489
Factors associated with counselling adherence in opioid treatment programs.,"Placide, Unruh, Atkins, Chisholm, Scott",2022,HSHa1b5b21f
Sex-Specific Genetic and Transcriptomic Liability to Neuroticism.,"Wendt, Pathak, Singh, Stein, Koenen, Krystal, Gelernter, Davis, Polimanti",2023,PMC10508260
Suicide Risk Among Military Veterans in the Southwestern United States Before and During the COVID-19 Pandemic.,"Doran, Gress-Smith, Raja, Waddell, Davis, De La Rosa, Hurwitz, Kratz, Louis, Moore, Peoples",2023,PMC9620731
Systematic Review and Meta-Analysis of the Prevalence of Chronic Pain Among Patients With Opioid Use Disorder and Receiving Opioid Substitution Therapy.,"Delorme, Kerckhove, Authier, Pereira, Bertin, Chenaf",2023,HSHa1b5b21f
Opioid Use Patterns in a Statewide Adult Medicaid Population Undergoing Elective Lumbar Spine Surgery.,"Reitman, Ward, Taber, Moran, McCauley, Basco, Gebregziabher, Lockett, Ball",2023,PMC9825641
"Perceptions, policies, and practices related to dispensing buprenorphine for opioid use disorder: A national survey of community-based pharmacists.","Hill, Light, Green, Burns, Sanaty Zadeh, Freeman",2023,HSHa1b5b21f
Diagnosis and treatment of opioid-related disorders in a South African private sector medical insurance scheme: A cohort study.,"Tlali, Scheibe, Ruffieux, Cornell, Wettstein, Egger, Davies, Maartens, Johnson, Haas",2022,PMC9884995
Associations between insomnia and central sensitization in cancer survivors undergoing opioid therapy for chronic cancer pain: A STROBE-compliant prospective cohort study.,"Akui, Kimura, Hirose",2022,PMC9509184
Risks and overdose responses: Participant characteristics from the first seven years of a national take-home naloxone program.,"Ericson, Eide, Lobmaier, Clausen",2022,HSHa1b5b21f
Feasibility and Acceptability of a Digital Health Intervention to Promote Continued Engagement in Medication for Opioid Use Disorder Following Release From Jail/Prison.,"Langdon, Jiménez Muñoz, Block, Scherzer, Ramsey",2022,PMC9520134
Risk factors for opioid use disorder after severe burns in adults.,"DeJesus, Shah, Franco-Mesa, Walters, Palackic, Wolf",2023,PMC12922794
Expanding Access to Naloxone: A Necessary Step to Curb the Opioid Epidemic.,Houser,2022,HSHa1b5b21f
Day-to-day impact of COVID-19 and other factors associated with risk of nonfatal overdose among people who use unregulated drugs in five cities in the United States and Canada.,"Moallef, Genberg, Hayashi, Mehta, Kirk, Choi, DeBeck, Kipke, Moore, Baum, Shoptaw, Gorbach, Mustanski, Javanbakht, Siminski, Milloy",2022,PMC9476331
Buprenorphine Initiation in the Era of High-potency Synthetic Opioids: A Call for Community-based Participatory Research to Help Learning Health Systems Provide Precision Medicine for Opioid Use Disorder.,Fiellin,NA,HSHa1b5b21f
The Accuracy of In-State Prescription Monitoring Program Database and Electronic Medical Records Compared to Urine Toxicology Screening in Total Joint Arthroplasty Preoperative Evaluation.,"Curry, Niu, Burapachaisri, Mauricio, McAlpine, Smith",NA,HSHa1b5b21f
"Patient, family members and community pharmacists' views of a proposed overdose prevention intervention delivered in community pharmacies for patients prescribed high-strength opioids for chronic non-cancer pain: An explorative intervention development study.","Mercer, Parkes, Foster, Steven, McAuley, Baldacchino, Steele, Schofield, Matheson",2023,HSHa1b5b21f
Predictors of Long-Term Opioid Use After Hospitalization for Traumatic Injury in a Racially and Ethnically Diverse Population: A 12-Month Prospective Observational Study.,"Heins, Seelam, Schell, Wong",2023,PMC10167926
Strategies to prevent long-term opioid use following trauma: a Canadian practice survey.,"Bérubé, Côté, Moore, Turgeon, Belzile, Richard-Denis, Dale, Berry, Choinière, Pagé, Guénette, Dupuis, Tremblay, Turcotte, Martel, Chatillon, Perreault, Lauzier",2023,PMC9513000
Personality dysfunction in opiate addicts on opioid substitution treatment and the risk of HCV infection.,"Skočibušić, Zivlak-Radulović, Hasanović, Awad, Karan-Križanac, Mehić-Basara, Rukavina",2022,PMC9507475
Characteristics and correlates of fentanyl preferences among people with opioid use disorder.,"Hochstatter, Terplan, Mitchell, Schwartz, Dusek, Wireman, Gryczynski",2022,PMC9616126
Impact of recurrent acute pancreatitis on the natural history and progression to chronic pancreatitis.,"Shah, Bocchino, Ahmed, Freedman, Kothari, Sheth",2022,HSHa1b5b21f
Opium Use and the Risk of Liver Cancer: A Case-Control Study.,"Marzban, Mohebbi, Haghdoost, Aryaie, Zahedi, Khazaei, Gholizade, Naghibzadeh-Tahami",2023,HSHa1b5b21f
Predicting at-risk opioid use three months after ed visit for trauma: Results from the AURORA study.,"Punches, Stolz, Freiermuth, Ancona, McLean, House, Beaudoin, An, Stevens, Zeng, Neylan, Clifford, Jovanovic, Linnstaedt, Germine, Bollen, Rauch, Haran, Storrow, Lewandowski, Musey, Hendry, Sheikh, Jones, Kurz, Gentile, McGrath, Hudak, Pascual, Seamon, Harris, Chang, Pearson, Peak, Merchant, Domeier, Rathlev, O'Neil, Sanchez, Bruce, Pietrzak, Joormann, Barch, Pizzagalli, Smoller, Luna, Harte, Elliott, Kessler, Ressler, Koenen, Lyons",2022,PMC9506640
Predictors of Treatment Completion in an Inpatient Substance Use Treatment Service in India.,"Ghosh, Sharma, Noble, Basu, Mattoo, Nanjayaya, Pillai, Kaur",NA,HSHa1b5b21f
"DNA Directed Pro-Dopamine Regulation Coupling Subluxation Repair, H-Wave® and Other Neurobiologically Based Modalities to Address Complexities of Chronic Pain in a Female Diagnosed with Reward Deficiency Syndrome (RDS): Emergence of Induction of ""Dopamine Homeostasis"" in the Face of the Opioid Crisis.","Bajaj, Blum, Bowirrat, Gupta, Baron, Fugel, Nicholson, Fitch, Downs, Bagchi, Dennen, Badgaiyan",2022,PMC9503998
Sex-Differences in Pain and Opioid Use Disorder Management: A Cross-Sectional Real-World Study.,"Escorial, Muriel, Margarit, Agulló, Morales, Peiró Peiró",2022,PMC9496267
Post-Combat-Injury Opioid Prescription and Alcohol Use Disorder in the Military.,"Alcover, Poltavskiy, Howard, Watrous, Janak, Walker, Stewart",2022,HSHa1b5b21f
Risk of Suicide in Patients With Major Depressive Disorder and Comorbid Chronic Pain Disorder: An Insight From National Inpatient Sample Data.,"Jolly, Vadukapuram, Trivedi, Mansuri, Adnan, Cohen, Vu",2022,HSHa1b5b21f
Cardiac surgery's long opioid dependency: time to recalibrate pain therapy?,"Rong, Shen, Bartels",2022,HSHa1b5b21f
What is the risk of returning to the emergency department within 30 days for patients diagnosed with substance-induced psychosis?,"Barbic, Whyte, Sidhu, Luongo, Stenstrom, Chakraborty, Scheuermeyer, Honer, Lane",2022,PMC8153500
Evaluation of the relationship between opioid addiction and metabolic syndrome and its components in the adult population from Rafsanjan city; a cohort study.,"Bagheri-Hosseinabadi, Khalili, Hakimi, Jalali, Abbasifard",2022,PMC3193715
"New, long-term opioid use after lung cancer surgery is associated with reduced 2-year survival: a retrospective population-based cohort study in South Korea.","Oh, Kim, Song",2022,HSHa1b5b21f
Long-term opioid use following bicycle trauma: a register-based cohort study.,"Zibung, von Oelreich, Eriksson, Buchli, Nordenvall, Oldner",2023,PMC9925469
Associations of Transactional Sex and Sexually Transmitted Infections Among Treatment-Seeking Individuals With Opioid Use Disorder.,"Ellis, Kasper, Takenaka, Buttram, Shacham",2023,HSHa1b5b21f
Sufentanil: a risk factor for lactic acidosis in patients after heart valve surgery.,"Zhan, Shi, Pan, Zheng, Ge, Luo, Xiao, Jiang",2022,PMC9461198
Impact of Opioid Epidemic on Infective Endocarditis Outcomes in the United States: From the National Readmission Database.,"Khayata, Hackney, Addoumieh, Aklkharabsheh, Mohanty, Collier, Klein, Grimm, Griffin, Xu",2022,HSHa1b5b21f
Trajectories and correlates of opioid prescription receipt among patients experiencing interpersonal violence.,"Williams, Alam, Ranapurwala",2022,PMC9462725
Opioid epidemic: lessons learned and updated recommendations for misuse involving prescription versus non-prescription opioids.,"Bedene, Dahan, Rosendaal, van Dorp",2022,HSHa1b5b21f
Factors associated with contraceptive use among postpartum women with substance use disorder.,"Shelton, Ramage, Hughes, Tak",2022,HSHa1b5b21f
Preventing Substance Abuse in Adolescents: A Review of High-Impact Strategies.,"Hsiung, Patel, Hundal, Baccouche, Tsao",2022,PMC9417217
Preoperative Patient-Reported Data Indicate the Risk of Prolonged Opioid Use After Hand and Upper Extremity Surgeries.,"Shipp, Sanghavi, Kolm, Zhang, Miller, Giladi",2022,PMC9637740
"Substance Use, Substance Use Disorders, and Co-Occurring Psychiatric Disorders in Recently Incarcerated Men: A Comparison with the General Population.","Fovet, Wathelet, Benbouriche, Benradia, Roelandt, Thomas, D'Hondt, Rolland",2022,HSHa1b5b21f
Prolonged use of newly prescribed gabapentin after surgery.,"Bongiovanni, Gan, Finlayson, Ross, Harrison, Boscardin, Steinman",2022,PMC9771946
Integration of Pharmacy Student Interns into a Naloxone Telephone Outreach Service.,"Rothbauer, Genisot, Frey, JohnsonPharmacy William S Middleton Memorial Veterans Hospital",2022,HSHa1b5b21f
Jail-based reentry programming to support continued treatment with medications for opioid use disorder: Qualitative perspectives and experiences among jail staff in Massachusetts.,"Matsumoto, Santelices, Evans, Pivovarova, Stopka, Ferguson, Friedmann",2022,PMC10206716
Are trauma surgical societies adequately addressing mental health after injury?,"Kishawi, Badrinathan, Thai, Benuska, Breslin, Hendrickson, Ho",2022,PMC9942601
Association of Individual and Community Factors With Hepatitis C Infections Among Pregnant People and Newborns.,"Patrick, Dupont, McNeer, McPheeters, Cooper, Aronoff, Osmundson, Stein",2021,PMC8727040
Opioid-Involved Overdose Vulnerability in Wyoming: Measuring Risk in a Rural Environment.,"Pustz, Shrestha, Newsky, Taylor, Fowler, Van Handel, Lingwall, Stopka",2022,PMC11315373
Severe Neonatal Opioid Withdrawal Requiring Pharmacotherapy: Impact of Region of Residence.,"Sankaran, Rawat, Kachelmeyer, Li, Reynolds, Rawat, Chandrasekharan",2024,PMC11967340
One-year results from the vaccination campaign against COVID-19 infection in 47 million individuals with severe mental disorders and other chronic diseases.,"Fond, Yon, Boyer",2023,PMC9377302
Is Patient Geography a Risk Factor for Chronic Opioid Use After ACDF?,"Levy, Karamian, Larwa, Henstenburg, Canseco, Haislup, Chang, Patel, Woods, Hilibrand, Kepler, Vaccaro, Schroeder",NA,HSHa1b5b21f
"Detoxification, 12-step meeting attendance, and non-fatal opioid overdoses among a suburban/exurban population with opioid use disorder.","Clingan, Woodruff, Gaines, Davidson",2023,PMC9918603
Stressful life events and prescription opioid use during pregnancy: findings from the 2019 pregnancy risk assessment monitoring system.,"Testa, Crawford, Jackson, Gemmill",2022,PMC4020039
"Lost and found, safe and sound: a case report surrounding the stabilization of a medically complex young adult patient with opioid use disorder through an acute wrapround care approach.","Jawed, Papakyrikos, Stewart, Villagran, Zwirlein, Zaim, Casella",2023,HSHa1b5b21f
Liposomal Bupivacaine Decreases Post-Operative Opioid Use after Anterior Cruciate Ligament Reconstruction: A Review of Level I Evidence.,"Vij, Newgaard, Norton, Tolson, Kaye, Viswanath, Urits",2022,PMC9353693
Trends in the Prevalence and Incidence of Opium Abuse and its Association with Coronary Artery Risk Factors in Adult Population in Iran: Findings from Kerman Coronary Artery Disease Risk Factors Study.,"Najafipour, Masoumi, Amirzadeh, Rostamzadeh, Foad, Shadkam Farrokhi",2022,PMC9339109
"Methadone Dose, Cannabis Use, and Treatment Retention: Findings From a Community-based Sample of People Who Use Unregulated Drugs.","Lake, Buxton, Walsh, Cooper, Socías, Fairbairn, Hayashi, Milloy",NA,PMC9889569
"Healthcare utilization for somatic conditions among Swedish patients in opioid substitution treatment, with and without on-site primary healthcare.","Vikbladh, Troberg, Håkansson, Dahlman",2022,PMC9338550
Physical intimate partner violence prevalence and associations among a nationally-representative sample of young men.,Singh,2022,PMC10549010
An Observational Study on the Use of a Patient Navigator to Help Improve Outcomes in Patients on Chronic Opioids.,"Soin, Barrall, Chen, Patel, Pollack, Wangombe",2022,HSHa1b5b21f
"Prescription Patterns, Associated Factors, and Outcomes of Opioids for Operative Foot and Ankle Fractures: A Systematic Review.","Badin, Ortiz-Babilonia, Gupta, Leland, Musharbash, Parrish, Aiyer",2022,PMC10476710
Individualized Prospective Prediction of Opioid Use Disorder.,"Liu, Kiyang, Hayward, Zhang, Metes, Wang, Svenson, Talarico, Chue, Li, Greiner, Greenshaw, Cao",2023,PMC9720482
"Pediatric Medical Traumatic Stress in Inflammatory Bowel Disease, Pancreatitis, and Cystic Fibrosis.","Cuneo, Abu-El-Haija, Marsac, Verstraete, Heyman, Ly, Perito",2022,HSHa1b5b21f
Getting to the heart of the opioid crisis: Infective endocarditis.,"Daher, Bohensky",2022,HSHa1b5b21f
Cultural dimensions of individualism and collectivism and risk of opioid misuse: A test of Social Cognitive Theory.,"Kim, Park, Mathai, Daheim, France, Delgado",2022,PMC9796527
Barriers to and facilitators of opioid prescribing by dentists in the United States: A qualitative study.,"Yan, Ramanathan, Suda, Khouja, Rowan, Evans, Lee, Calip, Gellad, Sharp",2022,PMC10644785
Risk of non-medical drug overdose following prescription of opioids post-injury: A retrospective cohort study.,"Zheng, Bharmal, Rajabali, Turcotte, Thomas, Garis, Pike",2022,HSHa1b5b21f
Misuse of Prescription Opioids and Suicidal Behaviors Among Black Adolescents: Findings from the 2017 and 2019 Youth Risk Behavior Survey.,"Baiden, Eugene, Nicholas, Spoor, Brown, LaBrenz",2023,PMC12042902
"Opioid agonist treatment and risk of death or rehospitalization following injection drug use-associated bacterial and fungal infections: A cohort study in New South Wales, Australia.","Brothers, Lewer, Jones, Colledge-Frisby, Farrell, Hickman, Webster, Hayward, Degenhardt",2022,PMC9295981
"Oral Morphine as an Alternative Substitution Treatment for Opioid Use Disorder, a Rare but Non-risk-free Use.","Bertin, Bezin, Chenaf, Delorme, Kerckhove, Pariente, Tournier, Authier",2022,PMC9282723
"Distinguishing clinical factors associated with unintentional overdose, suicidal ideation, and attempted suicide among opioid use disorder in-patients.","Stover, Rockett, Smith, LeMasters, Scott, Kelly, Winstanley",2022,HSHa1b5b21f
"Opioid Dependence and Overdose After Surgery: Rate, Risk Factors, and Reasons.","Wylie, Kong, Barth",2022,HSHa1b5b21f
The effect of stress on opioid addiction-related behaviors: A review of preclinical literature.,"Kamens, Flarend, Wickenheisser, Horton, Cavigelli",2023,PMC10117442
Variation in Clinical Characteristics and Longitudinal Outcomes in Individuals with Opioid Use Disorder Diagnosis Codes.,"Powell, Macleod, Sussman, Lin, Bohnert, Lagisetty",2023,PMC9971398
Prolonged oxycodone use and potential risk factors in postoperative patients: a case control study.,"Aalouch, Duisenberg-van Essenberg, van Eijs, Spoor, Maat, van den Bemt",2022,PMC4770350
Substance Use Disorders Are Independently Associated with Hospital Readmission Among Patients with Brain Tumors.,"Jimenez, Cicalese, Chakravarti, Porras, Azad, Jackson, Gallia, Bettegowda, Weingart, Mukherjee",2022,HSHa1b5b21f
Prevalence of dyslipidemia and its association with opium consumption in the Rafsanjan cohort study.,"Jamali, Noroozi Karimabad, Khalili, Sadeghi, Sayadi, Mohammadakbari Rostamabadi, La Vecchia, Esmaeili-Nadimi",2022,PMC9262952
Factors Associated With Prescription Opioid Abuse and Dependence Among Those Reporting Prescription Opioid Misuse: A Retrospective Cross-Sectional Study.,"Thomas, Fields, Kaye, Urman",2022,HSHa1b5b21f
U.S. Military veterans and the opioid overdose crisis: a review of risk factors and prevention efforts.,"Bennett, Guarino, Britton, O'Brien-Mazza, Cook, Taveras, Cortez, Elliott",2022,PMC9262363
"Prevalence of and Risk Factors for Prescription Opioid Misuse, Abuse, Diversion and Doctor Shopping in Japan: A Survey Study.","Takasusuki, Hayashi, Koretaka, Yamaguchi",2022,PMC9314531
A qualitative assessment of perceptions and attitudes toward postoperative pain and opioid use in patients undergoing elective knee arthroscopy.,"Anand, Roche, Wright, Tjong, Rana, Abouali",2022,PMC9337868
Factors associated with self-reported avoidance of harm reduction services during the COVID-19 pandemic by people who use drugs in five cities in the United States and Canada.,"Feder, Choi, Schluth, Hayashi, DeBeck, Milloy, Kirk, Mehta, Kipke, Moore, Baum, Shoptaw, Gorbach, Mustanski, Javanbakht, Siminski, Genberg",2022,PMC9225925
Epidemiology of persistent postoperative opioid use after cardiac surgery: a systematic review and meta-analysis.,"Liu, Karamesinis, Plummer, Segal, Bellomo, Smith, Perry",2022,HSHa1b5b21f
"Multisite learning of high-dimensional heterogeneous data with applications to opioid use disorder study of 15,000 patients across 5 clinical sites.","Liu, Duan, Luo, Ogdie, Moore, Kranzler, Bian, Chen",2022,PMC9245877
Unique prediction of developmental psychopathology from genetic and familial risk.,"Loughnan, Palmer, Makowski, Thompson, Barch, Jernigan, Dale, Fan",2022,PMC9691563
Factors associated with persistent opioid use 6-12 months after primary total knee arthroplasty.,"Kluger, Rice, Borotkanics, Lewis, Somogyi, Barratt, Walker, McNair",2022,HSHa1b5b21f
"Factors associated with patient perceived suboptimal dosing of in-hospital opioid agonist therapy among people who use illicit drugs in Vancouver, Canada.","El-Akkad, Nolan, Hayashi, Dong, Milloy, Debeck, Ti",2023,PMC9768102
Novel Association between Opioid Use and Increased Risk of Retinal Vein Occlusion Using the National Institutes of Health All of Us Research Program.,"McDermott, Lee, Chan, Ye, Shahrvini, Saseendrakumar, Ferreyra, Nudleman, Baxter",2022,PMC9205363
Opioid Exposure and the Risk of Dementia: A National Cohort Study.,"Levine, Rotstein, Goldberg, Reichenberg, Kodesh",2023,HSHa1b5b21f
Infective Endocarditis in Pregnancy: A Contemporary Cohort.,"Countouris, Marino, Raymond, Hauspurg, Berlacher",2024,PMC9943787
Patient Factors Associated with High Opioid Consumption after Common Surgical Procedures Following State-Mandated Opioid Prescription Regulations.,"Sacklow, Malhotra, Jones, Callas, Fujii, Colovos",2022,HSHa1b5b21f
Pain Catastrophizing Predicts Opioid and Health-Care Utilization After Orthopaedic Surgery: A Secondary Analysis of Trial Participants with Spine and Lower-Extremity Disorders.,"Rhon, Greenlee, Carreño, Patzkowski, Highland",2022,HSHa1b5b21f
Fentanyl induces autism-like behaviours in mice by hypermethylation of the glutamate receptor gene Grin2b.,"Sheng, Liu, Cheng, Li, Barash, Kofke, Shen, Xie",2022,HSHa1b5b21f
Incidence and patterns of persistent opioid use in children following appendectomy.,"Cina, Ward, Basco, Taber, Gebregziabher, McCauley, Lockett, Moran, Mauldin, Ball",2022,HSHa1b5b21f
Motivation to Carry Naloxone: A Qualitative Analysis of Emergency Department Patients.,"Spadaro, Agarwal, Sangha, Perrone, Delgado, Lowenstein",2023,PMC9949384
Opium Use and Cancer Risk: A Comprehensive Systematic Review and Meta-Analysis of Observational Studies.,"Mansouri, Naghshi, Parsaeian, G Sepanlou, Poustchi, Momayez Sanat, Sadeghi, Pourshams",2022,PMC9159125
The Role of Informatics in Implementing Guidelines for Chronic Opioid Therapy Risk Assessment in Primary Care: A Narrative Review Informed by the Socio-Technical Model.,"Mishra, Pickett, Weiskopf",2022,PMC10128894
Impact of continuous infusions of opioids on discharge opioid prescriptions.,"Morocco, DeWitt, Harding, Geiger, Ayres",2022,HSHa1b5b21f
Long-term opioid use in patients treated with head and neck intensity-modulated radiotherapy.,"Zhao, Moon, Avkshtol, Siropaides, Terauchi, Day, Sumer, Hughes, Sher",2022,PMC4122213
A Proof-of-Concept Ecological Momentary Assessment Study of Day-Level Dynamics in Value-Based Decision-Making in Opioid Addiction.,"Alvarez, Hafezi, Bonagura, Kleiman, Konova",2022,PMC9156899
Identifying key risk factors for premature discontinuation of opioid use disorder treatment in the United States: A predictive modeling study.,"Stafford, Marrero, Naumann, Lich, Wakeman, Jalali",2022,HSHa1b5b21f
The Association of Opium Abuse with Mortality Amongst Hospitalized COVID-19 Patients in Iranian Population.,"Mirahmadizadeh, Heiran, Dadvar, Moradian, Sharifi, Sahebi",2022,PMC9161650
Gender differences among persons entering medication treatment for opioid use disorder in the community.,"Di Paola, Taweh, Biondi, Forray, Frank, Shaw, Springer",2022,PMC9463117
Poor Sleep Quality and Other Risk Factors for Unemployment Among Patients on Opioid Agonist Treatment.,"Huffman, Cloeren, Ware, Frey, Greenblatt, Mosby, Oliver, Imboden, Bazell, Clement, Diaz-Abad",2022,PMC9130817
A rural community's perspective on the causes of and solutions to the opioid crisis in southern Virginia: a qualitative study.,"Hargrove, Rafie, Zimmerman, Moser",2022,PMC9310544
Risk of Death at 1 Year Following Postpartum Opioid Exposure.,"Horn, Adgent, Osmundson, Wiese, Phillips, Patrick, Griffin, Grijalva",2024,PMC9708936
Buprenorphine precipitated opioid withdrawal: Prevention and management in the ED setting.,"Spadaro, Long, Koyfman, Perrone",2022,HSHa1b5b21f
Patient perspectives on depot buprenorphine treatment for opioid addiction - a qualitative interview study.,"Johnson, Flensburg, Capusan",2022,PMC9131643
"Low awareness of risk mitigation prescribing in response to dual crises of COVID-19 and overdose deaths among people who use unregulated drugs in Vancouver, Canada.","Moshkforoush, DeBeck, Brar, Fairbairn, Cui, Milloy, Buxton, Oldenburger, McLellan, Kendall, Sedgemore, Wilson, Kerr, Hayashi",2022,PMC9131310
Opioid prescribing patterns in a commercially insured population.,"Sera, Lipphardt, Poling, McGovern, Cooke",2022,HSHa1b5b21f
Prevalence of Opioid Misuse Risk in Patients With Cancer.,"Dannenberg, Bruce, Barr, Broglio",2022,HSHa1b5b21f
Association between long-term opioid use and cancer risk in patients with chronic pain: a propensity score-matched cohort study.,"Sun, Lin, Chang, Wu, Zhang",2022,HSHa1b5b21f
The Lived Experience of Military Women With Chronic Pain: A Phenomenological Study.,"Peppard, Burkard, Georges, Dye",2023,PMC9384100
Sleep disturbances and sleep disorders as risk factors for chronic postsurgical pain: A systematic review and meta-analysis.,"Varallo, Giusti, Manna, Castelnuovo, Pizza, Franceschini, Plazzi",2022,HSHa1b5b21f
Predicting the Onset of Opioid Use Disorder in the Swedish General Population.,"Kendler, Lönn, Sundquist, Sundquist",2022,PMC9134993
Analysis of global prevalence of mental and substance use disorders within countries: focus on sociodemographic characteristics and income levels.,"Castaldelli-Maia, Bhugra",2022,HSHa1b5b21f
Associations of Smoking With Delirium and Opioid Use in Older Adults With Traumatic Hip Fracture.,"Salottolo, Meinig, Fine, Kelly, Madayag, Ekengren, Tanner, Bar-Or",2022,PMC10566843
"Association of Urban-Rural Residence and Concurrent HIV Infection and Opioid Use Disorder Among Medicare Beneficiaries-United States, 2020.","Chang, Moonesinghe, Truman",2022,HSHa1b5b21f
Patient and medication-related factors associated with opioid use disorder after inpatient opioid administration.,"Swart, Newman, Huang, Howell, Han, Good, Peasah, Parekh",2022,HSHa1b5b21f
Sex differences in the association of adverse childhood experiences on past 30-day opioid misuse among Florida justice-involved children.,"Zaidi, Johnson, Akbari, Vroom, Bristol",2022,PMC9668074
Factors associated with risk of death by suicide after psychiatric hospitalization by the Unified Health System in Brazil (2002-2015).,"Guimarães, Cherchiglia, da Rocha, Braga, Melo",2022,HSHa1b5b21f
"Vitamin B12 Levels, Substance Use Patterns and Clinical Characteristics among People with Severe Substance Use Disorders: A Cohort Study from Western Norway.","Madebo, Bemanian, Vold, Chowdhury, Aas, Druckrey-Fiskaaen, Johansson, Fadnes",2022,PMC9105230
Patterns of opioid use in commercially insured patients with cancer.,"Le, Fleming, Simoni-Wastila",2022,HSHa1b5b21f
Interventions to Reduce Opioid Use in Youth At-Risk and in Treatment for Substance Use Disorders: A Scoping Review.,"Nairn, Audet, Stewart, Hawke, Isaacs, Henderson, Saah, Knight, Fast, Khan, Lam, Conrod",2022,PMC9659799
New persistent opioid use after bariatric surgery: a systematic review and pooled proportion meta-analysis.,"Nasser, Verhoeff, Mocanu, Kung, Purich, Switzer, Birch, Karmali",2023,HSHa1b5b21f
Management of Postoperative Pain in Patients Following Spine Surgery: A Narrative Review.,"Prabhakar, Chadwick, Nwaneshiudu, Aggarwal, Salmasi, Lii, Hah",2022,PMC9075013
Trends in potentially inappropriate opioid prescribing and associated risk factors among Korean noncancer patients prescribed non-injectable opioid analgesics.,"Noh, Heo, Yu, Lee, Ah",2022,PMC9058459
An Atlas of Genetic Correlations and Genetically Informed Associations Linking Psychiatric and Immune-Related Phenotypes.,"Tylee, Lee, Wendt, Pathak, Levey, De Angelis, Gelernter, Polimanti",2022,PMC9069342
Longitudinal trajectories of prescription opioid misuse in adolescents.,"Kelley-Quon, Cho, Barrington-Trimis, Kipke, Clapp, Krueger, Leventhal",2022,PMC10027390
"""The idea is to help people achieve greater success and liberty"": A qualitative study of expanded methadone take-home access in opioid use disorder treatment.","Suen, Castellanos, Joshi, Satterwhite, Knight",2022,PMC9710250
Impact of reduced restrictions on buprenorphine prescribing during COVID-19 among patients in a community-based treatment program.,"Ward, Scheim, Wang, Cocchiaro, Singley, Roth",2022,PMC9040407
Common and distinguishing genetic factors for substance use behavior and disorder: an integrated analysis of genomic and transcriptomic studies from both human and animal studies.,"Chang, Sun, Muhai, Li, Chen, Lu, Chang, Shi",2022,HSHa1b5b21f
Risk Factors Associated with Perinatal Relapse to Opioid Use Disorder.,"Nawaz, Hester, Oji-Mmuo, Gomez, Allen",2022,HSHa1b5b21f
Pilot survey of prescription opioid use patterns and engagement with harm-reduction strategies in emergency department patients.,"Fox, Shastry, Harper-Brooks, Ramdin, Manini",2021,PMC9031431
"Pain, opioid use, depressive symptoms, and mortality in adults living in precarious housing or homelessness: a longitudinal prospective study.","Jones, Cho, Kim, Barbic, Leonova, Byford, Buchanan, Vila-Rodriguez, Procyshyn, Lang, Vertinsky, MacEwan, Rauscher, Panenka, Thornton, Barr, Field, Honer",2022,HSHa1b5b21f
Young adult opioid misuse indicates a general tendency toward substance use and is strongly predicted by general substance use risk.,"Pandika, Bailey, Oesterle, Kuklinski",2022,PMC10967660
Evaluation of an Opioid Overdose Composite Risk Score Cutoff in Active Duty Military Service Members.,"Dunham, Highland, Costantino, Cliff Rutter, Rittel, Kazanis, Palmrose",2022,HSHa1b5b21f
Sociodemographic differences in quality of treatment to Medicaid enrollees receiving buprenorphine.,"Landis, Levin, Saloner, Gordon, Dick, Sherry, Leslie, Sorbero, Stein",2022,PMC9945372
Associations of employment status with opioid misuse: Evidence from a nationally representative survey in the U.S.,"Matthews, Sembajwe, von Känel, Li",2022,HSHa1b5b21f
Factors associated with readmission to alcohol and opioid detoxification in the Alaska Interior.,"Running Bear, Hanson, Noonan, Muller, Trojan, Manson",2022,PMC9463080
"County social isolation and opioid use disorder among older adults: A longitudinal analysis of Medicare data, 2013-2018.","Yang, Shoff, Kim, Shaw",2022,PMC10211474
"Initiation of opioid agonist treatment and subsequent substance use and other patterns among adolescents and young adults in Vancouver, Canada.","Pilarinos, Fast, Nosova, Kwa, Joe, Buxton, DeBeck",2022,PMC9872979
"""Just give them a choice"": Patients' perspectives on starting medications for opioid use disorder in the ED.","Schoenfeld, Westafer, Beck, Potee, Vysetty, Simon, Tozloski, Girardin, Soares",2022,PMC9378535
Adapting the Current Opioid Misuse Measure (COMM) for people with chronic pain and disability due to arthritis: The development of the COMM 11-PWDA.,"Mallery Lankford, Paez, Yang, Lin",2022,HSHa1b5b21f
Comprehensive Analysis of Opioid Use After Common Elective Outpatient Orthopaedic Surgeries.,"Okoli, Rondon, Townsend, Sherman, Ilyas",2022,PMC10566975
Patient characteristics and outcomes among bariatric surgery patients with high narcotic overdose scores.,"Yang, Bonham, Carlin, Finks, Ghaferi, Varban",2022,PMC4590160
Incarceration exposure and prescription opioid use during pregnancy.,"Testa, Fahmy, Jackson",2022,HSHa1b5b21f
Opioid Use After Simple Arthroscopic Knee Surgery.,"Scarcella, Farrow, Jones, Rosneck, Briskin, Spindler",2022,HSHa1b5b21f
Sexual Abuse as a Risk Factor for Opioid Misuse in Pregnancy.,"Kors, Kurdziel-Adams, Towers, Fortner, Macfie",2022,HSHa1b5b21f
Positive associations between cannabis and alcohol use polygenic risk scores and phenotypic opioid misuse among African-Americans.,"Rabinowitz, Jin, Kuo, Campos, Rentería, Huhn, Thrul, Reboussin, Benke, Domingue, Ialongo, Maher, Kertes, Troiani, Uhl",2022,PMC8993003
Incidence and risk factors of chronic opioid use after sleep apnea surgery.,"Abdelwahab, Marques, Howard, Huang, Lechner, Olds, Capasso",2022,PMC9243273
Sexual Dysfunctions in Patients Receiving Opioid Agonist Treatment and Heroin-Assisted Treatment Compared to Patients in Private Practice-Identifying Group Differences and Predictors.,"Meyer, Brunner, Geissmann, Gürtler, Schwager, Waldis, Vogel, Wiesbeck, Dürsteler",2022,PMC8980546
Postdischarge opioid use and persistent use after general surgery: A retrospective study.,"Beyene, Chan, Aquite, Kumar, Moore, Park, Ruohonen, Gong",2022,HSHa1b5b21f
Women's Motivators to Engage in Opioid Use Disorder Treatment While Enrolled in an Opioid Intervention Court.,"Bleasdale, Morse, Cerulli, Hordes, Wilson, Gabriel, Przybyla",2022,PMC9215118
"Editorial Commentary: Multimodal, Opioid-Free Pain Management After Rotator Cuff Repair May Be Safe and Effective, and Decreases the Risk of Drug Abuse.","Akelman, Kim, Waterman",2022,HSHa1b5b21f
Understanding the role of urban social and physical environment in opioid overdose events using found geospatial data.,"Li, Miller, Root, Hyder, Liu",2022,HSHa1b5b21f
Burden of opioid use for pain management among adult herpes zoster patients in the US and the potential impact of vaccination.,"Poirrier, DeMartino, Nagar, Carrico, Hicks, Meyers, Stoddard",2022,PMC9225310
Global Brain Functional Network Connectivity in Infants With Prenatal Opioid Exposure.,"Radhakrishnan, Vishnubhotla, Zhao, Yan, He, Steinhardt, Haas, Sokol, Sadhasivam",2022,PMC8964084
"Characteristics of and Experience Among People Who Use Take-Home Naloxone in Skåne County, Sweden.","Troberg, Isendahl, Blomé, Dahlman, Håkansson",2022,PMC8960176
Trajectories of prescription opioid and heroin use in adulthood.,"Veliz, Schulenberg, McCabe, McCabe",2022,PMC10860387
Predictive Factors for Postoperative Opioid Use in Elective Endoscopic Endonasal Skull Base Surgery.,"Potter, Soni, Krywyj, Petitt, Jarmula, Obiri-Yeboah, Oyem, Momin, Easley, Sindwani, Woodard, Recinos, Kshettry",2023,HSHa1b5b21f
"Legislatively mandated implementation of medications for opioid use disorders in jails: A qualitative study of clinical, correctional, and jail administrator perspectives.","Pivovarova, Evans, Stopka, Santelices, Ferguson, Friedmann",2022,PMC9169252
Predictors of Five-year Readmission to an Inpatient Service among Patients with Opioid Use Disorders.,"Ghosh, Sharma, Noble, Basu, Mattoo, Bhagyalakshmi Nanjayya, Pillai",2023,HSHa1b5b21f
Understanding opioid use within a Southwestern American Indian Reservation Community: A qualitative study.,"Waugh, Ivanich, O'Keefe, Usher, Haroz, Goklish, Kastler, Nestadt, Cwik",2023,PMC9515233
How do people who use drugs receiving Opioid Medication Therapy perceive their treatment ? A multicentre study.,"Guillou Landreat, Dany, Challet Bouju, Laforgue, Cholet, Leboucher, Hardouin, Victorri Vigneau, Grall Bronnec",2022,PMC8961988
A Predictive Model for Developing Long Term Opioid Use After Neurosurgery and Orthopedic Surgery.,"Bemel, Stalter, Mathiason, Banik, Pruinelli",2022,HSHa1b5b21f
Substance use and misuse patterns and disability status in the 2020 US National Alcohol Survey: A contributing role for chronic pain.,"Reif, Karriker-Jaffe, Valentine, Patterson, Mericle, Adams, Greenfield",2022,PMC9232957
Perspectives of adults with disabilities and opioid misuse: Qualitative findings illuminating experiences with stigma and substance use treatment.,"Ledingham, Adams, Heaphy, Duarte, Reif",2022,HSHa1b5b21f
"""You have to take this medication, but then you get punished for taking it:"" lack of agency, choice, and fear of medications to treat opioid use disorder across the perinatal period.","Schiff, Work, Muftu, Partridge, MacMillan, Gray, Hoeppner, Kelly, Greenfield, Jones, Wilens, Terplan, Bernstein",2022,PMC9187596
Development and validation of a risk-score model for opioid overdose using a national claims database.,"Heo, Lee, Ah",2022,PMC8943129
Effectiveness of gabapentin in reducing opioid requirements after radiation in head and neck cancer in a single institution.,"Gilley, Clark, Wieser, Bollig, Dooley, Biedermann",2022,HSHa1b5b21f
Undetected Respiratory Depression in People with Opioid Use Disorder.,"Tas, Kalk, Lozano-García, Rafferty, Cho, Kelleher, Moxham, Strang, Jolley",2022,HSHa1b5b21f
Surgery Prescription Opioid Misuse and Diversion in US Adults and Associated Risk Factors.,"Porter, Sacks, Ramkumar, Barth",2022,HSHa1b5b21f
"Lower Extremity Osteoarthritis: A Risk Factor for Mental Health Disorders, Prolonged Opioid Use, and Increased Resource Utilization After Single-Level Lumbar Spinal Fusion.","Turcotte, King, Patton",2022,PMC8932478
Convergence of case-specific epigenetic alterations identify a confluence of genetic vulnerabilities tied to opioid overdose.,"Corradin, Sallari, Hoang, Kassim, Ben Hutta, Cuoto, Quach, Lovrenert, Hays, Gryder, Iskhakova, Cates, Song, Bartels, Hancock, Mash, Johnson, Akbarian, Scacheri",2022,PMC9133127
Effect of Perioperative Opioid Use on Patients Undergoing Hip Arthroscopy.,"Rogers, LaBelle, Kim, Adeyemi, Sciarretta, Bokat, Maak",2022,PMC8905069
Depression and Opioid Misuse in Elderly Individuals With Chronic Pain: A Latent Class Analysis.,"Yan, Chang, Zhang, Li, Li",2022,HSHa1b5b21f
Substance and Behavioral Addictions among American Indian and Alaska Native Populations.,"Soto, West, Ramos, Unger",2022,PMC8910676
Ophthalmic outcomes in children exposed to opioid maintenance treatment in utero: A systematic review and meta-analysis.,"Hemmati, Conti, Baldacchino",2022,HSHa1b5b21f
Nonfatal opioid overdoses before and after Covid-19: Regional variation in rates of change.,"Burgess-Hull, Smith, Panlilio, Schriefer, Preston, Alter, Yeager, Chizmar, Delbridge, Zamore, Beeson, Epstein",2022,PMC8906602
Predictors of new persistent opioid use after benign hysterectomy in the United States.,"AlAshqar, Ishiwata, Moss, Andersen, Yanek, Bicket, Alexander, Borahay",2022,PMC9253094
Opium use and risk of bladder cancer: a multi-centre case-referent study in Iran.,"Hadji, Rashidian, Marzban, Naghibzadeh-Tahami, Gholipour, Mohebbi, Safari-Faramani, Seyyedsalehi, Hosseini, Bakhshi, Alizadeh-Navaei, Ahmadi, Rezaianzadeh, Moradi, Ansari-Moghaddam, Nejatizadeh, ShahidSales, Zohrabi, Mohammadi, Nowroozi, Poustchi, Nasrollahzadeh, Najafi, Haghdoost, Rahimi-Movaghar, Etemadi, Mohagheghi, Malekzadeh, Brennan, Schüz, Boffetta, Weiderpass, Kamangar, Zendehdel, Pukkala",2022,PMC9189939
Developing a cascade of care for opioid use disorder among individuals in jail.,"Ray, Victor, Cason, Hamameh, Kubiak, Zettner, Dunnigan, Comartin, Costello",2022,HSHa1b5b21f
Risk factors associated with recent opioid-related hospitalizations in children: a nationwide analysis.,"Ferrantella, Huerta, Quinn, Mavarez, Quiroz, Thorson, Perez, Sola",2022,PMC7245935
"Early pain, stress, and opioid use following traumatic injury.","Kessler, Webber, Suchting, Green, Harvin, Heads, Kapoor, Yoon, Lane, Schmitz, Stotts",2022,HSHa1b5b21f
Profiles of Patients with Opioid Use Disorders Presenting a History of Suicidal Ideations and Attempts.,"Archambault, Jutras-Aswad, Touré, Artunduaga, Roy, Barbeau, Perreault",2022,PMC2774904
Patterns and Trends in Receipt of Opioids Among Patients Receiving Treatment for Cancer in a Large Health System.,"Sabik, Eom, Sun, Merlin, Bulls, Moyo, Pruskowski, van Londen, Rosenzweig, Schenker",2022,PMC10463265
"Minimally invasive, benign foregut surgery is not associated with long-term, persistent opioid use postoperatively: an analysis of the IBM® MarketScan® database.","Haskins, Duchesneau, Agala, Lumpkin, Strassle, Farrell",2022,PMC9733437
Identifying individual and environmental predictors of opioid and psychostimulant use among adolescents and young adults following outpatient treatment.,"Davis, Rao, Dilkina, Prindle, Eddie, Christie, DiGuiseppi, Saba, Ring, Dennis",2022,PMC12954515
Machine Learning for Predicting Risk of Early Dropout in a Recovery Program for Opioid Use Disorder.,"Gottlieb, Yatsco, Bakos-Block, Langabeer, Champagne-Langabeer",2022,PMC8871589
Association Between Perioperative Medication Use and Postoperative Delirium and Cognition in Older Adults Undergoing Elective Noncardiac Surgery.,"Duprey, Devlin, Griffith, Travison, Briesacher, Jones, Saczynski, Schmitt, Gou, Marcantonio, Inouye",2022,PMC9124692
Kratom Abuse Potential 2021: An Updated Eight Factor Analysis.,"Henningfield, Wang, Huestis",2021,PMC8860177
"Doctor shopping among chronic noncancer pain patients treated with opioids in the province of Quebec (Canada): incidence, risk factors, and association with the occurrence of opioid overdoses.","Kaboré, Pagé, Dassieu, Tremblay, Benigeri, Roy, Lacasse, Choinière",2021,PMC8853613
Opioid Use After Nephrectomy for Kidney Cancer in Ontario: A Population-Based Study.,"Cheung, Martin, Jivraj, Clarke, Gomes, Wijeysundera, Diong, Nayan, Saarela, Alibhai, Komisarenko, Fleshner, Kulkarni, Finelli",2022,HSHa1b5b21f
Using phenotype risk scores to enhance gene discovery for generalized anxiety disorder and posttraumatic stress disorder.,"Wendt, Pathak, Deak, De Angelis, Koller, Cabrera-Mendoza, Lebovitch, Levey, Stein, Kranzler, Koenen, Gelernter, Huckins, Polimanti",2022,PMC9133008
High cardiovascular risk in older patients with opioid use disorder: Differences with the general population.,"Vallecillo, Pedro-Botet, Fernandez, Román, Elosua, Camps, Torrens, Marrugat",2022,HSHa1b5b21f
Mu opioid receptor gene variant modulates subjective response to smoked cannabis.,"Bourgault, Matheson, Mann, Brands, Wickens, Tiwari, Zai, Kennedy, Le Foll",2022,PMC8829626
Opioids for acute pain management in children.,"Rosen, Alcock, Palmer",2022,HSHa1b5b21f
Disparities by Sex in COVID-19 Risk and Related Harms Among People with Opioid Use Disorder.,"Martin, Thakkar, Taylor, Chapman",2022,PMC9133966
A systematic review of assessment approaches to predict opioid misuse in people with cancer.,"Keall, Keall, Kiani, Luckett, McNeill, Lovell",2022,PMC9135805
Pain and Prescription Opioid Use Among US Construction Workers: Findings From the 2011‒2018 Medical Expenditure Panel Survey.,"Dong, Brooks, Rodman, Rinehart, Brown",2022,PMC8842216
Does Opium Consumption Have Shared Impact on Atherosclerotic Cardiovascular Disease and Cancer?,"Masoudkabir, Malekzadeh, Yavari, Zendehdel, Mani, Vasheghani-Farahani, Ignaszewski, Toma, Roayaei, Turk-Adawi, Sarrafzadegan",2022,HSHa1b5b21f
Community coalition and key stakeholder perceptions of the community opioid epidemic before an intensive community-level intervention.,"Drainoni, Knudsen, Adams, Andrews-Higgins, Auritt, Back, Barkowski, Batty, Behrooz, Bell, Chen, Christopher, Coovert, Crable, Dasgupta, Goetz, Goddard-Eckrich, Hartman, Heffer, Iftikhar, Jones, Lang, Lunze, Martin, McCrimmon, Reedy-Johnson, Roeber, Scalise, Sieck, Walker, Walt, Wood, Zito, McAlearney",2022,PMC9167242
Risk factors for preterm birth among gravid individuals receiving buprenorphine for opioid use disorder.,"Abdelwahab, Petrich, Wang, Walker, Cleary, Rood",2022,HSHa1b5b21f
Association Between Benzodiazepine and Opioid Prescription and Mortality Among Patients in a Large Healthcare System.,"Mooney, Zhu, Yoo, Wolitzky-Taylor, Hser",NA,PMC8817063
"Characterizing stimulant overdose: A qualitative study on perceptions and experiences of ""overamping"".","Mansoor, McNeil, Fleming, Barker, Vakharia, Sue, Ivsins",2022,PMC9381030
"Risk of self-harm or suicide associated with specific drug use disorders, 2004-2016: a population-based cohort study.","Chai, Luo, Wei, Chan, Man, Yip, Wong, Chan",2022,HSHa1b5b21f
Impact of in utero opioid exposure on newborn outcomes: beyond neonatal opioid withdrawal syndrome.,"Bailey, Shah, Boynewicz, Justice, Wood",2022,HSHa1b5b21f
Patient risk factors for opioid-related adverse drug events in hospitalized patients: A systematic review.,"Yiu, Vitharana, Gnjidic, Patanwala, Fong, Rimington, Begley, Bugeja, Penm",2022,HSHa1b5b21f
Screening in Trauma for Opioid Misuse Prevention (STOMP): Results from a prospective cohort of victims of traumatic injury.,"Brown, Deyo, Nicholas, Baltes, Hetzel, Tilhou, Quanbeck, Glass, O'Rourke, Agarwal",2022,HSHa1b5b21f
The impact of CARA mandates on nurse practitioner controlled substance prescribing in Oregon: a cohort study.,"Klein, Hartung, Markwardt",2022,PMC8805433
Characterizations of Opioid Prescribing in Community Health Centers in 2018.,"Huguet, Hodes, Bailey, Marino, Hartung, Voss, O'Malley, Chamine, Muench",2022,PMC8808028
Perceptions and experiences toward extended-release buprenorphine among persons leaving jail with opioid use disorders before and during COVID-19: an in-depth qualitative study.,"Cheng, Badolato, Segoshi, McDonald, Malone, Vasudevan, Badiei, Sugarman, Macdonald, Mangat, Giftos, Lee, Tofighi",2022,PMC8800291
Factors Associated With Opioid Overdose After an Initial Opioid Prescription.,"Weiner, El Ibrahimi, Hendricks, Hallvik, Hildebran, Fischer, Weiss, Boyer, Kreiner, Wright, Flores, Ritter",2022,PMC8800077
"Joint effects of back pain and mental health conditions on healthcare utilization and costs in Ontario, Canada: a population-based cohort study.","Wong, Côté, Tricco, Watson, Rosella",2022,HSHa1b5b21f
"Opium Use and the Risk of Cataract: a Hospital-based, Group-matched, Case-control Study in Iran.","Mehmandoost, Sharifi, Tohidinik, Shafa, Hayati, Sharifi, McFarland, Sharifi",2023,HSHa1b5b21f
Long-term Outcomes of Persistent Postoperative Opioid Use: A Retrospective Cohort Study.,"Aalberg, Kimball, McIntire, McCullen",2025,HSHa1b5b21f
Prevalence and risk factors for opioid related mortality among probation clients in an American city.,"Boulger, Hinami, Lyons, Nowinski Konchak",2022,PMC9394548
Heightened autonomic reactivity to negative affective stimuli among active duty soldiers with PTSD and opioid-treated chronic pain.,"Bedford, Nakamura, Marchand, Garland",2022,PMC8928316
"Significant factors associated with problematic use of opioid pain relief medications among the household population, Canada, 2018.","Carrière, Garner, Sanmartin",2021,HSHa1b5b21f
Opioid overdose survivors: Medications for opioid use disorder and risk of repeat overdose in Medicaid patients.,"Crystal, Nowels, Samples, Olfson, Williams, Treitler",2022,PMC8943804
"Risk factors for COVID-19 among persons with substance use disorder (PWSUD) with hospital visits - United States, April 2020-December 2020.","Board, Kim, Park, Schieber, Miller, Pike, Cremer, Asher",2022,PMC8747842
"Colorado Burden of Disease, Injuries and Risk Factors, 1990-2019: A Sub-Analysis of the Global Burden of Disease Study.","Roux, Rojas-Rueda",2021,PMC8744865
Chronic Pain among Individuals Experiencing Homelessness and Its Interdependence with Opioid and Other Substance Use and Mental Illness.,"Vogel, Choi, Westenberg, Cabanis, Nikoo, Nikoo, Hwang, Somers, Schütz, Krausz",2021,PMC8751035
New Persistent Opioid Use After Surgery: A Risk Factor for Opioid Use Disorder?,"Bicket, Lin, Waljee",2022,PMC10416118
Opioid Use Disorder.,"Taylor, Samet",2022,HSHa1b5b21f
"""I was 15 when I started doing drugs with my dad"": Victimization, Social Determinants of Health, and Criminogenic Risk Among Women Opioid Intervention Court Participants.","Morse, Cerulli, Hordes, El-Bassel, Bleasdale, Wilson, Henry, Przybyla",2022,PMC9256849
"Examining the association between opium use, cigarette smoking and alcohol consumption with the liver enzyme levels in a population-based study: Fasa Persian cohort data.","Bijani, Dehghan, Razavi, Karimi",2022,PMC8734351
Machine learning algorithms predict extended postoperative opioid use in primary total knee arthroplasty.,"Klemt, Harvey, Robinson, Esposito, Yeo, Kwon",2022,HSHa1b5b21f
"Older, Heavier, Arthritic, Psychiatrically Disordered, and Opioid-Familiar Patients Are at Risk for Opioid Use After Medial Patellofemoral Ligament Reconstruction.","Castle, Jildeh, Buckley, Abbas, Mumuni, Okoroha",2021,PMC8689254
Baseline Risk Factors for Prolonged Opioid Use Following Spine Surgery: Systematic Review and Meta-Analysis.,"Mohan, Lynch, Cha, Jacob, Patel, Geoghegan, Prabhu, Vanjani, Pawlowski, Singh",2022,HSHa1b5b21f
Factors Affecting Inpatient Mortality and Length of Stay in Nonmetastatic Colorectal Cancer: Insights from the National Inpatient Sample.,"Ulanja, Beutler, Antwi-Amoabeng, Moody, Chang, Rahman, Apanga, Alese",2022,HSHa1b5b21f
Evaluation of Factors Relevant to Pain Control Among Patients After Surgical Treatment.,"Baxter, Cho, Billig, Kotsis, Haase, Chung",2021,PMC8715341
Perceived risk of opioid use disorder secondary to opioid analgesic medication use by the general population in France.,"Lavergne, Debin, Blanchon, Colizza, Dassieu, Gimenez, Kengne-Kuetche, Lapeyre-Mestre, Dupouy",2022,HSHa1b5b21f
Identifying pathways to recent non-fatal overdose among people who use opioids non-medically: How do psychological pain and unmet mental health need contribute to overdose risk?,"Tomko, Schneider, Rouhani, Urquhart, Nyeong Park, Morris, Sherman",2022,PMC9169246
Prospective Study of a Novel Risk Stratification Process for Opioid-Related Harm Reduction in Cancer Patients Seen in an Outpatient Palliative Care Clinic.,"Wells-Di Gregorio, Ehrman, Bartle-Haring, Polder, Marks, Probst, Hartman, Adolph, Taylor",2022,HSHa1b5b21f
"HIV Preexposure Prophylaxis Care Continuum Among Individuals Receiving Medication for Opioid Use Disorder, South Carolina, 2020-2021.","Johnson, Gormley, Bentley, Baldwin, Bublitz, Heavner, Roth, Litwin",2022,PMC8713624
Value of Packaged Testing for Sexually Transmitted Infections for Persons who Inject Drugs Hospitalized With Serious Injection-Related Infections.,"Marks, Reno, Liang, Schwarz, Liss, Jiang, Nolan, Durkin",2021,PMC8675536
Characteristics of opioid prescribing to outpatients with chronic liver diseases: A call for action.,"Agbalajobi, Gmelin, Moon, Alexandre, Zhang, Gellad, Jonassaint, Rogal",2021,PMC8682904
The association of multimodal analgesia and high-risk opioid discharge prescriptions in opioid-naive surgical patients.,"Langnas, Rodriguez-Monguio, Luo, Croci, Dudley, Chen",2021,PMC8672612
"Systematic review and meta-analysis of opioid use at 3, 6 and 12 months post-operatively by opioid naïve orthopaedic surgery patients.","Edward, Stanley, Collins, Norman, Bonomo, Jackson, Wilding, Stephenson",2021,HSHa1b5b21f
Factors associated with opioid-involved overdose among previously incarcerated people in the U.S.: A community engaged narrative review.,"Flam-Ross, Lown, Patil, White, Wang, Perry, Bailer, McKenzie, Thigpen, Newman, Lincoln, Mckinney, Bernson, Barocas",2022,PMC8810696
New persistent opioid use after surgery in patients with a history of remote opioid use.,"Agarwal, Shah, Gunaseelan, Sulich, McAfee, Urquhart, As-Sanie, Lin, Waljee, Brummett",2022,HSHa1b5b21f
Current Issues in the Use of Opioids for the Management of Postoperative Pain: A Review.,"Macintyre, Quinlan, Levy, Lobo",2022,HSHa1b5b21f
Exposure to childhood trauma increases risk of opioid use disorder among people prescribed opioids for chronic non-cancer pain.,"Santo, Campbell, Gisev, Degenhardt",2022,HSHa1b5b21f
"Race, trust, and COVID-19 vaccine hesitancy in people with opioid use disorder.","Sullivan, Mistler, Copenhaver, Wickersham, Ni, Kim, Shrestha",2022,PMC9754617
A potential paradigm shift in opioid crisis management: The role of pharmacogenomics.,"Eapen-John, Mohiuddin, Kennedy",2022,HSHa1b5b21f
"Factors Influencing Racial and Ethnic Differences in Prescription Opioid Misuse Among Young Adolescents in the USA, 2009-2019.","Appiah, John, Owoade, Mendenhall, Appiah",2023,HSHa1b5b21f
Comparisons of injection and non-injection opioid use among Black people in methadone treatment: A pilot in Detroit.,"Struble, Lister, Urbiel, Nyaku, Arfken",2022,HSHa1b5b21f
Infectious Complications of Injection Drug Use.,"Marks, Nolan, Liang, Durkin, Weimer",2022,HSHa1b5b21f
Nonmedical Opioid Use After Short-term Therapeutic Exposure in Children: A Systematic Review.,"Ahrari, Ali, Hartling, Dong, Drendel, Klassen, Schreiner, Dyson",2021,HSHa1b5b21f
Impacts of Initial Prescription Length and Prescribing Limits on Risk of Prolonged Postsurgical Opioid Use.,"Young, Dasgupta, Chidgey, Stürmer, Pate, Hudgens, Jonsson Funk",2022,PMC8900903
Maternal Substance Use Disorders and Accidental Drug Poisonings in Children.,"Auger, Chadi, Low, Ayoub, Lo, Luu",2022,HSHa1b5b21f
Sex-Specific Risk Factors and Health Disparity Among Hepatitis C Positive Patients Receiving Pharmacotherapy for Opioid Use Disorder: Findings From a Propensity Matched Analysis.,"Dennis, Martin, Naji, Akhtar, Cholankeril, Kim, Sanger, Hillmer, Chawar, D'Elia, Panesar, Worster, Marsh, O'Shea, Bawor, Thabane, Samaan, Ahmed",NA,HSHa1b5b21f
Initiation of Long-Acting Opioids Following Hospital Discharge Among Medicare Beneficiaries.,"Deshpande, McCarthy, Jung, Anderson, Herzig",2021,PMC8626058
Correlates of days of medication for opioid use disorder exposure among people living with HIV in Northern Vietnam.,"Button, Cook, King, Khuyen, Kunkel, Bart, Thuy, Nguyen, Blazes, Giang, Korthuis",2022,PMC8810676
Opioid use as a proximal risk factor for suicidal behavior in young adults.,"Marengo, Douaihy, Zhong, Krancevich, Brummit, Sakolsky, Deal, Zelazny, Goodfriend, Saul, Murata, Thoma, Mansour, Tew, Ahmed, Marsland, Brent, Melhem",2022,PMC10697688
Higher-Dose Naloxone Nasal Spray (Kloxxado) for Opioid Overdose.,,2021,HSHa1b5b21f
The addiction risk factor: A unitary genetic vulnerability characterizes substance use disorders and their associations with common correlates.,"Hatoum, Johnson, Colbert, Polimanti, Zhou, Walters, Gelernter, Edenberg, Bogdan, Agrawal",2022,PMC9372072
Risk Factors Associated With Nonfatal Opioid Overdose Leading to Intensive Care Unit Admission: A Cross-sectional Study.,"Mitra, Ahsan, Li, Liu, Kerns, Tsai, Becker, Smelson, Yu",2021,PMC8663596
Factors That Affect Patient Attrition in Buprenorphine Treatment for Opioid Use Disorder: A Retrospective Real-World Study Using Electronic Health Records.,"Ker, Hsu, Balani, Mukherjee, Rush, Khan, Elchehabi, Huffhines, DeMoss, Rentería, Sarkar",2021,PMC8560173
Analysis of naloxone access and primary medication nonadherence in a community pharmacy setting.,"Connolly, McCall, Couture, Felton, Piper, Bratberg, Tu",2022,HSHa1b5b21f
Risk of Postpartum Opioid Use Disorder or Opioid Overdose After Prenatal Opioid Analgesic Use.,"Camden, Guttmann, Li, Velez, Brogly",2021,PMC8594525
"Sleep, Pain, and Cognition: Modifiable Targets for Optimal Perioperative Brain Health.","O'Gara, Gao, Marcantonio, Subramaniam",2021,PMC8578455
Risk of long-term benzodiazepine and Z-drug use following the first prescription among community-dwelling adults with anxiety/mood and sleep disorders: a retrospective cohort study.,"Brandt, Janzen, Alessi-Severini, Singer, Chateau, Enns, Leong",2021,PMC8562522
Incidence of Workers' Compensation Claims in Opioid-Using Truck Drivers.,"Scholl, Thiese, Handy",2022,PMC9038602
"Opioid Overdose Mortality Trends in Wisconsin, 2004-2019.","Nacev, Jenkins, Lee",2021,HSHa1b5b21f
Genetics and prescription opioid use (GaPO): study design for consenting a cohort from an existing biobank to identify clinical and genetic factors influencing prescription opioid use and abuse.,"Troiani, Crist, Doyle, Ferraro, Beiler, Ranck, McBryan, Jarvis, Barbour, Han, Ness, Berrettini, Robishaw",2021,PMC8547564
Comparative risk of suicide by specific substance use disorders: A national cohort study.,"Crump, Sundquist, Kendler, Edwards, Sundquist",2021,PMC8665134
Comment on: Risk factors and outcomes of chronic opioid use following trauma.,"Zheng, Luo",2021,HSHa1b5b21f
Untangling the Complexities of Substance Use Initiation and Recovery: Client Reflections on Opioid Use Prevention and Recovery From a Social-Ecological Perspective.,"Maina, Marshall, Sherstobitof",2021,PMC8524687
Pharmacological Pain Treatment in 2012 and 2017 Among Older People with Major Neurocognitive Disorder.,"Gustafsson, Lövheim, Sjölander",2021,PMC8593018
"What Are the Correlates of Global Variations in the Prevalence of Opioid Use Disorders? An Analysis of Data From the Global Burden of Disease Study, 2019.",Rajkumar,2021,PMC8514710
Risk of PTSD Due to the COVID-19 Pandemic Among Patients in Opioid Substitution Treatment.,"Fuchs-Leitner, Yazdi, Gerstgrasser, Tholen, Graffius, Schorb, Rosenleitner",2021,PMC8514667
Drug overdose and the risk of cardiovascular diseases: a nested case-control study.,"Gan, Buxton, Palis, Janjua, Scheuermeyer, Xavier, Zhao, Desai, Slaunwhite",2023,HSHa1b5b21f
Trends in and Characteristics of Buprenorphine Misuse Among Adults in the US.,"Han, Jones, Einstein, Compton",2021,PMC8520126
Trajectories of Prescription Opioid Utilization During Pregnancy Among Prepregnancy Chronic Users and Risk of Neonatal Opioid Withdrawal Syndrome.,"Straub, Huybrechts, Hernández-Díaz, Zhu, Vine, Desai, Gray, Bateman",2022,PMC8897996
Patients with alcohol use disorder increase pain and analgesics use: A nationwide population-based cohort study.,"Hung, Chien, Chung, Kao, Chow, Chen, Kotlińska, Silberring, Huang",2021,HSHa1b5b21f
The Role of Trauma in Early Onset Borderline Personality Disorder: A Biopsychosocial Perspective.,"Bozzatello, Rocca, Baldassarri, Bosia, Bellino",2021,PMC8495240
Trends in transdermal fentanyl utilisation and fatal fentanyl overdose across Australia (2003-2015).,"Rahman, Trussell, Pearson, Buckley, Karanges, Cairns, Litchfield, Todd, Gisev",2022,HSHa1b5b21f
Opium use as an independent risk factor for pancreatic cancer: A case-control study.,"Naghibzadeh-Tahami, Marzban, Yazdi-Feyzabadi, Khazaei, Zahedi, Moazed, Haghdoost",2021,HSHa1b5b21f
Do naloxone access laws affect perceived risk of heroin use? Evidence from national US data.,"Kelly, Vuolo",2022,PMC8844056
De Novo Ostomy Placement Is Associated with Increased Outpatient Opioid Use In Patients with Inflammatory Bowel Disease.,"Rabinowitz, Zylberberg, Yang, Gold, Chesner, Ji, Hu, Dubinsky",2022,PMC4917102
Genetic liability for substance use associated with medical comorbidities in electronic health records of African- and European-ancestry individuals.,"Hartwell, Merikangas, Verma, Ritchie, Kranzler, Kember",2022,PMC9254745
Fatal opioid overdoses during and shortly after hospital admissions in England: A case-crossover study.,"Lewer, Eastwood, White, Brothers, McCusker, Copeland, Farrell, Petersen",2021,PMC8491890
κ-Opioid Receptor Agonist Ameliorates Postoperative Neurocognitive Disorder by Activating the Ca2+/CaMKII/CREB Pathway.,"Ding, Li, Sun, Chen, Song",2021,PMC8487382
Early parent-child interactions and substance use disorder: An attachment perspective on a biopsychosocial entanglement.,"Gerra, Gerra, Tadonio, Pellegrini, Marchesi, Mattfeld, Gerra, Ossola",2021,HSHa1b5b21f
New Australian guidelines for the treatment of alcohol problems: an overview of recommendations.,"Haber, Riordan, Winter, Barrett, Saunders, Hides, Gullo, Manning, Day, Bonomo, Burns, Assan, Curry, Mooney-Somers, Demirkol, Monds, McDonough, Baillie, Clark, Ritter, Quinn, Cunningham, Lintzeris, Rombouts, Savic, Norman, Reid, Hutchinson, Zheng, Iese, Black, Draper, Ridley, Gowing, Stapinski, Taye, Lancaster, Stjepanović, Kay-Lambkin, Jamshidi, Lubman, Pastor, White, Wilson, Jaworski, Memedovic, Logge, Mills, Seear, Freeburn, Lea, Withall, Marel, Boffa, Roxburgh, Purcell-Khodr, Doyle, Conigrave, Teesson, Butler, Connor, Morley",2021,HSHa1b5b21f
Naloxone dispensing among the commercially insured population in the United States from 2015 to 2018.,"Dunphy, Zhang, Guy, Jones",2021,PMC9086913
Music to prevent deliriUm during neuroSurgerY (MUSYC) Clinical trial: a study protocol for a randomised controlled trial.,"Kappen, Jeekel, Dirven, Klimek, Kushner, Osse, Coesmans, Poley, Vincent",2021,PMC8488750
Using administrative data to predict cessation risk and identify novel predictors among new entrants to opioid agonist treatment.,"Bharat, Degenhardt, Dobbins, Larney, Farrell, Barbieri",2021,HSHa1b5b21f
Fatal overdoses after release from prison in British Columbia: a retrospective data linkage study.,"Kinner, Gan, Slaunwhite",2021,PMC8486467
Hypermethylation of the OPRM1 and ALDH2 promoter regions in Chinese Han males with alcohol use disorder in Yunnan Province.,"Liu, Yang, Zhao, Gao, Zhang, Bao, Li, Zhang, Lu, Ruan, Zhong",2021,HSHa1b5b21f
Author response to: Risk factors and outcomes of chronic opioid use following trauma.,"von Oelreich, Eriksson, Brattström, Sjölund, Discacciati, Larsson, Oldner",2021,HSHa1b5b21f
National trends in testing for hepatitis C virus in licensed opioid treatment programs: Differences by facility ownership and state medicaid expansion status.,"Pro, Tompkins, Azari, Zaller",2021,HSHa1b5b21f
Socioeconomic correlates of incident and fatal opioid overdose among Swedish people with opioid use disorder.,"Dahlman, Ohlsson, Edwards, Sundquist, Håkansson, Sundquist",2021,PMC8474855
Introduction to the Special Issue: Opioids and the Workplace - Risk Factors and Solutions.,"Rosen, Zelnick, Zoeckler, Landsbergis",2021,HSHa1b5b21f
The Many Fronts of Battling Obstructive Sleep Apnea.,"Wasey, Wasey, Saleh, Aziz",2021,PMC8423121
Exploring the Interactions between Non-Medical Methamphetamine Use and Prescribed Buprenorphine or Naltrexone in Opioid Use Disorder Treatment Retention.,"Gainer, Nahhas, Vanderhoof, Silverstein, Wright, Vanderhoof, Miller",2021,HSHa1b5b21f
Yoga for Substance Use: A Systematic Review.,"Walia, Matas, Turner, Gonzalez, Zoorob",2021,HSHa1b5b21f
Risk factors for opioid-related adverse drug events among older adults after hospital discharge.,"Herzig, Anderson, Jung, Ngo, McCarthy",2022,PMC10911129
Invited Commentary: Intermittent Opioid Use and Ischemic Placental Disease-Clarifying Associations With Adverse Pregnancy Outcomes.,"Ananth, Brandt",2022,PMC9430416
Association of Timing and Duration of Prenatal Analgesic Opioid Exposure With Attention-Deficit/Hyperactivity Disorder in Children.,"Trønnes, Lupattelli, Handal, Skurtveit, Ystrom, Nordeng",2021,PMC8444023
A Low-threshold Comprehensive Shared Medical Appointment Program for Perinatal Substance Use in an Underserved Population.,"Ganetsky, Heil, Yates, Jones, Hunter, Rivera, Wilson, Salzman, Baston",NA,HSHa1b5b21f
Brief Report: Are Serious Falls Associated With Subsequent Fragility Fractures Among Veterans Living With HIV?,"Womack, Murphy, Ramsey, Bathulapalli, Leo-Summers, Smith, Bates, Jarad, Gill, Hsieh, Rodriguez-Barradas, Tien, Yin, Brandt, Justice",2021,PMC8513792
[Critical discussion of new data regarding prevalence of opioid use disorder in patients with chronic pain in Germany].,"Just, Petzke, Scherbaum, Radbruch, Weckbecker, Häuser",2022,PMC8821065
Health Behavior Survey Among People Who Use Opioids: Protocol for Implementing Technology-Based Rapid Response Surveillance in Community Settings.,"Frew, Randall, King, Schamel, Spaulding, Holloway",2021,PMC8463945
Risk and protective factors for mental disorders beyond genetics: an evidence-based atlas.,"Arango, Dragioti, Solmi, Cortese, Domschke, Murray, Jones, Uher, Carvalho, Reichenberg, Shin, Andreassen, Correll, Fusar-Poli",2021,PMC8429329
"Problematic Opioid Use Among Older Adults: Epidemiology, Adverse Outcomes and Treatment Considerations.","Dufort, Samaan",2021,PMC8421190
Receipt of Concurrent VA and Non-VA Opioid and Sedative-Hypnotic Prescriptions Among Post-9/11 Veterans With Traumatic Brain Injury.,"Ashraf, Gilbert, Holmer, Cook, Carlson",NA,HSHa1b5b21f
Sucrose subjective response and eating behaviors among individuals with opioid use disorder.,"Ochalek, Laurent, Badger, Sigmon",2021,HSHa1b5b21f
"Non-medical Use of Prescription Stimulants Among College Students: Non-oral Routes of Administration, Risk Factors, Motivations, and Pathways.","Butler, Faraone, Rostain, Newcorn, Antshel, Robbins, Green",2021,PMC8415354
Opioid Use Disorder and Perinatal Outcomes.,"Piske, Homayra, Min, Zhou, Marchand, Mead, Ng, Woolner, Nosyk",2021,HSHa1b5b21f
Opioid use disorder and its association with self-reported difficulties participating in social activities.,"Ashrafioun, Allan, Stecker",2022,HSHa1b5b21f
Fatal and Non-Fatal Heroin-Related Overdoses: Circumstances and Patterns.,"Schneider, Richter, Niethammer, Beisel",2021,HSHa1b5b21f
Characteristics of postoperative opioid prescription use following lumbar discectomy.,"Ziino, Karhade, Schoenfeld, Harris, Schwab",2021,HSHa1b5b21f
The association of gender and persistent opioid use following an acute pain event: A retrospective population based study of renal colic.,"Jaeger, Hosier, McGregor, Beiko, Medina Kasasni, Booth, Whitehead, Siemens",2021,PMC8389463
Long-term opioid use in seniors following hip and knee arthroplasty in Ontario: a historical cohort study.,"Johnson, Milne, Pasquali, Jamali, Mann, Gilron, Moore, Graves, Parlow",2022,PMC4062705
A Rhesus Monkey Model of Non-suicidal Self-Injury.,"Novak, Meyer",2021,PMC8374142
"Pediatric Hospital Readmissions for Infants With Neonatal Opioid Withdrawal Syndrome, 2016-2019.","Milliren, Melvin, Ozonoff",2021,HSHa1b5b21f
A systematic review of clinical and laboratory findings of lead poisoning: lessons from case reports.,"Samarghandian, Shirazi, Saeedi, Roshanravan, Pourbagher-Shahri, Khorasani, Farkhondeh, Aaseth, Abdollahi, Mehrpour",2021,HSHa1b5b21f
"History of Methadone and Buprenorphine Opioid Agonist Therapy Among People Who Died of an Accidental Opioid-Involved Overdose: Rhode Island, January 1, 2018-June 30, 2020.","Hallowell, Weidele, Daly, Chambers, Scagos, Gargano, McDonald",2021,PMC8589059
Differential expression and transcription factor binding associated with genotype at a pharmacogenetic variant in OPRD1.,"Crist, Arauco-Shapiro, Zhang, Reiner, Berrettini, Doyle",2021,PMC10311464
Behavioral Health Risk Factors for Nonmedical Prescription Opioid Use in Adolescence.,"Cho, Kelley-Quon, Barrington-Trimis, Kechter, Axeen, Leventhal",2021,PMC8936437
Medically treated opioid overdoses among New Jersey Medicaid beneficiaries: Rapid growth and complex comorbidity amid growing fentanyl penetration.,"Crystal, Nowels, Olfson, Samples, Williams, Treitler",2021,PMC8664984
"Action Mode of Gut Motility, Fluid and Electrolyte Transport in Chronic Constipation.","Zhao, Chen, Xu, Yue, Fu, Yang, Xing, Tang",2021,PMC8353128
Suicide and the opioid overdose crisis among American Indian and Alaska Natives: a storm on two fronts demanding swift action.,"Ivanich, Weckstein, Nestadt, Cwik, Walls, Haroz, O'Keefe, Goklish, Barlow",2021,PMC9091944
Morphine Equivalent Total Dosage as Predictor of Adverse Outcomes in Opioid Prescribing.,"Bonifonte, Merchant, Deppen",2021,HSHa1b5b21f
Risk Factors for Prolonged Opioid Use After Ankle Fracture Surgery.,"Broggi, Oladeji, Spenser, Kadakia, Bariteau",2023,HSHa1b5b21f
Racial inequity in medication treatment for opioid use disorder: Exploring potential facilitators and barriers to use.,"Hollander, Chang, Douaihy, Hulsey, Donohue",2021,PMC8464525
Risk and benefit of cannabis prescription for chronic non-cancer pain.,"Zloczower, Brill, Zeitak, Peles",2022,HSHa1b5b21f
The Effect of Standardized Perioperative Patient Education on Opioid Use After Minor Soft Tissue Procedures Distal to the Wrist.,"Zohar-Bondar, Stepan, Chapman, Sacks, Verrett, Fufa",2022,HSHa1b5b21f
"Male Sex, Cartilage Surgery, Tobacco Use, and Opioid Disorders are Associated with an Increased Risk of Infection After Anterior Cruciate Ligament Reconstruction.","Roecker, Kamalapathy, Werner",2022,HSHa1b5b21f
Post-injury benzodiazepine and opioid use among older adults involved in road traffic crashes: A Swedish register-based longitudinal study.,"Duchesne, Laflamme, Lu, Lagarde, Möller",2022,HSHa1b5b21f
Predictors of chronic opioid therapy in Medicaid beneficiaries with HIV who initiated antiretroviral therapy.,"Oh, Brouwer, Abner, Fardo, Freeman, Delcher, Moga",2021,PMC8322087
Long-term prescription opioid use among US military service members injured in combat.,"Dalton, Manful, Jarman, Pisano, Learn, Koehlmoos, Weissman, Cooper, Schoenfeld",2021,HSHa1b5b21f
Patient Preference and Risk Assessment in Opioid Prescribing Disparities: A Secondary Analysis of a Randomized Clinical Trial.,"Engel-Rebitzer, Dolan, Aronowitz, Shofer, Nguemeni Tiako, Schapira, Perrone, Hess, Rhodes, Bellamkonda, Cannuscio, Goldberg, Bell, Rodgers, Zyla, Becker, McCollum, Meisel",2021,PMC8322998
Survival Probabilities and Predictors of Major Depressive Episode Incidence Among Individuals With Various Types of Substance Use Disorders.,"Hassan, Le Foll",2021,HSHa1b5b21f
Impact of opioid use disorder on resource utilization and readmissions after operative trauma.,"Tran, Madrigal, Pan, Rahimtoola, Verma, Gandjian, Tillou, Benharash",2022,HSHa1b5b21f
Polysubstance use trends and variability among individuals with opioid use disorder in rural versus urban settings.,"Ellis, Kasper, Cicero",2021,HSHa1b5b21f
Drug type and risk behaviors associated with non-fatal overdose among people who use drugs: a systematic review and meta-analysis.,"Armoon, SoleimanvandiAzar, Rostami, Higgs, Bayani, Bayat, Mohammadi, Ahounbar, Fattah Moghaddam",2022,HSHa1b5b21f
Opioid-related risk perceptions in chronic pain: influence of patient gender and previous misuse behaviors.,"Grant, Miller, Anastas, Quinn, Lok, Hirsh",2022,PMC8761212
Polysubstance use in a Brazilian national sample: Correlates of co-use of alcohol and prescription drugs.,"Krawczyk, da Mota, Coutinho, Bertoni, de Vasconcellos, Silva, De Boni, Cerdá, Bastos",2022,HSHa1b5b21f
Sex Differences in Injection Drug Risk Behaviors Among Hospitalized Persons.,"Biondi, Anderson, Phillips, Stein",NA,PMC8761216
Current attention-deficit/hyperactivity disorder and nonmedical prescription opioid use attributed to tramadol among male adolescents without conduct disorder in Egypt.,"Bassiony, Mahdy, Haggag, Salah Eldeen",2021,HSHa1b5b21f
"Mental disorders and risk of COVID-19-related mortality, hospitalisation, and intensive care unit admission: a systematic review and meta-analysis.","Vai, Mazza, Delli Colli, Foiselle, Allen, Benedetti, Borsini, Casanova Dias, Tamouza, Leboyer, Benros, Branchi, Fusar-Poli, De Picker",2021,PMC8285121
Neurocognitive impairments and brain abnormalities resulting from opioid-related overdoses: A systematic review.,"Winstanley, Mahoney, Castillo, Comer",2021,PMC8889511
"Recurring Severe Injection-Related Infections in People Who Inject Drugs and the Need for Safe Injection Sites in Madrid, Spain.","Valencia, Troya, Lazarus, Cuevas, Alvaro-Meca, Torres, Gardeta, Lozano, Moreno, Ryan",2021,PMC8266667
Evaluating a Pharmacist-Led Opioid Stewardship Initiative at an Urban Teaching Hospital.,"Chen, Legal, Shalansky, Mihic, Su",2021,PMC8237948
Substance Addiction and the Hand Surgery Patient: A Comprehensive Review.,"Zeiderman, Pereira",2021,HSHa1b5b21f
Factors associated with opioid overdose during medication-assisted treatment: How can we identify individuals at risk?,"Au, Rosic, Sanger, Hillmer, Chawar, Worster, Marsh, Thabane, Samaan",2021,PMC8265117
Examining Opioid Overdose Deaths across Communities Defined by Racial Composition: a Multiscale Geographically Weighted Regression Approach.,"Forati, Ghose, Mantsch",2021,PMC8260014
Posterior Reversible Encephalopathy Syndrome (PRES) in a Patient with Opioid Use Disorder.,"Tumenta, Adeyemo, Oladeji, Jegede, Laurent, Olupona",2021,PMC8225411
Changes in social work students' attitudes and knowledge following opioid overdose prevention training.,"Halmo, Sellers, Collin, Chinamasa, Putney",2022,HSHa1b5b21f
Alternative use of buprenorphine among people who use opioids in three U.S. Cities.,"Gandhi, Rouhani, Park, Urquhart, Allen, Morales, Green, Sherman",2022,PMC11216848
Association of Nonacute Opioid Use and Cardiovascular Diseases: A Scoping Review of the Literature.,"Singleton, Abner, Akpunonu, Kucharska-Newton",2021,PMC8403306
Whole-Exome Sequencing to Identify Potential Genetic Risk in Substance Use Disorders: A Pilot Feasibility Study.,"AshaRani, Amron, Zainuldin, Tohari, Ng, Song, Venkatesh, Mathuru",2021,PMC8269170
New Persistent Opioid Use After Orthopaedic Foot and Ankle Surgery: A Study of 348 Patients.,"Hejna, Mehraban, Holmes, Lin, Lee, Hamid, Bohl",2021,HSHa1b5b21f
Incidence of opioid use disorder in the year after discharge from an emergency department encounter.,"Punches, Ancona, Freiermuth, Brown, Lyons",2021,PMC8219283
Understanding the Pain Management Landscape Within the US Bleeding Disorder Community: A Multi-Center Survey.,"Witkop, Santaella, Nichols, Lambing, Baumann, Curtis, Humphrey, Humphries, Newman, Durben, Fritz, Mauer, Thibodeaux, Wheat, Buckner",2022,PMC8807078
The prevalence of constipation and its relation to sweet taste preference among patients receiving methadone maintenance treatment.,"Sason, Adelson, Schreiber, Peles",2021,HSHa1b5b21f
Short- and long-term opioid use in survivors of subarachnoid hemorrhage.,"Mahta, Anderson, Azher, Mahmoud, Dakay, Abdulrazeq, Abud, Moody, Reznik, Yaghi, Thompson, Wendell, Rao, Potter, Cutting, Mac Grory, Stretz, Doberstein, Furie",2021,HSHa1b5b21f
Opioid misuse as a coping behavior for unmet mental health needs among U.S. adults.,"Cruden, Karmali",2021,HSHa1b5b21f
Hospitalizations for opioid-related overdose and timing of concurrent opioid and benzodiazepine use: A nested case-control study.,"Alobaidi, Pickard, Jarrett, Lee",2021,HSHa1b5b21f
An opioid and substance use disorder needs assessment study for American Indian and Alaska Native youth in California.,"West, Telles, Antony, Zeledon, Moerner, Soto",2022,HSHa1b5b21f
Factors of Interest in Extended-Release Buprenorphine: Comparisons Between Incarcerated and Non-Incarcerated Patients with Opioid Use Disorder.,"Chappuy, Meroueh, Trojak, Bachellier, Bendimerad, Kosim, Hjelmström, Nubukpo, Brousse, Rolland",2021,PMC8214559
Risk factors and screening for opioid misuse: current clinical implications for prescription opioid therapy.,Hah,2021,HSHa1b5b21f
Effect of injury location and severity on opioid use after trauma.,"Baker, Brown, Montgomery, Mouch, Kenney, Englesbe, Waljee, Hemmila",2021,PMC8243856
Graded response item response theory in scaling suicidal thoughts and behaviors among trauma-exposed women with substance use disorders.,"Fitzpatrick, Morgan-López, Saraiya, Back, Killeen, Norman, López-Castro, Ruglass, Saavedra, Hien",2022,PMC8678388
Root Cause Analysis of Adverse Events Involving Opioid Overdoses in the Veterans Health Administration.,"Norris, Soncrant, Mills, Gunnar",2021,HSHa1b5b21f
Anisocytosis Is Associated With Reduced Bone Marrow Activity Evaluated by Positron Emission Tomography.,"Janus, Al-Kindi, Hajjari, Chami, Avery, Labbato, Smith, Sullivan, Hileman, McComsey",2021,HSHa1b5b21f
"Examining factors that shape use and access to diverted prescription opioids during an overdose crisis: A qualitative study in Vancouver, Canada.","Bardwell, Ivsins, Socías, Kerr",2021,HSHa1b5b21f
"The cascade of care for opioid use disorder among youth in British Columbia, 2018.","Krebs, Min, Zhou, Davison, McGowan, Nosyk",2021,HSHa1b5b21f
Who stays in medication treatment for opioid use disorder? A national study of outpatient specialty treatment settings.,"Krawczyk, Williams, Saloner, Cerdá",2021,PMC8197774
The Negative Impact of Maternal Perinatal Opioid Use on Neonatal Outcomes.,"Gandhi, Schak, Vande, Shekunov, Lynch, Rummans, Geske, Pease, Limbeck, Desai, Croarkin, Romanowicz",2021,PMC9359104
Loperamide Toxicity Revealing Apical Hypertrophic Cardiomyopathy.,"Khan, Chitturi, Hatcher, Clewing, Nagueh",2021,PMC8158447
Correlates of methamphetamine use severity among patients receiving methadone maintenance treatment for opioid use disorder in Vietnam.,"Giang, Li, Okafor, Diep, Shoptaw",2022,PMC8572314
"A Vulnerability Assessment for a Future HIV Outbreak Associated With Injection Drug Use in Illinois, 2017-2018.","Bergo, Epstein, Hoferka, Kolak, Pho",2021,PMC8170011
"Housing Instability, Structural Vulnerability, and Non-Fatal Opioid Overdoses Among People Who Use Heroin in Washington Heights, New York City.","Pérez-Figueroa, Obonyo, Santoscoy, Surratt, Lekas, Lewis, Lyons, Amesty",2022,HSHa1b5b21f
Clinical and psychological factors associated with interdose opioid withdrawal in chronic pain population.,"Rodríguez-Espinosa, Coloma-Carmona, Pérez-Carbonell, Román-Quiles, Carballo",2021,HSHa1b5b21f
Coprescription of Opioids With Other Medications and Risk of Opioid Overdose.,"Khan, Bykov, Glynn, Barnett, Gagne",2021,HSHa1b5b21f
Opioid prescribing and health outcomes in opioid-naive patients: Analysis of a statewide health information exchange.,"Udayachalerm, Bair, Illingworth Plake, Huang, Murray, Foster",2021,HSHa1b5b21f
The Association Between Postdischarge Opioid Use and Serious Adverse Events-A Warning Signal From the North.,"Benson, Hsu",2021,HSHa1b5b21f
"Genome-wide association study of more than 40,000 bipolar disorder cases provides new insights into the underlying biology.","Mullins, Forstner, O'Connell, Coombes, Coleman, Qiao, Als, Bigdeli, Børte, Bryois, Charney, Drange, Gandal, Hagenaars, Ikeda, Kamitaki, Kim, Krebs, Panagiotaropoulou, Schilder, Sloofman, Steinberg, Trubetskoy, Winsvold, Won, Abramova, Adorjan, Agerbo, Al Eissa, Albani, Alliey-Rodriguez, Anjorin, Antilla, Antoniou, Awasthi, Baek, Bækvad-Hansen, Bass, Bauer, Beins, Bergen, Birner, Bøcker Pedersen, Bøen, Boks, Bosch, Brum, Brumpton, Brunkhorst-Kanaan, Budde, Bybjerg-Grauholm, Byerley, Cairns, Casas, Cervantes, Clarke, Cruceanu, Cuellar-Barboza, Cunningham, Curtis, Czerski, Dale, Dalkner, David, Degenhardt, Djurovic, Dobbyn, Douzenis, Elvsåshagen, Escott-Price, Ferrier, Fiorentino, Foroud, Forty, Frank, Frei, Freimer, Frisén, Gade, Garnham, Gelernter, Giørtz Pedersen, Gizer, Gordon, Gordon-Smith, Greenwood, Grove, Guzman-Parra, Ha, Haraldsson, Hautzinger, Heilbronner, Hellgren, Herms, Hoffmann, Holmans, Huckins, Jamain, Johnson, Kalman, Kamatani, Kennedy, Kittel-Schneider, Knowles, Kogevinas, Koromina, Kranz, Kranzler, Kubo, Kupka, Kushner, Lavebratt, Lawrence, Leber, Lee, Lee, Levy, Lewis, Liao, Lucae, Lundberg, MacIntyre, Magnusson, Maier, Maihofer, Malaspina, Maratou, Martinsson, Mattheisen, McCarroll, McGregor, McGuffin, McKay, Medeiros, Medland, Millischer, Montgomery, Moran, Morris, Mühleisen, O'Brien, O'Donovan, Olde Loohuis, Oruc, Papiol, Pardiñas, Perry, Pfennig, Porichi, Potash, Quested, Raj, Rapaport, DePaulo, Regeer, Rice, Rivas, Rivera, Roth, Roussos, Ruderfer, Sánchez-Mora, Schulte, Senner, Sharp, Shilling, Sigurdsson, Sirignano, Slaney, Smeland, Smith, Sobell, Søholm Hansen, Soler Artigas, Spijker, Stein, Strauss, Świątkowska, Terao, Thorgeirsson, Toma, Tooney, Tsermpini, Vawter, Vedder, Walters, Witt, Xi, Xu, Yang, Young, Young, Zandi, Zhou, Zillich, Adolfsson, Agartz, Alda, Alfredsson, Babadjanova, Backlund, Baune, Bellivier, Bengesser, Berrettini, Blackwood, Boehnke, Børglum, Breen, Carr, Catts, Corvin, Craddock, Dannlowski, Dikeos, Esko, Etain, Ferentinos, Frye, Fullerton, Gawlik, Gershon, Goes, Green, Grigoroiu-Serbanescu, Hauser, Henskens, Hillert, Hong, Hougaard, Hultman, Hveem, Iwata, Jablensky, Jones, Jones, Kahn, Kelsoe, Kirov, Landén, Leboyer, Lewis, Li, Lissowska, Lochner, Loughland, Martin, Mathews, Mayoral, McElroy, McIntosh, McMahon, Melle, Michie, Milani, Mitchell, Morken, Mors, Mortensen, Mowry, Müller-Myhsok, Myers, Neale, Nievergelt, Nordentoft, Nöthen, O'Donovan, Oedegaard, Olsson, Owen, Paciga, Pantelis, Pato, Pato, Patrinos, Perlis, Posthuma, Ramos-Quiroga, Reif, Reininghaus, Ribasés, Rietschel, Ripke, Rouleau, Saito, Schall, Schalling, Schofield, Schulze, Scott, Scott, Serretti, Shannon Weickert, Smoller, Stefansson, Stefansson, Stordal, Streit, Sullivan, Turecki, Vaaler, Vieta, Vincent, Waldman, Weickert, Werge, Wray, Zwart, Biernacka, Nurnberger, Cichon, Edenberg, Stahl, McQuillin, Di Florio, Ophoff, Andreassen",2021,PMC8192451
Predictive variables of prescription opioid misuse in patients with chronic noncancer pain. Development of a risk detection scale: A registered report protocol.,"Ramírez-Maestre, López-Martínez, Esteve",2021,PMC8118327
Drug interactions detected by a computer-assisted prescription system in primary care patients in Spain: MULTIPAP study.,"Rogero-Blanco, Del-Cura-González, Aza-Pascual-Salcedo, García de Blas González, Terrón-Rodas, Chimeno-Sánchez, García-Domingo, López-Rodríguez",2021,PMC8128212
"The ""black box"" of treatment: Patients' perspective on what works in opioid maintenance treatment for opioid dependence.","Silva, Andersson",2021,PMC8111936
Contributions of neuroimmune and gut-brain signaling to vulnerability of developing substance use disorders.,"Lucerne, Osman, Meckel, Kiraly",2021,PMC8220934
The relationship between cannabis and schizophrenia: a genetically informed perspective.,"Johnson, Hatoum, Deak, Polimanti, Murray, Edenberg, Gelernter, Di Forti, Agrawal",2021,PMC8492483
Identifying Clinical Risk Factors for Opioid Use Disorder using a Distributed Algorithm to Combine Real-World Data from a Large Clinical Data Research Network.,"Tong, Chen, Duan, Lo-Ciganic, Lyu, Tao, Merkel, Kranzler, Bian, Chen",2020,PMC8075517
New-Onset Depression After Total Knee Arthroplasty: Consideration of the At-Risk Patient.,"Schwartz, Wilson, Farley, Bradbury, Guild",2021,HSHa1b5b21f
Developing a cognitive dysfunction risk score for use with opioid-dependent persons in drug treatment.,"Copenhaver, Sanborn, Shrestha, Mistler, Sullivan, Gunstad",2021,PMC8180490
Risk factors of chronic opioid use after surgical procedures in noncancer patients: A nationwide case-control study.,"Heo, Ah, Lee",2022,HSHa1b5b21f
A Quality Improvement Pilot of Pharmacist-Led Identification of an Inpatient Population for Opioid Stewardship and Pain Management.,"Hemmann, Moore, Politis, Frate",2021,HSHa1b5b21f
Removal of prior authorization for medication-assisted treatment: impact on opioid use and policy implications in a Medicare Advantage population.,"Ferries, Racsa, Bizzell, Rhodes, Suehs",2021,PMC10390915
New and Emerging Opioid Overdose Risk Factors.,"Foglia, Kline, Cooperman",2021,PMC8061156
A Call to Action: Preventing Opioid and Substance Abuse in South Florida Youth.,"Jacko, Cohen, Appadoo, Levy, Page, Parker, Pierre-Gilles, Sainfort",2021,PMC10324759
Economic Burden of Treatment-Resistant Depression among Adults with Chronic Non-Cancer Pain Conditions and Major Depressive Disorder in the US.,"Shah, Allen, Zheng, Madhavan, Wei, LeMasters, Sambamoorthi",2021,PMC8425301
"Validation of the Opioid Overdose Risk Behavior Scale, version 2 (ORBS-2).","Elliott, Crasta, Khan, Roth, Green, Kolodny, Bennett",2021,PMC8113089
Persistent Opioid Use after Ophthalmic Surgery in Opioid-Naive Patients and Associated Risk Factors.,"Ung, Yonekawa, Waljee, Gunaseelan, Lai, Woodward",2021,PMC8384648
The self-serving benefits of being a good host: A role for our micro-inhabitants in shaping opioids' function.,"Eitan, Madison, Kuempel",2021,HSHa1b5b21f
Suicide as a hidden contributor to the opioid crisis and the role that primary care and emergency medicine play in addressing it.,Harris,2021,HSHa1b5b21f
Beliefs About Perioperative Opioid and Alcohol Use among Elective Surgical Patients Who Report Unhealthy Drinking: A Qualitative Study.,"Fernandez, Lin, Bazzi, Boissoneault, Borsari, Blow",2021,PMC8500720
Association of prescription opioid use on mortality and hospital length of stay in the intensive care unit.,"Hardy, Zeba, Ovalle, Yanac, Nzugang-Noutonsi, Abadier, Ovalle, Chahin",2021,PMC8061930
Understanding Risk Factors for Persistent Opioid Use Among Youths.,"Rahmandar, Williams, Kuhns",2021,HSHa1b5b21f
Trajectories of Opioid Use Following First Opioid Prescription in Opioid-Naive Youths and Young Adults.,"Wilson, Abebe, Kraemer, Liebschutz, Merlin, Miller, Kelley, Donohue",2021,PMC8063062
A cross-sectional study of opioid involvement in non-poisoning suicide - risks and prevention opportunities.,"Mason, Welch, McLone, Bartell, Lank, Sheehan, Post",2021,PMC8060995
Making a business plan for starting a transitional pain service within the US healthcare system.,"Sun, Mariano, Narouze, Gabriel, Elsharkawy, Gulur, Merrick, Harrison, Clark",2021,HSHa1b5b21f
Predicting opioid use disorder and associated risk factors in a Medicaid managed care population.,"Gao, Leighton, Chen, Jones, Mistry",2021,HSHa1b5b21f
Genetic vulnerability of exposures to antenatal maternal treatments in 1- to 2-month-old infants.,Denisova,2021,PMC9721365
The effect of buprenorphine vs methadone on sleep breathing disorders.,"Adimi Naghan, Setareh, Malekmohammad",2021,HSHa1b5b21f
An Integrated Model of Nature and Nurture Factors that Contribute to Addiction and Recovery.,"Green, Blue, Natal",2021,HSHa1b5b21f
Prescription Opioid Dose After Vaginal Delivery and the Risk of Serious Opioid-Related Events: A Retrospective Cohort Study.,"Wiese, Osmundson, Mitchel, Adgent, Phillips, Patrick, Horn, Samuels, Griffin, Grijalva",2021,PMC8260443
Surgery and opioids: evidence-based expert consensus guidelines on the perioperative use of opioids in the United Kingdom.,"Srivastava, Hill, Carty, Rockett, Bastable, Knaggs, Lambert, Levy, Hughes, Wilkinson",2021,HSHa1b5b21f
The association of opioid use disorder and homelessness nationally in the veterans health administration.,"Manhapra, Stefanovics, Rosenheck",2021,HSHa1b5b21f
"Persistent Opioid Use Associated With Dental Opioid Prescriptions Among Publicly and Privately Insured US Patients, 2014 to 2018.","Chua, Hu, Waljee, Nalliah, Brummett",2021,PMC8052591
"Smoking, alcohol and opioids effect on coronary microcirculation: an update overview.","Jalali, Khademalhosseini, Soltani, Esmaeili Nadimi",2021,PMC8051045
"Chronic Opioid Use and Central Sleep Apnea, Where Are We Now and Where To Go? A State of the Art Review.","Wang, Yee, Grunstein, Chung",2021,HSHa1b5b21f
Risk factors for loss to follow-up of persons who inject drugs enrolled at syringe services programs in Kentucky.,"Soria, Johnson, Collins, Corby-Lee, Thacker, White, Hoven, Thornton",2021,HSHa1b5b21f
Opioid toxicity due to CNS depressant polypharmacy: A case report.,"Lee, Wanson, Frangou, Chong, Halpape",2021,PMC8019539
The metropolitan context of substance use and substance use disorders among US adults on probation or parole supervision.,"Moore, Renn, Veeh",2022,HSHa1b5b21f
Survival implications of prescription opioid and benzodiazepine use in lung transplant recipients: Analysis of linked transplant registry and pharmacy fill records.,"Lentine, Salvalaggio, Caliskan, Lam, McAdams-DeMarco, Axelrod, Segev, Myaskovsky, Dew, Bruschwein, Levine, Sweet, Hess, Kasiske, Schnitzler",2021,PMC8169588
Prevalence and correlates of multiple non-fatal opioid overdoses among people who inject drugs who utilise needle syringe programs in Australia.,"Geddes, Iversen, Darke, Dietze, Maher",2021,HSHa1b5b21f
Clinical care of neonates undergoing opioid withdrawal in the immediate postpartum period.,"Oji-Mmuo, Jones, Wu, Speer, Palmer",2021,HSHa1b5b21f
Prescription Opioid Use Among a Community Sample of Older and Younger Women.,"Serdarevic, Osborne, Striley, Cottler",2022,PMC8864428
Postoperative Opioid Pain Medication Usage Following Adult Tonsillectomy.,"Winters, Hill, Frasier, Riddick, Schlocker",2022,HSHa1b5b21f
Clinical Practice Guideline: Opioid Prescribing for Analgesia After Common Otolaryngology Operations Executive Summary.,"Anne, Mims, Tunkel, Rosenfeld, Boisoneau, Brenner, Cramer, Dickerson, Finestone, Folbe, Galaiya, Messner, Paisley, Sedaghat, Stenson, Sturm, Lambie, Dhepyasuwan, Monjur",2021,HSHa1b5b21f
Clinical Practice Guideline: Opioid Prescribing for Analgesia After Common Otolaryngology Operations.,"Anne, Mims, Tunkel, Rosenfeld, Boisoneau, Brenner, Cramer, Dickerson, Finestone, Folbe, Galaiya, Messner, Paisley, Sedaghat, Stenson, Sturm, Lambie, Dhepyasuwan, Monjur",2021,HSHa1b5b21f
Effect of Opioids on All-cause Mortality and Opioid Addiction in Total Hip Arthroplasty: a Korea Nationwide Cohort Study.,"Cha, Jang, Yoo, Choi, Hwang, Choy",2021,PMC8021974
Methodological approaches for the prediction of opioid use-related epidemics in the United States: a narrative review and cross-disciplinary call to action.,"Marks, Carrasco-Escobar, Carrasco-Hernández, Johnson, Ciccarone, Strathdee, Smith, Bórquez",2021,PMC8217194
Covid19 impact screening of patients undergoing medication treatment for opioid use disorder.,"Manzardo, Sethi",2021,HSHa1b5b21f
Engagement in perinatal outpatient services among women in recovery from opioid use disorders.,"Peacock-Chambers, Paterno, Kiely, Fioroni, Byatt, Friedmann",2021,PMC8919676
"The need to prioritize research, policy, and practice to address the overdose epidemic in smaller settings in Canada.","Bardwell, Lappalainen",2021,PMC8225779
Baseline Predictors of Discontinuation of Prescription Drug Therapy for IBS-C: Cohort Analysis at an Integrated Healthcare System.,"Shah, Brenner, Chen",2022,PMC8478965
"Mechanisms, diagnosis, prevention and management of perioperative opioid-induced hyperalgesia.","Wilson, Hellman, James, Adler, Chandrakantan",2021,PMC8023328
Prospects for the Use of Cannabinoids in Psychiatric Disorders.,"Graczyk, Łukowicz, Dzierzanowski",2021,PMC7994770
Quantifying opioid use disorder Cascade of Care outcomes in an American Indian tribal nation in Minnesota.,"Boyd, Stipek, Kraft, Muskrat, Hallgren, Alexander, Greenfield",2021,PMC8608378
"Opioid pain medication misuse, concomitant substance misuse, and the unmet behavioral health treatment needs of transgender and gender diverse adults.","Hughto, Restar, Wolfe, Gordon, Reisner, Biello, Cahill, Mimiaga",2021,PMC8058310
Periods of altered risk for non-fatal drug overdose: a self-controlled case series.,"Keen, Kinner, Young, Snow, Zhao, Gan, Slaunwhite",2021,HSHa1b5b21f
Accuracy of a single-lead mobile smartphone electrocardiogram for QT interval measurement in patients undergoing maintenance methadone therapy.,"Titus-Lay, Jaynes, Tomaselli Muensterman, Ott, Walroth, Williams, Moe, Wilbrandt, Tisdale",2021,HSHa1b5b21f
"Associations between opioid misuse and social relationship factors among American Indian, Alaska Native, and Native Hawaiian college students in the U.S.","Qeadan, Madden, Bern, Parsinejad, Porucznik, Venner, English",2021,HSHa1b5b21f
Purposeful Fentanyl Use and Associated Factors among Opioid-Dependent People Who Inject Drugs.,"Chandra, Altice, Copenhaver, Zhou, Didomizio, Shrestha",2021,HSHa1b5b21f
Opioid prescription at postoperative discharge: a retrospective observational cohort study.,"Daliya, Adiamah, Roslan, Theophilidou, Knaggs, Levy, Lobo",2021,HSHa1b5b21f
"Lack of effect of different pain-related manipulations on opioid self-administration, reinstatement of opioid seeking, and opioid choice in rats.","Reiner, Townsend, Orihuel, Applebey, Claypool, Banks, Shaham, Negus",2021,PMC10041878
Assessing opioid overdose risk: a review of clinical prediction models utilizing patient-level data.,"Tseregounis, Henry",2021,PMC8217215
Alcohol trajectories and subsequent risk for opioid misuse in a cohort of urban adolescents.,"Thrul, Reboussin, Rabinowitz, Maher, Ialongo",2021,PMC8460686
Buprenorphine Treatment Intake and Critical Encounters following a Nonfatal Opioid Overdose.,"Victor, Bailey, Ray",2021,HSHa1b5b21f
Cannabis Use and Nonfatal Opioid Overdose among Patients Enrolled in Methadone Maintenance Treatment.,"Bryson, Morasco, Cotton, Thielke",2021,HSHa1b5b21f
Factors Predicting Chronic Opioid Use after Orthopedic Surgical Procedures.,"Goudra, Guthal, Singh",2021,HSHa1b5b21f
"Risk and protective factors for cannabis, cocaine, and opioid use disorders: An umbrella review of meta-analyses of observational studies.","Solmi, Dragioti, Croatto, Radua, Borgwardt, Carvalho, Demurtas, Mosina, Kurotschka, Shin, Fusar-Poli",2021,HSHa1b5b21f
Integrating human services and criminal justice data with claims data to predict risk of opioid overdose among Medicaid beneficiaries: A machine-learning approach.,"Lo-Ciganic, Donohue, Hulsey, Barnes, Li, Kuza, Yang, Buchanich, Huang, Mair, Wilson, Gellad",2021,PMC7971495
The Changing Epidemiology of Hepatitis C Virus Infection in the United States During the Years 2010 to 2018.,"Holtzman, Asher, Schillie",2021,PMC8034015
Risk of Chronic Opioid Use After Radiation for Head and Neck Cancer: A Systematic Review and Meta-Analysis.,"Zayed, Lin, Boldt, Sathya, Venkatesan, Read, Mendez, Moulin, Palma",2021,PMC7935701
Effectiveness of psychosocial interventions for reducing parental substance misuse.,"McGovern, Newham, Addison, Hickman, Kaner",2021,PMC8094759
Social vulnerability in persons with chronic hepatitis C virus infection is associated with a higher risk of prescription opioid use.,"Butt, Yan, Kapadia, Abou-Samra, Janjua, Ibrahim",2021,PMC7961056
The impact of medications and medical comorbidities on sexual function in people with epilepsy.,"Pellinen, Chong, Elder, Guinnessey, Wallach, Devinsky, Friedman",2021,HSHa1b5b21f
"Patterns and risk factors of opioid-suspected EMS overdose in Houston metropolitan area, 2015-2019: A Bayesian spatiotemporal analysis.","Bauer, Champagne-Langabeer, Bakos-Block, Zhang, Persse, Langabeer",2021,PMC7951926
Characteristics of Opioid Prescriptions to Veterans With Chronic Gastrointestinal Symptoms and Disorders Dually Enrolled in the Department of Veterans Affairs and Medicare Part D.,"Balbale, Cao, Trivedi, Stulberg, Suda, Gellad, Evans, Lambert, Keefer, Jordan",2021,PMC8521668
Predictors of Co-occurring Cardiovascular and Gastrointestinal Disorders among Elderly with Osteoarthritis.,"Patel, Ladani, Sambamoorthi, LeMasters, Dwibedi, Sambamoorthi",2021,PMC9718072
Cumulative protective factors are associated with decreased risk for prescription opioid misuse among high school students.,"Timpe, Clayton, Andrzejewski, Phillips, Conklin, Bohm",2021,PMC10519145
Sex differences in the relationship between prescription opioid misuse and gun and other weapon-carrying behaviors.,"Pontes, Pontes",2021,HSHa1b5b21f
Opioid-Associated Out-of-Hospital Cardiac Arrest: Distinctive Clinical Features and Implications for Health Care and Public Responses: A Scientific Statement From the American Heart Association.,"Dezfulian, Orkin, Maron, Elmer, Girotra, Gladwin, Merchant, Panchal, Perman, Starks, van Diepen, Lavonas",2021,HSHa1b5b21f
Mind-body approaches targeting the psychological aspects of opioid use problems in patients with chronic pain: evidence and opportunities.,"Martel, Bruneau, Edwards",2021,HSHa1b5b21f
"Maternal and iatrogenic neonatal opioid withdrawal syndrome: Differences and similarities in recognition, management, and consequences.","Isaac, van den Hoogen, Habib, Trang",2022,HSHa1b5b21f
Analgesic Opioid Misuse and Opioid Use Disorder among Patients with Chronic Non-Cancer Pain and Prescribed Opioids in a Pain Centre in France.,"Guillou-Landreat, Quinio, Le Reste, Le Goff, Fonsecca, Grall-Bronnec, Dany",2021,PMC7926319
The phenomics and genetics of addictive and affective comorbidity in opioid use disorder.,"Freda, Moore, Kranzler",2021,PMC8059867
Opioid Prescribing Patterns Among Facial Plastic and Reconstructive Surgeons in the Medicare Population.,"Barbarite, Occhiogrosso, McCarty, Lee, Hadlock, Shaye, Gadkaree",2021,HSHa1b5b21f
Generalized Anxiety Disorder: A Modifiable Risk Factor for Pain Catastrophizing After Total Joint Arthroplasty.,"Fillingham, Hanson, Leinweber, Lucas, Jevsevar",2021,HSHa1b5b21f
Persistent post-operative opioid use following hip arthroscopy is common and is associated with pre-operative opioid use and age.,"Degen, McClure, Le, Welk, Marsh",2021,HSHa1b5b21f
The Developmental Origins of Opioid Use Disorder and Its Comorbidities.,"Levis, Mahler, Baram",2021,PMC7904686
Neonatal sleep development and early learning in infants with prenatal opioid exposure.,"Heller, Shrestha, Morrison, Daigle, Logan, Paul, Brown, Hayes",2021,HSHa1b5b21f
Association of Opioid Use Disorder Treatment With Alcohol-Related Acute Events.,"Xu, Presnall, Mintz, Borodovsky, Bhat, Bierut, Grucza",2021,PMC7905500
Prenatal Opioid Analgesics and the Risk of Adverse Birth Outcomes.,"Brogly, Velez, Werler, Li, Camden, Guttmann",2021,PMC8011506
Sex-Specific Risk Profiles for Suicide Among Persons with Substance Use Disorders in Denmark.,"Adams, Jiang, Rosellini, Horváth-Puhó, Street, Keyes, Cerdá, Lash, Sørensen, Gradus",2021,PMC8459184
A scoping review of factors that influence opioid overdose prevention for justice-involved populations.,"Grella, Ostlie, Scott, Dennis, Carnevale, Watson",2021,PMC7898779
Prescription opioid characteristics at initiation for non-cancer pain and risk of treated opioid use disorder: A population-based study.,"Papadomanolakis-Pakis, Moore, Peng, Gomes",2021,HSHa1b5b21f
Understanding barriers to treatment among individuals not engaged in treatment who misuse opioids: A structural equation modeling approach.,"Cavazos-Rehg, Xu, Krauss, Min, Winograd, Grucza, Bierut",2021,HSHa1b5b21f
Chronic opioid use and complication risks in women with endometriosis: A cohort study in US administrative claims.,"Chiuve, Kilpatrick, Hornstein, Petruski-Ivleva, Wegrzyn, Dabrowski, Velentgas, Snabes, Bateman",2021,PMC8251707
Impact of emergency department opioid use on future health resource utilization among patients with migraine.,"Shao, Rascati, Lawson, Wilson, Shah, Garrett",2021,HSHa1b5b21f
Individual and Community Factors Associated with Naloxone Co-prescribing Among Long-term Opioid Patients: a Retrospective Analysis.,"Stein, Smart, Jones, Sheng, Powell, Sorbero",2021,PMC8481397
"Bacterial sexually transmitted infection testing and diagnoses among men who have sex with men and report prescription opioid misuse--American Men's Internet Survey, 2017-2018.","Abara, Zlotorzynska, Kirkcaldy, Sanchez",2021,PMC10173859
Opioid painkiller dependence in a sample of elderly medical inpatients.,"Chiappini, Schifano, Martinotti, Strasser, Bonnet, Scherbaum",2021,HSHa1b5b21f
Risk Factors Associated With Transition From Acute to Chronic Low Back Pain in US Patients Seeking Primary Care.,"Stevans, Delitto, Khoja, Patterson, Smith, Schneider, Freburger, Greco, Freel, Sowa, Wasan, Brennan, Hunter, Minick, Wegener, Ephraim, Friedman, Beneciuk, George, Saper",2021,PMC7887659
Mental health and use of health care services in opioid-exposed school-aged children compared to foster children.,"Sarfi, Eikemo, Welle-Strand, Muller, Lehmann",2022,PMC8940845
Identification of a sex-stratified genetic algorithm for opioid addiction risk.,"Bright, Langerveld, DeVuyst-Miller, Saadeh, Choker, Lehigh, Wheeler, Zayzafoon, Sohn",2021,PMC5657867
Early impacts of a multi-faceted implementation strategy to increase use of medication treatments for opioid use disorder in the Veterans Health Administration.,"Gustavson, Wisdom, Kenny, Salameh, Ackland, Clothier, Noorbaloochi, Gordon, Hagedorn",2021,PMC7885503
Opioid Use among Adolescents Undergoing Surgical Repair of Facial Trauma.,"Som, Santosa, Skolnick, Lapidus, Waljee, Patel",2021,PMC11630796
Gender differences in the relationship between prescription opioid misuse and depressive symptoms and suicidality among US High School Students.,"Pontes, Ayres, Wunnenberg, Pontes",2021,HSHa1b5b21f
"Patient, prescriber, and Community factors associated with filled naloxone prescriptions among patients receiving buprenorphine 2017-18.","Stein, Jones, Smart, Sheng, Sorbero",2021,PMC8027950
A national database propensity score-matched comparison of minimally invasive and open colectomy for long-term opioid use.,"Bastawrous, Brockhaus, Chang, Milky, Shih, Li, Cleary",2022,PMC8741658
A qualitative study of a publicly funded pharmacy-dispensed naloxone program.,"Antoniou, Pritlove, Shearer, Martins, Tadrous, Munro, Gomes",2021,HSHa1b5b21f
The neural substrates of risky rewards and losses in healthy volunteers and patient groups: a PET imaging study.,"Skandali, Majuri, Joutsa, Baek, Arponen, Forsback, Kaasinen, Voon",2022,PMC9693671
Opioid Overdose Risk in Patients Returning to the Emergency Department for Pain.,"Sheikh, Booth-Norse, Holden, Henson, Dodd, Edgerton, James, Kalynych, Smotherman, Hendry",2021,PMC8633658
Tobacco use severity in relation to opioid misuse and dependence among adult tobacco users with chronic pain: The moderating role of pain-related anxiety.,"Shepherd, Rogers, Garey, Ditre, Smit, Fogle, Bakhshaie, Zvolensky",2021,PMC12826625
Medical use and misuse of psychoactive prescription medications among US youth and young adults.,"Agaku, Odani, Nelson",2021,PMC7871219
Response of tertiary addictions services to opioid dependence during the COVID-19 pandemic.,"Hennigan, Corrigan, Killeen, Scully, Keenan",2021,PMC8503071
"Substance use and substance use disorder, in relation to COVID-19: protocol for a scoping review.","Kumar, Janmohamed, Nyhan, Martins, Cerda, Hasin, Scott, Pates, Ghandour, Wazaify, Khoshnood",2021,PMC7857102
How Patients and Providers Weigh the Risks and Benefits of Long-Term Opioid Therapy for Cancer Pain.,"Giannitrapani, Fereydooni, Silveira, Azarfar, Glassman, Midboe, Zenoni, Becker, Lorenz",2021,HSHa1b5b21f
Predictors of serious adverse drug events from opioids: Results from the Food and Drug Administration Adverse Events Reporting System.,"McDonald, Srisopa",2021,HSHa1b5b21f
Is Opioid-Limiting Legislation Effective for Hand Surgery Patients?,"Shah, Reid, Ruddell, Shapiro, James, Gil, Daniels, Akelman",2022,PMC9608291
Factors mediating pain-related risk for opioid use disorder.,"Nazarian, Negus, Martin",2021,PMC7954943
Emergency physician risk assessment practices prior to prescribing opioids.,"McKinney, Kisilewicz, Stiell",2021,HSHa1b5b21f
"""Here's the 'kicker': School factors associated with opioid misuse among US African American Youth.","Yockey, King, Vidourek",2023,HSHa1b5b21f
"Diagnosis of Opioid Use Disorder by Youths Assessed in Acute Care Settings in British Columbia, Canada.","Krebs, Zhou, Min, Carter, McGowan, Nosyk",2021,HSHa1b5b21f
Opioid Use After Intensive Care: A Nationwide Cohort Study.,"von Oelreich, Eriksson, Sjölund, Discacciati, Larsson, Oldner",2021,HSHa1b5b21f
Opioid Dependency and Myocardial Infarction: A Systematic Review and Meta-Analysis.,"Rohani, Rezayat, Zarifian, Nour, Vakilian, Sahebkar, Dadgarmoghaddam",2021,HSHa1b5b21f
Endogenous endophthalmitis in patients with intravenous opioid use: demographics and associated comorbidities.,"Uppuluri, Zarbin, Bhagat",2021,PMC4630262
"The marginal causal effect of opium consumption on the upper gastrointestinal cancer death using parametric g-formula: An analysis of 49,946 cases in the Golestan Cohort Study, Iran.","Mohammadi, Alimohammadian, Feizesani, Poustchi, Alizadeh, Yaseri, Mansournia, Sadjadi",2021,PMC7833230
Risk Factors for Prolonged Opioid Use After Open Treatment of Distal Radius Fractures.,"Qin, Qin, Shah",2022,PMC9608298
Identifying Patterns and Predictors of Prescription Opioid Use After Total Joint Arthroplasty.,"Chaudhary, Dalton, Koehlmoos, Schoenfeld, Goralnick",2021,HSHa1b5b21f
Massachusetts Justice Community Opioid Innovation Network (MassJCOIN).,"Evans, Stopka, Pivovarova, Murphy, Taxman, Ferguson, Bernson, Santelices, McCollister, Hoskinson, Lincoln, Friedmann",2021,PMC8263807
Racial/Ethnic Disparities in Unintentional Fatal and Nonfatal Emergency Medical Services-Attended Opioid Overdoses During the COVID-19 Pandemic in Philadelphia.,"Khatri, Pizzicato, Viner, Bobyock, Sun, Meisel, South",2021,PMC7821023
The Psychological Effects of Musculoskeletal Trauma.,"Kang, Ciminero, Parry, Mauffrey",2021,HSHa1b5b21f
Thirty-Day Readmission Among Patients with Alcoholic Acute Pancreatitis.,"Argueta, Salazar, Vohra, Corral, Lukens, Vargo, Chahal, Simons-Linares",2021,PMC4474919
Health(care) in the Crisis: Reflections in Science and Society on Opioid Addiction.,"Damiescu, Banerjee, Lee, Paul, Efferth",2021,PMC7795923
Hepatitis C virus infection and polysubstance use among young adult people who inject drugs in a rural county of New Mexico.,"Wagner, Zhong, Teshale, White, Winstanley, Hettema, Thornton, Bisztray, Fiuty, Page",2021,PMC7889731
Prenatal methadone exposure and child developmental outcomes in 2-year-old children.,"Levine, Davie-Gray, Kim, Lee, Woodward",2021,HSHa1b5b21f
"Opioid use and misuse in children, adolescents, and young adults with cancer: a systematic review of the literature.","Beauchemin, Dorritie, Hershman",2021,PMC8238862
Are prescription misuse and illicit drug use etiologically distinct? A genetically-informed analysis of opioids and stimulants.,"Dash, Martin, Agrawal, Lynskey, Slutske",2022,PMC8286273
"Three-month outcomes from a patient-centered program to treat opioid use disorder in Iowa, USA.","Lynch, Weber, Hedden, Sabbagh, Arndt, Acion",2021,PMC7801772
Pharmacotherapy in the Management of Anxiety and Pain During Acute Coronary Syndromes and the Risk of Developing Symptoms of Posttraumatic Stress Disorder.,"von Känel, Schmid, Meister-Langraf, Barth, Znoj, Schnyder, Princip, Pazhenkottil",2021,PMC7955310
Multi-environment gene interactions linked to the interplay between polysubstance dependence and suicidality.,"Polimanti, Levey, Pathak, Wendt, Nunez, Ursano, Kessler, Kranzler, Stein, Gelernter",2021,PMC7801457
Restrictive opioid prescribing policies and evolving risk environments: A qualitative study of the perspectives of patients who experienced an accidental opioid overdose.,"Mueller, Glanz, Nguyen, Stowell, Koester, Rinehart, Binswanger",2021,PMC9134796
Machine-learning model successfully predicts patients at risk for prolonged postoperative opioid use following elective knee arthroscopy.,"Lu, Forlenza, Wilbur, Lavoie-Gagne, Fu, Yanke, Cole, Verma, Forsythe",2022,PMC6484247
Motives for opioid use explain the relation between borderline personality disorder pathology and opioid use problems.,"Scamaldo, Tull, Gratz",2021,HSHa1b5b21f
Conceptualizing the effects of the COVID-19 pandemic on people with opioid use disorder: an application of the social ecological model.,"Cowan, Khan, Shastry, Edelman",2021,PMC7789072
The Genomics of Opioid Addiction Longitudinal Study (GOALS): study design for a prospective evaluation of genetic and non-genetic factors for development of and recovery from opioid use disorder.,"Heil, Zajic, Albertson, Brangan, Jones, Roberts, Sabia, Bodofsky, Resch, Rafeq, Haroz, Buono, Ferraro, Scheinfeldt, Salzman, Baston",2021,PMC7792024
Associations between breast cancer survivorship and adverse mental health outcomes: A matched population-based cohort study in the United Kingdom.,"Carreira, Williams, Funston, Stanway, Bhaskaran",2021,PMC7822529
Assessment of Prescription Opioid Medical Use and Misuse Among Parents and Their Adolescent Offspring in the US.,"Griesler, Hu, Wall, Kandel",2021,PMC7791357
Frequency of and Factors Associated With Nonmedical Opioid Use Behavior Among Patients With Cancer Receiving Opioids for Cancer Pain.,"Yennurajalingam, Arthur, Reddy, Edwards, Lu, Rozman de Moraes, Wilson, Erdogan, Joy, Ethridge, Kuriakose, Malik, Najera, Rashid, Qian, Kubiak, Nguyen, PharmD, Wu, Hui, Bruera",2021,PMC7791402
Peer-assisted injection as a harm reduction measure in a supervised consumption service: a qualitative study of client experiences.,"Pijl, Oosterbroek, Motz, Mason, Hamilton",2021,PMC7788836
New Persistent Opioid and Benzodiazepine Use After Curative-Intent Treatment in Patients With Breast Cancer.,"Sakamoto, Eguchi, Azelby, Diamond, Fisher, Borges, Bradley, Kabos",2021,HSHa1b5b21f
Opioid use as a potential risk factor for pancreatic cancer in the United States: An analysis of state and national level databases.,"Barlass, Deshmukh, Beck, Bishehsari",2021,PMC7787381
Sex differences in factors predicting post-treatment opioid use.,"Davis, Eddie, Prindle, Dworkin, Christie, Saba, DiGuiseppi, Clapp, Kelly",2021,PMC8254742
Prevalence of childhood maltreatment among people with opioid use disorder: A systematic review and meta-analysis.,"Santo, Campbell, Gisev, Tran, Colledge, Di Tanna, Degenhardt",2021,PMC7855829
"The complex relationships among race/ethnicity, social determinants, and opioid utilization.","Moriya, Xu",2021,PMC7968943
Factors Associated with Low Bone Density in Opioid Substitution Therapy Patients: A Systematic Review.,"Ramli, Syed Hashim, Mohd Effendy",2021,PMC7757153
Effect of opium consumption on cardiovascular diseases - a cross- sectional study based on data of Rafsanjan cohort study.,"Khalili, Ayoobi, Mohamadi, Jamalizadeh, La Vecchia, Esmaeili-Nadimi",2021,PMC7778811
High-Dose Opioid Use Among Veterans with Unexplained Gastrointestinal Symptoms Versus Structural Gastrointestinal Diagnoses.,"Balbale, Cao, Trivedi, Stulberg, Suda, Gellad, Evans, Lambert, Jordan, Keefer",2021,PMC8245587
Prescription opioid use after vaginal delivery and subsequent persistent opioid use and misuse.,"Zhu, Huybrechts, Desai, Franklin, Hernandez-Diaz, Krumme, Straub, Neuman, Wunsch, Levin, Mogun, Bateman",2021,PMC9631715
Validation of an oncology-specific opioid risk calculator in cancer survivors.,"Riviere, Vitzthum, Nalawade, Deka, Furnish, Mell, Rose, Wallace, Murphy",2021,HSHa1b5b21f
"The association of prescription opioid use with incident cancer: A Surveillance, Epidemiology, and End Results-Medicare population-based case-control study.","Havidich, Weiss, Onega, Low, Goodrich, Davis, Sites",2021,HSHa1b5b21f
Prevalence and Childhood Precursors of Opioid Use in the Early Decades of Life.,"Shanahan, Hill, Bechtiger, Steinhoff, Godwin, Gaydosh, Harris, Dodge, Copeland",2021,PMC7770613
Chronic opioid use after laryngeal cancer treatment.,"Starr, Oyler, Schadler, Aouad",2021,HSHa1b5b21f
"Multivariate genome-wide analysis of education, socioeconomic status and brain phenome.","Wendt, Pathak, Lencz, Krystal, Gelernter, Polimanti",2021,PMC8068566
Hepatitis C Virus Screening among Medicaid-Insured Individuals with Opioid Use Disorder across Substance Use Disorder Treatment Settings.,"Choi, Healy, Shapoval, Forthal, Neighbors",2021,PMC8262086
Study to determine relevant health outcome measures in opioid use disorder: Multicriteria decision analysis.,"Colom, Szerman, Sabater, Ferre, Pascual, Gilabert-Perramon, Casado, Bobes, M C D A-O U",2021,HSHa1b5b21f
The Role of Cannabis Use in Suicidal Ideation Among Patients With Opioid Use Disorder.,"Naji, Rosic, Sanger, Dennis, Worster, Paul, Thabane, Samaan",NA,PMC8489831
Opioid overdose in the age of fentanyl: Risk factor differences among subpopulations of overdose survivors.,"Kline, Mattern, Cooperman, Williams, Dooley-Budsock, Foglia, Borys",2021,HSHa1b5b21f
Opioid Use in Breastfeeding Mothers and Neonatal Risks.,"Hale, Krutsch",2021,HSHa1b5b21f
Opioid use at the transition to emerging adulthood: A latent class analysis of non-medical use of prescription opioids and heroin use.,"Barton, Reinhart, Campbell, Smith, Albarracin",2021,PMC12475980
Estimating the prevalence of and characteristics associated with prescription opioid diversion among a clinic population living with HIV: Indirect and direct questioning techniques.,"Canan, Chander, Moore, Alexander, Lau",2021,HSHa1b5b21f
Relative addictive potential of opioid analgesic agents.,"Connors, Mazer-Amirshahi, Motov, Kim",2021,HSHa1b5b21f
Prevalence and Its Correlation with Sustained Opioid Use in Korea: A Group-Based Trajectory Analysis.,"Yoon, Lee, Baek, Jeong, Shin",2021,HSHa1b5b21f
"Trends in Urine Drug Testing Among Long-term Opioid Users, 2012-2018.","Taha, Westra, Raji, Kuo",2021,PMC8017600
Dyadic associations between relationship quality and risk of opioid use among couples receiving methadone for opioid use disorder.,"Polenick, Kaba, Zhou, Han, Cotton",2021,PMC8115745
Quetiapine and other antipsychotics combined with opioids in legal autopsy cases: A random finding or cause of fatal outcome?,"Andersen, Simonsen, Andersen",2021,HSHa1b5b21f
Factors associated with opioid prescriptions among women proximal to pregnancy in the United States.,"Chen, Delcher, Xiao, Roussos-Ross, Huo, Chen",2021,HSHa1b5b21f
"Polysubstance Involvement in Opioid Overdose Deaths in Adolescents and Young Adults, 1999-2018.","Lim, Earlywine, Bagley, Marshall, Hadland",2021,PMC7684514
Opioid Prescribing in the 2016 Medicare Fee-for-Service Population.,"Maciejewski, Zepel, Hale, Wang, Diamantidis, Blaz, Olin, Wilson-Frederick, James, Smith",2021,HSHa1b5b21f
ECG changes in patients with opioid use disorder; P-QT wave dispersion: a retrospective study.,"Demir, Ozsoy, Buyuk, Altindag",2021,HSHa1b5b21f
Racial differences in opioid withdrawal syndrome among neonates with intrauterine opioid exposure.,"Pourcyrous, Elabiad, Rana, Gaston, DeBaer, Dhanireddy",2021,PMC4520760
The Impact of Mental Health and Substance Use on Opioid Demand After Hip Fracture Surgery.,"Cunningham, LaRose, Gage",2021,HSHa1b5b21f
Influence of inpatient opioid consumption on persistent use following total knee arthroplasty.,"Pace, Gannon, Friedland, Spurlin, Price",2021,HSHa1b5b21f
Multi-Agency Development of Medical Countermeasures Against Opioid-Induced Respiratory Depression.,"Throckmorton, Volkow, Platoff, Amaya, Laney",2021,HSHa1b5b21f
The Prevalence of Opioid Analgesic Use in People with Chronic Noncancer Pain: Systematic Review and Meta-Analysis of Observational Studies.,"Wertheimer, Mathieson, Maher, Lin, McLachlan, Buchbinder, Pearson, Underwood",2021,HSHa1b5b21f
"Incidence of Drug Use-Related Endogenous Endophthalmitis Hospitalizations in the United States, 2003 to 2016.","Mir, Papudesu, Fang, Hinkle",2021,PMC7645743
Sex-dependent effects of an Hnrnph1 mutation on fentanyl addiction-relevant behaviors but not antinociception in mice.,"Bryant, Healy, Ruan, Coehlo, Lustig, Yazdani, Luttik, Tran, Swancy, Brewin, Chen, Szumlinski",2021,PMC12962750
Preoperative Sedative Use and Other Risk Factors for Continued Narcotic Use After Total Knee Arthroplasty: A Comprehensive Analysis of a Mandatory Database.,"Wilt, Tan, Rondon, Wang, Foltz, Beredjiklian, Arnold",2021,HSHa1b5b21f
Neonatal admission and mortality in babies born in UK alongside midwifery units: a national population-based case-control study using the UK Midwifery Study System (UKMidSS).,"Rowe, Soe, Knight, Kurinczuk",2021,PMC7907574
Preoperative Patient Factors and Postoperative Complications as Risk Factors for New-Onset Depression Following Total Hip Arthroplasty.,"Wilson, Schwartz, Farley, Bradbury, Guild",2021,HSHa1b5b21f
Countermeasures for Preventing and Treating Opioid Overdose.,"France, Ahern, Averick, Disney, Enright, Esmaeli-Azad, Federico, Gerak, Husbands, Kolber, Lau, Lao, Maguire, Malfatti, Martinez, Mayer, Pravetoni, Sahibzada, Skolnick, Snyder, Tomycz, Valdez, Zapf",2021,PMC8193687
Does Undergoing Outpatient Hand Surgery Lead to Prolonged Opioid Use? A Comparison of Surgical and Nonsurgical Patients.,"Wang, Lutsky, McEntee, Banner, Katt, Nakashian, Sodha, Rivlin, Beredjiklian",2022,PMC9274888
The Surge in Deceased Liver Donors Due to the Opioid Epidemic: Is It Time to Split the Difference?,"Yoeli, Choudhury, Nydam, Pomposelli, Goss, Pomfret, Wachs, Adams",2021,HSHa1b5b21f
New Persistent Opioid Use After Inguinal Hernia Repair.,"Howard, Gunaseelan, Brummett, Waljee, Englesbe, Telem",2022,PMC8289484
"Neuroimaging in infants with prenatal opioid exposure: Current evidence, recent developments and targets for future research.","Radhakrishnan, Grecco, Stolze, Atwood, Jennings, Lien, Saykin, Sadhasivam",2021,PMC7979441
Risk of overdose-related death for people with a history of incarceration.,"Gan, Kinner, Nicholls, Xavier, Urbanoski, Greiner, Buxton, Martin, McLeod, Samji, Nolan, Meilleur, Desai, Sabeti, Slaunwhite",2021,HSHa1b5b21f
Characteristics and outcomes of hospitalizations and readmissions for opioid dependence and overdose: nationally representative data.,"Grzebinski, Stein, Dhamoon",2021,HSHa1b5b21f
Patient acceptance of naloxone resulting from targeted intervention from community pharmacists to prevent opioid misuse and accidental overdose.,"Skoy, Werremeyer, Steig, Eukel, Frenzel, Strand",2021,HSHa1b5b21f
An international multidisciplinary consensus statement on the prevention of opioid-related harm in adult surgical patients.,"Levy, Quinlan, El-Boghdadly, Fawcett, Agarwal, Bastable, Cox, de Boer, Dowdy, Hattingh, Knaggs, Mariano, Pelosi, Scott, Lobo, Macintyre",2021,HSHa1b5b21f
The incidence of persistent postoperative opioid use among U.S. veterans: A national study to identify risk factors.,"Namiranian, Siglin, Sorkin",2021,PMC7750291
"Effect of a brief scenario-tailored educational program on parents' risk knowledge, perceptions, and decisions to administer prescribed opioids: a randomized controlled trial.","Voepel-Lewis, Malviya, Grant, Dwyer, Becher, Schwartz, Tait",2021,PMC7886960
"Exploring biopsychosocial correlates of pain, pain management strategies, and risk for opioid misuse among home care workers in Washington State.","Greenspan, Alley, Rice, Olson",2021,HSHa1b5b21f
Pain sensitivity and plasma beta-endorphin in adolescent non-suicidal self-injury.,"van der Venne, Balint, Drews, Parzer, Resch, Koenig, Kaess",2021,HSHa1b5b21f
Implications of Treatment Modality on Chronic Opioid Use Following Treatment for Head and Neck Cancer.,"Bollig, Kinealy, Gilley, Clark, Galloway, Zitsch, Jorgensen, Biedermann",2021,HSHa1b5b21f
Supraglottic Carcinoma in Intravenous Opioid Drug Abusers: A Distinct Disease with Improved Survival.,"Yaniv, Reuven, Lahav, Cohen, Hamzany, Moore, Rapana, Argaman, Halperin, Popovtzer, Bachar, Shoffel-Havakuk",2021,HSHa1b5b21f
"High hepatitis C treatment uptake among people with recent drug dependence in New South Wales, Australia.","Valerio, Alavi, Law, Tillakeratne, Amin, Janjua, Krajden, George, Matthews, Hajarizadeh, Degenhardt, Grebely, Dore",2021,HSHa1b5b21f
Opioid analgesic use and its sequelae: Opioid and other substance use disorders.,"Rhee, Rosenheck",2021,HSHa1b5b21f
COVID-19 risk and outcomes in patients with substance use disorders: analyses from electronic health records in the United States.,"Wang, Kaelber, Xu, Volkow",2021,PMC7488216
Baseline and 1-year longitudinal data from the National Restless Legs Syndrome Opioid Registry.,"Winkelman, Purks, Wipper",2021,HSHa1b5b21f
"Impact of reported NSAID ""allergies"" on opioid use disorder in back pain.","Li, Chang, Song, Losina, Costenbader, Laidlaw",2021,PMC7995999
"Prevalence of birth defects among infants with neonatal abstinence syndrome in Illinois, 2015-2016.","Fornoff, Sandidge",2021,HSHa1b5b21f
Medications for Opioid use Disorder Associated With Less Against Medical Advice Discharge Among Persons Who Inject Drugs Hospitalized With an Invasive Infection.,"Nolan, Marks, Liang, Durkin",2021,PMC7995266
Short-Term Graft Failure of Organs Procured from Drug-Related Deaths Compared with Other Causes of Death.,"Kim, Chhabra, Weech, Leikin",2021,PMC7785622
Preoperative opioid use is a risk factor for complication following revision total hip arthroplasty.,"Wilson, Farley, Erens, Bradbury, Guild",2022,HSHa1b5b21f
Suicide risk among persons living with HIV.,"Brown, Majeed, Mu, McCann, Durborow, Chen, Blank",2021,PMC7855619
The development of a nomogram to determine the frequency of elevated risk for non-medical opioid use in cancer patients.,"Yennurajalingam, Edwards, Arthur, Lu, Erdogan, Malik, Naqvi, Wu, Liu, Williams, Hui, Reddy, Bruera",2021,HSHa1b5b21f
Prenatal Methamphetamine Exposure and Adverse Neonatal Outcomes: A Nationwide Cohort Study.,"Gabrhelík, Skurtveit, Nechanská, Handal, Mahic, Mravčík",2021,HSHa1b5b21f
Variations in postoperative opioid prescribing by day of week and duration of hospital stay.,"Lazar, Zaveri, Khetan, Nobel, Divino",2021,HSHa1b5b21f
Mental health and substance use affect perioperative opioid demand in upper extremity trauma surgery.,"Cunningham, LaRose, Klifto, Gage",2021,HSHa1b5b21f
Suicidal ideation and attempts following nonmedical use of prescription opioids and related disorder.,"Santaella-Tenorio, Martins, Cerdá, Olfson, Keyes",2022,PMC7810360
Donor-derived human herpesvirus 8 and development of Kaposi sarcoma among 6 recipients of organs from donors with high-risk sexual and substance use behavior.,"Dollard, Annambhotla, Wong, Meneses, Amin, La Hoz, Lease, Budev, Arrossi, Basavaraju, Thomas",2021,PMC7891580
High incidence of healthcare facility-acquired Clostridium difficile infections in chronic opioid users.,"Lichtbroun, Jafri, Chaudhary, Batool, Ahmed, Lim",2021,HSHa1b5b21f
Incidence and factors associated with discontinuation of opioid agonist therapy among people who inject drugs in Australia.,"Geddes, Iversen, Wand, Maher",2021,HSHa1b5b21f
Haplotype-based association study of Opioid Receptor Kappa-type 1 (OPRK1) gene polymorphisms with nicotine dependence among male smokers.,"Albonaim, Sharafshah, Keshavarz",2021,HSHa1b5b21f
"Prevalence and risk factors for prolonged opioid use after total joint arthroplasty: a systematic review, meta-analysis, and meta-regression.","Wu, Li, Zeng, Si, Liu, Yang, Shen",2021,PMC3289991
Prescription-related risk factors for opioid-related overdoses in the era of fentanyl contamination of illicit drug supply: A retrospective case-control study.,"Smolina, Crabtree, Chong, Park, Mill, Zhao, Schütz",2022,HSHa1b5b21f
The Association Between Preoperative Opioid Exposure and Prolonged Postoperative Use.,"Katzman, Harker, Ahmed, Keilin, Vu, Cron, Gunaseelan, Lai, Brummett, Englesbe, Waljee",2021,HSHa1b5b21f
Preoperative opioid use is associated with increased risk of postoperative complications within a colorectal-enhanced recovery protocol.,"Hassinger, Krebs, Turrentine, Thiele, Sarosiek, Hoang, Friel, Hedrick",2021,PMC4037507
Sleep moderates the relationship between stress and craving in individuals with opioid use disorder.,"Teeters, Jones, Jarnecke, Back",2021,PMC8375668
Characteristics of Suicides and Toxicology in a Cohort of Individuals With Opioid Use Disorder.,"Pfeifer, Nigg-Trawally, Bartsch, Reisch",2021,HSHa1b5b21f
Neonatal Opioid Withdrawal Syndrome (NOWS): A Transgenerational Echo of the Opioid Crisis.,"Weller, Crist, Reiner, Doyle, Berrettini",2021,PMC7919394
Opportunities for Emergency Medical Services Intervention to Prevent Opioid Overdose Mortality.,"Barefoot, Cyr, Brice, Bachman, Williams, Cabanas, Herbert",2021,PMC7529698
Shared genetic risk between eating disorder- and substance-use-related phenotypes: Evidence from genome-wide association studies.,"Munn-Chernoff, Johnson, Chou, Coleman, Thornton, Walters, Yilmaz, Baker, Hübel, Gordon, Medland, Watson, Gaspar, Bryois, Hinney, Leppä, Mattheisen, Ripke, Yao, Giusti-Rodríguez, Hanscombe, Adan, Alfredsson, Ando, Andreassen, Berrettini, Boehm, Boni, Boraska Perica, Buehren, Burghardt, Cassina, Cichon, Clementi, Cone, Courtet, Crow, Crowley, Danner, Davis, de Zwaan, Dedoussis, Degortes, DeSocio, Dick, Dikeos, Dina, Dmitrzak-Weglarz, Docampo, Duncan, Egberts, Ehrlich, Escaramís, Esko, Estivill, Farmer, Favaro, Fernández-Aranda, Fichter, Fischer, Föcker, Foretova, Forstner, Forzan, Franklin, Gallinger, Giegling, Giuranna, Gonidakis, Gorwood, Gratacos Mayora, Guillaume, Guo, Hakonarson, Hatzikotoulas, Hauser, Hebebrand, Helder, Herms, Herpertz-Dahlmann, Herzog, Huckins, Hudson, Imgart, Inoko, Janout, Jiménez-Murcia, Julià, Kalsi, Kaminská, Karhunen, Karwautz, Kas, Kennedy, Keski-Rahkonen, Kiezebrink, Kim, Klump, Knudsen, La Via, Le Hellard, Levitan, Li, Lilenfeld, Lin, Lissowska, Luykx, Magistretti, Maj, Mannik, Marsal, Marshall, Mattingsdal, McDevitt, McGuffin, Metspalu, Meulenbelt, Micali, Mitchell, Monteleone, Monteleone, Nacmias, Navratilova, Ntalla, O'Toole, Ophoff, Padyukov, Palotie, Pantel, Papezova, Pinto, Rabionet, Raevuori, Ramoz, Reichborn-Kjennerud, Ricca, Ripatti, Ritschel, Roberts, Rotondo, Rujescu, Rybakowski, Santonastaso, Scherag, Scherer, Schmidt, Schork, Schosser, Seitz, Slachtova, Slagboom, Slof-Op't Landt, Slopien, Sorbi, Świątkowska, Szatkiewicz, Tachmazidou, Tenconi, Tortorella, Tozzi, Treasure, Tsitsika, Tyszkiewicz-Nwafor, Tziouvas, van Elburg, van Furth, Wagner, Walton, Widen, Zeggini, Zerwas, Zipfel, Bergen, Boden, Brandt, Crawford, Halmi, Horwood, Johnson, Kaplan, Kaye, Mitchell, Olsen, Pearson, Pedersen, Strober, Werge, Whiteman, Woodside, Grove, Henders, Larsen, Parker, Petersen, Jordan, Kennedy, Birgegård, Lichtenstein, Norring, Landén, Mortensen, Polimanti, McClintick, Adkins, Aliev, Bacanu, Batzler, Bertelsen, Biernacka, Bigdeli, Chen, Clarke, Degenhardt, Docherty, Edwards, Foo, Fox, Frank, Hack, Hartmann, Hartz, Heilmann-Heimbach, Hodgkinson, Hoffmann, Hottenga, Konte, Lahti, Lahti-Pulkkinen, Lai, Ligthart, Loukola, Maher, Mbarek, McIntosh, McQueen, Meyers, Milaneschi, Palviainen, Peterson, Ryu, Saccone, Salvatore, Sanchez-Roige, Schwandt, Sherva, Streit, Strohmaier, Thomas, Wang, Webb, Wedow, Wetherill, Wills, Zhou, Boardman, Chen, Choi, Copeland, Culverhouse, Dahmen, Degenhardt, Domingue, Frye, Gäebel, Hayward, Ising, Keyes, Kiefer, Koller, Kramer, Kuperman, Lucae, Lynskey, Maier, Mann, Männistö, Müller-Myhsok, Murray, Nurnberger, Preuss, Räikkönen, Reynolds, Ridinger, Scherbaum, Schuckit, Soyka, Treutlein, Witt, Wodarz, Zill, Adkins, Boomsma, Bierut, Brown, Bucholz, Costello, de Wit, Diazgranados, Eriksson, Farrer, Foroud, Gillespie, Goate, Goldman, Grucza, Hancock, Harris, Hesselbrock, Hewitt, Hopfer, Iacono, Johnson, Karpyak, Kendler, Kranzler, Krauter, Lind, McGue, MacKillop, Madden, Maes, Magnusson, Nelson, Nöthen, Palmer, Penninx, Porjesz, Rice, Rietschel, Riley, Rose, Shen, Silberg, Stallings, Tarter, Vanyukov, Vrieze, Wall, Whitfield, Zhao, Neale, Wade, Heath, Montgomery, Martin, Sullivan, Kaprio, Breen, Gelernter, Edenberg, Bulik, Agrawal",2021,PMC7429266
Opioid misuse among persons with HIV engaged in care in the Southeastern US.,"Schranz, Davy-Mendez, Eron, Napravnik",2021,PMC7276291
Opioid Use Disorder is Associated With Complications and Increased Length of Stay After Major Abdominal Surgery.,"Song, Tang, Roses, Fraker, DeMatteo, Kelz, Karakousis",2021,HSHa1b5b21f
Persistent Opioid Use After Combat Injury and Subsequent Long-term Risk of Abuse: A Retrospective Cohort Study.,"Beyer, Poltavskiy, Walker, Pettey, Suo, Redd, Rittel, Kazanis, Dunham, Zarzabal, Rutter, Sim, Watrous, Howard, Janak, Stewart, Gundlapalli",2021,HSHa1b5b21f
Borderline Personality Disorder Features and Risk for Prescription Opioid Misuse in a Chronic Pain Sample: Roles for Identity Disturbances and Impulsivity.,"Reynolds, Vest, Tragesser",2021,HSHa1b5b21f
"Identification of novel risk loci with shared effects on alcoholism, heroin, and methamphetamine dependence.","Sun, Chang, Liu, Zhang, Wang, Yue, Sun, Ni, Chang, Zhang, Chen, Liu, Lu, Shi",2021,HSHa1b5b21f
Understanding barriers to timely identification of infants at risk of neonatal opiate withdrawal syndrome.,"Howell, Smith, Lindsay, Drury",2021,HSHa1b5b21f
