feature,scaled_importance_mean,scaled_importance_std,scaled_importance_count,importance_mean,importance_std,recall_mean,logloss_mean
item_S0109,0.042351072525784524,0.0021598194714315885,10,0.0606451612903226,0.0031397150544885725,0.6983690476190476,0.15316301945778832
item_H0020,0.03724477040816327,0.0018034418736717732,10,0.05332949308755761,0.0025348240333977006,0.6983690476190476,0.15316301945778832
item_SUBOXONE,0.0275510437239412,0.0025477390068533046,10,0.03944700460829494,0.0035968160973314047,0.6983690476190476,0.15316301945778832
item_80307,0.01748253648233488,0.0018493765772793786,10,0.02503456221198158,0.002658409964889978,0.6983690476190476,0.15316301945778832
item_G9012,0.013571790651744622,0.0006567768175091755,10,0.01943548387096782,0.0009806547137348424,0.6983690476190476,0.15316301945778832
item_NARCAN,0.011278984254992321,0.0008092930621609996,10,0.016152073732718895,0.0011783986736719045,0.6983690476190476,0.15316301945778832
item_H0004,0.011117094579767412,0.0008419150985055752,10,0.015921658986175147,0.0012465132552177361,0.6983690476190476,0.15316301945778832
item_80305,0.006204381994733393,0.0011854493198342443,10,0.008882488479262696,0.001683105729460698,0.6983690476190476,0.15316301945778832
item_G0481,0.005366662552117636,0.00015964392828221897,10,0.0076843317972350444,0.00021757627456552654,0.6983690476190476,0.15316301945778832
item_82075,0.004996915459732299,0.0005386164569508769,10,0.007154377880184359,0.0007631371344884271,0.6983690476190476,0.15316301945778832
item_H0005,0.004979995062541161,0.0005182037353104578,10,0.007131336405529975,0.0007475174284566138,0.6983690476190476,0.15316301945778832
item_BUPRENORPHINE HCL/NALOXON,0.004561751152073755,0.0006262691052329833,10,0.006532258064516161,0.0008990605076095004,0.6983690476190476,0.15316301945778832
item_G0482,0.0037648644941847983,0.0004304088546533112,10,0.005391705069124464,0.0006234932025376894,0.6983690476190476,0.15316301945778832
item_80348,0.0034513852315119714,0.00041630098360746786,10,0.0049423963133640725,0.0005985118831246881,0.6983690476190476,0.15316301945778832
item_BUPRENORPHINE HYDROCHLORI,0.0034187513715163444,0.0007502917292999423,10,0.004896313364055294,0.001079717044509178,0.6983690476190476,0.15316301945778832
item_GABAPENTIN,0.0021568164362519475,0.0008874731509610932,10,0.0030875576036866748,0.0012653012510114013,0.6983690476190476,0.15316301945778832
item_90791,0.002011683947772678,0.0007046304217447714,10,0.002880184331797264,0.001007287023702289,0.6983690476190476,0.15316301945778832
item_H0006,0.0019234803598859064,0.0003699477719274436,10,0.0027534562211981805,0.0005250052795740255,0.6983690476190476,0.15316301945778832
item_90853,0.0019145888193987611,0.0006373196154281427,10,0.002741935483871016,0.0009149138741970449,0.6983690476190476,0.15316301945778832
item_CLONIDINE HYDROCHLORIDE,0.0017148644941847716,0.0007668116658795233,10,0.0024539170506912454,0.0010916704971791335,0.6983690476190476,0.15316301945778832
item_F1910,0.0015610996818082343,0.00039517048503926074,10,0.002235023041474693,0.0005649209077859367,0.6983690476190476,0.15316301945778832
item_99233,0.0013268542901031235,0.0007876884523287789,10,0.0019009216589861544,0.001130429034526515,0.6983690476190476,0.15316301945778832
item_J0574,0.0012871831797235278,0.0003896730943090807,10,0.0018433179723502668,0.0005591482249831157,0.6983690476190476,0.15316301945778832
item_Z23,0.001199454136493321,0.000420944003618575,10,0.001716589861751172,0.0005985118831246705,0.6983690476190476,0.15316301945778832
item_H0010,0.0011911057164801563,0.00033801482096907466,10,0.0017050691244239857,0.00048209999466898937,0.6983690476190476,0.15316301945778832
item_TRAZODONE HYDROCHLORIDE,0.0011272136273864299,0.0007109813500529342,10,0.001612903225806439,0.0010160335295947252,0.6983690476190476,0.15316301945778832
item_Z79891,0.001126615646258518,0.0003419472296165888,10,0.0016129032258064724,0.0004887834892994593,0.6983690476190476,0.15316301945778832
item_90471,0.0011169162826420898,0.0006397999270593198,10,0.0016013824884792637,0.0009191754814156935,0.6983690476190476,0.15316301945778832
item_99215,0.0010784754224270527,0.0008932842826309576,10,0.001543778801843343,0.0012773652688470075,0.6983690476190476,0.15316301945778832
item_80061,0.0010703766183892793,0.0008899013701372654,10,0.0015322580645161122,0.0012725649748966021,0.6983690476190476,0.15316301945778832
item_99396,0.0010703039280228334,0.00023212395059799346,10,0.0015322580645161453,0.00033057356707612555,0.6983690476190476,0.15316301945778832
item_QUETIAPINE FUMARATE,0.0010633667983322415,0.0005727828437231994,10,0.001520737327188948,0.0008124638735242874,0.6983690476190476,0.15316301945778832
item_PRAZOSIN HCL,0.001005619102479735,0.0003113138306335737,10,0.0014400921658986655,0.00044536918220980235,0.6983690476190476,0.15316301945778832
item_J0572,0.0008932288237875913,0.00012352999374377882,10,0.0012788018433179892,0.0001755626643727155,0.6983690476190476,0.15316301945778832
item_A9270,0.0008530104783849154,0.00042192743660102465,10,0.0012211981566820462,0.0006028085060015134,0.6983690476190476,0.15316301945778832
item_F1190,0.0008371447772657539,0.00034846530221465635,10,0.0011981566820276623,0.0004953768201719648,0.6983690476190476,0.15316301945778832
item_87880,0.000812724928681164,0.0001540838398879721,10,0.0011635944700461032,0.0002202708202718889,0.6983690476190476,0.15316301945778832
item_Z79899,0.0007967357910906398,0.0006077156469263867,10,0.0011405529953917193,0.000869711814296955,0.6983690476190476,0.15316301945778832
item_88175,0.0007652252029844289,0.0005296530125479296,10,0.0010944700460829627,0.0007549770833847132,0.6983690476190476,0.15316301945778832
item_CITALOPRAM HYDROBROMIDE,0.0007638248847926282,0.0005044932909605713,10,0.0010944700460829514,0.0007230480178095866,0.6983690476190476,0.15316301945778832
item_81025,0.0007558056287031053,0.00022380540625384723,10,0.0010829493087557763,0.00032221469989863604,0.6983690476190476,0.15316301945778832
item_99284,0.000707546082949315,0.0007175407242112224,10,0.0010138248847926356,0.0010287272288942312,0.6983690476190476,0.15316301945778832
item_F1520,0.0007002166995830671,0.0005198276371943428,10,0.0010023041474654492,0.0007447502999753553,0.6983690476190476,0.15316301945778832
item_G8929,0.000691307329383407,0.00036873283453125907,10,0.0009907834101383073,0.0005298982583920637,0.6983690476190476,0.15316301945778832
item_FLUOXETINE HCL,0.000675689872723304,0.0005487867132013027,10,0.0009677419354839012,0.0007873908682865782,0.6983690476190476,0.15316301945778832
item_BUPROPION HYDROCHLORIDE E,0.0006754196840026465,0.0004115400082259099,10,0.00096774193548389,0.0005904494959688012,0.6983690476190476,0.15316301945778832
item_G0480,0.0006037840136054329,0.0006567827311022635,10,0.000864055299539157,0.0009394876975979674,0.6983690476190476,0.15316301945778832
item_99395,0.0005950351108185134,0.0002366125471754698,10,0.0008525345622119706,0.0003400298559320989,0.6983690476190476,0.15316301945778832
item_Z01419,0.000587888139126628,0.00044150155731843425,10,0.0008410138248848064,0.0006311336154590394,0.6983690476190476,0.15316301945778832
item_77063,0.00056324199034454,8.524513351974638e-05,10,0.0008064516129032473,0.00012143923426145504,0.6983690476190476,0.15316301945778832
item_80306,0.000523245830590309,0.0005376539330909914,10,0.0007488479262672931,0.0007704455701896533,0.6983690476190476,0.15316301945778832
item_87491,0.0004981621680930574,0.00036092848507283617,10,0.0007142857142857339,0.0005175078503202241,0.6983690476190476,0.15316301945778832
item_99281,0.0004910522273425731,0.0002720243486832288,10,0.0007027649769585587,0.00038955313833839906,0.6983690476190476,0.15316301945778832
item_HYDROXYZINE PAMOATE,0.0004906201996927881,0.00037543980458770954,10,0.0007027649769585365,0.0005388673595595064,0.6983690476190476,0.15316301945778832
item_CLONAZEPAM,0.0004828875905200731,0.00036844141239938423,10,0.0006912442396313278,0.0005265479723810456,0.6983690476190476,0.15316301945778832
item_K5900,0.00048266266183895416,0.0005045795662139598,10,0.0006912442396313723,0.0007225379309610932,0.6983690476190476,0.15316301945778832
item_76830,0.0004586624972569821,0.0003474023045276001,10,0.0006566820276497909,0.0004979008604720025,0.6983690476190476,0.15316301945778832
item_97140,0.0004425279789335196,0.00029631819348256163,10,0.000633640552995407,0.00042503731991509096,0.6983690476190476,0.15316301945778832
item_90792,0.0004422989357033397,0.0004066621362215522,10,0.0006336405529954292,0.0005830348099342806,0.6983690476190476,0.15316301945778832
item_S0201,0.000435003840245796,0.00028777139841895937,10,0.0006221198156682317,0.0004107447605874181,0.6983690476190476,0.15316301945778832
item_O99323,0.00042641540487164806,0.00020801841440829473,10,0.0006105990783410453,0.00029771194229364175,0.6983690476190476,0.15316301945778832
item_90833,0.0004263838599956176,0.00044192376149285715,10,0.0006105990783410231,0.0006334659723190032,0.6983690476190476,0.15316301945778832
item_90837,0.00041792023260917314,0.0004969591957564136,10,0.0005990783410138256,0.0007118452602601349,0.6983690476190476,0.15316301945778832
item_84484,0.0004111833443054665,0.0006597850140141302,10,0.0005875576036866393,0.0009429347954603746,0.6983690476190476,0.15316301945778832
item_F1123,0.0004105935922755991,0.00021691149790968665,10,0.000587557603686606,0.0003093722590034514,0.6983690476190476,0.15316301945778832
item_J2060,0.0004099256638139227,0.00028224848893409625,10,0.0005875576036866503,0.000404412707124466,0.6983690476190476,0.15316301945778832
item_99385,0.0004023795808646157,0.00016958260308474004,10,0.0005760368663594639,0.00024287846852293353,0.6983690476190476,0.15316301945778832
item_PAROXETINE HCL,0.0003944316436251979,0.00019563846163661705,10,0.0005645161290322665,0.00027931023880135993,0.6983690476190476,0.15316301945778832
item_A419,0.0003942766622778357,0.00026885060815372747,10,0.0005645161290322887,0.0003857488173225177,0.6983690476190476,0.15316301945778832
item_T401X1A,0.00038622448979593374,3.427965679846151e-05,10,0.0005529953917050911,4.8575693704590206e-05,0.6983690476190476,0.15316301945778832
item_POLYETHYLENE GLYCOL 3350,0.0003860571648013966,0.00034281850943674035,10,0.0005529953917050578,0.0004911913043108685,0.6983690476190476,0.15316301945778832
item_AMPHETAMINE/DEXTROAMPHETA,0.00036984309852974574,0.0002815843071696626,10,0.0005299539170507073,0.00040350001648428285,0.6983690476190476,0.15316301945778832
item_G0467,0.00036971417599299675,0.00047424950762927997,10,0.0005299539170507183,0.0006809265824670347,0.6983690476190476,0.15316301945778832
item_CLINDAMYCIN HCL,0.00036146587667326295,0.0004306011708271043,10,0.0005184331797235209,0.0006174322269897499,0.6983690476190476,0.15316301945778832
item_ARIPIPRAZOLE,0.00035435044985736156,0.00038831018245071865,10,0.0005069124423963123,0.0005543804126764676,0.6983690476190476,0.15316301945778832
item_80324,0.00035430793285056654,0.0001803330858905006,10,0.0005069124423963233,0.0002558883448380675,0.6983690476190476,0.15316301945778832
item_Z0389,0.0003539705398288495,0.0003993704174023918,10,0.0005069124423963345,0.0005726989825593877,0.6983690476190476,0.15316301945778832
item_F39,0.00035382790212861587,0.0002990083384903058,10,0.0005069124423963456,0.0004283208446574304,0.6983690476190476,0.15316301945778832
item_82306,0.00035380184331797155,0.0004263880458029364,10,0.0005069124423963123,0.000612516191624502,0.6983690476190476,0.15316301945778832
item_R4182,0.00035360434496380674,0.000390384289425651,10,0.0005069124423963345,0.0005596754747230865,0.6983690476190476,0.15316301945778832
item_F1121,0.00034623381610709677,0.0003031728458166583,10,0.000495391705069137,0.0004346438960651857,0.6983690476190476,0.15316301945778832
item_H0015,0.00033827490673691435,0.00024268146852980473,10,0.0004838709677419728,0.0003468998399581005,0.6983690476190476,0.15316301945778832
item_PENICILLIN V POTASSIUM,0.0003302693658108373,0.0005878070414015168,10,0.000472350230414742,0.0008403910887357685,0.6983690476190476,0.15316301945778832
item_Z5181,0.00032992922975640007,0.00034204410473425686,10,0.0004723502304147198,0.0004901393406954815,0.6983690476190476,0.15316301945778832
item_99386,0.0003216987601492351,9.243666654741609e-05,10,0.0004608294930875778,0.00013303001594230202,0.6983690476190476,0.15316301945778832
item_J1100,0.0003135656682027499,0.0005410147572266442,10,0.00044930875576034703,0.0007746452550534326,0.6983690476190476,0.15316301945778832
item_36415,0.0003057740838271046,0.0002856654324746884,10,0.00043778801843321615,0.0004093060704907817,0.6983690476190476,0.15316301945778832
item_LYRICA,0.00029817725477288855,0.0003569111809609154,10,0.00042626728110600753,0.0005096108877890479,0.6983690476190476,0.15316301945778832
item_82565,0.00029802913100726114,0.00039143675974270684,10,0.00042626728110601865,0.0005592800840169525,0.6983690476190476,0.15316301945778832
item_99203,0.00029789060785603415,0.0005808260700307187,10,0.00042626728110597425,0.0008326340089875412,0.6983690476190476,0.15316301945778832
item_VIVITROL,0.0002975724160632112,0.0001423245066607762,10,0.00042626728110600753,0.00020356925162363782,0.6983690476190476,0.15316301945778832
item_80074,0.00029756830151415794,0.00020760125630873709,10,0.0004262672811059964,0.00029771194229365704,0.6983690476190476,0.15316301945778832
item_74177,0.0002974270353302651,0.00029083203153404245,10,0.0004262672811059964,0.0004173341931458372,0.6983690476190476,0.15316301945778832
item_99222,0.0002970608404652377,0.0004468332291344361,10,0.00042626728110601865,0.000640412078787454,0.6983690476190476,0.15316301945778832
item_VITAMIN D,0.00028964642308535344,0.0002968672374482381,10,0.00041474654377878786,0.000424863799875264,0.6983690476190476,0.15316301945778832
item_99408,0.0002820756528417894,0.00037595319618610165,10,0.00040322580645162364,0.0005383197299875844,0.6983690476190476,0.15316301945778832
item_90686,0.0002819755321483507,0.00031467401302453786,10,0.00040322580645162364,0.0004486682582776085,0.6983690476190476,0.15316301945778832
item_80362,0.0002813665788896202,0.0001899589575661488,10,0.0004032258064516125,0.00027290073739538143,0.6983690476190476,0.15316301945778832
item_HYDROXYZINE HYDROCHLORIDE,0.00027435538731620287,0.0003231870534352973,10,0.00039170506912440396,0.000461469090193556,0.6983690476190476,0.15316301945778832
item_99232,0.000273762892253685,0.0005428874096809122,10,0.00039170506912443724,0.0007760717713714018,0.6983690476190476,0.15316301945778832
item_86901,0.00027361476848803415,0.00014308267115512735,10,0.00039170506912441507,0.0002046530352454054,0.6983690476190476,0.15316301945778832
item_AZELASTINE HYDROCHLORIDE,0.00027341041255210367,0.00011464781202441432,10,0.00039170506912440396,0.00016472819193186455,0.6983690476190476,0.15316301945778832
item_M545,0.00026697251481238763,0.0007595620812434664,10,0.00038018433179725085,0.001086253416251,0.6983690476190476,0.15316301945778832
item_FUROSEMIDE,0.0002660673140223865,0.0003048175844969621,10,0.00038018433179723974,0.00043464389606516577,0.6983690476190476,0.15316301945778832
item_K047,0.00026558591178407954,0.00019764236922115378,10,0.00038018433179725085,0.0002824604538930041,0.6983690476190476,0.15316301945778832
item_O99320,0.00026542955892034563,3.819462878761504e-05,10,0.00038018433179723974,5.565044833408938e-05,0.6983690476190476,0.15316301945778832
item_80053,0.0002652951503181797,0.0005589687610710607,10,0.00038018433179721757,0.0008019588112997888,0.6983690476190476,0.15316301945778832
item_F329,0.0002575995720868889,0.0005655320760522535,10,0.0003686635944700312,0.0008106466852202348,0.6983690476190476,0.15316301945778832
item_CHANTIX STARTING MONTH PA,0.0002573883585692238,0.00015051355125890263,10,0.0003686635944700312,0.0002158751048011521,0.6983690476190476,0.15316301945778832
item_R5383,0.000256581906956336,0.0003878086925428866,10,0.00036866359447005335,0.0005559742264471366,0.6983690476190476,0.15316301945778832
item_F1220,0.0002496598639455851,0.00030963403201418317,10,0.00035714285714286695,0.0004427122207973818,0.6983690476190476,0.15316301945778832
item_84703,0.00024944042132980587,0.0001443388961271919,10,0.00035714285714283367,0.00020644669824447853,0.6983690476190476,0.15316301945778832
item_F1110,0.00024924978055737557,0.00016305509258063606,10,0.0003571428571428448,0.00023327715128244262,0.6983690476190476,0.15316301945778832
item_72050,0.00024166803818301605,0.00028133475805581316,10,0.0003456221198156695,0.0004027683748733257,0.6983690476190476,0.15316301945778832
item_80374,0.00024162689269256952,0.00020796257374659145,10,0.00034562211981568056,0.00029746415869489674,0.6983690476190476,0.15316301945778832
item_Z043,0.00024160631994735014,0.00020794438348854588,10,0.0003456221198156917,0.00029746415869490633,0.6983690476190476,0.15316301945778832
item_OXYCODONE HYDROCHLORIDE,0.00023366798332237932,0.0004144248999071365,10,0.0003341013824885053,0.0005935633742021431,0.6983690476190476,0.15316301945778832
item_H0046,0.0002331358349791634,0.00026368152499840254,10,0.00033410138248849417,0.0003780253364769706,0.6983690476190476,0.15316301945778832
item_OLANZAPINE,0.00022593263111696742,0.00034558207797521237,10,0.0003225806451612967,0.0004941845757955764,0.6983690476190476,0.15316301945778832
item_80048,0.00022522355716479817,0.0006007193402041202,10,0.0003225806451612856,0.0008617908542349112,0.6983690476190476,0.15316301945778832
item_73560,0.00022517418257626847,0.000300475285029991,10,0.0003225806451613078,0.00043038174273802237,0.6983690476190476,0.15316301945778832
item_CEPHALEXIN,0.00021738534123327369,0.00022144781569742532,10,0.0003110599078341103,0.0003169075427922872,0.6983690476190476,0.15316301945778832
item_72148,0.00021717412771560864,0.00036137440196806173,10,0.0003110599078341103,0.0005182197888193501,0.6983690476190476,0.15316301945778832
item_80051,0.00021704657669518491,0.00011363437123370811,10,0.0003110599078340881,0.0001633797802318293,0.6983690476190476,0.15316301945778832
item_82150,0.00020169519420671695,0.00034277086166577026,10,0.00028801843317972643,0.0004895372036859511,0.6983690476190476,0.15316301945778832
item_J2405,0.0002013001974983485,0.00019875904738222622,10,0.0002880184331797153,0.0002835027469322799,0.6983690476190476,0.15316301945778832
item_17110,0.00020126179504059894,0.00011554364496131286,10,0.00028801843317972643,0.00016517521634107075,0.6983690476190476,0.15316301945778832
item_99409,0.00020104372394119915,0.0002848514247044198,10,0.00028801843317973754,0.0004073195744162199,0.6983690476190476,0.15316301945778832
item_72131,0.00020094771779679814,0.00021181885364435598,10,0.00028801843317972643,0.0003035980856536493,0.6983690476190476,0.15316301945778832
item_99223,0.00019345238095240034,0.0004615533293430886,10,0.0002764976958525622,0.0006611471341523203,0.6983690476190476,0.15316301945778832
item_71046,0.0001926267281106029,0.0006091391990554879,10,0.00027649769585254004,0.0008743624866825186,0.6983690476190476,0.15316301945778832
item_N390,0.0001852863726135904,0.00034789281121511053,10,0.00026497695852538693,0.0004979008604719962,0.6983690476190476,0.15316301945778832
item_99205,0.00018514922097870415,0.0004174975300633821,10,0.0002649769585253314,0.0005975254599027437,0.6983690476190476,0.15316301945778832
item_82947,0.0001850422427035464,0.00010740406043404155,10,0.00026497695852536476,0.00015408911403792572,0.6983690476190476,0.15316301945778832
item_G5601,0.00018486394557826012,0.0002146011881050886,10,0.00026497695852538693,0.0003074595837365696,0.6983690476190476,0.15316301945778832
item_80373,0.0001847555957866997,0.0002734343598901119,10,0.00026497695852534253,0.0003918180012498911,0.6983690476190476,0.15316301945778832
item_PRENATAL VITAMINS,0.00018465684660963266,0.00019686513352685595,10,0.0002649769585253758,0.00028246045389302067,0.6983690476190476,0.15316301945778832
item_72125,0.00017729866140006676,0.00023018571845839666,10,0.0002534562211981894,0.00032945638386369457,0.6983690476190476,0.15316301945778832
item_Z0000,0.0001770833333333253,0.000327675008580805,10,0.000253456221198145,0.00046970460373025973,0.6983690476190476,0.15316301945778832
item_R509,0.00017704355935921175,0.00011266143210546028,10,0.0002534562211981339,0.00016110734994933523,0.6983690476190476,0.15316301945778832
item_FLUCONAZOLE,0.00017704081632653794,0.00021727542688296437,10,0.00025345622119816725,0.0003110362017099264,0.6983690476190476,0.15316301945778832
item_99239,0.0001768926925609105,0.0003805588946770417,10,0.00025345622119817837,0.0005452608095022905,0.6983690476190476,0.15316301945778832
item_TRETINOIN,0.00017680217248188012,8.280386228987862e-05,10,0.0002534562211981339,0.00011898566347794484,0.6983690476190476,0.15316301945778832
item_87521,0.00017667050691246526,0.00022355749811610697,10,0.0002534562211981894,0.00032037870375753886,0.6983690476190476,0.15316301945778832
item_AMOXICILLIN/CLAVULANATE P,0.00016931095018652762,0.0004279563209316615,10,0.00024193548387096975,0.0006131178185170211,0.6983690476190476,0.15316301945778832
item_LEVETIRACETAM,0.00016896669958307598,0.00018353485420072782,10,0.00024193548387099195,0.0002629937583450764,0.6983690476190476,0.15316301945778832
item_87086,0.00016885560675884177,0.00028218474508245666,10,0.00024193548387098086,0.000404412707124479,0.6983690476190476,0.15316301945778832
item_M5416,0.00016874314241825905,0.00024964223817699175,10,0.00024193548387096975,0.0003579883621020228,0.6983690476190476,0.15316301945778832
item_J2270,0.00016106265086679377,0.00027580594157310367,10,0.00023041474654377224,0.000395377501574004,0.6983690476190476,0.15316301945778832
item_FLUOXETINE HYDROCHLORIDE,0.00016087886767610592,0.0003731036759583049,10,0.00023041474654378336,0.0005348843424417692,0.6983690476190476,0.15316301945778832
item_LATUDA,0.00016076228878649326,0.00020754395847852393,10,0.00023041474654379447,0.0002974641586949063,0.6983690476190476,0.15316301945778832
item_F900,0.0001607554312047509,0.0002809703687793148,10,0.00023041474654379447,0.00040276837487333985,0.6983690476190476,0.15316301945778832
item_87522,0.00015321483432084563,0.0005472543774951466,10,0.00021889400921661916,0.0007841063440597913,0.6983690476190476,0.15316301945778832
item_F332,0.00015312431424184626,0.00016311097653438564,10,0.00021889400921661916,0.00023327715128248103,0.6983690476190476,0.15316301945778832
item_87591,0.00015305299539170226,0.0003482230499872615,10,0.00021889400921658585,0.0004990842272284057,0.6983690476190476,0.15316301945778832
item_99244,0.00015284589642307483,7.026869156591017e-05,10,0.00021889400921657476,0.00010087500412106895,0.6983690476190476,0.15316301945778832
item_SPIRONOLACTONE,0.00015271971691900748,0.000219203750325613,10,0.00021889400921656365,0.00031410299610872797,0.6983690476190476,0.15316301945778832
item_CLINDAMYCIN PHOSPHATE,0.0001525866798332518,0.00022250493467723735,10,0.00021889400921663028,0.00031876353255680937,0.6983690476190476,0.15316301945778832
item_99406,0.00015258256528420642,0.0001715263755489193,10,0.00021889400921663028,0.00024559565215543603,0.6983690476190476,0.15316301945778832
item_J209,0.0001449226464779528,0.0002838550248833531,10,0.00020737327188941057,0.00040568702446220104,0.6983690476190476,0.15316301945778832
item_BUPRENORPHINE HCL,0.000144597597103372,0.00039436528289702686,10,0.00020737327188942168,0.0005638757248227042,0.6983690476190476,0.15316301945778832
item_84443,0.0001445372503840236,0.0006321233201682175,10,0.00020737327188939946,0.0009051908152740916,0.6983690476190476,0.15316301945778832
item_I10,0.00013732170287469132,0.0003065873666224986,10,0.00019585253456220198,0.0004380237595271382,0.6983690476190476,0.15316301945778832
item_S9083,0.00013713380513495795,0.00017055058103734522,10,0.00019585253456221307,0.00024318187709657145,0.6983690476190476,0.15316301945778832
item_97161,0.00013705837173577634,0.0002682141377837342,10,0.00019585253456219087,0.00038421654188267897,0.6983690476190476,0.15316301945778832
item_80355,0.00012892802282202684,0.00028474811141586864,10,0.0001843317972350156,0.0004071385032472624,0.6983690476190476,0.15316301945778832
item_BUSPIRONE HCL,0.00012879910028527016,0.0002014942603503449,10,0.0001843317972350156,0.0002884022020817345,0.6983690476190476,0.15316301945778832
item_H2022,0.000128742868114975,4.1585395188177195e-05,10,0.00018433179723500447,5.949283173895928e-05,0.6983690476190476,0.15316301945778832
item_N979,0.00012873326750053568,4.1556606778443815e-05,10,0.00018433179723500447,5.949283173895928e-05,0.6983690476190476,0.15316301945778832
item_J2310,0.00012829712530174395,0.0002685417158524606,10,0.0001843317972350378,0.00038479186021120933,0.6983690476190476,0.15316301945778832
item_94640,0.00012117484090408476,0.0004442304840422013,10,0.000172811059907807,0.0006339314139485471,0.6983690476190476,0.15316301945778832
item_72072,0.00012109117840684318,0.00019497700374515977,10,0.0001728110599078292,0.0002782522416702962,0.6983690476190476,0.15316301945778832
item_M533,0.00012109117840684318,0.00019497700374515977,10,0.0001728110599078292,0.0002782522416702962,0.6983690476190476,0.15316301945778832
item_TIZANIDINE HYDROCHLORIDE,0.00012105826201449531,0.00022210692124416214,10,0.0001728110599078514,0.00031783689242027575,0.6983690476190476,0.15316301945778832
item_76942,0.00012097459951723833,0.0001947898704626696,10,0.0001728110599078514,0.00027825224167033196,0.6983690476190476,0.15316301945778832
item_M79672,0.00012094031160851093,0.00027230627917425163,10,0.0001728110599078292,0.0003887952521374042,0.6983690476190476,0.15316301945778832
item_96365,0.00012085939214395098,0.00012156911794209366,10,0.0001728110599078292,0.0001738745226216845,0.6983690476190476,0.15316301945778832
item_O26891,0.00012085802062760244,0.00019460243935617895,10,0.0001728110599078292,0.00027825224167029623,0.6983690476190476,0.15316301945778832
item_82728,0.00012062349133203651,0.0002492818388346666,10,0.0001728110599078625,0.00035716350302876135,0.6983690476190476,0.15316301945778832
item_DISULFIRAM,0.00012046439543559795,0.00020486931229722808,10,0.00017281105990784028,0.0002937223222115784,0.6983690476190476,0.15316301945778832
item_TRAMADOL HCL,0.00012029707044107623,0.000209048535082842,10,0.0001728110599078292,0.00029870102123857417,0.6983690476190476,0.15316301945778832
item_93005,0.00011426239850778081,0.0007058700375364635,10,0.0001612903225806317,0.0010061150779608554,0.6983690476190476,0.15316301945778832
item_R45851,0.00011294437129689646,0.00020187717713661095,10,0.0001612903225806317,0.00028840220208169995,0.6983690476190476,0.15316301945778832
item_77067,0.00011293339916613188,0.00029709578095503413,10,0.000161290322580665,0.00042486379987523456,0.6983690476190476,0.15316301945778832
item_72100,0.00011283602150538246,0.0002842101978319335,10,0.0001612903225806539,0.0004071385032472666,0.6983690476190476,0.15316301945778832
item_ACAMPROSATE CALCIUM DR,0.0001128250493746024,0.00018277598883762966,10,0.000161290322580665,0.00026158811622008037,0.6983690476190476,0.15316301945778832
item_J111,0.0001127290432302014,6.816889485751724e-05,10,0.0001612903225806539,9.715138740918042e-05,0.6983690476190476,0.15316301945778832
item_92014,0.00011256720430108139,0.00013792402307634944,10,0.0001612903225806539,0.00019731540059393686,0.6983690476190476,0.15316301945778832
item_PROPRANOLOL HYDROCHLORIDE,0.0001125658327847329,0.00018655369474695756,10,0.0001612903225806539,0.0002671663153752156,0.6983690476190476,0.15316301945778832
item_87186,0.00011239439324115807,0.0003591948661149866,10,0.0001612903225806317,0.0005157951886445824,0.6983690476190476,0.15316301945778832
item_ALPRAZOLAM,0.0001123066161948557,0.00038435602491695026,10,0.0001612903225806317,0.00055171382476399,0.6983690476190476,0.15316301945778832
item_G0008,0.00010553955453147465,0.0004094222173532726,10,0.0001497695852534342,0.0005850548586363571,0.6983690476190476,0.15316301945778832
item_J0696,0.00010529679613781017,0.0003744663099597257,10,0.0001497695852534564,0.0005350221814706598,0.6983690476190476,0.15316301945778832
item_80364,0.00010484282422645714,0.0001706017502683333,10,0.0001497695852534453,0.00024318187709657262,0.6983690476190476,0.15316301945778832
item_99441,0.00010464806890497375,6.638301164133643e-05,10,0.0001497695852534453,9.484707400329085e-05,0.6983690476190476,0.15316301945778832
item_IBUPROFEN,0.00010464121132323909,0.0003821006297030096,10,0.0001497695852534564,0.0005486312261287836,0.6983690476190476,0.15316301945778832
item_87902,0.00010461789554531502,0.0002079452876254831,10,0.0001497695852534564,0.0002977119422936017,0.6983690476190476,0.15316301945778832
item_T1017,0.00010459183673468629,5.4397405704514764e-05,10,0.0001497695852534453,7.775905042747316e-05,0.6983690476190476,0.15316301945778832
item_LO LOESTRIN FE,0.00010457263550579985,7.621874040035074e-05,10,0.0001497695852534342,0.00010929531083531059,0.6983690476190476,0.15316301945778832
item_NYSTATIN/TRIAMCINOLONE,0.00010453011849901265,0.00010067508635051418,10,0.0001497695852534564,0.00014420110104084805,0.6983690476190476,0.15316301945778832
item_J069,9.708689927583349e-05,0.0003936797089481781,10,0.0001382488479262589,0.0005638757248226851,0.6983690476190476,0.15316301945778832
item_LACTULOSE,9.698815009874334e-05,0.00020057334383304936,10,0.0001382488479262589,0.0002863494912796854,0.6983690476190476,0.15316301945778832
item_Q3014,9.670424621463229e-05,0.00021724754121061945,10,0.00013824884792629222,0.00031103620170996394,0.6983690476190476,0.15316301945778832
item_J029,9.654240728549676e-05,8.305256841869069e-05,10,0.00013824884792627002,0.00011898566347793289,0.6983690476190476,0.15316301945778832
item_J7030,9.650400482773169e-05,0.0003654338980660913,10,0.0001382488479262589,0.0005231762324401353,0.6983690476190476,0.15316301945778832
item_SERTRALINE HCL,8.917187842877132e-05,0.0003175439988218134,10,0.00012672811059905031,0.00045259540763705066,0.6983690476190476,0.15316301945778832
item_PANTOPRAZOLE SODIUM,8.897849462365185e-05,0.0003737185117139043,10,0.0001267281105990725,0.0005333657620727047,0.6983690476190476,0.15316301945778832
item_99221,8.875630897518351e-05,0.0002586148642290767,10,0.00012672811059905031,0.0003701407299546067,0.6983690476190476,0.15316301945778832
item_80357,8.870556287030536e-05,0.00019900819297985657,10,0.0001267281105990725,0.00028454122200990354,0.6983690476190476,0.15316301945778832
item_87210,8.844634628044358e-05,0.00011011782231807541,10,0.0001267281105990725,0.00015787100453989534,0.6983690476190476,0.15316301945778832
item_86787,8.844634628043584e-05,7.988563781454239e-05,10,0.00012672811059906143,0.00011456554447138596,0.6983690476190476,0.15316301945778832
item_99213,8.168202764975184e-05,0.000532557385059588,10,0.00011520737327186392,0.0007622670215545245,0.6983690476190476,0.15316301945778832
item_VENLAFAXINE HCL,8.090574939653052e-05,0.00017056466660807367,10,0.00011520737327188612,0.00024287846852291009,0.6983690476190476,0.15316301945778832
item_88142,8.084265964450061e-05,0.00039763159701573016,10,0.00011520737327188612,0.000569600498240823,0.6983690476190476,0.15316301945778832
item_Z760,8.071373710774403e-05,0.0001701614176857243,10,0.00011520737327188612,0.00024287846852291009,0.6983690476190476,0.15316301945778832
item_SUMATRIPTAN SUCCINATE,8.062184551240404e-05,0.00011430319976143154,10,0.00011520737327189723,0.00016292782976650192,0.6983690476190476,0.15316301945778832
item_F1994,8.060401579986604e-05,0.00016993153421255013,10,0.00011520737327188612,0.00024287846852291009,0.6983690476190476,0.15316301945778832
item_F411,8.046274961598089e-05,0.00027054970195321607,10,0.00011520737327189723,0.0003878458117650846,0.6983690476190476,0.15316301945778832
item_F1410,8.046000658328395e-05,0.00016962506888597268,10,0.00011520737327189723,0.0002428784685229335,0.6983690476190476,0.15316301945778832
item_20551,8.046000658328395e-05,0.00016962506888597268,10,0.00011520737327189723,0.0002428784685229335,0.6983690476190476,0.15316301945778832
item_PRENATAL,8.045314900154157e-05,0.00016961024142323971,10,0.00011520737327189723,0.00024287846852293348,0.6983690476190476,0.15316301945778832
item_J1200,8.035714285714056e-05,0.0001733840729218229,10,0.00011520737327188612,0.00024887637090661335,0.6983690476190476,0.15316301945778832
item_VALACYCLOVIR HYDROCHLORID,8.035714285714055e-05,0.0001001404922525581,10,0.00011520737327188612,0.00014368883973787036,0.6983690476190476,0.15316301945778832
item_BUSPIRONE HYDROCHLORIDE,8.026113671275506e-05,0.0002538079996064655,10,0.00011520737327189723,0.00036431770278440024,0.6983690476190476,0.15316301945778832
item_85025,8.025016458196729e-05,0.0007490917833589807,10,0.00011520737327189723,0.0010725222767871293,0.6983690476190476,0.15316301945778832
item_G9001,8.022684880404319e-05,0.00016913311037237405,10,0.00011520737327189723,0.0002428784685229335,0.6983690476190476,0.15316301945778832
item_85027,8.022410577133854e-05,0.00028603235199842143,10,0.00011520737327188612,0.0004100260465449668,0.6983690476190476,0.15316301945778832
item_S99922A,8.020627605881608e-05,0.00016908972610010873,10,0.00011520737327189723,0.00024287846852293348,0.6983690476190476,0.15316301945778832
item_J1885,7.988259820056828e-05,0.000239940797795614,10,0.00011520737327188612,0.00034348202419351876,0.6983690476190476,0.15316301945778832
item_86709,7.285220539828784e-05,0.00017660365891813973,10,0.00010368663594469973,0.00025152876949020294,0.6983690476190476,0.15316301945778832
item_M5126,7.28000877770458e-05,0.00015461710745011178,10,0.00010368663594469973,0.00022027082027188693,0.6983690476190476,0.15316301945778832
item_VENLAFAXINE HYDROCHLORIDE,7.261356155363778e-05,0.0002719446786898853,10,0.00010368663594467753,0.00038955313833843083,0.6983690476190476,0.15316301945778832
item_D225,7.257241606319123e-05,7.06853500835051e-05,10,0.00010368663594468863,0.00010087500412106613,0.6983690476190476,0.15316301945778832
item_84100,7.25148123765553e-05,8.014676552812047e-05,10,0.00010368663594468863,0.00011456554447138845,0.6983690476190476,0.15316301945778832
item_84436,7.249835418038134e-05,0.0001539007333965085,10,0.00010368663594469973,0.00022027082027188693,0.6983690476190476,0.15316301945778832
item_F418,7.246406627167722e-05,0.00015397580643651494,10,0.00010368663594471084,0.00022027082027191339,0.6983690476190476,0.15316301945778832
item_J2250,7.236668861092771e-05,8.844682828256603e-05,10,0.00010368663594469973,0.00012678628278970963,0.6983690476190476,0.15316301945778832
item_Z124,7.235983102917758e-05,0.00017123101653207195,10,0.00010368663594468863,0.0002455956521554493,0.6983690476190476,0.15316301945778832
item_95819,7.235160193108676e-05,2.5422523002814727e-05,10,0.00010368663594468863,3.6431770278433394e-05,0.6983690476190476,0.15316301945778832
item_80377,7.234200131663969e-05,5.93002324788017e-05,10,0.00010368663594467753,8.500746398300215e-05,0.6983690476190476,0.15316301945778832
item_L03113,7.234062980032223e-05,0.00017569560549212136,10,0.00010368663594472194,0.00025152876949024924,0.6983690476190476,0.15316301945778832
item_86762,7.233377221854884e-05,7.029282218578758e-05,10,0.00010368663594467753,0.00010087500412105064,0.6983690476190476,0.15316301945778832
item_59025,7.232828615317821e-05,8.842869763437615e-05,10,0.00010368663594471084,0.00012678628278972197,0.6983690476190476,0.15316301945778832
item_99242,7.227342549921597e-05,7.025356254259004e-05,10,0.00010368663594467753,0.00010087500412105064,0.6983690476190476,0.15316301945778832
item_99204,6.505650647354294e-05,0.0004918168560488951,10,9.216589861749114e-05,0.0007056027083168028,0.6983690476190476,0.15316301945778832
item_PREDNISONE,6.478631775290115e-05,0.0001893379889394099,10,9.216589861750224e-05,0.0002704580163081199,0.6983690476190476,0.15316301945778832
item_80360,6.446675444372193e-05,0.000387921864696511,10,9.216589861752445e-05,0.0005559742264471296,0.6983690476190476,0.15316301945778832
item_TOPIRAMATE,6.446401141102502e-05,0.0002621980207577654,10,9.216589861752445e-05,0.0003754810003557726,0.6983690476190476,0.15316301945778832
item_L700,6.442560895326003e-05,8.313006574394138e-05,10,9.216589861751334e-05,0.00011898566347796873,0.6983690476190476,0.15316301945778832
item_SYMBICORT,6.441875137152539e-05,0.0002069965299135253,10,9.216589861752445e-05,0.0002964709533889402,0.6983690476190476,0.15316301945778832
item_G40209,6.441875137150991e-05,9.132614338001213e-05,10,9.216589861750224e-05,0.0001307940581100179,0.6983690476190476,0.15316301945778832
item_92567,6.440777924072207e-05,8.30782197274788e-05,10,9.216589861750224e-05,0.00011898566347794245,0.6983690476190476,0.15316301945778832
item_BOOSTRIX,6.440640772437357e-05,0.00010587596991939796,10,9.216589861750224e-05,0.00015167755497796494,0.6983690476190476,0.15316301945778832
item_80358,6.440092165897969e-05,0.00016014106786844514,10,9.216589861750224e-05,0.0002291310889428067,0.6983690476190476,0.15316301945778832
item_97014,6.43776058810634e-05,6.355707402000955e-05,10,9.216589861751334e-05,9.087680158371325e-05,0.6983690476190476,0.15316301945778832
item_Z111,6.432685977616204e-05,7.388021850803602e-05,10,9.216589861750224e-05,0.00010586826998532465,0.6983690476190476,0.15316301945778832
item_87046,6.42815997366701e-05,6.338948639838821e-05,10,9.216589861751334e-05,9.087680158369761e-05,0.6983690476190476,0.15316301945778832
item_1036F,6.428022822031388e-05,0.00013567943708496757,10,9.216589861750224e-05,0.00019430277481833597,0.6983690476190476,0.15316301945778832
item_86706,5.728549484310164e-05,0.00047809016131680234,10,8.064516129032694e-05,0.0006827650281064991,0.6983690476190476,0.15316301945778832
item_T50901A,5.6698485845954334e-05,0.00016635380151763942,10,8.064516129032694e-05,0.00023703992875592192,0.6983690476190476,0.15316301945778832
item_92012,5.661345183233342e-05,0.00020478976774592413,10,8.064516129030475e-05,0.0002927164208934001,0.6983690476190476,0.15316301945778832
item_31575,5.64282971253048e-05,6.639206092240366e-05,10,8.064516129032694e-05,9.484707400330883e-05,0.6983690476190476,0.15316301945778832
item_PROGESTERONE,5.64255540925923e-05,5.4455132908812367e-05,10,8.064516129030475e-05,7.775905042746586e-05,0.6983690476190476,0.15316301945778832
item_80359,5.638166556945662e-05,0.00019329183984315179,10,8.064516129032694e-05,0.00027719020633826637,0.6983690476190476,0.15316301945778832
item_B349,5.634874917709322e-05,6.635158187858406e-05,10,8.064516129032694e-05,9.484707400329384e-05,0.6983690476190476,0.15316301945778832
item_ZIPRASIDONE HCL,5.633640552995697e-05,0.00018597773420298054,10,8.064516129032694e-05,0.0002663370335545139,0.6983690476190476,0.15316301945778832
item_86900,5.631308975201738e-05,5.435882369066053e-05,10,8.064516129030475e-05,7.775905042746586e-05,0.6983690476190476,0.15316301945778832
item_NUVARING,5.628565942505564e-05,5.4232180760344774e-05,10,8.064516129031584e-05,7.775905042748962e-05,0.6983690476190476,0.15316301945778832
item_80333,5.62499999999953e-05,5.4295796905990715e-05,10,8.064516129031584e-05,7.775905042747133e-05,0.6983690476190476,0.15316301945778832
item_99220,5.619788237875327e-05,0.00016524299028299665,10,8.064516129031584e-05,0.00023703992875593214,0.6983690476190476,0.15316301945778832
item_NYSTATIN,5.609364713627693e-05,0.0001695993194797786,10,8.064516129032694e-05,0.00024318187709657378,0.6983690476190476,0.15316301945778832
item_MIRTAZAPINE,5.601272767170916e-05,0.00028624749265354377,10,8.064516129031584e-05,0.0004102058431098766,0.6983690476190476,0.15316301945778832
item_99238,4.880540926045998e-05,0.00031996236418388094,10,6.912442396310725e-05,0.0004582621778856158,0.6983690476190476,0.15316301945778832
item_86704,4.871900373052929e-05,0.00017547761888836962,10,6.912442396314055e-05,0.0002500586881121197,0.6983690476190476,0.15316301945778832
item_E785,4.859145271011337e-05,0.00012786473454559646,10,6.912442396312945e-05,0.00018175360316741716,0.6983690476190476,0.15316301945778832
item_93306,4.854482115426523e-05,0.00012785183580747546,10,6.912442396312945e-05,0.0001817536031674171,0.6983690476190476,0.15316301945778832
item_Q9967,4.8406298003061515e-05,0.00021235219362371015,10,6.912442396311835e-05,0.00030335510995592143,0.6983690476190476,0.15316301945778832
item_J2704,4.835829493087265e-05,0.00015244801780589526,10,6.912442396312945e-05,0.00021859062167063807,0.6983690476190476,0.15316301945778832
item_95004,4.832400702216074e-05,5.638306551771893e-05,10,6.912442396312945e-05,8.055367497465526e-05,0.6983690476190476,0.15316301945778832
item_ACYCLOVIR,4.8308920342327534e-05,4.157838318811814e-05,10,6.912442396312945e-05,5.949283173897361e-05,0.6983690476190476,0.15316301945778832
item_TERCONAZOLE,4.826640333552482e-05,4.154181005467232e-05,10,6.912442396312945e-05,5.949283173897361e-05,0.6983690476190476,0.15316301945778832
item_76536,4.825680272110099e-05,4.1533612091392535e-05,10,6.912442396315167e-05,5.949283173899273e-05,0.6983690476190476,0.15316301945778832
item_80370,4.82568027210855e-05,7.766146225557717e-05,10,6.912442396312945e-05,0.00011130089666810214,0.6983690476190476,0.15316301945778832
item_HYDROCODONE POLISTIREX/CH,4.8248573622994654e-05,5.618639223733957e-05,10,6.912442396312945e-05,8.05536749746729e-05,0.6983690476190476,0.15316301945778832
item_86618,4.823211542680522e-05,6.781975627946118e-05,10,6.912442396311835e-05,9.715138740914531e-05,0.6983690476190476,0.15316301945778832
item_84520,4.820879964888889e-05,6.770985343225912e-05,10,6.912442396312945e-05,9.715138740915116e-05,0.6983690476190476,0.15316301945778832
item_JUNEL FE 1/20,4.818685538732878e-05,4.147278029270831e-05,10,6.912442396315167e-05,5.949283173899273e-05,0.6983690476190476,0.15316301945778832
item_LORATADINE,4.817176870748784e-05,0.0001478111123350795,10,6.912442396314055e-05,0.00021173653997066274,0.6983690476190476,0.15316301945778832
item_72158,4.7956440640777304e-05,0.0001900639384493536,10,6.912442396314055e-05,0.00027263040475112,0.6983690476190476,0.15316301945778832
item_G2581,4.052830809743137e-05,0.00012816176330092847,10,5.760368663594306e-05,0.00018215885139218256,0.6983690476190476,0.15316301945778832
item_71101,4.052830809743137e-05,0.00012816176330092847,10,5.760368663594306e-05,0.00018215885139218256,0.6983690476190476,0.15316301945778832
item_64450,4.052830809743137e-05,0.00012816176330092847,10,5.760368663594306e-05,0.00018215885139218256,0.6983690476190476,0.15316301945778832
item_84479,4.052830809743137e-05,0.00012816176330092847,10,5.760368663594306e-05,0.00018215885139218256,0.6983690476190476,0.15316301945778832
item_45378,4.052830809743137e-05,0.00012816176330092847,10,5.760368663594306e-05,0.00018215885139218256,0.6983690476190476,0.15316301945778832
item_L0291,4.052830809743137e-05,0.00012816176330092847,10,5.760368663594306e-05,0.00018215885139218256,0.6983690476190476,0.15316301945778832
item_G0438,4.052830809743137e-05,0.00012816176330092847,10,5.760368663594306e-05,0.00018215885139218256,0.6983690476190476,0.15316301945778832
item_NITROFURANTOIN MONOHYDRAT,4.048579109062866e-05,0.00010286627660627748,10,5.760368663594306e-05,0.0001462322024935483,0.6983690476190476,0.15316301945778832
item_20553,4.037744129909914e-05,0.00012768468059490132,10,5.760368663594306e-05,0.00018215885139218256,0.6983690476190476,0.15316301945778832
item_73610,4.037744129909914e-05,0.00012768468059490132,10,5.760368663594306e-05,0.00018215885139218256,0.6983690476190476,0.15316301945778832
item_G0103,4.037744129909914e-05,0.00012768468059490132,10,5.760368663594306e-05,0.00018215885139218256,0.6983690476190476,0.15316301945778832
item_VOLTAREN,4.037744129909914e-05,0.00012768468059490132,10,5.760368663594306e-05,0.00018215885139218256,0.6983690476190476,0.15316301945778832
item_RANITIDINE HCL,4.037744129909914e-05,0.00012768468059490132,10,5.760368663594306e-05,0.00018215885139218256,0.6983690476190476,0.15316301945778832
item_MELOXICAM,4.0367840684659814e-05,7.847432658218906e-05,10,5.760368663594306e-05,0.00011196144191331919,0.6983690476190476,0.15316301945778832
item_87045,4.036646916831137e-05,5.7189170606258176e-05,10,5.760368663594306e-05,8.146391488325096e-05,0.6983690476190476,0.15316301945778832
item_Q0091,4.031572306342554e-05,0.0001274895103970057,10,5.760368663595417e-05,0.00018215885139221769,0.6983690476190476,0.15316301945778832
item_O2340,4.031572306342554e-05,0.0001274895103970057,10,5.760368663595417e-05,0.00018215885139221769,0.6983690476190476,0.15316301945778832
item_M79641,4.031572306342554e-05,0.0001274895103970057,10,5.760368663595417e-05,0.00018215885139221769,0.6983690476190476,0.15316301945778832
item_N939,4.031572306342554e-05,0.0001274895103970057,10,5.760368663595417e-05,0.00018215885139221769,0.6983690476190476,0.15316301945778832
item_76642,4.0280063638357395e-05,5.7026044641857586e-05,10,5.760368663594306e-05,8.146391488323352e-05,0.6983690476190476,0.15316301945778832
item_29848,4.026771999122891e-05,0.00012733771135417884,10,5.760368663595417e-05,0.00018215885139221769,0.6983690476190476,0.15316301945778832
item_M25552,4.026771999122891e-05,0.00012733771135417884,10,5.760368663595417e-05,0.00018215885139221769,0.6983690476190476,0.15316301945778832
item_80334,4.026771999121339e-05,4.244644690548658e-05,10,5.760368663593196e-05,6.071961713071582e-05,0.6983690476190476,0.15316301945778832
item_VENTOLIN HFA,4.024714724599401e-05,4.242446059425998e-05,10,5.760368663594306e-05,6.071961713072752e-05,0.6983690476190476,0.15316301945778832
item_TRANSDERM-SCOP,4.0229317533463835e-05,5.686110161756688e-05,10,5.760368663594306e-05,8.14639148832335e-05,0.6983690476190476,0.15316301945778832
item_CLOBETASOL PROPIONATE,4.0221088435373e-05,5.685498170398277e-05,10,5.760368663594306e-05,8.146391488323352e-05,0.6983690476190476,0.15316301945778832
item_31231,4.02183454026683e-05,4.239411446768714e-05,10,5.760368663593196e-05,6.071961713071582e-05,0.6983690476190476,0.15316301945778832
item_80341,4.0216973886327555e-05,4.239274035838951e-05,10,5.760368663594306e-05,6.071961713072752e-05,0.6983690476190476,0.15316301945778832
item_LOSARTAN POTASSIUM,4.021011630458519e-05,5.6816233331257445e-05,10,5.760368663594306e-05,8.14639148832335e-05,0.6983690476190476,0.15316301945778832
item_92134,4.0201887206502075e-05,4.2377247085919526e-05,10,5.760368663595417e-05,6.0719617130739224e-05,0.6983690476190476,0.15316301945778832
item_99219,4.0185429010312656e-05,0.00012707748442359403,10,5.760368663594306e-05,0.00018215885139218256,0.6983690476190476,0.15316301945778832
item_J1650,4.0185429010312656e-05,0.00012707748442359403,10,5.760368663594306e-05,0.00018215885139218256,0.6983690476190476,0.15316301945778832
item_M25531,4.0185429010312656e-05,0.00012707748442359403,10,5.760368663594306e-05,0.00018215885139218256,0.6983690476190476,0.15316301945778832
item_81226,4.017857142857029e-05,0.00012705579884604733,10,5.760368663594306e-05,0.00018215885139218256,0.6983690476190476,0.15316301945778832
item_F3161,4.017857142857029e-05,0.00012705579884604733,10,5.760368663594306e-05,0.00018215885139218256,0.6983690476190476,0.15316301945778832
item_S0101XA,4.017857142857029e-05,0.00012705579884604733,10,5.760368663594306e-05,0.00018215885139218256,0.6983690476190476,0.15316301945778832
item_H2036,4.0163484748744835e-05,0.00019786325634937456,10,5.760368663595417e-05,0.00028350274693230245,0.6983690476190476,0.15316301945778832
item_HYDROCODONE BITARTRATE/AC,4.015937019967619e-05,0.00021194044509126303,10,5.760368663592086e-05,0.00030359808565366106,0.6983690476190476,0.15316301945778832
item_CODEINE/GUAIFENESIN,4.015662716698695e-05,5.673937051819877e-05,10,5.760368663593196e-05,8.146391488322479e-05,0.6983690476190476,0.15316301945778832
item_99243,4.014839806890384e-05,5.673289566893204e-05,10,5.760368663594306e-05,8.146391488323352e-05,0.6983690476190476,0.15316301945778832
item_Z302,4.0144283519858416e-05,0.0001269473709583139,10,5.760368663594306e-05,0.00018215885139218258,0.6983690476190476,0.15316301945778832
item_58611,4.0144283519858416e-05,0.0001269473709583139,10,5.760368663594306e-05,0.00018215885139218258,0.6983690476190476,0.15316301945778832
item_80368,4.014016897080525e-05,5.6847113081792444e-05,10,5.760368663593196e-05,8.146391488322479e-05,0.6983690476190476,0.15316301945778832
item_R062,4.0130568356381405e-05,0.000126903999803245,10,5.760368663595417e-05,0.00018215885139221769,0.6983690476190476,0.15316301945778832
item_J1630,4.0130568356381405e-05,0.000126903999803245,10,5.760368663595417e-05,0.00018215885139221769,0.6983690476190476,0.15316301945778832
item_MELATONIN,4.0130568356381405e-05,0.000126903999803245,10,5.760368663595417e-05,0.00018215885139221769,0.6983690476190476,0.15316301945778832
item_M5030,4.0130568356381405e-05,0.000126903999803245,10,5.760368663595417e-05,0.00018215885139221769,0.6983690476190476,0.15316301945778832
item_29515,4.0130568356381405e-05,0.000126903999803245,10,5.760368663595417e-05,0.00018215885139221769,0.6983690476190476,0.15316301945778832
item_K5641,4.0130568356381405e-05,0.000126903999803245,10,5.760368663595417e-05,0.00018215885139221769,0.6983690476190476,0.15316301945778832
item_S9032XA,4.0130568356381405e-05,0.000126903999803245,10,5.760368663595417e-05,0.00018215885139221769,0.6983690476190476,0.15316301945778832
item_Z1239,4.013056835636593e-05,4.230138909978137e-05,10,5.760368663593196e-05,6.071961713071582e-05,0.6983690476190476,0.15316301945778832
item_84550,4.0116853192888925e-05,8.66792711605021e-05,10,5.760368663594306e-05,0.00012443818545330095,0.6983690476190476,0.15316301945778832
item_L02415,4.008256528418477e-05,0.00012675220076041813,10,5.760368663595417e-05,0.00018215885139221769,0.6983690476190476,0.15316301945778832
item_METHADONE HCL,4.007570770243468e-05,0.000126730515182847,10,5.760368663594306e-05,0.00018215885139218256,0.6983690476190476,0.15316301945778832
item_87070,4.007570770243468e-05,0.000126730515182847,10,5.760368663594306e-05,0.00018215885139218256,0.6983690476190476,0.15316301945778832
item_G5621,4.007570770243468e-05,0.000126730515182847,10,5.760368663594306e-05,0.00018215885139218256,0.6983690476190476,0.15316301945778832
item_M5136,4.007570770243468e-05,0.000126730515182847,10,5.760368663594306e-05,0.00018215885139218256,0.6983690476190476,0.15316301945778832
item_N730,4.007570770243468e-05,0.000126730515182847,10,5.760368663594306e-05,0.00018215885139218256,0.6983690476190476,0.15316301945778832
item_J4521,4.007570770243468e-05,0.000126730515182847,10,5.760368663594306e-05,0.00018215885139218256,0.6983690476190476,0.15316301945778832
item_M79643,3.242264647794666e-05,0.0001025294106407477,10,4.608294930875667e-05,0.0001457270811137531,0.6983690476190476,0.15316301945778832
item_ONETOUCH VERIO TEST STRIP,3.2407559798113446e-05,0.00013223646685855766,10,4.608294930875667e-05,0.00018969414800658918,0.6983690476190476,0.15316301945778832
item_LISINOPRIL,3.233075488259887e-05,0.0002665990634057995,10,4.608294930875667e-05,0.0003809399928613668,0.6983690476190476,0.15316301945778832
item_83721,3.231018213737174e-05,5.6568465823894084e-05,10,4.608294930875667e-05,8.055367497467642e-05,0.6983690476190476,0.15316301945778832
item_METOPROLOL SUCCINATE ER,3.230058152293242e-05,5.6559412832472416e-05,10,4.608294930875667e-05,8.055367497467642e-05,0.6983690476190476,0.15316301945778832
item_81000,3.2285494843091443e-05,0.0001870308709976076,10,4.608294930874557e-05,0.00026716631537519747,0.6983690476190476,0.15316301945778832
item_J2360,3.225257845074354e-05,0.00010199160831761437,10,4.6082949308767775e-05,0.0001457270811137882,0.6983690476190476,0.15316301945778832
item_LOSARTAN POTASSIUM/HYDROC,3.2232005705500877e-05,4.1611996098844804e-05,10,4.608294930874557e-05,5.949283173896405e-05,0.6983690476190476,0.15316301945778832
item_82378,3.2212804476622236e-05,4.1587359084160715e-05,10,4.608294930874557e-05,5.9492831738964065e-05,0.6983690476190476,0.15316301945778832
item_ACETAMINOPHEN/CODEINE,3.2194974764099804e-05,5.620585785309582e-05,10,4.608294930875667e-05,8.055367497467642e-05,0.6983690476190476,0.15316301945778832
item_88304,3.2185374149660484e-05,4.155179596905439e-05,10,4.608294930875667e-05,5.949283173897839e-05,0.6983690476190476,0.15316301945778832
item_88307,3.218400263331201e-05,4.154958478910052e-05,10,4.608294930875667e-05,5.949283173897839e-05,0.6983690476190476,0.15316301945778832
item_95910,3.217303050252422e-05,4.1535490350821e-05,10,4.608294930875667e-05,5.949283173897839e-05,0.6983690476190476,0.15316301945778832
item_SYNTHROID,3.216891595347105e-05,4.153006170722024e-05,10,4.608294930874557e-05,5.9492831738964065e-05,0.6983690476190476,0.15316301945778832
item_86304,3.2157943822683254e-05,4.1515931542345016e-05,10,4.608294930874557e-05,5.9492831738964065e-05,0.6983690476190476,0.15316301945778832
item_VITAMIN D3,3.215657230633478e-05,6.779238449420369e-05,10,4.608294930874557e-05,9.715138740914531e-05,0.6983690476190476,0.15316301945778832
item_INVEGA SUSTENNA,3.215520078999404e-05,4.151222970957569e-05,10,4.608294930875667e-05,5.9492831738978396e-05,0.6983690476190476,0.15316301945778832
item_90472,3.214971472460013e-05,0.00013776910392458155,10,4.608294930875667e-05,0.00019731540059394548,0.6983690476190476,0.15316301945778832
item_M5412,3.214834320825167e-05,0.00010166198753888013,10,4.608294930875667e-05,0.0001457270811137531,0.6983690476190476,0.15316301945778832
item_10060,3.214834320825167e-05,0.00010166198753888013,10,4.608294930875667e-05,0.0001457270811137531,0.6983690476190476,0.15316301945778832
item_90674,3.21359995611154e-05,4.148749395306684e-05,10,4.608294930875667e-05,5.9492831738978396e-05,0.6983690476190476,0.15316301945778832
item_86580,3.210445468510821e-05,0.00010152319984260577,10,4.6082949308767775e-05,0.0001457270811137882,0.6983690476190476,0.15316301945778832
item_R51,3.207702435813872e-05,0.00013217953020085006,10,4.6082949308767775e-05,0.0001896941480066087,0.6983690476190476,0.15316301945778832
item_MEDROXYPROGESTERONE ACETA,3.207565284177478e-05,7.74535046517216e-05,10,4.608294930874557e-05,0.00011130089666809703,0.6983690476190476,0.15316301945778832
item_G0410,3.2066052227350904e-05,0.00010140176060834428,10,4.6082949308767775e-05,0.0001457270811137882,0.6983690476190476,0.15316301945778832
item_82247,3.206056616194929e-05,0.00010138441214628252,10,4.608294930875667e-05,0.00014572708111375307,0.6983690476190476,0.15316301945778832
item_99231,3.1978275181048586e-05,0.0003056738462383861,10,4.6082949308767775e-05,0.0004385284922771191,0.6983690476190476,0.15316301945778832
item_70450,3.194124423963973e-05,0.0003461306933717161,10,4.6082949308767775e-05,0.0004953768201719395,0.6983690476190476,0.15316301945778832
item_J3010,3.182192231730691e-05,0.00017123149664014623,10,4.608294930874557e-05,0.0002440898399703567,0.6983690476190476,0.15316301945778832
item_90832,2.4625576036845538e-05,0.00024299719568588102,10,3.456221198153697e-05,0.00034796102273654055,0.6983690476190476,0.15316301945778832
item_Z30431,2.4385560675877926e-05,0.0001653866049613312,10,3.456221198155918e-05,0.00023703992875593035,0.6983690476190476,0.15316301945778832
item_KETOCONAZOLE,2.431698485846195e-05,7.689705798056695e-05,10,3.4562211981570276e-05,0.00010929531083532359,0.6983690476190476,0.15316301945778832
item_VIRTUSSIN A/C,2.4218235681363962e-05,3.899540074902444e-05,10,3.456221198155918e-05,5.565044833404852e-05,0.6983690476190476,0.15316301945778832
item_E669,2.420726355057617e-05,3.8977857065482024e-05,10,3.456221198155918e-05,5.565044833404852e-05,0.6983690476190476,0.15316301945778832
item_TESTOSTERONE CYPIONATE,2.4203149001546265e-05,0.00013711087464722367,10,3.456221198158138e-05,0.0001961910871650754,0.6983690476190476,0.15316301945778832
item_97530,2.4186690805356818e-05,0.00019745145960681167,10,3.4562211981570276e-05,0.000282460453892996,0.6983690476190476,0.15316301945778832
item_S9088,2.418257625629588e-05,0.00016102622498508426,10,3.456221198154808e-05,0.00023073454509679587,0.6983690476190476,0.15316301945778832
item_RANITIDINE HYDROCHLORIDE,2.416611806012972e-05,0.0001427797309304298,10,3.4562211981570276e-05,0.00020356925162362175,0.6983690476190476,0.15316301945778832
item_99245,2.4159260478379558e-05,3.8900727411571675e-05,10,3.456221198155918e-05,5.565044833404852e-05,0.6983690476190476,0.15316301945778832
item_ERYTHROMYCIN,2.414143076585716e-05,5.436694565144939e-05,10,3.4562211981570276e-05,7.775905042749692e-05,0.6983690476190476,0.15316301945778832
item_A4657,2.4137316216803965e-05,3.8864967367836036e-05,10,3.456221198155918e-05,5.565044833404852e-05,0.6983690476190476,0.15316301945778832
item_E042,2.4133201667774027e-05,3.885831975745634e-05,10,3.456221198158138e-05,5.565044833408427e-05,0.6983690476190476,0.15316301945778832
item_76705,2.413045863506941e-05,9.337503091427195e-05,10,3.4562211981570276e-05,0.0001335831576875929,0.6983690476190476,0.15316301945778832
item_98940,2.412634408601617e-05,3.8847132785264896e-05,10,3.456221198155918e-05,5.565044833404852e-05,0.6983690476190476,0.15316301945778832
item_82274,2.411811498792532e-05,3.8834141026217025e-05,10,3.456221198155918e-05,5.565044833404851e-05,0.6983690476190476,0.15316301945778832
item_84460,2.4115371955228372e-05,3.8829493261284374e-05,10,3.456221198155918e-05,5.565044833404852e-05,0.6983690476190476,0.15316301945778832
item_M47816,2.4115371955228372e-05,3.8829493261284374e-05,10,3.456221198155918e-05,5.565044833404852e-05,0.6983690476190476,0.15316301945778832
item_73590,2.41140004388799e-05,3.8827395443597036e-05,10,3.456221198155918e-05,5.565044833404852e-05,0.6983690476190476,0.15316301945778832
item_00731,2.410714285714526e-05,3.881636270935332e-05,10,3.4562211981570276e-05,5.5650448334066396e-05,0.6983690476190476,0.15316301945778832
item_METHYLPREDNISOLONE,2.4105771340789052e-05,3.881407754499246e-05,10,3.456221198155918e-05,5.565044833404852e-05,0.6983690476190476,0.15316301945778832
item_95165,2.4098913759046678e-05,3.880294784032318e-05,10,3.456221198155918e-05,5.565044833404852e-05,0.6983690476190476,0.15316301945778832
item_84156,2.409479921000899e-05,5.420014075262766e-05,10,3.4562211981570276e-05,7.775905042749692e-05,0.6983690476190476,0.15316301945778832
item_86235,2.4094799210001256e-05,3.879642460800506e-05,10,3.456221198155918e-05,5.565044833404852e-05,0.6983690476190476,0.15316301945778832
item_DOCUSATE SODIUM,2.4089313144615096e-05,0.00010738247526445634,10,3.4562211981570276e-05,0.00015408911403793306,0.6983690476190476,0.15316301945778832
item_D259,2.4086570111902643e-05,0.00013173025338812652,10,3.456221198154808e-05,0.00018852438876548346,0.6983690476190476,0.15316301945778832
item_AMITRIPTYLINE HYDROCHLORI,2.40838270792212e-05,0.0001368899656806053,10,3.4562211981570276e-05,0.00019619108716504137,0.6983690476190476,0.15316301945778832
item_SUPREP BOWEL PREP KIT,2.4083827079221198e-05,5.418749218918911e-05,10,3.4562211981570276e-05,7.775905042749692e-05,0.6983690476190476,0.15316301945778832
item_GLIPIZIDE,2.4083827079221198e-05,5.418749218918911e-05,10,3.4562211981570276e-05,7.775905042749692e-05,0.6983690476190476,0.15316301945778832
item_92250,2.408108404652425e-05,5.417530000370479e-05,10,3.4562211981570276e-05,7.775905042747864e-05,0.6983690476190476,0.15316301945778832
item_ONDANSETRON HYDROCHLORIDE,2.4079712530175776e-05,0.00010739284520419464,10,3.4562211981570276e-05,0.00015408911403793306,0.6983690476190476,0.15316301945778832
item_R748,2.4079712530175772e-05,3.8772052135962086e-05,10,3.4562211981570276e-05,5.565044833406639e-05,0.6983690476190476,0.15316301945778832
item_XARELTO,2.4079712530168034e-05,3.8772051057820746e-05,10,3.456221198155918e-05,5.565044833404851e-05,0.6983690476190476,0.15316301945778832
item_86376,2.4071483432084922e-05,3.875878262700708e-05,10,3.4562211981570276e-05,5.5650448334066396e-05,0.6983690476190476,0.15316301945778832
item_73502,2.4068740399395704e-05,0.00010735912155359798,10,3.456221198158138e-05,0.0001540891140379672,0.6983690476190476,0.15316301945778832
item_80338,2.40618828176456e-05,6.616125088432396e-05,10,3.4562211981570276e-05,9.484707400328037e-05,0.6983690476190476,0.15316301945778832
item_85660,2.406051130129713e-05,3.874112013946308e-05,10,3.4562211981570276e-05,5.5650448334066396e-05,0.6983690476190476,0.15316301945778832
item_70553,2.4046796137796872e-05,0.00013182687495073522,10,3.456221198154808e-05,0.00018852438876548346,0.6983690476190476,0.15316301945778832
item_F319,2.4030337941630712e-05,0.00032851959647665723,10,3.4562211981570276e-05,0.0004704888831272352,0.6983690476190476,0.15316301945778832
item_96372,2.4004279130994186e-05,0.00017749091053416162,10,3.456221198154808e-05,0.000255022391949075,0.6983690476190476,0.15316301945778832
item_81002,2.393707482993442e-05,8.539932105866285e-05,10,3.4562211981570276e-05,0.00012204491998516322,0.6983690476190476,0.15316301945778832
item_99285,2.3786208031609922e-05,0.000423095325022154,10,3.456221198158138e-05,0.0006048844251613741,0.6983690476190476,0.15316301945778832
item_METHYLPREDNISOLONE DOSE P,2.376014922098896e-05,0.0003393612497410986,10,3.456221198158138e-05,0.0004859087123774774,0.6983690476190476,0.15316301945778832
item_85379,1.6438994952831767e-05,0.00032128791238141745,10,2.304147465439499e-05,0.00046018900703362526,0.6983690476190476,0.15316301945778832
item_AMITIZA,1.634024577572611e-05,0.00011322787997551343,10,2.3041474654372784e-05,0.00016110734994934052,0.6983690476190476,0.15316301945778832
item_R6889,1.6332016677642996e-05,0.00011323576841197325,10,2.3041474654383887e-05,0.00016110734994932992,0.6983690476190476,0.15316301945778832
item_ROPINIROLE HCL,1.6246982664029808e-05,0.00011283718684806132,10,2.3041474654372784e-05,0.00016110734994934052,0.6983690476190476,0.15316301945778832
item_HYDROXYZINE HCL,1.62456111476814e-05,0.00028866022725162745,10,2.3041474654372784e-05,0.0004128933964889708,0.6983690476190476,0.15316301945778832
item_E0603,1.6211323238977235e-05,5.12647053203862e-05,10,2.3041474654383887e-05,7.28635405568941e-05,0.6983690476190476,0.15316301945778832
item_92133,1.6200351108166162e-05,0.0001730644843674833,10,2.304147465435058e-05,0.0002476884100860048,0.6983690476190476,0.15316301945778832
item_R319,1.6181149879302982e-05,3.411293332160816e-05,10,2.3041474654372784e-05,4.8575693704572655e-05,0.6983690476190476,0.15316301945778832
item_96413,1.6181149879302982e-05,3.411293332160816e-05,10,2.3041474654372784e-05,4.8575693704572655e-05,0.6983690476190476,0.15316301945778832
item_93970,1.615920561772739e-05,3.4066818101688684e-05,10,2.3041474654372784e-05,4.8575693704572655e-05,0.6983690476190476,0.15316301945778832
item_E6601,1.615920561772739e-05,3.4066818101688684e-05,10,2.3041474654372784e-05,4.8575693704572655e-05,0.6983690476190476,0.15316301945778832
item_58300,1.6150976519636542e-05,5.107387223795068e-05,10,2.3041474654372784e-05,7.286354055685898e-05,0.6983690476190476,0.15316301945778832
item_97162,1.6150976519636542e-05,5.107387223795068e-05,10,2.3041474654372784e-05,7.286354055685898e-05,0.6983690476190476,0.15316301945778832
item_95024,1.6141375905197222e-05,3.4029407667797424e-05,10,2.3041474654372784e-05,4.8575693704572655e-05,0.6983690476190476,0.15316301945778832
item_DIVALPROEX SODIUM ER,1.613863287250027e-05,3.402323790524987e-05,10,2.3041474654372784e-05,4.8575693704572655e-05,0.6983690476190476,0.15316301945778832
item_82397,1.6134518323462586e-05,3.401503296903084e-05,10,2.3041474654383887e-05,4.857569370459606e-05,0.6983690476190476,0.15316301945778832
item_J020,1.6134518323462586e-05,3.401503296903084e-05,10,2.3041474654383887e-05,4.857569370459606e-05,0.6983690476190476,0.15316301945778832
item_CELECOXIB,1.6134518323462586e-05,3.401503296903084e-05,10,2.3041474654383887e-05,4.857569370459606e-05,0.6983690476190476,0.15316301945778832
item_84165,1.6131775290757898e-05,3.400928525999843e-05,10,2.3041474654372784e-05,4.8575693704572655e-05,0.6983690476190476,0.15316301945778832
item_S0621,1.612903225806095e-05,3.4003024932094285e-05,10,2.3041474654372784e-05,4.8575693704572655e-05,0.6983690476190476,0.15316301945778832
item_POTASSIUM CHLORIDE ER,1.612903225806095e-05,3.4003024932094285e-05,10,2.3041474654372784e-05,4.8575693704572655e-05,0.6983690476190476,0.15316301945778832
item_99000,1.6124917709023283e-05,0.00014073595513347935,10,2.3041474654383887e-05,0.00020175000824215622,0.6983690476190476,0.15316301945778832
item_I480,1.6120803159970102e-05,3.398630684250347e-05,10,2.3041474654372784e-05,4.8575693704572655e-05,0.6983690476190476,0.15316301945778832
item_93010,1.61208031599701e-05,6.339205575376156e-05,10,2.3041474654372784e-05,9.087680158369137e-05,0.6983690476190476,0.15316301945778832
item_97116,1.6107087996485356e-05,5.0935084541651904e-05,10,2.3041474654372784e-05,7.286354055685898e-05,0.6983690476190476,0.15316301945778832
item_R1011,1.6101601931091458e-05,3.394535687835972e-05,10,2.3041474654372784e-05,4.8575693704572655e-05,0.6983690476190476,0.15316301945778832
item_M7989,1.6100230414742982e-05,3.3942321549281126e-05,10,2.3041474654372784e-05,4.8575693704572655e-05,0.6983690476190476,0.15316301945778832
item_80352,1.6100230414742982e-05,3.3942321549281126e-05,10,2.3041474654372784e-05,4.8575693704572655e-05,0.6983690476190476,0.15316301945778832
item_JUNEL FE 1.5/30,1.6100230414742982e-05,3.3942321549281126e-05,10,2.3041474654372784e-05,4.8575693704572655e-05,0.6983690476190476,0.15316301945778832
item_H6691,1.609885889839451e-05,3.393943614793616e-05,10,2.3041474654372784e-05,4.8575693704572655e-05,0.6983690476190476,0.15316301945778832
item_84702,1.609885889839451e-05,3.393943614793616e-05,10,2.3041474654372784e-05,4.8575693704572655e-05,0.6983690476190476,0.15316301945778832
item_Z803,1.609885889839451e-05,3.393943614793616e-05,10,2.3041474654372784e-05,4.8575693704572655e-05,0.6983690476190476,0.15316301945778832
item_CIPROFLOXACIN HYDROCHLORI,1.6096115865705305e-05,0.00011237064969264847,10,2.3041474654383887e-05,0.00016110734994932992,0.6983690476190476,0.15316301945778832
item_KLOR-CON M20,1.609062980030366e-05,3.3922048284638133e-05,10,2.3041474654372784e-05,4.8575693704572655e-05,0.6983690476190476,0.15316301945778832
item_TRIAMCINOLONE ACETONIDE,1.609062980030366e-05,3.392232431296129e-05,10,2.3041474654372784e-05,4.8575693704572655e-05,0.6983690476190476,0.15316301945778832
item_BLISOVI 24 FE,1.609062980030366e-05,3.392232431296129e-05,10,2.3041474654372784e-05,4.8575693704572655e-05,0.6983690476190476,0.15316301945778832
item_86850,1.6089258283955185e-05,3.3919246993810175e-05,10,2.3041474654372784e-05,4.8575693704572655e-05,0.6983690476190476,0.15316301945778832
item_J0190,1.6089258283955185e-05,3.3919246993810175e-05,10,2.3041474654372784e-05,4.8575693704572655e-05,0.6983690476190476,0.15316301945778832
item_CHLORHEXIDINE GLUCONATE,1.6082400702220553e-05,3.390472757431439e-05,10,2.3041474654383887e-05,4.857569370459606e-05,0.6983690476190476,0.15316301945778832
item_95117,1.6079657669515865e-05,3.389907300576695e-05,10,2.3041474654372784e-05,4.8575693704572655e-05,0.6983690476190476,0.15316301945778832
item_92557,1.607828615316739e-05,3.3896192247101846e-05,10,2.3041474654372784e-05,4.8575693704572655e-05,0.6983690476190476,0.15316301945778832
item_J2795,1.6074171604121964e-05,5.0830993769427805e-05,10,2.3041474654372784e-05,7.286354055685898e-05,0.6983690476190476,0.15316301945778832
item_77003,1.607280008777349e-05,3.388443792348425e-05,10,2.3041474654372784e-05,4.8575693704572655e-05,0.6983690476190476,0.15316301945778832
item_G0378,1.607280008777349e-05,3.388443792348425e-05,10,2.3041474654372784e-05,4.8575693704572655e-05,0.6983690476190476,0.15316301945778832
item_83021,1.6071428571425018e-05,5.0822319538409135e-05,10,2.3041474654372784e-05,7.286354055685898e-05,0.6983690476190476,0.15316301945778832
item_97012,1.6070057055076545e-05,3.3878767383237565e-05,10,2.3041474654372784e-05,4.8575693704572655e-05,0.6983690476190476,0.15316301945778832
item_71045,1.6070057055076545e-05,3.3878767383237565e-05,10,2.3041474654372784e-05,4.8575693704572655e-05,0.6983690476190476,0.15316301945778832
item_J101,1.6070057055076545e-05,3.3878767383237565e-05,10,2.3041474654372784e-05,4.8575693704572655e-05,0.6983690476190476,0.15316301945778832
item_ENOXAPARIN SODIUM,1.606457098969038e-05,3.386709316436406e-05,10,2.3041474654383887e-05,4.857569370459606e-05,0.6983690476190476,0.15316301945778832
item_R200,1.606457098969038e-05,3.386709316436406e-05,10,2.3041474654383887e-05,4.857569370459606e-05,0.6983690476190476,0.15316301945778832
item_TRI-PREVIFEM,1.6061827956985698e-05,3.386131404778119e-05,10,2.3041474654372784e-05,4.8575693704572655e-05,0.6983690476190476,0.15316301945778832
item_94617,1.6053598858910317e-05,0.0001122368232796421,10,2.304147465439499e-05,0.00016110734994936345,0.6983690476190476,0.15316301945778832
item_93017,1.6052227342546374e-05,5.076159992127844e-05,10,2.3041474654372784e-05,7.286354055685898e-05,0.6983690476190476,0.15316301945778832
item_JUNEL 1/20,1.6052227342546374e-05,5.076159992127844e-05,10,2.3041474654372784e-05,7.286354055685898e-05,0.6983690476190476,0.15316301945778832
item_POLYMYXIN B SULFATE/TRIME,1.6052227342546374e-05,5.076159992127844e-05,10,2.3041474654372784e-05,7.286354055685898e-05,0.6983690476190476,0.15316301945778832
item_90756,1.6052227342546374e-05,5.076159992127844e-05,10,2.3041474654372784e-05,7.286354055685898e-05,0.6983690476190476,0.15316301945778832
item_94150,1.605222734254637e-05,3.3841106141303195e-05,10,2.3041474654372784e-05,4.8575693704572655e-05,0.6983690476190476,0.15316301945778832
item_M542,1.6052227342546354e-05,0.00014579125445757368,10,2.3041474654372784e-05,0.00020893195865953203,0.6983690476190476,0.15316301945778832
item_ETODOLAC,1.6050855826197898e-05,3.383820994744772e-05,10,2.3041474654372784e-05,4.8575693704572655e-05,0.6983690476190476,0.15316301945778832
item_58301,1.6045369760811738e-05,3.382662207448136e-05,10,2.3041474654383887e-05,4.857569370459606e-05,0.6983690476190476,0.15316301945778832
item_99401,1.604262672810705e-05,3.382083431207731e-05,10,2.3041474654372784e-05,4.8575693704572655e-05,0.6983690476190476,0.15316301945778832
item_88342,1.604262672810705e-05,3.382083431207731e-05,10,2.3041474654372784e-05,4.8575693704572655e-05,0.6983690476190476,0.15316301945778832
item_80331,1.6041255211758578e-05,3.3817945220011966e-05,10,2.3041474654372784e-05,4.8575693704572655e-05,0.6983690476190476,0.15316301945778832
item_G0145,1.6041255211758578e-05,3.3817945220011966e-05,10,2.3041474654372784e-05,4.8575693704572655e-05,0.6983690476190476,0.15316301945778832
item_93971,1.6033026113675452e-05,5.070088030417214e-05,10,2.3041474654383887e-05,7.28635405568941e-05,0.6983690476190476,0.15316301945778832
item_99140,1.6033026113667727e-05,5.070088030414771e-05,10,2.3041474654372784e-05,7.286354055685898e-05,0.6983690476190476,0.15316301945778832
item_87536,1.6033026113667727e-05,5.070088030414771e-05,10,2.3041474654372784e-05,7.286354055685898e-05,0.6983690476190476,0.15316301945778832
item_82248,1.603028308097078e-05,5.069220607312905e-05,10,2.3041474654372784e-05,7.286354055685898e-05,0.6983690476190476,0.15316301945778832
item_82607,1.603028308097078e-05,5.069220607312905e-05,10,2.3041474654372784e-05,7.286354055685898e-05,0.6983690476190476,0.15316301945778832
item_N920,1.6000109721304324e-05,0.00015538984767675697,10,2.3041474654372784e-05,0.00022260179333624515,0.6983690476190476,0.15316301945778832
item_VALACYCLOVIR HCL,1.598228000877415e-05,0.00013568899861999395,10,2.3041474654372784e-05,0.0001943027748183272,0.6983690476190476,0.15316301945778832
item_80365,1.5961707263562514e-05,0.00012426460772669426,10,2.304147465439499e-05,0.0001784784952169288,0.6983690476190476,0.15316301945778832
item_CEFDINIR,8.282587228437996e-06,0.00013395598302460616,10,1.1520737327186392e-05,0.00019162787941435925,0.6983690476190476,0.15316301945778832
item_Z3483,8.105661619484711e-06,2.563235266018075e-05,10,1.1520737327186392e-05,3.643177027842949e-05,0.6983690476190476,0.15316301945778832
item_DROSPIRENONE/ETHINYL ESTR,8.105661619484711e-06,2.563235266018075e-05,10,1.1520737327186392e-05,3.643177027842949e-05,0.6983690476190476,0.15316301945778832
item_80354,8.105661619484711e-06,2.563235266018075e-05,10,1.1520737327186392e-05,3.643177027842949e-05,0.6983690476190476,0.15316301945778832
item_Q9966,8.105661619484711e-06,2.563235266018075e-05,10,1.1520737327186392e-05,3.643177027842949e-05,0.6983690476190476,0.15316301945778832
item_82310,8.105661619484711e-06,2.563235266018075e-05,10,1.1520737327186392e-05,3.643177027842949e-05,0.6983690476190476,0.15316301945778832
item_TERBINAFINE HCL,8.105661619484711e-06,2.563235266018075e-05,10,1.1520737327186392e-05,3.643177027842949e-05,0.6983690476190476,0.15316301945778832
item_N760,8.105661619484711e-06,2.563235266018075e-05,10,1.1520737327186392e-05,3.643177027842949e-05,0.6983690476190476,0.15316301945778832
item_F3341,8.105661619484711e-06,2.563235266018075e-05,10,1.1520737327186392e-05,3.643177027842949e-05,0.6983690476190476,0.15316301945778832
item_82105,8.105661619484711e-06,2.563235266018075e-05,10,1.1520737327186392e-05,3.643177027842949e-05,0.6983690476190476,0.15316301945778832
item_90715,8.105661619484711e-06,2.563235266018075e-05,10,1.1520737327186392e-05,3.643177027842949e-05,0.6983690476190476,0.15316301945778832
item_73110,8.079602808871455e-06,7.033746989357601e-05,10,1.1520737327197495e-05,0.00010087500412106331,0.6983690476190476,0.15316301945778832
item_92552,8.075488259818271e-06,2.553693611897534e-05,10,1.1520737327186392e-05,3.643177027842949e-05,0.6983690476190476,0.15316301945778832
item_M79642,8.075488259818271e-06,2.553693611897534e-05,10,1.1520737327186392e-05,3.643177027842949e-05,0.6983690476190476,0.15316301945778832
item_ESTRADIOL,8.075488259818271e-06,2.553693611897534e-05,10,1.1520737327186392e-05,3.643177027842949e-05,0.6983690476190476,0.15316301945778832
item_89051,8.075488259818271e-06,2.553693611897534e-05,10,1.1520737327186392e-05,3.643177027842949e-05,0.6983690476190476,0.15316301945778832
item_74183,8.075488259818271e-06,2.553693611897534e-05,10,1.1520737327186392e-05,3.643177027842949e-05,0.6983690476190476,0.15316301945778832
item_OLOPATADINE HCL,8.075488259818271e-06,2.553693611897534e-05,10,1.1520737327186392e-05,3.643177027842949e-05,0.6983690476190476,0.15316301945778832
item_J7512,8.075488259818271e-06,2.553693611897534e-05,10,1.1520737327186392e-05,3.643177027842949e-05,0.6983690476190476,0.15316301945778832
item_Unknown,8.063144612682e-06,2.5497902079391308e-05,10,1.1520737327186392e-05,3.64317702784295e-05,0.6983690476190476,0.15316301945778832
item_86481,8.063144612682e-06,2.5497902079391308e-05,10,1.1520737327186392e-05,3.64317702784295e-05,0.6983690476190476,0.15316301945778832
item_64494,8.063144612682e-06,2.5497902079391308e-05,10,1.1520737327186392e-05,3.64317702784295e-05,0.6983690476190476,0.15316301945778832
item_78452,8.063144612682e-06,2.5497902079391308e-05,10,1.1520737327186392e-05,3.64317702784295e-05,0.6983690476190476,0.15316301945778832
item_87493,8.063144612682e-06,2.5497902079391308e-05,10,1.1520737327186392e-05,3.64317702784295e-05,0.6983690476190476,0.15316301945778832
item_M7661,8.063144612682e-06,2.5497902079391308e-05,10,1.1520737327186392e-05,3.64317702784295e-05,0.6983690476190476,0.15316301945778832
item_96376,8.063144612682e-06,2.5497902079391308e-05,10,1.1520737327186392e-05,3.64317702784295e-05,0.6983690476190476,0.15316301945778832
item_86160,8.063144612682e-06,2.5497902079391308e-05,10,1.1520737327186392e-05,3.64317702784295e-05,0.6983690476190476,0.15316301945778832
item_99310,8.053543998250439e-06,2.546754227085049e-05,10,1.1520737327197495e-05,3.64317702784646e-05,0.6983690476190476,0.15316301945778832
item_80047,8.053543998250439e-06,2.546754227085049e-05,10,1.1520737327197495e-05,3.64317702784646e-05,0.6983690476190476,0.15316301945778832
item_E782,8.053543998242678e-06,2.5467542270825952e-05,10,1.1520737327186392e-05,3.643177027842949e-05,0.6983690476190476,0.15316301945778832
item_82951,8.053543998242678e-06,2.5467542270825952e-05,10,1.1520737327186392e-05,3.643177027842949e-05,0.6983690476190476,0.15316301945778832
item_90670,8.053543998242678e-06,2.5467542270825952e-05,10,1.1520737327186392e-05,3.643177027842949e-05,0.6983690476190476,0.15316301945778832
item_F3132,8.053543998242678e-06,2.5467542270825952e-05,10,1.1520737327186392e-05,3.643177027842949e-05,0.6983690476190476,0.15316301945778832
item_84480,8.053543998242678e-06,2.5467542270825952e-05,10,1.1520737327186392e-05,3.643177027842949e-05,0.6983690476190476,0.15316301945778832
item_Z1159,8.053543998242678e-06,2.5467542270825952e-05,10,1.1520737327186392e-05,3.643177027842949e-05,0.6983690476190476,0.15316301945778832
item_92002,8.053543998242678e-06,2.5467542270825952e-05,10,1.1520737327186392e-05,3.643177027842949e-05,0.6983690476190476,0.15316301945778832
item_77066,8.053543998242678e-06,2.5467542270825952e-05,10,1.1520737327186392e-05,3.643177027842949e-05,0.6983690476190476,0.15316301945778832
item_77065,8.053543998242678e-06,2.5467542270825952e-05,10,1.1520737327186392e-05,3.643177027842949e-05,0.6983690476190476,0.15316301945778832
item_R768,8.050800965553471e-06,0.0001440118432011246,10,1.1520737327197495e-05,0.00020644669824446756,0.6983690476190476,0.15316301945778832
item_80345,8.04805793284878e-06,4.5743656768761153e-05,10,1.1520737327186392e-05,6.539702905500243e-05,0.6983690476190476,0.15316301945778832
item_R221,8.037085802060982e-06,2.5415496884713902e-05,10,1.1520737327186392e-05,3.643177027842949e-05,0.6983690476190476,0.15316301945778832
item_M25551,8.037085802060982e-06,2.5415496884713902e-05,10,1.1520737327186392e-05,3.643177027842949e-05,0.6983690476190476,0.15316301945778832
item_M7671,8.037085802060982e-06,2.5415496884713902e-05,10,1.1520737327186392e-05,3.643177027842949e-05,0.6983690476190476,0.15316301945778832
item_HUMALOG,8.037085802060982e-06,2.5415496884713902e-05,10,1.1520737327186392e-05,3.643177027842949e-05,0.6983690476190476,0.15316301945778832
item_CALCIPOTRIENE,8.037085802060982e-06,2.5415496884713902e-05,10,1.1520737327186392e-05,3.643177027842949e-05,0.6983690476190476,0.15316301945778832
item_R1031,8.037085802060982e-06,2.5415496884713902e-05,10,1.1520737327186392e-05,3.643177027842949e-05,0.6983690476190476,0.15316301945778832
item_O09292,8.037085802060982e-06,2.5415496884713902e-05,10,1.1520737327186392e-05,3.643177027842949e-05,0.6983690476190476,0.15316301945778832
item_87205,8.037085802060982e-06,2.5415496884713902e-05,10,1.1520737327186392e-05,3.643177027842949e-05,0.6983690476190476,0.15316301945778832
item_LETROZOLE,8.037085802060982e-06,2.5415496884713902e-05,10,1.1520737327186392e-05,3.643177027842949e-05,0.6983690476190476,0.15316301945778832
item_NORA-BE,8.035714285712509e-06,2.5411159769204568e-05,10,1.1520737327186392e-05,3.643177027842949e-05,0.6983690476190476,0.15316301945778832
item_F840,8.035714285712509e-06,2.5411159769204568e-05,10,1.1520737327186392e-05,3.643177027842949e-05,0.6983690476190476,0.15316301945778832
item_O34219,8.035714285712509e-06,2.5411159769204568e-05,10,1.1520737327186392e-05,3.643177027842949e-05,0.6983690476190476,0.15316301945778832
item_E1165,8.035714285712509e-06,2.5411159769204568e-05,10,1.1520737327186392e-05,3.643177027842949e-05,0.6983690476190476,0.15316301945778832
item_E0590,8.035714285712509e-06,2.5411159769204568e-05,10,1.1520737327186392e-05,3.643177027842949e-05,0.6983690476190476,0.15316301945778832
item_Z3009,8.035714285712509e-06,2.5411159769204568e-05,10,1.1520737327186392e-05,3.643177027842949e-05,0.6983690476190476,0.15316301945778832
item_AZELASTINE HCL,8.035714285712509e-06,2.5411159769204568e-05,10,1.1520737327186392e-05,3.643177027842949e-05,0.6983690476190476,0.15316301945778832
item_Z1283,8.035714285712509e-06,2.5411159769204568e-05,10,1.1520737327186392e-05,3.643177027842949e-05,0.6983690476190476,0.15316301945778832
item_E118,8.028856703977873e-06,2.538947419168235e-05,10,1.1520737327197495e-05,3.64317702784646e-05,0.6983690476190476,0.15316301945778832
item_GLYCOPYRROLATE,8.028856703977873e-06,2.538947419168235e-05,10,1.1520737327197495e-05,3.64317702784646e-05,0.6983690476190476,0.15316301945778832
item_80350,8.028856703977873e-06,2.538947419168235e-05,10,1.1520737327197495e-05,3.64317702784646e-05,0.6983690476190476,0.15316301945778832
item_85610,8.028856703977873e-06,2.538947419168235e-05,10,1.1520737327197495e-05,3.64317702784646e-05,0.6983690476190476,0.15316301945778832
item_71275,8.028856703977873e-06,2.538947419168235e-05,10,1.1520737327197495e-05,3.64317702784646e-05,0.6983690476190476,0.15316301945778832
item_84315,8.028856703977873e-06,2.538947419168235e-05,10,1.1520737327197495e-05,3.64317702784646e-05,0.6983690476190476,0.15316301945778832
item_73221,8.028856703977873e-06,2.538947419168235e-05,10,1.1520737327197495e-05,3.64317702784646e-05,0.6983690476190476,0.15316301945778832
item_R87619,8.028856703977873e-06,2.538947419168235e-05,10,1.1520737327197495e-05,3.64317702784646e-05,0.6983690476190476,0.15316301945778832
item_74022,8.026113671273187e-06,2.538079996063922e-05,10,1.1520737327186392e-05,3.643177027842949e-05,0.6983690476190476,0.15316301945778832
item_99058,8.026113671273187e-06,2.538079996063922e-05,10,1.1520737327186392e-05,3.643177027842949e-05,0.6983690476190476,0.15316301945778832
item_97163,8.026113671273187e-06,2.538079996063922e-05,10,1.1520737327186392e-05,3.643177027842949e-05,0.6983690476190476,0.15316301945778832
item_DICLOFENAC POTASSIUM,8.026113671273187e-06,2.538079996063922e-05,10,1.1520737327186392e-05,3.643177027842949e-05,0.6983690476190476,0.15316301945778832
item_J45909,8.026113671273187e-06,2.538079996063922e-05,10,1.1520737327186392e-05,3.643177027842949e-05,0.6983690476190476,0.15316301945778832
item_F71,8.026113671273187e-06,2.538079996063922e-05,10,1.1520737327186392e-05,3.643177027842949e-05,0.6983690476190476,0.15316301945778832
item_78227,8.026113671273187e-06,2.538079996063922e-05,10,1.1520737327186392e-05,3.643177027842949e-05,0.6983690476190476,0.15316301945778832
item_F321,8.026113671273187e-06,2.538079996063922e-05,10,1.1520737327186392e-05,3.643177027842949e-05,0.6983690476190476,0.15316301945778832
item_D696,8.026113671273187e-06,2.538079996063922e-05,10,1.1520737327186392e-05,3.643177027842949e-05,0.6983690476190476,0.15316301945778832
item_S0990XA,8.026113671273187e-06,2.538079996063922e-05,10,1.1520737327186392e-05,3.643177027842949e-05,0.6983690476190476,0.15316301945778832
item_E063,8.026113671273187e-06,2.538079996063922e-05,10,1.1520737327186392e-05,3.643177027842949e-05,0.6983690476190476,0.15316301945778832
item_S80861A,8.026113671273187e-06,2.538079996063922e-05,10,1.1520737327186392e-05,3.643177027842949e-05,0.6983690476190476,0.15316301945778832
item_76641,8.026113671273187e-06,2.538079996063922e-05,10,1.1520737327186392e-05,3.643177027842949e-05,0.6983690476190476,0.15316301945778832
item_J302,8.016513056841588e-06,2.5350440152098284e-05,10,1.1520737327197495e-05,3.64317702784646e-05,0.6983690476190476,0.15316301945778832
item_H5310,8.016513056841588e-06,2.5350440152098284e-05,10,1.1520737327197495e-05,3.64317702784646e-05,0.6983690476190476,0.15316301945778832
item_K760,8.016513056833863e-06,2.5350440152073856e-05,10,1.1520737327186392e-05,3.643177027842949e-05,0.6983690476190476,0.15316301945778832
item_86308,8.016513056833863e-06,2.5350440152073856e-05,10,1.1520737327186392e-05,3.643177027842949e-05,0.6983690476190476,0.15316301945778832
item_DESONIDE,8.016513056833863e-06,2.5350440152073856e-05,10,1.1520737327186392e-05,3.643177027842949e-05,0.6983690476190476,0.15316301945778832
item_MISOPROSTOL,8.016513056833863e-06,2.5350440152073856e-05,10,1.1520737327186392e-05,3.643177027842949e-05,0.6983690476190476,0.15316301945778832
item_72114,8.016513056833863e-06,2.5350440152073856e-05,10,1.1520737327186392e-05,3.643177027842949e-05,0.6983690476190476,0.15316301945778832
item_L309,8.016513056833863e-06,2.5350440152073856e-05,10,1.1520737327186392e-05,3.643177027842949e-05,0.6983690476190476,0.15316301945778832
item_PROMETHAZINE/CODEINE,8.016513056833863e-06,2.5350440152073856e-05,10,1.1520737327186392e-05,3.643177027842949e-05,0.6983690476190476,0.15316301945778832
item_96415,8.016513056833863e-06,2.5350440152073856e-05,10,1.1520737327186392e-05,3.643177027842949e-05,0.6983690476190476,0.15316301945778832
item_84153,8.01514154048539e-06,2.5346103036564524e-05,10,1.1520737327186392e-05,3.643177027842949e-05,0.6983690476190476,0.15316301945778832
item_N611,8.01514154048539e-06,2.5346103036564524e-05,10,1.1520737327186392e-05,3.643177027842949e-05,0.6983690476190476,0.15316301945778832
item_71260,8.01514154048539e-06,2.5346103036564524e-05,10,1.1520737327186392e-05,3.643177027842949e-05,0.6983690476190476,0.15316301945778832
item_MICROGESTIN FE 1/20,8.01514154048539e-06,2.5346103036564524e-05,10,1.1520737327186392e-05,3.643177027842949e-05,0.6983690476190476,0.15316301945778832
item_ATENOLOL,8.01514154048539e-06,2.5346103036564524e-05,10,1.1520737327186392e-05,3.643177027842949e-05,0.6983690476190476,0.15316301945778832
item_Z392,8.01514154048539e-06,2.5346103036564524e-05,10,1.1520737327186392e-05,3.643177027842949e-05,0.6983690476190476,0.15316301945778832
item_C9113,8.01514154048539e-06,2.5346103036564524e-05,10,1.1520737327186392e-05,3.643177027842949e-05,0.6983690476190476,0.15316301945778832
item_HUMIRA PEN,8.01514154048539e-06,2.5346103036564524e-05,10,1.1520737327186392e-05,3.643177027842949e-05,0.6983690476190476,0.15316301945778832
item_NORETHINDRONE,8.01514154048539e-06,2.5346103036564524e-05,10,1.1520737327186392e-05,3.643177027842949e-05,0.6983690476190476,0.15316301945778832
item_METRONIDAZOLE,8.005540926046067e-06,4.5523694394206636e-05,10,1.1520737327186392e-05,6.539702905500243e-05,0.6983690476190476,0.15316301945778832
item_J441,7.883475971039562e-06,0.00014371787447681227,10,1.1520737327197495e-05,0.00020644669824446753,0.6983690476190476,0.15316301945778832
item_90688,3.017335966644087e-08,3.813938907057271e-05,10,0.0,5.4309276588816525e-05,0.6983690476190476,0.15316301945778832
item_86705,9.600614439321541e-09,3.79874047488073e-05,10,0.0,5.4309276588816525e-05,0.6983690476190476,0.15316301945778832
item_51701,0.0,0.0,10,0.0,0.0,0.6983690476190476,0.15316301945778832
item_51702,0.0,0.0,10,0.0,0.0,0.6983690476190476,0.15316301945778832
item_51728,0.0,0.0,10,0.0,0.0,0.6983690476190476,0.15316301945778832
item_51741,0.0,0.0,10,0.0,0.0,0.6983690476190476,0.15316301945778832
item_51784,0.0,0.0,10,0.0,0.0,0.6983690476190476,0.15316301945778832
item_51797,0.0,0.0,10,0.0,0.0,0.6983690476190476,0.15316301945778832
item_4619,0.0,0.0,10,0.0,0.0,0.6983690476190476,0.15316301945778832
item_462,0.0,0.0,10,0.0,0.0,0.6983690476190476,0.15316301945778832
item_46221,0.0,0.0,10,0.0,0.0,0.6983690476190476,0.15316301945778832
item_4659,0.0,0.0,10,0.0,0.0,0.6983690476190476,0.15316301945778832
item_4660,0.0,0.0,10,0.0,0.0,0.6983690476190476,0.15316301945778832
item_46600,0.0,0.0,10,0.0,0.0,0.6983690476190476,0.15316301945778832
item_47000,0.0,0.0,10,0.0,0.0,0.6983690476190476,0.15316301945778832
item_4739,0.0,0.0,10,0.0,0.0,0.6983690476190476,0.15316301945778832
item_53081,0.0,0.0,10,0.0,0.0,0.6983690476190476,0.15316301945778832
item_54056,0.0,0.0,10,0.0,0.0,0.6983690476190476,0.15316301945778832
item_54150,0.0,0.0,10,0.0,0.0,0.6983690476190476,0.15316301945778832
item_55250,0.0,0.0,10,0.0,0.0,0.6983690476190476,0.15316301945778832
item_5589,0.0,0.0,10,0.0,0.0,0.6983690476190476,0.15316301945778832
item_56400,0.0,0.0,10,0.0,0.0,0.6983690476190476,0.15316301945778832
item_56405,0.0,0.0,10,0.0,0.0,0.6983690476190476,0.15316301945778832
item_56420,0.0,0.0,10,0.0,0.0,0.6983690476190476,0.15316301945778832
item_49390,0.0,0.0,10,0.0,0.0,0.6983690476190476,0.15316301945778832
item_49406,0.0,0.0,10,0.0,0.0,0.6983690476190476,0.15316301945778832
item_49505,0.0,0.0,10,0.0,0.0,0.6983690476190476,0.15316301945778832
item_49560,0.0,0.0,10,0.0,0.0,0.6983690476190476,0.15316301945778832
item_49568,0.0,0.0,10,0.0,0.0,0.6983690476190476,0.15316301945778832
item_49585,0.0,0.0,10,0.0,0.0,0.6983690476190476,0.15316301945778832
item_49650,0.0,0.0,10,0.0,0.0,0.6983690476190476,0.15316301945778832
item_50200,0.0,0.0,10,0.0,0.0,0.6983690476190476,0.15316301945778832
item_57461,0.0,0.0,10,0.0,0.0,0.6983690476190476,0.15316301945778832
item_57500,0.0,0.0,10,0.0,0.0,0.6983690476190476,0.15316301945778832
item_57505,0.0,0.0,10,0.0,0.0,0.6983690476190476,0.15316301945778832
item_57511,0.0,0.0,10,0.0,0.0,0.6983690476190476,0.15316301945778832
item_57520,0.0,0.0,10,0.0,0.0,0.6983690476190476,0.15316301945778832
item_57522,0.0,0.0,10,0.0,0.0,0.6983690476190476,0.15316301945778832
item_58100,0.0,0.0,10,0.0,0.0,0.6983690476190476,0.15316301945778832
item_58120,0.0,0.0,10,0.0,0.0,0.6983690476190476,0.15316301945778832
item_51798,0.0,0.0,10,0.0,0.0,0.6983690476190476,0.15316301945778832
item_52000,0.0,0.0,10,0.0,0.0,0.6983690476190476,0.15316301945778832
item_52005,0.0,0.0,10,0.0,0.0,0.6983690476190476,0.15316301945778832
item_52281,0.0,0.0,10,0.0,0.0,0.6983690476190476,0.15316301945778832
item_52310,0.0,0.0,10,0.0,0.0,0.6983690476190476,0.15316301945778832
item_52332,0.0,0.0,10,0.0,0.0,0.6983690476190476,0.15316301945778832
item_52356,0.0,0.0,10,0.0,0.0,0.6983690476190476,0.15316301945778832
item_5258,0.0,0.0,10,0.0,0.0,0.6983690476190476,0.15316301945778832
item_58563,0.0,0.0,10,0.0,0.0,0.6983690476190476,0.15316301945778832
item_58571,0.0,0.0,10,0.0,0.0,0.6983690476190476,0.15316301945778832
item_58605,0.0,0.0,10,0.0,0.0,0.6983690476190476,0.15316301945778832
item_58661,0.0,0.0,10,0.0,0.0,0.6983690476190476,0.15316301945778832
item_58662,0.0,0.0,10,0.0,0.0,0.6983690476190476,0.15316301945778832
item_58670,0.0,0.0,10,0.0,0.0,0.6983690476190476,0.15316301945778832
item_58671,0.0,0.0,10,0.0,0.0,0.6983690476190476,0.15316301945778832
item_56501,0.0,0.0,10,0.0,0.0,0.6983690476190476,0.15316301945778832
item_56605,0.0,0.0,10,0.0,0.0,0.6983690476190476,0.15316301945778832
item_57410,0.0,0.0,10,0.0,0.0,0.6983690476190476,0.15316301945778832
item_57452,0.0,0.0,10,0.0,0.0,0.6983690476190476,0.15316301945778832
item_57454,0.0,0.0,10,0.0,0.0,0.6983690476190476,0.15316301945778832
item_57455,0.0,0.0,10,0.0,0.0,0.6983690476190476,0.15316301945778832
item_57456,0.0,0.0,10,0.0,0.0,0.6983690476190476,0.15316301945778832
item_57460,0.0,0.0,10,0.0,0.0,0.6983690476190476,0.15316301945778832
item_59425,0.0,0.0,10,0.0,0.0,0.6983690476190476,0.15316301945778832
item_59426,0.0,0.0,10,0.0,0.0,0.6983690476190476,0.15316301945778832
item_59430,0.0,0.0,10,0.0,0.0,0.6983690476190476,0.15316301945778832
item_5950,0.0,0.0,10,0.0,0.0,0.6983690476190476,0.15316301945778832
item_59510,0.0,0.0,10,0.0,0.0,0.6983690476190476,0.15316301945778832
item_59514,0.0,0.0,10,0.0,0.0,0.6983690476190476,0.15316301945778832
item_59515,0.0,0.0,10,0.0,0.0,0.6983690476190476,0.15316301945778832
item_59610,0.0,0.0,10,0.0,0.0,0.6983690476190476,0.15316301945778832
item_58150,0.0,0.0,10,0.0,0.0,0.6983690476190476,0.15316301945778832
item_58340,0.0,0.0,10,0.0,0.0,0.6983690476190476,0.15316301945778832
item_58552,0.0,0.0,10,0.0,0.0,0.6983690476190476,0.15316301945778832
item_58555,0.0,0.0,10,0.0,0.0,0.6983690476190476,0.15316301945778832
item_58558,0.0,0.0,10,0.0,0.0,0.6983690476190476,0.15316301945778832
item_58561,0.0,0.0,10,0.0,0.0,0.6983690476190476,0.15316301945778832
item_6202,0.0,0.0,10,0.0,0.0,0.6983690476190476,0.15316301945778832
item_62270,0.0,0.0,10,0.0,0.0,0.6983690476190476,0.15316301945778832
item_62273,0.0,0.0,10,0.0,0.0,0.6983690476190476,0.15316301945778832
item_62310,0.0,0.0,10,0.0,0.0,0.6983690476190476,0.15316301945778832
item_62311,0.0,0.0,10,0.0,0.0,0.6983690476190476,0.15316301945778832
item_62321,0.0,0.0,10,0.0,0.0,0.6983690476190476,0.15316301945778832
item_62323,0.0,0.0,10,0.0,0.0,0.6983690476190476,0.15316301945778832
item_6238,0.0,0.0,10,0.0,0.0,0.6983690476190476,0.15316301945778832
item_59050,0.0,0.0,10,0.0,0.0,0.6983690476190476,0.15316301945778832
item_5920,0.0,0.0,10,0.0,0.0,0.6983690476190476,0.15316301945778832
item_59200,0.0,0.0,10,0.0,0.0,0.6983690476190476,0.15316301945778832
item_59320,0.0,0.0,10,0.0,0.0,0.6983690476190476,0.15316301945778832
item_59400,0.0,0.0,10,0.0,0.0,0.6983690476190476,0.15316301945778832
item_59409,0.0,0.0,10,0.0,0.0,0.6983690476190476,0.15316301945778832
item_59410,0.0,0.0,10,0.0,0.0,0.6983690476190476,0.15316301945778832
item_64400,0.0,0.0,10,0.0,0.0,0.6983690476190476,0.15316301945778832
item_64405,0.0,0.0,10,0.0,0.0,0.6983690476190476,0.15316301945778832
item_64413,0.0,0.0,10,0.0,0.0,0.6983690476190476,0.15316301945778832
item_64415,0.0,0.0,10,0.0,0.0,0.6983690476190476,0.15316301945778832
item_64435,0.0,0.0,10,0.0,0.0,0.6983690476190476,0.15316301945778832
item_64445,0.0,0.0,10,0.0,0.0,0.6983690476190476,0.15316301945778832
item_64447,0.0,0.0,10,0.0,0.0,0.6983690476190476,0.15316301945778832
item_59612,0.0,0.0,10,0.0,0.0,0.6983690476190476,0.15316301945778832
item_59812,0.0,0.0,10,0.0,0.0,0.6983690476190476,0.15316301945778832
item_59820,0.0,0.0,10,0.0,0.0,0.6983690476190476,0.15316301945778832
item_59899,0.0,0.0,10,0.0,0.0,0.6983690476190476,0.15316301945778832
item_5990,0.0,0.0,10,0.0,0.0,0.6983690476190476,0.15316301945778832
item_59970,0.0,0.0,10,0.0,0.0,0.6983690476190476,0.15316301945778832
item_61172,0.0,0.0,10,0.0,0.0,0.6983690476190476,0.15316301945778832
item_61610,0.0,0.0,10,0.0,0.0,0.6983690476190476,0.15316301945778832
item_64615,0.0,0.0,10,0.0,0.0,0.6983690476190476,0.15316301945778832
item_64633,0.0,0.0,10,0.0,0.0,0.6983690476190476,0.15316301945778832
item_64634,0.0,0.0,10,0.0,0.0,0.6983690476190476,0.15316301945778832
item_64635,0.0,0.0,10,0.0,0.0,0.6983690476190476,0.15316301945778832
item_64636,0.0,0.0,10,0.0,0.0,0.6983690476190476,0.15316301945778832
item_64640,0.0,0.0,10,0.0,0.0,0.6983690476190476,0.15316301945778832
item_64681,0.0,0.0,10,0.0,0.0,0.6983690476190476,0.15316301945778832
item_64721,0.0,0.0,10,0.0,0.0,0.6983690476190476,0.15316301945778832
item_6260,0.0,0.0,10,0.0,0.0,0.6983690476190476,0.15316301945778832
item_6262,0.0,0.0,10,0.0,0.0,0.6983690476190476,0.15316301945778832
item_6264,0.0,0.0,10,0.0,0.0,0.6983690476190476,0.15316301945778832
item_6268,0.0,0.0,10,0.0,0.0,0.6983690476190476,0.15316301945778832
item_6269,0.0,0.0,10,0.0,0.0,0.6983690476190476,0.15316301945778832
item_63030,0.0,0.0,10,0.0,0.0,0.6983690476190476,0.15316301945778832
item_63047,0.0,0.0,10,0.0,0.0,0.6983690476190476,0.15316301945778832
item_64003,0.0,0.0,10,0.0,0.0,0.6983690476190476,0.15316301945778832
item_67028,0.0,0.0,10,0.0,0.0,0.6983690476190476,0.15316301945778832
item_67800,0.0,0.0,10,0.0,0.0,0.6983690476190476,0.15316301945778832
item_68761,0.0,0.0,10,0.0,0.0,0.6983690476190476,0.15316301945778832
item_69200,0.0,0.0,10,0.0,0.0,0.6983690476190476,0.15316301945778832
item_69209,0.0,0.0,10,0.0,0.0,0.6983690476190476,0.15316301945778832
item_6929,0.0,0.0,10,0.0,0.0,0.6983690476190476,0.15316301945778832
item_69433,0.0,0.0,10,0.0,0.0,0.6983690476190476,0.15316301945778832
item_69990,0.0,0.0,10,0.0,0.0,0.6983690476190476,0.15316301945778832
item_70030,0.0,0.0,10,0.0,0.0,0.6983690476190476,0.15316301945778832
item_64484,0.0,0.0,10,0.0,0.0,0.6983690476190476,0.15316301945778832
item_64490,0.0,0.0,10,0.0,0.0,0.6983690476190476,0.15316301945778832
item_64491,0.0,0.0,10,0.0,0.0,0.6983690476190476,0.15316301945778832
item_64492,0.0,0.0,10,0.0,0.0,0.6983690476190476,0.15316301945778832
item_64493,0.0,0.0,10,0.0,0.0,0.6983690476190476,0.15316301945778832
item_64495,0.0,0.0,10,0.0,0.0,0.6983690476190476,0.15316301945778832
item_70360,0.0,0.0,10,0.0,0.0,0.6983690476190476,0.15316301945778832
item_70470,0.0,0.0,10,0.0,0.0,0.6983690476190476,0.15316301945778832
item_70480,0.0,0.0,10,0.0,0.0,0.6983690476190476,0.15316301945778832
item_70487,0.0,0.0,10,0.0,0.0,0.6983690476190476,0.15316301945778832
item_70490,0.0,0.0,10,0.0,0.0,0.6983690476190476,0.15316301945778832
item_70491,0.0,0.0,10,0.0,0.0,0.6983690476190476,0.15316301945778832
item_70496,0.0,0.0,10,0.0,0.0,0.6983690476190476,0.15316301945778832
item_70498,0.0,0.0,10,0.0,0.0,0.6983690476190476,0.15316301945778832
item_70543,0.0,0.0,10,0.0,0.0,0.6983690476190476,0.15316301945778832
item_70544,0.0,0.0,10,0.0,0.0,0.6983690476190476,0.15316301945778832
item_64881,0.0,0.0,10,0.0,0.0,0.6983690476190476,0.15316301945778832
item_64891,0.0,0.0,10,0.0,0.0,0.6983690476190476,0.15316301945778832
item_650,0.0,0.0,10,0.0,0.0,0.6983690476190476,0.15316301945778832
item_65205,0.0,0.0,10,0.0,0.0,0.6983690476190476,0.15316301945778832
item_66984,0.0,0.0,10,0.0,0.0,0.6983690476190476,0.15316301945778832
item_71010,0.0,0.0,10,0.0,0.0,0.6983690476190476,0.15316301945778832
item_71020,0.0,0.0,10,0.0,0.0,0.6983690476190476,0.15316301945778832
item_71100,0.0,0.0,10,0.0,0.0,0.6983690476190476,0.15316301945778832
item_71111,0.0,0.0,10,0.0,0.0,0.6983690476190476,0.15316301945778832
item_71250,0.0,0.0,10,0.0,0.0,0.6983690476190476,0.15316301945778832
item_71941,0.0,0.0,10,0.0,0.0,0.6983690476190476,0.15316301945778832
item_71945,0.0,0.0,10,0.0,0.0,0.6983690476190476,0.15316301945778832
item_70160,0.0,0.0,10,0.0,0.0,0.6983690476190476,0.15316301945778832
item_70220,0.0,0.0,10,0.0,0.0,0.6983690476190476,0.15316301945778832
item_70250,0.0,0.0,10,0.0,0.0,0.6983690476190476,0.15316301945778832
item_70355,0.0,0.0,10,0.0,0.0,0.6983690476190476,0.15316301945778832
item_72020,0.0,0.0,10,0.0,0.0,0.6983690476190476,0.15316301945778832
item_72040,0.0,0.0,10,0.0,0.0,0.6983690476190476,0.15316301945778832
item_72052,0.0,0.0,10,0.0,0.0,0.6983690476190476,0.15316301945778832
item_72070,0.0,0.0,10,0.0,0.0,0.6983690476190476,0.15316301945778832
item_72074,0.0,0.0,10,0.0,0.0,0.6983690476190476,0.15316301945778832
item_72080,0.0,0.0,10,0.0,0.0,0.6983690476190476,0.15316301945778832
item_72082,0.0,0.0,10,0.0,0.0,0.6983690476190476,0.15316301945778832
item_72120,0.0,0.0,10,0.0,0.0,0.6983690476190476,0.15316301945778832
item_70549,0.0,0.0,10,0.0,0.0,0.6983690476190476,0.15316301945778832
item_7061,0.0,0.0,10,0.0,0.0,0.6983690476190476,0.15316301945778832
item_72129,0.0,0.0,10,0.0,0.0,0.6983690476190476,0.15316301945778832
item_7213,0.0,0.0,10,0.0,0.0,0.6983690476190476,0.15316301945778832
item_72132,0.0,0.0,10,0.0,0.0,0.6983690476190476,0.15316301945778832
item_72141,0.0,0.0,10,0.0,0.0,0.6983690476190476,0.15316301945778832
item_72146,0.0,0.0,10,0.0,0.0,0.6983690476190476,0.15316301945778832
item_72156,0.0,0.0,10,0.0,0.0,0.6983690476190476,0.15316301945778832
item_72170,0.0,0.0,10,0.0,0.0,0.6983690476190476,0.15316301945778832
item_72190,0.0,0.0,10,0.0,0.0,0.6983690476190476,0.15316301945778832
item_72192,0.0,0.0,10,0.0,0.0,0.6983690476190476,0.15316301945778832
item_72193,0.0,0.0,10,0.0,0.0,0.6983690476190476,0.15316301945778832
item_72195,0.0,0.0,10,0.0,0.0,0.6983690476190476,0.15316301945778832
item_71946,0.0,0.0,10,0.0,0.0,0.6983690476190476,0.15316301945778832
item_71947,0.0,0.0,10,0.0,0.0,0.6983690476190476,0.15316301945778832
item_73222,0.0,0.0,10,0.0,0.0,0.6983690476190476,0.15316301945778832
item_72197,0.0,0.0,10,0.0,0.0,0.6983690476190476,0.15316301945778832
item_72200,0.0,0.0,10,0.0,0.0,0.6983690476190476,0.15316301945778832
item_72220,0.0,0.0,10,0.0,0.0,0.6983690476190476,0.15316301945778832
item_72252,0.0,0.0,10,0.0,0.0,0.6983690476190476,0.15316301945778832
item_7231,0.0,0.0,10,0.0,0.0,0.6983690476190476,0.15316301945778832
item_7242,0.0,0.0,10,0.0,0.0,0.6983690476190476,0.15316301945778832
item_7243,0.0,0.0,10,0.0,0.0,0.6983690476190476,0.15316301945778832
item_7244,0.0,0.0,10,0.0,0.0,0.6983690476190476,0.15316301945778832
item_7245,0.0,0.0,10,0.0,0.0,0.6983690476190476,0.15316301945778832
item_7291,0.0,0.0,10,0.0,0.0,0.6983690476190476,0.15316301945778832
item_7295,0.0,0.0,10,0.0,0.0,0.6983690476190476,0.15316301945778832
item_72981,0.0,0.0,10,0.0,0.0,0.6983690476190476,0.15316301945778832
item_73000,0.0,0.0,10,0.0,0.0,0.6983690476190476,0.15316301945778832
item_73010,0.0,0.0,10,0.0,0.0,0.6983690476190476,0.15316301945778832
item_73020,0.0,0.0,10,0.0,0.0,0.6983690476190476,0.15316301945778832
item_Z86711,0.0,0.0,10,0.0,0.0,0.6983690476190476,0.15316301945778832
item_Z86718,0.0,0.0,10,0.0,0.0,0.6983690476190476,0.15316301945778832
item_Z8679,0.0,0.0,10,0.0,0.0,0.6983690476190476,0.15316301945778832
item_73040,0.0,0.0,10,0.0,0.0,0.6983690476190476,0.15316301945778832
item_73060,0.0,0.0,10,0.0,0.0,0.6983690476190476,0.15316301945778832
item_73070,0.0,0.0,10,0.0,0.0,0.6983690476190476,0.15316301945778832
item_73080,0.0,0.0,10,0.0,0.0,0.6983690476190476,0.15316301945778832
item_73090,0.0,0.0,10,0.0,0.0,0.6983690476190476,0.15316301945778832
item_73100,0.0,0.0,10,0.0,0.0,0.6983690476190476,0.15316301945778832
item_73120,0.0,0.0,10,0.0,0.0,0.6983690476190476,0.15316301945778832
item_73140,0.0,0.0,10,0.0,0.0,0.6983690476190476,0.15316301945778832
item_73200,0.0,0.0,10,0.0,0.0,0.6983690476190476,0.15316301945778832
item_73201,0.0,0.0,10,0.0,0.0,0.6983690476190476,0.15316301945778832
item_73218,0.0,0.0,10,0.0,0.0,0.6983690476190476,0.15316301945778832
item_73600,0.0,0.0,10,0.0,0.0,0.6983690476190476,0.15316301945778832
item_73620,0.0,0.0,10,0.0,0.0,0.6983690476190476,0.15316301945778832
item_Z8041,0.0,0.0,10,0.0,0.0,0.6983690476190476,0.15316301945778832
item_Z8249,0.0,0.0,10,0.0,0.0,0.6983690476190476,0.15316301945778832
item_Z833,0.0,0.0,10,0.0,0.0,0.6983690476190476,0.15316301945778832
item_Z8349,0.0,0.0,10,0.0,0.0,0.6983690476190476,0.15316301945778832
item_Z853,0.0,0.0,10,0.0,0.0,0.6983690476190476,0.15316301945778832
item_Z85828,0.0,0.0,10,0.0,0.0,0.6983690476190476,0.15316301945778832
item_Z86010,0.0,0.0,10,0.0,0.0,0.6983690476190476,0.15316301945778832
item_Z8619,0.0,0.0,10,0.0,0.0,0.6983690476190476,0.15316301945778832
item_Z862,0.0,0.0,10,0.0,0.0,0.6983690476190476,0.15316301945778832
item_Z8632,0.0,0.0,10,0.0,0.0,0.6983690476190476,0.15316301945778832
item_Z8639,0.0,0.0,10,0.0,0.0,0.6983690476190476,0.15316301945778832
item_Z8659,0.0,0.0,10,0.0,0.0,0.6983690476190476,0.15316301945778832
item_Z8669,0.0,0.0,10,0.0,0.0,0.6983690476190476,0.15316301945778832
item_74019,0.0,0.0,10,0.0,0.0,0.6983690476190476,0.15316301945778832
item_74020,0.0,0.0,10,0.0,0.0,0.6983690476190476,0.15316301945778832
item_74150,0.0,0.0,10,0.0,0.0,0.6983690476190476,0.15316301945778832
item_73223,0.0,0.0,10,0.0,0.0,0.6983690476190476,0.15316301945778832
item_73501,0.0,0.0,10,0.0,0.0,0.6983690476190476,0.15316301945778832
item_73503,0.0,0.0,10,0.0,0.0,0.6983690476190476,0.15316301945778832
item_73521,0.0,0.0,10,0.0,0.0,0.6983690476190476,0.15316301945778832
item_73522,0.0,0.0,10,0.0,0.0,0.6983690476190476,0.15316301945778832
item_73523,0.0,0.0,10,0.0,0.0,0.6983690476190476,0.15316301945778832
item_73552,0.0,0.0,10,0.0,0.0,0.6983690476190476,0.15316301945778832
item_73562,0.0,0.0,10,0.0,0.0,0.6983690476190476,0.15316301945778832
item_73565,0.0,0.0,10,0.0,0.0,0.6983690476190476,0.15316301945778832
item_74246,0.0,0.0,10,0.0,0.0,0.6983690476190476,0.15316301945778832
item_74247,0.0,0.0,10,0.0,0.0,0.6983690476190476,0.15316301945778832
item_74250,0.0,0.0,10,0.0,0.0,0.6983690476190476,0.15316301945778832
item_74300,0.0,0.0,10,0.0,0.0,0.6983690476190476,0.15316301945778832
item_73630,0.0,0.0,10,0.0,0.0,0.6983690476190476,0.15316301945778832
item_73650,0.0,0.0,10,0.0,0.0,0.6983690476190476,0.15316301945778832
item_73660,0.0,0.0,10,0.0,0.0,0.6983690476190476,0.15316301945778832
item_73700,0.0,0.0,10,0.0,0.0,0.6983690476190476,0.15316301945778832
item_73701,0.0,0.0,10,0.0,0.0,0.6983690476190476,0.15316301945778832
item_73718,0.0,0.0,10,0.0,0.0,0.6983690476190476,0.15316301945778832
item_73720,0.0,0.0,10,0.0,0.0,0.6983690476190476,0.15316301945778832
item_73721,0.0,0.0,10,0.0,0.0,0.6983690476190476,0.15316301945778832
item_73722,0.0,0.0,10,0.0,0.0,0.6983690476190476,0.15316301945778832
item_73723,0.0,0.0,10,0.0,0.0,0.6983690476190476,0.15316301945778832
item_74000,0.0,0.0,10,0.0,0.0,0.6983690476190476,0.15316301945778832
item_74018,0.0,0.0,10,0.0,0.0,0.6983690476190476,0.15316301945778832
item_76512,0.0,0.0,10,0.0,0.0,0.6983690476190476,0.15316301945778832
item_76514,0.0,0.0,10,0.0,0.0,0.6983690476190476,0.15316301945778832
item_76604,0.0,0.0,10,0.0,0.0,0.6983690476190476,0.15316301945778832
item_74160,0.0,0.0,10,0.0,0.0,0.6983690476190476,0.15316301945778832
item_74170,0.0,0.0,10,0.0,0.0,0.6983690476190476,0.15316301945778832
item_74174,0.0,0.0,10,0.0,0.0,0.6983690476190476,0.15316301945778832
item_74181,0.0,0.0,10,0.0,0.0,0.6983690476190476,0.15316301945778832
item_74220,0.0,0.0,10,0.0,0.0,0.6983690476190476,0.15316301945778832
item_74230,0.0,0.0,10,0.0,0.0,0.6983690476190476,0.15316301945778832
item_74240,0.0,0.0,10,0.0,0.0,0.6983690476190476,0.15316301945778832
item_74241,0.0,0.0,10,0.0,0.0,0.6983690476190476,0.15316301945778832
item_76812,0.0,0.0,10,0.0,0.0,0.6983690476190476,0.15316301945778832
item_76813,0.0,0.0,10,0.0,0.0,0.6983690476190476,0.15316301945778832
item_76814,0.0,0.0,10,0.0,0.0,0.6983690476190476,0.15316301945778832
item_76815,0.0,0.0,10,0.0,0.0,0.6983690476190476,0.15316301945778832
item_76817,0.0,0.0,10,0.0,0.0,0.6983690476190476,0.15316301945778832
item_76818,0.0,0.0,10,0.0,0.0,0.6983690476190476,0.15316301945778832
item_74420,0.0,0.0,10,0.0,0.0,0.6983690476190476,0.15316301945778832
item_74740,0.0,0.0,10,0.0,0.0,0.6983690476190476,0.15316301945778832
item_75561,0.0,0.0,10,0.0,0.0,0.6983690476190476,0.15316301945778832
item_75635,0.0,0.0,10,0.0,0.0,0.6983690476190476,0.15316301945778832
item_75710,0.0,0.0,10,0.0,0.0,0.6983690476190476,0.15316301945778832
item_76000,0.0,0.0,10,0.0,0.0,0.6983690476190476,0.15316301945778832
item_76001,0.0,0.0,10,0.0,0.0,0.6983690476190476,0.15316301945778832
item_76376,0.0,0.0,10,0.0,0.0,0.6983690476190476,0.15316301945778832
item_76377,0.0,0.0,10,0.0,0.0,0.6983690476190476,0.15316301945778832
item_76499,0.0,0.0,10,0.0,0.0,0.6983690476190476,0.15316301945778832
item_76831,0.0,0.0,10,0.0,0.0,0.6983690476190476,0.15316301945778832
item_76857,0.0,0.0,10,0.0,0.0,0.6983690476190476,0.15316301945778832
item_76870,0.0,0.0,10,0.0,0.0,0.6983690476190476,0.15316301945778832
item_76881,0.0,0.0,10,0.0,0.0,0.6983690476190476,0.15316301945778832
item_76882,0.0,0.0,10,0.0,0.0,0.6983690476190476,0.15316301945778832
item_76937,0.0,0.0,10,0.0,0.0,0.6983690476190476,0.15316301945778832
item_76998,0.0,0.0,10,0.0,0.0,0.6983690476190476,0.15316301945778832
item_77001,0.0,0.0,10,0.0,0.0,0.6983690476190476,0.15316301945778832
item_76770,0.0,0.0,10,0.0,0.0,0.6983690476190476,0.15316301945778832
item_76775,0.0,0.0,10,0.0,0.0,0.6983690476190476,0.15316301945778832
item_76801,0.0,0.0,10,0.0,0.0,0.6983690476190476,0.15316301945778832
item_76802,0.0,0.0,10,0.0,0.0,0.6983690476190476,0.15316301945778832
item_76810,0.0,0.0,10,0.0,0.0,0.6983690476190476,0.15316301945778832
item_76811,0.0,0.0,10,0.0,0.0,0.6983690476190476,0.15316301945778832
item_77055,0.0,0.0,10,0.0,0.0,0.6983690476190476,0.15316301945778832
item_77056,0.0,0.0,10,0.0,0.0,0.6983690476190476,0.15316301945778832
item_77057,0.0,0.0,10,0.0,0.0,0.6983690476190476,0.15316301945778832
item_77059,0.0,0.0,10,0.0,0.0,0.6983690476190476,0.15316301945778832
item_77061,0.0,0.0,10,0.0,0.0,0.6983690476190476,0.15316301945778832
item_77062,0.0,0.0,10,0.0,0.0,0.6983690476190476,0.15316301945778832
item_77073,0.0,0.0,10,0.0,0.0,0.6983690476190476,0.15316301945778832
item_76820,0.0,0.0,10,0.0,0.0,0.6983690476190476,0.15316301945778832
item_76821,0.0,0.0,10,0.0,0.0,0.6983690476190476,0.15316301945778832
item_76825,0.0,0.0,10,0.0,0.0,0.6983690476190476,0.15316301945778832
item_76827,0.0,0.0,10,0.0,0.0,0.6983690476190476,0.15316301945778832
item_77334,0.0,0.0,10,0.0,0.0,0.6983690476190476,0.15316301945778832
item_77336,0.0,0.0,10,0.0,0.0,0.6983690476190476,0.15316301945778832
item_77427,0.0,0.0,10,0.0,0.0,0.6983690476190476,0.15316301945778832
item_78014,0.0,0.0,10,0.0,0.0,0.6983690476190476,0.15316301945778832
item_7802,0.0,0.0,10,0.0,0.0,0.6983690476190476,0.15316301945778832
item_7804,0.0,0.0,10,0.0,0.0,0.6983690476190476,0.15316301945778832
item_78060,0.0,0.0,10,0.0,0.0,0.6983690476190476,0.15316301945778832
item_78079,0.0,0.0,10,0.0,0.0,0.6983690476190476,0.15316301945778832
item_7820,0.0,0.0,10,0.0,0.0,0.6983690476190476,0.15316301945778832
item_7821,0.0,0.0,10,0.0,0.0,0.6983690476190476,0.15316301945778832
item_78226,0.0,0.0,10,0.0,0.0,0.6983690476190476,0.15316301945778832
item_77002,0.0,0.0,10,0.0,0.0,0.6983690476190476,0.15316301945778832
item_77012,0.0,0.0,10,0.0,0.0,0.6983690476190476,0.15316301945778832
item_77051,0.0,0.0,10,0.0,0.0,0.6983690476190476,0.15316301945778832
item_77052,0.0,0.0,10,0.0,0.0,0.6983690476190476,0.15316301945778832
item_7840,0.0,0.0,10,0.0,0.0,0.6983690476190476,0.15316301945778832
item_78451,0.0,0.0,10,0.0,0.0,0.6983690476190476,0.15316301945778832
item_7851,0.0,0.0,10,0.0,0.0,0.6983690476190476,0.15316301945778832
item_78582,0.0,0.0,10,0.0,0.0,0.6983690476190476,0.15316301945778832
item_78605,0.0,0.0,10,0.0,0.0,0.6983690476190476,0.15316301945778832
item_78609,0.0,0.0,10,0.0,0.0,0.6983690476190476,0.15316301945778832
item_7862,0.0,0.0,10,0.0,0.0,0.6983690476190476,0.15316301945778832
item_78650,0.0,0.0,10,0.0,0.0,0.6983690476190476,0.15316301945778832
item_78659,0.0,0.0,10,0.0,0.0,0.6983690476190476,0.15316301945778832
item_78701,0.0,0.0,10,0.0,0.0,0.6983690476190476,0.15316301945778832
item_77080,0.0,0.0,10,0.0,0.0,0.6983690476190476,0.15316301945778832
item_77263,0.0,0.0,10,0.0,0.0,0.6983690476190476,0.15316301945778832
item_77280,0.0,0.0,10,0.0,0.0,0.6983690476190476,0.15316301945778832
item_77290,0.0,0.0,10,0.0,0.0,0.6983690476190476,0.15316301945778832
item_77300,0.0,0.0,10,0.0,0.0,0.6983690476190476,0.15316301945778832
item_78901,0.0,0.0,10,0.0,0.0,0.6983690476190476,0.15316301945778832
item_78903,0.0,0.0,10,0.0,0.0,0.6983690476190476,0.15316301945778832
item_78904,0.0,0.0,10,0.0,0.0,0.6983690476190476,0.15316301945778832
item_78906,0.0,0.0,10,0.0,0.0,0.6983690476190476,0.15316301945778832
item_78907,0.0,0.0,10,0.0,0.0,0.6983690476190476,0.15316301945778832
item_78909,0.0,0.0,10,0.0,0.0,0.6983690476190476,0.15316301945778832
item_79029,0.0,0.0,10,0.0,0.0,0.6983690476190476,0.15316301945778832
item_7908,0.0,0.0,10,0.0,0.0,0.6983690476190476,0.15316301945778832
item_79503,0.0,0.0,10,0.0,0.0,0.6983690476190476,0.15316301945778832
item_7823,0.0,0.0,10,0.0,0.0,0.6983690476190476,0.15316301945778832
item_78264,0.0,0.0,10,0.0,0.0,0.6983690476190476,0.15316301945778832
item_78306,0.0,0.0,10,0.0,0.0,0.6983690476190476,0.15316301945778832
item_78315,0.0,0.0,10,0.0,0.0,0.6983690476190476,0.15316301945778832
item_80055,0.0,0.0,10,0.0,0.0,0.6983690476190476,0.15316301945778832
item_80069,0.0,0.0,10,0.0,0.0,0.6983690476190476,0.15316301945778832
item_80081,0.0,0.0,10,0.0,0.0,0.6983690476190476,0.15316301945778832
item_80156,0.0,0.0,10,0.0,0.0,0.6983690476190476,0.15316301945778832
item_80164,0.0,0.0,10,0.0,0.0,0.6983690476190476,0.15316301945778832
item_80175,0.0,0.0,10,0.0,0.0,0.6983690476190476,0.15316301945778832
item_80177,0.0,0.0,10,0.0,0.0,0.6983690476190476,0.15316301945778832
item_80178,0.0,0.0,10,0.0,0.0,0.6983690476190476,0.15316301945778832
item_80183,0.0,0.0,10,0.0,0.0,0.6983690476190476,0.15316301945778832
item_78791,0.0,0.0,10,0.0,0.0,0.6983690476190476,0.15316301945778832
item_7881,0.0,0.0,10,0.0,0.0,0.6983690476190476,0.15316301945778832
item_78815,0.0,0.0,10,0.0,0.0,0.6983690476190476,0.15316301945778832
item_78841,0.0,0.0,10,0.0,0.0,0.6983690476190476,0.15316301945778832
item_78900,0.0,0.0,10,0.0,0.0,0.6983690476190476,0.15316301945778832
item_80184,0.0,0.0,10,0.0,0.0,0.6983690476190476,0.15316301945778832
item_80185,0.0,0.0,10,0.0,0.0,0.6983690476190476,0.15316301945778832
item_80197,0.0,0.0,10,0.0,0.0,0.6983690476190476,0.15316301945778832
item_80201,0.0,0.0,10,0.0,0.0,0.6983690476190476,0.15316301945778832
item_80202,0.0,0.0,10,0.0,0.0,0.6983690476190476,0.15316301945778832
item_80299,0.0,0.0,10,0.0,0.0,0.6983690476190476,0.15316301945778832
item_80300,0.0,0.0,10,0.0,0.0,0.6983690476190476,0.15316301945778832
item_80301,0.0,0.0,10,0.0,0.0,0.6983690476190476,0.15316301945778832
item_80302,0.0,0.0,10,0.0,0.0,0.6983690476190476,0.15316301945778832
item_80303,0.0,0.0,10,0.0,0.0,0.6983690476190476,0.15316301945778832
item_80304,0.0,0.0,10,0.0,0.0,0.6983690476190476,0.15316301945778832
item_Z789,0.0,0.0,10,0.0,0.0,0.6983690476190476,0.15316301945778832
item_Z7901,0.0,0.0,10,0.0,0.0,0.6983690476190476,0.15316301945778832
item_Z792,0.0,0.0,10,0.0,0.0,0.6983690476190476,0.15316301945778832
item_Z794,0.0,0.0,10,0.0,0.0,0.6983690476190476,0.15316301945778832
item_Z800,0.0,0.0,10,0.0,0.0,0.6983690476190476,0.15316301945778832
item_80335,0.0,0.0,10,0.0,0.0,0.6983690476190476,0.15316301945778832
item_80339,0.0,0.0,10,0.0,0.0,0.6983690476190476,0.15316301945778832
item_80347,0.0,0.0,10,0.0,0.0,0.6983690476190476,0.15316301945778832
item_80351,0.0,0.0,10,0.0,0.0,0.6983690476190476,0.15316301945778832
item_Z7251,0.0,0.0,10,0.0,0.0,0.6983690476190476,0.15316301945778832
item_Z7289,0.0,0.0,10,0.0,0.0,0.6983690476190476,0.15316301945778832
item_Z729,0.0,0.0,10,0.0,0.0,0.6983690476190476,0.15316301945778832
item_Z765,0.0,0.0,10,0.0,0.0,0.6983690476190476,0.15316301945778832
item_Z7689,0.0,0.0,10,0.0,0.0,0.6983690476190476,0.15316301945778832
item_Z7721,0.0,0.0,10,0.0,0.0,0.6983690476190476,0.15316301945778832
item_Z716,0.0,0.0,10,0.0,0.0,0.6983690476190476,0.15316301945778832
item_Z7182,0.0,0.0,10,0.0,0.0,0.6983690476190476,0.15316301945778832
item_Z7189,0.0,0.0,10,0.0,0.0,0.6983690476190476,0.15316301945778832
item_Z719,0.0,0.0,10,0.0,0.0,0.6983690476190476,0.15316301945778832
item_80343,0.0,0.0,10,0.0,0.0,0.6983690476190476,0.15316301945778832
item_80344,0.0,0.0,10,0.0,0.0,0.6983690476190476,0.15316301945778832
item_81200,0.0,0.0,10,0.0,0.0,0.6983690476190476,0.15316301945778832
item_81205,0.0,0.0,10,0.0,0.0,0.6983690476190476,0.15316301945778832
item_81209,0.0,0.0,10,0.0,0.0,0.6983690476190476,0.15316301945778832
item_81211,0.0,0.0,10,0.0,0.0,0.6983690476190476,0.15316301945778832
item_Z4901,0.0,0.0,10,0.0,0.0,0.6983690476190476,0.15316301945778832
item_Z510,0.0,0.0,10,0.0,0.0,0.6983690476190476,0.15316301945778832
item_Z5111,0.0,0.0,10,0.0,0.0,0.6983690476190476,0.15316301945778832
item_Z516,0.0,0.0,10,0.0,0.0,0.6983690476190476,0.15316301945778832
item_Z5189,0.0,0.0,10,0.0,0.0,0.6983690476190476,0.15316301945778832
item_Z5321,0.0,0.0,10,0.0,0.0,0.6983690476190476,0.15316301945778832
item_Z630,0.0,0.0,10,0.0,0.0,0.6983690476190476,0.15316301945778832
item_Z6841,0.0,0.0,10,0.0,0.0,0.6983690476190476,0.15316301945778832
item_Z711,0.0,0.0,10,0.0,0.0,0.6983690476190476,0.15316301945778832
item_Z713,0.0,0.0,10,0.0,0.0,0.6983690476190476,0.15316301945778832
item_Z7151,0.0,0.0,10,0.0,0.0,0.6983690476190476,0.15316301945778832
item_81242,0.0,0.0,10,0.0,0.0,0.6983690476190476,0.15316301945778832
item_81243,0.0,0.0,10,0.0,0.0,0.6983690476190476,0.15316301945778832
item_81250,0.0,0.0,10,0.0,0.0,0.6983690476190476,0.15316301945778832
item_81251,0.0,0.0,10,0.0,0.0,0.6983690476190476,0.15316301945778832
item_81252,0.0,0.0,10,0.0,0.0,0.6983690476190476,0.15316301945778832
item_81255,0.0,0.0,10,0.0,0.0,0.6983690476190476,0.15316301945778832
item_80375,0.0,0.0,10,0.0,0.0,0.6983690476190476,0.15316301945778832
item_80500,0.0,0.0,10,0.0,0.0,0.6983690476190476,0.15316301945778832
item_81005,0.0,0.0,10,0.0,0.0,0.6983690476190476,0.15316301945778832
item_81015,0.0,0.0,10,0.0,0.0,0.6983690476190476,0.15316301945778832
item_81050,0.0,0.0,10,0.0,0.0,0.6983690476190476,0.15316301945778832
item_81161,0.0,0.0,10,0.0,0.0,0.6983690476190476,0.15316301945778832
item_81381,0.0,0.0,10,0.0,0.0,0.6983690476190476,0.15316301945778832
item_81400,0.0,0.0,10,0.0,0.0,0.6983690476190476,0.15316301945778832
item_81401,0.0,0.0,10,0.0,0.0,0.6983690476190476,0.15316301945778832
item_81402,0.0,0.0,10,0.0,0.0,0.6983690476190476,0.15316301945778832
item_81403,0.0,0.0,10,0.0,0.0,0.6983690476190476,0.15316301945778832
item_81404,0.0,0.0,10,0.0,0.0,0.6983690476190476,0.15316301945778832
item_81405,0.0,0.0,10,0.0,0.0,0.6983690476190476,0.15316301945778832
item_81213,0.0,0.0,10,0.0,0.0,0.6983690476190476,0.15316301945778832
item_81220,0.0,0.0,10,0.0,0.0,0.6983690476190476,0.15316301945778832
item_81222,0.0,0.0,10,0.0,0.0,0.6983690476190476,0.15316301945778832
item_81223,0.0,0.0,10,0.0,0.0,0.6983690476190476,0.15316301945778832
item_81225,0.0,0.0,10,0.0,0.0,0.6983690476190476,0.15316301945778832
item_81229,0.0,0.0,10,0.0,0.0,0.6983690476190476,0.15316301945778832
item_81240,0.0,0.0,10,0.0,0.0,0.6983690476190476,0.15316301945778832
item_81241,0.0,0.0,10,0.0,0.0,0.6983690476190476,0.15316301945778832
item_82009,0.0,0.0,10,0.0,0.0,0.6983690476190476,0.15316301945778832
item_82010,0.0,0.0,10,0.0,0.0,0.6983690476190476,0.15316301945778832
item_82024,0.0,0.0,10,0.0,0.0,0.6983690476190476,0.15316301945778832
item_82040,0.0,0.0,10,0.0,0.0,0.6983690476190476,0.15316301945778832
item_82042,0.0,0.0,10,0.0,0.0,0.6983690476190476,0.15316301945778832
item_82044,0.0,0.0,10,0.0,0.0,0.6983690476190476,0.15316301945778832
item_82085,0.0,0.0,10,0.0,0.0,0.6983690476190476,0.15316301945778832
item_81256,0.0,0.0,10,0.0,0.0,0.6983690476190476,0.15316301945778832
item_81257,0.0,0.0,10,0.0,0.0,0.6983690476190476,0.15316301945778832
item_81260,0.0,0.0,10,0.0,0.0,0.6983690476190476,0.15316301945778832
item_81270,0.0,0.0,10,0.0,0.0,0.6983690476190476,0.15316301945778832
item_81290,0.0,0.0,10,0.0,0.0,0.6983690476190476,0.15316301945778832
item_81330,0.0,0.0,10,0.0,0.0,0.6983690476190476,0.15316301945778832
item_81355,0.0,0.0,10,0.0,0.0,0.6983690476190476,0.15316301945778832
item_81374,0.0,0.0,10,0.0,0.0,0.6983690476190476,0.15316301945778832
item_82164,0.0,0.0,10,0.0,0.0,0.6983690476190476,0.15316301945778832
item_82172,0.0,0.0,10,0.0,0.0,0.6983690476190476,0.15316301945778832
item_82175,0.0,0.0,10,0.0,0.0,0.6983690476190476,0.15316301945778832
item_82180,0.0,0.0,10,0.0,0.0,0.6983690476190476,0.15316301945778832
item_82239,0.0,0.0,10,0.0,0.0,0.6983690476190476,0.15316301945778832
item_82270,0.0,0.0,10,0.0,0.0,0.6983690476190476,0.15316301945778832
item_82272,0.0,0.0,10,0.0,0.0,0.6983690476190476,0.15316301945778832
item_81406,0.0,0.0,10,0.0,0.0,0.6983690476190476,0.15316301945778832
item_81407,0.0,0.0,10,0.0,0.0,0.6983690476190476,0.15316301945778832
item_81408,0.0,0.0,10,0.0,0.0,0.6983690476190476,0.15316301945778832
item_81420,0.0,0.0,10,0.0,0.0,0.6983690476190476,0.15316301945778832
item_81479,0.0,0.0,10,0.0,0.0,0.6983690476190476,0.15316301945778832
item_81507,0.0,0.0,10,0.0,0.0,0.6983690476190476,0.15316301945778832
item_81599,0.0,0.0,10,0.0,0.0,0.6983690476190476,0.15316301945778832
item_82365,0.0,0.0,10,0.0,0.0,0.6983690476190476,0.15316301945778832
item_82374,0.0,0.0,10,0.0,0.0,0.6983690476190476,0.15316301945778832
item_82375,0.0,0.0,10,0.0,0.0,0.6983690476190476,0.15316301945778832
item_82384,0.0,0.0,10,0.0,0.0,0.6983690476190476,0.15316301945778832
item_82390,0.0,0.0,10,0.0,0.0,0.6983690476190476,0.15316301945778832
item_82415,0.0,0.0,10,0.0,0.0,0.6983690476190476,0.15316301945778832
item_82436,0.0,0.0,10,0.0,0.0,0.6983690476190476,0.15316301945778832
item_82088,0.0,0.0,10,0.0,0.0,0.6983690476190476,0.15316301945778832
item_82103,0.0,0.0,10,0.0,0.0,0.6983690476190476,0.15316301945778832
item_82108,0.0,0.0,10,0.0,0.0,0.6983690476190476,0.15316301945778832
item_82140,0.0,0.0,10,0.0,0.0,0.6983690476190476,0.15316301945778832
item_82157,0.0,0.0,10,0.0,0.0,0.6983690476190476,0.15316301945778832
item_82525,0.0,0.0,10,0.0,0.0,0.6983690476190476,0.15316301945778832
item_82530,0.0,0.0,10,0.0,0.0,0.6983690476190476,0.15316301945778832
item_82533,0.0,0.0,10,0.0,0.0,0.6983690476190476,0.15316301945778832
item_82575,0.0,0.0,10,0.0,0.0,0.6983690476190476,0.15316301945778832
item_82595,0.0,0.0,10,0.0,0.0,0.6983690476190476,0.15316301945778832
item_82626,0.0,0.0,10,0.0,0.0,0.6983690476190476,0.15316301945778832
item_82627,0.0,0.0,10,0.0,0.0,0.6983690476190476,0.15316301945778832
item_82652,0.0,0.0,10,0.0,0.0,0.6983690476190476,0.15316301945778832
item_82330,0.0,0.0,10,0.0,0.0,0.6983690476190476,0.15316301945778832
item_82340,0.0,0.0,10,0.0,0.0,0.6983690476190476,0.15316301945778832
item_82360,0.0,0.0,10,0.0,0.0,0.6983690476190476,0.15316301945778832
item_82656,0.0,0.0,10,0.0,0.0,0.6983690476190476,0.15316301945778832
item_82668,0.0,0.0,10,0.0,0.0,0.6983690476190476,0.15316301945778832
item_82670,0.0,0.0,10,0.0,0.0,0.6983690476190476,0.15316301945778832
item_82672,0.0,0.0,10,0.0,0.0,0.6983690476190476,0.15316301945778832
item_82677,0.0,0.0,10,0.0,0.0,0.6983690476190476,0.15316301945778832
item_82679,0.0,0.0,10,0.0,0.0,0.6983690476190476,0.15316301945778832
item_82705,0.0,0.0,10,0.0,0.0,0.6983690476190476,0.15316301945778832
item_82725,0.0,0.0,10,0.0,0.0,0.6983690476190476,0.15316301945778832
item_82731,0.0,0.0,10,0.0,0.0,0.6983690476190476,0.15316301945778832
item_82746,0.0,0.0,10,0.0,0.0,0.6983690476190476,0.15316301945778832
item_82747,0.0,0.0,10,0.0,0.0,0.6983690476190476,0.15316301945778832
item_82787,0.0,0.0,10,0.0,0.0,0.6983690476190476,0.15316301945778832
item_82800,0.0,0.0,10,0.0,0.0,0.6983690476190476,0.15316301945778832
item_82465,0.0,0.0,10,0.0,0.0,0.6983690476190476,0.15316301945778832
item_82507,0.0,0.0,10,0.0,0.0,0.6983690476190476,0.15316301945778832
item_Z48815,0.0,0.0,10,0.0,0.0,0.6983690476190476,0.15316301945778832
item_Z48816,0.0,0.0,10,0.0,0.0,0.6983690476190476,0.15316301945778832
item_Z48817,0.0,0.0,10,0.0,0.0,0.6983690476190476,0.15316301945778832
item_Z4889,0.0,0.0,10,0.0,0.0,0.6983690476190476,0.15316301945778832
item_82803,0.0,0.0,10,0.0,0.0,0.6983690476190476,0.15316301945778832
item_82805,0.0,0.0,10,0.0,0.0,0.6983690476190476,0.15316301945778832
item_82945,0.0,0.0,10,0.0,0.0,0.6983690476190476,0.15316301945778832
item_82948,0.0,0.0,10,0.0,0.0,0.6983690476190476,0.15316301945778832
item_82952,0.0,0.0,10,0.0,0.0,0.6983690476190476,0.15316301945778832
item_82955,0.0,0.0,10,0.0,0.0,0.6983690476190476,0.15316301945778832
item_82985,0.0,0.0,10,0.0,0.0,0.6983690476190476,0.15316301945778832
item_83002,0.0,0.0,10,0.0,0.0,0.6983690476190476,0.15316301945778832
item_83003,0.0,0.0,10,0.0,0.0,0.6983690476190476,0.15316301945778832
item_83010,0.0,0.0,10,0.0,0.0,0.6983690476190476,0.15316301945778832
item_83498,0.0,0.0,10,0.0,0.0,0.6983690476190476,0.15316301945778832
item_83519,0.0,0.0,10,0.0,0.0,0.6983690476190476,0.15316301945778832
item_83520,0.0,0.0,10,0.0,0.0,0.6983690476190476,0.15316301945778832
item_83525,0.0,0.0,10,0.0,0.0,0.6983690476190476,0.15316301945778832
item_Z4659,0.0,0.0,10,0.0,0.0,0.6983690476190476,0.15316301945778832
item_Z466,0.0,0.0,10,0.0,0.0,0.6983690476190476,0.15316301945778832
item_Z4682,0.0,0.0,10,0.0,0.0,0.6983690476190476,0.15316301945778832
item_Z4689,0.0,0.0,10,0.0,0.0,0.6983690476190476,0.15316301945778832
item_Z471,0.0,0.0,10,0.0,0.0,0.6983690476190476,0.15316301945778832
item_Z472,0.0,0.0,10,0.0,0.0,0.6983690476190476,0.15316301945778832
item_Z4789,0.0,0.0,10,0.0,0.0,0.6983690476190476,0.15316301945778832
item_Z4800,0.0,0.0,10,0.0,0.0,0.6983690476190476,0.15316301945778832
item_Z4801,0.0,0.0,10,0.0,0.0,0.6983690476190476,0.15316301945778832
item_Z4802,0.0,0.0,10,0.0,0.0,0.6983690476190476,0.15316301945778832
item_Z4822,0.0,0.0,10,0.0,0.0,0.6983690476190476,0.15316301945778832
item_Z48812,0.0,0.0,10,0.0,0.0,0.6983690476190476,0.15316301945778832
item_83698,0.0,0.0,10,0.0,0.0,0.6983690476190476,0.15316301945778832
item_83704,0.0,0.0,10,0.0,0.0,0.6983690476190476,0.15316301945778832
item_83718,0.0,0.0,10,0.0,0.0,0.6983690476190476,0.15316301945778832
item_83789,0.0,0.0,10,0.0,0.0,0.6983690476190476,0.15316301945778832
item_83825,0.0,0.0,10,0.0,0.0,0.6983690476190476,0.15316301945778832
item_83835,0.0,0.0,10,0.0,0.0,0.6983690476190476,0.15316301945778832
item_83861,0.0,0.0,10,0.0,0.0,0.6983690476190476,0.15316301945778832
item_83874,0.0,0.0,10,0.0,0.0,0.6983690476190476,0.15316301945778832
item_83013,0.0,0.0,10,0.0,0.0,0.6983690476190476,0.15316301945778832
item_83014,0.0,0.0,10,0.0,0.0,0.6983690476190476,0.15316301945778832
item_83020,0.0,0.0,10,0.0,0.0,0.6983690476190476,0.15316301945778832
item_83050,0.0,0.0,10,0.0,0.0,0.6983690476190476,0.15316301945778832
item_83090,0.0,0.0,10,0.0,0.0,0.6983690476190476,0.15316301945778832
item_83497,0.0,0.0,10,0.0,0.0,0.6983690476190476,0.15316301945778832
item_83883,0.0,0.0,10,0.0,0.0,0.6983690476190476,0.15316301945778832
item_83921,0.0,0.0,10,0.0,0.0,0.6983690476190476,0.15316301945778832
item_83930,0.0,0.0,10,0.0,0.0,0.6983690476190476,0.15316301945778832
item_83986,0.0,0.0,10,0.0,0.0,0.6983690476190476,0.15316301945778832
item_83993,0.0,0.0,10,0.0,0.0,0.6983690476190476,0.15316301945778832
item_84112,0.0,0.0,10,0.0,0.0,0.6983690476190476,0.15316301945778832
item_84133,0.0,0.0,10,0.0,0.0,0.6983690476190476,0.15316301945778832
item_84134,0.0,0.0,10,0.0,0.0,0.6983690476190476,0.15316301945778832
item_84140,0.0,0.0,10,0.0,0.0,0.6983690476190476,0.15316301945778832
item_84144,0.0,0.0,10,0.0,0.0,0.6983690476190476,0.15316301945778832
item_83615,0.0,0.0,10,0.0,0.0,0.6983690476190476,0.15316301945778832
item_83630,0.0,0.0,10,0.0,0.0,0.6983690476190476,0.15316301945778832
item_83631,0.0,0.0,10,0.0,0.0,0.6983690476190476,0.15316301945778832
item_83655,0.0,0.0,10,0.0,0.0,0.6983690476190476,0.15316301945778832
item_83695,0.0,0.0,10,0.0,0.0,0.6983690476190476,0.15316301945778832
item_84145,0.0,0.0,10,0.0,0.0,0.6983690476190476,0.15316301945778832
item_84146,0.0,0.0,10,0.0,0.0,0.6983690476190476,0.15316301945778832
item_84154,0.0,0.0,10,0.0,0.0,0.6983690476190476,0.15316301945778832
item_84155,0.0,0.0,10,0.0,0.0,0.6983690476190476,0.15316301945778832
item_84157,0.0,0.0,10,0.0,0.0,0.6983690476190476,0.15316301945778832
item_84163,0.0,0.0,10,0.0,0.0,0.6983690476190476,0.15316301945778832
item_84166,0.0,0.0,10,0.0,0.0,0.6983690476190476,0.15316301945778832
item_84207,0.0,0.0,10,0.0,0.0,0.6983690476190476,0.15316301945778832
item_84228,0.0,0.0,10,0.0,0.0,0.6983690476190476,0.15316301945778832
item_84244,0.0,0.0,10,0.0,0.0,0.6983690476190476,0.15316301945778832
item_84255,0.0,0.0,10,0.0,0.0,0.6983690476190476,0.15316301945778832
item_84260,0.0,0.0,10,0.0,0.0,0.6983690476190476,0.15316301945778832
item_84270,0.0,0.0,10,0.0,0.0,0.6983690476190476,0.15316301945778832
item_Z412,0.0,0.0,10,0.0,0.0,0.6983690476190476,0.15316301945778832
item_Z418,0.0,0.0,10,0.0,0.0,0.6983690476190476,0.15316301945778832
item_Z431,0.0,0.0,10,0.0,0.0,0.6983690476190476,0.15316301945778832
item_Z452,0.0,0.0,10,0.0,0.0,0.6983690476190476,0.15316301945778832
item_84295,0.0,0.0,10,0.0,0.0,0.6983690476190476,0.15316301945778832
item_84300,0.0,0.0,10,0.0,0.0,0.6983690476190476,0.15316301945778832
item_84305,0.0,0.0,10,0.0,0.0,0.6983690476190476,0.15316301945778832
item_84402,0.0,0.0,10,0.0,0.0,0.6983690476190476,0.15316301945778832
item_84432,0.0,0.0,10,0.0,0.0,0.6983690476190476,0.15316301945778832
item_84439,0.0,0.0,10,0.0,0.0,0.6983690476190476,0.15316301945778832
item_84445,0.0,0.0,10,0.0,0.0,0.6983690476190476,0.15316301945778832
item_84446,0.0,0.0,10,0.0,0.0,0.6983690476190476,0.15316301945778832
item_84560,0.0,0.0,10,0.0,0.0,0.6983690476190476,0.15316301945778832
item_84590,0.0,0.0,10,0.0,0.0,0.6983690476190476,0.15316301945778832
item_84630,0.0,0.0,10,0.0,0.0,0.6983690476190476,0.15316301945778832
item_84681,0.0,0.0,10,0.0,0.0,0.6983690476190476,0.15316301945778832
item_Z3A27,0.0,0.0,10,0.0,0.0,0.6983690476190476,0.15316301945778832
item_Z3A28,0.0,0.0,10,0.0,0.0,0.6983690476190476,0.15316301945778832
item_Z3A29,0.0,0.0,10,0.0,0.0,0.6983690476190476,0.15316301945778832
item_Z3A30,0.0,0.0,10,0.0,0.0,0.6983690476190476,0.15316301945778832
item_Z3A32,0.0,0.0,10,0.0,0.0,0.6983690476190476,0.15316301945778832
item_Z3A33,0.0,0.0,10,0.0,0.0,0.6983690476190476,0.15316301945778832
item_Z3A34,0.0,0.0,10,0.0,0.0,0.6983690476190476,0.15316301945778832
item_Z3A35,0.0,0.0,10,0.0,0.0,0.6983690476190476,0.15316301945778832
item_Z3A36,0.0,0.0,10,0.0,0.0,0.6983690476190476,0.15316301945778832
item_Z3A37,0.0,0.0,10,0.0,0.0,0.6983690476190476,0.15316301945778832
item_Z3A39,0.0,0.0,10,0.0,0.0,0.6983690476190476,0.15316301945778832
item_85041,0.0,0.0,10,0.0,0.0,0.6983690476190476,0.15316301945778832
item_85045,0.0,0.0,10,0.0,0.0,0.6983690476190476,0.15316301945778832
item_85046,0.0,0.0,10,0.0,0.0,0.6983690476190476,0.15316301945778832
item_85048,0.0,0.0,10,0.0,0.0,0.6983690476190476,0.15316301945778832
item_85049,0.0,0.0,10,0.0,0.0,0.6983690476190476,0.15316301945778832
item_85060,0.0,0.0,10,0.0,0.0,0.6983690476190476,0.15316301945778832
item_84466,0.0,0.0,10,0.0,0.0,0.6983690476190476,0.15316301945778832
item_84478,0.0,0.0,10,0.0,0.0,0.6983690476190476,0.15316301945778832
item_84482,0.0,0.0,10,0.0,0.0,0.6983690476190476,0.15316301945778832
item_84500,0.0,0.0,10,0.0,0.0,0.6983690476190476,0.15316301945778832
item_84540,0.0,0.0,10,0.0,0.0,0.6983690476190476,0.15316301945778832
item_85306,0.0,0.0,10,0.0,0.0,0.6983690476190476,0.15316301945778832
item_85378,0.0,0.0,10,0.0,0.0,0.6983690476190476,0.15316301945778832
item_85380,0.0,0.0,10,0.0,0.0,0.6983690476190476,0.15316301945778832
item_85384,0.0,0.0,10,0.0,0.0,0.6983690476190476,0.15316301945778832
item_85460,0.0,0.0,10,0.0,0.0,0.6983690476190476,0.15316301945778832
item_85576,0.0,0.0,10,0.0,0.0,0.6983690476190476,0.15316301945778832
item_84704,0.0,0.0,10,0.0,0.0,0.6983690476190476,0.15316301945778832
item_8488,0.0,0.0,10,0.0,0.0,0.6983690476190476,0.15316301945778832
item_85004,0.0,0.0,10,0.0,0.0,0.6983690476190476,0.15316301945778832
item_85007,0.0,0.0,10,0.0,0.0,0.6983690476190476,0.15316301945778832
item_85008,0.0,0.0,10,0.0,0.0,0.6983690476190476,0.15316301945778832
item_85018,0.0,0.0,10,0.0,0.0,0.6983690476190476,0.15316301945778832
item_85670,0.0,0.0,10,0.0,0.0,0.6983690476190476,0.15316301945778832
item_85705,0.0,0.0,10,0.0,0.0,0.6983690476190476,0.15316301945778832
item_85732,0.0,0.0,10,0.0,0.0,0.6983690476190476,0.15316301945778832
item_86008,0.0,0.0,10,0.0,0.0,0.6983690476190476,0.15316301945778832
item_86021,0.0,0.0,10,0.0,0.0,0.6983690476190476,0.15316301945778832
item_86039,0.0,0.0,10,0.0,0.0,0.6983690476190476,0.15316301945778832
item_85097,0.0,0.0,10,0.0,0.0,0.6983690476190476,0.15316301945778832
item_85240,0.0,0.0,10,0.0,0.0,0.6983690476190476,0.15316301945778832
item_85245,0.0,0.0,10,0.0,0.0,0.6983690476190476,0.15316301945778832
item_85246,0.0,0.0,10,0.0,0.0,0.6983690476190476,0.15316301945778832
item_85300,0.0,0.0,10,0.0,0.0,0.6983690476190476,0.15316301945778832
item_85301,0.0,0.0,10,0.0,0.0,0.6983690476190476,0.15316301945778832
item_85302,0.0,0.0,10,0.0,0.0,0.6983690476190476,0.15316301945778832
item_85303,0.0,0.0,10,0.0,0.0,0.6983690476190476,0.15316301945778832
item_85305,0.0,0.0,10,0.0,0.0,0.6983690476190476,0.15316301945778832
item_86141,0.0,0.0,10,0.0,0.0,0.6983690476190476,0.15316301945778832
item_86146,0.0,0.0,10,0.0,0.0,0.6983690476190476,0.15316301945778832
item_86147,0.0,0.0,10,0.0,0.0,0.6983690476190476,0.15316301945778832
item_86148,0.0,0.0,10,0.0,0.0,0.6983690476190476,0.15316301945778832
item_86162,0.0,0.0,10,0.0,0.0,0.6983690476190476,0.15316301945778832
item_86255,0.0,0.0,10,0.0,0.0,0.6983690476190476,0.15316301945778832
item_86256,0.0,0.0,10,0.0,0.0,0.6983690476190476,0.15316301945778832
item_86300,0.0,0.0,10,0.0,0.0,0.6983690476190476,0.15316301945778832
item_86301,0.0,0.0,10,0.0,0.0,0.6983690476190476,0.15316301945778832
item_85597,0.0,0.0,10,0.0,0.0,0.6983690476190476,0.15316301945778832
item_85598,0.0,0.0,10,0.0,0.0,0.6983690476190476,0.15316301945778832
item_85613,0.0,0.0,10,0.0,0.0,0.6983690476190476,0.15316301945778832
item_85651,0.0,0.0,10,0.0,0.0,0.6983690476190476,0.15316301945778832
item_86317,0.0,0.0,10,0.0,0.0,0.6983690476190476,0.15316301945778832
item_86318,0.0,0.0,10,0.0,0.0,0.6983690476190476,0.15316301945778832
item_86334,0.0,0.0,10,0.0,0.0,0.6983690476190476,0.15316301945778832
item_86336,0.0,0.0,10,0.0,0.0,0.6983690476190476,0.15316301945778832
item_86341,0.0,0.0,10,0.0,0.0,0.6983690476190476,0.15316301945778832
item_86356,0.0,0.0,10,0.0,0.0,0.6983690476190476,0.15316301945778832
item_86357,0.0,0.0,10,0.0,0.0,0.6983690476190476,0.15316301945778832
item_86359,0.0,0.0,10,0.0,0.0,0.6983690476190476,0.15316301945778832
item_86360,0.0,0.0,10,0.0,0.0,0.6983690476190476,0.15316301945778832
item_86361,0.0,0.0,10,0.0,0.0,0.6983690476190476,0.15316301945778832
item_86403,0.0,0.0,10,0.0,0.0,0.6983690476190476,0.15316301945778832
item_86430,0.0,0.0,10,0.0,0.0,0.6983690476190476,0.15316301945778832
item_86060,0.0,0.0,10,0.0,0.0,0.6983690476190476,0.15316301945778832
item_86077,0.0,0.0,10,0.0,0.0,0.6983690476190476,0.15316301945778832
item_86480,0.0,0.0,10,0.0,0.0,0.6983690476190476,0.15316301945778832
item_86593,0.0,0.0,10,0.0,0.0,0.6983690476190476,0.15316301945778832
item_86611,0.0,0.0,10,0.0,0.0,0.6983690476190476,0.15316301945778832
item_86617,0.0,0.0,10,0.0,0.0,0.6983690476190476,0.15316301945778832
item_86644,0.0,0.0,10,0.0,0.0,0.6983690476190476,0.15316301945778832
item_86645,0.0,0.0,10,0.0,0.0,0.6983690476190476,0.15316301945778832
item_86658,0.0,0.0,10,0.0,0.0,0.6983690476190476,0.15316301945778832
item_86663,0.0,0.0,10,0.0,0.0,0.6983690476190476,0.15316301945778832
item_86664,0.0,0.0,10,0.0,0.0,0.6983690476190476,0.15316301945778832
item_86665,0.0,0.0,10,0.0,0.0,0.6983690476190476,0.15316301945778832
item_86666,0.0,0.0,10,0.0,0.0,0.6983690476190476,0.15316301945778832
item_86671,0.0,0.0,10,0.0,0.0,0.6983690476190476,0.15316301945778832
item_Z3A21,0.0,0.0,10,0.0,0.0,0.6983690476190476,0.15316301945778832
item_Z3A24,0.0,0.0,10,0.0,0.0,0.6983690476190476,0.15316301945778832
item_86677,0.0,0.0,10,0.0,0.0,0.6983690476190476,0.15316301945778832
item_86694,0.0,0.0,10,0.0,0.0,0.6983690476190476,0.15316301945778832
item_86695,0.0,0.0,10,0.0,0.0,0.6983690476190476,0.15316301945778832
item_86696,0.0,0.0,10,0.0,0.0,0.6983690476190476,0.15316301945778832
item_86701,0.0,0.0,10,0.0,0.0,0.6983690476190476,0.15316301945778832
item_86702,0.0,0.0,10,0.0,0.0,0.6983690476190476,0.15316301945778832
item_86703,0.0,0.0,10,0.0,0.0,0.6983690476190476,0.15316301945778832
item_86710,0.0,0.0,10,0.0,0.0,0.6983690476190476,0.15316301945778832
item_86735,0.0,0.0,10,0.0,0.0,0.6983690476190476,0.15316301945778832
item_86738,0.0,0.0,10,0.0,0.0,0.6983690476190476,0.15316301945778832
item_86870,0.0,0.0,10,0.0,0.0,0.6983690476190476,0.15316301945778832
item_86880,0.0,0.0,10,0.0,0.0,0.6983690476190476,0.15316301945778832
item_Z390,0.0,0.0,10,0.0,0.0,0.6983690476190476,0.15316301945778832
item_Z3A01,0.0,0.0,10,0.0,0.0,0.6983690476190476,0.15316301945778832
item_Z3A08,0.0,0.0,10,0.0,0.0,0.6983690476190476,0.15316301945778832
item_Z3A09,0.0,0.0,10,0.0,0.0,0.6983690476190476,0.15316301945778832
item_Z3A10,0.0,0.0,10,0.0,0.0,0.6983690476190476,0.15316301945778832
item_Z3A11,0.0,0.0,10,0.0,0.0,0.6983690476190476,0.15316301945778832
item_Z3A12,0.0,0.0,10,0.0,0.0,0.6983690476190476,0.15316301945778832
item_Z3A13,0.0,0.0,10,0.0,0.0,0.6983690476190476,0.15316301945778832
item_Z3A16,0.0,0.0,10,0.0,0.0,0.6983690476190476,0.15316301945778832
item_Z3A17,0.0,0.0,10,0.0,0.0,0.6983690476190476,0.15316301945778832
item_Z3A18,0.0,0.0,10,0.0,0.0,0.6983690476190476,0.15316301945778832
item_Z3A20,0.0,0.0,10,0.0,0.0,0.6983690476190476,0.15316301945778832
item_87071,0.0,0.0,10,0.0,0.0,0.6983690476190476,0.15316301945778832
item_87075,0.0,0.0,10,0.0,0.0,0.6983690476190476,0.15316301945778832
item_87076,0.0,0.0,10,0.0,0.0,0.6983690476190476,0.15316301945778832
item_87077,0.0,0.0,10,0.0,0.0,0.6983690476190476,0.15316301945778832
item_86747,0.0,0.0,10,0.0,0.0,0.6983690476190476,0.15316301945778832
item_86753,0.0,0.0,10,0.0,0.0,0.6983690476190476,0.15316301945778832
item_86757,0.0,0.0,10,0.0,0.0,0.6983690476190476,0.15316301945778832
item_86765,0.0,0.0,10,0.0,0.0,0.6983690476190476,0.15316301945778832
item_86777,0.0,0.0,10,0.0,0.0,0.6983690476190476,0.15316301945778832
item_86778,0.0,0.0,10,0.0,0.0,0.6983690476190476,0.15316301945778832
item_86790,0.0,0.0,10,0.0,0.0,0.6983690476190476,0.15316301945778832
item_86800,0.0,0.0,10,0.0,0.0,0.6983690476190476,0.15316301945778832
item_86803,0.0,0.0,10,0.0,0.0,0.6983690476190476,0.15316301945778832
item_86812,0.0,0.0,10,0.0,0.0,0.6983690476190476,0.15316301945778832
item_87184,0.0,0.0,10,0.0,0.0,0.6983690476190476,0.15316301945778832
item_87206,0.0,0.0,10,0.0,0.0,0.6983690476190476,0.15316301945778832
item_87207,0.0,0.0,10,0.0,0.0,0.6983690476190476,0.15316301945778832
item_87209,0.0,0.0,10,0.0,0.0,0.6983690476190476,0.15316301945778832
item_86885,0.0,0.0,10,0.0,0.0,0.6983690476190476,0.15316301945778832
item_86920,0.0,0.0,10,0.0,0.0,0.6983690476190476,0.15316301945778832
item_86922,0.0,0.0,10,0.0,0.0,0.6983690476190476,0.15316301945778832
item_86923,0.0,0.0,10,0.0,0.0,0.6983690476190476,0.15316301945778832
item_87015,0.0,0.0,10,0.0,0.0,0.6983690476190476,0.15316301945778832
item_87328,0.0,0.0,10,0.0,0.0,0.6983690476190476,0.15316301945778832
item_87329,0.0,0.0,10,0.0,0.0,0.6983690476190476,0.15316301945778832
item_87338,0.0,0.0,10,0.0,0.0,0.6983690476190476,0.15316301945778832
item_87400,0.0,0.0,10,0.0,0.0,0.6983690476190476,0.15316301945778832
item_87427,0.0,0.0,10,0.0,0.0,0.6983690476190476,0.15316301945778832
item_87430,0.0,0.0,10,0.0,0.0,0.6983690476190476,0.15316301945778832
item_87088,0.0,0.0,10,0.0,0.0,0.6983690476190476,0.15316301945778832
item_87101,0.0,0.0,10,0.0,0.0,0.6983690476190476,0.15316301945778832
item_87102,0.0,0.0,10,0.0,0.0,0.6983690476190476,0.15316301945778832
item_87106,0.0,0.0,10,0.0,0.0,0.6983690476190476,0.15316301945778832
item_87109,0.0,0.0,10,0.0,0.0,0.6983690476190476,0.15316301945778832
item_87116,0.0,0.0,10,0.0,0.0,0.6983690476190476,0.15316301945778832
item_87147,0.0,0.0,10,0.0,0.0,0.6983690476190476,0.15316301945778832
item_87150,0.0,0.0,10,0.0,0.0,0.6983690476190476,0.15316301945778832
item_87177,0.0,0.0,10,0.0,0.0,0.6983690476190476,0.15316301945778832
item_87497,0.0,0.0,10,0.0,0.0,0.6983690476190476,0.15316301945778832
item_87502,0.0,0.0,10,0.0,0.0,0.6983690476190476,0.15316301945778832
item_87507,0.0,0.0,10,0.0,0.0,0.6983690476190476,0.15316301945778832
item_87510,0.0,0.0,10,0.0,0.0,0.6983690476190476,0.15316301945778832
item_87511,0.0,0.0,10,0.0,0.0,0.6983690476190476,0.15316301945778832
item_87512,0.0,0.0,10,0.0,0.0,0.6983690476190476,0.15316301945778832
item_87220,0.0,0.0,10,0.0,0.0,0.6983690476190476,0.15316301945778832
item_87252,0.0,0.0,10,0.0,0.0,0.6983690476190476,0.15316301945778832
item_87254,0.0,0.0,10,0.0,0.0,0.6983690476190476,0.15316301945778832
item_87255,0.0,0.0,10,0.0,0.0,0.6983690476190476,0.15316301945778832
item_87324,0.0,0.0,10,0.0,0.0,0.6983690476190476,0.15316301945778832
item_87581,0.0,0.0,10,0.0,0.0,0.6983690476190476,0.15316301945778832
item_87624,0.0,0.0,10,0.0,0.0,0.6983690476190476,0.15316301945778832
item_87625,0.0,0.0,10,0.0,0.0,0.6983690476190476,0.15316301945778832
item_87633,0.0,0.0,10,0.0,0.0,0.6983690476190476,0.15316301945778832
item_87640,0.0,0.0,10,0.0,0.0,0.6983690476190476,0.15316301945778832
item_87641,0.0,0.0,10,0.0,0.0,0.6983690476190476,0.15316301945778832
item_87650,0.0,0.0,10,0.0,0.0,0.6983690476190476,0.15316301945778832
item_87651,0.0,0.0,10,0.0,0.0,0.6983690476190476,0.15316301945778832
item_87653,0.0,0.0,10,0.0,0.0,0.6983690476190476,0.15316301945778832
item_87660,0.0,0.0,10,0.0,0.0,0.6983690476190476,0.15316301945778832
item_87799,0.0,0.0,10,0.0,0.0,0.6983690476190476,0.15316301945778832
item_87449,0.0,0.0,10,0.0,0.0,0.6983690476190476,0.15316301945778832
item_87480,0.0,0.0,10,0.0,0.0,0.6983690476190476,0.15316301945778832
item_87486,0.0,0.0,10,0.0,0.0,0.6983690476190476,0.15316301945778832
item_87801,0.0,0.0,10,0.0,0.0,0.6983690476190476,0.15316301945778832
item_87806,0.0,0.0,10,0.0,0.0,0.6983690476190476,0.15316301945778832
item_87808,0.0,0.0,10,0.0,0.0,0.6983690476190476,0.15316301945778832
item_87899,0.0,0.0,10,0.0,0.0,0.6983690476190476,0.15316301945778832
item_87900,0.0,0.0,10,0.0,0.0,0.6983690476190476,0.15316301945778832
item_87905,0.0,0.0,10,0.0,0.0,0.6983690476190476,0.15316301945778832
item_88108,0.0,0.0,10,0.0,0.0,0.6983690476190476,0.15316301945778832
item_88112,0.0,0.0,10,0.0,0.0,0.6983690476190476,0.15316301945778832
item_88141,0.0,0.0,10,0.0,0.0,0.6983690476190476,0.15316301945778832
item_88143,0.0,0.0,10,0.0,0.0,0.6983690476190476,0.15316301945778832
item_88172,0.0,0.0,10,0.0,0.0,0.6983690476190476,0.15316301945778832
item_88173,0.0,0.0,10,0.0,0.0,0.6983690476190476,0.15316301945778832
item_87535,0.0,0.0,10,0.0,0.0,0.6983690476190476,0.15316301945778832
item_88174,0.0,0.0,10,0.0,0.0,0.6983690476190476,0.15316301945778832
item_88184,0.0,0.0,10,0.0,0.0,0.6983690476190476,0.15316301945778832
item_88185,0.0,0.0,10,0.0,0.0,0.6983690476190476,0.15316301945778832
item_88189,0.0,0.0,10,0.0,0.0,0.6983690476190476,0.15316301945778832
item_88230,0.0,0.0,10,0.0,0.0,0.6983690476190476,0.15316301945778832
item_88237,0.0,0.0,10,0.0,0.0,0.6983690476190476,0.15316301945778832
item_88262,0.0,0.0,10,0.0,0.0,0.6983690476190476,0.15316301945778832
item_88271,0.0,0.0,10,0.0,0.0,0.6983690476190476,0.15316301945778832
item_88280,0.0,0.0,10,0.0,0.0,0.6983690476190476,0.15316301945778832
item_88291,0.0,0.0,10,0.0,0.0,0.6983690476190476,0.15316301945778832
item_88300,0.0,0.0,10,0.0,0.0,0.6983690476190476,0.15316301945778832
item_88302,0.0,0.0,10,0.0,0.0,0.6983690476190476,0.15316301945778832
item_88309,0.0,0.0,10,0.0,0.0,0.6983690476190476,0.15316301945778832
item_88311,0.0,0.0,10,0.0,0.0,0.6983690476190476,0.15316301945778832
item_88312,0.0,0.0,10,0.0,0.0,0.6983690476190476,0.15316301945778832
item_88313,0.0,0.0,10,0.0,0.0,0.6983690476190476,0.15316301945778832
item_88321,0.0,0.0,10,0.0,0.0,0.6983690476190476,0.15316301945778832
item_88331,0.0,0.0,10,0.0,0.0,0.6983690476190476,0.15316301945778832
item_88341,0.0,0.0,10,0.0,0.0,0.6983690476190476,0.15316301945778832
item_88346,0.0,0.0,10,0.0,0.0,0.6983690476190476,0.15316301945778832
item_88348,0.0,0.0,10,0.0,0.0,0.6983690476190476,0.15316301945778832
item_88350,0.0,0.0,10,0.0,0.0,0.6983690476190476,0.15316301945778832
item_88360,0.0,0.0,10,0.0,0.0,0.6983690476190476,0.15316301945778832
item_88365,0.0,0.0,10,0.0,0.0,0.6983690476190476,0.15316301945778832
item_88738,0.0,0.0,10,0.0,0.0,0.6983690476190476,0.15316301945778832
item_89050,0.0,0.0,10,0.0,0.0,0.6983690476190476,0.15316301945778832
item_Z3800,0.0,0.0,10,0.0,0.0,0.6983690476190476,0.15316301945778832
item_Z3801,0.0,0.0,10,0.0,0.0,0.6983690476190476,0.15316301945778832
item_89055,0.0,0.0,10,0.0,0.0,0.6983690476190476,0.15316301945778832
item_89060,0.0,0.0,10,0.0,0.0,0.6983690476190476,0.15316301945778832
item_89240,0.0,0.0,10,0.0,0.0,0.6983690476190476,0.15316301945778832
item_90384,0.0,0.0,10,0.0,0.0,0.6983690476190476,0.15316301945778832
item_90460,0.0,0.0,10,0.0,0.0,0.6983690476190476,0.15316301945778832
item_90630,0.0,0.0,10,0.0,0.0,0.6983690476190476,0.15316301945778832
item_90636,0.0,0.0,10,0.0,0.0,0.6983690476190476,0.15316301945778832
item_90651,0.0,0.0,10,0.0,0.0,0.6983690476190476,0.15316301945778832
item_90656,0.0,0.0,10,0.0,0.0,0.6983690476190476,0.15316301945778832
item_90658,0.0,0.0,10,0.0,0.0,0.6983690476190476,0.15316301945778832
item_90661,0.0,0.0,10,0.0,0.0,0.6983690476190476,0.15316301945778832
item_90732,0.0,0.0,10,0.0,0.0,0.6983690476190476,0.15316301945778832
item_90734,0.0,0.0,10,0.0,0.0,0.6983690476190476,0.15316301945778832
item_90738,0.0,0.0,10,0.0,0.0,0.6983690476190476,0.15316301945778832
item_90746,0.0,0.0,10,0.0,0.0,0.6983690476190476,0.15316301945778832
item_Z3491,0.0,0.0,10,0.0,0.0,0.6983690476190476,0.15316301945778832
item_Z3492,0.0,0.0,10,0.0,0.0,0.6983690476190476,0.15316301945778832
item_Z3493,0.0,0.0,10,0.0,0.0,0.6983690476190476,0.15316301945778832
item_Z36,0.0,0.0,10,0.0,0.0,0.6983690476190476,0.15316301945778832
item_Z360,0.0,0.0,10,0.0,0.0,0.6983690476190476,0.15316301945778832
item_Z362,0.0,0.0,10,0.0,0.0,0.6983690476190476,0.15316301945778832
item_Z3682,0.0,0.0,10,0.0,0.0,0.6983690476190476,0.15316301945778832
item_Z3685,0.0,0.0,10,0.0,0.0,0.6983690476190476,0.15316301945778832
item_Z3686,0.0,0.0,10,0.0,0.0,0.6983690476190476,0.15316301945778832
item_Z3687,0.0,0.0,10,0.0,0.0,0.6983690476190476,0.15316301945778832
item_Z369,0.0,0.0,10,0.0,0.0,0.6983690476190476,0.15316301945778832
item_Z370,0.0,0.0,10,0.0,0.0,0.6983690476190476,0.15316301945778832
item_90846,0.0,0.0,10,0.0,0.0,0.6983690476190476,0.15316301945778832
item_90863,0.0,0.0,10,0.0,0.0,0.6983690476190476,0.15316301945778832
item_90870,0.0,0.0,10,0.0,0.0,0.6983690476190476,0.15316301945778832
item_90675,0.0,0.0,10,0.0,0.0,0.6983690476190476,0.15316301945778832
item_90682,0.0,0.0,10,0.0,0.0,0.6983690476190476,0.15316301945778832
item_90685,0.0,0.0,10,0.0,0.0,0.6983690476190476,0.15316301945778832
item_90691,0.0,0.0,10,0.0,0.0,0.6983690476190476,0.15316301945778832
item_90707,0.0,0.0,10,0.0,0.0,0.6983690476190476,0.15316301945778832
item_90713,0.0,0.0,10,0.0,0.0,0.6983690476190476,0.15316301945778832
item_90714,0.0,0.0,10,0.0,0.0,0.6983690476190476,0.15316301945778832
item_90716,0.0,0.0,10,0.0,0.0,0.6983690476190476,0.15316301945778832
item_90717,0.0,0.0,10,0.0,0.0,0.6983690476190476,0.15316301945778832
item_90999,0.0,0.0,10,0.0,0.0,0.6983690476190476,0.15316301945778832
item_91000,0.0,0.0,10,0.0,0.0,0.6983690476190476,0.15316301945778832
item_91200,0.0,0.0,10,0.0,0.0,0.6983690476190476,0.15316301945778832
item_90785,0.0,0.0,10,0.0,0.0,0.6983690476190476,0.15316301945778832
item_90836,0.0,0.0,10,0.0,0.0,0.6983690476190476,0.15316301945778832
item_90838,0.0,0.0,10,0.0,0.0,0.6983690476190476,0.15316301945778832
item_90839,0.0,0.0,10,0.0,0.0,0.6983690476190476,0.15316301945778832
item_92136,0.0,0.0,10,0.0,0.0,0.6983690476190476,0.15316301945778832
item_92225,0.0,0.0,10,0.0,0.0,0.6983690476190476,0.15316301945778832
item_92226,0.0,0.0,10,0.0,0.0,0.6983690476190476,0.15316301945778832
item_92227,0.0,0.0,10,0.0,0.0,0.6983690476190476,0.15316301945778832
item_92235,0.0,0.0,10,0.0,0.0,0.6983690476190476,0.15316301945778832
item_92275,0.0,0.0,10,0.0,0.0,0.6983690476190476,0.15316301945778832
item_90899,0.0,0.0,10,0.0,0.0,0.6983690476190476,0.15316301945778832
item_90935,0.0,0.0,10,0.0,0.0,0.6983690476190476,0.15316301945778832
item_90945,0.0,0.0,10,0.0,0.0,0.6983690476190476,0.15316301945778832
item_90960,0.0,0.0,10,0.0,0.0,0.6983690476190476,0.15316301945778832
item_90961,0.0,0.0,10,0.0,0.0,0.6983690476190476,0.15316301945778832
item_90962,0.0,0.0,10,0.0,0.0,0.6983690476190476,0.15316301945778832
item_90966,0.0,0.0,10,0.0,0.0,0.6983690476190476,0.15316301945778832
item_90970,0.0,0.0,10,0.0,0.0,0.6983690476190476,0.15316301945778832
item_92553,0.0,0.0,10,0.0,0.0,0.6983690476190476,0.15316301945778832
item_92556,0.0,0.0,10,0.0,0.0,0.6983690476190476,0.15316301945778832
item_92585,0.0,0.0,10,0.0,0.0,0.6983690476190476,0.15316301945778832
item_92586,0.0,0.0,10,0.0,0.0,0.6983690476190476,0.15316301945778832
item_92587,0.0,0.0,10,0.0,0.0,0.6983690476190476,0.15316301945778832
item_92020,0.0,0.0,10,0.0,0.0,0.6983690476190476,0.15316301945778832
item_92025,0.0,0.0,10,0.0,0.0,0.6983690476190476,0.15316301945778832
item_92060,0.0,0.0,10,0.0,0.0,0.6983690476190476,0.15316301945778832
item_92071,0.0,0.0,10,0.0,0.0,0.6983690476190476,0.15316301945778832
item_92081,0.0,0.0,10,0.0,0.0,0.6983690476190476,0.15316301945778832
item_92082,0.0,0.0,10,0.0,0.0,0.6983690476190476,0.15316301945778832
item_92083,0.0,0.0,10,0.0,0.0,0.6983690476190476,0.15316301945778832
item_93040,0.0,0.0,10,0.0,0.0,0.6983690476190476,0.15316301945778832
item_93042,0.0,0.0,10,0.0,0.0,0.6983690476190476,0.15316301945778832
item_93224,0.0,0.0,10,0.0,0.0,0.6983690476190476,0.15316301945778832
item_93225,0.0,0.0,10,0.0,0.0,0.6983690476190476,0.15316301945778832
item_93226,0.0,0.0,10,0.0,0.0,0.6983690476190476,0.15316301945778832
item_93227,0.0,0.0,10,0.0,0.0,0.6983690476190476,0.15316301945778832
item_93229,0.0,0.0,10,0.0,0.0,0.6983690476190476,0.15316301945778832
item_92285,0.0,0.0,10,0.0,0.0,0.6983690476190476,0.15316301945778832
item_92310,0.0,0.0,10,0.0,0.0,0.6983690476190476,0.15316301945778832
item_92504,0.0,0.0,10,0.0,0.0,0.6983690476190476,0.15316301945778832
item_92507,0.0,0.0,10,0.0,0.0,0.6983690476190476,0.15316301945778832
item_92537,0.0,0.0,10,0.0,0.0,0.6983690476190476,0.15316301945778832
item_92540,0.0,0.0,10,0.0,0.0,0.6983690476190476,0.15316301945778832
item_92550,0.0,0.0,10,0.0,0.0,0.6983690476190476,0.15316301945778832
item_92551,0.0,0.0,10,0.0,0.0,0.6983690476190476,0.15316301945778832
item_93296,0.0,0.0,10,0.0,0.0,0.6983690476190476,0.15316301945778832
item_93303,0.0,0.0,10,0.0,0.0,0.6983690476190476,0.15316301945778832
item_93308,0.0,0.0,10,0.0,0.0,0.6983690476190476,0.15316301945778832
item_93312,0.0,0.0,10,0.0,0.0,0.6983690476190476,0.15316301945778832
item_93320,0.0,0.0,10,0.0,0.0,0.6983690476190476,0.15316301945778832
item_93321,0.0,0.0,10,0.0,0.0,0.6983690476190476,0.15316301945778832
item_93325,0.0,0.0,10,0.0,0.0,0.6983690476190476,0.15316301945778832
item_93350,0.0,0.0,10,0.0,0.0,0.6983690476190476,0.15316301945778832
item_93351,0.0,0.0,10,0.0,0.0,0.6983690476190476,0.15316301945778832
item_92588,0.0,0.0,10,0.0,0.0,0.6983690476190476,0.15316301945778832
item_92950,0.0,0.0,10,0.0,0.0,0.6983690476190476,0.15316301945778832
item_93015,0.0,0.0,10,0.0,0.0,0.6983690476190476,0.15316301945778832
item_93016,0.0,0.0,10,0.0,0.0,0.6983690476190476,0.15316301945778832
item_93925,0.0,0.0,10,0.0,0.0,0.6983690476190476,0.15316301945778832
item_93926,0.0,0.0,10,0.0,0.0,0.6983690476190476,0.15316301945778832
item_93975,0.0,0.0,10,0.0,0.0,0.6983690476190476,0.15316301945778832
item_93976,0.0,0.0,10,0.0,0.0,0.6983690476190476,0.15316301945778832
item_93990,0.0,0.0,10,0.0,0.0,0.6983690476190476,0.15316301945778832
item_94016,0.0,0.0,10,0.0,0.0,0.6983690476190476,0.15316301945778832
item_94060,0.0,0.0,10,0.0,0.0,0.6983690476190476,0.15316301945778832
item_93268,0.0,0.0,10,0.0,0.0,0.6983690476190476,0.15316301945778832
item_93270,0.0,0.0,10,0.0,0.0,0.6983690476190476,0.15316301945778832
item_93271,0.0,0.0,10,0.0,0.0,0.6983690476190476,0.15316301945778832
item_93272,0.0,0.0,10,0.0,0.0,0.6983690476190476,0.15316301945778832
item_93280,0.0,0.0,10,0.0,0.0,0.6983690476190476,0.15316301945778832
item_93295,0.0,0.0,10,0.0,0.0,0.6983690476190476,0.15316301945778832
item_94644,0.0,0.0,10,0.0,0.0,0.6983690476190476,0.15316301945778832
item_94660,0.0,0.0,10,0.0,0.0,0.6983690476190476,0.15316301945778832
item_94664,0.0,0.0,10,0.0,0.0,0.6983690476190476,0.15316301945778832
item_94726,0.0,0.0,10,0.0,0.0,0.6983690476190476,0.15316301945778832
item_94727,0.0,0.0,10,0.0,0.0,0.6983690476190476,0.15316301945778832
item_94729,0.0,0.0,10,0.0,0.0,0.6983690476190476,0.15316301945778832
item_94760,0.0,0.0,10,0.0,0.0,0.6983690476190476,0.15316301945778832
item_94761,0.0,0.0,10,0.0,0.0,0.6983690476190476,0.15316301945778832
item_94762,0.0,0.0,10,0.0,0.0,0.6983690476190476,0.15316301945778832
item_94799,0.0,0.0,10,0.0,0.0,0.6983690476190476,0.15316301945778832
item_93458,0.0,0.0,10,0.0,0.0,0.6983690476190476,0.15316301945778832
item_93660,0.0,0.0,10,0.0,0.0,0.6983690476190476,0.15316301945778832
item_93880,0.0,0.0,10,0.0,0.0,0.6983690476190476,0.15316301945778832
item_93922,0.0,0.0,10,0.0,0.0,0.6983690476190476,0.15316301945778832
item_93923,0.0,0.0,10,0.0,0.0,0.6983690476190476,0.15316301945778832
item_95251,0.0,0.0,10,0.0,0.0,0.6983690476190476,0.15316301945778832
item_95800,0.0,0.0,10,0.0,0.0,0.6983690476190476,0.15316301945778832
item_95805,0.0,0.0,10,0.0,0.0,0.6983690476190476,0.15316301945778832
item_95806,0.0,0.0,10,0.0,0.0,0.6983690476190476,0.15316301945778832
item_95810,0.0,0.0,10,0.0,0.0,0.6983690476190476,0.15316301945778832
item_95811,0.0,0.0,10,0.0,0.0,0.6983690476190476,0.15316301945778832
item_95813,0.0,0.0,10,0.0,0.0,0.6983690476190476,0.15316301945778832
item_95816,0.0,0.0,10,0.0,0.0,0.6983690476190476,0.15316301945778832
item_95861,0.0,0.0,10,0.0,0.0,0.6983690476190476,0.15316301945778832
item_94375,0.0,0.0,10,0.0,0.0,0.6983690476190476,0.15316301945778832
item_94618,0.0,0.0,10,0.0,0.0,0.6983690476190476,0.15316301945778832
item_94620,0.0,0.0,10,0.0,0.0,0.6983690476190476,0.15316301945778832
item_95911,0.0,0.0,10,0.0,0.0,0.6983690476190476,0.15316301945778832
item_95912,0.0,0.0,10,0.0,0.0,0.6983690476190476,0.15316301945778832
item_95913,0.0,0.0,10,0.0,0.0,0.6983690476190476,0.15316301945778832
item_95923,0.0,0.0,10,0.0,0.0,0.6983690476190476,0.15316301945778832
item_95924,0.0,0.0,10,0.0,0.0,0.6983690476190476,0.15316301945778832
item_95930,0.0,0.0,10,0.0,0.0,0.6983690476190476,0.15316301945778832
item_95937,0.0,0.0,10,0.0,0.0,0.6983690476190476,0.15316301945778832
item_95938,0.0,0.0,10,0.0,0.0,0.6983690476190476,0.15316301945778832
item_95941,0.0,0.0,10,0.0,0.0,0.6983690476190476,0.15316301945778832
item_95951,0.0,0.0,10,0.0,0.0,0.6983690476190476,0.15316301945778832
item_95012,0.0,0.0,10,0.0,0.0,0.6983690476190476,0.15316301945778832
item_95044,0.0,0.0,10,0.0,0.0,0.6983690476190476,0.15316301945778832
item_95115,0.0,0.0,10,0.0,0.0,0.6983690476190476,0.15316301945778832
item_95953,0.0,0.0,10,0.0,0.0,0.6983690476190476,0.15316301945778832
item_95992,0.0,0.0,10,0.0,0.0,0.6983690476190476,0.15316301945778832
item_96040,0.0,0.0,10,0.0,0.0,0.6983690476190476,0.15316301945778832
item_96101,0.0,0.0,10,0.0,0.0,0.6983690476190476,0.15316301945778832
item_96102,0.0,0.0,10,0.0,0.0,0.6983690476190476,0.15316301945778832
item_96103,0.0,0.0,10,0.0,0.0,0.6983690476190476,0.15316301945778832
item_96118,0.0,0.0,10,0.0,0.0,0.6983690476190476,0.15316301945778832
item_96119,0.0,0.0,10,0.0,0.0,0.6983690476190476,0.15316301945778832
item_96120,0.0,0.0,10,0.0,0.0,0.6983690476190476,0.15316301945778832
item_96150,0.0,0.0,10,0.0,0.0,0.6983690476190476,0.15316301945778832
item_96160,0.0,0.0,10,0.0,0.0,0.6983690476190476,0.15316301945778832
item_96161,0.0,0.0,10,0.0,0.0,0.6983690476190476,0.15316301945778832
item_95870,0.0,0.0,10,0.0,0.0,0.6983690476190476,0.15316301945778832
item_95885,0.0,0.0,10,0.0,0.0,0.6983690476190476,0.15316301945778832
item_95908,0.0,0.0,10,0.0,0.0,0.6983690476190476,0.15316301945778832
item_Z3482,0.0,0.0,10,0.0,0.0,0.6983690476190476,0.15316301945778832
item_96366,0.0,0.0,10,0.0,0.0,0.6983690476190476,0.15316301945778832
item_96367,0.0,0.0,10,0.0,0.0,0.6983690476190476,0.15316301945778832
item_96368,0.0,0.0,10,0.0,0.0,0.6983690476190476,0.15316301945778832
item_96401,0.0,0.0,10,0.0,0.0,0.6983690476190476,0.15316301945778832
item_96402,0.0,0.0,10,0.0,0.0,0.6983690476190476,0.15316301945778832
item_96417,0.0,0.0,10,0.0,0.0,0.6983690476190476,0.15316301945778832
item_96523,0.0,0.0,10,0.0,0.0,0.6983690476190476,0.15316301945778832
item_97001,0.0,0.0,10,0.0,0.0,0.6983690476190476,0.15316301945778832
item_97002,0.0,0.0,10,0.0,0.0,0.6983690476190476,0.15316301945778832
item_97003,0.0,0.0,10,0.0,0.0,0.6983690476190476,0.15316301945778832
item_97124,0.0,0.0,10,0.0,0.0,0.6983690476190476,0.15316301945778832
item_97139,0.0,0.0,10,0.0,0.0,0.6983690476190476,0.15316301945778832
item_97150,0.0,0.0,10,0.0,0.0,0.6983690476190476,0.15316301945778832
item_Z3189,0.0,0.0,10,0.0,0.0,0.6983690476190476,0.15316301945778832
item_Z319,0.0,0.0,10,0.0,0.0,0.6983690476190476,0.15316301945778832
item_Z3200,0.0,0.0,10,0.0,0.0,0.6983690476190476,0.15316301945778832
item_Z3201,0.0,0.0,10,0.0,0.0,0.6983690476190476,0.15316301945778832
item_Z332,0.0,0.0,10,0.0,0.0,0.6983690476190476,0.15316301945778832
item_Z3400,0.0,0.0,10,0.0,0.0,0.6983690476190476,0.15316301945778832
item_Z3401,0.0,0.0,10,0.0,0.0,0.6983690476190476,0.15316301945778832
item_Z3402,0.0,0.0,10,0.0,0.0,0.6983690476190476,0.15316301945778832
item_Z3403,0.0,0.0,10,0.0,0.0,0.6983690476190476,0.15316301945778832
item_Z3480,0.0,0.0,10,0.0,0.0,0.6983690476190476,0.15316301945778832
item_Z3481,0.0,0.0,10,0.0,0.0,0.6983690476190476,0.15316301945778832
item_97537,0.0,0.0,10,0.0,0.0,0.6983690476190476,0.15316301945778832
item_97542,0.0,0.0,10,0.0,0.0,0.6983690476190476,0.15316301945778832
item_97597,0.0,0.0,10,0.0,0.0,0.6983690476190476,0.15316301945778832
item_97602,0.0,0.0,10,0.0,0.0,0.6983690476190476,0.15316301945778832
item_97605,0.0,0.0,10,0.0,0.0,0.6983690476190476,0.15316301945778832
item_97750,0.0,0.0,10,0.0,0.0,0.6983690476190476,0.15316301945778832
item_97760,0.0,0.0,10,0.0,0.0,0.6983690476190476,0.15316301945778832
item_97010,0.0,0.0,10,0.0,0.0,0.6983690476190476,0.15316301945778832
item_97016,0.0,0.0,10,0.0,0.0,0.6983690476190476,0.15316301945778832
item_97022,0.0,0.0,10,0.0,0.0,0.6983690476190476,0.15316301945778832
item_97026,0.0,0.0,10,0.0,0.0,0.6983690476190476,0.15316301945778832
item_97032,0.0,0.0,10,0.0,0.0,0.6983690476190476,0.15316301945778832
item_97035,0.0,0.0,10,0.0,0.0,0.6983690476190476,0.15316301945778832
item_97113,0.0,0.0,10,0.0,0.0,0.6983690476190476,0.15316301945778832
item_98941,0.0,0.0,10,0.0,0.0,0.6983690476190476,0.15316301945778832
item_98942,0.0,0.0,10,0.0,0.0,0.6983690476190476,0.15316301945778832
item_98960,0.0,0.0,10,0.0,0.0,0.6983690476190476,0.15316301945778832
item_99024,0.0,0.0,10,0.0,0.0,0.6983690476190476,0.15316301945778832
item_99050,0.0,0.0,10,0.0,0.0,0.6983690476190476,0.15316301945778832
item_99051,0.0,0.0,10,0.0,0.0,0.6983690476190476,0.15316301945778832
item_97164,0.0,0.0,10,0.0,0.0,0.6983690476190476,0.15316301945778832
item_97166,0.0,0.0,10,0.0,0.0,0.6983690476190476,0.15316301945778832
item_97167,0.0,0.0,10,0.0,0.0,0.6983690476190476,0.15316301945778832
item_99144,0.0,0.0,10,0.0,0.0,0.6983690476190476,0.15316301945778832
item_99152,0.0,0.0,10,0.0,0.0,0.6983690476190476,0.15316301945778832
item_99153,0.0,0.0,10,0.0,0.0,0.6983690476190476,0.15316301945778832
item_99173,0.0,0.0,10,0.0,0.0,0.6983690476190476,0.15316301945778832
item_99199,0.0,0.0,10,0.0,0.0,0.6983690476190476,0.15316301945778832
item_99202,0.0,0.0,10,0.0,0.0,0.6983690476190476,0.15316301945778832
item_99211,0.0,0.0,10,0.0,0.0,0.6983690476190476,0.15316301945778832
item_97802,0.0,0.0,10,0.0,0.0,0.6983690476190476,0.15316301945778832
item_97803,0.0,0.0,10,0.0,0.0,0.6983690476190476,0.15316301945778832
item_98925,0.0,0.0,10,0.0,0.0,0.6983690476190476,0.15316301945778832
item_98926,0.0,0.0,10,0.0,0.0,0.6983690476190476,0.15316301945778832
item_98927,0.0,0.0,10,0.0,0.0,0.6983690476190476,0.15316301945778832
item_99217,0.0,0.0,10,0.0,0.0,0.6983690476190476,0.15316301945778832
item_99218,0.0,0.0,10,0.0,0.0,0.6983690476190476,0.15316301945778832
item_99225,0.0,0.0,10,0.0,0.0,0.6983690476190476,0.15316301945778832
item_99226,0.0,0.0,10,0.0,0.0,0.6983690476190476,0.15316301945778832
item_99234,0.0,0.0,10,0.0,0.0,0.6983690476190476,0.15316301945778832
item_99235,0.0,0.0,10,0.0,0.0,0.6983690476190476,0.15316301945778832
item_99070,0.0,0.0,10,0.0,0.0,0.6983690476190476,0.15316301945778832
item_99236,0.0,0.0,10,0.0,0.0,0.6983690476190476,0.15316301945778832
item_99241,0.0,0.0,10,0.0,0.0,0.6983690476190476,0.15316301945778832
item_99251,0.0,0.0,10,0.0,0.0,0.6983690476190476,0.15316301945778832
item_99252,0.0,0.0,10,0.0,0.0,0.6983690476190476,0.15316301945778832
item_99253,0.0,0.0,10,0.0,0.0,0.6983690476190476,0.15316301945778832
item_99254,0.0,0.0,10,0.0,0.0,0.6983690476190476,0.15316301945778832
item_99255,0.0,0.0,10,0.0,0.0,0.6983690476190476,0.15316301945778832
item_99460,0.0,0.0,10,0.0,0.0,0.6983690476190476,0.15316301945778832
item_99291,0.0,0.0,10,0.0,0.0,0.6983690476190476,0.15316301945778832
item_99292,0.0,0.0,10,0.0,0.0,0.6983690476190476,0.15316301945778832
item_99305,0.0,0.0,10,0.0,0.0,0.6983690476190476,0.15316301945778832
item_99306,0.0,0.0,10,0.0,0.0,0.6983690476190476,0.15316301945778832
item_99308,0.0,0.0,10,0.0,0.0,0.6983690476190476,0.15316301945778832
item_99309,0.0,0.0,10,0.0,0.0,0.6983690476190476,0.15316301945778832
item_99316,0.0,0.0,10,0.0,0.0,0.6983690476190476,0.15316301945778832
item_99344,0.0,0.0,10,0.0,0.0,0.6983690476190476,0.15316301945778832
item_99349,0.0,0.0,10,0.0,0.0,0.6983690476190476,0.15316301945778832
item_99354,0.0,0.0,10,0.0,0.0,0.6983690476190476,0.15316301945778832
item_99356,0.0,0.0,10,0.0,0.0,0.6983690476190476,0.15316301945778832
item_Z3169,0.0,0.0,10,0.0,0.0,0.6983690476190476,0.15316301945778832
item_Z3183,0.0,0.0,10,0.0,0.0,0.6983690476190476,0.15316301945778832
item_99391,0.0,0.0,10,0.0,0.0,0.6983690476190476,0.15316301945778832
item_99402,0.0,0.0,10,0.0,0.0,0.6983690476190476,0.15316301945778832
item_99403,0.0,0.0,10,0.0,0.0,0.6983690476190476,0.15316301945778832
item_99404,0.0,0.0,10,0.0,0.0,0.6983690476190476,0.15316301945778832
item_99420,0.0,0.0,10,0.0,0.0,0.6983690476190476,0.15316301945778832
item_99442,0.0,0.0,10,0.0,0.0,0.6983690476190476,0.15316301945778832
item_99444,0.0,0.0,10,0.0,0.0,0.6983690476190476,0.15316301945778832
item_A4189,0.0,0.0,10,0.0,0.0,0.6983690476190476,0.15316301945778832
item_A4215,0.0,0.0,10,0.0,0.0,0.6983690476190476,0.15316301945778832
item_Z3041,0.0,0.0,10,0.0,0.0,0.6983690476190476,0.15316301945778832
item_Z3042,0.0,0.0,10,0.0,0.0,0.6983690476190476,0.15316301945778832
item_Z30432,0.0,0.0,10,0.0,0.0,0.6983690476190476,0.15316301945778832
item_Z30433,0.0,0.0,10,0.0,0.0,0.6983690476190476,0.15316301945778832
item_Z3046,0.0,0.0,10,0.0,0.0,0.6983690476190476,0.15316301945778832
item_Z3049,0.0,0.0,10,0.0,0.0,0.6983690476190476,0.15316301945778832
item_Z308,0.0,0.0,10,0.0,0.0,0.6983690476190476,0.15316301945778832
item_Z309,0.0,0.0,10,0.0,0.0,0.6983690476190476,0.15316301945778832
item_Z3141,0.0,0.0,10,0.0,0.0,0.6983690476190476,0.15316301945778832
item_Z31430,0.0,0.0,10,0.0,0.0,0.6983690476190476,0.15316301945778832
item_Z31440,0.0,0.0,10,0.0,0.0,0.6983690476190476,0.15316301945778832
item_Z315,0.0,0.0,10,0.0,0.0,0.6983690476190476,0.15316301945778832
item_A549,0.0,0.0,10,0.0,0.0,0.6983690476190476,0.15316301945778832
item_A5901,0.0,0.0,10,0.0,0.0,0.6983690476190476,0.15316301945778832
item_A599,0.0,0.0,10,0.0,0.0,0.6983690476190476,0.15316301945778832
item_A6000,0.0,0.0,10,0.0,0.0,0.6983690476190476,0.15316301945778832
item_99462,0.0,0.0,10,0.0,0.0,0.6983690476190476,0.15316301945778832
item_99464,0.0,0.0,10,0.0,0.0,0.6983690476190476,0.15316301945778832
item_99495,0.0,0.0,10,0.0,0.0,0.6983690476190476,0.15316301945778832
item_99496,0.0,0.0,10,0.0,0.0,0.6983690476190476,0.15316301945778832
item_99497,0.0,0.0,10,0.0,0.0,0.6983690476190476,0.15316301945778832
item_A047,0.0,0.0,10,0.0,0.0,0.6983690476190476,0.15316301945778832
item_A0472,0.0,0.0,10,0.0,0.0,0.6983690476190476,0.15316301945778832
item_A048,0.0,0.0,10,0.0,0.0,0.6983690476190476,0.15316301945778832
item_A084,0.0,0.0,10,0.0,0.0,0.6983690476190476,0.15316301945778832
item_A09,0.0,0.0,10,0.0,0.0,0.6983690476190476,0.15316301945778832
item_A4101,0.0,0.0,10,0.0,0.0,0.6983690476190476,0.15316301945778832
item_A4102,0.0,0.0,10,0.0,0.0,0.6983690476190476,0.15316301945778832
item_A9541,0.0,0.0,10,0.0,0.0,0.6983690476190476,0.15316301945778832
item_A9552,0.0,0.0,10,0.0,0.0,0.6983690476190476,0.15316301945778832
item_A9575,0.0,0.0,10,0.0,0.0,0.6983690476190476,0.15316301945778832
item_A9577,0.0,0.0,10,0.0,0.0,0.6983690476190476,0.15316301945778832
item_A4216,0.0,0.0,10,0.0,0.0,0.6983690476190476,0.15316301945778832
item_A4281,0.0,0.0,10,0.0,0.0,0.6983690476190476,0.15316301945778832
item_A4282,0.0,0.0,10,0.0,0.0,0.6983690476190476,0.15316301945778832
item_A4283,0.0,0.0,10,0.0,0.0,0.6983690476190476,0.15316301945778832
item_A4284,0.0,0.0,10,0.0,0.0,0.6983690476190476,0.15316301945778832
item_A4285,0.0,0.0,10,0.0,0.0,0.6983690476190476,0.15316301945778832
item_A4286,0.0,0.0,10,0.0,0.0,0.6983690476190476,0.15316301945778832
item_A4648,0.0,0.0,10,0.0,0.0,0.6983690476190476,0.15316301945778832
item_A4902,0.0,0.0,10,0.0,0.0,0.6983690476190476,0.15316301945778832
item_A4913,0.0,0.0,10,0.0,0.0,0.6983690476190476,0.15316301945778832
item_A499,0.0,0.0,10,0.0,0.0,0.6983690476190476,0.15316301945778832
item_ACETAZOLAMIDE ER,0.0,0.0,10,0.0,0.0,0.6983690476190476,0.15316301945778832
item_ACZONE,0.0,0.0,10,0.0,0.0,0.6983690476190476,0.15316301945778832
item_ADACEL,0.0,0.0,10,0.0,0.0,0.6983690476190476,0.15316301945778832
item_A6004,0.0,0.0,10,0.0,0.0,0.6983690476190476,0.15316301945778832
item_A609,0.0,0.0,10,0.0,0.0,0.6983690476190476,0.15316301945778832
item_A630,0.0,0.0,10,0.0,0.0,0.6983690476190476,0.15316301945778832
item_A64,0.0,0.0,10,0.0,0.0,0.6983690476190476,0.15316301945778832
item_A6920,0.0,0.0,10,0.0,0.0,0.6983690476190476,0.15316301945778832
item_A749,0.0,0.0,10,0.0,0.0,0.6983690476190476,0.15316301945778832
item_A9500,0.0,0.0,10,0.0,0.0,0.6983690476190476,0.15316301945778832
item_A9502,0.0,0.0,10,0.0,0.0,0.6983690476190476,0.15316301945778832
item_A9503,0.0,0.0,10,0.0,0.0,0.6983690476190476,0.15316301945778832
item_A9537,0.0,0.0,10,0.0,0.0,0.6983690476190476,0.15316301945778832
item_A9540,0.0,0.0,10,0.0,0.0,0.6983690476190476,0.15316301945778832
item_ALBUTEROL SULFATE,0.0,0.0,10,0.0,0.0,0.6983690476190476,0.15316301945778832
item_ALCLOMETASONE DIPROPIONAT,0.0,0.0,10,0.0,0.0,0.6983690476190476,0.15316301945778832
item_ALENDRONATE SODIUM,0.0,0.0,10,0.0,0.0,0.6983690476190476,0.15316301945778832
item_ALL DAY ALLERGY,0.0,0.0,10,0.0,0.0,0.6983690476190476,0.15316301945778832
item_ALLERGY RELIEF,0.0,0.0,10,0.0,0.0,0.6983690476190476,0.15316301945778832
item_A9579,0.0,0.0,10,0.0,0.0,0.6983690476190476,0.15316301945778832
item_ABILIFY,0.0,0.0,10,0.0,0.0,0.6983690476190476,0.15316301945778832
item_ABILIFY MAINTENA,0.0,0.0,10,0.0,0.0,0.6983690476190476,0.15316301945778832
item_ACCU-CHEK AVIVA PLUS,0.0,0.0,10,0.0,0.0,0.6983690476190476,0.15316301945778832
item_ACCU-CHEK FASTCLIX LANCET,0.0,0.0,10,0.0,0.0,0.6983690476190476,0.15316301945778832
item_ACCU-CHEK SOFTCLIX LANCET,0.0,0.0,10,0.0,0.0,0.6983690476190476,0.15316301945778832
item_ACETAMINOPHEN,0.0,0.0,10,0.0,0.0,0.6983690476190476,0.15316301945778832
item_ACETAMINOPHEN/CODEINE PHO,0.0,0.0,10,0.0,0.0,0.6983690476190476,0.15316301945778832
item_ACETAZOLAMIDE,0.0,0.0,10,0.0,0.0,0.6983690476190476,0.15316301945778832
item_AMLODIPINE BESYLATE/BENAZ,0.0,0.0,10,0.0,0.0,0.6983690476190476,0.15316301945778832
item_AMMONIUM LACTATE,0.0,0.0,10,0.0,0.0,0.6983690476190476,0.15316301945778832
item_ADAPALENE,0.0,0.0,10,0.0,0.0,0.6983690476190476,0.15316301945778832
item_ADDERALL,0.0,0.0,10,0.0,0.0,0.6983690476190476,0.15316301945778832
item_ADDERALL XR,0.0,0.0,10,0.0,0.0,0.6983690476190476,0.15316301945778832
item_ADVAIR DISKUS,0.0,0.0,10,0.0,0.0,0.6983690476190476,0.15316301945778832
item_ADVAIR HFA,0.0,0.0,10,0.0,0.0,0.6983690476190476,0.15316301945778832
item_AEROCHAMBER Z-STAT PLUS/F,0.0,0.0,10,0.0,0.0,0.6983690476190476,0.15316301945778832
item_AFLURIA PF 2016-2017,0.0,0.0,10,0.0,0.0,0.6983690476190476,0.15316301945778832
item_AFLURIA PF 2017-2018,0.0,0.0,10,0.0,0.0,0.6983690476190476,0.15316301945778832
item_AFLURIA QUADRIVALENT 2017,0.0,0.0,10,0.0,0.0,0.6983690476190476,0.15316301945778832
item_AFLURIA QUADRIVALENT 2018,0.0,0.0,10,0.0,0.0,0.6983690476190476,0.15316301945778832
item_ALBENZA,0.0,0.0,10,0.0,0.0,0.6983690476190476,0.15316301945778832
item_ARMODAFINIL,0.0,0.0,10,0.0,0.0,0.6983690476190476,0.15316301945778832
item_ARMOUR THYROID,0.0,0.0,10,0.0,0.0,0.6983690476190476,0.15316301945778832
item_ARNUITY ELLIPTA,0.0,0.0,10,0.0,0.0,0.6983690476190476,0.15316301945778832
item_ASHLYNA,0.0,0.0,10,0.0,0.0,0.6983690476190476,0.15316301945778832
item_ASMANEX TWISTHALER 30 MET,0.0,0.0,10,0.0,0.0,0.6983690476190476,0.15316301945778832
item_ASPIR-LOW,0.0,0.0,10,0.0,0.0,0.6983690476190476,0.15316301945778832
item_ASPIRIN,0.0,0.0,10,0.0,0.0,0.6983690476190476,0.15316301945778832
item_ASPIRIN EC,0.0,0.0,10,0.0,0.0,0.6983690476190476,0.15316301945778832
item_ALLOPURINOL,0.0,0.0,10,0.0,0.0,0.6983690476190476,0.15316301945778832
item_ALPRAZOLAM ER,0.0,0.0,10,0.0,0.0,0.6983690476190476,0.15316301945778832
item_ALTAVERA,0.0,0.0,10,0.0,0.0,0.6983690476190476,0.15316301945778832
item_ALYACEN 1/35,0.0,0.0,10,0.0,0.0,0.6983690476190476,0.15316301945778832
item_AMEDA PURELY YOURS BREAST,0.0,0.0,10,0.0,0.0,0.6983690476190476,0.15316301945778832
item_AMETHIA,0.0,0.0,10,0.0,0.0,0.6983690476190476,0.15316301945778832
item_ATOVAQUONE/PROGUANIL HCL,0.0,0.0,10,0.0,0.0,0.6983690476190476,0.15316301945778832
item_ATROVENT HFA,0.0,0.0,10,0.0,0.0,0.6983690476190476,0.15316301945778832
item_AUGMENTED BETAMETHASONE D,0.0,0.0,10,0.0,0.0,0.6983690476190476,0.15316301945778832
item_AVIANE,0.0,0.0,10,0.0,0.0,0.6983690476190476,0.15316301945778832
item_AZATHIOPRINE,0.0,0.0,10,0.0,0.0,0.6983690476190476,0.15316301945778832
item_AZURETTE,0.0,0.0,10,0.0,0.0,0.6983690476190476,0.15316301945778832
item_B001,0.0,0.0,10,0.0,0.0,0.6983690476190476,0.15316301945778832
item_AMPICILLIN,0.0,0.0,10,0.0,0.0,0.6983690476190476,0.15316301945778832
item_ANASTROZOLE,0.0,0.0,10,0.0,0.0,0.6983690476190476,0.15316301945778832
item_ANDROGEL PUMP,0.0,0.0,10,0.0,0.0,0.6983690476190476,0.15316301945778832
item_ANUCORT-HC,0.0,0.0,10,0.0,0.0,0.6983690476190476,0.15316301945778832
item_ANUSOL-HC,0.0,0.0,10,0.0,0.0,0.6983690476190476,0.15316301945778832
item_APRISO,0.0,0.0,10,0.0,0.0,0.6983690476190476,0.15316301945778832
item_B029,0.0,0.0,10,0.0,0.0,0.6983690476190476,0.15316301945778832
item_B070,0.0,0.0,10,0.0,0.0,0.6983690476190476,0.15316301945778832
item_B078,0.0,0.0,10,0.0,0.0,0.6983690476190476,0.15316301945778832
item_B079,0.0,0.0,10,0.0,0.0,0.6983690476190476,0.15316301945778832
item_B084,0.0,0.0,10,0.0,0.0,0.6983690476190476,0.15316301945778832
item_B181,0.0,0.0,10,0.0,0.0,0.6983690476190476,0.15316301945778832
item_B1910,0.0,0.0,10,0.0,0.0,0.6983690476190476,0.15316301945778832
item_B20,0.0,0.0,10,0.0,0.0,0.6983690476190476,0.15316301945778832
item_B309,0.0,0.0,10,0.0,0.0,0.6983690476190476,0.15316301945778832
item_B351,0.0,0.0,10,0.0,0.0,0.6983690476190476,0.15316301945778832
item_ASPIRIN EC LOW DOSE,0.0,0.0,10,0.0,0.0,0.6983690476190476,0.15316301945778832
item_ASPIRIN LOW DOSE,0.0,0.0,10,0.0,0.0,0.6983690476190476,0.15316301945778832
item_ATENOLOL/CHLORTHALIDONE,0.0,0.0,10,0.0,0.0,0.6983690476190476,0.15316301945778832
item_ATOMOXETINE,0.0,0.0,10,0.0,0.0,0.6983690476190476,0.15316301945778832
item_B354,0.0,0.0,10,0.0,0.0,0.6983690476190476,0.15316301945778832
item_B356,0.0,0.0,10,0.0,0.0,0.6983690476190476,0.15316301945778832
item_B359,0.0,0.0,10,0.0,0.0,0.6983690476190476,0.15316301945778832
item_B360,0.0,0.0,10,0.0,0.0,0.6983690476190476,0.15316301945778832
item_B370,0.0,0.0,10,0.0,0.0,0.6983690476190476,0.15316301945778832
item_B372,0.0,0.0,10,0.0,0.0,0.6983690476190476,0.15316301945778832
item_B373,0.0,0.0,10,0.0,0.0,0.6983690476190476,0.15316301945778832
item_B3781,0.0,0.0,10,0.0,0.0,0.6983690476190476,0.15316301945778832
item_B379,0.0,0.0,10,0.0,0.0,0.6983690476190476,0.15316301945778832
item_B850,0.0,0.0,10,0.0,0.0,0.6983690476190476,0.15316301945778832
item_B9681,0.0,0.0,10,0.0,0.0,0.6983690476190476,0.15316301945778832
item_B9689,0.0,0.0,10,0.0,0.0,0.6983690476190476,0.15316301945778832
item_B977,0.0,0.0,10,0.0,0.0,0.6983690476190476,0.15316301945778832
item_B9789,0.0,0.0,10,0.0,0.0,0.6983690476190476,0.15316301945778832
item_B002,0.0,0.0,10,0.0,0.0,0.6983690476190476,0.15316301945778832
item_B009,0.0,0.0,10,0.0,0.0,0.6983690476190476,0.15316301945778832
item_BROMPHEN/PSEUDOEPHEDRINE,0.0,0.0,10,0.0,0.0,0.6983690476190476,0.15316301945778832
item_B999,0.0,0.0,10,0.0,0.0,0.6983690476190476,0.15316301945778832
item_BAC,0.0,0.0,10,0.0,0.0,0.6983690476190476,0.15316301945778832
item_BACITRACIN,0.0,0.0,10,0.0,0.0,0.6983690476190476,0.15316301945778832
item_BALZIVA,0.0,0.0,10,0.0,0.0,0.6983690476190476,0.15316301945778832
item_BANOPHEN,0.0,0.0,10,0.0,0.0,0.6983690476190476,0.15316301945778832
item_BANZEL,0.0,0.0,10,0.0,0.0,0.6983690476190476,0.15316301945778832
item_BASAGLAR KWIKPEN,0.0,0.0,10,0.0,0.0,0.6983690476190476,0.15316301945778832
item_BAYER MICROLET LANCETS,0.0,0.0,10,0.0,0.0,0.6983690476190476,0.15316301945778832
item_BD INSULIN SYRINGE ULTRA-,0.0,0.0,10,0.0,0.0,0.6983690476190476,0.15316301945778832
item_BD INSULIN SYRINGE ULTRAF,0.0,0.0,10,0.0,0.0,0.6983690476190476,0.15316301945778832
item_BD PEN NEEDLE/MINI/ULTRA-,0.0,0.0,10,0.0,0.0,0.6983690476190476,0.15316301945778832
item_BD PEN NEEDLE/SHORT/ULTRA,0.0,0.0,10,0.0,0.0,0.6983690476190476,0.15316301945778832
item_BD VEO INSULIN SYRINGE UL,0.0,0.0,10,0.0,0.0,0.6983690476190476,0.15316301945778832
item_BELBUCA,0.0,0.0,10,0.0,0.0,0.6983690476190476,0.15316301945778832
item_B353,0.0,0.0,10,0.0,0.0,0.6983690476190476,0.15316301945778832
item_Z3040,0.0,0.0,10,0.0,0.0,0.6983690476190476,0.15316301945778832
item_BELSOMRA,0.0,0.0,10,0.0,0.0,0.6983690476190476,0.15316301945778832
item_BENAZEPRIL HCL,0.0,0.0,10,0.0,0.0,0.6983690476190476,0.15316301945778832
item_BETAMETHASONE DIPROPIONAT,0.0,0.0,10,0.0,0.0,0.6983690476190476,0.15316301945778832
item_BETAMETHASONE VALERATE,0.0,0.0,10,0.0,0.0,0.6983690476190476,0.15316301945778832
item_BISACODYL EC,0.0,0.0,10,0.0,0.0,0.6983690476190476,0.15316301945778832
item_BISOPROLOL FUMARATE/HYDRO,0.0,0.0,10,0.0,0.0,0.6983690476190476,0.15316301945778832
item_BLISOVI FE 1.5/30,0.0,0.0,10,0.0,0.0,0.6983690476190476,0.15316301945778832
item_BLISOVI FE 1/20,0.0,0.0,10,0.0,0.0,0.6983690476190476,0.15316301945778832
item_BOTOX,0.0,0.0,10,0.0,0.0,0.6983690476190476,0.15316301945778832
item_BREO ELLIPTA,0.0,0.0,10,0.0,0.0,0.6983690476190476,0.15316301945778832
item_BRINTELLIX,0.0,0.0,10,0.0,0.0,0.6983690476190476,0.15316301945778832
item_BUTALBITAL/ACETAMINOPHEN/,0.0,0.0,10,0.0,0.0,0.6983690476190476,0.15316301945778832
item_BUTALBITAL/ASPIRIN/CAFFEI,0.0,0.0,10,0.0,0.0,0.6983690476190476,0.15316301945778832
item_Z20828,0.0,0.0,10,0.0,0.0,0.6983690476190476,0.15316301945778832
item_Z209,0.0,0.0,10,0.0,0.0,0.6983690476190476,0.15316301945778832
item_Z21,0.0,0.0,10,0.0,0.0,0.6983690476190476,0.15316301945778832
item_Z2820,0.0,0.0,10,0.0,0.0,0.6983690476190476,0.15316301945778832
item_Z298,0.0,0.0,10,0.0,0.0,0.6983690476190476,0.15316301945778832
item_Z30011,0.0,0.0,10,0.0,0.0,0.6983690476190476,0.15316301945778832
item_Z30012,0.0,0.0,10,0.0,0.0,0.6983690476190476,0.15316301945778832
item_Z30013,0.0,0.0,10,0.0,0.0,0.6983690476190476,0.15316301945778832
item_Z30014,0.0,0.0,10,0.0,0.0,0.6983690476190476,0.15316301945778832
item_Z30017,0.0,0.0,10,0.0,0.0,0.6983690476190476,0.15316301945778832
item_Z30018,0.0,0.0,10,0.0,0.0,0.6983690476190476,0.15316301945778832
item_Z30019,0.0,0.0,10,0.0,0.0,0.6983690476190476,0.15316301945778832
item_C1788,0.0,0.0,10,0.0,0.0,0.6983690476190476,0.15316301945778832
item_C1887,0.0,0.0,10,0.0,0.0,0.6983690476190476,0.15316301945778832
item_C189,0.0,0.0,10,0.0,0.0,0.6983690476190476,0.15316301945778832
item_BUDESONIDE,0.0,0.0,10,0.0,0.0,0.6983690476190476,0.15316301945778832
item_BUDESONIDE NASAL SPRAY,0.0,0.0,10,0.0,0.0,0.6983690476190476,0.15316301945778832
item_BUMETANIDE,0.0,0.0,10,0.0,0.0,0.6983690476190476,0.15316301945778832
item_BUNAVAIL,0.0,0.0,10,0.0,0.0,0.6983690476190476,0.15316301945778832
item_BUPRENORPHINE,0.0,0.0,10,0.0,0.0,0.6983690476190476,0.15316301945778832
item_BUPROPION HCL,0.0,0.0,10,0.0,0.0,0.6983690476190476,0.15316301945778832
item_BUPROPION HCL XL,0.0,0.0,10,0.0,0.0,0.6983690476190476,0.15316301945778832
item_BUPROPION HYDROCHLORIDE,0.0,0.0,10,0.0,0.0,0.6983690476190476,0.15316301945778832
item_C9290,0.0,0.0,10,0.0,0.0,0.6983690476190476,0.15316301945778832
item_C9399,0.0,0.0,10,0.0,0.0,0.6983690476190476,0.15316301945778832
item_CABERGOLINE,0.0,0.0,10,0.0,0.0,0.6983690476190476,0.15316301945778832
item_BUTRANS,0.0,0.0,10,0.0,0.0,0.6983690476190476,0.15316301945778832
item_BYDUREON PEN,0.0,0.0,10,0.0,0.0,0.6983690476190476,0.15316301945778832
item_BYSTOLIC,0.0,0.0,10,0.0,0.0,0.6983690476190476,0.15316301945778832
item_C1713,0.0,0.0,10,0.0,0.0,0.6983690476190476,0.15316301945778832
item_C1725,0.0,0.0,10,0.0,0.0,0.6983690476190476,0.15316301945778832
item_C1726,0.0,0.0,10,0.0,0.0,0.6983690476190476,0.15316301945778832
item_C1729,0.0,0.0,10,0.0,0.0,0.6983690476190476,0.15316301945778832
item_C1751,0.0,0.0,10,0.0,0.0,0.6983690476190476,0.15316301945778832
item_C1758,0.0,0.0,10,0.0,0.0,0.6983690476190476,0.15316301945778832
item_C1760,0.0,0.0,10,0.0,0.0,0.6983690476190476,0.15316301945778832
item_C1762,0.0,0.0,10,0.0,0.0,0.6983690476190476,0.15316301945778832
item_C1769,0.0,0.0,10,0.0,0.0,0.6983690476190476,0.15316301945778832
item_C1781,0.0,0.0,10,0.0,0.0,0.6983690476190476,0.15316301945778832
item_CEFADROXIL,0.0,0.0,10,0.0,0.0,0.6983690476190476,0.15316301945778832
item_CEFPROZIL,0.0,0.0,10,0.0,0.0,0.6983690476190476,0.15316301945778832
item_C1894,0.0,0.0,10,0.0,0.0,0.6983690476190476,0.15316301945778832
item_C2617,0.0,0.0,10,0.0,0.0,0.6983690476190476,0.15316301945778832
item_C2625,0.0,0.0,10,0.0,0.0,0.6983690476190476,0.15316301945778832
item_C44519,0.0,0.0,10,0.0,0.0,0.6983690476190476,0.15316301945778832
item_C50411,0.0,0.0,10,0.0,0.0,0.6983690476190476,0.15316301945778832
item_C50911,0.0,0.0,10,0.0,0.0,0.6983690476190476,0.15316301945778832
item_C50912,0.0,0.0,10,0.0,0.0,0.6983690476190476,0.15316301945778832
item_C50919,0.0,0.0,10,0.0,0.0,0.6983690476190476,0.15316301945778832
item_C719,0.0,0.0,10,0.0,0.0,0.6983690476190476,0.15316301945778832
item_C73,0.0,0.0,10,0.0,0.0,0.6983690476190476,0.15316301945778832
item_C8590,0.0,0.0,10,0.0,0.0,0.6983690476190476,0.15316301945778832
item_C8929,0.0,0.0,10,0.0,0.0,0.6983690476190476,0.15316301945778832
item_CHLORPROMAZINE HCL,0.0,0.0,10,0.0,0.0,0.6983690476190476,0.15316301945778832
item_CHLORTHALIDONE,0.0,0.0,10,0.0,0.0,0.6983690476190476,0.15316301945778832
item_CHLORZOXAZONE,0.0,0.0,10,0.0,0.0,0.6983690476190476,0.15316301945778832
item_CHOLESTYRAMINE,0.0,0.0,10,0.0,0.0,0.6983690476190476,0.15316301945778832
item_CALCITRIOL,0.0,0.0,10,0.0,0.0,0.6983690476190476,0.15316301945778832
item_CALCIUM + D3,0.0,0.0,10,0.0,0.0,0.6983690476190476,0.15316301945778832
item_CALCIUM ACETATE,0.0,0.0,10,0.0,0.0,0.6983690476190476,0.15316301945778832
item_CAMILA,0.0,0.0,10,0.0,0.0,0.6983690476190476,0.15316301945778832
item_CAMRESE,0.0,0.0,10,0.0,0.0,0.6983690476190476,0.15316301945778832
item_CANASA,0.0,0.0,10,0.0,0.0,0.6983690476190476,0.15316301945778832
item_CARAFATE,0.0,0.0,10,0.0,0.0,0.6983690476190476,0.15316301945778832
item_CARBAMAZEPINE,0.0,0.0,10,0.0,0.0,0.6983690476190476,0.15316301945778832
item_CARBAMAZEPINE ER,0.0,0.0,10,0.0,0.0,0.6983690476190476,0.15316301945778832
item_CARTIA XT,0.0,0.0,10,0.0,0.0,0.6983690476190476,0.15316301945778832
item_CARVEDILOL,0.0,0.0,10,0.0,0.0,0.6983690476190476,0.15316301945778832
item_CITALOPRAM,0.0,0.0,10,0.0,0.0,0.6983690476190476,0.15316301945778832
item_CLARAVIS,0.0,0.0,10,0.0,0.0,0.6983690476190476,0.15316301945778832
item_CLARITHROMYCIN,0.0,0.0,10,0.0,0.0,0.6983690476190476,0.15316301945778832
item_CLARITHROMYCIN ER,0.0,0.0,10,0.0,0.0,0.6983690476190476,0.15316301945778832
item_CEFTRIAXONE SODIUM,0.0,0.0,10,0.0,0.0,0.6983690476190476,0.15316301945778832
item_CHANTIX,0.0,0.0,10,0.0,0.0,0.6983690476190476,0.15316301945778832
item_CHANTIX CONTINUING MONTH,0.0,0.0,10,0.0,0.0,0.6983690476190476,0.15316301945778832
item_CHERATUSSIN AC,0.0,0.0,10,0.0,0.0,0.6983690476190476,0.15316301945778832
item_CHLORDIAZEPOXIDE HCL,0.0,0.0,10,0.0,0.0,0.6983690476190476,0.15316301945778832
item_CHLORDIAZEPOXIDE HYDROCHL,0.0,0.0,10,0.0,0.0,0.6983690476190476,0.15316301945778832
item_CLOPIDOGREL,0.0,0.0,10,0.0,0.0,0.6983690476190476,0.15316301945778832
item_CLOTRIMAZOLE,0.0,0.0,10,0.0,0.0,0.6983690476190476,0.15316301945778832
item_CLOTRIMAZOLE/BETAMETHASON,0.0,0.0,10,0.0,0.0,0.6983690476190476,0.15316301945778832
item_CLOZAPINE,0.0,0.0,10,0.0,0.0,0.6983690476190476,0.15316301945778832
item_COLCHICINE,0.0,0.0,10,0.0,0.0,0.6983690476190476,0.15316301945778832
item_CIALIS,0.0,0.0,10,0.0,0.0,0.6983690476190476,0.15316301945778832
item_CICLOPIROX,0.0,0.0,10,0.0,0.0,0.6983690476190476,0.15316301945778832
item_CICLOPIROX NAIL LACQUER,0.0,0.0,10,0.0,0.0,0.6983690476190476,0.15316301945778832
item_CICLOPIROX OLAMINE,0.0,0.0,10,0.0,0.0,0.6983690476190476,0.15316301945778832
item_CIPRO HC,0.0,0.0,10,0.0,0.0,0.6983690476190476,0.15316301945778832
item_CIPRODEX,0.0,0.0,10,0.0,0.0,0.6983690476190476,0.15316301945778832
item_CIPROFLOXACIN,0.0,0.0,10,0.0,0.0,0.6983690476190476,0.15316301945778832
item_CIPROFLOXACIN HCL,0.0,0.0,10,0.0,0.0,0.6983690476190476,0.15316301945778832
item_CONTRAVE,0.0,0.0,10,0.0,0.0,0.6983690476190476,0.15316301945778832
item_COPAXONE,0.0,0.0,10,0.0,0.0,0.6983690476190476,0.15316301945778832
item_CREON,0.0,0.0,10,0.0,0.0,0.6983690476190476,0.15316301945778832
item_CRESTOR,0.0,0.0,10,0.0,0.0,0.6983690476190476,0.15316301945778832
item_CROMOLYN SODIUM,0.0,0.0,10,0.0,0.0,0.6983690476190476,0.15316301945778832
item_CRYSELLE-28,0.0,0.0,10,0.0,0.0,0.6983690476190476,0.15316301945778832
item_CVS ACETAMINOPHEN,0.0,0.0,10,0.0,0.0,0.6983690476190476,0.15316301945778832
item_CVS ALLERGY RELIEF,0.0,0.0,10,0.0,0.0,0.6983690476190476,0.15316301945778832
item_CLINDAMYCIN PHOSPHATE/BEN,0.0,0.0,10,0.0,0.0,0.6983690476190476,0.15316301945778832
item_CLINDAMYCIN/BENZOYL PEROX,0.0,0.0,10,0.0,0.0,0.6983690476190476,0.15316301945778832
item_CLOMIPHENE CITRATE,0.0,0.0,10,0.0,0.0,0.6983690476190476,0.15316301945778832
item_CLOMIPRAMINE HCL,0.0,0.0,10,0.0,0.0,0.6983690476190476,0.15316301945778832
item_CLONAZEPAM ODT,0.0,0.0,10,0.0,0.0,0.6983690476190476,0.15316301945778832
item_CYANOCOBALAMIN,0.0,0.0,10,0.0,0.0,0.6983690476190476,0.15316301945778832
item_CYCLAFEM 1/35,0.0,0.0,10,0.0,0.0,0.6983690476190476,0.15316301945778832
item_CYPROHEPTADINE HYDROCHLOR,0.0,0.0,10,0.0,0.0,0.6983690476190476,0.15316301945778832
item_D060,0.0,0.0,10,0.0,0.0,0.6983690476190476,0.15316301945778832
item_D069,0.0,0.0,10,0.0,0.0,0.6983690476190476,0.15316301945778832
item_D122,0.0,0.0,10,0.0,0.0,0.6983690476190476,0.15316301945778832
item_D123,0.0,0.0,10,0.0,0.0,0.6983690476190476,0.15316301945778832
item_D125,0.0,0.0,10,0.0,0.0,0.6983690476190476,0.15316301945778832
item_COLCRYS,0.0,0.0,10,0.0,0.0,0.6983690476190476,0.15316301945778832
item_COLESTIPOL HCL,0.0,0.0,10,0.0,0.0,0.6983690476190476,0.15316301945778832
item_COMBIVENT RESPIMAT,0.0,0.0,10,0.0,0.0,0.6983690476190476,0.15316301945778832
item_CONCERTA,0.0,0.0,10,0.0,0.0,0.6983690476190476,0.15316301945778832
item_CONSTULOSE,0.0,0.0,10,0.0,0.0,0.6983690476190476,0.15316301945778832
item_CONTOUR BLOOD GLUCOSE MON,0.0,0.0,10,0.0,0.0,0.6983690476190476,0.15316301945778832
item_CONTOUR BLOOD GLUCOSE TES,0.0,0.0,10,0.0,0.0,0.6983690476190476,0.15316301945778832
item_CONTOUR NEXT BLOOD GLUCOS,0.0,0.0,10,0.0,0.0,0.6983690476190476,0.15316301945778832
item_D2261,0.0,0.0,10,0.0,0.0,0.6983690476190476,0.15316301945778832
item_D2262,0.0,0.0,10,0.0,0.0,0.6983690476190476,0.15316301945778832
item_D2271,0.0,0.0,10,0.0,0.0,0.6983690476190476,0.15316301945778832
item_D2272,0.0,0.0,10,0.0,0.0,0.6983690476190476,0.15316301945778832
item_D229,0.0,0.0,10,0.0,0.0,0.6983690476190476,0.15316301945778832
item_D2339,0.0,0.0,10,0.0,0.0,0.6983690476190476,0.15316301945778832
item_D234,0.0,0.0,10,0.0,0.0,0.6983690476190476,0.15316301945778832
item_D235,0.0,0.0,10,0.0,0.0,0.6983690476190476,0.15316301945778832
item_D2361,0.0,0.0,10,0.0,0.0,0.6983690476190476,0.15316301945778832
item_CVS D3,0.0,0.0,10,0.0,0.0,0.6983690476190476,0.15316301945778832
item_CVS FLUTICASONE PROPRIONA,0.0,0.0,10,0.0,0.0,0.6983690476190476,0.15316301945778832
item_CVS MELATONIN,0.0,0.0,10,0.0,0.0,0.6983690476190476,0.15316301945778832
item_CVS NICOTINE TRANSDERMAL,0.0,0.0,10,0.0,0.0,0.6983690476190476,0.15316301945778832
item_CVS NTS STEP 1,0.0,0.0,10,0.0,0.0,0.6983690476190476,0.15316301945778832
item_CVS SENNA,0.0,0.0,10,0.0,0.0,0.6983690476190476,0.15316301945778832
item_CVS SENNA PLUS,0.0,0.0,10,0.0,0.0,0.6983690476190476,0.15316301945778832
item_D251,0.0,0.0,10,0.0,0.0,0.6983690476190476,0.15316301945778832
item_D252,0.0,0.0,10,0.0,0.0,0.6983690476190476,0.15316301945778832
item_D271,0.0,0.0,10,0.0,0.0,0.6983690476190476,0.15316301945778832
item_D3,0.0,0.0,10,0.0,0.0,0.6983690476190476,0.15316301945778832
item_D3-50,0.0,0.0,10,0.0,0.0,0.6983690476190476,0.15316301945778832
item_D3131,0.0,0.0,10,0.0,0.0,0.6983690476190476,0.15316301945778832
item_D3132,0.0,0.0,10,0.0,0.0,0.6983690476190476,0.15316301945778832
item_D352,0.0,0.0,10,0.0,0.0,0.6983690476190476,0.15316301945778832
item_D126,0.0,0.0,10,0.0,0.0,0.6983690476190476,0.15316301945778832
item_D171,0.0,0.0,10,0.0,0.0,0.6983690476190476,0.15316301945778832
item_D179,0.0,0.0,10,0.0,0.0,0.6983690476190476,0.15316301945778832
item_D1801,0.0,0.0,10,0.0,0.0,0.6983690476190476,0.15316301945778832
item_D2239,0.0,0.0,10,0.0,0.0,0.6983690476190476,0.15316301945778832
item_D224,0.0,0.0,10,0.0,0.0,0.6983690476190476,0.15316301945778832
item_D509,0.0,0.0,10,0.0,0.0,0.6983690476190476,0.15316301945778832
item_D510,0.0,0.0,10,0.0,0.0,0.6983690476190476,0.15316301945778832
item_D518,0.0,0.0,10,0.0,0.0,0.6983690476190476,0.15316301945778832
item_D519,0.0,0.0,10,0.0,0.0,0.6983690476190476,0.15316301945778832
item_D539,0.0,0.0,10,0.0,0.0,0.6983690476190476,0.15316301945778832
item_D5700,0.0,0.0,10,0.0,0.0,0.6983690476190476,0.15316301945778832
item_D571,0.0,0.0,10,0.0,0.0,0.6983690476190476,0.15316301945778832
item_D582,0.0,0.0,10,0.0,0.0,0.6983690476190476,0.15316301945778832
item_D61818,0.0,0.0,10,0.0,0.0,0.6983690476190476,0.15316301945778832
item_D2362,0.0,0.0,10,0.0,0.0,0.6983690476190476,0.15316301945778832
item_D2371,0.0,0.0,10,0.0,0.0,0.6983690476190476,0.15316301945778832
item_D2372,0.0,0.0,10,0.0,0.0,0.6983690476190476,0.15316301945778832
item_D239,0.0,0.0,10,0.0,0.0,0.6983690476190476,0.15316301945778832
item_D241,0.0,0.0,10,0.0,0.0,0.6983690476190476,0.15316301945778832
item_D242,0.0,0.0,10,0.0,0.0,0.6983690476190476,0.15316301945778832
item_D250,0.0,0.0,10,0.0,0.0,0.6983690476190476,0.15316301945778832
item_D709,0.0,0.0,10,0.0,0.0,0.6983690476190476,0.15316301945778832
item_D72819,0.0,0.0,10,0.0,0.0,0.6983690476190476,0.15316301945778832
item_D72828,0.0,0.0,10,0.0,0.0,0.6983690476190476,0.15316301945778832
item_D72829,0.0,0.0,10,0.0,0.0,0.6983690476190476,0.15316301945778832
item_D751,0.0,0.0,10,0.0,0.0,0.6983690476190476,0.15316301945778832
item_D849,0.0,0.0,10,0.0,0.0,0.6983690476190476,0.15316301945778832
item_D869,0.0,0.0,10,0.0,0.0,0.6983690476190476,0.15316301945778832
item_DAPSONE,0.0,0.0,10,0.0,0.0,0.6983690476190476,0.15316301945778832
item_DASETTA 1/35,0.0,0.0,10,0.0,0.0,0.6983690476190476,0.15316301945778832
item_DAYSEE,0.0,0.0,10,0.0,0.0,0.6983690476190476,0.15316301945778832
item_D473,0.0,0.0,10,0.0,0.0,0.6983690476190476,0.15316301945778832
item_D489,0.0,0.0,10,0.0,0.0,0.6983690476190476,0.15316301945778832
item_D492,0.0,0.0,10,0.0,0.0,0.6983690476190476,0.15316301945778832
item_D496,0.0,0.0,10,0.0,0.0,0.6983690476190476,0.15316301945778832
item_D500,0.0,0.0,10,0.0,0.0,0.6983690476190476,0.15316301945778832
item_D508,0.0,0.0,10,0.0,0.0,0.6983690476190476,0.15316301945778832
item_DESOXIMETASONE,0.0,0.0,10,0.0,0.0,0.6983690476190476,0.15316301945778832
item_DESVENLAFAXINE ER,0.0,0.0,10,0.0,0.0,0.6983690476190476,0.15316301945778832
item_DEXAMETHASONE,0.0,0.0,10,0.0,0.0,0.6983690476190476,0.15316301945778832
item_DEXILANT,0.0,0.0,10,0.0,0.0,0.6983690476190476,0.15316301945778832
item_DEXTROAMPHETAMINE SULFATE,0.0,0.0,10,0.0,0.0,0.6983690476190476,0.15316301945778832
item_DIAZEPAM,0.0,0.0,10,0.0,0.0,0.6983690476190476,0.15316301945778832
item_DICLEGIS,0.0,0.0,10,0.0,0.0,0.6983690476190476,0.15316301945778832
item_DICLOFENAC SODIUM ER,0.0,0.0,10,0.0,0.0,0.6983690476190476,0.15316301945778832
item_D62,0.0,0.0,10,0.0,0.0,0.6983690476190476,0.15316301945778832
item_D631,0.0,0.0,10,0.0,0.0,0.6983690476190476,0.15316301945778832
item_D649,0.0,0.0,10,0.0,0.0,0.6983690476190476,0.15316301945778832
item_D6859,0.0,0.0,10,0.0,0.0,0.6983690476190476,0.15316301945778832
item_D693,0.0,0.0,10,0.0,0.0,0.6983690476190476,0.15316301945778832
item_DIFLUNISAL,0.0,0.0,10,0.0,0.0,0.6983690476190476,0.15316301945778832
item_DILTIAZEM HCL,0.0,0.0,10,0.0,0.0,0.6983690476190476,0.15316301945778832
item_DILTIAZEM HCL ER,0.0,0.0,10,0.0,0.0,0.6983690476190476,0.15316301945778832
item_DILTIAZEM HYDROCHLORIDE E,0.0,0.0,10,0.0,0.0,0.6983690476190476,0.15316301945778832
item_DIPHENHYDRAMINE HCL,0.0,0.0,10,0.0,0.0,0.6983690476190476,0.15316301945778832
item_DIPHENHYDRAMINE HYDROCHLO,0.0,0.0,10,0.0,0.0,0.6983690476190476,0.15316301945778832
item_DIPHENOXYLATE/ATROPINE,0.0,0.0,10,0.0,0.0,0.6983690476190476,0.15316301945778832
item_DOCQLACE,0.0,0.0,10,0.0,0.0,0.6983690476190476,0.15316301945778832
item_DOK,0.0,0.0,10,0.0,0.0,0.6983690476190476,0.15316301945778832
item_DEBLITANE,0.0,0.0,10,0.0,0.0,0.6983690476190476,0.15316301945778832
item_DENTA 5000 PLUS,0.0,0.0,10,0.0,0.0,0.6983690476190476,0.15316301945778832
item_DESLORATADINE,0.0,0.0,10,0.0,0.0,0.6983690476190476,0.15316301945778832
item_DESMOPRESSIN ACETATE,0.0,0.0,10,0.0,0.0,0.6983690476190476,0.15316301945778832
item_Z206,0.0,0.0,10,0.0,0.0,0.6983690476190476,0.15316301945778832
item_Z20818,0.0,0.0,10,0.0,0.0,0.6983690476190476,0.15316301945778832
item_DORZOLAMIDE HCL/TIMOLOL M,0.0,0.0,10,0.0,0.0,0.6983690476190476,0.15316301945778832
item_DOXAZOSIN MESYLATE,0.0,0.0,10,0.0,0.0,0.6983690476190476,0.15316301945778832
item_DOXYCYCLINE,0.0,0.0,10,0.0,0.0,0.6983690476190476,0.15316301945778832
item_DOXYCYCLINE HYCLATE,0.0,0.0,10,0.0,0.0,0.6983690476190476,0.15316301945778832
item_DOXYCYCLINE HYCLATE DR,0.0,0.0,10,0.0,0.0,0.6983690476190476,0.15316301945778832
item_DOXYCYCLINE MONOHYDRATE,0.0,0.0,10,0.0,0.0,0.6983690476190476,0.15316301945778832
item_DRONABINOL,0.0,0.0,10,0.0,0.0,0.6983690476190476,0.15316301945778832
item_DRYSOL,0.0,0.0,10,0.0,0.0,0.6983690476190476,0.15316301945778832
item_DULERA,0.0,0.0,10,0.0,0.0,0.6983690476190476,0.15316301945778832
item_DUREZOL,0.0,0.0,10,0.0,0.0,0.6983690476190476,0.15316301945778832
item_DYMISTA,0.0,0.0,10,0.0,0.0,0.6983690476190476,0.15316301945778832
item_DICLOXACILLIN SODIUM,0.0,0.0,10,0.0,0.0,0.6983690476190476,0.15316301945778832
item_DIFFERIN,0.0,0.0,10,0.0,0.0,0.6983690476190476,0.15316301945778832
item_E079,0.0,0.0,10,0.0,0.0,0.6983690476190476,0.15316301945778832
item_E1010,0.0,0.0,10,0.0,0.0,0.6983690476190476,0.15316301945778832
item_E1040,0.0,0.0,10,0.0,0.0,0.6983690476190476,0.15316301945778832
item_Z1321,0.0,0.0,10,0.0,0.0,0.6983690476190476,0.15316301945778832
item_Z13220,0.0,0.0,10,0.0,0.0,0.6983690476190476,0.15316301945778832
item_Z13228,0.0,0.0,10,0.0,0.0,0.6983690476190476,0.15316301945778832
item_Z1329,0.0,0.0,10,0.0,0.0,0.6983690476190476,0.15316301945778832
item_Z135,0.0,0.0,10,0.0,0.0,0.6983690476190476,0.15316301945778832
item_Z136,0.0,0.0,10,0.0,0.0,0.6983690476190476,0.15316301945778832
item_Z1371,0.0,0.0,10,0.0,0.0,0.6983690476190476,0.15316301945778832
item_Z1379,0.0,0.0,10,0.0,0.0,0.6983690476190476,0.15316301945778832
item_Z13820,0.0,0.0,10,0.0,0.0,0.6983690476190476,0.15316301945778832
item_Z139,0.0,0.0,10,0.0,0.0,0.6983690476190476,0.15316301945778832
item_Z202,0.0,0.0,10,0.0,0.0,0.6983690476190476,0.15316301945778832
item_Z205,0.0,0.0,10,0.0,0.0,0.6983690476190476,0.15316301945778832
item_E1149,0.0,0.0,10,0.0,0.0,0.6983690476190476,0.15316301945778832
item_E11621,0.0,0.0,10,0.0,0.0,0.6983690476190476,0.15316301945778832
item_E11649,0.0,0.0,10,0.0,0.0,0.6983690476190476,0.15316301945778832
item_E1169,0.0,0.0,10,0.0,0.0,0.6983690476190476,0.15316301945778832
item_E010,0.0,0.0,10,0.0,0.0,0.6983690476190476,0.15316301945778832
item_E034,0.0,0.0,10,0.0,0.0,0.6983690476190476,0.15316301945778832
item_E038,0.0,0.0,10,0.0,0.0,0.6983690476190476,0.15316301945778832
item_E040,0.0,0.0,10,0.0,0.0,0.6983690476190476,0.15316301945778832
item_E041,0.0,0.0,10,0.0,0.0,0.6983690476190476,0.15316301945778832
item_E049,0.0,0.0,10,0.0,0.0,0.6983690476190476,0.15316301945778832
item_E0500,0.0,0.0,10,0.0,0.0,0.6983690476190476,0.15316301945778832
item_E0604,0.0,0.0,10,0.0,0.0,0.6983690476190476,0.15316301945778832
item_E291,0.0,0.0,10,0.0,0.0,0.6983690476190476,0.15316301945778832
item_E349,0.0,0.0,10,0.0,0.0,0.6983690476190476,0.15316301945778832
item_E538,0.0,0.0,10,0.0,0.0,0.6983690476190476,0.15316301945778832
item_E539,0.0,0.0,10,0.0,0.0,0.6983690476190476,0.15316301945778832
item_E559,0.0,0.0,10,0.0,0.0,0.6983690476190476,0.15316301945778832
item_E10649,0.0,0.0,10,0.0,0.0,0.6983690476190476,0.15316301945778832
item_E1065,0.0,0.0,10,0.0,0.0,0.6983690476190476,0.15316301945778832
item_E1069,0.0,0.0,10,0.0,0.0,0.6983690476190476,0.15316301945778832
item_E108,0.0,0.0,10,0.0,0.0,0.6983690476190476,0.15316301945778832
item_E109,0.0,0.0,10,0.0,0.0,0.6983690476190476,0.15316301945778832
item_E1121,0.0,0.0,10,0.0,0.0,0.6983690476190476,0.15316301945778832
item_E1122,0.0,0.0,10,0.0,0.0,0.6983690476190476,0.15316301945778832
item_E1129,0.0,0.0,10,0.0,0.0,0.6983690476190476,0.15316301945778832
item_E1140,0.0,0.0,10,0.0,0.0,0.6983690476190476,0.15316301945778832
item_E1142,0.0,0.0,10,0.0,0.0,0.6983690476190476,0.15316301945778832
item_E1143,0.0,0.0,10,0.0,0.0,0.6983690476190476,0.15316301945778832
item_E784,0.0,0.0,10,0.0,0.0,0.6983690476190476,0.15316301945778832
item_E786,0.0,0.0,10,0.0,0.0,0.6983690476190476,0.15316301945778832
item_E8342,0.0,0.0,10,0.0,0.0,0.6983690476190476,0.15316301945778832
item_E8351,0.0,0.0,10,0.0,0.0,0.6983690476190476,0.15316301945778832
item_E8352,0.0,0.0,10,0.0,0.0,0.6983690476190476,0.15316301945778832
item_E119,0.0,0.0,10,0.0,0.0,0.6983690476190476,0.15316301945778832
item_E1310,0.0,0.0,10,0.0,0.0,0.6983690476190476,0.15316301945778832
item_E139,0.0,0.0,10,0.0,0.0,0.6983690476190476,0.15316301945778832
item_E162,0.0,0.0,10,0.0,0.0,0.6983690476190476,0.15316301945778832
item_E221,0.0,0.0,10,0.0,0.0,0.6983690476190476,0.15316301945778832
item_E230,0.0,0.0,10,0.0,0.0,0.6983690476190476,0.15316301945778832
item_E236,0.0,0.0,10,0.0,0.0,0.6983690476190476,0.15316301945778832
item_E289,0.0,0.0,10,0.0,0.0,0.6983690476190476,0.15316301945778832
item_ELETRIPTAN HYDROBROMIDE,0.0,0.0,10,0.0,0.0,0.6983690476190476,0.15316301945778832
item_ELIDEL,0.0,0.0,10,0.0,0.0,0.6983690476190476,0.15316301945778832
item_ELIQUIS,0.0,0.0,10,0.0,0.0,0.6983690476190476,0.15316301945778832
item_ENALAPRIL MALEATE,0.0,0.0,10,0.0,0.0,0.6983690476190476,0.15316301945778832
item_ENBREL SURECLICK,0.0,0.0,10,0.0,0.0,0.6983690476190476,0.15316301945778832
item_ENDOCET,0.0,0.0,10,0.0,0.0,0.6983690476190476,0.15316301945778832
item_ENDOMETRIN,0.0,0.0,10,0.0,0.0,0.6983690476190476,0.15316301945778832
item_E611,0.0,0.0,10,0.0,0.0,0.6983690476190476,0.15316301945778832
item_E6609,0.0,0.0,10,0.0,0.0,0.6983690476190476,0.15316301945778832
item_E663,0.0,0.0,10,0.0,0.0,0.6983690476190476,0.15316301945778832
item_E668,0.0,0.0,10,0.0,0.0,0.6983690476190476,0.15316301945778832
item_E780,0.0,0.0,10,0.0,0.0,0.6983690476190476,0.15316301945778832
item_E7800,0.0,0.0,10,0.0,0.0,0.6983690476190476,0.15316301945778832
item_E781,0.0,0.0,10,0.0,0.0,0.6983690476190476,0.15316301945778832
item_EQ ALLERGY RELIEF,0.0,0.0,10,0.0,0.0,0.6983690476190476,0.15316301945778832
item_EQ NICOTINE,0.0,0.0,10,0.0,0.0,0.6983690476190476,0.15316301945778832
item_EQ STOOL SOFTENER,0.0,0.0,10,0.0,0.0,0.6983690476190476,0.15316301945778832
item_ERRIN,0.0,0.0,10,0.0,0.0,0.6983690476190476,0.15316301945778832
item_ERYTHROMYCIN BASE,0.0,0.0,10,0.0,0.0,0.6983690476190476,0.15316301945778832
item_ERYTHROMYCIN/BENZOYL PERO,0.0,0.0,10,0.0,0.0,0.6983690476190476,0.15316301945778832
item_E860,0.0,0.0,10,0.0,0.0,0.6983690476190476,0.15316301945778832
item_E871,0.0,0.0,10,0.0,0.0,0.6983690476190476,0.15316301945778832
item_E872,0.0,0.0,10,0.0,0.0,0.6983690476190476,0.15316301945778832
item_E875,0.0,0.0,10,0.0,0.0,0.6983690476190476,0.15316301945778832
item_E876,0.0,0.0,10,0.0,0.0,0.6983690476190476,0.15316301945778832
item_E8770,0.0,0.0,10,0.0,0.0,0.6983690476190476,0.15316301945778832
item_E8881,0.0,0.0,10,0.0,0.0,0.6983690476190476,0.15316301945778832
item_E890,0.0,0.0,10,0.0,0.0,0.6983690476190476,0.15316301945778832
item_ECONAZOLE NITRATE,0.0,0.0,10,0.0,0.0,0.6983690476190476,0.15316301945778832
item_F0630,0.0,0.0,10,0.0,0.0,0.6983690476190476,0.15316301945778832
item_F064,0.0,0.0,10,0.0,0.0,0.6983690476190476,0.15316301945778832
item_F0781,0.0,0.0,10,0.0,0.0,0.6983690476190476,0.15316301945778832
item_F1010,0.0,0.0,10,0.0,0.0,0.6983690476190476,0.15316301945778832
item_F10120,0.0,0.0,10,0.0,0.0,0.6983690476190476,0.15316301945778832
item_F10129,0.0,0.0,10,0.0,0.0,0.6983690476190476,0.15316301945778832
item_F1020,0.0,0.0,10,0.0,0.0,0.6983690476190476,0.15316301945778832
item_ENPRESSE-28,0.0,0.0,10,0.0,0.0,0.6983690476190476,0.15316301945778832
item_ENSKYCE,0.0,0.0,10,0.0,0.0,0.6983690476190476,0.15316301945778832
item_EPCLUSA,0.0,0.0,10,0.0,0.0,0.6983690476190476,0.15316301945778832
item_EPIDUO,0.0,0.0,10,0.0,0.0,0.6983690476190476,0.15316301945778832
item_EPIDUO FORTE,0.0,0.0,10,0.0,0.0,0.6983690476190476,0.15316301945778832
item_EPINASTINE HCL,0.0,0.0,10,0.0,0.0,0.6983690476190476,0.15316301945778832
item_EPINEPHRINE,0.0,0.0,10,0.0,0.0,0.6983690476190476,0.15316301945778832
item_EPIPEN 2-PAK,0.0,0.0,10,0.0,0.0,0.6983690476190476,0.15316301945778832
item_F1111,0.0,0.0,10,0.0,0.0,0.6983690476190476,0.15316301945778832
item_F11220,0.0,0.0,10,0.0,0.0,0.6983690476190476,0.15316301945778832
item_F1129,0.0,0.0,10,0.0,0.0,0.6983690476190476,0.15316301945778832
item_ESOMEPRAZOLE MAGNESIUM,0.0,0.0,10,0.0,0.0,0.6983690476190476,0.15316301945778832
item_ESTARYLLA,0.0,0.0,10,0.0,0.0,0.6983690476190476,0.15316301945778832
item_ESTRACE,0.0,0.0,10,0.0,0.0,0.6983690476190476,0.15316301945778832
item_ESZOPICLONE,0.0,0.0,10,0.0,0.0,0.6983690476190476,0.15316301945778832
item_EVZIO,0.0,0.0,10,0.0,0.0,0.6983690476190476,0.15316301945778832
item_EZETIMIBE,0.0,0.0,10,0.0,0.0,0.6983690476190476,0.15316301945778832
item_Z130,0.0,0.0,10,0.0,0.0,0.6983690476190476,0.15316301945778832
item_Z131,0.0,0.0,10,0.0,0.0,0.6983690476190476,0.15316301945778832
item_F1310,0.0,0.0,10,0.0,0.0,0.6983690476190476,0.15316301945778832
item_F1320,0.0,0.0,10,0.0,0.0,0.6983690476190476,0.15316301945778832
item_F13230,0.0,0.0,10,0.0,0.0,0.6983690476190476,0.15316301945778832
item_F13239,0.0,0.0,10,0.0,0.0,0.6983690476190476,0.15316301945778832
item_F1420,0.0,0.0,10,0.0,0.0,0.6983690476190476,0.15316301945778832
item_F19939,0.0,0.0,10,0.0,0.0,0.6983690476190476,0.15316301945778832
item_F200,0.0,0.0,10,0.0,0.0,0.6983690476190476,0.15316301945778832
item_F10229,0.0,0.0,10,0.0,0.0,0.6983690476190476,0.15316301945778832
item_F10230,0.0,0.0,10,0.0,0.0,0.6983690476190476,0.15316301945778832
item_F10231,0.0,0.0,10,0.0,0.0,0.6983690476190476,0.15316301945778832
item_F310,0.0,0.0,10,0.0,0.0,0.6983690476190476,0.15316301945778832
item_F3110,0.0,0.0,10,0.0,0.0,0.6983690476190476,0.15316301945778832
item_F3111,0.0,0.0,10,0.0,0.0,0.6983690476190476,0.15316301945778832
item_F3112,0.0,0.0,10,0.0,0.0,0.6983690476190476,0.15316301945778832
item_F3113,0.0,0.0,10,0.0,0.0,0.6983690476190476,0.15316301945778832
item_Z114,0.0,0.0,10,0.0,0.0,0.6983690476190476,0.15316301945778832
item_Z1151,0.0,0.0,10,0.0,0.0,0.6983690476190476,0.15316301945778832
item_Z118,0.0,0.0,10,0.0,0.0,0.6983690476190476,0.15316301945778832
item_Z119,0.0,0.0,10,0.0,0.0,0.6983690476190476,0.15316301945778832
item_Z1212,0.0,0.0,10,0.0,0.0,0.6983690476190476,0.15316301945778832
item_Z125,0.0,0.0,10,0.0,0.0,0.6983690476190476,0.15316301945778832
item_Z1272,0.0,0.0,10,0.0,0.0,0.6983690476190476,0.15316301945778832
item_F3162,0.0,0.0,10,0.0,0.0,0.6983690476190476,0.15316301945778832
item_F3163,0.0,0.0,10,0.0,0.0,0.6983690476190476,0.15316301945778832
item_F3164,0.0,0.0,10,0.0,0.0,0.6983690476190476,0.15316301945778832
item_F3170,0.0,0.0,10,0.0,0.0,0.6983690476190476,0.15316301945778832
item_F3174,0.0,0.0,10,0.0,0.0,0.6983690476190476,0.15316301945778832
item_F3175,0.0,0.0,10,0.0,0.0,0.6983690476190476,0.15316301945778832
item_F3189,0.0,0.0,10,0.0,0.0,0.6983690476190476,0.15316301945778832
item_F203,0.0,0.0,10,0.0,0.0,0.6983690476190476,0.15316301945778832
item_F2089,0.0,0.0,10,0.0,0.0,0.6983690476190476,0.15316301945778832
item_F22,0.0,0.0,10,0.0,0.0,0.6983690476190476,0.15316301945778832
item_F23,0.0,0.0,10,0.0,0.0,0.6983690476190476,0.15316301945778832
item_F251,0.0,0.0,10,0.0,0.0,0.6983690476190476,0.15316301945778832
item_F258,0.0,0.0,10,0.0,0.0,0.6983690476190476,0.15316301945778832
item_F259,0.0,0.0,10,0.0,0.0,0.6983690476190476,0.15316301945778832
item_F309,0.0,0.0,10,0.0,0.0,0.6983690476190476,0.15316301945778832
item_F328,0.0,0.0,10,0.0,0.0,0.6983690476190476,0.15316301945778832
item_F3281,0.0,0.0,10,0.0,0.0,0.6983690476190476,0.15316301945778832
item_F330,0.0,0.0,10,0.0,0.0,0.6983690476190476,0.15316301945778832
item_F331,0.0,0.0,10,0.0,0.0,0.6983690476190476,0.15316301945778832
item_F333,0.0,0.0,10,0.0,0.0,0.6983690476190476,0.15316301945778832
item_F3340,0.0,0.0,10,0.0,0.0,0.6983690476190476,0.15316301945778832
item_F3342,0.0,0.0,10,0.0,0.0,0.6983690476190476,0.15316301945778832
item_F312,0.0,0.0,10,0.0,0.0,0.6983690476190476,0.15316301945778832
item_F3130,0.0,0.0,10,0.0,0.0,0.6983690476190476,0.15316301945778832
item_F3131,0.0,0.0,10,0.0,0.0,0.6983690476190476,0.15316301945778832
item_F314,0.0,0.0,10,0.0,0.0,0.6983690476190476,0.15316301945778832
item_F315,0.0,0.0,10,0.0,0.0,0.6983690476190476,0.15316301945778832
item_F4001,0.0,0.0,10,0.0,0.0,0.6983690476190476,0.15316301945778832
item_F4010,0.0,0.0,10,0.0,0.0,0.6983690476190476,0.15316301945778832
item_F419,0.0,0.0,10,0.0,0.0,0.6983690476190476,0.15316301945778832
item_F42,0.0,0.0,10,0.0,0.0,0.6983690476190476,0.15316301945778832
item_F422,0.0,0.0,10,0.0,0.0,0.6983690476190476,0.15316301945778832
item_F429,0.0,0.0,10,0.0,0.0,0.6983690476190476,0.15316301945778832
item_F430,0.0,0.0,10,0.0,0.0,0.6983690476190476,0.15316301945778832
item_F4310,0.0,0.0,10,0.0,0.0,0.6983690476190476,0.15316301945778832
item_F4312,0.0,0.0,10,0.0,0.0,0.6983690476190476,0.15316301945778832
item_F320,0.0,0.0,10,0.0,0.0,0.6983690476190476,0.15316301945778832
item_F322,0.0,0.0,10,0.0,0.0,0.6983690476190476,0.15316301945778832
item_F323,0.0,0.0,10,0.0,0.0,0.6983690476190476,0.15316301945778832
item_F4323,0.0,0.0,10,0.0,0.0,0.6983690476190476,0.15316301945778832
item_F4325,0.0,0.0,10,0.0,0.0,0.6983690476190476,0.15316301945778832
item_F458,0.0,0.0,10,0.0,0.0,0.6983690476190476,0.15316301945778832
item_F509,0.0,0.0,10,0.0,0.0,0.6983690476190476,0.15316301945778832
item_F5101,0.0,0.0,10,0.0,0.0,0.6983690476190476,0.15316301945778832
item_F5104,0.0,0.0,10,0.0,0.0,0.6983690476190476,0.15316301945778832
item_F53,0.0,0.0,10,0.0,0.0,0.6983690476190476,0.15316301945778832
item_F603,0.0,0.0,10,0.0,0.0,0.6983690476190476,0.15316301945778832
item_F70,0.0,0.0,10,0.0,0.0,0.6983690476190476,0.15316301945778832
item_F72,0.0,0.0,10,0.0,0.0,0.6983690476190476,0.15316301945778832
item_F73,0.0,0.0,10,0.0,0.0,0.6983690476190476,0.15316301945778832
item_F338,0.0,0.0,10,0.0,0.0,0.6983690476190476,0.15316301945778832
item_F339,0.0,0.0,10,0.0,0.0,0.6983690476190476,0.15316301945778832
item_F341,0.0,0.0,10,0.0,0.0,0.6983690476190476,0.15316301945778832
item_F901,0.0,0.0,10,0.0,0.0,0.6983690476190476,0.15316301945778832
item_F908,0.0,0.0,10,0.0,0.0,0.6983690476190476,0.15316301945778832
item_F909,0.0,0.0,10,0.0,0.0,0.6983690476190476,0.15316301945778832
item_F988,0.0,0.0,10,0.0,0.0,0.6983690476190476,0.15316301945778832
item_F99,0.0,0.0,10,0.0,0.0,0.6983690476190476,0.15316301945778832
item_FALMINA,0.0,0.0,10,0.0,0.0,0.6983690476190476,0.15316301945778832
item_FAMCICLOVIR,0.0,0.0,10,0.0,0.0,0.6983690476190476,0.15316301945778832
item_FARXIGA,0.0,0.0,10,0.0,0.0,0.6983690476190476,0.15316301945778832
item_FENOFIBRATE,0.0,0.0,10,0.0,0.0,0.6983690476190476,0.15316301945778832
item_FENOFIBRATE MICRONIZED,0.0,0.0,10,0.0,0.0,0.6983690476190476,0.15316301945778832
item_FENTANYL,0.0,0.0,10,0.0,0.0,0.6983690476190476,0.15316301945778832
item_F4320,0.0,0.0,10,0.0,0.0,0.6983690476190476,0.15316301945778832
item_F4321,0.0,0.0,10,0.0,0.0,0.6983690476190476,0.15316301945778832
item_F4322,0.0,0.0,10,0.0,0.0,0.6983690476190476,0.15316301945778832
item_FLUZONE QUADRIVALENT 2017,0.0,0.0,10,0.0,0.0,0.6983690476190476,0.15316301945778832
item_FEROSUL,0.0,0.0,10,0.0,0.0,0.6983690476190476,0.15316301945778832
item_FERRALET 90,0.0,0.0,10,0.0,0.0,0.6983690476190476,0.15316301945778832
item_FERROUS SULFATE,0.0,0.0,10,0.0,0.0,0.6983690476190476,0.15316301945778832
item_FETZIMA,0.0,0.0,10,0.0,0.0,0.6983690476190476,0.15316301945778832
item_FEXOFENADINE HYDROCHLORID,0.0,0.0,10,0.0,0.0,0.6983690476190476,0.15316301945778832
item_FINACEA,0.0,0.0,10,0.0,0.0,0.6983690476190476,0.15316301945778832
item_FINASTERIDE,0.0,0.0,10,0.0,0.0,0.6983690476190476,0.15316301945778832
item_FLECTOR,0.0,0.0,10,0.0,0.0,0.6983690476190476,0.15316301945778832
item_FLONASE ALLERGY RELIEF,0.0,0.0,10,0.0,0.0,0.6983690476190476,0.15316301945778832
item_FLOVENT DISKUS,0.0,0.0,10,0.0,0.0,0.6983690476190476,0.15316301945778832
item_FLUARIX QUADRIVALENT 2016,0.0,0.0,10,0.0,0.0,0.6983690476190476,0.15316301945778832
item_FLUARIX QUADRIVALENT 2017,0.0,0.0,10,0.0,0.0,0.6983690476190476,0.15316301945778832
item_FLUARIX QUADRIVALENT 2018,0.0,0.0,10,0.0,0.0,0.6983690476190476,0.15316301945778832
item_F79,0.0,0.0,10,0.0,0.0,0.6983690476190476,0.15316301945778832
item_Z112,0.0,0.0,10,0.0,0.0,0.6983690476190476,0.15316301945778832
item_FLUDROCORTISONE ACETATE,0.0,0.0,10,0.0,0.0,0.6983690476190476,0.15316301945778832
item_FLULAVAL QUADRIVALENT 201,0.0,0.0,10,0.0,0.0,0.6983690476190476,0.15316301945778832
item_FLUOCINOLONE ACETONIDE,0.0,0.0,10,0.0,0.0,0.6983690476190476,0.15316301945778832
item_FLUOCINOLONE ACETONIDE SC,0.0,0.0,10,0.0,0.0,0.6983690476190476,0.15316301945778832
item_FLUOCINONIDE,0.0,0.0,10,0.0,0.0,0.6983690476190476,0.15316301945778832
item_FLUOROMETHOLONE,0.0,0.0,10,0.0,0.0,0.6983690476190476,0.15316301945778832
item_FLUOROURACIL,0.0,0.0,10,0.0,0.0,0.6983690476190476,0.15316301945778832
item_FLUPHENAZINE HCL,0.0,0.0,10,0.0,0.0,0.6983690476190476,0.15316301945778832
item_FLUVIRIN 2016-2017,0.0,0.0,10,0.0,0.0,0.6983690476190476,0.15316301945778832
item_FLUVIRIN 2017-2018,0.0,0.0,10,0.0,0.0,0.6983690476190476,0.15316301945778832
item_FLUVOXAMINE MALEATE,0.0,0.0,10,0.0,0.0,0.6983690476190476,0.15316301945778832
item_FLUZONE QUADRIVALENT 2016,0.0,0.0,10,0.0,0.0,0.6983690476190476,0.15316301945778832
item_G0108,0.0,0.0,10,0.0,0.0,0.6983690476190476,0.15316301945778832
item_G0109,0.0,0.0,10,0.0,0.0,0.6983690476190476,0.15316301945778832
item_G0123,0.0,0.0,10,0.0,0.0,0.6983690476190476,0.15316301945778832
item_Z0283,0.0,0.0,10,0.0,0.0,0.6983690476190476,0.15316301945778832
item_Z0289,0.0,0.0,10,0.0,0.0,0.6983690476190476,0.15316301945778832
item_Z029,0.0,0.0,10,0.0,0.0,0.6983690476190476,0.15316301945778832
item_Z0371,0.0,0.0,10,0.0,0.0,0.6983690476190476,0.15316301945778832
item_Z0373,0.0,0.0,10,0.0,0.0,0.6983690476190476,0.15316301945778832
item_Z0374,0.0,0.0,10,0.0,0.0,0.6983690476190476,0.15316301945778832
item_Z0379,0.0,0.0,10,0.0,0.0,0.6983690476190476,0.15316301945778832
item_Z041,0.0,0.0,10,0.0,0.0,0.6983690476190476,0.15316301945778832
item_Z048,0.0,0.0,10,0.0,0.0,0.6983690476190476,0.15316301945778832
item_Z049,0.0,0.0,10,0.0,0.0,0.6983690476190476,0.15316301945778832
item_Z08,0.0,0.0,10,0.0,0.0,0.6983690476190476,0.15316301945778832
item_Z981,0.0,0.0,10,0.0,0.0,0.6983690476190476,0.15316301945778832
item_G0379,0.0,0.0,10,0.0,0.0,0.6983690476190476,0.15316301945778832
item_G0381,0.0,0.0,10,0.0,0.0,0.6983690476190476,0.15316301945778832
item_G0382,0.0,0.0,10,0.0,0.0,0.6983690476190476,0.15316301945778832
item_G0383,0.0,0.0,10,0.0,0.0,0.6983690476190476,0.15316301945778832
item_FLUZONE QUADRIVALENT 2018,0.0,0.0,10,0.0,0.0,0.6983690476190476,0.15316301945778832
item_FOLIC ACID,0.0,0.0,10,0.0,0.0,0.6983690476190476,0.15316301945778832
item_FREESTYLE LITE BLOOD GLUC,0.0,0.0,10,0.0,0.0,0.6983690476190476,0.15316301945778832
item_FREESTYLE LITE TEST STRIP,0.0,0.0,10,0.0,0.0,0.6983690476190476,0.15316301945778832
item_FREESTYLE TEST STRIPS,0.0,0.0,10,0.0,0.0,0.6983690476190476,0.15316301945778832
item_Z952,0.0,0.0,10,0.0,0.0,0.6983690476190476,0.15316301945778832
item_00170,0.0,0.0,10,0.0,0.0,0.6983690476190476,0.15316301945778832
item_G0010,0.0,0.0,10,0.0,0.0,0.6983690476190476,0.15316301945778832
item_G0101,0.0,0.0,10,0.0,0.0,0.6983690476190476,0.15316301945778832
item_ZYLET,0.0,0.0,10,0.0,0.0,0.6983690476190476,0.15316301945778832
item_G0105,0.0,0.0,10,0.0,0.0,0.6983690476190476,0.15316301945778832
item_00940,0.0,0.0,10,0.0,0.0,0.6983690476190476,0.15316301945778832
item_G0468,0.0,0.0,10,0.0,0.0,0.6983690476190476,0.15316301945778832
item_G0470,0.0,0.0,10,0.0,0.0,0.6983690476190476,0.15316301945778832
item_G0475,0.0,0.0,10,0.0,0.0,0.6983690476190476,0.15316301945778832
item_G0476,0.0,0.0,10,0.0,0.0,0.6983690476190476,0.15316301945778832
item_G0124,0.0,0.0,10,0.0,0.0,0.6983690476190476,0.15316301945778832
item_00300,0.0,0.0,10,0.0,0.0,0.6983690476190476,0.15316301945778832
item_G0177,0.0,0.0,10,0.0,0.0,0.6983690476190476,0.15316301945778832
item_G0179,0.0,0.0,10,0.0,0.0,0.6983690476190476,0.15316301945778832
item_G0180,0.0,0.0,10,0.0,0.0,0.6983690476190476,0.15316301945778832
item_G0202,0.0,0.0,10,0.0,0.0,0.6983690476190476,0.15316301945778832
item_G0204,0.0,0.0,10,0.0,0.0,0.6983690476190476,0.15316301945778832
item_G0206,0.0,0.0,10,0.0,0.0,0.6983690476190476,0.15316301945778832
item_G0257,0.0,0.0,10,0.0,0.0,0.6983690476190476,0.15316301945778832
item_G0279,0.0,0.0,10,0.0,0.0,0.6983690476190476,0.15316301945778832
item_G0283,0.0,0.0,10,0.0,0.0,0.6983690476190476,0.15316301945778832
item_G0506,0.0,0.0,10,0.0,0.0,0.6983690476190476,0.15316301945778832
item_G243,0.0,0.0,10,0.0,0.0,0.6983690476190476,0.15316301945778832
item_G250,0.0,0.0,10,0.0,0.0,0.6983690476190476,0.15316301945778832
item_00320,0.0,0.0,10,0.0,0.0,0.6983690476190476,0.15316301945778832
item_G35,0.0,0.0,10,0.0,0.0,0.6983690476190476,0.15316301945778832
item_G379,0.0,0.0,10,0.0,0.0,0.6983690476190476,0.15316301945778832
item_G40009,0.0,0.0,10,0.0,0.0,0.6983690476190476,0.15316301945778832
item_G40109,0.0,0.0,10,0.0,0.0,0.6983690476190476,0.15316301945778832
item_G0399,0.0,0.0,10,0.0,0.0,0.6983690476190476,0.15316301945778832
item_G0402,0.0,0.0,10,0.0,0.0,0.6983690476190476,0.15316301945778832
item_00400,0.0,0.0,10,0.0,0.0,0.6983690476190476,0.15316301945778832
item_G0436,0.0,0.0,10,0.0,0.0,0.6983690476190476,0.15316301945778832
item_00402,0.0,0.0,10,0.0,0.0,0.6983690476190476,0.15316301945778832
item_G0447,0.0,0.0,10,0.0,0.0,0.6983690476190476,0.15316301945778832
item_G0452,0.0,0.0,10,0.0,0.0,0.6983690476190476,0.15316301945778832
item_G0466,0.0,0.0,10,0.0,0.0,0.6983690476190476,0.15316301945778832
item_G43001,0.0,0.0,10,0.0,0.0,0.6983690476190476,0.15316301945778832
item_G43009,0.0,0.0,10,0.0,0.0,0.6983690476190476,0.15316301945778832
item_G43011,0.0,0.0,10,0.0,0.0,0.6983690476190476,0.15316301945778832
item_G43019,0.0,0.0,10,0.0,0.0,0.6983690476190476,0.15316301945778832
item_G43101,0.0,0.0,10,0.0,0.0,0.6983690476190476,0.15316301945778832
item_G43109,0.0,0.0,10,0.0,0.0,0.6983690476190476,0.15316301945778832
item_G43111,0.0,0.0,10,0.0,0.0,0.6983690476190476,0.15316301945778832
item_G43119,0.0,0.0,10,0.0,0.0,0.6983690476190476,0.15316301945778832
item_G0477,0.0,0.0,10,0.0,0.0,0.6983690476190476,0.15316301945778832
item_G0478,0.0,0.0,10,0.0,0.0,0.6983690476190476,0.15316301945778832
item_G0479,0.0,0.0,10,0.0,0.0,0.6983690476190476,0.15316301945778832
item_00520,0.0,0.0,10,0.0,0.0,0.6983690476190476,0.15316301945778832
item_00532,0.0,0.0,10,0.0,0.0,0.6983690476190476,0.15316301945778832
item_00630,0.0,0.0,10,0.0,0.0,0.6983690476190476,0.15316301945778832
item_G0483,0.0,0.0,10,0.0,0.0,0.6983690476190476,0.15316301945778832
item_G0500,0.0,0.0,10,0.0,0.0,0.6983690476190476,0.15316301945778832
item_G44201,0.0,0.0,10,0.0,0.0,0.6983690476190476,0.15316301945778832
item_G44209,0.0,0.0,10,0.0,0.0,0.6983690476190476,0.15316301945778832
item_G44219,0.0,0.0,10,0.0,0.0,0.6983690476190476,0.15316301945778832
item_G44229,0.0,0.0,10,0.0,0.0,0.6983690476190476,0.15316301945778832
item_G44309,0.0,0.0,10,0.0,0.0,0.6983690476190476,0.15316301945778832
item_G44319,0.0,0.0,10,0.0,0.0,0.6983690476190476,0.15316301945778832
item_G4452,0.0,0.0,10,0.0,0.0,0.6983690476190476,0.15316301945778832
item_G4489,0.0,0.0,10,0.0,0.0,0.6983690476190476,0.15316301945778832
item_00670,0.0,0.0,10,0.0,0.0,0.6983690476190476,0.15316301945778832
item_G40219,0.0,0.0,10,0.0,0.0,0.6983690476190476,0.15316301945778832
item_G40309,0.0,0.0,10,0.0,0.0,0.6983690476190476,0.15316301945778832
item_G40409,0.0,0.0,10,0.0,0.0,0.6983690476190476,0.15316301945778832
item_G4089,0.0,0.0,10,0.0,0.0,0.6983690476190476,0.15316301945778832
item_G40901,0.0,0.0,10,0.0,0.0,0.6983690476190476,0.15316301945778832
item_G40909,0.0,0.0,10,0.0,0.0,0.6983690476190476,0.15316301945778832
item_G40919,0.0,0.0,10,0.0,0.0,0.6983690476190476,0.15316301945778832
item_G478,0.0,0.0,10,0.0,0.0,0.6983690476190476,0.15316301945778832
item_G479,0.0,0.0,10,0.0,0.0,0.6983690476190476,0.15316301945778832
item_G500,0.0,0.0,10,0.0,0.0,0.6983690476190476,0.15316301945778832
item_G501,0.0,0.0,10,0.0,0.0,0.6983690476190476,0.15316301945778832
item_G510,0.0,0.0,10,0.0,0.0,0.6983690476190476,0.15316301945778832
item_G540,0.0,0.0,10,0.0,0.0,0.6983690476190476,0.15316301945778832
item_G5600,0.0,0.0,10,0.0,0.0,0.6983690476190476,0.15316301945778832
item_00740,0.0,0.0,10,0.0,0.0,0.6983690476190476,0.15316301945778832
item_G43709,0.0,0.0,10,0.0,0.0,0.6983690476190476,0.15316301945778832
item_G43711,0.0,0.0,10,0.0,0.0,0.6983690476190476,0.15316301945778832
item_G43719,0.0,0.0,10,0.0,0.0,0.6983690476190476,0.15316301945778832
item_G43809,0.0,0.0,10,0.0,0.0,0.6983690476190476,0.15316301945778832
item_G43901,0.0,0.0,10,0.0,0.0,0.6983690476190476,0.15316301945778832
item_G43909,0.0,0.0,10,0.0,0.0,0.6983690476190476,0.15316301945778832
item_G43919,0.0,0.0,10,0.0,0.0,0.6983690476190476,0.15316301945778832
item_G43A0,0.0,0.0,10,0.0,0.0,0.6983690476190476,0.15316301945778832
item_G809,0.0,0.0,10,0.0,0.0,0.6983690476190476,0.15316301945778832
item_G8220,0.0,0.0,10,0.0,0.0,0.6983690476190476,0.15316301945778832
item_G8250,0.0,0.0,10,0.0,0.0,0.6983690476190476,0.15316301945778832
item_G8417,0.0,0.0,10,0.0,0.0,0.6983690476190476,0.15316301945778832
item_G8419,0.0,0.0,10,0.0,0.0,0.6983690476190476,0.15316301945778832
item_G8420,0.0,0.0,10,0.0,0.0,0.6983690476190476,0.15316301945778832
item_G8431,0.0,0.0,10,0.0,0.0,0.6983690476190476,0.15316301945778832
item_G8510,0.0,0.0,10,0.0,0.0,0.6983690476190476,0.15316301945778832
item_G8907,0.0,0.0,10,0.0,0.0,0.6983690476190476,0.15316301945778832
item_G459,0.0,0.0,10,0.0,0.0,0.6983690476190476,0.15316301945778832
item_G4709,0.0,0.0,10,0.0,0.0,0.6983690476190476,0.15316301945778832
item_G4710,0.0,0.0,10,0.0,0.0,0.6983690476190476,0.15316301945778832
item_G4719,0.0,0.0,10,0.0,0.0,0.6983690476190476,0.15316301945778832
item_G4730,0.0,0.0,10,0.0,0.0,0.6983690476190476,0.15316301945778832
item_G4733,0.0,0.0,10,0.0,0.0,0.6983690476190476,0.15316301945778832
item_G47419,0.0,0.0,10,0.0,0.0,0.6983690476190476,0.15316301945778832
item_G893,0.0,0.0,10,0.0,0.0,0.6983690476190476,0.15316301945778832
item_G8978,0.0,0.0,10,0.0,0.0,0.6983690476190476,0.15316301945778832
item_G8979,0.0,0.0,10,0.0,0.0,0.6983690476190476,0.15316301945778832
item_G8980,0.0,0.0,10,0.0,0.0,0.6983690476190476,0.15316301945778832
item_G8981,0.0,0.0,10,0.0,0.0,0.6983690476190476,0.15316301945778832
item_G8982,0.0,0.0,10,0.0,0.0,0.6983690476190476,0.15316301945778832
item_G8984,0.0,0.0,10,0.0,0.0,0.6983690476190476,0.15316301945778832
item_G8985,0.0,0.0,10,0.0,0.0,0.6983690476190476,0.15316301945778832
item_G8987,0.0,0.0,10,0.0,0.0,0.6983690476190476,0.15316301945778832
item_G5602,0.0,0.0,10,0.0,0.0,0.6983690476190476,0.15316301945778832
item_G5603,0.0,0.0,10,0.0,0.0,0.6983690476190476,0.15316301945778832
item_00750,0.0,0.0,10,0.0,0.0,0.6983690476190476,0.15316301945778832
item_G5622,0.0,0.0,10,0.0,0.0,0.6983690476190476,0.15316301945778832
item_G608,0.0,0.0,10,0.0,0.0,0.6983690476190476,0.15316301945778832
item_G609,0.0,0.0,10,0.0,0.0,0.6983690476190476,0.15316301945778832
item_G629,0.0,0.0,10,0.0,0.0,0.6983690476190476,0.15316301945778832
item_00752,0.0,0.0,10,0.0,0.0,0.6983690476190476,0.15316301945778832
item_G909,0.0,0.0,10,0.0,0.0,0.6983690476190476,0.15316301945778832
item_G92,0.0,0.0,10,0.0,0.0,0.6983690476190476,0.15316301945778832
item_G931,0.0,0.0,10,0.0,0.0,0.6983690476190476,0.15316301945778832
item_G932,0.0,0.0,10,0.0,0.0,0.6983690476190476,0.15316301945778832
item_G9340,0.0,0.0,10,0.0,0.0,0.6983690476190476,0.15316301945778832
item_G9341,0.0,0.0,10,0.0,0.0,0.6983690476190476,0.15316301945778832
item_G9389,0.0,0.0,10,0.0,0.0,0.6983690476190476,0.15316301945778832
item_G939,0.0,0.0,10,0.0,0.0,0.6983690476190476,0.15316301945778832
item_G971,0.0,0.0,10,0.0,0.0,0.6983690476190476,0.15316301945778832
item_G8911,0.0,0.0,10,0.0,0.0,0.6983690476190476,0.15316301945778832
item_G8916,0.0,0.0,10,0.0,0.0,0.6983690476190476,0.15316301945778832
item_G8918,0.0,0.0,10,0.0,0.0,0.6983690476190476,0.15316301945778832
item_G8921,0.0,0.0,10,0.0,0.0,0.6983690476190476,0.15316301945778832
item_G8928,0.0,0.0,10,0.0,0.0,0.6983690476190476,0.15316301945778832
item_00790,0.0,0.0,10,0.0,0.0,0.6983690476190476,0.15316301945778832
item_GAVILYTE-N/FLAVOR PACK,0.0,0.0,10,0.0,0.0,0.6983690476190476,0.15316301945778832
item_GENTAK,0.0,0.0,10,0.0,0.0,0.6983690476190476,0.15316301945778832
item_GENTAMICIN SULFATE,0.0,0.0,10,0.0,0.0,0.6983690476190476,0.15316301945778832
item_GENVOYA,0.0,0.0,10,0.0,0.0,0.6983690476190476,0.15316301945778832
item_GIANVI,0.0,0.0,10,0.0,0.0,0.6983690476190476,0.15316301945778832
item_GILDESS 1/20,0.0,0.0,10,0.0,0.0,0.6983690476190476,0.15316301945778832
item_GILDESS FE 1/20,0.0,0.0,10,0.0,0.0,0.6983690476190476,0.15316301945778832
item_GLIMEPIRIDE,0.0,0.0,10,0.0,0.0,0.6983690476190476,0.15316301945778832
item_00797,0.0,0.0,10,0.0,0.0,0.6983690476190476,0.15316301945778832
item_GLIPIZIDE ER,0.0,0.0,10,0.0,0.0,0.6983690476190476,0.15316301945778832
item_G8988,0.0,0.0,10,0.0,0.0,0.6983690476190476,0.15316301945778832
item_G8989,0.0,0.0,10,0.0,0.0,0.6983690476190476,0.15316301945778832
item_G8990,0.0,0.0,10,0.0,0.0,0.6983690476190476,0.15316301945778832
item_G8991,0.0,0.0,10,0.0,0.0,0.6983690476190476,0.15316301945778832
item_Z975,0.0,0.0,10,0.0,0.0,0.6983690476190476,0.15316301945778832
item_G9002,0.0,0.0,10,0.0,0.0,0.6983690476190476,0.15316301945778832
item_GONAL-F RFF REDIJECT,0.0,0.0,10,0.0,0.0,0.6983690476190476,0.15316301945778832
item_GUAIATUSSIN AC,0.0,0.0,10,0.0,0.0,0.6983690476190476,0.15316301945778832
item_GUAIFENESIN AC,0.0,0.0,10,0.0,0.0,0.6983690476190476,0.15316301945778832
item_GUAIFENESIN/CODEINE,0.0,0.0,10,0.0,0.0,0.6983690476190476,0.15316301945778832
item_GUANFACINE ER,0.0,0.0,10,0.0,0.0,0.6983690476190476,0.15316301945778832
item_GUANFACINE HCL,0.0,0.0,10,0.0,0.0,0.6983690476190476,0.15316301945778832
item_H00011,0.0,0.0,10,0.0,0.0,0.6983690476190476,0.15316301945778832
item_H00012,0.0,0.0,10,0.0,0.0,0.6983690476190476,0.15316301945778832
item_H00014,0.0,0.0,10,0.0,0.0,0.6983690476190476,0.15316301945778832
item_H00015,0.0,0.0,10,0.0,0.0,0.6983690476190476,0.15316301945778832
item_H00019,0.0,0.0,10,0.0,0.0,0.6983690476190476,0.15316301945778832
item_G9902,0.0,0.0,10,0.0,0.0,0.6983690476190476,0.15316301945778832
item_01961,0.0,0.0,10,0.0,0.0,0.6983690476190476,0.15316301945778832
item_GATIFLOXACIN,0.0,0.0,10,0.0,0.0,0.6983690476190476,0.15316301945778832
item_GAVILYTE-C,0.0,0.0,10,0.0,0.0,0.6983690476190476,0.15316301945778832
item_GAVILYTE-G,0.0,0.0,10,0.0,0.0,0.6983690476190476,0.15316301945778832
item_01965,0.0,0.0,10,0.0,0.0,0.6983690476190476,0.15316301945778832
item_01967,0.0,0.0,10,0.0,0.0,0.6983690476190476,0.15316301945778832
item_00811,0.0,0.0,10,0.0,0.0,0.6983690476190476,0.15316301945778832
item_H0011,0.0,0.0,10,0.0,0.0,0.6983690476190476,0.15316301945778832
item_H0014,0.0,0.0,10,0.0,0.0,0.6983690476190476,0.15316301945778832
item_00812,0.0,0.0,10,0.0,0.0,0.6983690476190476,0.15316301945778832
item_00813,0.0,0.0,10,0.0,0.0,0.6983690476190476,0.15316301945778832
item_H0035,0.0,0.0,10,0.0,0.0,0.6983690476190476,0.15316301945778832
item_H0036,0.0,0.0,10,0.0,0.0,0.6983690476190476,0.15316301945778832
item_00830,0.0,0.0,10,0.0,0.0,0.6983690476190476,0.15316301945778832
item_H01001,0.0,0.0,10,0.0,0.0,0.6983690476190476,0.15316301945778832
item_GLIPIZIDE XL,0.0,0.0,10,0.0,0.0,0.6983690476190476,0.15316301945778832
item_GLUCAGON EMERGENCY KIT,0.0,0.0,10,0.0,0.0,0.6983690476190476,0.15316301945778832
item_GLYBURIDE,0.0,0.0,10,0.0,0.0,0.6983690476190476,0.15316301945778832
item_00840,0.0,0.0,10,0.0,0.0,0.6983690476190476,0.15316301945778832
item_GNP NICOTINE POLACRILEX,0.0,0.0,10,0.0,0.0,0.6983690476190476,0.15316301945778832
item_H10021,0.0,0.0,10,0.0,0.0,0.6983690476190476,0.15316301945778832
item_H10022,0.0,0.0,10,0.0,0.0,0.6983690476190476,0.15316301945778832
item_H10023,0.0,0.0,10,0.0,0.0,0.6983690476190476,0.15316301945778832
item_H1013,0.0,0.0,10,0.0,0.0,0.6983690476190476,0.15316301945778832
item_H1031,0.0,0.0,10,0.0,0.0,0.6983690476190476,0.15316301945778832
item_H1032,0.0,0.0,10,0.0,0.0,0.6983690476190476,0.15316301945778832
item_H1033,0.0,0.0,10,0.0,0.0,0.6983690476190476,0.15316301945778832
item_H10413,0.0,0.0,10,0.0,0.0,0.6983690476190476,0.15316301945778832
item_H1045,0.0,0.0,10,0.0,0.0,0.6983690476190476,0.15316301945778832
item_H1089,0.0,0.0,10,0.0,0.0,0.6983690476190476,0.15316301945778832
item_H109,0.0,0.0,10,0.0,0.0,0.6983690476190476,0.15316301945778832
item_H11153,0.0,0.0,10,0.0,0.0,0.6983690476190476,0.15316301945778832
item_H1132,0.0,0.0,10,0.0,0.0,0.6983690476190476,0.15316301945778832
item_H0002,0.0,0.0,10,0.0,0.0,0.6983690476190476,0.15316301945778832
item_H00024,0.0,0.0,10,0.0,0.0,0.6983690476190476,0.15316301945778832
item_00851,0.0,0.0,10,0.0,0.0,0.6983690476190476,0.15316301945778832
item_H2014,0.0,0.0,10,0.0,0.0,0.6983690476190476,0.15316301945778832
item_H2017,0.0,0.0,10,0.0,0.0,0.6983690476190476,0.15316301945778832
item_H2019,0.0,0.0,10,0.0,0.0,0.6983690476190476,0.15316301945778832
item_00860,0.0,0.0,10,0.0,0.0,0.6983690476190476,0.15316301945778832
item_H2024,0.0,0.0,10,0.0,0.0,0.6983690476190476,0.15316301945778832
item_00873,0.0,0.0,10,0.0,0.0,0.6983690476190476,0.15316301945778832
item_H209,0.0,0.0,10,0.0,0.0,0.6983690476190476,0.15316301945778832
item_H2513,0.0,0.0,10,0.0,0.0,0.6983690476190476,0.15316301945778832
item_H35413,0.0,0.0,10,0.0,0.0,0.6983690476190476,0.15316301945778832
item_H40003,0.0,0.0,10,0.0,0.0,0.6983690476190476,0.15316301945778832
item_H40013,0.0,0.0,10,0.0,0.0,0.6983690476190476,0.15316301945778832
item_H40023,0.0,0.0,10,0.0,0.0,0.6983690476190476,0.15316301945778832
item_H40053,0.0,0.0,10,0.0,0.0,0.6983690476190476,0.15316301945778832
item_H01009,0.0,0.0,10,0.0,0.0,0.6983690476190476,0.15316301945778832
item_H04123,0.0,0.0,10,0.0,0.0,0.6983690476190476,0.15316301945778832
item_H04129,0.0,0.0,10,0.0,0.0,0.6983690476190476,0.15316301945778832
item_H4710,0.0,0.0,10,0.0,0.0,0.6983690476190476,0.15316301945778832
item_H5203,0.0,0.0,10,0.0,0.0,0.6983690476190476,0.15316301945778832
item_H5210,0.0,0.0,10,0.0,0.0,0.6983690476190476,0.15316301945778832
item_H5211,0.0,0.0,10,0.0,0.0,0.6983690476190476,0.15316301945778832
item_H5213,0.0,0.0,10,0.0,0.0,0.6983690476190476,0.15316301945778832
item_H52203,0.0,0.0,10,0.0,0.0,0.6983690476190476,0.15316301945778832
item_H52223,0.0,0.0,10,0.0,0.0,0.6983690476190476,0.15316301945778832
item_H524,0.0,0.0,10,0.0,0.0,0.6983690476190476,0.15316301945778832
item_00902,0.0,0.0,10,0.0,0.0,0.6983690476190476,0.15316301945778832
item_H532,0.0,0.0,10,0.0,0.0,0.6983690476190476,0.15316301945778832
item_H538,0.0,0.0,10,0.0,0.0,0.6983690476190476,0.15316301945778832
item_H539,0.0,0.0,10,0.0,0.0,0.6983690476190476,0.15316301945778832
item_H547,0.0,0.0,10,0.0,0.0,0.6983690476190476,0.15316301945778832
item_H16143,0.0,0.0,10,0.0,0.0,0.6983690476190476,0.15316301945778832
item_H16223,0.0,0.0,10,0.0,0.0,0.6983690476190476,0.15316301945778832
item_H2000,0.0,0.0,10,0.0,0.0,0.6983690476190476,0.15316301945778832
item_H5713,0.0,0.0,10,0.0,0.0,0.6983690476190476,0.15316301945778832
item_H578,0.0,0.0,10,0.0,0.0,0.6983690476190476,0.15316301945778832
item_H60391,0.0,0.0,10,0.0,0.0,0.6983690476190476,0.15316301945778832
item_H60392,0.0,0.0,10,0.0,0.0,0.6983690476190476,0.15316301945778832
item_H60501,0.0,0.0,10,0.0,0.0,0.6983690476190476,0.15316301945778832
item_H60502,0.0,0.0,10,0.0,0.0,0.6983690476190476,0.15316301945778832
item_H6090,0.0,0.0,10,0.0,0.0,0.6983690476190476,0.15316301945778832
item_H6091,0.0,0.0,10,0.0,0.0,0.6983690476190476,0.15316301945778832
item_H6092,0.0,0.0,10,0.0,0.0,0.6983690476190476,0.15316301945778832
item_H6120,0.0,0.0,10,0.0,0.0,0.6983690476190476,0.15316301945778832
item_H6121,0.0,0.0,10,0.0,0.0,0.6983690476190476,0.15316301945778832
item_H6122,0.0,0.0,10,0.0,0.0,0.6983690476190476,0.15316301945778832
item_H6123,0.0,0.0,10,0.0,0.0,0.6983690476190476,0.15316301945778832
item_H6501,0.0,0.0,10,0.0,0.0,0.6983690476190476,0.15316301945778832
item_H43393,0.0,0.0,10,0.0,0.0,0.6983690476190476,0.15316301945778832
item_H43813,0.0,0.0,10,0.0,0.0,0.6983690476190476,0.15316301945778832
item_H6591,0.0,0.0,10,0.0,0.0,0.6983690476190476,0.15316301945778832
item_H6592,0.0,0.0,10,0.0,0.0,0.6983690476190476,0.15316301945778832
item_H6593,0.0,0.0,10,0.0,0.0,0.6983690476190476,0.15316301945778832
item_H66001,0.0,0.0,10,0.0,0.0,0.6983690476190476,0.15316301945778832
item_H66002,0.0,0.0,10,0.0,0.0,0.6983690476190476,0.15316301945778832
item_H66003,0.0,0.0,10,0.0,0.0,0.6983690476190476,0.15316301945778832
item_H6690,0.0,0.0,10,0.0,0.0,0.6983690476190476,0.15316301945778832
item_00910,0.0,0.0,10,0.0,0.0,0.6983690476190476,0.15316301945778832
item_H6692,0.0,0.0,10,0.0,0.0,0.6983690476190476,0.15316301945778832
item_H6693,0.0,0.0,10,0.0,0.0,0.6983690476190476,0.15316301945778832
item_H6980,0.0,0.0,10,0.0,0.0,0.6983690476190476,0.15316301945778832
item_H6981,0.0,0.0,10,0.0,0.0,0.6983690476190476,0.15316301945778832
item_H6982,0.0,0.0,10,0.0,0.0,0.6983690476190476,0.15316301945778832
item_H6983,0.0,0.0,10,0.0,0.0,0.6983690476190476,0.15316301945778832
item_H5711,0.0,0.0,10,0.0,0.0,0.6983690476190476,0.15316301945778832
item_H5712,0.0,0.0,10,0.0,0.0,0.6983690476190476,0.15316301945778832
item_H8110,0.0,0.0,10,0.0,0.0,0.6983690476190476,0.15316301945778832
item_H8113,0.0,0.0,10,0.0,0.0,0.6983690476190476,0.15316301945778832
item_H903,0.0,0.0,10,0.0,0.0,0.6983690476190476,0.15316301945778832
item_H9042,0.0,0.0,10,0.0,0.0,0.6983690476190476,0.15316301945778832
item_H905,0.0,0.0,10,0.0,0.0,0.6983690476190476,0.15316301945778832
item_H9190,0.0,0.0,10,0.0,0.0,0.6983690476190476,0.15316301945778832
item_H9193,0.0,0.0,10,0.0,0.0,0.6983690476190476,0.15316301945778832
item_H9201,0.0,0.0,10,0.0,0.0,0.6983690476190476,0.15316301945778832
item_H9202,0.0,0.0,10,0.0,0.0,0.6983690476190476,0.15316301945778832
item_H9203,0.0,0.0,10,0.0,0.0,0.6983690476190476,0.15316301945778832
item_H9209,0.0,0.0,10,0.0,0.0,0.6983690476190476,0.15316301945778832
item_H9311,0.0,0.0,10,0.0,0.0,0.6983690476190476,0.15316301945778832
item_H9312,0.0,0.0,10,0.0,0.0,0.6983690476190476,0.15316301945778832
item_H9313,0.0,0.0,10,0.0,0.0,0.6983690476190476,0.15316301945778832
item_H6502,0.0,0.0,10,0.0,0.0,0.6983690476190476,0.15316301945778832
item_H6503,0.0,0.0,10,0.0,0.0,0.6983690476190476,0.15316301945778832
item_H93293,0.0,0.0,10,0.0,0.0,0.6983690476190476,0.15316301945778832
item_H938X3,0.0,0.0,10,0.0,0.0,0.6983690476190476,0.15316301945778832
item_HALOBETASOL PROPIONATE,0.0,0.0,10,0.0,0.0,0.6983690476190476,0.15316301945778832
item_HALOPERIDOL DECANOATE,0.0,0.0,10,0.0,0.0,0.6983690476190476,0.15316301945778832
item_HARVONI,0.0,0.0,10,0.0,0.0,0.6983690476190476,0.15316301945778832
item_HAVRIX,0.0,0.0,10,0.0,0.0,0.6983690476190476,0.15316301945778832
item_HEATHER,0.0,0.0,10,0.0,0.0,0.6983690476190476,0.15316301945778832
item_HEPARIN SODIUM,0.0,0.0,10,0.0,0.0,0.6983690476190476,0.15316301945778832
item_HIBICLENS,0.0,0.0,10,0.0,0.0,0.6983690476190476,0.15316301945778832
item_00918,0.0,0.0,10,0.0,0.0,0.6983690476190476,0.15316301945778832
item_HUMALOG KWIKPEN,0.0,0.0,10,0.0,0.0,0.6983690476190476,0.15316301945778832
item_HUMIRA,0.0,0.0,10,0.0,0.0,0.6983690476190476,0.15316301945778832
item_00920,0.0,0.0,10,0.0,0.0,0.6983690476190476,0.15316301945778832
item_HUMULIN N,0.0,0.0,10,0.0,0.0,0.6983690476190476,0.15316301945778832
item_H6991,0.0,0.0,10,0.0,0.0,0.6983690476190476,0.15316301945778832
item_H6993,0.0,0.0,10,0.0,0.0,0.6983690476190476,0.15316301945778832
item_I120,0.0,0.0,10,0.0,0.0,0.6983690476190476,0.15316301945778832
item_HUMULIN R,0.0,0.0,10,0.0,0.0,0.6983690476190476,0.15316301945778832
item_HYALURONIC ACID,0.0,0.0,10,0.0,0.0,0.6983690476190476,0.15316301945778832
item_HYDRALAZINE HCL,0.0,0.0,10,0.0,0.0,0.6983690476190476,0.15316301945778832
item_HYDRALAZINE HYDROCHLORIDE,0.0,0.0,10,0.0,0.0,0.6983690476190476,0.15316301945778832
item_00921,0.0,0.0,10,0.0,0.0,0.6983690476190476,0.15316301945778832
item_HYDROCODONE BITARTRATE/HO,0.0,0.0,10,0.0,0.0,0.6983690476190476,0.15316301945778832
item_10D00,0.0,0.0,10,0.0,0.0,0.6983690476190476,0.15316301945778832
item_HYDROCODONE/HOMATROPINE,0.0,0.0,10,0.0,0.0,0.6983690476190476,0.15316301945778832
item_HYDROCODONE/IBUPROFEN,0.0,0.0,10,0.0,0.0,0.6983690476190476,0.15316301945778832
item_HYDROCORTISONE,0.0,0.0,10,0.0,0.0,0.6983690476190476,0.15316301945778832
item_HYDROCORTISONE ACETATE,0.0,0.0,10,0.0,0.0,0.6983690476190476,0.15316301945778832
item_HYDROCORTISONE ACETATE/PR,0.0,0.0,10,0.0,0.0,0.6983690476190476,0.15316301945778832
item_HYDROCORTISONE VALERATE,0.0,0.0,10,0.0,0.0,0.6983690476190476,0.15316301945778832
item_HYDROCORTISONE/ACETIC ACI,0.0,0.0,10,0.0,0.0,0.6983690476190476,0.15316301945778832
item_H9319,0.0,0.0,10,0.0,0.0,0.6983690476190476,0.15316301945778832
item_Z020,0.0,0.0,10,0.0,0.0,0.6983690476190476,0.15316301945778832
item_Z021,0.0,0.0,10,0.0,0.0,0.6983690476190476,0.15316301945778832
item_HYDROMET,0.0,0.0,10,0.0,0.0,0.6983690476190476,0.15316301945778832
item_HYDROMORPHONE HCL,0.0,0.0,10,0.0,0.0,0.6983690476190476,0.15316301945778832
item_HYDROQUINONE,0.0,0.0,10,0.0,0.0,0.6983690476190476,0.15316301945778832
item_HYDROXYCHLOROQUINE SULFAT,0.0,0.0,10,0.0,0.0,0.6983690476190476,0.15316301945778832
item_HYDROXYUREA,0.0,0.0,10,0.0,0.0,0.6983690476190476,0.15316301945778832
item_10E0X,0.0,0.0,10,0.0,0.0,0.6983690476190476,0.15316301945778832
item_11042,0.0,0.0,10,0.0,0.0,0.6983690476190476,0.15316301945778832
item_00952,0.0,0.0,10,0.0,0.0,0.6983690476190476,0.15316301945778832
item_HYOSCYAMINE SULFATE,0.0,0.0,10,0.0,0.0,0.6983690476190476,0.15316301945778832
item_HYOSCYAMINE SULFATE ER,0.0,0.0,10,0.0,0.0,0.6983690476190476,0.15316301945778832
item_I071,0.0,0.0,10,0.0,0.0,0.6983690476190476,0.15316301945778832
item_01214,0.0,0.0,10,0.0,0.0,0.6983690476190476,0.15316301945778832
item_I110,0.0,0.0,10,0.0,0.0,0.6983690476190476,0.15316301945778832
item_I119,0.0,0.0,10,0.0,0.0,0.6983690476190476,0.15316301945778832
item_I38,0.0,0.0,10,0.0,0.0,0.6983690476190476,0.15316301945778832
item_I420,0.0,0.0,10,0.0,0.0,0.6983690476190476,0.15316301945778832
item_I428,0.0,0.0,10,0.0,0.0,0.6983690476190476,0.15316301945778832
item_Z00110,0.0,0.0,10,0.0,0.0,0.6983690476190476,0.15316301945778832
item_Z00111,0.0,0.0,10,0.0,0.0,0.6983690476190476,0.15316301945778832
item_Z008,0.0,0.0,10,0.0,0.0,0.6983690476190476,0.15316301945778832
item_Z0100,0.0,0.0,10,0.0,0.0,0.6983690476190476,0.15316301945778832
item_Z0110,0.0,0.0,10,0.0,0.0,0.6983690476190476,0.15316301945778832
item_Z0130,0.0,0.0,10,0.0,0.0,0.6983690476190476,0.15316301945778832
item_Z01411,0.0,0.0,10,0.0,0.0,0.6983690476190476,0.15316301945778832
item_01392,0.0,0.0,10,0.0,0.0,0.6983690476190476,0.15316301945778832
item_Z01810,0.0,0.0,10,0.0,0.0,0.6983690476190476,0.15316301945778832
item_Z01811,0.0,0.0,10,0.0,0.0,0.6983690476190476,0.15316301945778832
item_Z01812,0.0,0.0,10,0.0,0.0,0.6983690476190476,0.15316301945778832
item_Z0184,0.0,0.0,10,0.0,0.0,0.6983690476190476,0.15316301945778832
item_Z0189,0.0,0.0,10,0.0,0.0,0.6983690476190476,0.15316301945778832
item_I499,0.0,0.0,10,0.0,0.0,0.6983690476190476,0.15316301945778832
item_I5021,0.0,0.0,10,0.0,0.0,0.6983690476190476,0.15316301945778832
item_I5022,0.0,0.0,10,0.0,0.0,0.6983690476190476,0.15316301945778832
item_I129,0.0,0.0,10,0.0,0.0,0.6983690476190476,0.15316301945778832
item_I160,0.0,0.0,10,0.0,0.0,0.6983690476190476,0.15316301945778832
item_I200,0.0,0.0,10,0.0,0.0,0.6983690476190476,0.15316301945778832
item_I209,0.0,0.0,10,0.0,0.0,0.6983690476190476,0.15316301945778832
item_I214,0.0,0.0,10,0.0,0.0,0.6983690476190476,0.15316301945778832
item_I2510,0.0,0.0,10,0.0,0.0,0.6983690476190476,0.15316301945778832
item_I2699,0.0,0.0,10,0.0,0.0,0.6983690476190476,0.15316301945778832
item_I272,0.0,0.0,10,0.0,0.0,0.6983690476190476,0.15316301945778832
item_I313,0.0,0.0,10,0.0,0.0,0.6983690476190476,0.15316301945778832
item_I330,0.0,0.0,10,0.0,0.0,0.6983690476190476,0.15316301945778832
item_I340,0.0,0.0,10,0.0,0.0,0.6983690476190476,0.15316301945778832
item_I351,0.0,0.0,10,0.0,0.0,0.6983690476190476,0.15316301945778832
item_I361,0.0,0.0,10,0.0,0.0,0.6983690476190476,0.15316301945778832
item_I83811,0.0,0.0,10,0.0,0.0,0.6983690476190476,0.15316301945778832
item_I83812,0.0,0.0,10,0.0,0.0,0.6983690476190476,0.15316301945778832
item_I83813,0.0,0.0,10,0.0,0.0,0.6983690476190476,0.15316301945778832
item_I429,0.0,0.0,10,0.0,0.0,0.6983690476190476,0.15316301945778832
item_I440,0.0,0.0,10,0.0,0.0,0.6983690476190476,0.15316301945778832
item_I4510,0.0,0.0,10,0.0,0.0,0.6983690476190476,0.15316301945778832
item_I4581,0.0,0.0,10,0.0,0.0,0.6983690476190476,0.15316301945778832
item_I459,0.0,0.0,10,0.0,0.0,0.6983690476190476,0.15316301945778832
item_I469,0.0,0.0,10,0.0,0.0,0.6983690476190476,0.15316301945778832
item_I471,0.0,0.0,10,0.0,0.0,0.6983690476190476,0.15316301945778832
item_I472,0.0,0.0,10,0.0,0.0,0.6983690476190476,0.15316301945778832
item_01400,0.0,0.0,10,0.0,0.0,0.6983690476190476,0.15316301945778832
item_I4891,0.0,0.0,10,0.0,0.0,0.6983690476190476,0.15316301945778832
item_I491,0.0,0.0,10,0.0,0.0,0.6983690476190476,0.15316301945778832
item_I493,0.0,0.0,10,0.0,0.0,0.6983690476190476,0.15316301945778832
item_I498,0.0,0.0,10,0.0,0.0,0.6983690476190476,0.15316301945778832
item_IMIQUIMOD,0.0,0.0,10,0.0,0.0,0.6983690476190476,0.15316301945778832
item_INCRUSE ELLIPTA,0.0,0.0,10,0.0,0.0,0.6983690476190476,0.15316301945778832
item_INDOMETHACIN,0.0,0.0,10,0.0,0.0,0.6983690476190476,0.15316301945778832
item_INDOMETHACIN ER,0.0,0.0,10,0.0,0.0,0.6983690476190476,0.15316301945778832
item_I5023,0.0,0.0,10,0.0,0.0,0.6983690476190476,0.15316301945778832
item_I509,0.0,0.0,10,0.0,0.0,0.6983690476190476,0.15316301945778832
item_I517,0.0,0.0,10,0.0,0.0,0.6983690476190476,0.15316301945778832
item_I639,0.0,0.0,10,0.0,0.0,0.6983690476190476,0.15316301945778832
item_I6523,0.0,0.0,10,0.0,0.0,0.6983690476190476,0.15316301945778832
item_I700,0.0,0.0,10,0.0,0.0,0.6983690476190476,0.15316301945778832
item_I7300,0.0,0.0,10,0.0,0.0,0.6983690476190476,0.15316301945778832
item_I781,0.0,0.0,10,0.0,0.0,0.6983690476190476,0.15316301945778832
item_I808,0.0,0.0,10,0.0,0.0,0.6983690476190476,0.15316301945778832
item_I82401,0.0,0.0,10,0.0,0.0,0.6983690476190476,0.15316301945778832
item_I82402,0.0,0.0,10,0.0,0.0,0.6983690476190476,0.15316301945778832
item_I82409,0.0,0.0,10,0.0,0.0,0.6983690476190476,0.15316301945778832
item_ISOSORBIDE MONONITRATE ER,0.0,0.0,10,0.0,0.0,0.6983690476190476,0.15316301945778832
item_IVERMECTIN,0.0,0.0,10,0.0,0.0,0.6983690476190476,0.15316301945778832
item_J00,0.0,0.0,10,0.0,0.0,0.6983690476190476,0.15316301945778832
item_J0100,0.0,0.0,10,0.0,0.0,0.6983690476190476,0.15316301945778832
item_J0101,0.0,0.0,10,0.0,0.0,0.6983690476190476,0.15316301945778832
item_I83893,0.0,0.0,10,0.0,0.0,0.6983690476190476,0.15316301945778832
item_I861,0.0,0.0,10,0.0,0.0,0.6983690476190476,0.15316301945778832
item_I872,0.0,0.0,10,0.0,0.0,0.6983690476190476,0.15316301945778832
item_I878,0.0,0.0,10,0.0,0.0,0.6983690476190476,0.15316301945778832
item_I889,0.0,0.0,10,0.0,0.0,0.6983690476190476,0.15316301945778832
item_I890,0.0,0.0,10,0.0,0.0,0.6983690476190476,0.15316301945778832
item_I951,0.0,0.0,10,0.0,0.0,0.6983690476190476,0.15316301945778832
item_I959,0.0,0.0,10,0.0,0.0,0.6983690476190476,0.15316301945778832
item_I96,0.0,0.0,10,0.0,0.0,0.6983690476190476,0.15316301945778832
item_01470,0.0,0.0,10,0.0,0.0,0.6983690476190476,0.15316301945778832
item_IMIPRAMINE HCL,0.0,0.0,10,0.0,0.0,0.6983690476190476,0.15316301945778832
item_01480,0.0,0.0,10,0.0,0.0,0.6983690476190476,0.15316301945778832
item_J028,0.0,0.0,10,0.0,0.0,0.6983690476190476,0.15316301945778832
item_0159T,0.0,0.0,10,0.0,0.0,0.6983690476190476,0.15316301945778832
item_J0295,0.0,0.0,10,0.0,0.0,0.6983690476190476,0.15316301945778832
item_J0300,0.0,0.0,10,0.0,0.0,0.6983690476190476,0.15316301945778832
item_J0330,0.0,0.0,10,0.0,0.0,0.6983690476190476,0.15316301945778832
item_INSULIN SYRINGE/U-100/1ML,0.0,0.0,10,0.0,0.0,0.6983690476190476,0.15316301945778832
item_INTROVALE,0.0,0.0,10,0.0,0.0,0.6983690476190476,0.15316301945778832
item_01630,0.0,0.0,10,0.0,0.0,0.6983690476190476,0.15316301945778832
item_INVEGA TRINZA,0.0,0.0,10,0.0,0.0,0.6983690476190476,0.15316301945778832
item_INVOKANA,0.0,0.0,10,0.0,0.0,0.6983690476190476,0.15316301945778832
item_IPRATROPIUM BROMIDE,0.0,0.0,10,0.0,0.0,0.6983690476190476,0.15316301945778832
item_IRBESARTAN,0.0,0.0,10,0.0,0.0,0.6983690476190476,0.15316301945778832
item_IRON,0.0,0.0,10,0.0,0.0,0.6983690476190476,0.15316301945778832
item_ISOMETHEPTENE/DICHLORALPH,0.0,0.0,10,0.0,0.0,0.6983690476190476,0.15316301945778832
item_ISONIAZID,0.0,0.0,10,0.0,0.0,0.6983690476190476,0.15316301945778832
item_J0585,0.0,0.0,10,0.0,0.0,0.6983690476190476,0.15316301945778832
item_J0595,0.0,0.0,10,0.0,0.0,0.6983690476190476,0.15316301945778832
item_J060,0.0,0.0,10,0.0,0.0,0.6983690476190476,0.15316301945778832
item_J0610,0.0,0.0,10,0.0,0.0,0.6983690476190476,0.15316301945778832
item_01810,0.0,0.0,10,0.0,0.0,0.6983690476190476,0.15316301945778832
item_J0692,0.0,0.0,10,0.0,0.0,0.6983690476190476,0.15316301945778832
item_J0110,0.0,0.0,10,0.0,0.0,0.6983690476190476,0.15316301945778832
item_J0111,0.0,0.0,10,0.0,0.0,0.6983690476190476,0.15316301945778832
item_J0120,0.0,0.0,10,0.0,0.0,0.6983690476190476,0.15316301945778832
item_J0131,0.0,0.0,10,0.0,0.0,0.6983690476190476,0.15316301945778832
item_J0140,0.0,0.0,10,0.0,0.0,0.6983690476190476,0.15316301945778832
item_J0141,0.0,0.0,10,0.0,0.0,0.6983690476190476,0.15316301945778832
item_J0171,0.0,0.0,10,0.0,0.0,0.6983690476190476,0.15316301945778832
item_J0180,0.0,0.0,10,0.0,0.0,0.6983690476190476,0.15316301945778832
item_01830,0.0,0.0,10,0.0,0.0,0.6983690476190476,0.15316301945778832
item_J0191,0.0,0.0,10,0.0,0.0,0.6983690476190476,0.15316301945778832
item_J09X2,0.0,0.0,10,0.0,0.0,0.6983690476190476,0.15316301945778832
item_01844,0.0,0.0,10,0.0,0.0,0.6983690476190476,0.15316301945778832
item_J1020,0.0,0.0,10,0.0,0.0,0.6983690476190476,0.15316301945778832
item_J1030,0.0,0.0,10,0.0,0.0,0.6983690476190476,0.15316301945778832
item_J1050,0.0,0.0,10,0.0,0.0,0.6983690476190476,0.15316301945778832
item_J1071,0.0,0.0,10,0.0,0.0,0.6983690476190476,0.15316301945778832
item_01922,0.0,0.0,10,0.0,0.0,0.6983690476190476,0.15316301945778832
item_01936,0.0,0.0,10,0.0,0.0,0.6983690476190476,0.15316301945778832
item_J0360,0.0,0.0,10,0.0,0.0,0.6983690476190476,0.15316301945778832
item_J040,0.0,0.0,10,0.0,0.0,0.6983690476190476,0.15316301945778832
item_J0456,0.0,0.0,10,0.0,0.0,0.6983690476190476,0.15316301945778832
item_J0500,0.0,0.0,10,0.0,0.0,0.6983690476190476,0.15316301945778832
item_J0561,0.0,0.0,10,0.0,0.0,0.6983690476190476,0.15316301945778832
item_J0571,0.0,0.0,10,0.0,0.0,0.6983690476190476,0.15316301945778832
item_11401,0.0,0.0,10,0.0,0.0,0.6983690476190476,0.15316301945778832
item_11402,0.0,0.0,10,0.0,0.0,0.6983690476190476,0.15316301945778832
item_J1580,0.0,0.0,10,0.0,0.0,0.6983690476190476,0.15316301945778832
item_J159,0.0,0.0,10,0.0,0.0,0.6983690476190476,0.15316301945778832
item_J1610,0.0,0.0,10,0.0,0.0,0.6983690476190476,0.15316301945778832
item_11403,0.0,0.0,10,0.0,0.0,0.6983690476190476,0.15316301945778832
item_J1642,0.0,0.0,10,0.0,0.0,0.6983690476190476,0.15316301945778832
item_J1644,0.0,0.0,10,0.0,0.0,0.6983690476190476,0.15316301945778832
item_11406,0.0,0.0,10,0.0,0.0,0.6983690476190476,0.15316301945778832
item_J168,0.0,0.0,10,0.0,0.0,0.6983690476190476,0.15316301945778832
item_J1720,0.0,0.0,10,0.0,0.0,0.6983690476190476,0.15316301945778832
item_J1745,0.0,0.0,10,0.0,0.0,0.6983690476190476,0.15316301945778832
item_J0694,0.0,0.0,10,0.0,0.0,0.6983690476190476,0.15316301945778832
item_01968,0.0,0.0,10,0.0,0.0,0.6983690476190476,0.15316301945778832
item_J0702,0.0,0.0,10,0.0,0.0,0.6983690476190476,0.15316301945778832
item_J0744,0.0,0.0,10,0.0,0.0,0.6983690476190476,0.15316301945778832
item_J0780,0.0,0.0,10,0.0,0.0,0.6983690476190476,0.15316301945778832
item_J0887,0.0,0.0,10,0.0,0.0,0.6983690476190476,0.15316301945778832
item_J1815,0.0,0.0,10,0.0,0.0,0.6983690476190476,0.15316301945778832
item_J188,0.0,0.0,10,0.0,0.0,0.6983690476190476,0.15316301945778832
item_01992,0.0,0.0,10,0.0,0.0,0.6983690476190476,0.15316301945778832
item_J1953,0.0,0.0,10,0.0,0.0,0.6983690476190476,0.15316301945778832
item_J1956,0.0,0.0,10,0.0,0.0,0.6983690476190476,0.15316301945778832
item_J2001,0.0,0.0,10,0.0,0.0,0.6983690476190476,0.15316301945778832
item_01996,0.0,0.0,10,0.0,0.0,0.6983690476190476,0.15316301945778832
item_J208,0.0,0.0,10,0.0,0.0,0.6983690476190476,0.15316301945778832
item_0340,0.0,0.0,10,0.0,0.0,0.6983690476190476,0.15316301945778832
item_J2175,0.0,0.0,10,0.0,0.0,0.6983690476190476,0.15316301945778832
item_J1189,0.0,0.0,10,0.0,0.0,0.6983690476190476,0.15316301945778832
item_0346T,0.0,0.0,10,0.0,0.0,0.6983690476190476,0.15316301945778832
item_J1270,0.0,0.0,10,0.0,0.0,0.6983690476190476,0.15316301945778832
item_J1335,0.0,0.0,10,0.0,0.0,0.6983690476190476,0.15316301945778832
item_J1439,0.0,0.0,10,0.0,0.0,0.6983690476190476,0.15316301945778832
item_J1453,0.0,0.0,10,0.0,0.0,0.6983690476190476,0.15316301945778832
item_10022,0.0,0.0,10,0.0,0.0,0.6983690476190476,0.15316301945778832
item_J2274,0.0,0.0,10,0.0,0.0,0.6983690476190476,0.15316301945778832
item_J2300,0.0,0.0,10,0.0,0.0,0.6983690476190476,0.15316301945778832
item_10040,0.0,0.0,10,0.0,0.0,0.6983690476190476,0.15316301945778832
item_J2357,0.0,0.0,10,0.0,0.0,0.6983690476190476,0.15316301945778832
item_10120,0.0,0.0,10,0.0,0.0,0.6983690476190476,0.15316301945778832
item_J2370,0.0,0.0,10,0.0,0.0,0.6983690476190476,0.15316301945778832
item_10140,0.0,0.0,10,0.0,0.0,0.6983690476190476,0.15316301945778832
item_J2469,0.0,0.0,10,0.0,0.0,0.6983690476190476,0.15316301945778832
item_J2505,0.0,0.0,10,0.0,0.0,0.6983690476190476,0.15316301945778832
item_J2543,0.0,0.0,10,0.0,0.0,0.6983690476190476,0.15316301945778832
item_J2550,0.0,0.0,10,0.0,0.0,0.6983690476190476,0.15316301945778832
item_J1750,0.0,0.0,10,0.0,0.0,0.6983690476190476,0.15316301945778832
item_J1756,0.0,0.0,10,0.0,0.0,0.6983690476190476,0.15316301945778832
item_J180,0.0,0.0,10,0.0,0.0,0.6983690476190476,0.15316301945778832
item_J181,0.0,0.0,10,0.0,0.0,0.6983690476190476,0.15316301945778832
item_J2710,0.0,0.0,10,0.0,0.0,0.6983690476190476,0.15316301945778832
item_J2765,0.0,0.0,10,0.0,0.0,0.6983690476190476,0.15316301945778832
item_J2780,0.0,0.0,10,0.0,0.0,0.6983690476190476,0.15316301945778832
item_J2785,0.0,0.0,10,0.0,0.0,0.6983690476190476,0.15316301945778832
item_J2790,0.0,0.0,10,0.0,0.0,0.6983690476190476,0.15316301945778832
item_J2791,0.0,0.0,10,0.0,0.0,0.6983690476190476,0.15316301945778832
item_10160,0.0,0.0,10,0.0,0.0,0.6983690476190476,0.15316301945778832
item_J2800,0.0,0.0,10,0.0,0.0,0.6983690476190476,0.15316301945778832
item_J2805,0.0,0.0,10,0.0,0.0,0.6983690476190476,0.15316301945778832
item_J2920,0.0,0.0,10,0.0,0.0,0.6983690476190476,0.15316301945778832
item_J2930,0.0,0.0,10,0.0,0.0,0.6983690476190476,0.15316301945778832
item_J2997,0.0,0.0,10,0.0,0.0,0.6983690476190476,0.15316301945778832
item_11981,0.0,0.0,10,0.0,0.0,0.6983690476190476,0.15316301945778832
item_J2185,0.0,0.0,10,0.0,0.0,0.6983690476190476,0.15316301945778832
item_J22,0.0,0.0,10,0.0,0.0,0.6983690476190476,0.15316301945778832
item_11982,0.0,0.0,10,0.0,0.0,0.6983690476190476,0.15316301945778832
item_11983,0.0,0.0,10,0.0,0.0,0.6983690476190476,0.15316301945778832
item_J3030,0.0,0.0,10,0.0,0.0,0.6983690476190476,0.15316301945778832
item_J3081,0.0,0.0,10,0.0,0.0,0.6983690476190476,0.15316301945778832
item_J3089,0.0,0.0,10,0.0,0.0,0.6983690476190476,0.15316301945778832
item_J309,0.0,0.0,10,0.0,0.0,0.6983690476190476,0.15316301945778832
item_J310,0.0,0.0,10,0.0,0.0,0.6983690476190476,0.15316301945778832
item_J3105,0.0,0.0,10,0.0,0.0,0.6983690476190476,0.15316301945778832
item_J320,0.0,0.0,10,0.0,0.0,0.6983690476190476,0.15316301945778832
item_J321,0.0,0.0,10,0.0,0.0,0.6983690476190476,0.15316301945778832
item_J322,0.0,0.0,10,0.0,0.0,0.6983690476190476,0.15316301945778832
item_J324,0.0,0.0,10,0.0,0.0,0.6983690476190476,0.15316301945778832
item_J328,0.0,0.0,10,0.0,0.0,0.6983690476190476,0.15316301945778832
item_J329,0.0,0.0,10,0.0,0.0,0.6983690476190476,0.15316301945778832
item_J3360,0.0,0.0,10,0.0,0.0,0.6983690476190476,0.15316301945778832
item_J2590,0.0,0.0,10,0.0,0.0,0.6983690476190476,0.15316301945778832
item_12002,0.0,0.0,10,0.0,0.0,0.6983690476190476,0.15316301945778832
item_11043,0.0,0.0,10,0.0,0.0,0.6983690476190476,0.15316301945778832
item_Z0001,0.0,0.0,10,0.0,0.0,0.6983690476190476,0.15316301945778832
item_J340,0.0,0.0,10,0.0,0.0,0.6983690476190476,0.15316301945778832
item_J3411,0.0,0.0,10,0.0,0.0,0.6983690476190476,0.15316301945778832
item_J342,0.0,0.0,10,0.0,0.0,0.6983690476190476,0.15316301945778832
item_J3420,0.0,0.0,10,0.0,0.0,0.6983690476190476,0.15316301945778832
item_J343,0.0,0.0,10,0.0,0.0,0.6983690476190476,0.15316301945778832
item_J3475,0.0,0.0,10,0.0,0.0,0.6983690476190476,0.15316301945778832
item_J3480,0.0,0.0,10,0.0,0.0,0.6983690476190476,0.15316301945778832
item_J3486,0.0,0.0,10,0.0,0.0,0.6983690476190476,0.15316301945778832
item_J3489,0.0,0.0,10,0.0,0.0,0.6983690476190476,0.15316301945778832
item_J3501,0.0,0.0,10,0.0,0.0,0.6983690476190476,0.15316301945778832
item_J351,0.0,0.0,10,0.0,0.0,0.6983690476190476,0.15316301945778832
item_J3535,0.0,0.0,10,0.0,0.0,0.6983690476190476,0.15316301945778832
item_J358,0.0,0.0,10,0.0,0.0,0.6983690476190476,0.15316301945778832
item_J36,0.0,0.0,10,0.0,0.0,0.6983690476190476,0.15316301945778832
item_J4550,0.0,0.0,10,0.0,0.0,0.6983690476190476,0.15316301945778832
item_J4551,0.0,0.0,10,0.0,0.0,0.6983690476190476,0.15316301945778832
item_11044,0.0,0.0,10,0.0,0.0,0.6983690476190476,0.15316301945778832
item_11055,0.0,0.0,10,0.0,0.0,0.6983690476190476,0.15316301945778832
item_VRAYLAR,0.0,0.0,10,0.0,0.0,0.6983690476190476,0.15316301945778832
item_WARFARIN SODIUM,0.0,0.0,10,0.0,0.0,0.6983690476190476,0.15316301945778832
item_11056,0.0,0.0,10,0.0,0.0,0.6983690476190476,0.15316301945778832
item_XARELTO STARTER PACK,0.0,0.0,10,0.0,0.0,0.6983690476190476,0.15316301945778832
item_XIFAXAN,0.0,0.0,10,0.0,0.0,0.6983690476190476,0.15316301945778832
item_XIIDRA,0.0,0.0,10,0.0,0.0,0.6983690476190476,0.15316301945778832
item_XOLAIR,0.0,0.0,10,0.0,0.0,0.6983690476190476,0.15316301945778832
item_XOPENEX HFA,0.0,0.0,10,0.0,0.0,0.6983690476190476,0.15316301945778832
item_XTAMPZA ER,0.0,0.0,10,0.0,0.0,0.6983690476190476,0.15316301945778832
item_XULANE,0.0,0.0,10,0.0,0.0,0.6983690476190476,0.15316301945778832
item_YASMIN 28,0.0,0.0,10,0.0,0.0,0.6983690476190476,0.15316301945778832
item_YAZ,0.0,0.0,10,0.0,0.0,0.6983690476190476,0.15316301945778832
item_J7296,0.0,0.0,10,0.0,0.0,0.6983690476190476,0.15316301945778832
item_J7297,0.0,0.0,10,0.0,0.0,0.6983690476190476,0.15316301945778832
item_J7298,0.0,0.0,10,0.0,0.0,0.6983690476190476,0.15316301945778832
item_J7300,0.0,0.0,10,0.0,0.0,0.6983690476190476,0.15316301945778832
item_J7301,0.0,0.0,10,0.0,0.0,0.6983690476190476,0.15316301945778832
item_J410,0.0,0.0,10,0.0,0.0,0.6983690476190476,0.15316301945778832
item_J42,0.0,0.0,10,0.0,0.0,0.6983690476190476,0.15316301945778832
item_J439,0.0,0.0,10,0.0,0.0,0.6983690476190476,0.15316301945778832
item_J440,0.0,0.0,10,0.0,0.0,0.6983690476190476,0.15316301945778832
item_11100,0.0,0.0,10,0.0,0.0,0.6983690476190476,0.15316301945778832
item_J4520,0.0,0.0,10,0.0,0.0,0.6983690476190476,0.15316301945778832
item_11101,0.0,0.0,10,0.0,0.0,0.6983690476190476,0.15316301945778832
item_J4530,0.0,0.0,10,0.0,0.0,0.6983690476190476,0.15316301945778832
item_J4531,0.0,0.0,10,0.0,0.0,0.6983690476190476,0.15316301945778832
item_J4540,0.0,0.0,10,0.0,0.0,0.6983690476190476,0.15316301945778832
item_J4541,0.0,0.0,10,0.0,0.0,0.6983690476190476,0.15316301945778832
item_J7999,0.0,0.0,10,0.0,0.0,0.6983690476190476,0.15316301945778832
item_J80,0.0,0.0,10,0.0,0.0,0.6983690476190476,0.15316301945778832
item_J811,0.0,0.0,10,0.0,0.0,0.6983690476190476,0.15316301945778832
item_J8410,0.0,0.0,10,0.0,0.0,0.6983690476190476,0.15316301945778832
item_J849,0.0,0.0,10,0.0,0.0,0.6983690476190476,0.15316301945778832
item_J8499,0.0,0.0,10,0.0,0.0,0.6983690476190476,0.15316301945778832
item_J8540,0.0,0.0,10,0.0,0.0,0.6983690476190476,0.15316301945778832
item_J45990,0.0,0.0,10,0.0,0.0,0.6983690476190476,0.15316301945778832
item_J45991,0.0,0.0,10,0.0,0.0,0.6983690476190476,0.15316301945778832
item_J45998,0.0,0.0,10,0.0,0.0,0.6983690476190476,0.15316301945778832
item_J690,0.0,0.0,10,0.0,0.0,0.6983690476190476,0.15316301945778832
item_11200,0.0,0.0,10,0.0,0.0,0.6983690476190476,0.15316301945778832
item_J7040,0.0,0.0,10,0.0,0.0,0.6983690476190476,0.15316301945778832
item_J7042,0.0,0.0,10,0.0,0.0,0.6983690476190476,0.15316301945778832
item_J7060,0.0,0.0,10,0.0,0.0,0.6983690476190476,0.15316301945778832
item_J7121,0.0,0.0,10,0.0,0.0,0.6983690476190476,0.15316301945778832
item_J9601,0.0,0.0,10,0.0,0.0,0.6983690476190476,0.15316301945778832
item_J9602,0.0,0.0,10,0.0,0.0,0.6983690476190476,0.15316301945778832
item_J9621,0.0,0.0,10,0.0,0.0,0.6983690476190476,0.15316301945778832
item_J9690,0.0,0.0,10,0.0,0.0,0.6983690476190476,0.15316301945778832
item_J9801,0.0,0.0,10,0.0,0.0,0.6983690476190476,0.15316301945778832
item_J984,0.0,0.0,10,0.0,0.0,0.6983690476190476,0.15316301945778832
item_J988,0.0,0.0,10,0.0,0.0,0.6983690476190476,0.15316301945778832
item_J989,0.0,0.0,10,0.0,0.0,0.6983690476190476,0.15316301945778832
item_J7307,0.0,0.0,10,0.0,0.0,0.6983690476190476,0.15316301945778832
item_J7325,0.0,0.0,10,0.0,0.0,0.6983690476190476,0.15316301945778832
item_J7507,0.0,0.0,10,0.0,0.0,0.6983690476190476,0.15316301945778832
item_1121,0.0,0.0,10,0.0,0.0,0.6983690476190476,0.15316301945778832
item_J7517,0.0,0.0,10,0.0,0.0,0.6983690476190476,0.15316301945778832
item_J7611,0.0,0.0,10,0.0,0.0,0.6983690476190476,0.15316301945778832
item_J7620,0.0,0.0,10,0.0,0.0,0.6983690476190476,0.15316301945778832
item_J7644,0.0,0.0,10,0.0,0.0,0.6983690476190476,0.15316301945778832
item_JUBLIA,0.0,0.0,10,0.0,0.0,0.6983690476190476,0.15316301945778832
item_JUNEL 1.5/30,0.0,0.0,10,0.0,0.0,0.6983690476190476,0.15316301945778832
item_11300,0.0,0.0,10,0.0,0.0,0.6983690476190476,0.15316301945778832
item_11301,0.0,0.0,10,0.0,0.0,0.6983690476190476,0.15316301945778832
item_11305,0.0,0.0,10,0.0,0.0,0.6983690476190476,0.15316301945778832
item_JUNEL FE 24,0.0,0.0,10,0.0,0.0,0.6983690476190476,0.15316301945778832
item_K011,0.0,0.0,10,0.0,0.0,0.6983690476190476,0.15316301945778832
item_K0381,0.0,0.0,10,0.0,0.0,0.6983690476190476,0.15316301945778832
item_11400,0.0,0.0,10,0.0,0.0,0.6983690476190476,0.15316301945778832
item_J8597,0.0,0.0,10,0.0,0.0,0.6983690476190476,0.15316301945778832
item_J90,0.0,0.0,10,0.0,0.0,0.6983690476190476,0.15316301945778832
item_J9035,0.0,0.0,10,0.0,0.0,0.6983690476190476,0.15316301945778832
item_J9370,0.0,0.0,10,0.0,0.0,0.6983690476190476,0.15316301945778832
item_J9383,0.0,0.0,10,0.0,0.0,0.6983690476190476,0.15316301945778832
item_J939,0.0,0.0,10,0.0,0.0,0.6983690476190476,0.15316301945778832
item_J9600,0.0,0.0,10,0.0,0.0,0.6983690476190476,0.15316301945778832
item_K121,0.0,0.0,10,0.0,0.0,0.6983690476190476,0.15316301945778832
item_K122,0.0,0.0,10,0.0,0.0,0.6983690476190476,0.15316301945778832
item_K130,0.0,0.0,10,0.0,0.0,0.6983690476190476,0.15316301945778832
item_K1370,0.0,0.0,10,0.0,0.0,0.6983690476190476,0.15316301945778832
item_K1379,0.0,0.0,10,0.0,0.0,0.6983690476190476,0.15316301945778832
item_K200,0.0,0.0,10,0.0,0.0,0.6983690476190476,0.15316301945778832
item_K208,0.0,0.0,10,0.0,0.0,0.6983690476190476,0.15316301945778832
item_K209,0.0,0.0,10,0.0,0.0,0.6983690476190476,0.15316301945778832
item_K210,0.0,0.0,10,0.0,0.0,0.6983690476190476,0.15316301945778832
item_K219,0.0,0.0,10,0.0,0.0,0.6983690476190476,0.15316301945778832
item_JANUMET,0.0,0.0,10,0.0,0.0,0.6983690476190476,0.15316301945778832
item_JANUMET XR,0.0,0.0,10,0.0,0.0,0.6983690476190476,0.15316301945778832
item_JANUVIA,0.0,0.0,10,0.0,0.0,0.6983690476190476,0.15316301945778832
item_JARDIANCE,0.0,0.0,10,0.0,0.0,0.6983690476190476,0.15316301945778832
item_JOLESSA,0.0,0.0,10,0.0,0.0,0.6983690476190476,0.15316301945778832
item_JOLIVETTE,0.0,0.0,10,0.0,0.0,0.6983690476190476,0.15316301945778832
item_K2900,0.0,0.0,10,0.0,0.0,0.6983690476190476,0.15316301945778832
item_K2930,0.0,0.0,10,0.0,0.0,0.6983690476190476,0.15316301945778832
item_K2950,0.0,0.0,10,0.0,0.0,0.6983690476190476,0.15316301945778832
item_K2960,0.0,0.0,10,0.0,0.0,0.6983690476190476,0.15316301945778832
item_K2970,0.0,0.0,10,0.0,0.0,0.6983690476190476,0.15316301945778832
item_K2980,0.0,0.0,10,0.0,0.0,0.6983690476190476,0.15316301945778832
item_K30,0.0,0.0,10,0.0,0.0,0.6983690476190476,0.15316301945778832
item_K317,0.0,0.0,10,0.0,0.0,0.6983690476190476,0.15316301945778832
item_K3184,0.0,0.0,10,0.0,0.0,0.6983690476190476,0.15316301945778832
item_K3189,0.0,0.0,10,0.0,0.0,0.6983690476190476,0.15316301945778832
item_K319,0.0,0.0,10,0.0,0.0,0.6983690476190476,0.15316301945778832
item_K0510,0.0,0.0,10,0.0,0.0,0.6983690476190476,0.15316301945778832
item_K088,0.0,0.0,10,0.0,0.0,0.6983690476190476,0.15316301945778832
item_K089,0.0,0.0,10,0.0,0.0,0.6983690476190476,0.15316301945778832
item_K1120,0.0,0.0,10,0.0,0.0,0.6983690476190476,0.15316301945778832
item_K120,0.0,0.0,10,0.0,0.0,0.6983690476190476,0.15316301945778832
item_K429,0.0,0.0,10,0.0,0.0,0.6983690476190476,0.15316301945778832
item_K432,0.0,0.0,10,0.0,0.0,0.6983690476190476,0.15316301945778832
item_K439,0.0,0.0,10,0.0,0.0,0.6983690476190476,0.15316301945778832
item_K449,0.0,0.0,10,0.0,0.0,0.6983690476190476,0.15316301945778832
item_K469,0.0,0.0,10,0.0,0.0,0.6983690476190476,0.15316301945778832
item_K5000,0.0,0.0,10,0.0,0.0,0.6983690476190476,0.15316301945778832
item_K5010,0.0,0.0,10,0.0,0.0,0.6983690476190476,0.15316301945778832
item_K5080,0.0,0.0,10,0.0,0.0,0.6983690476190476,0.15316301945778832
item_K5090,0.0,0.0,10,0.0,0.0,0.6983690476190476,0.15316301945778832
item_K50919,0.0,0.0,10,0.0,0.0,0.6983690476190476,0.15316301945778832
item_K5190,0.0,0.0,10,0.0,0.0,0.6983690476190476,0.15316301945778832
item_K222,0.0,0.0,10,0.0,0.0,0.6983690476190476,0.15316301945778832
item_K2270,0.0,0.0,10,0.0,0.0,0.6983690476190476,0.15316301945778832
item_K228,0.0,0.0,10,0.0,0.0,0.6983690476190476,0.15316301945778832
item_K259,0.0,0.0,10,0.0,0.0,0.6983690476190476,0.15316301945778832
item_K279,0.0,0.0,10,0.0,0.0,0.6983690476190476,0.15316301945778832
item_K567,0.0,0.0,10,0.0,0.0,0.6983690476190476,0.15316301945778832
item_K5730,0.0,0.0,10,0.0,0.0,0.6983690476190476,0.15316301945778832
item_K5732,0.0,0.0,10,0.0,0.0,0.6983690476190476,0.15316301945778832
item_K5792,0.0,0.0,10,0.0,0.0,0.6983690476190476,0.15316301945778832
item_K580,0.0,0.0,10,0.0,0.0,0.6983690476190476,0.15316301945778832
item_K581,0.0,0.0,10,0.0,0.0,0.6983690476190476,0.15316301945778832
item_K589,0.0,0.0,10,0.0,0.0,0.6983690476190476,0.15316301945778832
item_13121,0.0,0.0,10,0.0,0.0,0.6983690476190476,0.15316301945778832
item_K5901,0.0,0.0,10,0.0,0.0,0.6983690476190476,0.15316301945778832
item_K5903,0.0,0.0,10,0.0,0.0,0.6983690476190476,0.15316301945778832
item_K5909,0.0,0.0,10,0.0,0.0,0.6983690476190476,0.15316301945778832
item_K353,0.0,0.0,10,0.0,0.0,0.6983690476190476,0.15316301945778832
item_K3580,0.0,0.0,10,0.0,0.0,0.6983690476190476,0.15316301945778832
item_K37,0.0,0.0,10,0.0,0.0,0.6983690476190476,0.15316301945778832
item_K4090,0.0,0.0,10,0.0,0.0,0.6983690476190476,0.15316301945778832
item_K420,0.0,0.0,10,0.0,0.0,0.6983690476190476,0.15316301945778832
item_K610,0.0,0.0,10,0.0,0.0,0.6983690476190476,0.15316301945778832
item_K611,0.0,0.0,10,0.0,0.0,0.6983690476190476,0.15316301945778832
item_K621,0.0,0.0,10,0.0,0.0,0.6983690476190476,0.15316301945778832
item_K625,0.0,0.0,10,0.0,0.0,0.6983690476190476,0.15316301945778832
item_K6289,0.0,0.0,10,0.0,0.0,0.6983690476190476,0.15316301945778832
item_K635,0.0,0.0,10,0.0,0.0,0.6983690476190476,0.15316301945778832
item_K6389,0.0,0.0,10,0.0,0.0,0.6983690476190476,0.15316301945778832
item_K640,0.0,0.0,10,0.0,0.0,0.6983690476190476,0.15316301945778832
item_K641,0.0,0.0,10,0.0,0.0,0.6983690476190476,0.15316301945778832
item_K644,0.0,0.0,10,0.0,0.0,0.6983690476190476,0.15316301945778832
item_K645,0.0,0.0,10,0.0,0.0,0.6983690476190476,0.15316301945778832
item_K648,0.0,0.0,10,0.0,0.0,0.6983690476190476,0.15316301945778832
item_K5289,0.0,0.0,10,0.0,0.0,0.6983690476190476,0.15316301945778832
item_13132,0.0,0.0,10,0.0,0.0,0.6983690476190476,0.15316301945778832
item_K5660,0.0,0.0,10,0.0,0.0,0.6983690476190476,0.15316301945778832
item_K5669,0.0,0.0,10,0.0,0.0,0.6983690476190476,0.15316301945778832
item_K759,0.0,0.0,10,0.0,0.0,0.6983690476190476,0.15316301945778832
item_16020,0.0,0.0,10,0.0,0.0,0.6983690476190476,0.15316301945778832
item_K7689,0.0,0.0,10,0.0,0.0,0.6983690476190476,0.15316301945778832
item_K769,0.0,0.0,10,0.0,0.0,0.6983690476190476,0.15316301945778832
item_K8000,0.0,0.0,10,0.0,0.0,0.6983690476190476,0.15316301945778832
item_K8010,0.0,0.0,10,0.0,0.0,0.6983690476190476,0.15316301945778832
item_K8012,0.0,0.0,10,0.0,0.0,0.6983690476190476,0.15316301945778832
item_K8020,0.0,0.0,10,0.0,0.0,0.6983690476190476,0.15316301945778832
item_K8050,0.0,0.0,10,0.0,0.0,0.6983690476190476,0.15316301945778832
item_K8070,0.0,0.0,10,0.0,0.0,0.6983690476190476,0.15316301945778832
item_K8080,0.0,0.0,10,0.0,0.0,0.6983690476190476,0.15316301945778832
item_K810,0.0,0.0,10,0.0,0.0,0.6983690476190476,0.15316301945778832
item_K591,0.0,0.0,10,0.0,0.0,0.6983690476190476,0.15316301945778832
item_K598,0.0,0.0,10,0.0,0.0,0.6983690476190476,0.15316301945778832
item_K602,0.0,0.0,10,0.0,0.0,0.6983690476190476,0.15316301945778832
item_K603,0.0,0.0,10,0.0,0.0,0.6983690476190476,0.15316301945778832
item_K828,0.0,0.0,10,0.0,0.0,0.6983690476190476,0.15316301945778832
item_K829,0.0,0.0,10,0.0,0.0,0.6983690476190476,0.15316301945778832
item_K838,0.0,0.0,10,0.0,0.0,0.6983690476190476,0.15316301945778832
item_K8520,0.0,0.0,10,0.0,0.0,0.6983690476190476,0.15316301945778832
item_K859,0.0,0.0,10,0.0,0.0,0.6983690476190476,0.15316301945778832
item_K8590,0.0,0.0,10,0.0,0.0,0.6983690476190476,0.15316301945778832
item_K861,0.0,0.0,10,0.0,0.0,0.6983690476190476,0.15316301945778832
item_K900,0.0,0.0,10,0.0,0.0,0.6983690476190476,0.15316301945778832
item_K909,0.0,0.0,10,0.0,0.0,0.6983690476190476,0.15316301945778832
item_K9189,0.0,0.0,10,0.0,0.0,0.6983690476190476,0.15316301945778832
item_K920,0.0,0.0,10,0.0,0.0,0.6983690476190476,0.15316301945778832
item_K922,0.0,0.0,10,0.0,0.0,0.6983690476190476,0.15316301945778832
item_K649,0.0,0.0,10,0.0,0.0,0.6983690476190476,0.15316301945778832
item_K651,0.0,0.0,10,0.0,0.0,0.6983690476190476,0.15316301945778832
item_K7290,0.0,0.0,10,0.0,0.0,0.6983690476190476,0.15316301945778832
item_K7460,0.0,0.0,10,0.0,0.0,0.6983690476190476,0.15316301945778832
item_17000,0.0,0.0,10,0.0,0.0,0.6983690476190476,0.15316301945778832
item_KLOR-CON 10,0.0,0.0,10,0.0,0.0,0.6983690476190476,0.15316301945778832
item_KLOR-CON M10,0.0,0.0,10,0.0,0.0,0.6983690476190476,0.15316301945778832
item_17003,0.0,0.0,10,0.0,0.0,0.6983690476190476,0.15316301945778832
item_KURVELO,0.0,0.0,10,0.0,0.0,0.6983690476190476,0.15316301945778832
item_L0100,0.0,0.0,10,0.0,0.0,0.6983690476190476,0.15316301945778832
item_L0201,0.0,0.0,10,0.0,0.0,0.6983690476190476,0.15316301945778832
item_L0211,0.0,0.0,10,0.0,0.0,0.6983690476190476,0.15316301945778832
item_L02211,0.0,0.0,10,0.0,0.0,0.6983690476190476,0.15316301945778832
item_L02212,0.0,0.0,10,0.0,0.0,0.6983690476190476,0.15316301945778832
item_L02213,0.0,0.0,10,0.0,0.0,0.6983690476190476,0.15316301945778832
item_L02214,0.0,0.0,10,0.0,0.0,0.6983690476190476,0.15316301945778832
item_L0231,0.0,0.0,10,0.0,0.0,0.6983690476190476,0.15316301945778832
item_K811,0.0,0.0,10,0.0,0.0,0.6983690476190476,0.15316301945778832
item_K819,0.0,0.0,10,0.0,0.0,0.6983690476190476,0.15316301945778832
item_K824,0.0,0.0,10,0.0,0.0,0.6983690476190476,0.15316301945778832
item_11421,0.0,0.0,10,0.0,0.0,0.6983690476190476,0.15316301945778832
item_VIVOTIF,0.0,0.0,10,0.0,0.0,0.6983690476190476,0.15316301945778832
item_L02411,0.0,0.0,10,0.0,0.0,0.6983690476190476,0.15316301945778832
item_11422,0.0,0.0,10,0.0,0.0,0.6983690476190476,0.15316301945778832
item_L02416,0.0,0.0,10,0.0,0.0,0.6983690476190476,0.15316301945778832
item_L02419,0.0,0.0,10,0.0,0.0,0.6983690476190476,0.15316301945778832
item_L02511,0.0,0.0,10,0.0,0.0,0.6983690476190476,0.15316301945778832
item_L02512,0.0,0.0,10,0.0,0.0,0.6983690476190476,0.15316301945778832
item_L02612,0.0,0.0,10,0.0,0.0,0.6983690476190476,0.15316301945778832
item_L02811,0.0,0.0,10,0.0,0.0,0.6983690476190476,0.15316301945778832
item_L02818,0.0,0.0,10,0.0,0.0,0.6983690476190476,0.15316301945778832
item_11441,0.0,0.0,10,0.0,0.0,0.6983690476190476,0.15316301945778832
item_L0292,0.0,0.0,10,0.0,0.0,0.6983690476190476,0.15316301945778832
item_L03012,0.0,0.0,10,0.0,0.0,0.6983690476190476,0.15316301945778832
item_KARIVA,0.0,0.0,10,0.0,0.0,0.6983690476190476,0.15316301945778832
item_KELNOR 1/35,0.0,0.0,10,0.0,0.0,0.6983690476190476,0.15316301945778832
item_L03818,0.0,0.0,10,0.0,0.0,0.6983690476190476,0.15316301945778832
item_L0390,0.0,0.0,10,0.0,0.0,0.6983690476190476,0.15316301945778832
item_VICTOZA,0.0,0.0,10,0.0,0.0,0.6983690476190476,0.15316301945778832
item_VIENVA,0.0,0.0,10,0.0,0.0,0.6983690476190476,0.15316301945778832
item_VIGAMOX,0.0,0.0,10,0.0,0.0,0.6983690476190476,0.15316301945778832
item_VIIBRYD,0.0,0.0,10,0.0,0.0,0.6983690476190476,0.15316301945778832
item_VIMPAT,0.0,0.0,10,0.0,0.0,0.6983690476190476,0.15316301945778832
item_VIORELE,0.0,0.0,10,0.0,0.0,0.6983690476190476,0.15316301945778832
item_VIREAD,0.0,0.0,10,0.0,0.0,0.6983690476190476,0.15316301945778832
item_11442,0.0,0.0,10,0.0,0.0,0.6983690476190476,0.15316301945778832
item_VITAMIN B-12,0.0,0.0,10,0.0,0.0,0.6983690476190476,0.15316301945778832
item_VITAMIN B-6,0.0,0.0,10,0.0,0.0,0.6983690476190476,0.15316301945778832
item_VITAMIN C,0.0,0.0,10,0.0,0.0,0.6983690476190476,0.15316301945778832
item_11720,0.0,0.0,10,0.0,0.0,0.6983690476190476,0.15316301945778832
item_11721,0.0,0.0,10,0.0,0.0,0.6983690476190476,0.15316301945778832
item_VITAPEARL,0.0,0.0,10,0.0,0.0,0.6983690476190476,0.15316301945778832
item_L239,0.0,0.0,10,0.0,0.0,0.6983690476190476,0.15316301945778832
item_L247,0.0,0.0,10,0.0,0.0,0.6983690476190476,0.15316301945778832
item_L249,0.0,0.0,10,0.0,0.0,0.6983690476190476,0.15316301945778832
item_L255,0.0,0.0,10,0.0,0.0,0.6983690476190476,0.15316301945778832
item_L259,0.0,0.0,10,0.0,0.0,0.6983690476190476,0.15316301945778832
item_L03031,0.0,0.0,10,0.0,0.0,0.6983690476190476,0.15316301945778832
item_L03032,0.0,0.0,10,0.0,0.0,0.6983690476190476,0.15316301945778832
item_11730,0.0,0.0,10,0.0,0.0,0.6983690476190476,0.15316301945778832
item_L03119,0.0,0.0,10,0.0,0.0,0.6983690476190476,0.15316301945778832
item_L03211,0.0,0.0,10,0.0,0.0,0.6983690476190476,0.15316301945778832
item_L03213,0.0,0.0,10,0.0,0.0,0.6983690476190476,0.15316301945778832
item_L03221,0.0,0.0,10,0.0,0.0,0.6983690476190476,0.15316301945778832
item_L03311,0.0,0.0,10,0.0,0.0,0.6983690476190476,0.15316301945778832
item_L03313,0.0,0.0,10,0.0,0.0,0.6983690476190476,0.15316301945778832
item_L03317,0.0,0.0,10,0.0,0.0,0.6983690476190476,0.15316301945778832
item_L03319,0.0,0.0,10,0.0,0.0,0.6983690476190476,0.15316301945778832
item_L304,0.0,0.0,10,0.0,0.0,0.6983690476190476,0.15316301945778832
item_L308,0.0,0.0,10,0.0,0.0,0.6983690476190476,0.15316301945778832
item_11750,0.0,0.0,10,0.0,0.0,0.6983690476190476,0.15316301945778832
item_L3908,0.0,0.0,10,0.0,0.0,0.6983690476190476,0.15316301945778832
item_L400,0.0,0.0,10,0.0,0.0,0.6983690476190476,0.15316301945778832
item_L4050,0.0,0.0,10,0.0,0.0,0.6983690476190476,0.15316301945778832
item_L0501,0.0,0.0,10,0.0,0.0,0.6983690476190476,0.15316301945778832
item_L0591,0.0,0.0,10,0.0,0.0,0.6983690476190476,0.15316301945778832
item_L0889,0.0,0.0,10,0.0,0.0,0.6983690476190476,0.15316301945778832
item_L1830,0.0,0.0,10,0.0,0.0,0.6983690476190476,0.15316301945778832
item_L2084,0.0,0.0,10,0.0,0.0,0.6983690476190476,0.15316301945778832
item_L2089,0.0,0.0,10,0.0,0.0,0.6983690476190476,0.15316301945778832
item_L209,0.0,0.0,10,0.0,0.0,0.6983690476190476,0.15316301945778832
item_L218,0.0,0.0,10,0.0,0.0,0.6983690476190476,0.15316301945778832
item_L219,0.0,0.0,10,0.0,0.0,0.6983690476190476,0.15316301945778832
item_L237,0.0,0.0,10,0.0,0.0,0.6983690476190476,0.15316301945778832
item_L568,0.0,0.0,10,0.0,0.0,0.6983690476190476,0.15316301945778832
item_L570,0.0,0.0,10,0.0,0.0,0.6983690476190476,0.15316301945778832
item_L578,0.0,0.0,10,0.0,0.0,0.6983690476190476,0.15316301945778832
item_L600,0.0,0.0,10,0.0,0.0,0.6983690476190476,0.15316301945778832
item_L603,0.0,0.0,10,0.0,0.0,0.6983690476190476,0.15316301945778832
item_L608,0.0,0.0,10,0.0,0.0,0.6983690476190476,0.15316301945778832
item_L270,0.0,0.0,10,0.0,0.0,0.6983690476190476,0.15316301945778832
item_L280,0.0,0.0,10,0.0,0.0,0.6983690476190476,0.15316301945778832
item_L281,0.0,0.0,10,0.0,0.0,0.6983690476190476,0.15316301945778832
item_L282,0.0,0.0,10,0.0,0.0,0.6983690476190476,0.15316301945778832
item_L290,0.0,0.0,10,0.0,0.0,0.6983690476190476,0.15316301945778832
item_L292,0.0,0.0,10,0.0,0.0,0.6983690476190476,0.15316301945778832
item_L298,0.0,0.0,10,0.0,0.0,0.6983690476190476,0.15316301945778832
item_L299,0.0,0.0,10,0.0,0.0,0.6983690476190476,0.15316301945778832
item_L300,0.0,0.0,10,0.0,0.0,0.6983690476190476,0.15316301945778832
item_L301,0.0,0.0,10,0.0,0.0,0.6983690476190476,0.15316301945778832
item_L719,0.0,0.0,10,0.0,0.0,0.6983690476190476,0.15316301945778832
item_L720,0.0,0.0,10,0.0,0.0,0.6983690476190476,0.15316301945778832
item_L7211,0.0,0.0,10,0.0,0.0,0.6983690476190476,0.15316301945778832
item_L723,0.0,0.0,10,0.0,0.0,0.6983690476190476,0.15316301945778832
item_L728,0.0,0.0,10,0.0,0.0,0.6983690476190476,0.15316301945778832
item_L729,0.0,0.0,10,0.0,0.0,0.6983690476190476,0.15316301945778832
item_L4059,0.0,0.0,10,0.0,0.0,0.6983690476190476,0.15316301945778832
item_L408,0.0,0.0,10,0.0,0.0,0.6983690476190476,0.15316301945778832
item_L409,0.0,0.0,10,0.0,0.0,0.6983690476190476,0.15316301945778832
item_L42,0.0,0.0,10,0.0,0.0,0.6983690476190476,0.15316301945778832
item_L4350,0.0,0.0,10,0.0,0.0,0.6983690476190476,0.15316301945778832
item_L500,0.0,0.0,10,0.0,0.0,0.6983690476190476,0.15316301945778832
item_L501,0.0,0.0,10,0.0,0.0,0.6983690476190476,0.15316301945778832
item_L508,0.0,0.0,10,0.0,0.0,0.6983690476190476,0.15316301945778832
item_L509,0.0,0.0,10,0.0,0.0,0.6983690476190476,0.15316301945778832
item_L539,0.0,0.0,10,0.0,0.0,0.6983690476190476,0.15316301945778832
item_L821,0.0,0.0,10,0.0,0.0,0.6983690476190476,0.15316301945778832
item_L84,0.0,0.0,10,0.0,0.0,0.6983690476190476,0.15316301945778832
item_L853,0.0,0.0,10,0.0,0.0,0.6983690476190476,0.15316301945778832
item_L858,0.0,0.0,10,0.0,0.0,0.6983690476190476,0.15316301945778832
item_L8699,0.0,0.0,10,0.0,0.0,0.6983690476190476,0.15316301945778832
item_L905,0.0,0.0,10,0.0,0.0,0.6983690476190476,0.15316301945778832
item_L638,0.0,0.0,10,0.0,0.0,0.6983690476190476,0.15316301945778832
item_L639,0.0,0.0,10,0.0,0.0,0.6983690476190476,0.15316301945778832
item_L649,0.0,0.0,10,0.0,0.0,0.6983690476190476,0.15316301945778832
item_L659,0.0,0.0,10,0.0,0.0,0.6983690476190476,0.15316301945778832
item_L680,0.0,0.0,10,0.0,0.0,0.6983690476190476,0.15316301945778832
item_11901,0.0,0.0,10,0.0,0.0,0.6983690476190476,0.15316301945778832
item_L708,0.0,0.0,10,0.0,0.0,0.6983690476190476,0.15316301945778832
item_L709,0.0,0.0,10,0.0,0.0,0.6983690476190476,0.15316301945778832
item_L710,0.0,0.0,10,0.0,0.0,0.6983690476190476,0.15316301945778832
item_L718,0.0,0.0,10,0.0,0.0,0.6983690476190476,0.15316301945778832
item_L989,0.0,0.0,10,0.0,0.0,0.6983690476190476,0.15316301945778832
item_LABETALOL HYDROCHLORIDE,0.0,0.0,10,0.0,0.0,0.6983690476190476,0.15316301945778832
item_11976,0.0,0.0,10,0.0,0.0,0.6983690476190476,0.15316301945778832
item_LAMOTRIGINE ER,0.0,0.0,10,0.0,0.0,0.6983690476190476,0.15316301945778832
item_LANSOPRAZOLE,0.0,0.0,10,0.0,0.0,0.6983690476190476,0.15316301945778832
item_LANSOPRAZOLE/AMOXICILLIN/,0.0,0.0,10,0.0,0.0,0.6983690476190476,0.15316301945778832
item_L732,0.0,0.0,10,0.0,0.0,0.6983690476190476,0.15316301945778832
item_L738,0.0,0.0,10,0.0,0.0,0.6983690476190476,0.15316301945778832
item_L739,0.0,0.0,10,0.0,0.0,0.6983690476190476,0.15316301945778832
item_L74519,0.0,0.0,10,0.0,0.0,0.6983690476190476,0.15316301945778832
item_L810,0.0,0.0,10,0.0,0.0,0.6983690476190476,0.15316301945778832
item_L811,0.0,0.0,10,0.0,0.0,0.6983690476190476,0.15316301945778832
item_L814,0.0,0.0,10,0.0,0.0,0.6983690476190476,0.15316301945778832
item_L818,0.0,0.0,10,0.0,0.0,0.6983690476190476,0.15316301945778832
item_L819,0.0,0.0,10,0.0,0.0,0.6983690476190476,0.15316301945778832
item_L820,0.0,0.0,10,0.0,0.0,0.6983690476190476,0.15316301945778832
item_LEFLUNOMIDE,0.0,0.0,10,0.0,0.0,0.6983690476190476,0.15316301945778832
item_LESSINA,0.0,0.0,10,0.0,0.0,0.6983690476190476,0.15316301945778832
item_20600,0.0,0.0,10,0.0,0.0,0.6983690476190476,0.15316301945778832
item_LEVALBUTEROL TARTRATE HFA,0.0,0.0,10,0.0,0.0,0.6983690476190476,0.15316301945778832
item_LEVEMIR,0.0,0.0,10,0.0,0.0,0.6983690476190476,0.15316301945778832
item_LEVEMIR FLEXTOUCH,0.0,0.0,10,0.0,0.0,0.6983690476190476,0.15316301945778832
item_20605,0.0,0.0,10,0.0,0.0,0.6983690476190476,0.15316301945778832
item_LEVETIRACETAM ER,0.0,0.0,10,0.0,0.0,0.6983690476190476,0.15316301945778832
item_LEVONORGESTREL AND ETHINY,0.0,0.0,10,0.0,0.0,0.6983690476190476,0.15316301945778832
item_L910,0.0,0.0,10,0.0,0.0,0.6983690476190476,0.15316301945778832
item_L918,0.0,0.0,10,0.0,0.0,0.6983690476190476,0.15316301945778832
item_L929,0.0,0.0,10,0.0,0.0,0.6983690476190476,0.15316301945778832
item_L930,0.0,0.0,10,0.0,0.0,0.6983690476190476,0.15316301945778832
item_L97529,0.0,0.0,10,0.0,0.0,0.6983690476190476,0.15316301945778832
item_L98499,0.0,0.0,10,0.0,0.0,0.6983690476190476,0.15316301945778832
item_L988,0.0,0.0,10,0.0,0.0,0.6983690476190476,0.15316301945778832
item_LIALDA,0.0,0.0,10,0.0,0.0,0.6983690476190476,0.15316301945778832
item_LIDOCAINE,0.0,0.0,10,0.0,0.0,0.6983690476190476,0.15316301945778832
item_LIDOCAINE HCL JELLY,0.0,0.0,10,0.0,0.0,0.6983690476190476,0.15316301945778832
item_LIDOCAINE VISCOUS,0.0,0.0,10,0.0,0.0,0.6983690476190476,0.15316301945778832
item_LILLOW,0.0,0.0,10,0.0,0.0,0.6983690476190476,0.15316301945778832
item_LINEZOLID,0.0,0.0,10,0.0,0.0,0.6983690476190476,0.15316301945778832
item_LINZESS,0.0,0.0,10,0.0,0.0,0.6983690476190476,0.15316301945778832
item_LIOTHYRONINE SODIUM,0.0,0.0,10,0.0,0.0,0.6983690476190476,0.15316301945778832
item_20610,0.0,0.0,10,0.0,0.0,0.6983690476190476,0.15316301945778832
item_LISINOPRIL/HYDROCHLOROTHI,0.0,0.0,10,0.0,0.0,0.6983690476190476,0.15316301945778832
item_LITHIUM CARBONATE,0.0,0.0,10,0.0,0.0,0.6983690476190476,0.15316301945778832
item_LARIN FE 1.5/30,0.0,0.0,10,0.0,0.0,0.6983690476190476,0.15316301945778832
item_LARIN FE 1/20,0.0,0.0,10,0.0,0.0,0.6983690476190476,0.15316301945778832
item_LARISSIA,0.0,0.0,10,0.0,0.0,0.6983690476190476,0.15316301945778832
item_LATANOPROST,0.0,0.0,10,0.0,0.0,0.6983690476190476,0.15316301945778832
item_20611,0.0,0.0,10,0.0,0.0,0.6983690476190476,0.15316301945778832
item_20612,0.0,0.0,10,0.0,0.0,0.6983690476190476,0.15316301945778832
item_LOMEDIA 24 FE,0.0,0.0,10,0.0,0.0,0.6983690476190476,0.15316301945778832
item_LOPERAMIDE HCL,0.0,0.0,10,0.0,0.0,0.6983690476190476,0.15316301945778832
item_20680,0.0,0.0,10,0.0,0.0,0.6983690476190476,0.15316301945778832
item_LORYNA,0.0,0.0,10,0.0,0.0,0.6983690476190476,0.15316301945778832
item_12004,0.0,0.0,10,0.0,0.0,0.6983690476190476,0.15316301945778832
item_12011,0.0,0.0,10,0.0,0.0,0.6983690476190476,0.15316301945778832
item_LOTEMAX,0.0,0.0,10,0.0,0.0,0.6983690476190476,0.15316301945778832
item_LOW-OGESTREL,0.0,0.0,10,0.0,0.0,0.6983690476190476,0.15316301945778832
item_LUTERA,0.0,0.0,10,0.0,0.0,0.6983690476190476,0.15316301945778832
item_12013,0.0,0.0,10,0.0,0.0,0.6983690476190476,0.15316301945778832
item_M009,0.0,0.0,10,0.0,0.0,0.6983690476190476,0.15316301945778832
item_M0579,0.0,0.0,10,0.0,0.0,0.6983690476190476,0.15316301945778832
item_LEVONORGESTREL/ETHINYL ES,0.0,0.0,10,0.0,0.0,0.6983690476190476,0.15316301945778832
item_LEVORA 0.15/30-28,0.0,0.0,10,0.0,0.0,0.6983690476190476,0.15316301945778832
item_LEVOXYL,0.0,0.0,10,0.0,0.0,0.6983690476190476,0.15316301945778832
item_M064,0.0,0.0,10,0.0,0.0,0.6983690476190476,0.15316301945778832
item_M069,0.0,0.0,10,0.0,0.0,0.6983690476190476,0.15316301945778832
item_M1000,0.0,0.0,10,0.0,0.0,0.6983690476190476,0.15316301945778832
item_M10072,0.0,0.0,10,0.0,0.0,0.6983690476190476,0.15316301945778832
item_M109,0.0,0.0,10,0.0,0.0,0.6983690476190476,0.15316301945778832
item_M1288,0.0,0.0,10,0.0,0.0,0.6983690476190476,0.15316301945778832
item_M129,0.0,0.0,10,0.0,0.0,0.6983690476190476,0.15316301945778832
item_M130,0.0,0.0,10,0.0,0.0,0.6983690476190476,0.15316301945778832
item_M150,0.0,0.0,10,0.0,0.0,0.6983690476190476,0.15316301945778832
item_M159,0.0,0.0,10,0.0,0.0,0.6983690476190476,0.15316301945778832
item_M160,0.0,0.0,10,0.0,0.0,0.6983690476190476,0.15316301945778832
item_M1611,0.0,0.0,10,0.0,0.0,0.6983690476190476,0.15316301945778832
item_M1612,0.0,0.0,10,0.0,0.0,0.6983690476190476,0.15316301945778832
item_M170,0.0,0.0,10,0.0,0.0,0.6983690476190476,0.15316301945778832
item_M1711,0.0,0.0,10,0.0,0.0,0.6983690476190476,0.15316301945778832
item_LITHIUM CARBONATE ER,0.0,0.0,10,0.0,0.0,0.6983690476190476,0.15316301945778832
item_M179,0.0,0.0,10,0.0,0.0,0.6983690476190476,0.15316301945778832
item_M19011,0.0,0.0,10,0.0,0.0,0.6983690476190476,0.15316301945778832
item_M19012,0.0,0.0,10,0.0,0.0,0.6983690476190476,0.15316301945778832
item_M19071,0.0,0.0,10,0.0,0.0,0.6983690476190476,0.15316301945778832
item_M19072,0.0,0.0,10,0.0,0.0,0.6983690476190476,0.15316301945778832
item_M1990,0.0,0.0,10,0.0,0.0,0.6983690476190476,0.15316301945778832
item_M2011,0.0,0.0,10,0.0,0.0,0.6983690476190476,0.15316301945778832
item_M2012,0.0,0.0,10,0.0,0.0,0.6983690476190476,0.15316301945778832
item_M2041,0.0,0.0,10,0.0,0.0,0.6983690476190476,0.15316301945778832
item_M216X1,0.0,0.0,10,0.0,0.0,0.6983690476190476,0.15316301945778832
item_M222X1,0.0,0.0,10,0.0,0.0,0.6983690476190476,0.15316301945778832
item_M222X2,0.0,0.0,10,0.0,0.0,0.6983690476190476,0.15316301945778832
item_M2241,0.0,0.0,10,0.0,0.0,0.6983690476190476,0.15316301945778832
item_M2242,0.0,0.0,10,0.0,0.0,0.6983690476190476,0.15316301945778832
item_M2391,0.0,0.0,10,0.0,0.0,0.6983690476190476,0.15316301945778832
item_M0609,0.0,0.0,10,0.0,0.0,0.6983690476190476,0.15316301945778832
item_M2392,0.0,0.0,10,0.0,0.0,0.6983690476190476,0.15316301945778832
item_M25461,0.0,0.0,10,0.0,0.0,0.6983690476190476,0.15316301945778832
item_M25462,0.0,0.0,10,0.0,0.0,0.6983690476190476,0.15316301945778832
item_M25471,0.0,0.0,10,0.0,0.0,0.6983690476190476,0.15316301945778832
item_M25472,0.0,0.0,10,0.0,0.0,0.6983690476190476,0.15316301945778832
item_M2550,0.0,0.0,10,0.0,0.0,0.6983690476190476,0.15316301945778832
item_M25512,0.0,0.0,10,0.0,0.0,0.6983690476190476,0.15316301945778832
item_M25519,0.0,0.0,10,0.0,0.0,0.6983690476190476,0.15316301945778832
item_M25521,0.0,0.0,10,0.0,0.0,0.6983690476190476,0.15316301945778832
item_M25522,0.0,0.0,10,0.0,0.0,0.6983690476190476,0.15316301945778832
item_12031,0.0,0.0,10,0.0,0.0,0.6983690476190476,0.15316301945778832
item_M25532,0.0,0.0,10,0.0,0.0,0.6983690476190476,0.15316301945778832
item_M25539,0.0,0.0,10,0.0,0.0,0.6983690476190476,0.15316301945778832
item_M25541,0.0,0.0,10,0.0,0.0,0.6983690476190476,0.15316301945778832
item_12032,0.0,0.0,10,0.0,0.0,0.6983690476190476,0.15316301945778832
item_M1712,0.0,0.0,10,0.0,0.0,0.6983690476190476,0.15316301945778832
item_M47892,0.0,0.0,10,0.0,0.0,0.6983690476190476,0.15316301945778832
item_12041,0.0,0.0,10,0.0,0.0,0.6983690476190476,0.15316301945778832
item_M25559,0.0,0.0,10,0.0,0.0,0.6983690476190476,0.15316301945778832
item_M25562,0.0,0.0,10,0.0,0.0,0.6983690476190476,0.15316301945778832
item_M25569,0.0,0.0,10,0.0,0.0,0.6983690476190476,0.15316301945778832
item_M25571,0.0,0.0,10,0.0,0.0,0.6983690476190476,0.15316301945778832
item_M25572,0.0,0.0,10,0.0,0.0,0.6983690476190476,0.15316301945778832
item_M25579,0.0,0.0,10,0.0,0.0,0.6983690476190476,0.15316301945778832
item_M2578,0.0,0.0,10,0.0,0.0,0.6983690476190476,0.15316301945778832
item_M2660,0.0,0.0,10,0.0,0.0,0.6983690476190476,0.15316301945778832
item_M26609,0.0,0.0,10,0.0,0.0,0.6983690476190476,0.15316301945778832
item_M2662,0.0,0.0,10,0.0,0.0,0.6983690476190476,0.15316301945778832
item_M329,0.0,0.0,10,0.0,0.0,0.6983690476190476,0.15316301945778832
item_M3500,0.0,0.0,10,0.0,0.0,0.6983690476190476,0.15316301945778832
item_M359,0.0,0.0,10,0.0,0.0,0.6983690476190476,0.15316301945778832
item_M419,0.0,0.0,10,0.0,0.0,0.6983690476190476,0.15316301945778832
item_VICODIN,0.0,0.0,10,0.0,0.0,0.6983690476190476,0.15316301945778832
item_VICODIN ES,0.0,0.0,10,0.0,0.0,0.6983690476190476,0.15316301945778832
item_M4306,0.0,0.0,10,0.0,0.0,0.6983690476190476,0.15316301945778832
item_M4316,0.0,0.0,10,0.0,0.0,0.6983690476190476,0.15316301945778832
item_M4317,0.0,0.0,10,0.0,0.0,0.6983690476190476,0.15316301945778832
item_M436,0.0,0.0,10,0.0,0.0,0.6983690476190476,0.15316301945778832
item_M459,0.0,0.0,10,0.0,0.0,0.6983690476190476,0.15316301945778832
item_M4606,0.0,0.0,10,0.0,0.0,0.6983690476190476,0.15316301945778832
item_M461,0.0,0.0,10,0.0,0.0,0.6983690476190476,0.15316301945778832
item_M4712,0.0,0.0,10,0.0,0.0,0.6983690476190476,0.15316301945778832
item_M4722,0.0,0.0,10,0.0,0.0,0.6983690476190476,0.15316301945778832
item_M4726,0.0,0.0,10,0.0,0.0,0.6983690476190476,0.15316301945778832
item_M4727,0.0,0.0,10,0.0,0.0,0.6983690476190476,0.15316301945778832
item_M47812,0.0,0.0,10,0.0,0.0,0.6983690476190476,0.15316301945778832
item_M47814,0.0,0.0,10,0.0,0.0,0.6983690476190476,0.15316301945778832
item_12042,0.0,0.0,10,0.0,0.0,0.6983690476190476,0.15316301945778832
item_M50223,0.0,0.0,10,0.0,0.0,0.6983690476190476,0.15316301945778832
item_12051,0.0,0.0,10,0.0,0.0,0.6983690476190476,0.15316301945778832
item_M5032,0.0,0.0,10,0.0,0.0,0.6983690476190476,0.15316301945778832
item_VALPROIC ACID,0.0,0.0,10,0.0,0.0,0.6983690476190476,0.15316301945778832
item_VALSARTAN,0.0,0.0,10,0.0,0.0,0.6983690476190476,0.15316301945778832
item_VALSARTAN/HYDROCHLOROTHIA,0.0,0.0,10,0.0,0.0,0.6983690476190476,0.15316301945778832
item_VANCOMYCIN HYDROCHLORIDE,0.0,0.0,10,0.0,0.0,0.6983690476190476,0.15316301945778832
item_VANDAZOLE,0.0,0.0,10,0.0,0.0,0.6983690476190476,0.15316301945778832
item_12052,0.0,0.0,10,0.0,0.0,0.6983690476190476,0.15316301945778832
item_13101,0.0,0.0,10,0.0,0.0,0.6983690476190476,0.15316301945778832
item_23650,0.0,0.0,10,0.0,0.0,0.6983690476190476,0.15316301945778832
item_VERAPAMIL HCL,0.0,0.0,10,0.0,0.0,0.6983690476190476,0.15316301945778832
item_VERAPAMIL HCL ER,0.0,0.0,10,0.0,0.0,0.6983690476190476,0.15316301945778832
item_VESICARE,0.0,0.0,10,0.0,0.0,0.6983690476190476,0.15316301945778832
item_VESTURA,0.0,0.0,10,0.0,0.0,0.6983690476190476,0.15316301945778832
item_VIAGRA,0.0,0.0,10,0.0,0.0,0.6983690476190476,0.15316301945778832
item_M531,0.0,0.0,10,0.0,0.0,0.6983690476190476,0.15316301945778832
item_2382,0.0,0.0,10,0.0,0.0,0.6983690476190476,0.15316301945778832
item_M5382,0.0,0.0,10,0.0,0.0,0.6983690476190476,0.15316301945778832
item_M47896,0.0,0.0,10,0.0,0.0,0.6983690476190476,0.15316301945778832
item_M4802,0.0,0.0,10,0.0,0.0,0.6983690476190476,0.15316301945778832
item_M4806,0.0,0.0,10,0.0,0.0,0.6983690476190476,0.15316301945778832
item_M48061,0.0,0.0,10,0.0,0.0,0.6983690476190476,0.15316301945778832
item_M4807,0.0,0.0,10,0.0,0.0,0.6983690476190476,0.15316301945778832
item_M5010,0.0,0.0,10,0.0,0.0,0.6983690476190476,0.15316301945778832
item_M5012,0.0,0.0,10,0.0,0.0,0.6983690476190476,0.15316301945778832
item_M50122,0.0,0.0,10,0.0,0.0,0.6983690476190476,0.15316301945778832
item_M5020,0.0,0.0,10,0.0,0.0,0.6983690476190476,0.15316301945778832
item_M5021,0.0,0.0,10,0.0,0.0,0.6983690476190476,0.15316301945778832
item_M5022,0.0,0.0,10,0.0,0.0,0.6983690476190476,0.15316301945778832
item_M50221,0.0,0.0,10,0.0,0.0,0.6983690476190476,0.15316301945778832
item_M50222,0.0,0.0,10,0.0,0.0,0.6983690476190476,0.15316301945778832
item_M5442,0.0,0.0,10,0.0,0.0,0.6983690476190476,0.15316301945778832
item_2449,0.0,0.0,10,0.0,0.0,0.6983690476190476,0.15316301945778832
item_M546,0.0,0.0,10,0.0,0.0,0.6983690476190476,0.15316301945778832
item_M50321,0.0,0.0,10,0.0,0.0,0.6983690476190476,0.15316301945778832
item_M50322,0.0,0.0,10,0.0,0.0,0.6983690476190476,0.15316301945778832
item_M5090,0.0,0.0,10,0.0,0.0,0.6983690476190476,0.15316301945778832
item_M5106,0.0,0.0,10,0.0,0.0,0.6983690476190476,0.15316301945778832
item_M5116,0.0,0.0,10,0.0,0.0,0.6983690476190476,0.15316301945778832
item_M5117,0.0,0.0,10,0.0,0.0,0.6983690476190476,0.15316301945778832
item_M5124,0.0,0.0,10,0.0,0.0,0.6983690476190476,0.15316301945778832
item_25000,0.0,0.0,10,0.0,0.0,0.6983690476190476,0.15316301945778832
item_M5127,0.0,0.0,10,0.0,0.0,0.6983690476190476,0.15316301945778832
item_M5134,0.0,0.0,10,0.0,0.0,0.6983690476190476,0.15316301945778832
item_25002,0.0,0.0,10,0.0,0.0,0.6983690476190476,0.15316301945778832
item_M5137,0.0,0.0,10,0.0,0.0,0.6983690476190476,0.15316301945778832
item_M519,0.0,0.0,10,0.0,0.0,0.6983690476190476,0.15316301945778832
item_M67431,0.0,0.0,10,0.0,0.0,0.6983690476190476,0.15316301945778832
item_M67432,0.0,0.0,10,0.0,0.0,0.6983690476190476,0.15316301945778832
item_M7061,0.0,0.0,10,0.0,0.0,0.6983690476190476,0.15316301945778832
item_M7062,0.0,0.0,10,0.0,0.0,0.6983690476190476,0.15316301945778832
item_M5386,0.0,0.0,10,0.0,0.0,0.6983690476190476,0.15316301945778832
item_M5410,0.0,0.0,10,0.0,0.0,0.6983690476190476,0.15316301945778832
item_26600,0.0,0.0,10,0.0,0.0,0.6983690476190476,0.15316301945778832
item_M5413,0.0,0.0,10,0.0,0.0,0.6983690476190476,0.15316301945778832
item_M5414,0.0,0.0,10,0.0,0.0,0.6983690476190476,0.15316301945778832
item_17111,0.0,0.0,10,0.0,0.0,0.6983690476190476,0.15316301945778832
item_17250,0.0,0.0,10,0.0,0.0,0.6983690476190476,0.15316301945778832
item_M5430,0.0,0.0,10,0.0,0.0,0.6983690476190476,0.15316301945778832
item_M5431,0.0,0.0,10,0.0,0.0,0.6983690476190476,0.15316301945778832
item_M5432,0.0,0.0,10,0.0,0.0,0.6983690476190476,0.15316301945778832
item_M5440,0.0,0.0,10,0.0,0.0,0.6983690476190476,0.15316301945778832
item_M5441,0.0,0.0,10,0.0,0.0,0.6983690476190476,0.15316301945778832
item_M7582,0.0,0.0,10,0.0,0.0,0.6983690476190476,0.15316301945778832
item_19081,0.0,0.0,10,0.0,0.0,0.6983690476190476,0.15316301945778832
item_M7662,0.0,0.0,10,0.0,0.0,0.6983690476190476,0.15316301945778832
item_19083,0.0,0.0,10,0.0,0.0,0.6983690476190476,0.15316301945778832
item_M7672,0.0,0.0,10,0.0,0.0,0.6983690476190476,0.15316301945778832
item_M5481,0.0,0.0,10,0.0,0.0,0.6983690476190476,0.15316301945778832
item_M5489,0.0,0.0,10,0.0,0.0,0.6983690476190476,0.15316301945778832
item_M549,0.0,0.0,10,0.0,0.0,0.6983690476190476,0.15316301945778832
item_M609,0.0,0.0,10,0.0,0.0,0.6983690476190476,0.15316301945778832
item_M6281,0.0,0.0,10,0.0,0.0,0.6983690476190476,0.15316301945778832
item_M6282,0.0,0.0,10,0.0,0.0,0.6983690476190476,0.15316301945778832
item_M62830,0.0,0.0,10,0.0,0.0,0.6983690476190476,0.15316301945778832
item_M62838,0.0,0.0,10,0.0,0.0,0.6983690476190476,0.15316301945778832
item_M654,0.0,0.0,10,0.0,0.0,0.6983690476190476,0.15316301945778832
item_M659,0.0,0.0,10,0.0,0.0,0.6983690476190476,0.15316301945778832
item_M6740,0.0,0.0,10,0.0,0.0,0.6983690476190476,0.15316301945778832
item_M778,0.0,0.0,10,0.0,0.0,0.6983690476190476,0.15316301945778832
item_M779,0.0,0.0,10,0.0,0.0,0.6983690476190476,0.15316301945778832
item_M791,0.0,0.0,10,0.0,0.0,0.6983690476190476,0.15316301945778832
item_M7910,0.0,0.0,10,0.0,0.0,0.6983690476190476,0.15316301945778832
item_M795,0.0,0.0,10,0.0,0.0,0.6983690476190476,0.15316301945778832
item_M7501,0.0,0.0,10,0.0,0.0,0.6983690476190476,0.15316301945778832
item_M7502,0.0,0.0,10,0.0,0.0,0.6983690476190476,0.15316301945778832
item_M75101,0.0,0.0,10,0.0,0.0,0.6983690476190476,0.15316301945778832
item_M75102,0.0,0.0,10,0.0,0.0,0.6983690476190476,0.15316301945778832
item_M75111,0.0,0.0,10,0.0,0.0,0.6983690476190476,0.15316301945778832
item_M7521,0.0,0.0,10,0.0,0.0,0.6983690476190476,0.15316301945778832
item_M7541,0.0,0.0,10,0.0,0.0,0.6983690476190476,0.15316301945778832
item_M7542,0.0,0.0,10,0.0,0.0,0.6983690476190476,0.15316301945778832
item_M7551,0.0,0.0,10,0.0,0.0,0.6983690476190476,0.15316301945778832
item_M7552,0.0,0.0,10,0.0,0.0,0.6983690476190476,0.15316301945778832
item_M7581,0.0,0.0,10,0.0,0.0,0.6983690476190476,0.15316301945778832
item_19120,0.0,0.0,10,0.0,0.0,0.6983690476190476,0.15316301945778832
item_20526,0.0,0.0,10,0.0,0.0,0.6983690476190476,0.15316301945778832
item_20550,0.0,0.0,10,0.0,0.0,0.6983690476190476,0.15316301945778832
item_M79644,0.0,0.0,10,0.0,0.0,0.6983690476190476,0.15316301945778832
item_M79645,0.0,0.0,10,0.0,0.0,0.6983690476190476,0.15316301945778832
item_M79651,0.0,0.0,10,0.0,0.0,0.6983690476190476,0.15316301945778832
item_M76821,0.0,0.0,10,0.0,0.0,0.6983690476190476,0.15316301945778832
item_M76822,0.0,0.0,10,0.0,0.0,0.6983690476190476,0.15316301945778832
item_M7711,0.0,0.0,10,0.0,0.0,0.6983690476190476,0.15316301945778832
item_M7712,0.0,0.0,10,0.0,0.0,0.6983690476190476,0.15316301945778832
item_M7731,0.0,0.0,10,0.0,0.0,0.6983690476190476,0.15316301945778832
item_M7732,0.0,0.0,10,0.0,0.0,0.6983690476190476,0.15316301945778832
item_M7741,0.0,0.0,10,0.0,0.0,0.6983690476190476,0.15316301945778832
item_M7742,0.0,0.0,10,0.0,0.0,0.6983690476190476,0.15316301945778832
item_M7751,0.0,0.0,10,0.0,0.0,0.6983690476190476,0.15316301945778832
item_M7752,0.0,0.0,10,0.0,0.0,0.6983690476190476,0.15316301945778832
item_M7981,0.0,0.0,10,0.0,0.0,0.6983690476190476,0.15316301945778832
item_20552,0.0,0.0,10,0.0,0.0,0.6983690476190476,0.15316301945778832
item_M799,0.0,0.0,10,0.0,0.0,0.6983690476190476,0.15316301945778832
item_M810,0.0,0.0,10,0.0,0.0,0.6983690476190476,0.15316301945778832
item_M8580,0.0,0.0,10,0.0,0.0,0.6983690476190476,0.15316301945778832
item_M869,0.0,0.0,10,0.0,0.0,0.6983690476190476,0.15316301945778832
item_M79601,0.0,0.0,10,0.0,0.0,0.6983690476190476,0.15316301945778832
item_M79602,0.0,0.0,10,0.0,0.0,0.6983690476190476,0.15316301945778832
item_M79604,0.0,0.0,10,0.0,0.0,0.6983690476190476,0.15316301945778832
item_M79605,0.0,0.0,10,0.0,0.0,0.6983690476190476,0.15316301945778832
item_M79606,0.0,0.0,10,0.0,0.0,0.6983690476190476,0.15316301945778832
item_M79609,0.0,0.0,10,0.0,0.0,0.6983690476190476,0.15316301945778832
item_M79621,0.0,0.0,10,0.0,0.0,0.6983690476190476,0.15316301945778832
item_M79622,0.0,0.0,10,0.0,0.0,0.6983690476190476,0.15316301945778832
item_M79631,0.0,0.0,10,0.0,0.0,0.6983690476190476,0.15316301945778832
item_M79632,0.0,0.0,10,0.0,0.0,0.6983690476190476,0.15316301945778832
item_M9902,0.0,0.0,10,0.0,0.0,0.6983690476190476,0.15316301945778832
item_M9903,0.0,0.0,10,0.0,0.0,0.6983690476190476,0.15316301945778832
item_M9904,0.0,0.0,10,0.0,0.0,0.6983690476190476,0.15316301945778832
item_M9905,0.0,0.0,10,0.0,0.0,0.6983690476190476,0.15316301945778832
item_MAGNESIUM OXIDE,0.0,0.0,10,0.0,0.0,0.6983690476190476,0.15316301945778832
item_MAKENA,0.0,0.0,10,0.0,0.0,0.6983690476190476,0.15316301945778832
item_MAPAP,0.0,0.0,10,0.0,0.0,0.6983690476190476,0.15316301945778832
item_MARLISSA,0.0,0.0,10,0.0,0.0,0.6983690476190476,0.15316301945778832
item_M79652,0.0,0.0,10,0.0,0.0,0.6983690476190476,0.15316301945778832
item_M79662,0.0,0.0,10,0.0,0.0,0.6983690476190476,0.15316301945778832
item_M79669,0.0,0.0,10,0.0,0.0,0.6983690476190476,0.15316301945778832
item_M79671,0.0,0.0,10,0.0,0.0,0.6983690476190476,0.15316301945778832
item_28470,0.0,0.0,10,0.0,0.0,0.6983690476190476,0.15316301945778832
item_M79673,0.0,0.0,10,0.0,0.0,0.6983690476190476,0.15316301945778832
item_M79674,0.0,0.0,10,0.0,0.0,0.6983690476190476,0.15316301945778832
item_M79675,0.0,0.0,10,0.0,0.0,0.6983690476190476,0.15316301945778832
item_MELODETTA 24 FE,0.0,0.0,10,0.0,0.0,0.6983690476190476,0.15316301945778832
item_28510,0.0,0.0,10,0.0,0.0,0.6983690476190476,0.15316301945778832
item_MENOPUR,0.0,0.0,10,0.0,0.0,0.6983690476190476,0.15316301945778832
item_MEPERIDINE HCL,0.0,0.0,10,0.0,0.0,0.6983690476190476,0.15316301945778832
item_MERCAPTOPURINE,0.0,0.0,10,0.0,0.0,0.6983690476190476,0.15316301945778832
item_MESALAMINE,0.0,0.0,10,0.0,0.0,0.6983690476190476,0.15316301945778832
item_MESALAMINE DR,0.0,0.0,10,0.0,0.0,0.6983690476190476,0.15316301945778832
item_METAXALONE,0.0,0.0,10,0.0,0.0,0.6983690476190476,0.15316301945778832
item_M898X1,0.0,0.0,10,0.0,0.0,0.6983690476190476,0.15316301945778832
item_M899,0.0,0.0,10,0.0,0.0,0.6983690476190476,0.15316301945778832
item_M940,0.0,0.0,10,0.0,0.0,0.6983690476190476,0.15316301945778832
item_M94261,0.0,0.0,10,0.0,0.0,0.6983690476190476,0.15316301945778832
item_M94262,0.0,0.0,10,0.0,0.0,0.6983690476190476,0.15316301945778832
item_M961,0.0,0.0,10,0.0,0.0,0.6983690476190476,0.15316301945778832
item_M9900,0.0,0.0,10,0.0,0.0,0.6983690476190476,0.15316301945778832
item_M9901,0.0,0.0,10,0.0,0.0,0.6983690476190476,0.15316301945778832
item_METHYLDOPA,0.0,0.0,10,0.0,0.0,0.6983690476190476,0.15316301945778832
item_METHYLERGONOVINE MALEATE,0.0,0.0,10,0.0,0.0,0.6983690476190476,0.15316301945778832
item_METHYLPHENIDATE HYDROCHLO,0.0,0.0,10,0.0,0.0,0.6983690476190476,0.15316301945778832
item_2859,0.0,0.0,10,0.0,0.0,0.6983690476190476,0.15316301945778832
item_29075,0.0,0.0,10,0.0,0.0,0.6983690476190476,0.15316301945778832
item_METOCLOPRAMIDE HCL,0.0,0.0,10,0.0,0.0,0.6983690476190476,0.15316301945778832
item_METOCLOPRAMIDE HYDROCHLOR,0.0,0.0,10,0.0,0.0,0.6983690476190476,0.15316301945778832
item_29105,0.0,0.0,10,0.0,0.0,0.6983690476190476,0.15316301945778832
item_METOPROLOL TARTRATE,0.0,0.0,10,0.0,0.0,0.6983690476190476,0.15316301945778832
item_29125,0.0,0.0,10,0.0,0.0,0.6983690476190476,0.15316301945778832
item_MECLIZINE HCL,0.0,0.0,10,0.0,0.0,0.6983690476190476,0.15316301945778832
item_MECLIZINE HYDROCHLORIDE,0.0,0.0,10,0.0,0.0,0.6983690476190476,0.15316301945778832
item_20930,0.0,0.0,10,0.0,0.0,0.6983690476190476,0.15316301945778832
item_MEFLOQUINE HCL,0.0,0.0,10,0.0,0.0,0.6983690476190476,0.15316301945778832
item_MEGESTROL ACETATE,0.0,0.0,10,0.0,0.0,0.6983690476190476,0.15316301945778832
item_20936,0.0,0.0,10,0.0,0.0,0.6983690476190476,0.15316301945778832
item_MICROGESTIN FE,0.0,0.0,10,0.0,0.0,0.6983690476190476,0.15316301945778832
item_MICROGESTIN FE 1.5/30,0.0,0.0,10,0.0,0.0,0.6983690476190476,0.15316301945778832
item_2165,0.0,0.0,10,0.0,0.0,0.6983690476190476,0.15316301945778832
item_MICROLET LANCETS,0.0,0.0,10,0.0,0.0,0.6983690476190476,0.15316301945778832
item_MIDODRINE HCL,0.0,0.0,10,0.0,0.0,0.6983690476190476,0.15316301945778832
item_MILK OF MAGNESIA,0.0,0.0,10,0.0,0.0,0.6983690476190476,0.15316301945778832
item_MINASTRIN 24 FE,0.0,0.0,10,0.0,0.0,0.6983690476190476,0.15316301945778832
item_MINOCYCLINE HCL,0.0,0.0,10,0.0,0.0,0.6983690476190476,0.15316301945778832
item_MINOCYCLINE HYDROCHLORIDE,0.0,0.0,10,0.0,0.0,0.6983690476190476,0.15316301945778832
item_MINOXIDIL,0.0,0.0,10,0.0,0.0,0.6983690476190476,0.15316301945778832
item_MIRENA,0.0,0.0,10,0.0,0.0,0.6983690476190476,0.15316301945778832
item_2189,0.0,0.0,10,0.0,0.0,0.6983690476190476,0.15316301945778832
item_22551,0.0,0.0,10,0.0,0.0,0.6983690476190476,0.15316301945778832
item_METHIMAZOLE,0.0,0.0,10,0.0,0.0,0.6983690476190476,0.15316301945778832
item_METHOTREXATE,0.0,0.0,10,0.0,0.0,0.6983690476190476,0.15316301945778832
item_METHOTREXATE SODIUM,0.0,0.0,10,0.0,0.0,0.6983690476190476,0.15316301945778832
item_MOMETASONE FUROATE,0.0,0.0,10,0.0,0.0,0.6983690476190476,0.15316301945778832
item_MONO-LINYAH,0.0,0.0,10,0.0,0.0,0.6983690476190476,0.15316301945778832
item_MONONESSA,0.0,0.0,10,0.0,0.0,0.6983690476190476,0.15316301945778832
item_MORPHINE SULFATE,0.0,0.0,10,0.0,0.0,0.6983690476190476,0.15316301945778832
item_MORPHINE SULFATE ER,0.0,0.0,10,0.0,0.0,0.6983690476190476,0.15316301945778832
item_MOVANTIK,0.0,0.0,10,0.0,0.0,0.6983690476190476,0.15316301945778832
item_MOVIPREP,0.0,0.0,10,0.0,0.0,0.6983690476190476,0.15316301945778832
item_MOXIFLOXACIN HYDROCHLORID,0.0,0.0,10,0.0,0.0,0.6983690476190476,0.15316301945778832
item_MUCINEX,0.0,0.0,10,0.0,0.0,0.6983690476190476,0.15316301945778832
item_MUCINEX DM,0.0,0.0,10,0.0,0.0,0.6983690476190476,0.15316301945778832
item_MUPIROCIN,0.0,0.0,10,0.0,0.0,0.6983690476190476,0.15316301945778832
item_MYCOPHENOLATE MOFETIL,0.0,0.0,10,0.0,0.0,0.6983690476190476,0.15316301945778832
item_METRONIDAZOLE VAGINAL,0.0,0.0,10,0.0,0.0,0.6983690476190476,0.15316301945778832
item_MIBELAS 24 FE,0.0,0.0,10,0.0,0.0,0.6983690476190476,0.15316301945778832
item_MICROGESTIN 1.5/30,0.0,0.0,10,0.0,0.0,0.6983690476190476,0.15316301945778832
item_MICROGESTIN 1/20,0.0,0.0,10,0.0,0.0,0.6983690476190476,0.15316301945778832
item_N12,0.0,0.0,10,0.0,0.0,0.6983690476190476,0.15316301945778832
item_N132,0.0,0.0,10,0.0,0.0,0.6983690476190476,0.15316301945778832
item_N1330,0.0,0.0,10,0.0,0.0,0.6983690476190476,0.15316301945778832
item_N170,0.0,0.0,10,0.0,0.0,0.6983690476190476,0.15316301945778832
item_N179,0.0,0.0,10,0.0,0.0,0.6983690476190476,0.15316301945778832
item_N182,0.0,0.0,10,0.0,0.0,0.6983690476190476,0.15316301945778832
item_N183,0.0,0.0,10,0.0,0.0,0.6983690476190476,0.15316301945778832
item_N184,0.0,0.0,10,0.0,0.0,0.6983690476190476,0.15316301945778832
item_N185,0.0,0.0,10,0.0,0.0,0.6983690476190476,0.15316301945778832
item_N186,0.0,0.0,10,0.0,0.0,0.6983690476190476,0.15316301945778832
item_N189,0.0,0.0,10,0.0,0.0,0.6983690476190476,0.15316301945778832
item_N19,0.0,0.0,10,0.0,0.0,0.6983690476190476,0.15316301945778832
item_N200,0.0,0.0,10,0.0,0.0,0.6983690476190476,0.15316301945778832
item_N201,0.0,0.0,10,0.0,0.0,0.6983690476190476,0.15316301945778832
item_22840,0.0,0.0,10,0.0,0.0,0.6983690476190476,0.15316301945778832
item_MODAFINIL,0.0,0.0,10,0.0,0.0,0.6983690476190476,0.15316301945778832
item_N2581,0.0,0.0,10,0.0,0.0,0.6983690476190476,0.15316301945778832
item_N281,0.0,0.0,10,0.0,0.0,0.6983690476190476,0.15316301945778832
item_N2889,0.0,0.0,10,0.0,0.0,0.6983690476190476,0.15316301945778832
item_N289,0.0,0.0,10,0.0,0.0,0.6983690476190476,0.15316301945778832
item_N3000,0.0,0.0,10,0.0,0.0,0.6983690476190476,0.15316301945778832
item_N3001,0.0,0.0,10,0.0,0.0,0.6983690476190476,0.15316301945778832
item_N3010,0.0,0.0,10,0.0,0.0,0.6983690476190476,0.15316301945778832
item_N3090,0.0,0.0,10,0.0,0.0,0.6983690476190476,0.15316301945778832
item_N3091,0.0,0.0,10,0.0,0.0,0.6983690476190476,0.15316301945778832
item_N319,0.0,0.0,10,0.0,0.0,0.6983690476190476,0.15316301945778832
item_N3281,0.0,0.0,10,0.0,0.0,0.6983690476190476,0.15316301945778832
item_N3289,0.0,0.0,10,0.0,0.0,0.6983690476190476,0.15316301945778832
item_N341,0.0,0.0,10,0.0,0.0,0.6983690476190476,0.15316301945778832
item_N342,0.0,0.0,10,0.0,0.0,0.6983690476190476,0.15316301945778832
item_MYRBETRIQ,0.0,0.0,10,0.0,0.0,0.6983690476190476,0.15316301945778832
item_N10,0.0,0.0,10,0.0,0.0,0.6983690476190476,0.15316301945778832
item_N393,0.0,0.0,10,0.0,0.0,0.6983690476190476,0.15316301945778832
item_N3941,0.0,0.0,10,0.0,0.0,0.6983690476190476,0.15316301945778832
item_N3946,0.0,0.0,10,0.0,0.0,0.6983690476190476,0.15316301945778832
item_N400,0.0,0.0,10,0.0,0.0,0.6983690476190476,0.15316301945778832
item_N401,0.0,0.0,10,0.0,0.0,0.6983690476190476,0.15316301945778832
item_N410,0.0,0.0,10,0.0,0.0,0.6983690476190476,0.15316301945778832
item_N419,0.0,0.0,10,0.0,0.0,0.6983690476190476,0.15316301945778832
item_N433,0.0,0.0,10,0.0,0.0,0.6983690476190476,0.15316301945778832
item_N451,0.0,0.0,10,0.0,0.0,0.6983690476190476,0.15316301945778832
item_N453,0.0,0.0,10,0.0,0.0,0.6983690476190476,0.15316301945778832
item_N469,0.0,0.0,10,0.0,0.0,0.6983690476190476,0.15316301945778832
item_N4889,0.0,0.0,10,0.0,0.0,0.6983690476190476,0.15316301945778832
item_N492,0.0,0.0,10,0.0,0.0,0.6983690476190476,0.15316301945778832
item_N503,0.0,0.0,10,0.0,0.0,0.6983690476190476,0.15316301945778832
item_N202,0.0,0.0,10,0.0,0.0,0.6983690476190476,0.15316301945778832
item_N23,0.0,0.0,10,0.0,0.0,0.6983690476190476,0.15316301945778832
item_N50812,0.0,0.0,10,0.0,0.0,0.6983690476190476,0.15316301945778832
item_N50819,0.0,0.0,10,0.0,0.0,0.6983690476190476,0.15316301945778832
item_N5082,0.0,0.0,10,0.0,0.0,0.6983690476190476,0.15316301945778832
item_N5089,0.0,0.0,10,0.0,0.0,0.6983690476190476,0.15316301945778832
item_N509,0.0,0.0,10,0.0,0.0,0.6983690476190476,0.15316301945778832
item_N529,0.0,0.0,10,0.0,0.0,0.6983690476190476,0.15316301945778832
item_N6001,0.0,0.0,10,0.0,0.0,0.6983690476190476,0.15316301945778832
item_N6002,0.0,0.0,10,0.0,0.0,0.6983690476190476,0.15316301945778832
item_N6011,0.0,0.0,10,0.0,0.0,0.6983690476190476,0.15316301945778832
item_N6012,0.0,0.0,10,0.0,0.0,0.6983690476190476,0.15316301945778832
item_N6019,0.0,0.0,10,0.0,0.0,0.6983690476190476,0.15316301945778832
item_N61,0.0,0.0,10,0.0,0.0,0.6983690476190476,0.15316301945778832
item_N610,0.0,0.0,10,0.0,0.0,0.6983690476190476,0.15316301945778832
item_22845,0.0,0.0,10,0.0,0.0,0.6983690476190476,0.15316301945778832
item_N359,0.0,0.0,10,0.0,0.0,0.6983690476190476,0.15316301945778832
item_22851,0.0,0.0,10,0.0,0.0,0.6983690476190476,0.15316301945778832
item_N630,0.0,0.0,10,0.0,0.0,0.6983690476190476,0.15316301945778832
item_N6310,0.0,0.0,10,0.0,0.0,0.6983690476190476,0.15316301945778832
item_N6311,0.0,0.0,10,0.0,0.0,0.6983690476190476,0.15316301945778832
item_N6320,0.0,0.0,10,0.0,0.0,0.6983690476190476,0.15316301945778832
item_N6321,0.0,0.0,10,0.0,0.0,0.6983690476190476,0.15316301945778832
item_N643,0.0,0.0,10,0.0,0.0,0.6983690476190476,0.15316301945778832
item_N644,0.0,0.0,10,0.0,0.0,0.6983690476190476,0.15316301945778832
item_N6452,0.0,0.0,10,0.0,0.0,0.6983690476190476,0.15316301945778832
item_N6459,0.0,0.0,10,0.0,0.0,0.6983690476190476,0.15316301945778832
item_N6489,0.0,0.0,10,0.0,0.0,0.6983690476190476,0.15316301945778832
item_N649,0.0,0.0,10,0.0,0.0,0.6983690476190476,0.15316301945778832
item_N72,0.0,0.0,10,0.0,0.0,0.6983690476190476,0.15316301945778832
item_22853,0.0,0.0,10,0.0,0.0,0.6983690476190476,0.15316301945778832
item_N736,0.0,0.0,10,0.0,0.0,0.6983690476190476,0.15316301945778832
item_N508,0.0,0.0,10,0.0,0.0,0.6983690476190476,0.15316301945778832
item_N50811,0.0,0.0,10,0.0,0.0,0.6983690476190476,0.15316301945778832
item_N751,0.0,0.0,10,0.0,0.0,0.6983690476190476,0.15316301945778832
item_23350,0.0,0.0,10,0.0,0.0,0.6983690476190476,0.15316301945778832
item_N761,0.0,0.0,10,0.0,0.0,0.6983690476190476,0.15316301945778832
item_N762,0.0,0.0,10,0.0,0.0,0.6983690476190476,0.15316301945778832
item_N764,0.0,0.0,10,0.0,0.0,0.6983690476190476,0.15316301945778832
item_N771,0.0,0.0,10,0.0,0.0,0.6983690476190476,0.15316301945778832
item_N800,0.0,0.0,10,0.0,0.0,0.6983690476190476,0.15316301945778832
item_N801,0.0,0.0,10,0.0,0.0,0.6983690476190476,0.15316301945778832
item_N803,0.0,0.0,10,0.0,0.0,0.6983690476190476,0.15316301945778832
item_N809,0.0,0.0,10,0.0,0.0,0.6983690476190476,0.15316301945778832
item_N8320,0.0,0.0,10,0.0,0.0,0.6983690476190476,0.15316301945778832
item_N83201,0.0,0.0,10,0.0,0.0,0.6983690476190476,0.15316301945778832
item_N83202,0.0,0.0,10,0.0,0.0,0.6983690476190476,0.15316301945778832
item_N83209,0.0,0.0,10,0.0,0.0,0.6983690476190476,0.15316301945778832
item_N62,0.0,0.0,10,0.0,0.0,0.6983690476190476,0.15316301945778832
item_N63,0.0,0.0,10,0.0,0.0,0.6983690476190476,0.15316301945778832
item_N83291,0.0,0.0,10,0.0,0.0,0.6983690476190476,0.15316301945778832
item_N83292,0.0,0.0,10,0.0,0.0,0.6983690476190476,0.15316301945778832
item_N838,0.0,0.0,10,0.0,0.0,0.6983690476190476,0.15316301945778832
item_N839,0.0,0.0,10,0.0,0.0,0.6983690476190476,0.15316301945778832
item_N840,0.0,0.0,10,0.0,0.0,0.6983690476190476,0.15316301945778832
item_N841,0.0,0.0,10,0.0,0.0,0.6983690476190476,0.15316301945778832
item_N852,0.0,0.0,10,0.0,0.0,0.6983690476190476,0.15316301945778832
item_N858,0.0,0.0,10,0.0,0.0,0.6983690476190476,0.15316301945778832
item_N859,0.0,0.0,10,0.0,0.0,0.6983690476190476,0.15316301945778832
item_N870,0.0,0.0,10,0.0,0.0,0.6983690476190476,0.15316301945778832
item_N871,0.0,0.0,10,0.0,0.0,0.6983690476190476,0.15316301945778832
item_N879,0.0,0.0,10,0.0,0.0,0.6983690476190476,0.15316301945778832
item_N888,0.0,0.0,10,0.0,0.0,0.6983690476190476,0.15316301945778832
item_N9089,0.0,0.0,10,0.0,0.0,0.6983690476190476,0.15316301945778832
item_N739,0.0,0.0,10,0.0,0.0,0.6983690476190476,0.15316301945778832
item_N750,0.0,0.0,10,0.0,0.0,0.6983690476190476,0.15316301945778832
item_NAPROXEN SODIUM,0.0,0.0,10,0.0,0.0,0.6983690476190476,0.15316301945778832
item_N909,0.0,0.0,10,0.0,0.0,0.6983690476190476,0.15316301945778832
item_N910,0.0,0.0,10,0.0,0.0,0.6983690476190476,0.15316301945778832
item_N911,0.0,0.0,10,0.0,0.0,0.6983690476190476,0.15316301945778832
item_N914,0.0,0.0,10,0.0,0.0,0.6983690476190476,0.15316301945778832
item_N915,0.0,0.0,10,0.0,0.0,0.6983690476190476,0.15316301945778832
item_29826,0.0,0.0,10,0.0,0.0,0.6983690476190476,0.15316301945778832
item_N924,0.0,0.0,10,0.0,0.0,0.6983690476190476,0.15316301945778832
item_N925,0.0,0.0,10,0.0,0.0,0.6983690476190476,0.15316301945778832
item_N926,0.0,0.0,10,0.0,0.0,0.6983690476190476,0.15316301945778832
item_N930,0.0,0.0,10,0.0,0.0,0.6983690476190476,0.15316301945778832
item_N938,0.0,0.0,10,0.0,0.0,0.6983690476190476,0.15316301945778832
item_29827,0.0,0.0,10,0.0,0.0,0.6983690476190476,0.15316301945778832
item_N941,0.0,0.0,10,0.0,0.0,0.6983690476190476,0.15316301945778832
item_N9410,0.0,0.0,10,0.0,0.0,0.6983690476190476,0.15316301945778832
item_N8329,0.0,0.0,10,0.0,0.0,0.6983690476190476,0.15316301945778832
item_V762,0.0,0.0,10,0.0,0.0,0.6983690476190476,0.15316301945778832
item_29877,0.0,0.0,10,0.0,0.0,0.6983690476190476,0.15316301945778832
item_29881,0.0,0.0,10,0.0,0.0,0.6983690476190476,0.15316301945778832
item_N943,0.0,0.0,10,0.0,0.0,0.6983690476190476,0.15316301945778832
item_N946,0.0,0.0,10,0.0,0.0,0.6983690476190476,0.15316301945778832
item_N9489,0.0,0.0,10,0.0,0.0,0.6983690476190476,0.15316301945778832
item_N949,0.0,0.0,10,0.0,0.0,0.6983690476190476,0.15316301945778832
item_N951,0.0,0.0,10,0.0,0.0,0.6983690476190476,0.15316301945778832
item_N96,0.0,0.0,10,0.0,0.0,0.6983690476190476,0.15316301945778832
item_N970,0.0,0.0,10,0.0,0.0,0.6983690476190476,0.15316301945778832
item_N971,0.0,0.0,10,0.0,0.0,0.6983690476190476,0.15316301945778832
item_N978,0.0,0.0,10,0.0,0.0,0.6983690476190476,0.15316301945778832
item_29888,0.0,0.0,10,0.0,0.0,0.6983690476190476,0.15316301945778832
item_NABUMETONE,0.0,0.0,10,0.0,0.0,0.6983690476190476,0.15316301945778832
item_NADOLOL,0.0,0.0,10,0.0,0.0,0.6983690476190476,0.15316301945778832
item_NALOXONE HCL,0.0,0.0,10,0.0,0.0,0.6983690476190476,0.15316301945778832
item_NEXPLANON,0.0,0.0,10,0.0,0.0,0.6983690476190476,0.15316301945778832
item_NICODERM CQ,0.0,0.0,10,0.0,0.0,0.6983690476190476,0.15316301945778832
item_NICOTINE,0.0,0.0,10,0.0,0.0,0.6983690476190476,0.15316301945778832
item_V2542,0.0,0.0,10,0.0,0.0,0.6983690476190476,0.15316301945778832
item_V2549,0.0,0.0,10,0.0,0.0,0.6983690476190476,0.15316301945778832
item_V2889,0.0,0.0,10,0.0,0.0,0.6983690476190476,0.15316301945778832
item_V289,0.0,0.0,10,0.0,0.0,0.6983690476190476,0.15316301945778832
item_V5869,0.0,0.0,10,0.0,0.0,0.6983690476190476,0.15316301945778832
item_V5889,0.0,0.0,10,0.0,0.0,0.6983690476190476,0.15316301945778832
item_V700,0.0,0.0,10,0.0,0.0,0.6983690476190476,0.15316301945778832
item_V7231,0.0,0.0,10,0.0,0.0,0.6983690476190476,0.15316301945778832
item_V7242,0.0,0.0,10,0.0,0.0,0.6983690476190476,0.15316301945778832
item_V7283,0.0,0.0,10,0.0,0.0,0.6983690476190476,0.15316301945778832
item_V741,0.0,0.0,10,0.0,0.0,0.6983690476190476,0.15316301945778832
item_V745,0.0,0.0,10,0.0,0.0,0.6983690476190476,0.15316301945778832
item_V7612,0.0,0.0,10,0.0,0.0,0.6983690476190476,0.15316301945778832
item_NORETHINDRONE ACETATE/ETH,0.0,0.0,10,0.0,0.0,0.6983690476190476,0.15316301945778832
item_NORGESTIMATE/ETHINYL ESTR,0.0,0.0,10,0.0,0.0,0.6983690476190476,0.15316301945778832
item_NORLYDA,0.0,0.0,10,0.0,0.0,0.6983690476190476,0.15316301945778832
item_NORTREL 1/35,0.0,0.0,10,0.0,0.0,0.6983690476190476,0.15316301945778832
item_NORTREL 7/7/7,0.0,0.0,10,0.0,0.0,0.6983690476190476,0.15316301945778832
item_NARATRIPTAN HCL,0.0,0.0,10,0.0,0.0,0.6983690476190476,0.15316301945778832
item_26841,0.0,0.0,10,0.0,0.0,0.6983690476190476,0.15316301945778832
item_NASONEX,0.0,0.0,10,0.0,0.0,0.6983690476190476,0.15316301945778832
item_NATURE-THROID,0.0,0.0,10,0.0,0.0,0.6983690476190476,0.15316301945778832
item_NECON 0.5/35-28,0.0,0.0,10,0.0,0.0,0.6983690476190476,0.15316301945778832
item_NECON 1/35,0.0,0.0,10,0.0,0.0,0.6983690476190476,0.15316301945778832
item_NEOMYCIN/POLYMYXIN/DEXAME,0.0,0.0,10,0.0,0.0,0.6983690476190476,0.15316301945778832
item_NEOMYCIN/POLYMYXIN/HC,0.0,0.0,10,0.0,0.0,0.6983690476190476,0.15316301945778832
item_NEOMYCIN/POLYMYXIN/HYDROC,0.0,0.0,10,0.0,0.0,0.6983690476190476,0.15316301945778832
item_NEXIUM,0.0,0.0,10,0.0,0.0,0.6983690476190476,0.15316301945778832
item_NEXIUM 24HR,0.0,0.0,10,0.0,0.0,0.6983690476190476,0.15316301945778832
item_2689,0.0,0.0,10,0.0,0.0,0.6983690476190476,0.15316301945778832
item_27093,0.0,0.0,10,0.0,0.0,0.6983690476190476,0.15316301945778832
item_NYSTOP,0.0,0.0,10,0.0,0.0,0.6983690476190476,0.15316301945778832
item_O0090,0.0,0.0,10,0.0,0.0,0.6983690476190476,0.15316301945778832
item_O020,0.0,0.0,10,0.0,0.0,0.6983690476190476,0.15316301945778832
item_NICOTROL INHALER,0.0,0.0,10,0.0,0.0,0.6983690476190476,0.15316301945778832
item_NIFEDICAL XL,0.0,0.0,10,0.0,0.0,0.6983690476190476,0.15316301945778832
item_NIFEDIPINE ER,0.0,0.0,10,0.0,0.0,0.6983690476190476,0.15316301945778832
item_NIKKI,0.0,0.0,10,0.0,0.0,0.6983690476190476,0.15316301945778832
item_NITROFURANTOIN MACROCRYST,0.0,0.0,10,0.0,0.0,0.6983690476190476,0.15316301945778832
item_27096,0.0,0.0,10,0.0,0.0,0.6983690476190476,0.15316301945778832
item_NITROGLYCERIN,0.0,0.0,10,0.0,0.0,0.6983690476190476,0.15316301945778832
item_NITROSTAT,0.0,0.0,10,0.0,0.0,0.6983690476190476,0.15316301945778832
item_27130,0.0,0.0,10,0.0,0.0,0.6983690476190476,0.15316301945778832
item_2720,0.0,0.0,10,0.0,0.0,0.6983690476190476,0.15316301945778832
item_NORETHINDRONE ACETATE,0.0,0.0,10,0.0,0.0,0.6983690476190476,0.15316301945778832
item_O09299,0.0,0.0,10,0.0,0.0,0.6983690476190476,0.15316301945778832
item_O0930,0.0,0.0,10,0.0,0.0,0.6983690476190476,0.15316301945778832
item_O0932,0.0,0.0,10,0.0,0.0,0.6983690476190476,0.15316301945778832
item_O0933,0.0,0.0,10,0.0,0.0,0.6983690476190476,0.15316301945778832
item_O09511,0.0,0.0,10,0.0,0.0,0.6983690476190476,0.15316301945778832
item_NORTRIPTYLINE HCL,0.0,0.0,10,0.0,0.0,0.6983690476190476,0.15316301945778832
item_NORTRIPTYLINE HYDROCHLORI,0.0,0.0,10,0.0,0.0,0.6983690476190476,0.15316301945778832
item_NOVOFINE PEN NEEDLE 32G X,0.0,0.0,10,0.0,0.0,0.6983690476190476,0.15316301945778832
item_NOVOLIN N,0.0,0.0,10,0.0,0.0,0.6983690476190476,0.15316301945778832
item_NOVOLOG,0.0,0.0,10,0.0,0.0,0.6983690476190476,0.15316301945778832
item_NOVOLOG FLEXPEN,0.0,0.0,10,0.0,0.0,0.6983690476190476,0.15316301945778832
item_NOVOLOG MIX 70/30 PREFILL,0.0,0.0,10,0.0,0.0,0.6983690476190476,0.15316301945778832
item_NUCYNTA,0.0,0.0,10,0.0,0.0,0.6983690476190476,0.15316301945778832
item_NUCYNTA ER,0.0,0.0,10,0.0,0.0,0.6983690476190476,0.15316301945778832
item_2724,0.0,0.0,10,0.0,0.0,0.6983690476190476,0.15316301945778832
item_NYAMYC,0.0,0.0,10,0.0,0.0,0.6983690476190476,0.15316301945778832
item_O09893,0.0,0.0,10,0.0,0.0,0.6983690476190476,0.15316301945778832
item_O09899,0.0,0.0,10,0.0,0.0,0.6983690476190476,0.15316301945778832
item_O0991,0.0,0.0,10,0.0,0.0,0.6983690476190476,0.15316301945778832
item_O0993,0.0,0.0,10,0.0,0.0,0.6983690476190476,0.15316301945778832
item_O10012,0.0,0.0,10,0.0,0.0,0.6983690476190476,0.15316301945778832
item_O021,0.0,0.0,10,0.0,0.0,0.6983690476190476,0.15316301945778832
item_O0281,0.0,0.0,10,0.0,0.0,0.6983690476190476,0.15316301945778832
item_O034,0.0,0.0,10,0.0,0.0,0.6983690476190476,0.15316301945778832
item_O039,0.0,0.0,10,0.0,0.0,0.6983690476190476,0.15316301945778832
item_O0901,0.0,0.0,10,0.0,0.0,0.6983690476190476,0.15316301945778832
item_O09212,0.0,0.0,10,0.0,0.0,0.6983690476190476,0.15316301945778832
item_O09213,0.0,0.0,10,0.0,0.0,0.6983690476190476,0.15316301945778832
item_O09219,0.0,0.0,10,0.0,0.0,0.6983690476190476,0.15316301945778832
item_O09291,0.0,0.0,10,0.0,0.0,0.6983690476190476,0.15316301945778832
item_27800,0.0,0.0,10,0.0,0.0,0.6983690476190476,0.15316301945778832
item_O09293,0.0,0.0,10,0.0,0.0,0.6983690476190476,0.15316301945778832
item_O1414,0.0,0.0,10,0.0,0.0,0.6983690476190476,0.15316301945778832
item_O1490,0.0,0.0,10,0.0,0.0,0.6983690476190476,0.15316301945778832
item_O1493,0.0,0.0,10,0.0,0.0,0.6983690476190476,0.15316301945778832
item_O1494,0.0,0.0,10,0.0,0.0,0.6983690476190476,0.15316301945778832
item_O163,0.0,0.0,10,0.0,0.0,0.6983690476190476,0.15316301945778832
item_O169,0.0,0.0,10,0.0,0.0,0.6983690476190476,0.15316301945778832
item_O200,0.0,0.0,10,0.0,0.0,0.6983690476190476,0.15316301945778832
item_O09512,0.0,0.0,10,0.0,0.0,0.6983690476190476,0.15316301945778832
item_O09513,0.0,0.0,10,0.0,0.0,0.6983690476190476,0.15316301945778832
item_O09519,0.0,0.0,10,0.0,0.0,0.6983690476190476,0.15316301945778832
item_O09521,0.0,0.0,10,0.0,0.0,0.6983690476190476,0.15316301945778832
item_O09522,0.0,0.0,10,0.0,0.0,0.6983690476190476,0.15316301945778832
item_O09523,0.0,0.0,10,0.0,0.0,0.6983690476190476,0.15316301945778832
item_O09529,0.0,0.0,10,0.0,0.0,0.6983690476190476,0.15316301945778832
item_O09891,0.0,0.0,10,0.0,0.0,0.6983690476190476,0.15316301945778832
item_O09892,0.0,0.0,10,0.0,0.0,0.6983690476190476,0.15316301945778832
item_O2343,0.0,0.0,10,0.0,0.0,0.6983690476190476,0.15316301945778832
item_O23591,0.0,0.0,10,0.0,0.0,0.6983690476190476,0.15316301945778832
item_O23592,0.0,0.0,10,0.0,0.0,0.6983690476190476,0.15316301945778832
item_O24112,0.0,0.0,10,0.0,0.0,0.6983690476190476,0.15316301945778832
item_O24113,0.0,0.0,10,0.0,0.0,0.6983690476190476,0.15316301945778832
item_O24410,0.0,0.0,10,0.0,0.0,0.6983690476190476,0.15316301945778832
item_O24414,0.0,0.0,10,0.0,0.0,0.6983690476190476,0.15316301945778832
item_O10013,0.0,0.0,10,0.0,0.0,0.6983690476190476,0.15316301945778832
item_O10913,0.0,0.0,10,0.0,0.0,0.6983690476190476,0.15316301945778832
item_O10919,0.0,0.0,10,0.0,0.0,0.6983690476190476,0.15316301945778832
item_O1092,0.0,0.0,10,0.0,0.0,0.6983690476190476,0.15316301945778832
item_O133,0.0,0.0,10,0.0,0.0,0.6983690476190476,0.15316301945778832
item_O134,0.0,0.0,10,0.0,0.0,0.6983690476190476,0.15316301945778832
item_O139,0.0,0.0,10,0.0,0.0,0.6983690476190476,0.15316301945778832
item_O1403,0.0,0.0,10,0.0,0.0,0.6983690476190476,0.15316301945778832
item_O1413,0.0,0.0,10,0.0,0.0,0.6983690476190476,0.15316301945778832
item_O26843,0.0,0.0,10,0.0,0.0,0.6983690476190476,0.15316301945778832
item_O26849,0.0,0.0,10,0.0,0.0,0.6983690476190476,0.15316301945778832
item_O26851,0.0,0.0,10,0.0,0.0,0.6983690476190476,0.15316301945778832
item_O26852,0.0,0.0,10,0.0,0.0,0.6983690476190476,0.15316301945778832
item_O26853,0.0,0.0,10,0.0,0.0,0.6983690476190476,0.15316301945778832
item_O26872,0.0,0.0,10,0.0,0.0,0.6983690476190476,0.15316301945778832
item_O26873,0.0,0.0,10,0.0,0.0,0.6983690476190476,0.15316301945778832
item_27801,0.0,0.0,10,0.0,0.0,0.6983690476190476,0.15316301945778832
item_O209,0.0,0.0,10,0.0,0.0,0.6983690476190476,0.15316301945778832
item_O210,0.0,0.0,10,0.0,0.0,0.6983690476190476,0.15316301945778832
item_O211,0.0,0.0,10,0.0,0.0,0.6983690476190476,0.15316301945778832
item_O212,0.0,0.0,10,0.0,0.0,0.6983690476190476,0.15316301945778832
item_O219,0.0,0.0,10,0.0,0.0,0.6983690476190476,0.15316301945778832
item_2809,0.0,0.0,10,0.0,0.0,0.6983690476190476,0.15316301945778832
item_O2341,0.0,0.0,10,0.0,0.0,0.6983690476190476,0.15316301945778832
item_O2342,0.0,0.0,10,0.0,0.0,0.6983690476190476,0.15316301945778832
item_O288,0.0,0.0,10,0.0,0.0,0.6983690476190476,0.15316301945778832
item_O289,0.0,0.0,10,0.0,0.0,0.6983690476190476,0.15316301945778832
item_O30041,0.0,0.0,10,0.0,0.0,0.6983690476190476,0.15316301945778832
item_O30042,0.0,0.0,10,0.0,0.0,0.6983690476190476,0.15316301945778832
item_O30043,0.0,0.0,10,0.0,0.0,0.6983690476190476,0.15316301945778832
item_O321XX,0.0,0.0,10,0.0,0.0,0.6983690476190476,0.15316301945778832
item_O321XX0,0.0,0.0,10,0.0,0.0,0.6983690476190476,0.15316301945778832
item_O321XX1,0.0,0.0,10,0.0,0.0,0.6983690476190476,0.15316301945778832
item_O24415,0.0,0.0,10,0.0,0.0,0.6983690476190476,0.15316301945778832
item_O24419,0.0,0.0,10,0.0,0.0,0.6983690476190476,0.15316301945778832
item_O24420,0.0,0.0,10,0.0,0.0,0.6983690476190476,0.15316301945778832
item_O24429,0.0,0.0,10,0.0,0.0,0.6983690476190476,0.15316301945778832
item_O26613,0.0,0.0,10,0.0,0.0,0.6983690476190476,0.15316301945778832
item_O2662,0.0,0.0,10,0.0,0.0,0.6983690476190476,0.15316301945778832
item_O26841,0.0,0.0,10,0.0,0.0,0.6983690476190476,0.15316301945778832
item_O26842,0.0,0.0,10,0.0,0.0,0.6983690476190476,0.15316301945778832
item_O3442,0.0,0.0,10,0.0,0.0,0.6983690476190476,0.15316301945778832
item_O3481,0.0,0.0,10,0.0,0.0,0.6983690476190476,0.15316301945778832
item_O350XX0,0.0,0.0,10,0.0,0.0,0.6983690476190476,0.15316301945778832
item_O351XX0,0.0,0.0,10,0.0,0.0,0.6983690476190476,0.15316301945778832
item_O352XX0,0.0,0.0,10,0.0,0.0,0.6983690476190476,0.15316301945778832
item_O358XX,0.0,0.0,10,0.0,0.0,0.6983690476190476,0.15316301945778832
item_O358XX0,0.0,0.0,10,0.0,0.0,0.6983690476190476,0.15316301945778832
item_O358XX1,0.0,0.0,10,0.0,0.0,0.6983690476190476,0.15316301945778832
item_O359XX,0.0,0.0,10,0.0,0.0,0.6983690476190476,0.15316301945778832
item_O26892,0.0,0.0,10,0.0,0.0,0.6983690476190476,0.15316301945778832
item_O26893,0.0,0.0,10,0.0,0.0,0.6983690476190476,0.15316301945778832
item_O2690,0.0,0.0,10,0.0,0.0,0.6983690476190476,0.15316301945778832
item_O2691,0.0,0.0,10,0.0,0.0,0.6983690476190476,0.15316301945778832
item_O2692,0.0,0.0,10,0.0,0.0,0.6983690476190476,0.15316301945778832
item_O2693,0.0,0.0,10,0.0,0.0,0.6983690476190476,0.15316301945778832
item_O283,0.0,0.0,10,0.0,0.0,0.6983690476190476,0.15316301945778832
item_O365920,0.0,0.0,10,0.0,0.0,0.6983690476190476,0.15316301945778832
item_O36593,0.0,0.0,10,0.0,0.0,0.6983690476190476,0.15316301945778832
item_O365931,0.0,0.0,10,0.0,0.0,0.6983690476190476,0.15316301945778832
item_O365990,0.0,0.0,10,0.0,0.0,0.6983690476190476,0.15316301945778832
item_O3660X0,0.0,0.0,10,0.0,0.0,0.6983690476190476,0.15316301945778832
item_O3663X0,0.0,0.0,10,0.0,0.0,0.6983690476190476,0.15316301945778832
item_O3680X,0.0,0.0,10,0.0,0.0,0.6983690476190476,0.15316301945778832
item_O3680X0,0.0,0.0,10,0.0,0.0,0.6983690476190476,0.15316301945778832
item_O3680X1,0.0,0.0,10,0.0,0.0,0.6983690476190476,0.15316301945778832
item_O368120,0.0,0.0,10,0.0,0.0,0.6983690476190476,0.15316301945778832
item_O3412,0.0,0.0,10,0.0,0.0,0.6983690476190476,0.15316301945778832
item_O3421,0.0,0.0,10,0.0,0.0,0.6983690476190476,0.15316301945778832
item_O34211,0.0,0.0,10,0.0,0.0,0.6983690476190476,0.15316301945778832
item_31267,0.0,0.0,10,0.0,0.0,0.6983690476190476,0.15316301945778832
item_O3432,0.0,0.0,10,0.0,0.0,0.6983690476190476,0.15316301945778832
item_O3433,0.0,0.0,10,0.0,0.0,0.6983690476190476,0.15316301945778832
item_O411230,0.0,0.0,10,0.0,0.0,0.6983690476190476,0.15316301945778832
item_O42013,0.0,0.0,10,0.0,0.0,0.6983690476190476,0.15316301945778832
item_O4202,0.0,0.0,10,0.0,0.0,0.6983690476190476,0.15316301945778832
item_O4290,0.0,0.0,10,0.0,0.0,0.6983690476190476,0.15316301945778832
item_O42913,0.0,0.0,10,0.0,0.0,0.6983690476190476,0.15316301945778832
item_O4292,0.0,0.0,10,0.0,0.0,0.6983690476190476,0.15316301945778832
item_O43893,0.0,0.0,10,0.0,0.0,0.6983690476190476,0.15316301945778832
item_O4402,0.0,0.0,10,0.0,0.0,0.6983690476190476,0.15316301945778832
item_O4403,0.0,0.0,10,0.0,0.0,0.6983690476190476,0.15316301945778832
item_O4412,0.0,0.0,10,0.0,0.0,0.6983690476190476,0.15316301945778832
item_O4593,0.0,0.0,10,0.0,0.0,0.6983690476190476,0.15316301945778832
item_O359XX0,0.0,0.0,10,0.0,0.0,0.6983690476190476,0.15316301945778832
item_O360130,0.0,0.0,10,0.0,0.0,0.6983690476190476,0.15316301945778832
item_O360990,0.0,0.0,10,0.0,0.0,0.6983690476190476,0.15316301945778832
item_O364XX0,0.0,0.0,10,0.0,0.0,0.6983690476190476,0.15316301945778832
item_O365130,0.0,0.0,10,0.0,0.0,0.6983690476190476,0.15316301945778832
item_O4702,0.0,0.0,10,0.0,0.0,0.6983690476190476,0.15316301945778832
item_O4703,0.0,0.0,10,0.0,0.0,0.6983690476190476,0.15316301945778832
item_O471,0.0,0.0,10,0.0,0.0,0.6983690476190476,0.15316301945778832
item_O479,0.0,0.0,10,0.0,0.0,0.6983690476190476,0.15316301945778832
item_O480,0.0,0.0,10,0.0,0.0,0.6983690476190476,0.15316301945778832
item_O6000,0.0,0.0,10,0.0,0.0,0.6983690476190476,0.15316301945778832
item_O6002,0.0,0.0,10,0.0,0.0,0.6983690476190476,0.15316301945778832
item_O6003,0.0,0.0,10,0.0,0.0,0.6983690476190476,0.15316301945778832
item_O6010X0,0.0,0.0,10,0.0,0.0,0.6983690476190476,0.15316301945778832
item_O6014X0,0.0,0.0,10,0.0,0.0,0.6983690476190476,0.15316301945778832
item_O620,0.0,0.0,10,0.0,0.0,0.6983690476190476,0.15316301945778832
item_O36813,0.0,0.0,10,0.0,0.0,0.6983690476190476,0.15316301945778832
item_O368130,0.0,0.0,10,0.0,0.0,0.6983690476190476,0.15316301945778832
item_O368190,0.0,0.0,10,0.0,0.0,0.6983690476190476,0.15316301945778832
item_O403XX0,0.0,0.0,10,0.0,0.0,0.6983690476190476,0.15316301945778832
item_O4103X0,0.0,0.0,10,0.0,0.0,0.6983690476190476,0.15316301945778832
item_O660,0.0,0.0,10,0.0,0.0,0.6983690476190476,0.15316301945778832
item_O665,0.0,0.0,10,0.0,0.0,0.6983690476190476,0.15316301945778832
item_O6981X0,0.0,0.0,10,0.0,0.0,0.6983690476190476,0.15316301945778832
item_O700,0.0,0.0,10,0.0,0.0,0.6983690476190476,0.15316301945778832
item_O701,0.0,0.0,10,0.0,0.0,0.6983690476190476,0.15316301945778832
item_O721,0.0,0.0,10,0.0,0.0,0.6983690476190476,0.15316301945778832
item_O722,0.0,0.0,10,0.0,0.0,0.6983690476190476,0.15316301945778832
item_O7589,0.0,0.0,10,0.0,0.0,0.6983690476190476,0.15316301945778832
item_O76,0.0,0.0,10,0.0,0.0,0.6983690476190476,0.15316301945778832
item_O770,0.0,0.0,10,0.0,0.0,0.6983690476190476,0.15316301945778832
item_O779,0.0,0.0,10,0.0,0.0,0.6983690476190476,0.15316301945778832
item_O4690,0.0,0.0,10,0.0,0.0,0.6983690476190476,0.15316301945778832
item_O4691,0.0,0.0,10,0.0,0.0,0.6983690476190476,0.15316301945778832
item_O4692,0.0,0.0,10,0.0,0.0,0.6983690476190476,0.15316301945778832
item_O4693,0.0,0.0,10,0.0,0.0,0.6983690476190476,0.15316301945778832
item_O4700,0.0,0.0,10,0.0,0.0,0.6983690476190476,0.15316301945778832
item_O99013,0.0,0.0,10,0.0,0.0,0.6983690476190476,0.15316301945778832
item_O9902,0.0,0.0,10,0.0,0.0,0.6983690476190476,0.15316301945778832
item_O99210,0.0,0.0,10,0.0,0.0,0.6983690476190476,0.15316301945778832
item_O99212,0.0,0.0,10,0.0,0.0,0.6983690476190476,0.15316301945778832
item_O99213,0.0,0.0,10,0.0,0.0,0.6983690476190476,0.15316301945778832
item_O99214,0.0,0.0,10,0.0,0.0,0.6983690476190476,0.15316301945778832
item_O99281,0.0,0.0,10,0.0,0.0,0.6983690476190476,0.15316301945778832
item_O99282,0.0,0.0,10,0.0,0.0,0.6983690476190476,0.15316301945778832
item_O99283,0.0,0.0,10,0.0,0.0,0.6983690476190476,0.15316301945778832
item_O99284,0.0,0.0,10,0.0,0.0,0.6983690476190476,0.15316301945778832
item_31400,0.0,0.0,10,0.0,0.0,0.6983690476190476,0.15316301945778832
item_O99322,0.0,0.0,10,0.0,0.0,0.6983690476190476,0.15316301945778832
item_31401,0.0,0.0,10,0.0,0.0,0.6983690476190476,0.15316301945778832
item_O621,0.0,0.0,10,0.0,0.0,0.6983690476190476,0.15316301945778832
item_O622,0.0,0.0,10,0.0,0.0,0.6983690476190476,0.15316301945778832
item_O629,0.0,0.0,10,0.0,0.0,0.6983690476190476,0.15316301945778832
item_O99332,0.0,0.0,10,0.0,0.0,0.6983690476190476,0.15316301945778832
item_O99334,0.0,0.0,10,0.0,0.0,0.6983690476190476,0.15316301945778832
item_O99342,0.0,0.0,10,0.0,0.0,0.6983690476190476,0.15316301945778832
item_O99343,0.0,0.0,10,0.0,0.0,0.6983690476190476,0.15316301945778832
item_O99344,0.0,0.0,10,0.0,0.0,0.6983690476190476,0.15316301945778832
item_O99511,0.0,0.0,10,0.0,0.0,0.6983690476190476,0.15316301945778832
item_O99512,0.0,0.0,10,0.0,0.0,0.6983690476190476,0.15316301945778832
item_O99513,0.0,0.0,10,0.0,0.0,0.6983690476190476,0.15316301945778832
item_O99612,0.0,0.0,10,0.0,0.0,0.6983690476190476,0.15316301945778832
item_O99613,0.0,0.0,10,0.0,0.0,0.6983690476190476,0.15316301945778832
item_O99810,0.0,0.0,10,0.0,0.0,0.6983690476190476,0.15316301945778832
item_O99824,0.0,0.0,10,0.0,0.0,0.6983690476190476,0.15316301945778832
item_O9989,0.0,0.0,10,0.0,0.0,0.6983690476190476,0.15316301945778832
item_O9A211,0.0,0.0,10,0.0,0.0,0.6983690476190476,0.15316301945778832
item_O82,0.0,0.0,10,0.0,0.0,0.6983690476190476,0.15316301945778832
item_O9089,0.0,0.0,10,0.0,0.0,0.6983690476190476,0.15316301945778832
item_V242,0.0,0.0,10,0.0,0.0,0.6983690476190476,0.15316301945778832
item_V2509,0.0,0.0,10,0.0,0.0,0.6983690476190476,0.15316301945778832
item_V2511,0.0,0.0,10,0.0,0.0,0.6983690476190476,0.15316301945778832
item_O9A212,0.0,0.0,10,0.0,0.0,0.6983690476190476,0.15316301945778832
item_O9A213,0.0,0.0,10,0.0,0.0,0.6983690476190476,0.15316301945778832
item_OCELLA,0.0,0.0,10,0.0,0.0,0.6983690476190476,0.15316301945778832
item_OFLOXACIN,0.0,0.0,10,0.0,0.0,0.6983690476190476,0.15316301945778832
item_31500,0.0,0.0,10,0.0,0.0,0.6983690476190476,0.15316301945778832
item_OLANZAPINE ODT,0.0,0.0,10,0.0,0.0,0.6983690476190476,0.15316301945778832
item_OLMESARTAN MEDOXOMIL,0.0,0.0,10,0.0,0.0,0.6983690476190476,0.15316301945778832
item_31622,0.0,0.0,10,0.0,0.0,0.6983690476190476,0.15316301945778832
item_OLOPATADINE HYDROCHLORIDE,0.0,0.0,10,0.0,0.0,0.6983690476190476,0.15316301945778832
item_OMEGA-3-ACID ETHYL ESTERS,0.0,0.0,10,0.0,0.0,0.6983690476190476,0.15316301945778832
item_OMEPRAZOLE DR,0.0,0.0,10,0.0,0.0,0.6983690476190476,0.15316301945778832
item_29130,0.0,0.0,10,0.0,0.0,0.6983690476190476,0.15316301945778832
item_ONETOUCH DELICA LANCETS F,0.0,0.0,10,0.0,0.0,0.6983690476190476,0.15316301945778832
item_ORSYTHIA,0.0,0.0,10,0.0,0.0,0.6983690476190476,0.15316301945778832
item_ORTHO TRI-CYCLEN,0.0,0.0,10,0.0,0.0,0.6983690476190476,0.15316301945778832
item_ORTHO TRI-CYCLEN LO,0.0,0.0,10,0.0,0.0,0.6983690476190476,0.15316301945778832
item_TRUE METRIX BLOOD GLUCOSE,0.0,0.0,10,0.0,0.0,0.6983690476190476,0.15316301945778832
item_TRULICITY,0.0,0.0,10,0.0,0.0,0.6983690476190476,0.15316301945778832
item_TRUVADA,0.0,0.0,10,0.0,0.0,0.6983690476190476,0.15316301945778832
item_ULORIC,0.0,0.0,10,0.0,0.0,0.6983690476190476,0.15316301945778832
item_ULTICARE INSULIN SYRINGE,0.0,0.0,10,0.0,0.0,0.6983690476190476,0.15316301945778832
item_UNITHROID,0.0,0.0,10,0.0,0.0,0.6983690476190476,0.15316301945778832
item_UREA,0.0,0.0,10,0.0,0.0,0.6983690476190476,0.15316301945778832
item_URSODIOL,0.0,0.0,10,0.0,0.0,0.6983690476190476,0.15316301945778832
item_29405,0.0,0.0,10,0.0,0.0,0.6983690476190476,0.15316301945778832
item_V016,0.0,0.0,10,0.0,0.0,0.6983690476190476,0.15316301945778832
item_V053,0.0,0.0,10,0.0,0.0,0.6983690476190476,0.15316301945778832
item_V220,0.0,0.0,10,0.0,0.0,0.6983690476190476,0.15316301945778832
item_V221,0.0,0.0,10,0.0,0.0,0.6983690476190476,0.15316301945778832
item_29425,0.0,0.0,10,0.0,0.0,0.6983690476190476,0.15316301945778832
item_P599,0.0,0.0,10,0.0,0.0,0.6983690476190476,0.15316301945778832
item_P9016,0.0,0.0,10,0.0,0.0,0.6983690476190476,0.15316301945778832
item_P9603,0.0,0.0,10,0.0,0.0,0.6983690476190476,0.15316301945778832
item_P9612,0.0,0.0,10,0.0,0.0,0.6983690476190476,0.15316301945778832
item_ONETOUCH ULTRA 2,0.0,0.0,10,0.0,0.0,0.6983690476190476,0.15316301945778832
item_ONETOUCH ULTRA MINI,0.0,0.0,10,0.0,0.0,0.6983690476190476,0.15316301945778832
item_ONETOUCH ULTRASOFT LANCET,0.0,0.0,10,0.0,0.0,0.6983690476190476,0.15316301945778832
item_ONETOUCH VERIO,0.0,0.0,10,0.0,0.0,0.6983690476190476,0.15316301945778832
item_ONETOUCH VERIO IQ BLOOD G,0.0,0.0,10,0.0,0.0,0.6983690476190476,0.15316301945778832
item_29505,0.0,0.0,10,0.0,0.0,0.6983690476190476,0.15316301945778832
item_ONEXTON,0.0,0.0,10,0.0,0.0,0.6983690476190476,0.15316301945778832
item_OPANA ER (CRUSH RESISTANT,0.0,0.0,10,0.0,0.0,0.6983690476190476,0.15316301945778832
item_OPTICHAMBER DIAMOND,0.0,0.0,10,0.0,0.0,0.6983690476190476,0.15316301945778832
item_ORACEA,0.0,0.0,10,0.0,0.0,0.6983690476190476,0.15316301945778832
item_ORPHENADRINE CITRATE ER,0.0,0.0,10,0.0,0.0,0.6983690476190476,0.15316301945778832
item_PEG-3350/ELECTROLYTES,0.0,0.0,10,0.0,0.0,0.6983690476190476,0.15316301945778832
item_PEG-3350/NACL/NA BICARBON,0.0,0.0,10,0.0,0.0,0.6983690476190476,0.15316301945778832
item_29530,0.0,0.0,10,0.0,0.0,0.6983690476190476,0.15316301945778832
item_PENTASA,0.0,0.0,10,0.0,0.0,0.6983690476190476,0.15316301945778832
item_PERMETHRIN,0.0,0.0,10,0.0,0.0,0.6983690476190476,0.15316301945778832
item_PERPHENAZINE,0.0,0.0,10,0.0,0.0,0.6983690476190476,0.15316301945778832
item_PHENADOZ,0.0,0.0,10,0.0,0.0,0.6983690476190476,0.15316301945778832
item_PHENAZOPYRIDINE HCL,0.0,0.0,10,0.0,0.0,0.6983690476190476,0.15316301945778832
item_OVIDREL,0.0,0.0,10,0.0,0.0,0.6983690476190476,0.15316301945778832
item_OXAPROZIN,0.0,0.0,10,0.0,0.0,0.6983690476190476,0.15316301945778832
item_OXAZEPAM,0.0,0.0,10,0.0,0.0,0.6983690476190476,0.15316301945778832
item_OXCARBAZEPINE,0.0,0.0,10,0.0,0.0,0.6983690476190476,0.15316301945778832
item_OXYBUTYNIN CHLORIDE,0.0,0.0,10,0.0,0.0,0.6983690476190476,0.15316301945778832
item_OXYBUTYNIN CHLORIDE ER,0.0,0.0,10,0.0,0.0,0.6983690476190476,0.15316301945778832
item_OXYCODONE HCL,0.0,0.0,10,0.0,0.0,0.6983690476190476,0.15316301945778832
item_OXYCODONE HCL ER,0.0,0.0,10,0.0,0.0,0.6983690476190476,0.15316301945778832
item_PIROXICAM,0.0,0.0,10,0.0,0.0,0.6983690476190476,0.15316301945778832
item_PNEUMOVAX 23,0.0,0.0,10,0.0,0.0,0.6983690476190476,0.15316301945778832
item_PNV PRENATAL PLUS MULTIVI,0.0,0.0,10,0.0,0.0,0.6983690476190476,0.15316301945778832
item_PNV-DHA,0.0,0.0,10,0.0,0.0,0.6983690476190476,0.15316301945778832
item_29540,0.0,0.0,10,0.0,0.0,0.6983690476190476,0.15316301945778832
item_29580,0.0,0.0,10,0.0,0.0,0.6983690476190476,0.15316301945778832
item_PORTIA-28,0.0,0.0,10,0.0,0.0,0.6983690476190476,0.15316301945778832
item_POTASSIUM CHLORIDE,0.0,0.0,10,0.0,0.0,0.6983690476190476,0.15316301945778832
item_POTASSIUM CHLORIDE CR,0.0,0.0,10,0.0,0.0,0.6983690476190476,0.15316301945778832
item_PALIPERIDONE ER,0.0,0.0,10,0.0,0.0,0.6983690476190476,0.15316301945778832
item_29823,0.0,0.0,10,0.0,0.0,0.6983690476190476,0.15316301945778832
item_29824,0.0,0.0,10,0.0,0.0,0.6983690476190476,0.15316301945778832
item_PAROXETINE HCL ER,0.0,0.0,10,0.0,0.0,0.6983690476190476,0.15316301945778832
item_PATADAY,0.0,0.0,10,0.0,0.0,0.6983690476190476,0.15316301945778832
item_PAZEO,0.0,0.0,10,0.0,0.0,0.6983690476190476,0.15316301945778832
item_PEG 3350/ELECTROLYTES,0.0,0.0,10,0.0,0.0,0.6983690476190476,0.15316301945778832
item_PREDNISOLONE,0.0,0.0,10,0.0,0.0,0.6983690476190476,0.15316301945778832
item_36416,0.0,0.0,10,0.0,0.0,0.6983690476190476,0.15316301945778832
item_PREMARIN,0.0,0.0,10,0.0,0.0,0.6983690476190476,0.15316301945778832
item_PRENATABS RX,0.0,0.0,10,0.0,0.0,0.6983690476190476,0.15316301945778832
item_36430,0.0,0.0,10,0.0,0.0,0.6983690476190476,0.15316301945778832
item_PRENATAL 19,0.0,0.0,10,0.0,0.0,0.6983690476190476,0.15316301945778832
item_PRENATAL PLUS,0.0,0.0,10,0.0,0.0,0.6983690476190476,0.15316301945778832
item_36471,0.0,0.0,10,0.0,0.0,0.6983690476190476,0.15316301945778832
item_PRENATAL VITAMINS PLUS LO,0.0,0.0,10,0.0,0.0,0.6983690476190476,0.15316301945778832
item_PHENAZOPYRIDINE HYDROCHLO,0.0,0.0,10,0.0,0.0,0.6983690476190476,0.15316301945778832
item_PHENOBARBITAL,0.0,0.0,10,0.0,0.0,0.6983690476190476,0.15316301945778832
item_PHENTERMINE HCL,0.0,0.0,10,0.0,0.0,0.6983690476190476,0.15316301945778832
item_PHENTERMINE HYDROCHLORIDE,0.0,0.0,10,0.0,0.0,0.6983690476190476,0.15316301945778832
item_PHENYTOIN SODIUM EXTENDED,0.0,0.0,10,0.0,0.0,0.6983690476190476,0.15316301945778832
item_PIOGLITAZONE HYDROCHLORID,0.0,0.0,10,0.0,0.0,0.6983690476190476,0.15316301945778832
item_PIRMELLA 1/35,0.0,0.0,10,0.0,0.0,0.6983690476190476,0.15316301945778832
item_PREVIDENT 5000 BOOSTER PL,0.0,0.0,10,0.0,0.0,0.6983690476190476,0.15316301945778832
item_PREVIDENT 5000 SENSITIVE,0.0,0.0,10,0.0,0.0,0.6983690476190476,0.15316301945778832
item_PREVIFEM,0.0,0.0,10,0.0,0.0,0.6983690476190476,0.15316301945778832
item_PRISTIQ,0.0,0.0,10,0.0,0.0,0.6983690476190476,0.15316301945778832
item_PROAIR HFA,0.0,0.0,10,0.0,0.0,0.6983690476190476,0.15316301945778832
item_PROAIR RESPICLICK,0.0,0.0,10,0.0,0.0,0.6983690476190476,0.15316301945778832
item_PROCTO-MED HC,0.0,0.0,10,0.0,0.0,0.6983690476190476,0.15316301945778832
item_PROCTOFOAM HC,0.0,0.0,10,0.0,0.0,0.6983690476190476,0.15316301945778832
item_PROCTOSOL HC,0.0,0.0,10,0.0,0.0,0.6983690476190476,0.15316301945778832
item_PROCTOZONE-HC,0.0,0.0,10,0.0,0.0,0.6983690476190476,0.15316301945778832
item_36475,0.0,0.0,10,0.0,0.0,0.6983690476190476,0.15316301945778832
item_36558,0.0,0.0,10,0.0,0.0,0.6983690476190476,0.15316301945778832
item_POTASSIUM CITRATE ER,0.0,0.0,10,0.0,0.0,0.6983690476190476,0.15316301945778832
item_PRAMIPEXOLE DIHYDROCHLORI,0.0,0.0,10,0.0,0.0,0.6983690476190476,0.15316301945778832
item_PRAVASTATIN SODIUM,0.0,0.0,10,0.0,0.0,0.6983690476190476,0.15316301945778832
item_36561,0.0,0.0,10,0.0,0.0,0.6983690476190476,0.15316301945778832
item_Q4081,0.0,0.0,10,0.0,0.0,0.6983690476190476,0.15316301945778832
item_PROMETHAZINE HCL PLAIN,0.0,0.0,10,0.0,0.0,0.6983690476190476,0.15316301945778832
item_PROMETHAZINE VC PLAIN,0.0,0.0,10,0.0,0.0,0.6983690476190476,0.15316301945778832
item_PROMETHAZINE VC/CODEINE,0.0,0.0,10,0.0,0.0,0.6983690476190476,0.15316301945778832
item_30000,0.0,0.0,10,0.0,0.0,0.6983690476190476,0.15316301945778832
item_PROMETHAZINE/PHENYLEPHRIN,0.0,0.0,10,0.0,0.0,0.6983690476190476,0.15316301945778832
item_PROPRANOLOL HCL,0.0,0.0,10,0.0,0.0,0.6983690476190476,0.15316301945778832
item_PROPRANOLOL HCL ER,0.0,0.0,10,0.0,0.0,0.6983690476190476,0.15316301945778832
item_30002,0.0,0.0,10,0.0,0.0,0.6983690476190476,0.15316301945778832
item_PROVENTIL HFA,0.0,0.0,10,0.0,0.0,0.6983690476190476,0.15316301945778832
item_PULMICORT FLEXHALER,0.0,0.0,10,0.0,0.0,0.6983690476190476,0.15316301945778832
item_30140,0.0,0.0,10,0.0,0.0,0.6983690476190476,0.15316301945778832
item_Q0092,0.0,0.0,10,0.0,0.0,0.6983690476190476,0.15316301945778832
item_PRENATE DHA,0.0,0.0,10,0.0,0.0,0.6983690476190476,0.15316301945778832
item_PRENATE MINI,0.0,0.0,10,0.0,0.0,0.6983690476190476,0.15316301945778832
item_PREPLUS,0.0,0.0,10,0.0,0.0,0.6983690476190476,0.15316301945778832
item_TRIVORA-28,0.0,0.0,10,0.0,0.0,0.6983690476190476,0.15316301945778832
item_TROKENDI XR,0.0,0.0,10,0.0,0.0,0.6983690476190476,0.15316301945778832
item_Q0111,0.0,0.0,10,0.0,0.0,0.6983690476190476,0.15316301945778832
item_Q0112,0.0,0.0,10,0.0,0.0,0.6983690476190476,0.15316301945778832
item_Q0138,0.0,0.0,10,0.0,0.0,0.6983690476190476,0.15316301945778832
item_Q0144,0.0,0.0,10,0.0,0.0,0.6983690476190476,0.15316301945778832
item_Q0163,0.0,0.0,10,0.0,0.0,0.6983690476190476,0.15316301945778832
item_Q0169,0.0,0.0,10,0.0,0.0,0.6983690476190476,0.15316301945778832
item_Q0177,0.0,0.0,10,0.0,0.0,0.6983690476190476,0.15316301945778832
item_Q2035,0.0,0.0,10,0.0,0.0,0.6983690476190476,0.15316301945778832
item_Q2037,0.0,0.0,10,0.0,0.0,0.6983690476190476,0.15316301945778832
item_Q2038,0.0,0.0,10,0.0,0.0,0.6983690476190476,0.15316301945778832
item_Q2039,0.0,0.0,10,0.0,0.0,0.6983690476190476,0.15316301945778832
item_Q211,0.0,0.0,10,0.0,0.0,0.6983690476190476,0.15316301945778832
item_Q231,0.0,0.0,10,0.0,0.0,0.6983690476190476,0.15316301945778832
item_30401,0.0,0.0,10,0.0,0.0,0.6983690476190476,0.15316301945778832
item_QVAR,0.0,0.0,10,0.0,0.0,0.6983690476190476,0.15316301945778832
item_QVAR REDIHALER,0.0,0.0,10,0.0,0.0,0.6983690476190476,0.15316301945778832
item_TRI-LINYAH,0.0,0.0,10,0.0,0.0,0.6983690476190476,0.15316301945778832
item_TRI-LO-ESTARYLLA,0.0,0.0,10,0.0,0.0,0.6983690476190476,0.15316301945778832
item_TRI-LO-MARZIA,0.0,0.0,10,0.0,0.0,0.6983690476190476,0.15316301945778832
item_TRI-LO-SPRINTEC,0.0,0.0,10,0.0,0.0,0.6983690476190476,0.15316301945778832
item_30520,0.0,0.0,10,0.0,0.0,0.6983690476190476,0.15316301945778832
item_TRI-SPRINTEC,0.0,0.0,10,0.0,0.0,0.6983690476190476,0.15316301945778832
item_30901,0.0,0.0,10,0.0,0.0,0.6983690476190476,0.15316301945778832
item_TRIAMCINOLONE ACETONIDE D,0.0,0.0,10,0.0,0.0,0.6983690476190476,0.15316301945778832
item_TRIAMTERENE/HYDROCHLOROTH,0.0,0.0,10,0.0,0.0,0.6983690476190476,0.15316301945778832
item_TRIAZOLAM,0.0,0.0,10,0.0,0.0,0.6983690476190476,0.15316301945778832
item_TRINESSA,0.0,0.0,10,0.0,0.0,0.6983690476190476,0.15316301945778832
item_TRINESSA LO,0.0,0.0,10,0.0,0.0,0.6983690476190476,0.15316301945778832
item_TRINTELLIX,0.0,0.0,10,0.0,0.0,0.6983690476190476,0.15316301945778832
item_TRIUMEQ,0.0,0.0,10,0.0,0.0,0.6983690476190476,0.15316301945778832
item_R0683,0.0,0.0,10,0.0,0.0,0.6983690476190476,0.15316301945778832
item_R0689,0.0,0.0,10,0.0,0.0,0.6983690476190476,0.15316301945778832
item_R070,0.0,0.0,10,0.0,0.0,0.6983690476190476,0.15316301945778832
item_Q796,0.0,0.0,10,0.0,0.0,0.6983690476190476,0.15316301945778832
item_Q828,0.0,0.0,10,0.0,0.0,0.6983690476190476,0.15316301945778832
item_Q909,0.0,0.0,10,0.0,0.0,0.6983690476190476,0.15316301945778832
item_Q9957,0.0,0.0,10,0.0,0.0,0.6983690476190476,0.15316301945778832
item_Q9961,0.0,0.0,10,0.0,0.0,0.6983690476190476,0.15316301945778832
item_Q9963,0.0,0.0,10,0.0,0.0,0.6983690476190476,0.15316301945778832
item_311,0.0,0.0,10,0.0,0.0,0.6983690476190476,0.15316301945778832
item_31237,0.0,0.0,10,0.0,0.0,0.6983690476190476,0.15316301945778832
item_Q9968,0.0,0.0,10,0.0,0.0,0.6983690476190476,0.15316301945778832
item_QNASL,0.0,0.0,10,0.0,0.0,0.6983690476190476,0.15316301945778832
item_QUASENSE,0.0,0.0,10,0.0,0.0,0.6983690476190476,0.15316301945778832
item_31256,0.0,0.0,10,0.0,0.0,0.6983690476190476,0.15316301945778832
item_QUETIAPINE FUMARATE ER,0.0,0.0,10,0.0,0.0,0.6983690476190476,0.15316301945778832
item_R091,0.0,0.0,10,0.0,0.0,0.6983690476190476,0.15316301945778832
item_R0981,0.0,0.0,10,0.0,0.0,0.6983690476190476,0.15316301945778832
item_R0982,0.0,0.0,10,0.0,0.0,0.6983690476190476,0.15316301945778832
item_R100,0.0,0.0,10,0.0,0.0,0.6983690476190476,0.15316301945778832
item_R1010,0.0,0.0,10,0.0,0.0,0.6983690476190476,0.15316301945778832
item_3829,0.0,0.0,10,0.0,0.0,0.6983690476190476,0.15316301945778832
item_R1012,0.0,0.0,10,0.0,0.0,0.6983690476190476,0.15316301945778832
item_R001,0.0,0.0,10,0.0,0.0,0.6983690476190476,0.15316301945778832
item_R002,0.0,0.0,10,0.0,0.0,0.6983690476190476,0.15316301945778832
item_R0070,0.0,0.0,10,0.0,0.0,0.6983690476190476,0.15316301945778832
item_R011,0.0,0.0,10,0.0,0.0,0.6983690476190476,0.15316301945778832
item_R040,0.0,0.0,10,0.0,0.0,0.6983690476190476,0.15316301945778832
item_R042,0.0,0.0,10,0.0,0.0,0.6983690476190476,0.15316301945778832
item_R0600,0.0,0.0,10,0.0,0.0,0.6983690476190476,0.15316301945778832
item_R0609,0.0,0.0,10,0.0,0.0,0.6983690476190476,0.15316301945778832
item_38505,0.0,0.0,10,0.0,0.0,0.6983690476190476,0.15316301945778832
item_R102,0.0,0.0,10,0.0,0.0,0.6983690476190476,0.15316301945778832
item_R1030,0.0,0.0,10,0.0,0.0,0.6983690476190476,0.15316301945778832
item_38525,0.0,0.0,10,0.0,0.0,0.6983690476190476,0.15316301945778832
item_R1032,0.0,0.0,10,0.0,0.0,0.6983690476190476,0.15316301945778832
item_R1033,0.0,0.0,10,0.0,0.0,0.6983690476190476,0.15316301945778832
item_R10811,0.0,0.0,10,0.0,0.0,0.6983690476190476,0.15316301945778832
item_R1110,0.0,0.0,10,0.0,0.0,0.6983690476190476,0.15316301945778832
item_R1111,0.0,0.0,10,0.0,0.0,0.6983690476190476,0.15316301945778832
item_R12,0.0,0.0,10,0.0,0.0,0.6983690476190476,0.15316301945778832
item_R1310,0.0,0.0,10,0.0,0.0,0.6983690476190476,0.15316301945778832
item_R1312,0.0,0.0,10,0.0,0.0,0.6983690476190476,0.15316301945778832
item_R1314,0.0,0.0,10,0.0,0.0,0.6983690476190476,0.15316301945778832
item_R071,0.0,0.0,10,0.0,0.0,0.6983690476190476,0.15316301945778832
item_R072,0.0,0.0,10,0.0,0.0,0.6983690476190476,0.15316301945778832
item_R0782,0.0,0.0,10,0.0,0.0,0.6983690476190476,0.15316301945778832
item_R0902,0.0,0.0,10,0.0,0.0,0.6983690476190476,0.15316301945778832
item_TRI-ESTARYLLA,0.0,0.0,10,0.0,0.0,0.6983690476190476,0.15316301945778832
item_TRI-LEGEST FE,0.0,0.0,10,0.0,0.0,0.6983690476190476,0.15316301945778832
item_R1319,0.0,0.0,10,0.0,0.0,0.6983690476190476,0.15316301945778832
item_R140,0.0,0.0,10,0.0,0.0,0.6983690476190476,0.15316301945778832
item_R161,0.0,0.0,10,0.0,0.0,0.6983690476190476,0.15316301945778832
item_R162,0.0,0.0,10,0.0,0.0,0.6983690476190476,0.15316301945778832
item_R17,0.0,0.0,10,0.0,0.0,0.6983690476190476,0.15316301945778832
item_R1900,0.0,0.0,10,0.0,0.0,0.6983690476190476,0.15316301945778832
item_R1907,0.0,0.0,10,0.0,0.0,0.6983690476190476,0.15316301945778832
item_R1909,0.0,0.0,10,0.0,0.0,0.6983690476190476,0.15316301945778832
item_R194,0.0,0.0,10,0.0,0.0,0.6983690476190476,0.15316301945778832
item_R195,0.0,0.0,10,0.0,0.0,0.6983690476190476,0.15316301945778832
item_R197,0.0,0.0,10,0.0,0.0,0.6983690476190476,0.15316301945778832
item_R198,0.0,0.0,10,0.0,0.0,0.6983690476190476,0.15316301945778832
item_3ML LUER-LOK SYRINGE,0.0,0.0,10,0.0,0.0,0.6983690476190476,0.15316301945778832
item_R202,0.0,0.0,10,0.0,0.0,0.6983690476190476,0.15316301945778832
item_R238,0.0,0.0,10,0.0,0.0,0.6983690476190476,0.15316301945778832
item_R251,0.0,0.0,10,0.0,0.0,0.6983690476190476,0.15316301945778832
item_TOLTERODINE TARTRATE ER,0.0,0.0,10,0.0,0.0,0.6983690476190476,0.15316301945778832
item_4019,0.0,0.0,10,0.0,0.0,0.6983690476190476,0.15316301945778832
item_TORSEMIDE,0.0,0.0,10,0.0,0.0,0.6983690476190476,0.15316301945778832
item_TOUJEO SOLOSTAR,0.0,0.0,10,0.0,0.0,0.6983690476190476,0.15316301945778832
item_TRADJENTA,0.0,0.0,10,0.0,0.0,0.6983690476190476,0.15316301945778832
item_41800,0.0,0.0,10,0.0,0.0,0.6983690476190476,0.15316301945778832
item_TRAMADOL HCL ER,0.0,0.0,10,0.0,0.0,0.6983690476190476,0.15316301945778832
item_TRAMADOL HYDROCHLORIDE/AC,0.0,0.0,10,0.0,0.0,0.6983690476190476,0.15316301945778832
item_TRANEXAMIC ACID,0.0,0.0,10,0.0,0.0,0.6983690476190476,0.15316301945778832
item_41899,0.0,0.0,10,0.0,0.0,0.6983690476190476,0.15316301945778832
item_31624,0.0,0.0,10,0.0,0.0,0.6983690476190476,0.15316301945778832
item_TRESIBA FLEXTOUCH,0.0,0.0,10,0.0,0.0,0.6983690476190476,0.15316301945778832
item_32551,0.0,0.0,10,0.0,0.0,0.6983690476190476,0.15316301945778832
item_TRETINOIN MICROSPHERE,0.0,0.0,10,0.0,0.0,0.6983690476190476,0.15316301945778832
item_R3129,0.0,0.0,10,0.0,0.0,0.6983690476190476,0.15316301945778832
item_32723,0.0,0.0,10,0.0,0.0,0.6983690476190476,0.15316301945778832
item_R208,0.0,0.0,10,0.0,0.0,0.6983690476190476,0.15316301945778832
item_R209,0.0,0.0,10,0.0,0.0,0.6983690476190476,0.15316301945778832
item_R21,0.0,0.0,10,0.0,0.0,0.6983690476190476,0.15316301945778832
item_R220,0.0,0.0,10,0.0,0.0,0.6983690476190476,0.15316301945778832
item_33818,0.0,0.0,10,0.0,0.0,0.6983690476190476,0.15316301945778832
item_R222,0.0,0.0,10,0.0,0.0,0.6983690476190476,0.15316301945778832
item_R2231,0.0,0.0,10,0.0,0.0,0.6983690476190476,0.15316301945778832
item_R2232,0.0,0.0,10,0.0,0.0,0.6983690476190476,0.15316301945778832
item_R2241,0.0,0.0,10,0.0,0.0,0.6983690476190476,0.15316301945778832
item_R2242,0.0,0.0,10,0.0,0.0,0.6983690476190476,0.15316301945778832
item_R2243,0.0,0.0,10,0.0,0.0,0.6983690476190476,0.15316301945778832
item_R229,0.0,0.0,10,0.0,0.0,0.6983690476190476,0.15316301945778832
item_R232,0.0,0.0,10,0.0,0.0,0.6983690476190476,0.15316301945778832
item_R233,0.0,0.0,10,0.0,0.0,0.6983690476190476,0.15316301945778832
item_R404,0.0,0.0,10,0.0,0.0,0.6983690476190476,0.15316301945778832
item_R410,0.0,0.0,10,0.0,0.0,0.6983690476190476,0.15316301945778832
item_R252,0.0,0.0,10,0.0,0.0,0.6983690476190476,0.15316301945778832
item_R262,0.0,0.0,10,0.0,0.0,0.6983690476190476,0.15316301945778832
item_R2689,0.0,0.0,10,0.0,0.0,0.6983690476190476,0.15316301945778832
item_R269,0.0,0.0,10,0.0,0.0,0.6983690476190476,0.15316301945778832
item_R270,0.0,0.0,10,0.0,0.0,0.6983690476190476,0.15316301945778832
item_R293,0.0,0.0,10,0.0,0.0,0.6983690476190476,0.15316301945778832
item_R29810,0.0,0.0,10,0.0,0.0,0.6983690476190476,0.15316301945778832
item_R29818,0.0,0.0,10,0.0,0.0,0.6983690476190476,0.15316301945778832
item_R29898,0.0,0.0,10,0.0,0.0,0.6983690476190476,0.15316301945778832
item_R300,0.0,0.0,10,0.0,0.0,0.6983690476190476,0.15316301945778832
item_R309,0.0,0.0,10,0.0,0.0,0.6983690476190476,0.15316301945778832
item_R310,0.0,0.0,10,0.0,0.0,0.6983690476190476,0.15316301945778832
item_R312,0.0,0.0,10,0.0,0.0,0.6983690476190476,0.15316301945778832
item_R3121,0.0,0.0,10,0.0,0.0,0.6983690476190476,0.15316301945778832
item_R52,0.0,0.0,10,0.0,0.0,0.6983690476190476,0.15316301945778832
item_R531,0.0,0.0,10,0.0,0.0,0.6983690476190476,0.15316301945778832
item_R32,0.0,0.0,10,0.0,0.0,0.6983690476190476,0.15316301945778832
item_R338,0.0,0.0,10,0.0,0.0,0.6983690476190476,0.15316301945778832
item_R339,0.0,0.0,10,0.0,0.0,0.6983690476190476,0.15316301945778832
item_R350,0.0,0.0,10,0.0,0.0,0.6983690476190476,0.15316301945778832
item_R351,0.0,0.0,10,0.0,0.0,0.6983690476190476,0.15316301945778832
item_R358,0.0,0.0,10,0.0,0.0,0.6983690476190476,0.15316301945778832
item_R369,0.0,0.0,10,0.0,0.0,0.6983690476190476,0.15316301945778832
item_R3911,0.0,0.0,10,0.0,0.0,0.6983690476190476,0.15316301945778832
item_R3914,0.0,0.0,10,0.0,0.0,0.6983690476190476,0.15316301945778832
item_R3915,0.0,0.0,10,0.0,0.0,0.6983690476190476,0.15316301945778832
item_R3989,0.0,0.0,10,0.0,0.0,0.6983690476190476,0.15316301945778832
item_R399,0.0,0.0,10,0.0,0.0,0.6983690476190476,0.15316301945778832
item_R400,0.0,0.0,10,0.0,0.0,0.6983690476190476,0.15316301945778832
item_R4020,0.0,0.0,10,0.0,0.0,0.6983690476190476,0.15316301945778832
item_R630,0.0,0.0,10,0.0,0.0,0.6983690476190476,0.15316301945778832
item_R631,0.0,0.0,10,0.0,0.0,0.6983690476190476,0.15316301945778832
item_R633,0.0,0.0,10,0.0,0.0,0.6983690476190476,0.15316301945778832
item_R413,0.0,0.0,10,0.0,0.0,0.6983690476190476,0.15316301945778832
item_34690,0.0,0.0,10,0.0,0.0,0.6983690476190476,0.15316301945778832
item_R41840,0.0,0.0,10,0.0,0.0,0.6983690476190476,0.15316301945778832
item_R4189,0.0,0.0,10,0.0,0.0,0.6983690476190476,0.15316301945778832
item_R440,0.0,0.0,10,0.0,0.0,0.6983690476190476,0.15316301945778832
item_R443,0.0,0.0,10,0.0,0.0,0.6983690476190476,0.15316301945778832
item_R451,0.0,0.0,10,0.0,0.0,0.6983690476190476,0.15316301945778832
item_R454,0.0,0.0,10,0.0,0.0,0.6983690476190476,0.15316301945778832
item_R45850,0.0,0.0,10,0.0,0.0,0.6983690476190476,0.15316301945778832
item_36000,0.0,0.0,10,0.0,0.0,0.6983690476190476,0.15316301945778832
item_R490,0.0,0.0,10,0.0,0.0,0.6983690476190476,0.15316301945778832
item_36247,0.0,0.0,10,0.0,0.0,0.6983690476190476,0.15316301945778832
item_36410,0.0,0.0,10,0.0,0.0,0.6983690476190476,0.15316301945778832
item_R7309,0.0,0.0,10,0.0,0.0,0.6983690476190476,0.15316301945778832
item_R739,0.0,0.0,10,0.0,0.0,0.6983690476190476,0.15316301945778832
item_R740,0.0,0.0,10,0.0,0.0,0.6983690476190476,0.15316301945778832
item_43775,0.0,0.0,10,0.0,0.0,0.6983690476190476,0.15316301945778832
item_R760,0.0,0.0,10,0.0,0.0,0.6983690476190476,0.15316301945778832
item_R5381,0.0,0.0,10,0.0,0.0,0.6983690476190476,0.15316301945778832
item_R5382,0.0,0.0,10,0.0,0.0,0.6983690476190476,0.15316301945778832
item_44970,0.0,0.0,10,0.0,0.0,0.6983690476190476,0.15316301945778832
item_R55,0.0,0.0,10,0.0,0.0,0.6983690476190476,0.15316301945778832
item_R569,0.0,0.0,10,0.0,0.0,0.6983690476190476,0.15316301945778832
item_R58,0.0,0.0,10,0.0,0.0,0.6983690476190476,0.15316301945778832
item_R590,0.0,0.0,10,0.0,0.0,0.6983690476190476,0.15316301945778832
item_R591,0.0,0.0,10,0.0,0.0,0.6983690476190476,0.15316301945778832
item_R599,0.0,0.0,10,0.0,0.0,0.6983690476190476,0.15316301945778832
item_R601,0.0,0.0,10,0.0,0.0,0.6983690476190476,0.15316301945778832
item_R61,0.0,0.0,10,0.0,0.0,0.6983690476190476,0.15316301945778832
item_R8290,0.0,0.0,10,0.0,0.0,0.6983690476190476,0.15316301945778832
item_R8299,0.0,0.0,10,0.0,0.0,0.6983690476190476,0.15316301945778832
item_R87610,0.0,0.0,10,0.0,0.0,0.6983690476190476,0.15316301945778832
item_R87611,0.0,0.0,10,0.0,0.0,0.6983690476190476,0.15316301945778832
item_R87612,0.0,0.0,10,0.0,0.0,0.6983690476190476,0.15316301945778832
item_R87613,0.0,0.0,10,0.0,0.0,0.6983690476190476,0.15316301945778832
item_R87615,0.0,0.0,10,0.0,0.0,0.6983690476190476,0.15316301945778832
item_R634,0.0,0.0,10,0.0,0.0,0.6983690476190476,0.15316301945778832
item_R635,0.0,0.0,10,0.0,0.0,0.6983690476190476,0.15316301945778832
item_R6510,0.0,0.0,10,0.0,0.0,0.6983690476190476,0.15316301945778832
item_R6883,0.0,0.0,10,0.0,0.0,0.6983690476190476,0.15316301945778832
item_45330,0.0,0.0,10,0.0,0.0,0.6983690476190476,0.15316301945778832
item_R69,0.0,0.0,10,0.0,0.0,0.6983690476190476,0.15316301945778832
item_R7301,0.0,0.0,10,0.0,0.0,0.6983690476190476,0.15316301945778832
item_R7302,0.0,0.0,10,0.0,0.0,0.6983690476190476,0.15316301945778832
item_R7303,0.0,0.0,10,0.0,0.0,0.6983690476190476,0.15316301945778832
item_R922,0.0,0.0,10,0.0,0.0,0.6983690476190476,0.15316301945778832
item_R928,0.0,0.0,10,0.0,0.0,0.6983690476190476,0.15316301945778832
item_R930,0.0,0.0,10,0.0,0.0,0.6983690476190476,0.15316301945778832
item_R932,0.0,0.0,10,0.0,0.0,0.6983690476190476,0.15316301945778832
item_R933,0.0,0.0,10,0.0,0.0,0.6983690476190476,0.15316301945778832
item_R935,0.0,0.0,10,0.0,0.0,0.6983690476190476,0.15316301945778832
item_R937,0.0,0.0,10,0.0,0.0,0.6983690476190476,0.15316301945778832
item_R938,0.0,0.0,10,0.0,0.0,0.6983690476190476,0.15316301945778832
item_R7611,0.0,0.0,10,0.0,0.0,0.6983690476190476,0.15316301945778832
item_45331,0.0,0.0,10,0.0,0.0,0.6983690476190476,0.15316301945778832
item_R7881,0.0,0.0,10,0.0,0.0,0.6983690476190476,0.15316301945778832
item_R790,0.0,0.0,10,0.0,0.0,0.6983690476190476,0.15316301945778832
item_R791,0.0,0.0,10,0.0,0.0,0.6983690476190476,0.15316301945778832
item_R799,0.0,0.0,10,0.0,0.0,0.6983690476190476,0.15316301945778832
item_R809,0.0,0.0,10,0.0,0.0,0.6983690476190476,0.15316301945778832
item_R825,0.0,0.0,10,0.0,0.0,0.6983690476190476,0.15316301945778832
item_RA VITAMIN D-3,0.0,0.0,10,0.0,0.0,0.6983690476190476,0.15316301945778832
item_RABEPRAZOLE SODIUM,0.0,0.0,10,0.0,0.0,0.6983690476190476,0.15316301945778832
item_RAMIPRIL,0.0,0.0,10,0.0,0.0,0.6983690476190476,0.15316301945778832
item_45385,0.0,0.0,10,0.0,0.0,0.6983690476190476,0.15316301945778832
item_4610,0.0,0.0,10,0.0,0.0,0.6983690476190476,0.15316301945778832
item_READI-CAT 2,0.0,0.0,10,0.0,0.0,0.6983690476190476,0.15316301945778832
item_RECLIPSEN,0.0,0.0,10,0.0,0.0,0.6983690476190476,0.15316301945778832
item_RELION INSULIN SYRINGE/U-,0.0,0.0,10,0.0,0.0,0.6983690476190476,0.15316301945778832
item_RELPAX,0.0,0.0,10,0.0,0.0,0.6983690476190476,0.15316301945778832
item_36569,0.0,0.0,10,0.0,0.0,0.6983690476190476,0.15316301945778832
item_R87810,0.0,0.0,10,0.0,0.0,0.6983690476190476,0.15316301945778832
item_R899,0.0,0.0,10,0.0,0.0,0.6983690476190476,0.15316301945778832
item_R9089,0.0,0.0,10,0.0,0.0,0.6983690476190476,0.15316301945778832
item_R911,0.0,0.0,10,0.0,0.0,0.6983690476190476,0.15316301945778832
item_R920,0.0,0.0,10,0.0,0.0,0.6983690476190476,0.15316301945778832
item_R921,0.0,0.0,10,0.0,0.0,0.6983690476190476,0.15316301945778832
item_RISPERDAL CONSTA,0.0,0.0,10,0.0,0.0,0.6983690476190476,0.15316301945778832
item_RISPERIDONE,0.0,0.0,10,0.0,0.0,0.6983690476190476,0.15316301945778832
item_RIZATRIPTAN BENZOATE,0.0,0.0,10,0.0,0.0,0.6983690476190476,0.15316301945778832
item_RIZATRIPTAN BENZOATE ODT,0.0,0.0,10,0.0,0.0,0.6983690476190476,0.15316301945778832
item_36589,0.0,0.0,10,0.0,0.0,0.6983690476190476,0.15316301945778832
item_ROPINIROLE HYDROCHLORIDE,0.0,0.0,10,0.0,0.0,0.6983690476190476,0.15316301945778832
item_ROSUVASTATIN CALCIUM,0.0,0.0,10,0.0,0.0,0.6983690476190476,0.15316301945778832
item_ROZEREM,0.0,0.0,10,0.0,0.0,0.6983690476190476,0.15316301945778832
item_S0003XA,0.0,0.0,10,0.0,0.0,0.6983690476190476,0.15316301945778832
item_S0020,0.0,0.0,10,0.0,0.0,0.6983690476190476,0.15316301945778832
item_R9439,0.0,0.0,10,0.0,0.0,0.6983690476190476,0.15316301945778832
item_R944,0.0,0.0,10,0.0,0.0,0.6983690476190476,0.15316301945778832
item_R945,0.0,0.0,10,0.0,0.0,0.6983690476190476,0.15316301945778832
item_R946,0.0,0.0,10,0.0,0.0,0.6983690476190476,0.15316301945778832
item_RA COL-RITE,0.0,0.0,10,0.0,0.0,0.6983690476190476,0.15316301945778832
item_RA LORATADINE,0.0,0.0,10,0.0,0.0,0.6983690476190476,0.15316301945778832
item_S01111A,0.0,0.0,10,0.0,0.0,0.6983690476190476,0.15316301945778832
item_S0119,0.0,0.0,10,0.0,0.0,0.6983690476190476,0.15316301945778832
item_S01511A,0.0,0.0,10,0.0,0.0,0.6983690476190476,0.15316301945778832
item_S0181XA,0.0,0.0,10,0.0,0.0,0.6983690476190476,0.15316301945778832
item_36590,0.0,0.0,10,0.0,0.0,0.6983690476190476,0.15316301945778832
item_S022XXA,0.0,0.0,10,0.0,0.0,0.6983690476190476,0.15316301945778832
item_S025XXA,0.0,0.0,10,0.0,0.0,0.6983690476190476,0.15316301945778832
item_S0501XA,0.0,0.0,10,0.0,0.0,0.6983690476190476,0.15316301945778832
item_S0502XA,0.0,0.0,10,0.0,0.0,0.6983690476190476,0.15316301945778832
item_S060X0A,0.0,0.0,10,0.0,0.0,0.6983690476190476,0.15316301945778832
item_RENVELA,0.0,0.0,10,0.0,0.0,0.6983690476190476,0.15316301945778832
item_RESTASIS,0.0,0.0,10,0.0,0.0,0.6983690476190476,0.15316301945778832
item_RETIN-A,0.0,0.0,10,0.0,0.0,0.6983690476190476,0.15316301945778832
item_RETIN-A MICRO PUMP,0.0,0.0,10,0.0,0.0,0.6983690476190476,0.15316301945778832
item_REXULTI,0.0,0.0,10,0.0,0.0,0.6983690476190476,0.15316301945778832
item_RIFAMPIN,0.0,0.0,10,0.0,0.0,0.6983690476190476,0.15316301945778832
item_S069X0A,0.0,0.0,10,0.0,0.0,0.6983690476190476,0.15316301945778832
item_S069X9A,0.0,0.0,10,0.0,0.0,0.6983690476190476,0.15316301945778832
item_S098XXA,0.0,0.0,10,0.0,0.0,0.6983690476190476,0.15316301945778832
item_S0990X,0.0,0.0,10,0.0,0.0,0.6983690476190476,0.15316301945778832
item_36591,0.0,0.0,10,0.0,0.0,0.6983690476190476,0.15316301945778832
item_S0993XA,0.0,0.0,10,0.0,0.0,0.6983690476190476,0.15316301945778832
item_S134XXA,0.0,0.0,10,0.0,0.0,0.6983690476190476,0.15316301945778832
item_S134XXD,0.0,0.0,10,0.0,0.0,0.6983690476190476,0.15316301945778832
item_S139XXA,0.0,0.0,10,0.0,0.0,0.6983690476190476,0.15316301945778832
item_S161XX,0.0,0.0,10,0.0,0.0,0.6983690476190476,0.15316301945778832
item_S0028,0.0,0.0,10,0.0,0.0,0.6983690476190476,0.15316301945778832
item_S0077,0.0,0.0,10,0.0,0.0,0.6983690476190476,0.15316301945778832
item_S0083XA,0.0,0.0,10,0.0,0.0,0.6983690476190476,0.15316301945778832
item_S0093XA,0.0,0.0,10,0.0,0.0,0.6983690476190476,0.15316301945778832
item_36592,0.0,0.0,10,0.0,0.0,0.6983690476190476,0.15316301945778832
item_36600,0.0,0.0,10,0.0,0.0,0.6983690476190476,0.15316301945778832
item_S20219A,0.0,0.0,10,0.0,0.0,0.6983690476190476,0.15316301945778832
item_S2231XA,0.0,0.0,10,0.0,0.0,0.6983690476190476,0.15316301945778832
item_S2241XA,0.0,0.0,10,0.0,0.0,0.6983690476190476,0.15316301945778832
item_S233XXA,0.0,0.0,10,0.0,0.0,0.6983690476190476,0.15316301945778832
item_S2341XA,0.0,0.0,10,0.0,0.0,0.6983690476190476,0.15316301945778832
item_S2900,0.0,0.0,10,0.0,0.0,0.6983690476190476,0.15316301945778832
item_S29011A,0.0,0.0,10,0.0,0.0,0.6983690476190476,0.15316301945778832
item_S29012A,0.0,0.0,10,0.0,0.0,0.6983690476190476,0.15316301945778832
item_S29019A,0.0,0.0,10,0.0,0.0,0.6983690476190476,0.15316301945778832
item_S299XXA,0.0,0.0,10,0.0,0.0,0.6983690476190476,0.15316301945778832
item_S060X1A,0.0,0.0,10,0.0,0.0,0.6983690476190476,0.15316301945778832
item_S060X9A,0.0,0.0,10,0.0,0.0,0.6983690476190476,0.15316301945778832
item_S0610,0.0,0.0,10,0.0,0.0,0.6983690476190476,0.15316301945778832
item_S0612,0.0,0.0,10,0.0,0.0,0.6983690476190476,0.15316301945778832
item_S0620,0.0,0.0,10,0.0,0.0,0.6983690476190476,0.15316301945778832
item_36620,0.0,0.0,10,0.0,0.0,0.6983690476190476,0.15316301945778832
item_S39012A,0.0,0.0,10,0.0,0.0,0.6983690476190476,0.15316301945778832
item_S39012D,0.0,0.0,10,0.0,0.0,0.6983690476190476,0.15316301945778832
item_S3991XA,0.0,0.0,10,0.0,0.0,0.6983690476190476,0.15316301945778832
item_S3992XA,0.0,0.0,10,0.0,0.0,0.6983690476190476,0.15316301945778832
item_S3993XA,0.0,0.0,10,0.0,0.0,0.6983690476190476,0.15316301945778832
item_S40011A,0.0,0.0,10,0.0,0.0,0.6983690476190476,0.15316301945778832
item_S40012A,0.0,0.0,10,0.0,0.0,0.6983690476190476,0.15316301945778832
item_S40861A,0.0,0.0,10,0.0,0.0,0.6983690476190476,0.15316301945778832
item_S43401A,0.0,0.0,10,0.0,0.0,0.6983690476190476,0.15316301945778832
item_S43402A,0.0,0.0,10,0.0,0.0,0.6983690476190476,0.15316301945778832
item_S161XXA,0.0,0.0,10,0.0,0.0,0.6983690476190476,0.15316301945778832
item_S161XXD,0.0,0.0,10,0.0,0.0,0.6983690476190476,0.15316301945778832
item_S199XX,0.0,0.0,10,0.0,0.0,0.6983690476190476,0.15316301945778832
item_S199XXA,0.0,0.0,10,0.0,0.0,0.6983690476190476,0.15316301945778832
item_S20211A,0.0,0.0,10,0.0,0.0,0.6983690476190476,0.15316301945778832
item_S20212A,0.0,0.0,10,0.0,0.0,0.6983690476190476,0.15316301945778832
item_S46912A,0.0,0.0,10,0.0,0.0,0.6983690476190476,0.15316301945778832
item_S4991XA,0.0,0.0,10,0.0,0.0,0.6983690476190476,0.15316301945778832
item_S4992XA,0.0,0.0,10,0.0,0.0,0.6983690476190476,0.15316301945778832
item_S4993,0.0,0.0,10,0.0,0.0,0.6983690476190476,0.15316301945778832
item_S5002XA,0.0,0.0,10,0.0,0.0,0.6983690476190476,0.15316301945778832
item_S51811A,0.0,0.0,10,0.0,0.0,0.6983690476190476,0.15316301945778832
item_S51812A,0.0,0.0,10,0.0,0.0,0.6983690476190476,0.15316301945778832
item_S59901A,0.0,0.0,10,0.0,0.0,0.6983690476190476,0.15316301945778832
item_S59902A,0.0,0.0,10,0.0,0.0,0.6983690476190476,0.15316301945778832
item_S60211A,0.0,0.0,10,0.0,0.0,0.6983690476190476,0.15316301945778832
item_S300XXA,0.0,0.0,10,0.0,0.0,0.6983690476190476,0.15316301945778832
item_S301XXA,0.0,0.0,10,0.0,0.0,0.6983690476190476,0.15316301945778832
item_S335XXA,0.0,0.0,10,0.0,0.0,0.6983690476190476,0.15316301945778832
item_S335XXD,0.0,0.0,10,0.0,0.0,0.6983690476190476,0.15316301945778832
item_S39011A,0.0,0.0,10,0.0,0.0,0.6983690476190476,0.15316301945778832
item_S39012,0.0,0.0,10,0.0,0.0,0.6983690476190476,0.15316301945778832
item_S61211A,0.0,0.0,10,0.0,0.0,0.6983690476190476,0.15316301945778832
item_S61213A,0.0,0.0,10,0.0,0.0,0.6983690476190476,0.15316301945778832
item_S61219A,0.0,0.0,10,0.0,0.0,0.6983690476190476,0.15316301945778832
item_S61411A,0.0,0.0,10,0.0,0.0,0.6983690476190476,0.15316301945778832
item_S61412A,0.0,0.0,10,0.0,0.0,0.6983690476190476,0.15316301945778832
item_S63501A,0.0,0.0,10,0.0,0.0,0.6983690476190476,0.15316301945778832
item_S63502A,0.0,0.0,10,0.0,0.0,0.6983690476190476,0.15316301945778832
item_S6391XA,0.0,0.0,10,0.0,0.0,0.6983690476190476,0.15316301945778832
item_S6992XA,0.0,0.0,10,0.0,0.0,0.6983690476190476,0.15316301945778832
item_S7001XA,0.0,0.0,10,0.0,0.0,0.6983690476190476,0.15316301945778832
item_S43431A,0.0,0.0,10,0.0,0.0,0.6983690476190476,0.15316301945778832
item_S46011A,0.0,0.0,10,0.0,0.0,0.6983690476190476,0.15316301945778832
item_S46012A,0.0,0.0,10,0.0,0.0,0.6983690476190476,0.15316301945778832
item_S46811A,0.0,0.0,10,0.0,0.0,0.6983690476190476,0.15316301945778832
item_S46812A,0.0,0.0,10,0.0,0.0,0.6983690476190476,0.15316301945778832
item_S46911A,0.0,0.0,10,0.0,0.0,0.6983690476190476,0.15316301945778832
item_S8012XA,0.0,0.0,10,0.0,0.0,0.6983690476190476,0.15316301945778832
item_36902,0.0,0.0,10,0.0,0.0,0.6983690476190476,0.15316301945778832
item_S80862A,0.0,0.0,10,0.0,0.0,0.6983690476190476,0.15316301945778832
item_S81802A,0.0,0.0,10,0.0,0.0,0.6983690476190476,0.15316301945778832
item_S81811A,0.0,0.0,10,0.0,0.0,0.6983690476190476,0.15316301945778832
item_S81812A,0.0,0.0,10,0.0,0.0,0.6983690476190476,0.15316301945778832
item_S82891A,0.0,0.0,10,0.0,0.0,0.6983690476190476,0.15316301945778832
item_S83241A,0.0,0.0,10,0.0,0.0,0.6983690476190476,0.15316301945778832
item_S83242A,0.0,0.0,10,0.0,0.0,0.6983690476190476,0.15316301945778832
item_S83281A,0.0,0.0,10,0.0,0.0,0.6983690476190476,0.15316301945778832
item_S83282A,0.0,0.0,10,0.0,0.0,0.6983690476190476,0.15316301945778832
item_S60221A,0.0,0.0,10,0.0,0.0,0.6983690476190476,0.15316301945778832
item_S60222A,0.0,0.0,10,0.0,0.0,0.6983690476190476,0.15316301945778832
item_S61011A,0.0,0.0,10,0.0,0.0,0.6983690476190476,0.15316301945778832
item_S61012A,0.0,0.0,10,0.0,0.0,0.6983690476190476,0.15316301945778832
item_S61210A,0.0,0.0,10,0.0,0.0,0.6983690476190476,0.15316301945778832
item_S8391XA,0.0,0.0,10,0.0,0.0,0.6983690476190476,0.15316301945778832
item_S8392XA,0.0,0.0,10,0.0,0.0,0.6983690476190476,0.15316301945778832
item_S86911A,0.0,0.0,10,0.0,0.0,0.6983690476190476,0.15316301945778832
item_S86912A,0.0,0.0,10,0.0,0.0,0.6983690476190476,0.15316301945778832
item_S8991XA,0.0,0.0,10,0.0,0.0,0.6983690476190476,0.15316301945778832
item_S8992XA,0.0,0.0,10,0.0,0.0,0.6983690476190476,0.15316301945778832
item_S9031XA,0.0,0.0,10,0.0,0.0,0.6983690476190476,0.15316301945778832
item_38221,0.0,0.0,10,0.0,0.0,0.6983690476190476,0.15316301945778832
item_47562,0.0,0.0,10,0.0,0.0,0.6983690476190476,0.15316301945778832
item_47563,0.0,0.0,10,0.0,0.0,0.6983690476190476,0.15316301945778832
item_S91331A,0.0,0.0,10,0.0,0.0,0.6983690476190476,0.15316301945778832
item_S7002XA,0.0,0.0,10,0.0,0.0,0.6983690476190476,0.15316301945778832
item_S76011A,0.0,0.0,10,0.0,0.0,0.6983690476190476,0.15316301945778832
item_S8001XA,0.0,0.0,10,0.0,0.0,0.6983690476190476,0.15316301945778832
item_S8002XA,0.0,0.0,10,0.0,0.0,0.6983690476190476,0.15316301945778832
item_S8011XA,0.0,0.0,10,0.0,0.0,0.6983690476190476,0.15316301945778832
item_S93402D,0.0,0.0,10,0.0,0.0,0.6983690476190476,0.15316301945778832
item_S93411A,0.0,0.0,10,0.0,0.0,0.6983690476190476,0.15316301945778832
item_S93491A,0.0,0.0,10,0.0,0.0,0.6983690476190476,0.15316301945778832
item_S93492A,0.0,0.0,10,0.0,0.0,0.6983690476190476,0.15316301945778832
item_S93601A,0.0,0.0,10,0.0,0.0,0.6983690476190476,0.15316301945778832
item_S93602A,0.0,0.0,10,0.0,0.0,0.6983690476190476,0.15316301945778832
item_S9445,0.0,0.0,10,0.0,0.0,0.6983690476190476,0.15316301945778832
item_S9446,0.0,0.0,10,0.0,0.0,0.6983690476190476,0.15316301945778832
item_S99911A,0.0,0.0,10,0.0,0.0,0.6983690476190476,0.15316301945778832
item_S99912A,0.0,0.0,10,0.0,0.0,0.6983690476190476,0.15316301945778832
item_S99921A,0.0,0.0,10,0.0,0.0,0.6983690476190476,0.15316301945778832
item_S83411A,0.0,0.0,10,0.0,0.0,0.6983690476190476,0.15316301945778832
item_S83511A,0.0,0.0,10,0.0,0.0,0.6983690476190476,0.15316301945778832
item_S83511D,0.0,0.0,10,0.0,0.0,0.6983690476190476,0.15316301945778832
item_S83512A,0.0,0.0,10,0.0,0.0,0.6983690476190476,0.15316301945778832
item_S83512D,0.0,0.0,10,0.0,0.0,0.6983690476190476,0.15316301945778832
item_SAVELLA,0.0,0.0,10,0.0,0.0,0.6983690476190476,0.15316301945778832
item_SAXENDA,0.0,0.0,10,0.0,0.0,0.6983690476190476,0.15316301945778832
item_SCOPOLAMINE,0.0,0.0,10,0.0,0.0,0.6983690476190476,0.15316301945778832
item_SELENIUM SULFIDE,0.0,0.0,10,0.0,0.0,0.6983690476190476,0.15316301945778832
item_SENEXON-S,0.0,0.0,10,0.0,0.0,0.6983690476190476,0.15316301945778832
item_SENNA,0.0,0.0,10,0.0,0.0,0.6983690476190476,0.15316301945778832
item_SENNA LAX,0.0,0.0,10,0.0,0.0,0.6983690476190476,0.15316301945778832
item_SENSIPAR,0.0,0.0,10,0.0,0.0,0.6983690476190476,0.15316301945778832
item_SEROQUEL XR,0.0,0.0,10,0.0,0.0,0.6983690476190476,0.15316301945778832
item_4779,0.0,0.0,10,0.0,0.0,0.6983690476190476,0.15316301945778832
item_SF 5000 PLUS,0.0,0.0,10,0.0,0.0,0.6983690476190476,0.15316301945778832
item_S92351A,0.0,0.0,10,0.0,0.0,0.6983690476190476,0.15316301945778832
item_S93401,0.0,0.0,10,0.0,0.0,0.6983690476190476,0.15316301945778832
item_S93401A,0.0,0.0,10,0.0,0.0,0.6983690476190476,0.15316301945778832
item_S93401D,0.0,0.0,10,0.0,0.0,0.6983690476190476,0.15316301945778832
item_S93402A,0.0,0.0,10,0.0,0.0,0.6983690476190476,0.15316301945778832
item_SM NICOTINE TRANSDERMAL S,0.0,0.0,10,0.0,0.0,0.6983690476190476,0.15316301945778832
item_SODIUM CHLORIDE,0.0,0.0,10,0.0,0.0,0.6983690476190476,0.15316301945778832
item_SODIUM SULFACETAMIDE,0.0,0.0,10,0.0,0.0,0.6983690476190476,0.15316301945778832
item_SODIUM SULFACETAMIDE/SULF,0.0,0.0,10,0.0,0.0,0.6983690476190476,0.15316301945778832
item_SOOLANTRA,0.0,0.0,10,0.0,0.0,0.6983690476190476,0.15316301945778832
item_SPIRIVA HANDIHALER,0.0,0.0,10,0.0,0.0,0.6983690476190476,0.15316301945778832
item_SPIRIVA RESPIMAT,0.0,0.0,10,0.0,0.0,0.6983690476190476,0.15316301945778832
item_486,0.0,0.0,10,0.0,0.0,0.6983690476190476,0.15316301945778832
item_SPRINTEC 28,0.0,0.0,10,0.0,0.0,0.6983690476190476,0.15316301945778832
item_SRONYX,0.0,0.0,10,0.0,0.0,0.6983690476190476,0.15316301945778832
item_SSD,0.0,0.0,10,0.0,0.0,0.6983690476190476,0.15316301945778832
item_STELARA,0.0,0.0,10,0.0,0.0,0.6983690476190476,0.15316301945778832
item_490,0.0,0.0,10,0.0,0.0,0.6983690476190476,0.15316301945778832
item_SALICYLIC ACID,0.0,0.0,10,0.0,0.0,0.6983690476190476,0.15316301945778832
item_SANTYL,0.0,0.0,10,0.0,0.0,0.6983690476190476,0.15316301945778832
item_SAPHRIS,0.0,0.0,10,0.0,0.0,0.6983690476190476,0.15316301945778832
item_SUCRALFATE,0.0,0.0,10,0.0,0.0,0.6983690476190476,0.15316301945778832
item_SULFACETAMIDE SODIUM,0.0,0.0,10,0.0,0.0,0.6983690476190476,0.15316301945778832
item_SULFACETAMIDE SODIUM/SULF,0.0,0.0,10,0.0,0.0,0.6983690476190476,0.15316301945778832
item_SULFAMETHOXAZOLE/TRIMETHO,0.0,0.0,10,0.0,0.0,0.6983690476190476,0.15316301945778832
item_SULFASALAZINE,0.0,0.0,10,0.0,0.0,0.6983690476190476,0.15316301945778832
item_SULINDAC,0.0,0.0,10,0.0,0.0,0.6983690476190476,0.15316301945778832
item_SUMATRIPTAN,0.0,0.0,10,0.0,0.0,0.6983690476190476,0.15316301945778832
item_49083,0.0,0.0,10,0.0,0.0,0.6983690476190476,0.15316301945778832
item_49300,0.0,0.0,10,0.0,0.0,0.6983690476190476,0.15316301945778832
item_SYEDA,0.0,0.0,10,0.0,0.0,0.6983690476190476,0.15316301945778832
item_49320,0.0,0.0,10,0.0,0.0,0.6983690476190476,0.15316301945778832
item_42826,0.0,0.0,10,0.0,0.0,0.6983690476190476,0.15316301945778832
item_SHAROBEL,0.0,0.0,10,0.0,0.0,0.6983690476190476,0.15316301945778832
item_SILDENAFIL CITRATE,0.0,0.0,10,0.0,0.0,0.6983690476190476,0.15316301945778832
item_SILVER SULFADIAZINE,0.0,0.0,10,0.0,0.0,0.6983690476190476,0.15316301945778832
item_SIMVASTATIN,0.0,0.0,10,0.0,0.0,0.6983690476190476,0.15316301945778832
item_T148XXA,0.0,0.0,10,0.0,0.0,0.6983690476190476,0.15316301945778832
item_T1490,0.0,0.0,10,0.0,0.0,0.6983690476190476,0.15316301945778832
item_T1490XA,0.0,0.0,10,0.0,0.0,0.6983690476190476,0.15316301945778832
item_T1491,0.0,0.0,10,0.0,0.0,0.6983690476190476,0.15316301945778832
item_T1501XA,0.0,0.0,10,0.0,0.0,0.6983690476190476,0.15316301945778832
item_T1502XA,0.0,0.0,10,0.0,0.0,0.6983690476190476,0.15316301945778832
item_T161XXA,0.0,0.0,10,0.0,0.0,0.6983690476190476,0.15316301945778832
item_T192XXA,0.0,0.0,10,0.0,0.0,0.6983690476190476,0.15316301945778832
item_T2021,0.0,0.0,10,0.0,0.0,0.6983690476190476,0.15316301945778832
item_T300,0.0,0.0,10,0.0,0.0,0.6983690476190476,0.15316301945778832
item_43235,0.0,0.0,10,0.0,0.0,0.6983690476190476,0.15316301945778832
item_T402X1A,0.0,0.0,10,0.0,0.0,0.6983690476190476,0.15316301945778832
item_T40601A,0.0,0.0,10,0.0,0.0,0.6983690476190476,0.15316301945778832
item_STRATTERA,0.0,0.0,10,0.0,0.0,0.6983690476190476,0.15316301945778832
item_STRIBILD,0.0,0.0,10,0.0,0.0,0.6983690476190476,0.15316301945778832
item_43239,0.0,0.0,10,0.0,0.0,0.6983690476190476,0.15316301945778832
item_T50902A,0.0,0.0,10,0.0,0.0,0.6983690476190476,0.15316301945778832
item_T50904A,0.0,0.0,10,0.0,0.0,0.6983690476190476,0.15316301945778832
item_T63441A,0.0,0.0,10,0.0,0.0,0.6983690476190476,0.15316301945778832
item_T7421XA,0.0,0.0,10,0.0,0.0,0.6983690476190476,0.15316301945778832
item_T7621XA,0.0,0.0,10,0.0,0.0,0.6983690476190476,0.15316301945778832
item_T781XXA,0.0,0.0,10,0.0,0.0,0.6983690476190476,0.15316301945778832
item_T782XXA,0.0,0.0,10,0.0,0.0,0.6983690476190476,0.15316301945778832
item_T783XXA,0.0,0.0,10,0.0,0.0,0.6983690476190476,0.15316301945778832
item_T7840X,0.0,0.0,10,0.0,0.0,0.6983690476190476,0.15316301945778832
item_T7840XA,0.0,0.0,10,0.0,0.0,0.6983690476190476,0.15316301945778832
item_T8130XA,0.0,0.0,10,0.0,0.0,0.6983690476190476,0.15316301945778832
item_T8131XA,0.0,0.0,10,0.0,0.0,0.6983690476190476,0.15316301945778832
item_T814XXA,0.0,0.0,10,0.0,0.0,0.6983690476190476,0.15316301945778832
item_T07,0.0,0.0,10,0.0,0.0,0.6983690476190476,0.15316301945778832
item_43246,0.0,0.0,10,0.0,0.0,0.6983690476190476,0.15316301945778832
item_T148,0.0,0.0,10,0.0,0.0,0.6983690476190476,0.15316301945778832
item_T82868A,0.0,0.0,10,0.0,0.0,0.6983690476190476,0.15316301945778832
item_T82898A,0.0,0.0,10,0.0,0.0,0.6983690476190476,0.15316301945778832
item_T8332XA,0.0,0.0,10,0.0,0.0,0.6983690476190476,0.15316301945778832
item_T8339XA,0.0,0.0,10,0.0,0.0,0.6983690476190476,0.15316301945778832
item_T8484XA,0.0,0.0,10,0.0,0.0,0.6983690476190476,0.15316301945778832
item_T887XXA,0.0,0.0,10,0.0,0.0,0.6983690476190476,0.15316301945778832
item_TACROLIMUS,0.0,0.0,10,0.0,0.0,0.6983690476190476,0.15316301945778832
item_TAMIFLU,0.0,0.0,10,0.0,0.0,0.6983690476190476,0.15316301945778832
item_TAMOXIFEN CITRATE,0.0,0.0,10,0.0,0.0,0.6983690476190476,0.15316301945778832
item_TAMSULOSIN HYDROCHLORIDE,0.0,0.0,10,0.0,0.0,0.6983690476190476,0.15316301945778832
item_TAYTULLA,0.0,0.0,10,0.0,0.0,0.6983690476190476,0.15316301945778832
item_TAZORAC,0.0,0.0,10,0.0,0.0,0.6983690476190476,0.15316301945778832
item_TECFIDERA,0.0,0.0,10,0.0,0.0,0.6983690476190476,0.15316301945778832
item_T424X1A,0.0,0.0,10,0.0,0.0,0.6983690476190476,0.15316301945778832
item_T424X2A,0.0,0.0,10,0.0,0.0,0.6983690476190476,0.15316301945778832
item_43247,0.0,0.0,10,0.0,0.0,0.6983690476190476,0.15316301945778832
item_43248,0.0,0.0,10,0.0,0.0,0.6983690476190476,0.15316301945778832
item_TESTOSTERONE,0.0,0.0,10,0.0,0.0,0.6983690476190476,0.15316301945778832
item_43249,0.0,0.0,10,0.0,0.0,0.6983690476190476,0.15316301945778832
item_TETRACYCLINE HYDROCHLORID,0.0,0.0,10,0.0,0.0,0.6983690476190476,0.15316301945778832
item_THERA,0.0,0.0,10,0.0,0.0,0.6983690476190476,0.15316301945778832
item_TIMOLOL MALEATE,0.0,0.0,10,0.0,0.0,0.6983690476190476,0.15316301945778832
item_TINIDAZOLE,0.0,0.0,10,0.0,0.0,0.6983690476190476,0.15316301945778832
item_TIROSINT,0.0,0.0,10,0.0,0.0,0.6983690476190476,0.15316301945778832
item_TIVICAY,0.0,0.0,10,0.0,0.0,0.6983690476190476,0.15316301945778832
item_43450,0.0,0.0,10,0.0,0.0,0.6983690476190476,0.15316301945778832
item_TOBRADEX,0.0,0.0,10,0.0,0.0,0.6983690476190476,0.15316301945778832
item_TOBRAMYCIN SULFATE,0.0,0.0,10,0.0,0.0,0.6983690476190476,0.15316301945778832
item_TOBRAMYCIN/DEXAMETHASONE,0.0,0.0,10,0.0,0.0,0.6983690476190476,0.15316301945778832
item_T8189XA,0.0,0.0,10,0.0,0.0,0.6983690476190476,0.15316301945778832
item_T827XXA,0.0,0.0,10,0.0,0.0,0.6983690476190476,0.15316301945778832
item_T82858A,0.0,0.0,10,0.0,0.0,0.6983690476190476,0.15316301945778832
item_00104,0.0,0.0,10,0.0,0.0,0.6983690476190476,0.15316301945778832
item_00944,0.0,0.0,10,0.0,0.0,0.6983690476190476,0.15316301945778832
item_00948,0.0,0.0,10,0.0,0.0,0.6983690476190476,0.15316301945778832
item_Z8719,0.0,0.0,10,0.0,0.0,0.6983690476190476,0.15316301945778832
item_Z8742,0.0,0.0,10,0.0,0.0,0.6983690476190476,0.15316301945778832
item_Z87440,0.0,0.0,10,0.0,0.0,0.6983690476190476,0.15316301945778832
item_Z87442,0.0,0.0,10,0.0,0.0,0.6983690476190476,0.15316301945778832
item_Z8751,0.0,0.0,10,0.0,0.0,0.6983690476190476,0.15316301945778832
item_Z8759,0.0,0.0,10,0.0,0.0,0.6983690476190476,0.15316301945778832
item_Z87891,0.0,0.0,10,0.0,0.0,0.6983690476190476,0.15316301945778832
item_Z9049,0.0,0.0,10,0.0,0.0,0.6983690476190476,0.15316301945778832
item_Z91018,0.0,0.0,10,0.0,0.0,0.6983690476190476,0.15316301945778832
item_Z9109,0.0,0.0,10,0.0,0.0,0.6983690476190476,0.15316301945778832
item_Z9189,0.0,0.0,10,0.0,0.0,0.6983690476190476,0.15316301945778832
item_Z940,0.0,0.0,10,0.0,0.0,0.6983690476190476,0.15316301945778832
item_50590,0.0,0.0,10,0.0,0.0,0.6983690476190476,0.15316301945778832
item_Z95810,0.0,0.0,10,0.0,0.0,0.6983690476190476,0.15316301945778832
item_Z9884,0.0,0.0,10,0.0,0.0,0.6983690476190476,0.15316301945778832
item_Z9889,0.0,0.0,10,0.0,0.0,0.6983690476190476,0.15316301945778832
item_Z98890,0.0,0.0,10,0.0,0.0,0.6983690476190476,0.15316301945778832
item_Z992,0.0,0.0,10,0.0,0.0,0.6983690476190476,0.15316301945778832
item_ZALEPLON,0.0,0.0,10,0.0,0.0,0.6983690476190476,0.15316301945778832
item_ZARAH,0.0,0.0,10,0.0,0.0,0.6983690476190476,0.15316301945778832
item_ZETIA,0.0,0.0,10,0.0,0.0,0.6983690476190476,0.15316301945778832
item_51700,0.0,0.0,10,0.0,0.0,0.6983690476190476,0.15316301945778832
item_ZOLMITRIPTAN,0.0,0.0,10,0.0,0.0,0.6983690476190476,0.15316301945778832
item_ZOLPIDEM TARTRATE ER,0.0,0.0,10,0.0,0.0,0.6983690476190476,0.15316301945778832
item_ZONISAMIDE,0.0,0.0,10,0.0,0.0,0.6983690476190476,0.15316301945778832
item_ZOVIA 1/35E,0.0,0.0,10,0.0,0.0,0.6983690476190476,0.15316301945778832
item_00160,0.0,0.0,10,0.0,0.0,0.6983690476190476,0.15316301945778832
item_TEMAZEPAM,0.0,0.0,10,0.0,0.0,0.6983690476190476,0.15316301945778832
item_00810,0.0,0.0,10,0.0,0.0,0.6983690476190476,0.15316301945778832
item_Z391,-1.2343647136244223e-08,0.0001262924274598435,10,0.0,0.00018012349308078434,0.6983690476190476,0.15316301945778832
item_85014,-2.1944261583353048e-08,0.00010036022711995072,10,-1.1102230246251566e-17,0.00014368883973786046,0.6983690476190476,0.15316301945778832
item_82550,-2.605881062101755e-08,3.794864678140007e-05,10,0.0,5.4309276588816525e-05,0.6983690476190476,0.15316301945778832
item_82950,-3.017335966644087e-08,3.813938907057271e-05,10,0.0,5.4309276588816525e-05,0.6983690476190476,0.15316301945778832
item_95886,-6.034671933288174e-08,7.627877814114542e-05,10,0.0,0.00010861855317763305,0.6983690476190476,0.15316301945778832
item_82553,-8.229098090849359e-08,0.00018962997011295784,10,0.0,0.00027154638294413496,0.6983690476190476,0.15316301945778832
item_G0444,-2.3452929558144657e-07,0.00016062092995044314,10,1.1102230246251566e-17,0.00023041474654378333,0.6983690476190476,0.15316301945778832
item_AMLODIPINE BESYLATE,-4.0322580645158876e-07,0.00025977630123013396,10,0.0,0.00037232564189068726,0.6983690476190476,0.15316301945778832
item_87389,-7.721637041911709e-06,0.0002932017493223032,10,-1.1520737327186392e-05,0.00041874530179828476,0.6983690476190476,0.15316301945778832
item_86431,-7.805299539176509e-06,0.00014377133131387033,10,-1.1520737327197495e-05,0.0002064466982444675,0.6983690476190476,0.15316301945778832
item_83605,-7.8683892911986e-06,0.00014372825189615026,10,-1.1520737327186392e-05,0.0002064466982444751,0.6983690476190476,0.15316301945778832
item_73564,-7.875246872940986e-06,0.00011626877311828795,10,-1.1520737327186392e-05,0.00016695134500218812,0.6983690476190476,0.15316301945778832
item_F10239,-7.88073293831934e-06,0.00012275337466759377,10,-1.1520737327164188e-05,0.0001755626643727228,0.6983690476190476,0.15316301945778832
item_A9585,-7.9081632653121e-06,0.00012229752894959506,10,-1.1520737327197495e-05,0.00017556266437268798,0.6983690476190476,0.15316301945778832
item_80366,-7.953423304819521e-06,0.00014407843039418206,10,-1.1520737327208596e-05,0.00020644669824450122,0.6983690476190476,0.15316301945778832
item_J45901,-7.956166337500961e-06,0.0001287095424008191,10,-1.1520737327186392e-05,0.00018377090804924383,0.6983690476190476,0.15316301945778832
item_FAMOTIDINE,-8.01514154048539e-06,2.5346103036564524e-05,10,-1.1520737327186392e-05,3.643177027842949e-05,0.6983690476190476,0.15316301945778832
item_72202,-8.01514154048539e-06,2.5346103036564524e-05,10,-1.1520737327186392e-05,3.643177027842949e-05,0.6983690476190476,0.15316301945778832
item_NALTREXONE HCL,-8.015141540493105e-06,0.00012854966411932222,10,-1.1520737327197495e-05,0.0001837709080492508,0.6983690476190476,0.15316301945778832
item_PROCHLORPERAZINE MALEATE,-8.016513056833863e-06,2.5350440152073856e-05,10,-1.1520737327186392e-05,3.643177027842949e-05,0.6983690476190476,0.15316301945778832
item_O99333,-8.016513056833863e-06,2.5350440152073856e-05,10,-1.1520737327186392e-05,3.643177027842949e-05,0.6983690476190476,0.15316301945778832
item_IPRATROPIUM BROMIDE/ALBUT,-8.016513056833863e-06,2.5350440152073856e-05,10,-1.1520737327186392e-05,3.643177027842949e-05,0.6983690476190476,0.15316301945778832
item_DULOXETINE HCL,-8.016513056833863e-06,2.5350440152073856e-05,10,-1.1520737327186392e-05,3.643177027842949e-05,0.6983690476190476,0.15316301945778832
item_DIVALPROEX SODIUM DR,-8.016513056833863e-06,2.5350440152073856e-05,10,-1.1520737327186392e-05,3.643177027842949e-05,0.6983690476190476,0.15316301945778832
item_99490,-8.016513056833863e-06,2.5350440152073856e-05,10,-1.1520737327186392e-05,3.643177027842949e-05,0.6983690476190476,0.15316301945778832
item_G0009,-8.016513056833863e-06,2.5350440152073856e-05,10,-1.1520737327186392e-05,3.643177027842949e-05,0.6983690476190476,0.15316301945778832
item_I081,-8.016513056833863e-06,2.5350440152073856e-05,10,-1.1520737327186392e-05,3.643177027842949e-05,0.6983690476190476,0.15316301945778832
item_F1021,-8.016513056833863e-06,2.5350440152073856e-05,10,-1.1520737327186392e-05,3.643177027842949e-05,0.6983690476190476,0.15316301945778832
item_PAROXETINE HYDROCHLORIDE,-8.016513056833863e-06,2.5350440152073856e-05,10,-1.1520737327186392e-05,3.643177027842949e-05,0.6983690476190476,0.15316301945778832
item_82435,-8.016513056833863e-06,2.5350440152073856e-05,10,-1.1520737327186392e-05,3.643177027842949e-05,0.6983690476190476,0.15316301945778832
item_R6884,-8.016513056833863e-06,2.5350440152073856e-05,10,-1.1520737327186392e-05,3.643177027842949e-05,0.6983690476190476,0.15316301945778832
item_OXYCONTIN,-8.026113671273187e-06,2.538079996063922e-05,10,-1.1520737327186392e-05,3.643177027842949e-05,0.6983690476190476,0.15316301945778832
item_PROMETHEGAN,-8.026113671273187e-06,2.538079996063922e-05,10,-1.1520737327186392e-05,3.643177027842949e-05,0.6983690476190476,0.15316301945778832
item_J7613,-8.026113671273187e-06,2.538079996063922e-05,10,-1.1520737327186392e-05,3.643177027842949e-05,0.6983690476190476,0.15316301945778832
item_99201,-8.028856703970136e-06,2.5389474191657888e-05,10,-1.1520737327186392e-05,3.643177027842949e-05,0.6983690476190476,0.15316301945778832
item_Z720,-8.028856703970136e-06,2.5389474191657888e-05,10,-1.1520737327186392e-05,3.643177027842949e-05,0.6983690476190476,0.15316301945778832
item_H53143,-8.028856703977873e-06,2.538947419168235e-05,10,-1.1520737327197495e-05,3.64317702784646e-05,0.6983690476190476,0.15316301945778832
item_N898,-8.035714285712509e-06,2.5411159769204568e-05,10,-1.1520737327186392e-05,3.643177027842949e-05,0.6983690476190476,0.15316301945778832
item_83970,-8.035714285712509e-06,2.5411159769204568e-05,10,-1.1520737327186392e-05,3.643177027842949e-05,0.6983690476190476,0.15316301945778832
item_J3370,-8.035714285712509e-06,2.5411159769204568e-05,10,-1.1520737327186392e-05,3.643177027842949e-05,0.6983690476190476,0.15316301945778832
item_M797,-8.035714285712509e-06,2.5411159769204568e-05,10,-1.1520737327186392e-05,3.643177027842949e-05,0.6983690476190476,0.15316301945778832
item_R030,-8.035714285712509e-06,2.5411159769204568e-05,10,-1.1520737327186392e-05,3.643177027842949e-05,0.6983690476190476,0.15316301945778832
item_95909,-8.037085802060982e-06,2.5415496884713902e-05,10,-1.1520737327186392e-05,3.643177027842949e-05,0.6983690476190476,0.15316301945778832
item_LOVASTATIN,-8.037085802060982e-06,2.5415496884713902e-05,10,-1.1520737327186392e-05,3.643177027842949e-05,0.6983690476190476,0.15316301945778832
item_J1040,-8.037085802068727e-06,2.54154968847384e-05,10,-1.1520737327197495e-05,3.64317702784646e-05,0.6983690476190476,0.15316301945778832
item_12001,-8.048057932848778e-06,7.062889791135024e-05,10,-1.1520737327186392e-05,0.00010087500412105064,0.6983690476190476,0.15316301945778832
item_87341,-8.053543998242678e-06,2.5467542270825952e-05,10,-1.1520737327186392e-05,3.643177027842949e-05,0.6983690476190476,0.15316301945778832
item_81291,-8.053543998242678e-06,2.5467542270825952e-05,10,-1.1520737327186392e-05,3.643177027842949e-05,0.6983690476190476,0.15316301945778832
item_82962,-8.053543998242678e-06,2.5467542270825952e-05,10,-1.1520737327186392e-05,3.643177027842949e-05,0.6983690476190476,0.15316301945778832
item_I739,-8.053543998242678e-06,2.5467542270825952e-05,10,-1.1520737327186392e-05,3.643177027842949e-05,0.6983690476190476,0.15316301945778832
item_FLOVENT HFA,-8.053543998242678e-06,2.5467542270825952e-05,10,-1.1520737327186392e-05,3.643177027842949e-05,0.6983690476190476,0.15316301945778832
item_97165,-8.063144612682e-06,2.5497902079391308e-05,10,-1.1520737327186392e-05,3.64317702784295e-05,0.6983690476190476,0.15316301945778832
item_S6991XA,-8.063144612682e-06,2.5497902079391308e-05,10,-1.1520737327186392e-05,3.64317702784295e-05,0.6983690476190476,0.15316301945778832
item_NICOTINE POLACRILEX,-8.063144612682e-06,2.5497902079391308e-05,10,-1.1520737327186392e-05,3.64317702784295e-05,0.6983690476190476,0.15316301945778832
item_76816,-8.063144612682e-06,2.5497902079391308e-05,10,-1.1520737327186392e-05,3.64317702784295e-05,0.6983690476190476,0.15316301945778832
item_J7050,-8.063144612682e-06,2.5497902079391308e-05,10,-1.1520737327186392e-05,3.64317702784295e-05,0.6983690476190476,0.15316301945778832
item_GEMFIBROZIL,-8.063144612682e-06,2.5497902079391308e-05,10,-1.1520737327186392e-05,3.64317702784295e-05,0.6983690476190476,0.15316301945778832
item_M79661,-8.075488259818271e-06,2.553693611897534e-05,10,-1.1520737327186392e-05,3.643177027842949e-05,0.6983690476190476,0.15316301945778832
item_O365930,-8.075488259818271e-06,2.553693611897534e-05,10,-1.1520737327186392e-05,3.643177027842949e-05,0.6983690476190476,0.15316301945778832
item_76819,-8.075488259818271e-06,2.553693611897534e-05,10,-1.1520737327186392e-05,3.643177027842949e-05,0.6983690476190476,0.15316301945778832
item_Z3A38,-8.075488259818271e-06,2.553693611897534e-05,10,-1.1520737327186392e-05,3.643177027842949e-05,0.6983690476190476,0.15316301945778832
item_R160,-8.090574939651491e-06,5.944971432286126e-05,10,-1.1520737327186392e-05,8.500746398300215e-05,0.6983690476190476,0.15316301945778832
item_O80,-8.09331797234844e-06,4.587172723886556e-05,10,-1.1520737327186392e-05,6.539702905500243e-05,0.6983690476190476,0.15316301945778832
item_LIDOCAINE/PRILOCAINE,-8.105661619484711e-06,2.563235266018075e-05,10,-1.1520737327186392e-05,3.643177027842949e-05,0.6983690476190476,0.15316301945778832
item_M25511,-8.105661619484711e-06,2.563235266018075e-05,10,-1.1520737327186392e-05,3.643177027842949e-05,0.6983690476190476,0.15316301945778832
item_72157,-8.105661619484711e-06,2.563235266018075e-05,10,-1.1520737327186392e-05,3.643177027842949e-05,0.6983690476190476,0.15316301945778832
item_R6882,-8.105661619484711e-06,2.563235266018075e-05,10,-1.1520737327186392e-05,3.643177027842949e-05,0.6983690476190476,0.15316301945778832
item_F1990,-8.105661619484711e-06,2.563235266018075e-05,10,-1.1520737327186392e-05,3.643177027842949e-05,0.6983690476190476,0.15316301945778832
item_MIRTAZAPINE ODT,-8.105661619484711e-06,2.563235266018075e-05,10,-1.1520737327186392e-05,3.643177027842949e-05,0.6983690476190476,0.15316301945778832
item_86140,-8.105661619484711e-06,2.563235266018075e-05,10,-1.1520737327186392e-05,3.643177027842949e-05,0.6983690476190476,0.15316301945778832
item_H0032,-8.219497476400362e-06,0.00012825570004559454,10,-1.152073732717529e-05,0.00018377090804922914,0.6983690476190476,0.15316301945778832
item_AZITHROMYCIN,-8.241441737991493e-06,0.00028688951033379044,10,-1.1520737327197495e-05,0.0004116413885057523,0.6983690476190476,0.15316301945778832
item_86780,-8.39505156902839e-06,0.0001542689368759075,10,-1.1520737327208596e-05,0.00022027082027187145,0.6983690476190476,0.15316301945778832
item_ZOLPIDEM TARTRATE,-8.580206276064749e-06,0.0002293765837498339,10,-1.1520737327197495e-05,0.0003278859325059213,0.6983690476190476,0.15316301945778832
item_PROMETHAZINE HCL,-1.5904103576918847e-05,0.00016413114302228583,10,-2.3041474654383887e-05,0.00023547941193174119,0.6983690476190476,0.15316301945778832
item_88305,-1.5927419354850628e-05,0.00023270184696934354,10,-2.304147465439499e-05,0.00033390269000435326,0.6983690476190476,0.15316301945778832
item_R110,-1.594250603466839e-05,0.00020995862640328623,10,-2.3041474654372784e-05,0.0003014042530007315,0.6983690476190476,0.15316301945778832
item_NAPROXEN,-1.594799210007002e-05,0.00017655960192870736,10,-2.3041474654383887e-05,0.0002535725655794249,0.6983690476190476,0.15316301945778832
item_87081,-1.5963078779903197e-05,0.0002594615794175108,10,-2.3041474654383887e-05,0.00037153261512894755,0.6983690476190476,0.15316301945778832
item_PREDNISOLONE ACETATE,-1.596856484529715e-05,9.869918452791217e-05,10,-2.3041474654383887e-05,0.00014162126662507955,0.6983690476190476,0.15316301945778832
item_N921,-1.6041255211758578e-05,3.3817945220011966e-05,10,-2.3041474654372784e-05,4.8575693704572655e-05,0.6983690476190476,0.15316301945778832
item_OXYMORPHONE HYDROCHLORIDE,-1.6043998244455523e-05,3.382373360035352e-05,10,-2.3041474654372784e-05,4.8575693704572655e-05,0.6983690476190476,0.15316301945778832
item_R0781,-1.6043998244455523e-05,3.382373360035352e-05,10,-2.3041474654372784e-05,4.8575693704572655e-05,0.6983690476190476,0.15316301945778832
item_ONDANSETRON ODT,-1.6048112793508674e-05,6.330245372163905e-05,10,-2.3041474654383887e-05,9.087680158371951e-05,0.6983690476190476,0.15316301945778832
item_Z1389,-1.6050855826197898e-05,3.383820994744772e-05,10,-2.3041474654372784e-05,4.8575693704572655e-05,0.6983690476190476,0.15316301945778832
item_Z87898,-1.6053598858894844e-05,3.38439927621903e-05,10,-2.3041474654372784e-05,4.8575693704572655e-05,0.6983690476190476,0.15316301945778832
item_O623,-1.6061827956985698e-05,3.386131404778119e-05,10,-2.3041474654372784e-05,4.8575693704572655e-05,0.6983690476190476,0.15316301945778832
item_R079,-1.6063199473349675e-05,0.00034093670782887496,10,-2.304147465439499e-05,0.0004881796799407617,0.6983690476190476,0.15316301945778832
item_CARISOPRODOL,-1.606868553872807e-05,3.387588446592655e-05,10,-2.3041474654372784e-05,4.8575693704572655e-05,0.6983690476190476,0.15316301945778832
item_HYDROCODONE/ACETAMINOPHEN,-1.606868553872807e-05,3.387588446592655e-05,10,-2.3041474654372784e-05,4.8575693704572655e-05,0.6983690476190476,0.15316301945778832
item_O0992,-1.606868553872807e-05,3.387588446592655e-05,10,-2.3041474654372784e-05,4.8575693704572655e-05,0.6983690476190476,0.15316301945778832
item_84132,-1.6070057055076545e-05,3.3878767383237565e-05,10,-2.3041474654372784e-05,4.8575693704572655e-05,0.6983690476190476,0.15316301945778832
item_R000,-1.6072800087781236e-05,3.388443792350057e-05,10,-2.3041474654383887e-05,4.857569370459606e-05,0.6983690476190476,0.15316301945778832
item_STOOL SOFTENER,-1.6079657669515865e-05,3.389907300576695e-05,10,-2.3041474654372784e-05,4.8575693704572655e-05,0.6983690476190476,0.15316301945778832
item_Z1331,-1.609062980030366e-05,3.3922048284638133e-05,10,-2.3041474654372784e-05,4.8575693704572655e-05,0.6983690476190476,0.15316301945778832
item_84450,-1.609062980030366e-05,3.3922048284638133e-05,10,-2.3041474654372784e-05,4.8575693704572655e-05,0.6983690476190476,0.15316301945778832
item_PRILOSEC OTC,-1.6104344963788407e-05,3.395111811873051e-05,10,-2.3041474654372784e-05,4.8575693704572655e-05,0.6983690476190476,0.15316301945778832
item_L03114,-1.6104344963796146e-05,3.3951118118746765e-05,10,-2.3041474654383887e-05,4.857569370459606e-05,0.6983690476190476,0.15316301945778832
item_86707,-1.6104344963796146e-05,3.3951118118746765e-05,10,-2.3041474654383887e-05,4.857569370459606e-05,0.6983690476190476,0.15316301945778832
item_96361,-1.6107087996493115e-05,5.093508454167644e-05,10,-2.3041474654383887e-05,7.286354055689408e-05,0.6983690476190476,0.15316301945778832
item_L02413,-1.6116688610924676e-05,3.397697043562538e-05,10,-2.3041474654372784e-05,4.8575693704572655e-05,0.6983690476190476,0.15316301945778832
item_65222,-1.614274742155344e-05,3.4032283537154546e-05,10,-2.3041474654383887e-05,4.857569370459606e-05,0.6983690476190476,0.15316301945778832
item_Z3202,-1.615920561772739e-05,3.4066818101688684e-05,10,-2.3041474654372784e-05,4.8575693704572655e-05,0.6983690476190476,0.15316301945778832
item_ZUBSOLV,-1.6168806232166713e-05,3.408698380406531e-05,10,-2.3041474654372784e-05,4.8575693704572655e-05,0.6983690476190476,0.15316301945778832
item_87040,-1.617977836296226e-05,9.129771756174202e-05,10,-2.3041474654383887e-05,0.0001307940581100353,0.6983690476190476,0.15316301945778832
item_R0789,-1.6200351108189385e-05,0.00014595130969909635,10,-2.3041474654383887e-05,0.00020893195865951707,0.6983690476190476,0.15316301945778832
item_F29,-1.6211323238977188e-05,0.0001411363247572118,10,-2.3041474654383887e-05,0.00020175000824213508,0.6983690476190476,0.15316301945778832
item_B1710,-1.624561114767359e-05,0.00022371139898298088,10,-2.304147465436168e-05,0.0003203787037575601,0.6983690476190476,0.15316301945778832
item_DULOXETINE HYDROCHLORIDE,-1.627989905640093e-05,0.00022690097388917488,10,-2.3041474654383887e-05,0.0003249492442597059,0.6983690476190476,0.15316301945778832
item_IBU,-1.6304586350658038e-05,0.0002825542860305716,10,-2.304147465436168e-05,0.00040568702446221227,0.6983690476190476,0.15316301945778832
item_99282,-1.645819618168715e-05,0.00040587356282384906,10,-2.304147465436168e-05,0.000581895450841062,0.6983690476190476,0.15316301945778832
item_AMOXICILLIN,-1.6482883475982963e-05,0.0003317047525476543,10,-2.304147465439499e-05,0.00047594265391182473,0.6983690476190476,0.15316301945778832
item_SERTRALINE HYDROCHLORIDE,-2.3751920122890268e-05,0.00013756957475809402,10,-3.4562211981570276e-05,0.0001961910871650631,0.6983690476190476,0.15316301945778832
item_MONTELUKAST SODIUM,-2.383832565284417e-05,0.00030556413028190097,10,-3.4562211981570276e-05,0.00043802375952717645,0.6983690476190476,0.15316301945778832
item_99053,-2.3867127496162147e-05,0.00020452405310992123,10,-3.4562211981570276e-05,0.0002927164208934035,0.6983690476190476,0.15316301945778832
item_96375,-2.3975477287691676e-05,0.000193867267873304,10,-3.4562211981570276e-05,0.0002771902063382259,0.6983690476190476,0.15316301945778832
item_85730,-2.399056396752491e-05,0.00010728417612082475,10,-3.4562211981570276e-05,0.00015408911403793306,0.6983690476190476,0.15316301945778832
item_69210,-2.401662277815369e-05,0.00013694706759715178,10,-3.456221198158138e-05,0.0001961910871650754,0.6983690476190476,0.15316301945778832
item_BENZTROPINE MESYLATE,-2.403856703973705e-05,0.0001656207442087952,10,-3.456221198159248e-05,0.00023703992875594293,0.6983690476190476,0.15316301945778832
item_86003,-2.4064625850334812e-05,0.00013669142796161237,10,-3.456221198155918e-05,0.00019619108716505078,0.6983690476190476,0.15316301945778832
item_84075,-2.4074226464774132e-05,5.417644050222584e-05,10,-3.456221198155918e-05,7.775905042746586e-05,0.6983690476190476,0.15316301945778832
item_99407,-2.4085198595561932e-05,3.8780990087823404e-05,10,-3.456221198155918e-05,5.565044833404852e-05,0.6983690476190476,0.15316301945778832
item_80326,-2.4085198595561932e-05,3.8780990087823404e-05,10,-3.456221198155918e-05,5.565044833404852e-05,0.6983690476190476,0.15316301945778832
item_M25561,-2.408794162825888e-05,5.418320912010338e-05,10,-3.456221198155918e-05,7.775905042746586e-05,0.6983690476190476,0.15316301945778832
item_F439,-2.4094799210009e-05,5.420014075261494e-05,10,-3.4562211981570276e-05,7.775905042747864e-05,0.6983690476190476,0.15316301945778832
item_J0390,-2.4107142857137525e-05,3.881652747440642e-05,10,-3.456221198155918e-05,5.565044833404851e-05,0.6983690476190476,0.15316301945778832
item_F1210,-2.4115371955228372e-05,3.8829603067594645e-05,10,-3.456221198155918e-05,5.565044833404852e-05,0.6983690476190476,0.15316301945778832
item_TIZANIDINE HCL,-2.4126344086016172e-05,3.884737381863034e-05,10,-3.456221198155918e-05,5.565044833404851e-05,0.6983690476190476,0.15316301945778832
item_E46,-2.4127715602364645e-05,3.8849579823168754e-05,10,-3.456221198155918e-05,5.565044833404851e-05,0.6983690476190476,0.15316301945778832
item_84481,-2.4138687733160187e-05,5.424176019407355e-05,10,-3.4562211981570276e-05,7.775905042747867e-05,0.6983690476190476,0.15316301945778832
item_M47817,-2.4145545314894813e-05,3.8878110964365385e-05,10,-3.456221198155918e-05,5.565044833404852e-05,0.6983690476190476,0.15316301945778832
item_LORAZEPAM,-2.4146916831251048e-05,0.00013715871415786323,10,-3.4562211981570276e-05,0.00019619108716504137,0.6983690476190476,0.15316301945778832
item_99224,-2.4153774412993405e-05,3.88913212722454e-05,10,-3.4562211981570276e-05,5.5650448334066396e-05,0.6983690476190476,0.15316301945778832
item_72128,-2.4159260478379558e-05,3.8900727411571675e-05,10,-3.456221198155918e-05,5.565044833404852e-05,0.6983690476190476,0.15316301945778832
item_80329,-2.4166118060121933e-05,3.8911252806326756e-05,10,-3.456221198155918e-05,5.565044833404851e-05,0.6983690476190476,0.15316301945778832
item_70486,-2.4172975641872073e-05,0.00013732446368878905,10,-3.4562211981570276e-05,0.00019619108716504137,0.6983690476190476,0.15316301945778832
item_F3181,-2.417434715821278e-05,3.892498613182565e-05,10,-3.456221198155918e-05,5.565044833404851e-05,0.6983690476190476,0.15316301945778832
item_85652,-2.4186690805356818e-05,0.00013731274143683405,10,-3.4562211981570276e-05,0.00019619108716504134,0.6983690476190476,0.15316301945778832
item_K0889,-2.423195084484871e-05,5.447121669030169e-05,10,-3.456221198155918e-05,7.775905042746586e-05,0.6983690476190476,0.15316301945778832
item_11900,-2.423332236118946e-05,0.00013727321684893108,10,-3.456221198154808e-05,0.00019619108716506018,0.6983690476190476,0.15316301945778832
item_M792,-2.4234693877545664e-05,3.902175933186309e-05,10,-3.456221198155918e-05,5.565044833404851e-05,0.6983690476190476,0.15316301945778832
item_OMEPRAZOLE,-2.424017994293956e-05,5.462100824617935e-05,10,-3.456221198155918e-05,7.775905042746586e-05,0.6983690476190476,0.15316301945778832
item_K921,-2.4270353302606033e-05,0.00013724186042434809,10,-3.456221198155918e-05,0.00019619108716505078,0.6983690476190476,0.15316301945778832
item_76805,-2.427583936801542e-05,0.0001566733076280313,10,-3.456221198158138e-05,0.00022425194040947264,0.6983690476190476,0.15316301945778832
item_R109,-2.4284068466098486e-05,0.00029856449566173146,10,-3.4562211981570276e-05,0.00042780406886739974,0.6983690476190476,0.15316301945778832
item_76856,-3.193850120692726e-05,0.00018253962895981317,10,-4.608294930874557e-05,0.00026158811622007495,0.6983690476190476,0.15316301945778832
item_PROMETHAZINE/DEXTROMETHOR,-3.2009820057047995e-05,0.00013733555141917325,10,-4.608294930874557e-05,0.000197315400593934,0.6983690476190476,0.15316301945778832
item_87517,-3.205919464560081e-05,0.00013197422447453383,10,-4.608294930875667e-05,0.0001896941480065742,0.6983690476190476,0.15316301945778832
item_93018,-3.2072909809085574e-05,0.00013237791851648483,10,-4.608294930875667e-05,0.0001896941480065742,0.6983690476190476,0.15316301945778832
item_86038,-3.209348255431268e-05,0.00013216395972633017,10,-4.608294930875667e-05,0.0001896941480065742,0.6983690476190476,0.15316301945778832
item_94010,-3.2101711652395796e-05,0.000132156181487294,10,-4.608294930874557e-05,0.0001896941480065847,0.6983690476190476,0.15316301945778832
item_80325,-3.210856923414591e-05,5.613172365675203e-05,10,-4.608294930875667e-05,8.055367497467642e-05,0.6983690476190476,0.15316301945778832
item_G0439,-3.2127770463024556e-05,4.1476784593047284e-05,10,-4.608294930875667e-05,5.949283173897839e-05,0.6983690476190476,0.15316301945778832
item_O0990,-3.213051349571376e-05,4.1480421063118335e-05,10,-4.608294930874557e-05,5.9492831738964065e-05,0.6983690476190476,0.15316301945778832
item_L03116,-3.2133256528410715e-05,4.1484182968532115e-05,10,-4.608294930874557e-05,5.9492831738964065e-05,0.6983690476190476,0.15316301945778832
item_Z113,-3.2137371077456165e-05,0.00017423464599321034,10,-4.608294930874557e-05,0.0002500586881121549,0.6983690476190476,0.15316301945778832
item_84403,-3.215245775730485e-05,5.625213589096898e-05,10,-4.6082949308767775e-05,8.055367497468702e-05,0.6983690476190476,0.15316301945778832
item_Z331,-3.21565723063425e-05,6.77923844942199e-05,10,-4.608294930875667e-05,9.715138740916872e-05,0.6983690476190476,0.15316301945778832
item_81001,-3.217851656792588e-05,0.00013795200138174698,10,-4.6082949308767775e-05,0.0001973154005939354,0.6983690476190476,0.15316301945778832
item_CETIRIZINE HYDROCHLORIDE,-3.220320386219066e-05,5.6244153610394626e-05,10,-4.608294930875667e-05,8.055367497467642e-05,0.6983690476190476,0.15316301945778832
item_82977,-3.220457537853913e-05,4.157611925546059e-05,10,-4.608294930875667e-05,5.9492831738978396e-05,0.6983690476190476,0.15316301945778832
item_L089,-3.220731841122834e-05,4.157974140811389e-05,10,-4.608294930874557e-05,5.9492831738964065e-05,0.6983690476190476,0.15316301945778832
item_DICYCLOMINE HYDROCHLORIDE,-3.221691902566766e-05,0.00010858980802125453,10,-4.608294930874557e-05,0.00015551810085493172,0.6983690476190476,0.15316301945778832
item_76700,-3.2230634189160166e-05,0.00013258970311359172,10,-4.608294930875667e-05,0.0001896941480065742,0.6983690476190476,0.15316301945778832
item_CLONIDINE HCL,-3.2251206934379524e-05,4.163669302879262e-05,10,-4.608294930874557e-05,5.949283173896405e-05,0.6983690476190476,0.15316301945778832
item_DOXEPIN HCL,-3.2259436032470374e-05,4.1647095289217736e-05,10,-4.608294930874557e-05,5.9492831738964065e-05,0.6983690476190476,0.15316301945778832
item_J449,-3.2264922097864286e-05,0.0001322336665369361,10,-4.608294930874557e-05,0.00018969414800662217,0.6983690476190476,0.15316301945778832
item_O355XX0,-3.227177967960665e-05,4.1663040332391585e-05,10,-4.608294930874557e-05,5.9492831738964065e-05,0.6983690476190476,0.15316301945778832
item_84425,-3.228000877769749e-05,4.167364866593416e-05,10,-4.608294930874557e-05,5.949283173896405e-05,0.6983690476190476,0.15316301945778832
item_O208,-3.22882378757961e-05,5.638168675676561e-05,10,-4.608294930875667e-05,8.055367497467642e-05,0.6983690476190476,0.15316301945778832
item_82542,-3.229783849022766e-05,4.169653539918855e-05,10,-4.608294930874557e-05,5.9492831738964065e-05,0.6983690476190476,0.15316301945778832
item_R9431,-3.242264647794666e-05,0.0001025294106407477,10,-4.608294930875667e-05,0.0001457270811137531,0.6983690476190476,0.15316301945778832
item_R1013,-3.984254992320169e-05,0.00022825961667944622,10,-5.760368663595417e-05,0.00032698514527509476,0.6983690476190476,0.15316301945778832
item_72110,-4.007570770243468e-05,0.000126730515182847,10,-5.760368663594306e-05,0.00018215885139218256,0.6983690476190476,0.15316301945778832
item_Z30430,-4.007570770243468e-05,0.000126730515182847,10,-5.760368663594306e-05,0.00018215885139218256,0.6983690476190476,0.15316301945778832
item_R188,-4.007570770243468e-05,0.000126730515182847,10,-5.760368663594306e-05,0.00018215885139218256,0.6983690476190476,0.15316301945778832
item_83001,-4.007570770243468e-05,0.000126730515182847,10,-5.760368663594306e-05,0.00018215885139218256,0.6983690476190476,0.15316301945778832
item_N912,-4.007570770243468e-05,0.000126730515182847,10,-5.760368663594306e-05,0.00018215885139218256,0.6983690476190476,0.15316301945778832
item_86200,-4.007570770243468e-05,0.000126730515182847,10,-5.760368663594306e-05,0.00018215885139218256,0.6983690476190476,0.15316301945778832
item_87529,-4.0082565284177046e-05,0.00012675220076039368,10,-5.760368663594306e-05,0.00018215885139218258,0.6983690476190476,0.15316301945778832
item_D485,-4.0082565284177046e-05,0.00012675220076039368,10,-5.760368663594306e-05,0.00018215885139218258,0.6983690476190476,0.15316301945778832
item_R918,-4.013056835637367e-05,0.0001269039998032205,10,-5.760368663594306e-05,0.00018215885139218256,0.6983690476190476,0.15316301945778832
item_L03011,-4.013056835637367e-05,0.0001269039998032205,10,-5.760368663594306e-05,0.00018215885139218256,0.6983690476190476,0.15316301945778832
item_J1940,-4.013056835637367e-05,0.0001269039998032205,10,-5.760368663594306e-05,0.00018215885139218256,0.6983690476190476,0.15316301945778832
item_36556,-4.013056835637367e-05,0.0001269039998032205,10,-5.760368663594306e-05,0.00018215885139218256,0.6983690476190476,0.15316301945778832
item_82785,-4.013056835637367e-05,0.0001269039998032205,10,-5.760368663594306e-05,0.00018215885139218256,0.6983690476190476,0.15316301945778832
item_FREESTYLE LANCETS,-4.013056835637367e-05,0.0001269039998032205,10,-5.760368663594306e-05,0.00018215885139218256,0.6983690476190476,0.15316301945778832
item_81227,-4.0149769585244575e-05,4.232177235992612e-05,10,-5.760368663593196e-05,6.0719617130715826e-05,0.6983690476190476,0.15316301945778832
item_Z363,-4.01511411016008e-05,5.680388075971582e-05,10,-5.760368663594306e-05,8.146391488325095e-05,0.6983690476190476,0.15316301945778832
item_DICLOFENAC SODIUM,-4.017857142856253e-05,0.00019379731177589037,10,-5.760368663593196e-05,0.0002782522416702937,0.6983690476190476,0.15316301945778832
item_Z09,-4.017857142857029e-05,0.00012705579884604733,10,-5.760368663594306e-05,0.00018215885139218256,0.6983690476190476,0.15316301945778832
item_70551,-4.017857142857029e-05,0.00012705579884604733,10,-5.760368663594306e-05,0.00018215885139218256,0.6983690476190476,0.15316301945778832
item_E039,-4.017857142857029e-05,0.00012705579884604733,10,-5.760368663594306e-05,0.00018215885139218256,0.6983690476190476,0.15316301945778832
item_BD PEN NEEDLE/NANO/ULTRA,-4.017857142857029e-05,0.00012705579884604733,10,-5.760368663594306e-05,0.00018215885139218256,0.6983690476190476,0.15316301945778832
item_R0989,-4.017857142857029e-05,0.00012705579884604733,10,-5.760368663594306e-05,0.00018215885139218256,0.6983690476190476,0.15316301945778832
item_LEVOCETIRIZINE DIHYDROCHL,-4.01854290103204e-05,0.00012707748442361853,10,-5.760368663595417e-05,0.00018215885139221769,0.6983690476190476,0.15316301945778832
item_O99321,-4.01991441737974e-05,4.237393025680108e-05,10,-5.760368663594306e-05,6.071961713072753e-05,0.6983690476190476,0.15316301945778832
item_L02412,-4.020188720648661e-05,4.23772470859033e-05,10,-5.760368663593196e-05,6.071961713071582e-05,0.6983690476190476,0.15316301945778832
item_80332,-4.021560236998685e-05,5.69063693893657e-05,10,-5.760368663595417e-05,8.146391488325968e-05,0.6983690476190476,0.15316301945778832
item_92004,-4.0258119376781816e-05,4.243640570454878e-05,10,-5.760368663594306e-05,6.071961713072752e-05,0.6983690476190476,0.15316301945778832
item_HALOPERIDOL,-4.026771999122115e-05,0.0001273377113541543,10,-5.760368663594306e-05,0.00018215885139218258,0.6983690476190476,0.15316301945778832
item_LANTUS,-4.026771999122115e-05,0.0001273377113541543,10,-5.760368663594306e-05,0.00018215885139218258,0.6983690476190476,0.15316301945778832
item_R1084,-4.026771999122115e-05,0.0001273377113541543,10,-5.760368663594306e-05,0.00018215885139218258,0.6983690476190476,0.15316301945778832
item_96360,-4.030063638358457e-05,0.000194621510838452,10,-5.760368663594306e-05,0.00027825224167029623,0.6983690476190476,0.15316301945778832
item_Q0162,-4.031572306341777e-05,0.0001274895103969811,10,-5.760368663594306e-05,0.00018215885139218256,0.6983690476190476,0.15316301945778832
item_82784,-4.031572306341777e-05,0.0001274895103969811,10,-5.760368663594306e-05,0.00018215885139218256,0.6983690476190476,0.15316301945778832
item_97535,-4.031572306341777e-05,0.0001274895103969811,10,-5.760368663594306e-05,0.00018215885139218256,0.6983690476190476,0.15316301945778832
item_87661,-4.0366469168303606e-05,0.00030895284900004586,10,-5.760368663593196e-05,0.0004420454851467507,0.6983690476190476,0.15316301945778832
item_K529,-4.043093043668186e-05,0.00010242326116470875,10,-5.760368663593196e-05,0.0001462322024935143,0.6983690476190476,0.15316301945778832
item_J7120,-4.052830809743137e-05,0.00012816176330092847,10,-5.760368663594306e-05,0.00018215885139218256,0.6983690476190476,0.15316301945778832
item_64483,-4.052830809743137e-05,0.00012816176330092847,10,-5.760368663594306e-05,0.00018215885139218256,0.6983690476190476,0.15316301945778832
item_Q9965,-4.052830809743137e-05,0.00012816176330092847,10,-5.760368663594306e-05,0.00018215885139218256,0.6983690476190476,0.15316301945778832
item_83690,-4.0639400921650034e-05,0.00038131823322607366,10,-5.760368663593196e-05,0.0005464765541765543,0.6983690476190476,0.15316301945778832
item_97112,-4.7929010313807725e-05,0.00028780218449103094,10,-6.912442396314055e-05,0.00041074476058745884,0.6983690476190476,0.15316301945778832
item_R609,-4.8129251700677356e-05,0.00012645945471686864,10,-6.912442396312945e-05,0.00018175360316741713,0.6983690476190476,0.15316301945778832
item_L03115,-4.8141595347813635e-05,0.00015715022652823811,10,-6.912442396312945e-05,0.0002252362257851889,0.6983690476190476,0.15316301945778832
item_APRI,-4.8167654158442396e-05,0.00014761533223048618,10,-6.912442396314055e-05,0.00021173653997066274,0.6983690476190476,0.15316301945778832
item_J301,-4.820194206716198e-05,0.00015744011789674508,10,-6.912442396315167e-05,0.00022523622578518137,0.6983690476190476,0.15316301945778832
item_J2315,-4.826640333552482e-05,4.154181005467232e-05,10,-6.912442396312945e-05,5.949283173897361e-05,0.6983690476190476,0.15316301945778832
item_VYVANSE,-4.832126398946383e-05,0.00015280525362498023,10,-6.912442396312945e-05,0.00021859062167061208,0.6983690476190476,0.15316301945778832
item_PRAZOSIN HYDROCHLORIDE,-4.8458415624311296e-05,0.0001524553292254395,10,-6.912442396312945e-05,0.00021859062167062509,0.6983690476190476,0.15316301945778832
item_86225,-5.608816107088303e-05,0.00016504706969939654,10,-8.064516129032694e-05,0.00023703992875592192,0.6983690476190476,0.15316301945778832
item_DOXEPIN HYDROCHLORIDE,-5.626508667982852e-05,3.882742741837575e-05,10,-8.064516129031584e-05,5.565044833405618e-05,0.6983690476190476,0.15316301945778832
item_87804,-5.626508667983629e-05,0.0002143504939721123,10,-8.064516129032694e-05,0.00030745958373654326,0.6983690476190476,0.15316301945778832
item_80371,-5.627468729426785e-05,5.4339770218237235e-05,10,-8.064516129031584e-05,7.775905042747133e-05,0.6983690476190476,0.15316301945778832
item_F17200,-5.630074610488884e-05,0.00012589572531721048,10,-8.064516129031584e-05,0.00018053240051523408,0.6983690476190476,0.15316301945778832
item_80337,-5.637755102041896e-05,0.0002660576384427883,10,-8.064516129033806e-05,0.0003803588483691181,0.6983690476190476,0.15316301945778832
item_OXYCODONE/ACETAMINOPHEN,-5.640498134739618e-05,0.00018212727252642824,10,-8.064516129034916e-05,0.000260741093652342,0.6983690476190476,0.15316301945778832
item_80320,-5.6455727452266496e-05,5.45697015707471e-05,10,-8.064516129031584e-05,7.775905042747133e-05,0.6983690476190476,0.15316301945778832
item_93000,-5.6507845073516305e-05,0.0002890762207491047,10,-8.064516129032694e-05,0.0004137853685729843,0.6983690476190476,0.15316301945778832
item_98943,-5.666556945358319e-05,0.00018669728634740064,10,-8.064516129031584e-05,0.00026633703355452294,0.6983690476190476,0.15316301945778832
item_FLUTICASONE PROPIONATE,-6.42143954356026e-05,0.00013537597104881018,10,-9.216589861752445e-05,0.00019430277481836085,0.6983690476190476,0.15316301945778832
item_VENLAFAXINE HCL ER,-6.429394338383733e-05,0.00016421824394183496,10,-9.216589861755775e-05,0.00023547941193174357,0.6983690476190476,0.15316301945778832
item_80171,-6.43652622339116e-05,3.392441121156362e-05,10,-9.216589861749114e-05,4.8575693704572655e-05,0.6983690476190476,0.15316301945778832
item_10061,-6.43885780118434e-05,5.110560293076786e-05,10,-9.216589861750224e-05,7.286354055686289e-05,0.6983690476190476,0.15316301945778832
item_J0690,-6.441052227343445e-05,9.920924052503986e-05,10,-9.216589861752445e-05,0.00014162126662508755,0.6983690476190476,0.15316301945778832
item_F1193,-6.44132653061082e-05,3.394974925240013e-05,10,-9.216589861749114e-05,4.8575693704572655e-05,0.6983690476190476,0.15316301945778832
item_83516,-6.463682247092513e-05,0.00013626727240678756,10,-9.216589861751334e-05,0.00019430277481833743,0.6983690476190476,0.15316301945778832
item_96127,-6.484254992321183e-05,0.0002735853681642564,10,-9.216589861753555e-05,0.00039087590322577217,0.6983690476190476,0.15316301945778832
item_CEFUROXIME AXETIL,-7.223913759051958e-05,0.0001534907961295418,10,-0.00010368663594469973,0.00022027082027188693,0.6983690476190476,0.15316301945778832
item_G4700,-7.224325213956497e-05,0.00012287176736472635,10,-0.00010368663594469973,0.0001755626643727309,0.6983690476190476,0.15316301945778832
item_83550,-7.22487382049666e-05,0.00024116738841968962,10,-0.00010368663594471084,0.00034540870693961683,0.6983690476190476,0.15316301945778832
item_F410,-7.230908492428402e-05,7.990236062433096e-05,10,-0.00010368663594468863,0.00011456554447138845,0.6983690476190476,0.15316301945778832
item_ONETOUCH DELICA LANCETS E,-7.232828615317044e-05,0.000153703577567365,10,-0.00010368663594469973,0.00022027082027188693,0.6983690476190476,0.15316301945778832
item_R05,-7.236120254554154e-05,0.0001488563086883055,10,-0.00010368663594471084,0.00021347069292913906,0.6983690476190476,0.15316301945778832
item_O99324,-7.239411893788173e-05,2.5438259590459737e-05,10,-0.00010368663594467753,3.64317702784295e-05,0.6983690476190476,0.15316301945778832
item_90632,-7.243800746105616e-05,0.00017562187852365927,10,-0.00010368663594471084,0.0002515287694902261,0.6983690476190476,0.15316301945778832
item_80363,-7.246818082071486e-05,5.9373216704266316e-05,10,-0.00010368663594469973,8.500746398303893e-05,0.6983690476190476,0.15316301945778832
item_F209,-7.24722953697603e-05,0.00017573545178371978,10,-0.00010368663594469973,0.0002515287694902368,0.6983690476190476,0.15316301945778832
item_87798,-7.248326750055584e-05,0.0001586831178673855,10,-0.00010368663594471084,0.00022686721179328515,0.6983690476190476,0.15316301945778832
item_HYDROCHLOROTHIAZIDE,-7.248463901690431e-05,0.00017578692038419037,10,-0.00010368663594471084,0.0002515287694902261,0.6983690476190476,0.15316301945778832
item_99283,-7.261356155364553e-05,0.0004330353829956193,10,-0.00010368663594468863,0.0006202918280566495,0.6983690476190476,0.15316301945778832
item_CLINDAMYCIN HYDROCHLORIDE,-7.300718674567323e-05,0.0002558421889639711,10,-0.00010368663594471084,0.0003661347599555556,0.6983690476190476,0.15316301945778832
item_NICOTINE TRANSDERMAL SYST,-7.99388303708557e-05,0.0005445772031405403,10,-0.00011520737327188612,0.0007794847592237009,0.6983690476190476,0.15316301945778832
item_ATORVASTATIN CALCIUM,-7.99635176651283e-05,0.00033304030564013467,10,-0.00011520737327188612,0.00047656196797203095,0.6983690476190476,0.15316301945778832
item_80050,-8.01445578231347e-05,0.0006025164734443661,10,-0.00011520737327189723,0.0008621330384271925,0.6983690476190476,0.15316301945778832
item_J1170,-8.029679613782313e-05,0.00010717290955640063,10,-0.00011520737327190833,0.0001536098310291889,0.6983690476190476,0.15316301945778832
item_M722,-8.032285494843645e-05,0.00016933546582178772,10,-0.00011520737327189723,0.00024287846852293348,0.6983690476190476,0.15316301945778832
item_LANTUS SOLOSTAR,-8.034342769365583e-05,0.00016937942232966537,10,-0.00011520737327188612,0.00024287846852291009,0.6983690476190476,0.15316301945778832
item_MAVYRET,-8.038731621681477e-05,6.566377787476017e-05,10,-0.00011520737327189723,9.40664263741865e-05,0.6983690476190476,0.15316301945778832
item_R7989,-8.039828834759482e-05,0.00016949536502886738,10,-0.00011520737327188612,0.00024287846852291009,0.6983690476190476,0.15316301945778832
item_O26899,-8.044766293613215e-05,3.7836600745258276e-05,10,-0.00011520737327187502,5.4309276588816525e-05,0.6983690476190476,0.15316301945778832
item_87350,-8.045040596884458e-05,6.567936911344121e-05,10,-0.00011520737327189723,9.40664263741714e-05,0.6983690476190476,0.15316301945778832
item_F1124,-8.045726355057145e-05,2.8820341962526703e-07,10,-0.00011520737327187502,3.5108757973701736e-17,0.6983690476190476,0.15316301945778832
item_80342,-8.045726355057145e-05,2.8820341962526703e-07,10,-0.00011520737327187502,3.5108757973701736e-17,0.6983690476190476,0.15316301945778832
item_M5417,-8.045726355057147e-05,2.8820341962771866e-07,10,-0.00011520737327187502,3.510789069878834e-17,0.6983690476190476,0.15316301945778832
item_84311,-8.046274961595762e-05,5.368222760248766e-05,10,-0.00011520737327186392,7.680491551457595e-05,0.6983690476190476,0.15316301945778832
item_Z01818,-8.057521395654032e-05,0.00026328446372413463,10,-0.00011520737327187502,0.00037626570549664025,0.6983690476190476,0.15316301945778832
item_Z3490,-8.074528198377441e-05,0.0002243801146689315,10,-0.00011520737327190833,0.00032129801326192907,0.6983690476190476,0.15316301945778832
item_74176,-8.079602808865253e-05,0.00017033409050847627,10,-0.00011520737327188612,0.00024287846852291009,0.6983690476190476,0.15316301945778832
item_G0463,-8.083717357910679e-05,0.00031805387695688,10,-0.00011520737327188612,0.00045438400791854435,0.6983690476190476,0.15316301945778832
item_83735,-8.085088874258384e-05,0.0004288677884979876,10,-0.00011520737327187502,0.0006144393241167348,0.6983690476190476,0.15316301945778832
item_99214,-8.828999341670971e-05,0.0006516847880799634,10,-0.00012672811059906143,0.0009335036386367997,0.6983690476190476,0.15316301945778832
item_H0023,-8.829822251482381e-05,0.00017532191696379204,10,-0.0001267281105990947,0.00025152876949022777,0.6983690476190476,0.15316301945778832
item_OSELTAMIVIR PHOSPHATE,-8.836405529955833e-05,0.00048113815448828316,10,-0.00012672811059910583,0.0006900698335571315,0.6983690476190476,0.15316301945778832
item_80356,-8.837777046301985e-05,8.831889883573543e-05,10,-0.0001267281105990725,0.00012678628278971638,0.6983690476190476,0.15316301945778832
item_B86,-8.838325652840602e-05,7.984642473726007e-05,10,-0.00012672811059906143,0.00011456554447138596,0.6983690476190476,0.15316301945778832
item_L02414,-8.846417599296601e-05,4.5762258113131556e-05,10,-0.00012672811059906143,6.539702905502199e-05,0.6983690476190476,0.15316301945778832
item_80369,-8.850394996707952e-05,5.9392795081115864e-05,10,-0.0001267281105990725,8.500746398303225e-05,0.6983690476190476,0.15316301945778832
item_80336,-8.851355058151882e-05,7.992819981423388e-05,10,-0.0001267281105990725,0.00011456554447140953,0.6983690476190476,0.15316301945778832
item_83540,-8.853275181039755e-05,0.0003681631437895397,10,-0.0001267281105990725,0.0005278068217674543,0.6983690476190476,0.15316301945778832
item_BACLOFEN,-8.855058152291992e-05,0.00017564450489671176,10,-0.00012672811059906143,0.00025152876949021254,0.6983690476190476,0.15316301945778832
item_J9811,-8.880705508009248e-05,0.00020622351627931797,10,-0.0001267281105990725,0.0002947247903893958,0.6983690476190476,0.15316301945778832
item_87481,-8.88235132762742e-05,0.00016784261657211785,10,-0.0001267281105990725,0.00023951560874826196,0.6983690476190476,0.15316301945778832
item_LEVOTHYROXINE SODIUM,-8.907312925168892e-05,0.0005266811427810877,10,-0.00012672811059906143,0.0007534127676228959,0.6983690476190476,0.15316301945778832
item_97110,-9.561663375027616e-05,0.0004687214880402403,10,-0.00013824884792627002,0.0006691290787903216,0.6983690476190476,0.15316301945778832
item_R0602,-9.631473557164218e-05,0.00018453487651876374,10,-0.0001382488479262589,0.0002649491291959989,0.6983690476190476,0.15316301945778832
item_BENZONATATE,-9.639154048716447e-05,0.0002882747703485434,10,-0.00013824884792627002,0.0004128933964889826,0.6983690476190476,0.15316301945778832
item_F250,-9.650126179505025e-05,0.0001772157868549057,10,-0.0001382488479262811,0.0002535725655794159,0.6983690476190476,0.15316301945778832
item_METFORMIN HYDROCHLORIDE E,-0.00010410631994733385,0.0003029730475011129,10,-0.0001497695852534564,0.0004346438960651772,0.6983690476190476,0.15316301945778832
item_83880,-0.00010428598858899186,0.0002518548656978851,10,-0.0001497695852534675,0.00036045161383278443,0.6983690476190476,0.15316301945778832
item_F1510,-0.00010455206276060369,9.315533573912575e-05,10,-0.0001497695852534786,0.00013358315768762267,0.6983690476190476,0.15316301945778832
item_99212,-0.00010477287689269269,0.0002281488054108965,10,-0.0001497695852534564,0.00032608186966749523,0.6983690476190476,0.15316301945778832
item_CYCLOBENZAPRINE HYDROCHLO,-0.00010488945578232074,0.00022455192796807274,10,-0.0001497695852534675,0.0003215274299375395,0.6983690476190476,0.15316301945778832
item_METHOCARBAMOL,-0.0001127386438446562,0.00024899490663161976,10,-0.00016129032258067612,0.00035695699043386634,0.6983690476190476,0.15316301945778832
item_J40,-0.00011275647355718636,0.00013253575013284232,10,-0.00016129032258067612,0.00018969414800658173,0.6983690476190476,0.15316301945778832
item_81003,-0.00011278664691682957,0.0004318047804911592,10,-0.0001612903225806428,0.0006173127894749411,0.6983690476190476,0.15316301945778832
item_80076,-0.00011290322580644993,0.00020519197199876427,10,-0.0001612903225806428,0.00029347117011584736,0.6983690476190476,0.15316301945778832
item_F3160,-0.00012035055957867449,0.00027065540092923313,10,-0.00017281105990784028,0.000388795252137417,0.6983690476190476,0.15316301945778832
item_METFORMIN HYDROCHLORIDE,-0.00012048496818081726,0.00020165867016564218,10,-0.0001728110599078292,0.0002886577645616993,0.6983690476190476,0.15316301945778832
item_E282,-0.0001205905749396576,0.00019416950493570176,10,-0.00017281105990784028,0.0002782522416703141,0.6983690476190476,0.15316301945778832
item_B1920,-0.00012066052227342203,6.82609662517858e-05,10,-0.0001728110599078292,9.790744073720328e-05,0.6983690476190476,0.15316301945778832
item_90847,-0.00012122147245994829,0.00019518579498327895,10,-0.0001728110599078292,0.0002782522416702962,0.6983690476190476,0.15316301945778832
item_86592,-0.00012124341672151614,0.00028210489817498836,10,-0.00017281105990781808,0.000403682719693336,0.6983690476190476,0.15316301945778832
item_83036,-0.00012780200789992902,0.0008889121213815594,10,-0.0001843317972350156,0.0012727387948680596,0.6983690476190476,0.15316301945778832
item_73130,-0.00012823952161508467,0.0004423465636565645,10,-0.00018433179723500447,0.0006338150855845617,0.6983690476190476,0.15316301945778832
item_74178,-0.00012860160193109757,0.00022177498661947882,10,-0.00018433179723502667,0.00031760480995598203,0.6983690476190476,0.15316301945778832
item_DICLOFENAC SODIUM DR,-0.00012875658327846743,0.00029947557604443226,10,-0.0001843317972350156,0.0004283208446574118,0.6983690476190476,0.15316301945778832
item_J3301,-0.00013635204081633505,0.00030051645627045005,10,-0.00019585253456222418,0.0004312375434294952,0.6983690476190476,0.15316301945778832
item_ONETOUCH ULTRA,-0.0001364315887645621,0.00033221127161628985,10,-0.00019585253456224638,0.000476716670773656,0.6983690476190476,0.15316301945778832
item_K029,-0.0001366812047399767,0.0001656761972013116,10,-0.0001958525345622353,0.0002370399287559471,0.6983690476190476,0.15316301945778832
item_F902,-0.00013676898178627132,3.884352248603742e-05,10,-0.00019585253456222418,5.5650448334061286e-05,0.6983690476190476,0.15316301945778832
item_87340,-0.00013710774632433697,0.00017843399333268513,10,-0.00019585253456221307,0.0002550223919490633,0.6983690476190476,0.15316301945778832
item_ESCITALOPRAM OXALATE,-0.00013731621680929733,0.00023421000481520503,10,-0.00019585253456220198,0.0003350050458919237,0.6983690476190476,0.15316301945778832
item_73030,-0.00014445221637043355,0.00022361909005591698,10,-0.00020737327188942168,0.00032037870375753794,0.6983690476190476,0.15316301945778832
item_PROMETHAZINE HYDROCHLORID,-0.00014456468071099307,0.0004003848197080085,10,-0.00020737327188939946,0.0005716680204586444,0.6983690476190476,0.15316301945778832
item_F3289,-0.0001447333772218632,0.00018883735325157626,10,-0.00020737327188941057,0.00027045801630813985,0.6983690476190476,0.15316301945778832
item_45380,-0.00014475257845074962,0.0002069247090764123,10,-0.00020737327188942168,0.00029647095338894305,0.6983690476190476,0.15316301945778832
item_96374,-0.0001449061882817633,0.0001772142664685724,10,-0.00020737327188939946,0.0002535725655794025,0.6983690476190476,0.15316301945778832
item_F1920,-0.00015299264867237709,0.00014387186767502813,10,-0.00021889400921659696,0.0002064466982444992,0.6983690476190476,0.15316301945778832
item_Z1211,-0.00015304065174457374,0.00021642578691275524,10,-0.00021889400921659696,0.00030937225900342567,0.6983690476190476,0.15316301945778832
item_90834,-0.0001605181588764414,0.0006852861253549944,10,-0.00023041474654376116,0.0009805795188021487,0.6983690476190476,0.15316301945778832
item_86708,-0.00016081303489137909,9.282693847536034e-05,10,-0.00023041474654378336,0.0001330300159423234,0.6983690476190476,0.15316301945778832
item_KETOROLAC TROMETHAMINE,-0.00016114631336405072,0.00019691135239774662,10,-0.00023041474654377224,0.0002821992791225092,0.6983690476190476,0.15316301945778832
item_LEVOFLOXACIN,-0.0001687088545095626,0.00032042976628415473,10,-0.00024193548387099195,0.00045906600621409087,0.6983690476190476,0.15316301945778832
item_B182,-0.00018506144393241718,0.0002630139485229952,10,-0.00026497695852535364,0.0003764616262105408,0.6983690476190476,0.15316301945778832
item_R42,-0.00018538512179064955,0.0003498406764147913,10,-0.00026497695852534253,0.0005008540350065516,0.6983690476190476,0.15316301945778832
item_80367,-0.00019298195084488883,0.00010852177610080922,10,-0.00027649769585258444,0.00015551810085498655,0.6983690476190476,0.15316301945778832
item_AMITRIPTYLINE HCL,-0.0001931355606759025,4.17679293089916e-05,10,-0.0002764976958525622,5.949283173898317e-05,0.6983690476190476,0.15316301945778832
item_82043,-0.00020059935264430876,0.00028662688473399267,10,-0.0002880184331797597,0.0004109242426849673,0.6983690476190476,0.15316301945778832
item_92015,-0.00020080645161290526,0.00035818743180662945,10,-0.00028801843317972643,0.0005130717824841824,0.6983690476190476,0.15316301945778832
item_Z1231,-0.0002169327408382848,0.00034127025368479845,10,-0.0003110599078341214,0.0004889343251275501,0.6983690476190476,0.15316301945778832
item_FLUCELVAX QUADRIVALENT 20,-0.0002170122887864963,0.0004557778434331686,10,-0.0003110599078341214,0.0006518244535723075,0.6983690476190476,0.15316301945778832
item_Z3689,-0.00021728110599079738,8.538451328311533e-05,10,-0.0003110599078341214,0.000122044919985183,0.6983690476190476,0.15316301945778832
item_G894,-0.0002173208799648954,0.00021493829473773288,10,-0.0003110599078341103,0.0003074595837365317,0.6983690476190476,0.15316301945778832
item_LAMOTRIGINE,-0.00022461186087337827,0.00039104655947134147,10,-0.0003225806451612856,0.0005612542521181222,0.6983690476190476,0.15316301945778832
item_F17210,-0.0002412949857362541,9.255407569217901e-05,10,-0.0003456221198157028,0.00013303001594229134,0.6983690476190476,0.15316301945778832
item_80321,-0.00024142253675666224,5.3981318196307767e-05,10,-0.0003456221198157028,7.680491551459447e-05,0.6983690476190476,0.15316301945778832
item_80372,-0.0002575419684002761,0.00019670151807948204,10,-0.00036866359447006446,0.00028115215388207517,0.6983690476190476,0.15316301945778832
item_J3490,-0.00028938994952821184,0.00044490651940341883,10,-0.00041474654377882114,0.0006384516878839047,0.6983690476190476,0.15316301945778832
item_J189,-0.00028968482554312617,0.00010863762618369555,10,-0.00041474654377881003,0.0001555181008549646,0.6983690476190476,0.15316301945778832
item_R600,-0.00035418312486284754,0.00013850700963550833,10,-0.0005069124423963123,0.00019731540059391957,0.6983690476190476,0.15316301945778832
item_R112,-0.0003700488259820091,0.00026293698172630937,10,-0.0005299539170506961,0.0003770487775310129,0.6983690476190476,0.15316301945778832
item_80323,-0.0003861902018872064,8.32206677412393e-05,10,-0.0005529953917050689,0.00011898566347794247,0.6983690476190476,0.15316301945778832
item_80349,-0.0004183550032916553,0.00021012032524036117,10,-0.0005990783410138479,0.0003014042530007372,0.6983690476190476,0.15316301945778832
item_80346,-0.0004826146587667343,0.0002981273643668176,10,-0.000691244239631339,0.0004276316714923164,0.6983690476190476,0.15316301945778832
item_83992,-0.0005308796905859184,0.00013720928436464474,10,-0.0007603686635944795,0.00019731540059391523,0.6983690476190476,0.15316301945778832
item_82570,-0.0005391321044546822,0.0002981160175432296,10,-0.0007718894009216548,0.0004278040688673792,0.6983690476190476,0.15316301945778832
item_80361,-0.0005475120693438773,0.0002552588106125664,10,-0.0007834101382488634,0.0003635072063348374,0.6983690476190476,0.15316301945778832
item_80353,-0.0008446826311169543,0.00037348359126141795,10,-0.0012096774193548266,0.0005355731828333558,0.6983690476190476,0.15316301945778832
