feature,scaled_importance_mean,scaled_importance_std,scaled_importance_count,importance_mean,importance_std,recall_mean,logloss_mean
item_FUROSEMIDE,0.0010455723334721336,3.924848390294743e-05,25,0.009130174202259029,0.0003038154366362257,0.11450917113972403,0.6720367787103395
item_CEPHALEXIN,0.0005776350978355216,3.185285141481433e-05,25,0.005044291500642144,0.00026678773217303384,0.11450917113972403,0.6720367787103395
item_HYDROCODONE BITARTRATE/AC,0.0005007915586275354,3.0033561784596228e-05,25,0.004372246188296508,0.00023667512325443354,0.11450917113972403,0.6720367787103395
item_PREDNISONE,0.0004219515734631807,3.0323838594248544e-05,25,0.00368386735601146,0.00024532606291537666,0.11450917113972403,0.6720367787103395
item_ELIQUIS,0.0003787473274996273,3.35088402736564e-05,25,0.0033074060657951065,0.0002865202523515371,0.11450917113972403,0.6720367787103395
item_TRAMADOL HCL,0.0003743162639820403,2.5891925721908946e-05,25,0.0032682846511015266,0.0002127462172619582,0.11450917113972403,0.6720367787103395
item_WARFARIN SODIUM,0.00035909024152888067,2.8368977099942328e-05,25,0.0031348503309513603,0.00023113094644113455,0.11450917113972403,0.6720367787103395
item_ONDANSETRON ODT,0.0003562148584379208,1.0144730467855365e-05,25,0.0031114038265222105,0.00010236596820065553,0.11450917113972403,0.6720367787103395
item_PANTOPRAZOLE SODIUM,0.0003428467693883842,2.4835916782023393e-05,25,0.0029950933579214294,0.00022886907320310274,0.11450917113972403,0.6720367787103395
item_GABAPENTIN,0.0002990243581573328,2.963899044028107e-05,25,0.002610597029670364,0.00024927542408994657,0.11450917113972403,0.6720367787103395
item_SULFAMETHOXAZOLE/TRIMETHO,0.00028796652141731944,2.2423611625786352e-05,25,0.0025137814074488755,0.00017791829715160123,0.11450917113972403,0.6720367787103395
item_CLOPIDOGREL,0.0002768825068567212,3.6994098975515784e-05,25,0.002416438897487405,0.0003101429836163667,0.11450917113972403,0.6720367787103395
item_OMEPRAZOLE,0.00026404815906108794,2.9622306208922115e-05,25,0.0023061876378964014,0.0002598531653999792,0.11450917113972403,0.6720367787103395
item_ISOSORBIDE MONONITRATE ER,0.00023157270959775034,2.233937270563771e-05,25,0.0020220634241117073,0.00019213011287857798,0.11450917113972403,0.6720367787103395
item_CIPROFLOXACIN HYDROCHLORI,0.00022096266974574834,1.757883553053646e-05,25,0.0019298580696150453,0.00015516537370955367,0.11450917113972403,0.6720367787103395
item_AMOXICILLIN/CLAVULANATE P,0.00019875363015152428,2.86276936029558e-05,25,0.0017355682154970846,0.00024775216128353835,0.11450917113972403,0.6720367787103395
item_QUETIAPINE FUMARATE,0.00018902934624670149,2.4761754641693423e-05,25,0.001649553791945207,0.00020545499206997255,0.11450917113972403,0.6720367787103395
item_LEVOTHYROXINE SODIUM,0.00018374861183403915,2.8276221116263e-05,25,0.0016033193927618805,0.00023563772687780284,0.11450917113972403,0.6720367787103395
item_NITROFURANTOIN MONOHYDRAT,0.00017681894799756283,1.821967640122325e-05,25,0.0015435176342740449,0.00015091397958351762,0.11450917113972403,0.6720367787103395
item_HYDRALAZINE HYDROCHLORIDE,0.00016749261467996528,1.7693225390389737e-05,25,0.0014630355319919669,0.00015570327633934784,0.11450917113972403,0.6720367787103395
item_AMIODARONE HYDROCHLORIDE,0.0001598051669181505,1.2968405105953174e-05,25,0.0013962525109493874,0.00012051162374380555,0.11450917113972403,0.6720367787103395
item_ESCITALOPRAM OXALATE,0.0001557436552816792,2.5588382820930226e-05,25,0.0013597655349557093,0.00021948424750808463,0.11450917113972403,0.6720367787103395
item_OXYCODONE/ACETAMINOPHEN,0.00015228815693849404,1.5276801778771214e-05,25,0.0013294694899068083,0.00012674144219787964,0.11450917113972403,0.6720367787103395
item_LIDOCAINE,0.0001506153595017942,2.0647275166271452e-05,25,0.001316033852537296,0.00018439816362039613,0.11450917113972403,0.6720367787103395
item_AZITHROMYCIN,0.000145636010532719,2.3588335855279014e-05,25,0.0012715118385089098,0.00020342698055415167,0.11450917113972403,0.6720367787103395
item_BUMETANIDE,0.0001432061513922425,1.9245022008124516e-05,25,0.0012506997727796648,0.00016840757997997743,0.11450917113972403,0.6720367787103395
item_LEVOFLOXACIN,0.00014000113596993218,1.1219177324564824e-05,25,0.00122277472256067,9.911893267379e-05,0.11450917113972403,0.6720367787103395
item_DONEPEZIL HCL,0.00013041871763447695,2.3183985248565812e-05,25,0.0011389995719037105,0.0002020317607232876,0.11450917113972403,0.6720367787103395
item_METOPROLOL TARTRATE,0.00012406282087451417,1.7566568637184886e-05,25,0.0010835446372707248,0.00015371130057249415,0.11450917113972403,0.6720367787103395
item_POTASSIUM CHLORIDE ER,0.00011772700100644378,1.6127487999875755e-05,25,0.001028484868442716,0.00014370336391689381,0.11450917113972403,0.6720367787103395
item_SERTRALINE HCL,0.00011432789667244187,1.923755699431813e-05,25,0.0009981888233938135,0.00016554002748956018,0.11450917113972403,0.6720367787103395
item_LORAZEPAM,0.00011191088353290343,1.4826614703136979e-05,25,0.0009771133137945775,0.00012700498233243418,0.11450917113972403,0.6720367787103395
item_ONDANSETRON HYDROCHLORIDE,0.0001080355489034438,1.3045010751233838e-05,25,0.0009429973326308117,0.0001093002723245616,0.11450917113972403,0.6720367787103395
item_FAMOTIDINE,0.00010404825041235564,2.406084319314885e-05,25,0.0009082227417920763,0.00020701945327210902,0.11450917113972403,0.6720367787103395
item_XARELTO,0.00010303882974670865,1.82665686068527e-05,25,0.0008991339282774069,0.0001552265134947143,0.11450917113972403,0.6720367787103395
item_METOPROLOL SUCCINATE ER,9.437848881338836e-05,2.002223452996882e-05,25,0.000823920703395134,0.00017318011680658368,0.11450917113972403,0.6720367787103395
item_MEMANTINE HYDROCHLORIDE E,9.418997597267543e-05,1.954621521007986e-05,25,0.0008220765963051996,0.0001681011152873304,0.11450917113972403,0.6720367787103395
item_CARVEDILOL,9.068204174148085e-05,1.693691722225229e-05,25,0.0007919122731912958,0.00014781202627788244,0.11450917113972403,0.6720367787103395
item_TAMSULOSIN HYDROCHLORIDE,8.967053032032029e-05,2.5802336845563406e-05,25,0.0007829551816116181,0.00022447602353482858,0.11450917113972403,0.6720367787103395
item_ALPRAZOLAM,7.8751685445261e-05,1.63018873845972e-05,25,0.0006871933348700937,0.00013937131046839357,0.11450917113972403,0.6720367787103395
item_TRAZODONE HYDROCHLORIDE,7.641213219488385e-05,1.7622827057279025e-05,25,0.0006667764349458294,0.00015130449406557637,0.11450917113972403,0.6720367787103395
item_DOXYCYCLINE HYCLATE,7.507251747000543e-05,1.5253449908107622e-05,25,0.0006549214607962584,0.00012952652289998387,0.11450917113972403,0.6720367787103395
item_PROAIR HFA,7.339418300132932e-05,1.52740693922796e-05,25,0.000641222379556755,0.0001345809688107284,0.11450917113972403,0.6720367787103395
item_CEFUROXIME AXETIL,7.268658805247381e-05,1.2300151356499153e-05,25,0.0006345045608720001,0.00010612407220764035,0.11450917113972403,0.6720367787103395
item_MEMANTINE HYDROCHLORIDE,7.151947583926443e-05,1.310062151905951e-05,25,0.0006246254157473563,0.00011472512973659021,0.11450917113972403,0.6720367787103395
item_OXYCODONE HYDROCHLORIDE,7.108982991898026e-05,1.0781604823451361e-05,25,0.0006206737576975019,9.26410460643222e-05,0.11450917113972403,0.6720367787103395
item_ATORVASTATIN CALCIUM,6.814199477545579e-05,3.065180491499746e-05,25,0.0005945928145684465,0.00026663709186105545,0.11450917113972403,0.6720367787103395
item_BUSPIRONE HYDROCHLORIDE,6.611954233635116e-05,1.788338809069205e-05,25,0.0005779958507590499,0.0001579980450995313,0.11450917113972403,0.6720367787103395
item_MUPIROCIN,6.158955832192271e-05,1.1340478365877058e-05,25,0.0005375572167155135,9.683410185178615e-05,0.11450917113972403,0.6720367787103395
item_METRONIDAZOLE,6.11281064580697e-05,1.028172785996232e-05,25,0.0005343958902756296,9.308576596759089e-05,0.11450917113972403,0.6720367787103395
item_BREO ELLIPTA,5.925503242764507e-05,9.771646450193943e-06,25,0.0005174037606612436,8.465504473849045e-05,0.11450917113972403,0.6720367787103395
item_MIRTAZAPINE,5.867693202175993e-05,1.965809946147935e-05,25,0.000512266605196432,0.00017072076639602639,0.11450917113972403,0.6720367787103395
item_SPIRONOLACTONE,5.7120700711418205e-05,1.1787819019801836e-05,25,0.0004986992458919215,0.00010195198349411196,0.11450917113972403,0.6720367787103395
item_DONEPEZIL HYDROCHLORIDE,5.6758095604066284e-05,1.8937943579867542e-05,25,0.000495669641387032,0.0001651705878164334,0.11450917113972403,0.6720367787103395
item_TORSEMIDE,5.402996112727025e-05,9.216531233722593e-06,25,0.0004718279711528961,8.01769933236274e-05,0.11450917113972403,0.6720367787103395
item_VENTOLIN HFA,5.327616134910727e-05,1.7963751674532114e-05,25,0.0004645832647281573,0.0001543257295317946,0.11450917113972403,0.6720367787103395
item_CARBIDOPA/LEVODOPA,5.0937386709964646e-05,1.1697463694579253e-05,25,0.0004448249744788768,0.00010218147455586833,0.11450917113972403,0.6720367787103395
item_NYSTATIN,4.9884932049616156e-05,1.2635927305781143e-05,25,0.0004356044390292085,0.00011023730489077769,0.11450917113972403,0.6720367787103395
item_DULOXETINE HYDROCHLORIDE,4.886954926062285e-05,1.0190818694151723e-05,25,0.00042691079131952305,8.97311874478807e-05,0.11450917113972403,0.6720367787103395
item_FLUCONAZOLE,4.8740768263881255e-05,1.0659904596728396e-05,25,0.0004259887377745625,9.510906737745931e-05,0.11450917113972403,0.6720367787103395
item_DICYCLOMINE HYDROCHLORIDE,4.840742722721256e-05,9.507995136416915e-06,25,0.00042295913326967084,8.396240179170197e-05,0.11450917113972403,0.6720367787103395
item_MONTELUKAST SODIUM,4.8184772609230185e-05,1.9590663047338134e-05,25,0.0004207198603747525,0.00017045907553509402,0.11450917113972403,0.6720367787103395
item_SERTRALINE HYDROCHLORIDE,4.688100436476795e-05,1.3975247689225795e-05,25,0.0004086014423551904,0.00011891476886847162,0.11450917113972403,0.6720367787103395
item_CLONIDINE HYDROCHLORIDE,4.667266187918291e-05,1.2745841321354657e-05,25,0.00040754766687522704,0.00011148756191004398,0.11450917113972403,0.6720367787103395
item_CEFDINIR,4.508636836742249e-05,8.638614405469233e-06,25,0.00039345341983073657,7.364780786007497e-05,0.11450917113972403,0.6720367787103395
item_LOSARTAN POTASSIUM,4.4116622173354336e-05,1.8908564765354945e-05,25,0.00038515493792603883,0.0001655459230890645,0.11450917113972403,0.6720367787103395
item_METOLAZONE,4.387904381192168e-05,6.286949352923238e-06,25,0.0003835742747060955,5.742507355239134e-05,0.11450917113972403,0.6720367787103395
item_CYCLOBENZAPRINE HYDROCHLO,4.185290652466653e-05,1.18816553699881e-05,25,0.0003655283696117489,0.00010349553877444254,0.11450917113972403,0.6720367787103395
item_PRAMIPEXOLE DIHYDROCHLORI,4.1385590134975925e-05,1.1854645630259057e-05,25,0.000361181545756909,0.00010256898606310984,0.11450917113972403,0.6720367787103395
item_CLINDAMYCIN HCL,4.125519552609519e-05,7.526584042511533e-06,25,0.0003601277702769501,6.480197112090261e-05,0.11450917113972403,0.6720367787103395
item_ACETAMINOPHEN/CODEINE,4.026791431301836e-05,1.1024705330390005e-05,25,0.0003516975664372518,9.583845760763694e-05,0.11450917113972403,0.6720367787103395
item_RISPERIDONE,4.012144431008818e-05,1.5113524452884852e-05,25,0.0003505120690222957,0.00013244060323905807,0.11450917113972403,0.6720367787103395
item_RANITIDINE HYDROCHLORIDE,3.977315567280081e-05,1.72774041113897e-05,25,0.0003470872987124202,0.0001500807775312609,0.11450917113972403,0.6720367787103395
item_MIDODRINE HCL,3.8204527310059524e-05,3.624712431257817e-05,25,0.0003340468271478902,0.0003166511597318294,0.11450917113972403,0.6720367787103395
item_DOXYCYCLINE MONOHYDRATE,3.789499355893875e-05,9.08674212235935e-06,25,0.0003308855007080069,7.89136977056343e-05,0.11450917113972403,0.6720367787103395
item_AMOXICILLIN,3.7837621405837747e-05,1.183705766086872e-05,25,0.00033022689103302973,0.00010259012900398309,0.11450917113972403,0.6720367787103395
item_CLONAZEPAM,3.740941992867744e-05,1.419957491536324e-05,25,0.0003265386768531625,0.00012329406488211238,0.11450917113972403,0.6720367787103395
item_CALCITRIOL,3.701762665981527e-05,9.304025394727253e-06,25,0.0003233773504132781,8.109862914363612e-05,0.11450917113972403,0.6720367787103395
item_DICLOFENAC SODIUM,3.538633202135141e-05,1.669487388987955e-05,25,0.00030915138143379375,0.00014629476277591732,0.11450917113972403,0.6720367787103395
item_MECLIZINE HCL,3.463966553663548e-05,8.484764695350379e-06,25,0.00030269700661902823,7.53028796219111e-05,0.11450917113972403,0.6720367787103395
item_DILTIAZEM HYDROCHLORIDE E,3.4325189013922556e-05,1.215505535241711e-05,25,0.00030019428985411764,0.00010769191274024726,0.11450917113972403,0.6720367787103395
item_BENZONATATE,3.3810620248334894e-05,2.079608675484124e-05,25,0.0002943985247143316,0.00017906281732744272,0.11450917113972403,0.6720367787103395
item_ALLOPURINOL,3.3763953457488053e-05,1.1357486679317384e-05,25,0.00029505713438930767,9.94842213400264e-05,0.11450917113972403,0.6720367787103395
item_MECLIZINE HYDROCHLORIDE,3.339656173455736e-05,1.0201132243806093e-05,25,0.0002913689202094383,8.799343218432966e-05,0.11450917113972403,0.6720367787103395
item_LANTUS SOLOSTAR,3.29520940059983e-05,1.1371895309594811e-05,25,0.00028768070602957276,9.917890527489174e-05,0.11450917113972403,0.6720367787103395
item_SYMBICORT,3.23324908018769e-05,1.3561204211664171e-05,25,0.0002820166628247783,0.00011753491991405584,0.11450917113972403,0.6720367787103395
item_KLOR-CON M20,3.202385494783294e-05,7.557021300180745e-06,25,0.0002796456679948628,6.571618865981462e-05,0.11450917113972403,0.6720367787103395
item_ISOSORBIDE DINITRATE,3.144247092799872e-05,6.24861275642406e-06,25,0.00027464023446504616,5.4831974858715255e-05,0.11450917113972403,0.6720367787103395
item_LYRICA,3.0884425725671395e-05,1.1069322355363321e-05,25,0.0002696348009352267,9.656795344508125e-05,0.11450917113972403,0.6720367787103395
item_LINZESS,3.0144953261740792e-05,1.3760099056135158e-05,25,0.00026344386999045124,0.0001205078743349813,0.11450917113972403,0.6720367787103395
item_DIGOXIN,2.9883335549573992e-05,1.056676638647648e-05,25,0.0002612045970955318,9.293614185164005e-05,0.11450917113972403,0.6720367787103395
item_HYDROCODONE/ACETAMINOPHEN,2.9301860438731515e-05,8.017835772131784e-06,25,0.0002560674416307163,7.021918944082781e-05,0.11450917113972403,0.6720367787103395
item_ALBUTEROL SULFATE,2.7957348487765758e-05,1.808437705332611e-05,25,0.00024421246748114966,0.00015835956578691624,0.11450917113972403,0.6720367787103395
item_NITROGLYCERIN,2.6873799261243193e-05,9.431511304177144e-06,25,0.0002347284881614925,8.223571056863934e-05,0.11450917113972403,0.6720367787103395
item_SPIRIVA HANDIHALER,2.6065934801097158e-05,6.983075810015448e-06,25,0.00022761550367174921,6.079755725272747e-05,0.11450917113972403,0.6720367787103395
item_SUCRALFATE,2.575649214098402e-05,8.291562870179474e-06,25,0.00022484934303684977,7.240039769867427e-05,0.11450917113972403,0.6720367787103395
item_ROPINIROLE HCL,2.5668971033123117e-05,8.69498743781732e-06,25,0.0002241907333618698,7.613235374909326e-05,0.11450917113972403,0.6720367787103395
item_MEGESTROL ACETATE,2.5485674237026115e-05,7.625533930428375e-06,25,0.00022221490433694592,6.492206801444154e-05,0.11450917113972403,0.6720367787103395
item_METHYLPREDNISOLONE DOSE P,2.4826179677973566e-05,7.234270038425987e-06,25,0.00021668258306714372,6.248119985843563e-05,0.11450917113972403,0.6720367787103395
item_LISINOPRIL,2.4392475870173876e-05,2.0231180647048057e-05,25,0.00021246748114729986,0.0001756286978180473,0.11450917113972403,0.6720367787103395
item_IBUPROFEN,2.4219782501154435e-05,8.285509128473861e-06,25,0.00021154542760232876,7.229897518942896e-05,0.11450917113972403,0.6720367787103395
item_HYDROXYZINE HYDROCHLORIDE,2.4029556281961365e-05,1.097340180076191e-05,25,0.00020983304244739432,9.58739048697457e-05,0.11450917113972403,0.6720367787103395
item_DIAZEPAM,2.368776113223271e-05,1.0699680663977994e-05,25,0.00020680343794250656,9.332563390359607e-05,0.11450917113972403,0.6720367787103395
item_CLINDAMYCIN HYDROCHLORIDE,2.3196398885306746e-05,1.6366044612000067e-05,25,0.00020192972634767992,0.0001417500823643487,0.11450917113972403,0.6720367787103395
item_NITROFURANTOIN MACROCRYST,2.268128357367181e-05,8.781546469101996e-06,25,0.00019824151216781493,7.704724576508825e-05,0.11450917113972403,0.6720367787103395
item_CITALOPRAM HYDROBROMIDE,2.266028058986498e-05,1.0053037001429803e-05,25,0.00019784634636282495,8.79050669795915e-05,0.11450917113972403,0.6720367787103395
item_VALACYCLOVIR HCL,2.2289707188161275e-05,7.732678468436856e-06,25,0.00019481674185793717,6.793902778939356e-05,0.11450917113972403,0.6720367787103395
item_DEXILANT,2.17716682889417e-05,6.587504433768588e-06,25,0.00019007475219811164,5.727853535765978e-05,0.11450917113972403,0.6720367787103395
item_PHENAZOPYRIDINE HCL,2.1606372811059262e-05,1.278185010772302e-05,25,0.00018888925478315665,0.00011172884957068988,0.11450917113972403,0.6720367787103395
item_DEXAMETHASONE,2.1347904245163302e-05,6.716991060799607e-06,25,0.00018664998188823722,5.946300772269989e-05,0.11450917113972403,0.6720367787103395
item_MYRBETRIQ,2.11833114693404e-05,9.514004636472002e-06,25,0.0001845424309283078,8.194928036641215e-05,0.11450917113972403,0.6720367787103395
item_SODIUM CHLORIDE,2.108479654436804e-05,1.3594482231870412e-05,25,0.00018348865544834836,0.00011676600373462521,0.11450917113972403,0.6720367787103395
item_NOVOLOG FLEXPEN,2.035900941994742e-05,6.885950601929381e-06,25,0.00017769289030855563,5.982481988668662e-05,0.11450917113972403,0.6720367787103395
item_FINASTERIDE,2.0280204854003788e-05,1.5552572343049046e-05,25,0.00017703428063358396,0.00013606932734867662,0.11450917113972403,0.6720367787103395
item_SOTALOL HCL,2.027451383484745e-05,1.1675341943860343e-05,25,0.00017690255869858674,0.00010166545783450536,0.11450917113972403,0.6720367787103395
item_BUPROPION HYDROCHLORIDE E,2.0101180659940315e-05,8.983301705256424e-06,25,0.00017584878321862617,7.907888455374696e-05,0.11450917113972403,0.6720367787103395
item_CYANOCOBALAMIN,2.0030587297702498e-05,1.227997959703349e-05,25,0.00017453156386867507,0.00010618485419953492,0.11450917113972403,0.6720367787103395
item_IPRATROPIUM BROMIDE/ALBUT,1.9979003761265896e-05,7.915341277022404e-06,25,0.0001741363980636873,6.821539971690875e-05,0.11450917113972403,0.6720367787103395
item_METHOCARBAMOL,1.9300410454237633e-05,1.0908088874869415e-05,25,0.00016834063292389624,9.470172006055286e-05,0.11450917113972403,0.6720367787103395
item_HYDRALAZINE HCL,1.8982648148742575e-05,5.785618036064335e-06,25,0.00016610136002898014,5.149243898360885e-05,0.11450917113972403,0.6720367787103395
item_HYDROCORTISONE,1.8229466488133052e-05,7.046904318489807e-06,25,0.00015898837553923905,6.08658921706128e-05,0.11450917113972403,0.6720367787103395
item_POLYETHYLENE GLYCOL 3350,1.8156864786055927e-05,7.75588453926472e-06,25,0.0001581980439292696,6.626777470074917e-05,0.11450917113972403,0.6720367787103395
item_DILTIAZEM HCL ER,1.7945635583055572e-05,6.894691790390455e-06,25,0.00015648565877432685,5.9791880944765565e-05,0.11450917113972403,0.6720367787103395
item_PROMETHAZINE HYDROCHLORID,1.7788228152684743e-05,6.308692973053296e-06,25,0.00015530016135937075,5.5117012902269925e-05,0.11450917113972403,0.6720367787103395
item_FERROUS SULFATE,1.7665131668597877e-05,8.151976374066572e-06,25,0.00015464155168439352,7.22877250181672e-05,0.11450917113972403,0.6720367787103395
item_FENTANYL,1.750717769217979e-05,5.567410994371379e-06,25,0.0001527974445944591,4.826684858765633e-05,0.11450917113972403,0.6720367787103395
item_LACTULOSE,1.65085578174619e-05,7.581525816395484e-06,25,0.00014397207494978192,6.583022520457096e-05,0.11450917113972403,0.6720367787103395
item_FEROSUL,1.6501383316178085e-05,1.1716048542002394e-05,25,0.00014423551881977137,0.00010205793932434647,0.11450917113972403,0.6720367787103395
item_FLUOXETINE HYDROCHLORIDE,1.6280606908024016e-05,9.87526511009338e-06,25,0.00014212796785984915,8.623281714880824e-05,0.11450917113972403,0.6720367787103395
item_ADVAIR DISKUS,1.5709713535924985e-05,7.5116498110955264e-06,25,0.0001371225343300292,6.549552293464315e-05,0.11450917113972403,0.6720367787103395
item_JANUVIA,1.5201850803580424e-05,8.944574218148104e-06,25,0.0001329074324101831,7.87288830224308e-05,0.11450917113972403,0.6720367787103395
item_DILTIAZEM HCL,1.5043070501591183e-05,9.888622331597272e-06,25,0.00013119504725524311,8.539033816595473e-05,0.11450917113972403,0.6720367787103395
item_LIDOCAINE/PRILOCAINE,1.4856464065542555e-05,5.628827993485391e-06,25,0.00012987782790529256,4.9423891451336744e-05,0.11450917113972403,0.6720367787103395
item_DULOXETINE HCL,1.4669946551668275e-05,9.583153926098409e-06,25,0.00012803372081536147,8.322317917037695e-05,0.11450917113972403,0.6720367787103395
item_OLANZAPINE,1.4594616457022586e-05,1.1155731157166984e-05,25,0.00012763855501037258,9.774438441959002e-05,0.11450917113972403,0.6720367787103395
item_LEVEMIR FLEXTOUCH,1.4545273325612183e-05,8.890615985606953e-06,25,0.00012724338920538648,7.827994591569503e-05,0.11450917113972403,0.6720367787103395
item_IBU,1.446408954929691e-05,4.164296527519055e-06,25,0.00012645305759541648,3.695215063942815e-05,0.11450917113972403,0.6720367787103395
item_DIPHENOXYLATE/ATROPINE,1.411490518376518e-05,5.32050150226951e-06,25,0.00012316000922053038,4.6034020952235186e-05,0.11450917113972403,0.6720367787103395
item_LOPERAMIDE HCL,1.4021810173759355e-05,4.692489143809644e-06,25,0.00012263312148055538,4.149415184054581e-05,0.11450917113972403,0.6720367787103395
item_GLIMEPIRIDE,1.4001848230041922e-05,8.350945774160072e-06,25,0.00012197451180557373,7.211249635514694e-05,0.11450917113972403,0.6720367787103395
item_CLOTRIMAZOLE,1.3723560863442346e-05,7.065550512318697e-06,25,0.00012013040471564762,6.274906342612987e-05,0.11450917113972403,0.6720367787103395
item_PROCHLORPERAZINE MALEATE,1.3598479896685005e-05,4.678155711161777e-06,25,0.00011881318536569597,4.099723994906692e-05,0.11450917113972403,0.6720367787103395
item_IPRATROPIUM BROMIDE,1.329668671239588e-05,8.663327816454698e-06,25,0.00011617874666578709,7.574917989386854e-05,0.11450917113972403,0.6720367787103395
item_HYDROMORPHONE HCL,1.3123394745325663e-05,5.175176334785108e-06,25,0.000114598083445846,4.499160608976688e-05,0.11450917113972403,0.6720367787103395
item_ERYTHROMYCIN,1.2539247631587117e-05,7.721444246167027e-06,25,0.00010906576217604824,6.630076755252603e-05,0.11450917113972403,0.6720367787103395
item_ESOMEPRAZOLE MAGNESIUM,1.2503307891329855e-05,6.7326014825149425e-06,25,0.00010919748411104657,5.865170920848117e-05,0.11450917113972403,0.6720367787103395
item_BUTALBITAL/ACETAMINOPHEN/,1.2353012066070247e-05,5.6379620127911355e-06,25,0.00010774854282609658,4.909772054662493e-05,0.11450917113972403,0.6720367787103395
item_VENLAFAXINE HCL ER,1.2262335305438231e-05,6.853920336159694e-06,25,0.00010695821121612382,5.9504026442324694e-05,0.11450917113972403,0.6720367787103395
item_CALCIUM ACETATE,1.2237623616312547e-05,6.128161013686227e-06,25,0.00010669476734612992,5.313283634770598e-05,0.11450917113972403,0.6720367787103395
item_NAPROXEN,1.2167945501820432e-05,5.215436495820262e-06,25,0.00010629960154114825,4.547627076688588e-05,0.11450917113972403,0.6720367787103395
item_METHENAMINE HIPPURATE,1.206571102736081e-05,5.396415787027358e-06,25,0.00010524582606118271,4.6826947188878636e-05,0.11450917113972403,0.6720367787103395
item_LETROZOLE,1.1966493400327892e-05,6.8773689035520825e-06,25,0.00010445549445121271,5.9908143926059306e-05,0.11450917113972403,0.6720367787103395
item_COLCHICINE,1.1678990660101201e-05,7.160028851760749e-06,25,0.00010208449962129496,6.261123371367373e-05,0.11450917113972403,0.6720367787103395
item_FLECAINIDE ACETATE,1.1571954388229909e-05,7.2546908580794075e-06,25,0.00010116244607633607,6.39996136233131e-05,0.11450917113972403,0.6720367787103395
item_POLYMYXIN B SULFATE/TRIME,1.1484366046530035e-05,7.239175970926837e-06,25,0.00010010867059637163,6.265451836019742e-05,0.11450917113972403,0.6720367787103395
item_FLUDROCORTISONE ACETATE,1.1269154865187768e-05,6.721882907594693e-06,25,9.813284157144331e-05,5.766753619197585e-05,0.11450917113972403,0.6720367787103395
item_OXYBUTYNIN CHLORIDE ER,1.1026115380952357e-05,1.0712677362290095e-05,25,9.655217835150221e-05,9.375419184917447e-05,0.11450917113972403,0.6720367787103395
item_PHENAZOPYRIDINE HYDROCHLO,1.0858345264023147e-05,8.225528179306798e-06,25,9.457634932657056e-05,7.123648411993725e-05,0.11450917113972403,0.6720367787103395
item_LEVETIRACETAM,1.0848800227702595e-05,7.268561851625745e-06,25,9.470807126156889e-05,6.373615518016539e-05,0.11450917113972403,0.6720367787103395
item_ENOXAPARIN SODIUM,1.0735823520819357e-05,3.969011630295076e-06,25,9.365429578160556e-05,3.419700328843289e-05,0.11450917113972403,0.6720367787103395
item_INCRUSE ELLIPTA,1.067246321836984e-05,8.74913374481846e-06,25,9.325912997661723e-05,7.639777601310266e-05,0.11450917113972403,0.6720367787103395
item_TRIMETHOPRIM,1.066475518404018e-05,6.806457058511574e-06,25,9.299568610662612e-05,5.905553821943311e-05,0.11450917113972403,0.6720367787103395
item_ANORO ELLIPTA,1.0582925095336192e-05,8.268134001082363e-06,25,9.246879836664834e-05,7.233421439549625e-05,0.11450917113972403,0.6720367787103395
item_SANTYL,1.0496839755265673e-05,7.617871705839456e-06,25,9.154674482168002e-05,6.64211476237089e-05,0.11450917113972403,0.6720367787103395
item_COMBIVENT RESPIMAT,1.0306288211044334e-05,8.17162343380826e-06,25,8.97026377317478e-05,7.108892411517275e-05,0.11450917113972403,0.6720367787103395
item_CEFTRIAXONE SODIUM,1.0125509430663161e-05,5.493643133476316e-06,25,8.851714031678893e-05,4.824175378742691e-05,0.11450917113972403,0.6720367787103395
item_ACETAMINOPHEN/CODEINE PHO,1.0111281882773224e-05,3.938230069859918e-06,25,8.83854183817967e-05,3.453359607861307e-05,0.11450917113972403,0.6720367787103395
item_BACLOFEN,9.975829554123556e-06,7.848712184050266e-06,25,8.719992096683726e-05,6.874194115001999e-05,0.11450917113972403,0.6720367787103395
item_LANTUS,9.955544454212733e-06,7.120776128630343e-06,25,8.69364770968506e-05,6.214765503716818e-05,0.11450917113972403,0.6720367787103395
item_FLUOXETINE HCL,9.897168131192203e-06,7.354548535491777e-06,25,8.640958935687005e-05,6.413896844545287e-05,0.11450917113972403,0.6720367787103395
item_CARTIA XT,9.609279338598873e-06,6.2015654073556925e-06,25,8.390687259195618e-05,5.4303023378566246e-05,0.11450917113972403,0.6720367787103395
item_HUMALOG KWIKPEN,9.561126896791571e-06,6.158406375316036e-06,25,8.351170678697618e-05,5.385820634905631e-05,0.11450917113972403,0.6720367787103395
item_KETOCONAZOLE,9.429211935613186e-06,6.569232265517795e-06,25,8.232620937202007e-05,5.704519226389568e-05,0.11450917113972403,0.6720367787103395
item_ACYCLOVIR,9.12604587970611e-06,5.800938345051985e-06,25,7.96917706721123e-05,5.064233048779878e-05,0.11450917113972403,0.6720367787103395
item_URSODIOL,8.976537341014283e-06,5.187821509807879e-06,25,7.824282938716287e-05,4.528470368103071e-05,0.11450917113972403,0.6720367787103395
item_SEVELAMER CARBONATE,8.724412613164249e-06,7.860570863306504e-06,25,7.626700036223676e-05,6.868644268360429e-05,0.11450917113972403,0.6720367787103395
item_TEMAZEPAM,8.448116235734922e-06,5.537337688533697e-06,25,7.363256166233067e-05,4.785204575609804e-05,0.11450917113972403,0.6720367787103395
item_BD PEN NEEDLE/MINI/ULTRA-,8.347768646438202e-06,4.533695037578477e-06,25,7.297395198735624e-05,3.977506267829596e-05,0.11450917113972403,0.6720367787103395
item_HYDROXYCHLOROQUINE SULFAT,8.292064326313588e-06,5.267644248141576e-06,25,7.231534231237569e-05,4.574335397340784e-05,0.11450917113972403,0.6720367787103395
item_CREON,8.27975619608849e-06,7.391843614493251e-06,25,7.205189844238625e-05,6.403349288437054e-05,0.11450917113972403,0.6720367787103395
item_TRIAMCINOLONE ACETONIDE,8.262956411643664e-06,7.013881140925563e-06,25,7.23153423123768e-05,6.173536261516644e-05,0.11450917113972403,0.6720367787103395
item_SPIRIVA RESPIMAT,8.212771772827983e-06,8.833615217916113e-06,25,7.165673263740402e-05,7.710750882304273e-05,0.11450917113972403,0.6720367787103395
item_DIVALPROEX SODIUM DR,8.172667872211932e-06,8.303938561973037e-06,25,7.126156683241569e-05,7.247749360700404e-05,0.11450917113972403,0.6720367787103395
item_GLIPIZIDE,7.954762999637832e-06,6.329152383382343e-06,25,6.954918167747625e-05,5.557939890226861e-05,0.11450917113972403,0.6720367787103395
item_RANITIDINE HCL,7.719106224704141e-06,4.5321628171417456e-06,25,6.730990878256015e-05,3.94029900187483e-05,0.11450917113972403,0.6720367787103395
item_FLOVENT HFA,7.717215001875047e-06,5.8978824299513345e-06,25,6.717818684756682e-05,5.1095335888246556e-05,0.11450917113972403,0.6720367787103395
item_RYTARY,7.606142530821999e-06,4.196521578577922e-06,25,6.638785523759183e-05,3.6406185068096905e-05,0.11450917113972403,0.6720367787103395
item_ADVAIR HFA,7.314004993364053e-06,5.220501106774156e-06,25,6.375341653768962e-05,4.5280712397507054e-05,0.11450917113972403,0.6720367787103395
item_SHINGRIX,7.218229305126963e-06,5.771077772882423e-06,25,6.296308492771796e-05,5.0331957967811376e-05,0.11450917113972403,0.6720367787103395
item_ZOLPIDEM TARTRATE,7.202702625958315e-06,5.9652395871293875e-06,25,6.309480686271351e-05,5.219490330982519e-05,0.11450917113972403,0.6720367787103395
item_NYSTOP,7.191741341349054e-06,7.781483832619899e-06,25,6.283136299272408e-05,6.802038332675757e-05,0.11450917113972403,0.6720367787103395
item_VALACYCLOVIR HYDROCHLORID,7.052341735693463e-06,5.559371697265873e-06,25,6.15141436427713e-05,4.844177509173658e-05,0.11450917113972403,0.6720367787103395
item_RENVELA,7.017939698401229e-06,2.4328506154781875e-06,25,6.125069977277908e-05,2.1107215643109777e-05,0.11450917113972403,0.6720367787103395
item_OXYBUTYNIN CHLORIDE,6.877019740448253e-06,7.174814193012664e-06,25,6.0065202357821866e-05,6.241810827498334e-05,0.11450917113972403,0.6720367787103395
item_TOVIAZ,6.853631039769971e-06,4.098625143393644e-06,25,5.993348042282576e-05,3.5973193726026455e-05,0.11450917113972403,0.6720367787103395
item_BD PEN NEEDLE/NANO/ULTRA,6.8459707197784245e-06,5.445026157376279e-06,25,5.980175848783576e-05,4.761350156295044e-05,0.11450917113972403,0.6720367787103395
item_PAROXETINE HYDROCHLORIDE,6.8429733918537805e-06,6.456291714150995e-06,25,5.980175848783409e-05,5.656539529274998e-05,0.11450917113972403,0.6720367787103395
item_RESTASIS,6.819363470156343e-06,4.558677951831237e-06,25,5.9406592682846316e-05,3.957919029199858e-05,0.11450917113972403,0.6720367787103395
item_VENLAFAXINE HYDROCHLORIDE,6.774492473463647e-06,6.42984624971456e-06,25,5.927487074784854e-05,5.636790848165327e-05,0.11450917113972403,0.6720367787103395
item_PRIMIDONE,6.679885786494209e-06,8.470714484252393e-06,25,5.848453913788077e-05,7.405259693820609e-05,0.11450917113972403,0.6720367787103395
item_LEVEMIR,6.6255847016572425e-06,5.6479071402431415e-06,25,5.795765139789799e-05,4.955098667644288e-05,0.11450917113972403,0.6720367787103395
item_TRAMADOL HYDROCHLORIDE/AC,6.4323676610399265e-06,5.840020407070653e-06,25,5.6113544307965226e-05,5.103764641716166e-05,0.11450917113972403,0.6720367787103395
item_AMANTADINE HCL,6.370091775350526e-06,4.912375056527563e-06,25,5.545493463298801e-05,4.2435201476075464e-05,0.11450917113972403,0.6720367787103395
item_PACERONE,6.25214410204015e-06,3.7953322445533907e-06,25,5.466460302301857e-05,3.310837670685542e-05,0.11450917113972403,0.6720367787103395
item_ATROVENT HFA,6.142498723443093e-06,4.0661031370416534e-06,25,5.3610827543052466e-05,3.558829134909595e-05,0.11450917113972403,0.6720367787103395
item_VIMPAT,5.887192316819755e-06,3.8528739765976246e-06,25,5.1239832713143585e-05,3.327282780607966e-05,0.11450917113972403,0.6720367787103395
item_CEFPODOXIME PROXETIL,5.858112596985459e-06,4.918318376645245e-06,25,5.1239832713143585e-05,4.297901242310723e-05,0.11450917113972403,0.6720367787103395
item_DIGOX,5.823137987644141e-06,5.632418949619088e-06,25,5.084466690815748e-05,4.929573528539748e-05,0.11450917113972403,0.6720367787103395
item_LAMOTRIGINE,5.69865995660545e-06,4.571107393128044e-06,25,4.979089142819748e-05,3.988442167522885e-05,0.11450917113972403,0.6720367787103395
item_KLOR-CON M10,5.670413068842712e-06,5.563204570982178e-06,25,4.952744755820637e-05,4.884824089515184e-05,0.11450917113972403,0.6720367787103395
item_MOXIFLOXACIN HYDROCHLORID,5.643237584838588e-06,3.836690812388178e-06,25,4.9264003688213595e-05,3.344079410040449e-05,0.11450917113972403,0.6720367787103395
item_CEFADROXIL,5.611114991575853e-06,4.122085657332169e-06,25,4.900055981822249e-05,3.5952085939293006e-05,0.11450917113972403,0.6720367787103395
item_POTASSIUM CHLORIDE CR,5.529614565566749e-06,4.3384393635768544e-06,25,4.821022820825305e-05,3.776108575812299e-05,0.11450917113972403,0.6720367787103395
item_RANEXA,5.5092709071503496e-06,4.294993038171585e-06,25,4.8078506273256935e-05,3.736558012945172e-05,0.11450917113972403,0.6720367787103395
item_ONETOUCH ULTRA,5.4670328743515584e-06,5.800818209029825e-06,25,4.7815062403270826e-05,5.080374327065096e-05,0.11450917113972403,0.6720367787103395
item_BASAGLAR KWIKPEN,5.413874764779745e-06,5.172786041624908e-06,25,4.7288174663289717e-05,4.518081571743656e-05,0.11450917113972403,0.6720367787103395
item_REVLIMID,5.403976208595059e-06,5.869279012735886e-06,25,4.7156452728294165e-05,5.121651928646818e-05,0.11450917113972403,0.6720367787103395
item_NAMZARIC,5.382578497087597e-06,4.76048100887296e-06,25,4.6893008858299165e-05,4.141785692830943e-05,0.11450917113972403,0.6720367787103395
item_BICALUTAMIDE,5.380769689932282e-06,4.651939918211955e-06,25,4.689300885830139e-05,4.05245695996699e-05,0.11450917113972403,0.6720367787103395
item_SILVER SULFADIAZINE,5.34668213350069e-06,4.13764000959369e-06,25,4.662956498831139e-05,3.6069529164018433e-05,0.11450917113972403,0.6720367787103395
item_OXCARBAZEPINE,5.33978524290753e-06,4.183003703192235e-06,25,4.662956498831139e-05,3.6443399307858815e-05,0.11450917113972403,0.6720367787103395
item_HYDROXYUREA,5.312045862188559e-06,4.8220370265529745e-06,25,4.636612111832139e-05,4.208493491463283e-05,0.11450917113972403,0.6720367787103395
item_COLESTIPOL HCL,5.2810467246887695e-06,6.2735093152999904e-06,25,4.6234399183322504e-05,5.483593013354654e-05,0.11450917113972403,0.6720367787103395
item_METHOTREXATE,5.1963602822390755e-06,4.796929560474826e-06,25,4.531234563835862e-05,4.155943600154152e-05,0.11450917113972403,0.6720367787103395
item_FOLIC ACID,5.153901028420561e-06,8.809044878926206e-06,25,4.50489017683664e-05,7.695758468084683e-05,0.11450917113972403,0.6720367787103395
item_BUDESONIDE,5.146869670149297e-06,4.271356745533182e-06,25,4.504890176836751e-05,3.754315859556959e-05,0.11450917113972403,0.6720367787103395
item_ENTRESTO,5.122973462427546e-06,6.236045676005365e-06,25,4.4653735963382516e-05,5.444395991837573e-05,0.11450917113972403,0.6720367787103395
item_GALANTAMINE HYDROBROMIDE,5.018832583304361e-06,6.611826514864934e-06,25,4.386340435341085e-05,5.766534227659087e-05,0.11450917113972403,0.6720367787103395
item_GLYBURIDE,4.951063042309144e-06,5.819669750282375e-06,25,4.3204794678433635e-05,5.043061054398959e-05,0.11450917113972403,0.6720367787103395
item_VOLTAREN,4.889468170345071e-06,5.448240082783667e-06,25,4.2677906938452525e-05,4.7421421133203165e-05,0.11450917113972403,0.6720367787103395
item_LEVALBUTEROL TARTRATE HFA,4.7768341391582825e-06,4.095362537920298e-06,25,4.162413145849197e-05,3.578277540486757e-05,0.11450917113972403,0.6720367787103395
item_BUPROPION HYDROCHLORIDE,4.766599413778189e-06,4.2426330871751e-06,25,4.1624131458493085e-05,3.7145819217449354e-05,0.11450917113972403,0.6720367787103395
item_MONUROL,4.758633288259323e-06,4.1055294746429275e-06,25,4.14924095234942e-05,3.556898770819122e-05,0.11450917113972403,0.6720367787103395
item_METOCLOPRAMIDE HYDROCHLOR,4.725591109584901e-06,3.4349553505716047e-06,25,4.136068758850475e-05,3.031691769444406e-05,0.11450917113972403,0.6720367787103395
item_POTASSIUM CHLORIDE,4.636460727252037e-06,3.5798666443977243e-06,25,4.057035597852754e-05,3.1467140694577396e-05,0.11450917113972403,0.6720367787103395
item_AMITRIPTYLINE HYDROCHLORI,4.568565393912946e-06,5.250801844178256e-06,25,3.978002436855754e-05,4.550011028979219e-05,0.11450917113972403,0.6720367787103395
item_SENSIPAR,4.441760204507454e-06,3.1746728925413246e-06,25,3.8726248888597545e-05,2.742472091858744e-05,0.11450917113972403,0.6720367787103395
item_COMBIGAN,4.437969083514583e-06,6.065144735701282e-06,25,3.885797082359144e-05,5.317533922335225e-05,0.11450917113972403,0.6720367787103395
item_TELMISARTAN,4.433249701775047e-06,4.1900715063051145e-06,25,3.885797082358866e-05,3.6792846976636195e-05,0.11450917113972403,0.6720367787103395
item_BD INSULIN SYRINGE ULTRA-,4.4062477244532365e-06,3.8561685307784855e-06,25,3.846280501860699e-05,3.372656055272372e-05,0.11450917113972403,0.6720367787103395
item_ULORIC,4.402944591002361e-06,4.6830447305056415e-06,25,3.8462805018605886e-05,4.1006055991135895e-05,0.11450917113972403,0.6720367787103395
item_CARAFATE,4.400337653111809e-06,4.254543045063004e-06,25,3.846280501860866e-05,3.7216788956514144e-05,0.11450917113972403,0.6720367787103395
item_AZELASTINE HCL,4.383416413989652e-06,4.389372004121081e-06,25,3.819936114861644e-05,3.820267297899057e-05,0.11450917113972403,0.6720367787103395
item_TIZANIDINE HCL,4.377747083168802e-06,4.573499834764232e-06,25,3.8199361148617e-05,3.9960026013469004e-05,0.11450917113972403,0.6720367787103395
item_COLCRYS,4.318681071088967e-06,6.023119597806389e-06,25,3.7935917278627e-05,5.335449780939896e-05,0.11450917113972403,0.6720367787103395
item_IMBRUVICA,4.1359221457042035e-06,4.535872239188889e-06,25,3.622353212368756e-05,3.983545144756616e-05,0.11450917113972403,0.6720367787103395
item_KETOROLAC TROMETHAMINE,4.0923003971192184e-06,3.600036198753705e-06,25,3.5696644383706454e-05,3.135148084542525e-05,0.11450917113972403,0.6720367787103395
item_PROCRIT,4.0420984076348246e-06,2.777972877255333e-06,25,3.5301478578719236e-05,2.4245872340631394e-05,0.11450917113972403,0.6720367787103395
item_COUMADIN,3.903553322385969e-06,3.403596391779486e-06,25,3.411598116376091e-05,2.9802845851258844e-05,0.11450917113972403,0.6720367787103395
item_LIDOCAINE VISCOUS,3.893639584366709e-06,4.143908290325381e-06,25,3.3984259228765913e-05,3.609507504640668e-05,0.11450917113972403,0.6720367787103395
item_BROMPHEN/PSEUDOEPHEDRINE,3.870127260178208e-06,2.9317869453322707e-06,25,3.372081535877813e-05,2.5441862431873823e-05,0.11450917113972403,0.6720367787103395
item_NEXIUM,3.854160307804864e-06,2.9665755780025015e-06,25,3.3720815358777026e-05,2.5986582376949936e-05,0.11450917113972403,0.6720367787103395
item_AMITIZA,3.7747549749758766e-06,2.9806146429244897e-06,25,3.293048374880703e-05,2.6068521941663946e-05,0.11450917113972403,0.6720367787103395
item_CLOTRIMAZOLE/BETAMETHASON,3.7701462037460456e-06,4.075214392567482e-06,25,3.293048374880592e-05,3.554357220819351e-05,0.11450917113972403,0.6720367787103395
item_BACITRACIN,3.7501365456919605e-06,3.2029605218222766e-06,25,3.2798761813812025e-05,2.8063135931086813e-05,0.11450917113972403,0.6720367787103395
item_FLUTICASONE PROPIONATE,3.609103808396221e-06,9.499381583546699e-06,25,3.121809859387148e-05,8.249135476060359e-05,0.11450917113972403,0.6720367787103395
item_XIFAXAN,3.43028348468351e-06,3.5688344087027543e-06,25,2.99008792439176e-05,3.0875731143649034e-05,0.11450917113972403,0.6720367787103395
item_MORPHINE SULFATE ER,3.3356117327076093e-06,3.755895926983524e-06,25,2.8978825698947054e-05,3.247453308413102e-05,0.11450917113972403,0.6720367787103395
item_TIZANIDINE HYDROCHLORIDE,3.3068898704046043e-06,8.376228797075323e-06,25,2.8978825698951493e-05,7.324719735085751e-05,0.11450917113972403,0.6720367787103395
item_CALCITONIN-SALMON,3.2637409275265408e-06,4.078594373133691e-06,25,2.8583659893962055e-05,3.5730207167615574e-05,0.11450917113972403,0.6720367787103395
item_VALPROIC ACID,3.228792344187646e-06,2.822098063257112e-06,25,2.8188494088977613e-05,2.464438435043037e-05,0.11450917113972403,0.6720367787103395
item_HUMALOG MIX 75/25 KWIKPEN,3.1732268294087283e-06,2.22730160920517e-06,25,2.7661606348995947e-05,1.9388943845463054e-05,0.11450917113972403,0.6720367787103395
item_VANCOMYCIN HCL,3.019276519668516e-06,1.9359739883121078e-06,25,2.634438699904429e-05,1.6871852283665783e-05,0.11450917113972403,0.6720367787103395
item_PROMETHAZINE HCL,2.9628803416518437e-06,3.34245360511127e-06,25,2.5949221194060957e-05,2.9382038434741088e-05,0.11450917113972403,0.6720367787103395
item_MULTAQ,2.889549911511733e-06,2.9791589146849448e-06,25,2.515888958408874e-05,2.5576480149065283e-05,0.11450917113972403,0.6720367787103395
item_HUMALOG,2.8022803883393877e-06,3.271626518438719e-06,25,2.4500279909110968e-05,2.8756565752841582e-05,0.11450917113972403,0.6720367787103395
item_AUGMENTED BETAMETHASONE D,2.7717280305450923e-06,4.178504318968332e-06,25,2.4236836039120413e-05,3.652018856794714e-05,0.11450917113972403,0.6720367787103395
item_ROPINIROLE HYDROCHLORIDE,2.76348429433613e-06,3.670436557917976e-06,25,2.4105114104125414e-05,3.2078641036104603e-05,0.11450917113972403,0.6720367787103395
item_DICLOFENAC SODIUM DR,2.7603156285640943e-06,5.858973853668318e-06,25,2.4236836039124855e-05,5.161339036742091e-05,0.11450917113972403,0.6720367787103395
item_DILT-XR,2.747176835100198e-06,2.848223099275667e-06,25,2.3973392169129303e-05,2.478041694410003e-05,0.11450917113972403,0.6720367787103395
item_HYDROXYZINE PAMOATE,2.7304377779938067e-06,3.0855696273437774e-06,25,2.3841670234133195e-05,2.699295502528721e-05,0.11450917113972403,0.6720367787103395
item_PREDNISOLONE ACETATE,2.713529551873259e-06,3.6305620458473306e-06,25,2.3709948299140415e-05,3.1771233330929825e-05,0.11450917113972403,0.6720367787103395
item_AZELASTINE HYDROCHLORIDE,2.703030228803567e-06,3.3712221737492784e-06,25,2.357822636414486e-05,2.9372194793294006e-05,0.11450917113972403,0.6720367787103395
item_MONOJECT INSULIN SYRINGE/,2.7013602269932796e-06,2.551013803450662e-06,25,2.357822636414486e-05,2.2267273965742554e-05,0.11450917113972403,0.6720367787103395
item_OXYCONTIN,2.695968506863121e-06,4.321224960525904e-06,25,2.3446504429151527e-05,3.759847986615133e-05,0.11450917113972403,0.6720367787103395
item_METHIMAZOLE,2.6930904647821636e-06,4.222576837207835e-06,25,2.3314782494155416e-05,3.666884901197526e-05,0.11450917113972403,0.6720367787103395
item_AMIODARONE HCL,2.5762033510626897e-06,2.133033648373656e-06,25,2.25244508841832e-05,1.8693186653830743e-05,0.11450917113972403,0.6720367787103395
item_ZYTIGA,2.5631252849378263e-06,1.7879242215316635e-06,25,2.239272894918709e-05,1.567804618729377e-05,0.11450917113972403,0.6720367787103395
item_CITALOPRAM,2.3786334615709516e-06,2.791220025207587e-06,25,2.068034379424988e-05,2.4283115261944487e-05,0.11450917113972403,0.6720367787103395
item_ARIPIPRAZOLE,2.329496369345123e-06,2.776589210711419e-06,25,2.0285177989265436e-05,2.4080568696778424e-05,0.11450917113972403,0.6720367787103395
item_DESMOPRESSIN ACETATE,2.301622520947988e-06,2.4120619014387444e-06,25,2.0021734119275993e-05,2.0933533210806144e-05,0.11450917113972403,0.6720367787103395
item_LIDOCAINE HCL JELLY,2.2994124795910583e-06,2.501351721105507e-06,25,2.0021734119274326e-05,2.175905230899524e-05,0.11450917113972403,0.6720367787103395
item_CILOSTAZOL,2.2825216041385142e-06,2.871187240248381e-06,25,2.0021734119275437e-05,2.514963516319843e-05,0.11450917113972403,0.6720367787103395
item_LANSOPRAZOLE,2.28085593999503e-06,3.1114551917986085e-06,25,1.9890012184278215e-05,2.7046467403782238e-05,0.11450917113972403,0.6720367787103395
item_TOBRADEX,2.2500346468442764e-06,2.321723766884488e-06,25,1.9626568314287664e-05,2.0243544491460202e-05,0.11450917113972403,0.6720367787103395
item_KLOR-CON,2.1554626612109607e-06,2.2557276822868914e-06,25,1.8836236704318222e-05,1.972441599231248e-05,0.11450917113972403,0.6720367787103395
item_TOLTERODINE TARTRATE,2.1160376054866938e-06,2.263199753584119e-06,25,1.844107089933045e-05,1.9712500407315347e-05,0.11450917113972403,0.6720367787103395
item_STIOLTO RESPIMAT,2.1067398161869903e-06,2.814806422298107e-06,25,1.8441070899329893e-05,2.4770933571302348e-05,0.11450917113972403,0.6720367787103395
item_NITROSTAT,2.0965224414751416e-06,1.2668744572506312e-06,25,1.8309348964336557e-05,1.1007520125330683e-05,0.11450917113972403,0.6720367787103395
item_BD PEN NEEDLE/SHORT/ULTRA,2.096257843785464e-06,2.9640677622317206e-06,25,1.8309348964334338e-05,2.5965709057793355e-05,0.11450917113972403,0.6720367787103395
item_POTASSIUM CITRATE ER,2.090020278582725e-06,2.8414997198930185e-06,25,1.830934896433767e-05,2.4954122921414735e-05,0.11450917113972403,0.6720367787103395
item_CARBIDOPA/LEVODOPA ER,1.990245261335357e-06,3.388713253621211e-06,25,1.7387295419373783e-05,2.966059962485825e-05,0.11450917113972403,0.6720367787103395
item_ONGLYZA,1.956908121301184e-06,2.6629578690803717e-06,25,1.7123851549379898e-05,2.324652702445537e-05,0.11450917113972403,0.6720367787103395
item_MIRTAZAPINE ODT,1.9180686506274e-06,2.4530311687959857e-06,25,1.6728685744393235e-05,2.142422617629626e-05,0.11450917113972403,0.6720367787103395
item_PROAIR RESPICLICK,1.8995403058670672e-06,3.0764004519267548e-06,25,1.659696380939657e-05,2.6828409397335292e-05,0.11450917113972403,0.6720367787103395
item_PROPAFENONE HCL,1.877504957305524e-06,2.536891878707351e-06,25,1.6333519939408237e-05,2.2059327900147054e-05,0.11450917113972403,0.6720367787103395
item_TRAMADOL HCL ER,1.836195185252624e-06,3.4185733407125487e-06,25,1.593835413442157e-05,2.958677670583858e-05,0.11450917113972403,0.6720367787103395
item_VENLAFAXINE HCL,1.8112015477700964e-06,2.642360297162712e-06,25,1.580663219942935e-05,2.2972798911602566e-05,0.11450917113972403,0.6720367787103395
item_TROSPIUM CHLORIDE ER,1.7511226904363416e-06,2.5832227378227586e-06,25,1.5279744459447685e-05,2.253353221811202e-05,0.11450917113972403,0.6720367787103395
item_CARBAMAZEPINE,1.7402720163361203e-06,3.365690766943895e-06,25,1.5148022524449357e-05,2.9253812738028247e-05,0.11450917113972403,0.6720367787103395
item_EPLERENONE,1.6931389262825813e-06,3.5315006964996495e-06,25,1.4752856719464358e-05,3.077605798910375e-05,0.11450917113972403,0.6720367787103395
item_NOVOLIN N,1.6754043745907064e-06,1.72403711991166e-06,25,1.4621134784469358e-05,1.5093038595194165e-05,0.11450917113972403,0.6720367787103395
item_DIVALPROEX SODIUM ER,1.6407897916136512e-06,1.983285090209385e-06,25,1.435769091447825e-05,1.734408282973376e-05,0.11450917113972403,0.6720367787103395
item_DRONABINOL,1.6154968551052798e-06,1.7902956771640092e-06,25,1.4094247044489916e-05,1.5577429943579694e-05,0.11450917113972403,0.6720367787103395
item_NITROGLYCERIN TRANSDERMAL,1.607558924422293e-06,3.0271113029261186e-06,25,1.3962525109492141e-05,2.6332035171999734e-05,0.11450917113972403,0.6720367787103395
item_JANTOVEN,1.603407777065349e-06,1.7739172484718467e-06,25,1.3962525109492695e-05,1.539536802078591e-05,0.11450917113972403,0.6720367787103395
item_NARCAN,1.5927327784807449e-06,3.3874997227840343e-06,25,1.3830803174498807e-05,2.9315529711139853e-05,0.11450917113972403,0.6720367787103395
item_PROVENTIL HFA,1.5699860525243833e-06,3.919159457606317e-06,25,1.3830803174498252e-05,3.426194890289512e-05,0.11450917113972403,0.6720367787103395
item_LITHIUM CARBONATE,1.566340243377906e-06,2.543151343222827e-06,25,1.3699081239506583e-05,2.2145189230754644e-05,0.11450917113972403,0.6720367787103395
item_METOCLOPRAMIDE HCL,1.5458838056188206e-06,2.5784628233313863e-06,25,1.343563736951825e-05,2.2413704237598443e-05,0.11450917113972403,0.6720367787103395
item_TRESIBA FLEXTOUCH,1.4835775562598568e-06,2.6316165023084135e-06,25,1.290874962953381e-05,2.2793509376196008e-05,0.11450917113972403,0.6720367787103395
item_DICLOFENAC POTASSIUM,1.464452782281749e-06,1.7034020719789188e-06,25,1.2777027694538811e-05,1.4919605007788763e-05,0.11450917113972403,0.6720367787103395
item_PHENYTOIN SODIUM EXTENDED,1.4593234910070259e-06,2.8813238341799417e-06,25,1.2777027694536592e-05,2.5120872990978714e-05,0.11450917113972403,0.6720367787103395
item_CARBAMAZEPINE ER,1.4431027851122258e-06,2.2644771599779223e-06,25,1.2513583824548258e-05,1.9689565553233423e-05,0.11450917113972403,0.6720367787103395
item_LEFLUNOMIDE,1.4003745959370565e-06,1.6992060537370578e-06,25,1.2250139954554373e-05,1.4773521805877916e-05,0.11450917113972403,0.6720367787103395
item_VANCOMYCIN HYDROCHLORIDE,1.3886824144315759e-06,2.2736881663838516e-06,25,1.2118418019559929e-05,1.982039467057581e-05,0.11450917113972403,0.6720367787103395
item_SIMBRINZA,1.3766085182266654e-06,3.31900116332624e-06,25,1.198669608456604e-05,2.8878863946444533e-05,0.11450917113972403,0.6720367787103395
item_HALOPERIDOL,1.3765629727224675e-06,2.2028108733761392e-06,25,1.2118418019558819e-05,1.9171462833225182e-05,0.11450917113972403,0.6720367787103395
item_MOMETASONE FUROATE,1.3550915208760846e-06,2.505325844383142e-06,25,1.1854974149570485e-05,2.196737258228816e-05,0.11450917113972403,0.6720367787103395
item_GEMFIBROZIL,1.3303039225775234e-06,1.3843420391894202e-06,25,1.1591530279579377e-05,1.2066524919515389e-05,0.11450917113972403,0.6720367787103395
item_AMITRIPTYLINE HCL,1.315865997835712e-06,2.502671112403169e-06,25,1.1459808344583266e-05,2.196984068774492e-05,0.11450917113972403,0.6720367787103395
item_MAGNESIUM OXIDE,1.2984372516701291e-06,3.2378028123761137e-06,25,1.1328086409588268e-05,2.824928837392184e-05,0.11450917113972403,0.6720367787103395
item_INDOMETHACIN,1.2651825273102864e-06,1.378158224912009e-06,25,1.1064642539599378e-05,1.205753458553589e-05,0.11450917113972403,0.6720367787103395
item_ARMOUR THYROID,1.2495040297950488e-06,1.929514893622601e-06,25,1.0932920604602714e-05,1.691785241013018e-05,0.11450917113972403,0.6720367787103395
item_CANDESARTAN CILEXETIL,1.2287482930103477e-06,2.8262926943986416e-06,25,1.0669476734615491e-05,2.4574614821096082e-05,0.11450917113972403,0.6720367787103395
item_ESTRACE,1.19988762536104e-06,1.9558823122776544e-06,25,1.0406032864620496e-05,1.707628960709204e-05,0.11450917113972403,0.6720367787103395
item_BYSTOLIC,1.1782014589965512e-06,4.106650601660711e-06,25,1.0274310929630493e-05,3.585140218066974e-05,0.11450917113972403,0.6720367787103395
item_GUANFACINE HCL,1.123334308610707e-06,1.1460138771211015e-06,25,9.747423189646054e-06,9.901074441578013e-06,0.11450917113972403,0.6720367787103395
item_OFLOXACIN,1.1213194622707569e-06,1.5158839909471642e-06,25,9.747423189646054e-06,1.3188648463463663e-05,0.11450917113972403,0.6720367787103395
item_ISOSORBIDE MONONITRATE,1.1029776371930652e-06,1.999341271163442e-06,25,9.615701254648834e-06,1.7371155317459662e-05,0.11450917113972403,0.6720367787103395
item_GLIPIZIDE XL,1.0945321994669192e-06,2.3433772298574656e-06,25,9.615701254650499e-06,2.0541337865116783e-05,0.11450917113972403,0.6720367787103395
item_SODIUM POLYSTYRENE SULFON,1.053673544786275e-06,1.5756451980449712e-06,25,9.220535449664946e-06,1.3775809703528052e-05,0.11450917113972403,0.6720367787103395
item_IBRANCE,1.0452563018955958e-06,1.3757904546040936e-06,25,9.088813514668836e-06,1.1997426860292407e-05,0.11450917113972403,0.6720367787103395
item_PERMETHRIN,1.0288469074845441e-06,1.9074502893772214e-06,25,8.957091579675503e-06,1.6588816306324715e-05,0.11450917113972403,0.6720367787103395
item_TRANSDERM-SCOP,1.0212603278319452e-06,1.6362087177997847e-06,25,8.957091579674392e-06,1.4307401477889423e-05,0.11450917113972403,0.6720367787103395
item_CARBIDOPA/LEVODOPA/ENTACA,1.0197031053645557e-06,1.71524990032275e-06,25,8.957091579673282e-06,1.5046264395129794e-05,0.11450917113972403,0.6720367787103395
item_METHADONE HCL,1.0039617116778127e-06,1.770387106435004e-06,25,8.825369644681613e-06,1.5554207763190797e-05,0.11450917113972403,0.6720367787103395
item_DOFETILIDE,9.95689780632711e-07,1.914182283533874e-06,25,8.693647709683283e-06,1.6734173258315663e-05,0.11450917113972403,0.6720367787103395
item_NORTRIPTYLINE HYDROCHLORI,9.653239425214438e-07,1.9794270263361108e-06,25,8.430203839695505e-06,1.7297126468427884e-05,0.11450917113972403,0.6720367787103395
item_HYDROCODONE POLISTIREX/CH,9.51007472456806e-07,1.7795680541618538e-06,25,8.29848190469995e-06,1.553676834996991e-05,0.11450917113972403,0.6720367787103395
item_HYDROCORTISONE ACETATE,9.262068611569921e-07,1.901278634320641e-06,25,8.035038034707731e-06,1.654954761717243e-05,0.11450917113972403,0.6720367787103395
item_NYAMYC,9.260550428109556e-07,3.2225022626183874e-06,25,8.166759969706062e-06,2.8201904172564524e-05,0.11450917113972403,0.6720367787103395
item_LIDOCAINE HCL,9.235218452591502e-07,3.154206099715324e-06,25,8.03503803470551e-06,2.7536527482029825e-05,0.11450917113972403,0.6720367787103395
item_DOXAZOSIN MESYLATE,9.092422453647959e-07,3.507045691051537e-06,25,7.903316099713842e-06,3.0434727682488075e-05,0.11450917113972403,0.6720367787103395
item_TRADJENTA,9.067155543139691e-07,4.476795597368488e-06,25,7.903316099712176e-06,3.914897641107866e-05,0.11450917113972403,0.6720367787103395
item_DULERA,9.037659407270196e-07,1.9707924106917943e-06,25,7.903316099712732e-06,1.7268891365136193e-05,0.11450917113972403,0.6720367787103395
item_LIOTHYRONINE SODIUM,8.937654493669038e-07,2.3427901190784095e-06,25,7.771594164717177e-06,2.043017403002928e-05,0.11450917113972403,0.6720367787103395
item_CLONIDINE HCL,8.816676959931481e-07,2.117935921105499e-06,25,7.639872229722177e-06,1.830334626148218e-05,0.11450917113972403,0.6720367787103395
item_FLUZONE HIGH-DOSE PF 2018,8.737254276433526e-07,1.1948252491996994e-06,25,7.639872229721623e-06,1.0444727188827131e-05,0.11450917113972403,0.6720367787103395
item_BUTRANS,8.720445816652692e-07,9.323791435454021e-07,25,7.639872229719958e-06,8.162066912556802e-06,0.11450917113972403,0.6720367787103395
item_BETHANECHOL CHLORIDE,8.48979037181795e-07,1.7516315886900764e-06,25,7.376428359731624e-06,1.5158756922296066e-05,0.11450917113972403,0.6720367787103395
item_VITAMIN C,8.363932962664558e-07,3.2921105157972167e-06,25,7.244706424739955e-06,2.870813016459299e-05,0.11450917113972403,0.6720367787103395
item_FAMCICLOVIR,8.273254033194644e-07,1.8722186104408275e-06,25,7.244706424736069e-06,1.6327455001202332e-05,0.11450917113972403,0.6720367787103395
item_CLORAZEPATE DIPOTASSIUM,8.220312806976788e-07,2.0763073536229858e-06,25,7.244706424737734e-06,1.845772463617411e-05,0.11450917113972403,0.6720367787103395
item_LEVALBUTEROL HCL,8.028934937186042e-07,1.6372094057250806e-06,25,6.9812625547488465e-06,1.4269454099214733e-05,0.11450917113972403,0.6720367787103395
item_GLYCOPYRROLATE,7.918497934353477e-07,1.9926977443612852e-06,25,6.981262554747736e-06,1.7588290263204272e-05,0.11450917113972403,0.6720367787103395
item_AZATHIOPRINE,7.766289197927957e-07,2.3749289832876944e-06,25,6.849540619751071e-06,2.084701633698905e-05,0.11450917113972403,0.6720367787103395
item_GLUCAGON EMERGENCY KIT,7.667347012750887e-07,1.7102647022328358e-06,25,6.717818684754961e-06,1.49848778358801e-05,0.11450917113972403,0.6720367787103395
item_TAMOXIFEN CITRATE,7.588227965945974e-07,2.2652392018373947e-06,25,6.586096749759407e-06,1.9826776729332467e-05,0.11450917113972403,0.6720367787103395
item_IMIQUIMOD,7.420295186504044e-07,1.5033796449075472e-06,25,6.454374814764963e-06,1.3050889845512503e-05,0.11450917113972403,0.6720367787103395
item_NATEGLINIDE,7.417215442907815e-07,1.5522609438903911e-06,25,6.454374814766628e-06,1.3493464121282567e-05,0.11450917113972403,0.6720367787103395
item_SPS,7.24663668656844e-07,1.0520223953829678e-06,25,6.322652879769408e-06,9.212691521871013e-06,0.11450917113972403,0.6720367787103395
item_SYNTHROID,7.107571081277528e-07,4.216672865101329e-06,25,6.322652879771629e-06,3.698783833002577e-05,0.11450917113972403,0.6720367787103395
item_TOPIRAMATE,7.054131023351603e-07,2.3139229927738175e-06,25,6.190930944779405e-06,2.0306834971905444e-05,0.11450917113972403,0.6720367787103395
item_VALSARTAN/HYDROCHLOROTHIA,7.027042292687245e-07,2.0301836430686958e-06,25,6.1909309447782944e-06,1.7767209089099365e-05,0.11450917113972403,0.6720367787103395
item_AGGRENOX,6.962389365457896e-07,7.692322723550486e-07,25,6.059209009781075e-06,6.700362218650106e-06,0.11450917113972403,0.6720367787103395
item_MESALAMINE DR,6.910727751011006e-07,1.4223657933007008e-06,25,6.059209009777744e-06,1.2455677063919788e-05,0.11450917113972403,0.6720367787103395
item_HALOPERIDOL LACTATE,6.808293743869525e-07,9.265922601459964e-07,25,5.927487074783855e-06,8.066288216758357e-06,0.11450917113972403,0.6720367787103395
item_NUEDEXTA,6.712930134001245e-07,1.489987463974167e-06,25,5.927487074783855e-06,1.3206451537869281e-05,0.11450917113972403,0.6720367787103395
item_NITRO-BID,6.669922165305872e-07,1.037707810694539e-06,25,5.795765139791631e-06,9.032402093132838e-06,0.11450917113972403,0.6720367787103395
item_PULMICORT FLEXHALER,6.628128743373684e-07,1.7202530755322749e-06,25,5.795765139787745e-06,1.4948650340291771e-05,0.11450917113972403,0.6720367787103395
item_ASPIRIN/DIPYRIDAMOLE,6.425516315954866e-07,2.0172072440659936e-06,25,5.664043204798297e-06,1.7746852518378593e-05,0.11450917113972403,0.6720367787103395
item_DORZOLAMIDE HCL/TIMOLOL M,6.271637577714646e-07,2.6229993874677194e-06,25,5.532321269797746e-06,2.2947609431532842e-05,0.11450917113972403,0.6720367787103395
item_SODIUM CHLORIDE 0.45%,6.175449811110359e-07,1.9482526057677722e-06,25,5.400599334803857e-06,1.702859482180813e-05,0.11450917113972403,0.6720367787103395
item_ERYTHROMYCIN BASE,6.162697070015469e-07,1.4808259797021956e-06,25,5.400599334805522e-06,1.2960561566275763e-05,0.11450917113972403,0.6720367787103395
item_VESICARE,6.031048875358915e-07,1.8847977646084088e-06,25,5.268877399809413e-06,1.6492661113839628e-05,0.11450917113972403,0.6720367787103395
item_DESONIDE,5.914907840367441e-07,9.800141152533465e-07,25,5.137155464811638e-06,8.506864587651518e-06,0.11450917113972403,0.6720367787103395
item_AZOPT,5.77729535353389e-07,1.8877174636178598e-06,25,5.005433529817749e-06,1.6577917667536602e-05,0.11450917113972403,0.6720367787103395
item_TEKTURNA,5.724419192316434e-07,1.0201495646892944e-06,25,5.005433529814973e-06,8.923695277417616e-06,0.11450917113972403,0.6720367787103395
item_HUMULIN N,5.395103510662602e-07,1.3078955333207538e-06,25,4.7419896598260845e-06,1.14106224914457e-05,0.11450917113972403,0.6720367787103395
item_TRULICITY,5.319172649133768e-07,2.22936656410898e-06,25,4.610267724832195e-06,1.931890528841341e-05,0.11450917113972403,0.6720367787103395
item_TERCONAZOLE,5.287724563097065e-07,1.1094424177585218e-06,25,4.610267724833306e-06,9.694471922731634e-06,0.11450917113972403,0.6720367787103395
item_DIVALPROEX SODIUM,5.28716066637999e-07,1.641038811834496e-06,25,4.610267724831641e-06,1.4322552277909695e-05,0.11450917113972403,0.6720367787103395
item_DYMISTA,5.276490005462912e-07,1.3699705004908644e-06,25,4.610267724832195e-06,1.1986877019923403e-05,0.11450917113972403,0.6720367787103395
item_RISAQUAD,5.270785973308262e-07,1.1847115492263864e-06,25,4.610267724834416e-06,1.0370052813741713e-05,0.11450917113972403,0.6720367787103395
item_SULINDAC,5.123435423967252e-07,1.0006155992317907e-06,25,4.4785457898377515e-06,8.75810551160652e-06,0.11450917113972403,0.6720367787103395
item_PROTONIX,4.977256044728885e-07,1.9853288975903934e-06,25,4.346823854842752e-06,1.731383665367612e-05,0.11450917113972403,0.6720367787103395
item_BUPROPION HCL,4.975672796260019e-07,1.2057039990482575e-06,25,4.346823854843307e-06,1.0530892047472853e-05,0.11450917113972403,0.6720367787103395
item_PYRIDOSTIGMINE BROMIDE,4.9694265557209e-07,1.2759853366842484e-06,25,4.3468238548416415e-06,1.1115359471535086e-05,0.11450917113972403,0.6720367787103395
item_ENTACAPONE,4.967084215520108e-07,1.382379617837936e-06,25,4.346823854842196e-06,1.2126290143591775e-05,0.11450917113972403,0.6720367787103395
item_PREMARIN,4.935527687807399e-07,1.9085379186927706e-06,25,4.346823854843307e-06,1.6864352015553062e-05,0.11450917113972403,0.6720367787103395
item_VERAPAMIL HCL,4.849446685402486e-07,8.903594592733546e-07,25,4.215101919846642e-06,7.694748539893509e-06,0.11450917113972403,0.6720367787103395
item_KIONEX,4.829319910339417e-07,1.0999431991823301e-06,25,4.2151019198477525e-06,9.625244855241218e-06,0.11450917113972403,0.6720367787103395
item_AZASITE,4.384145142051054e-07,7.694390712088892e-07,25,3.819936114860534e-06,6.700362218649595e-06,0.11450917113972403,0.6720367787103395
item_ACCU-CHEK AVIVA,4.379221889962226e-07,1.25678570441229e-06,25,3.819936114861644e-06,1.0991088529176965e-05,0.11450917113972403,0.6720367787103395
item_TOPROL XL,4.37364798781368e-07,1.1545598307104208e-06,25,3.819936114859423e-06,1.0090923335231024e-05,0.11450917113972403,0.6720367787103395
item_DENTA 5000 PLUS,4.3639099253101147e-07,8.39465505344593e-07,25,3.819936114859979e-06,7.34381782139776e-06,0.11450917113972403,0.6720367787103395
item_SPIRONOLACTONE/HYDROCHLOR,4.3559503062922354e-07,1.4587257165608711e-06,25,3.819936114859979e-06,1.2742579651971735e-05,0.11450917113972403,0.6720367787103395
item_GAVILYTE-G,4.295743487782154e-07,1.718586488367081e-06,25,3.819936114861089e-06,1.534833761298456e-05,0.11450917113972403,0.6720367787103395
item_XTANDI,4.212763917309964e-07,1.1620350202957393e-06,25,3.688214179863869e-06,1.0164092187500173e-05,0.11450917113972403,0.6720367787103395
item_CLONAZEPAM ODT,4.1814242729486157e-07,1.5074014897572671e-06,25,3.688214179864424e-06,1.3183165757567573e-05,0.11450917113972403,0.6720367787103395
item_NEOMYCIN/POLYMYXIN/HYDROC,4.104322241318546e-07,9.99554004765377e-07,25,3.55649224486998e-06,8.708437215969623e-06,0.11450917113972403,0.6720367787103395
item_PHENOBARBITAL,4.094670932156987e-07,1.1802931559684932e-06,25,3.556492244871645e-06,1.023497235019649e-05,0.11450917113972403,0.6720367787103395
item_CLARITHROMYCIN,4.092892488668824e-07,9.831594552472893e-07,25,3.55649224486998e-06,8.49836197224616e-06,0.11450917113972403,0.6720367787103395
item_DELZICOL,4.0689268782749943e-07,7.447584754354959e-07,25,3.556492244870535e-06,6.511581629164082e-06,0.11450917113972403,0.6720367787103395
item_RASAGILINE MESYLATE,4.0602515441974817e-07,1.4574000916051771e-06,25,3.5564922448722004e-06,1.2644333815548147e-05,0.11450917113972403,0.6720367787103395
item_MEMANTINE HCL TITRATION P,3.932724133229893e-07,1.2580733990324187e-06,25,3.424770309877201e-06,1.0982863512288422e-05,0.11450917113972403,0.6720367787103395
item_DIPYRIDAMOLE,3.928993739573834e-07,1.0023123007516715e-06,25,3.4247703098755356e-06,8.737444700775554e-06,0.11450917113972403,0.6720367787103395
item_TOBRAMYCIN/DEXAMETHASONE,3.907825924417446e-07,1.4074585729868003e-06,25,3.424770309873315e-06,1.2339048305852972e-05,0.11450917113972403,0.6720367787103395
item_EPINEPHRINE,3.9054835842191583e-07,1.5341894467707114e-06,25,3.424770309876091e-06,1.3392629767615869e-05,0.11450917113972403,0.6720367787103395
item_BISOPROLOL FUMARATE/HYDRO,3.891646426361878e-07,1.3076491612813324e-06,25,3.4247703098755356e-06,1.1465925977819786e-05,0.11450917113972403,0.6720367787103395
item_RAPAFLO,3.7759608464120603e-07,9.38906059759754e-07,25,3.293048374879981e-06,8.232620937199492e-06,0.11450917113972403,0.6720367787103395
item_MYCOPHENOLATE MOFETIL,3.769367592511053e-07,1.0797821951874201e-06,25,3.293048374879426e-06,9.458561343791105e-06,0.11450917113972403,0.6720367787103395
item_LOTEMAX,3.7634033003314363e-07,1.3201283489056588e-06,25,3.293048374879426e-06,1.1486399455798354e-05,0.11450917113972403,0.6720367787103395
item_CALCIPOTRIENE,3.745206787100443e-07,1.1481329809483532e-06,25,3.293048374879981e-06,1.006042896336137e-05,0.11450917113972403,0.6720367787103395
item_CETIRIZINE HYDROCHLORIDE,3.7289405357017465e-07,1.740696066188934e-06,25,3.1613264398849817e-06,1.5164717193404363e-05,0.11450917113972403,0.6720367787103395
item_TROSPIUM CHLORIDE,3.6267017235754885e-07,1.3986524725054343e-06,25,3.1613264398849817e-06,1.2191693506692513e-05,0.11450917113972403,0.6720367787103395
item_ECONAZOLE NITRATE,3.5998949412719703e-07,9.891483997860772e-07,25,3.161326439886647e-06,8.6333990196511e-06,0.11450917113972403,0.6720367787103395
item_ACCU-CHEK FASTCLIX LANCET,3.5188673209670243e-07,1.8463534010738004e-06,25,3.029604504888872e-06,1.5876227581923364e-05,0.11450917113972403,0.6720367787103395
item_TRIAZOLAM,3.513119912141928e-07,8.901116634381074e-07,25,3.0296045048910926e-06,7.718201043349923e-06,0.11450917113972403,0.6720367787103395
item_BENZTROPINE MESYLATE,3.456491668936438e-07,1.761213280205621e-06,25,3.029604504889427e-06,1.535540135698887e-05,0.11450917113972403,0.6720367787103395
item_DUTASTERIDE,3.386828736277602e-07,2.2815562173749834e-06,25,2.8978825698933174e-06,1.9856835949129496e-05,0.11450917113972403,0.6720367787103395
item_DESOXIMETASONE,3.3455341460619e-07,1.2175157904306319e-06,25,2.897882569895538e-06,1.059931961631701e-05,0.11450917113972403,0.6720367787103395
item_ARANESP ALBUMIN FREE,3.1496017258760364e-07,8.975858471434609e-07,25,2.766160634898873e-06,7.878120708225384e-06,0.11450917113972403,0.6720367787103395
item_NEOMYCIN/POLYMYXIN/HC,3.027474710372948e-07,7.081188876789973e-07,25,2.634438699903874e-06,6.160729388436542e-06,0.11450917113972403,0.6720367787103395
item_NOVOFINE 30GX8MM,3.0221610682492986e-07,7.067759471501419e-07,25,2.634438699903874e-06,6.1607293884380884e-06,0.11450917113972403,0.6720367787103395
item_NOVOLIN R,2.8684124600278733e-07,1.3814780044644615e-06,25,2.5027167649099845e-06,1.2035029368529084e-05,0.11450917113972403,0.6720367787103395
item_ANASTROZOLE,2.863944662975722e-07,2.587298464709182e-06,25,2.5027167649088744e-06,2.262158856073525e-05,0.11450917113972403,0.6720367787103395
item_TOUJEO SOLOSTAR,2.846463864806239e-07,1.1358234357009786e-06,25,2.5027167649094296e-06,9.982880357772901e-06,0.11450917113972403,0.6720367787103395
item_BRILINTA,2.83603177557573e-07,1.2570550481565355e-06,25,2.5027167649094296e-06,1.1015726732095111e-05,0.11450917113972403,0.6720367787103395
item_CLOBETASOL PROPIONATE,2.7556981819946604e-07,1.5291192601207457e-06,25,2.3709948299094343e-06,1.342767142698923e-05,0.11450917113972403,0.6720367787103395
item_GLUCAGEN HYPOKIT,2.7533992184686424e-07,1.2284093412275485e-06,25,2.370994829913875e-06,1.0607842026324222e-05,0.11450917113972403,0.6720367787103395
item_HEPARIN SODIUM,2.72166918407498e-07,1.2196007864047829e-06,25,2.37099482991554e-06,1.0650351782394086e-05,0.11450917113972403,0.6720367787103395
item_VITAMIN B-12,2.610863479543677e-07,3.778491842068513e-06,25,2.2392728949188758e-06,3.295407547815314e-05,0.11450917113972403,0.6720367787103395
item_SODIUM BICARBONATE,2.560611606885291e-07,2.304174185883222e-06,25,2.2392728949161e-06,2.0248900635087298e-05,0.11450917113972403,0.6720367787103395
item_SSD,2.4477021338460735e-07,1.3439659880749165e-06,25,2.1075509599249863e-06,1.175392254590508e-05,0.11450917113972403,0.6720367787103395
item_PRADAXA,2.437096537933338e-07,1.6805531238737365e-06,25,2.1075509599244315e-06,1.4630921652794902e-05,0.11450917113972403,0.6720367787103395
item_SULFACETAMIDE SODIUM,2.4365977062218176e-07,6.19938920464553e-07,25,2.1075509599227658e-06,5.367433147118866e-06,0.11450917113972403,0.6720367787103395
item_ENULOSE,2.4070581936819465e-07,1.2002181773021302e-06,25,2.107550959923321e-06,1.049478897279893e-05,0.11450917113972403,0.6720367787103395
item_AMPICILLIN,2.40556169855576e-07,1.1657563551352757e-06,25,2.1075509599255415e-06,1.0233206329586878e-05,0.11450917113972403,0.6720367787103395
item_MODAFINIL,2.3889050571194577e-07,1.1833037986987905e-06,25,2.107550959922211e-06,1.0408325240737709e-05,0.11450917113972403,0.6720367787103395
item_APRISO,2.2697710318718352e-07,1.03487680146342e-06,25,1.975829024925546e-06,9.0183843893914e-06,0.11450917113972403,0.6720367787103395
item_MINOCYCLINE HYDROCHLORIDE,2.2619632312041487e-07,8.652897517389533e-07,25,1.9758290249288767e-06,7.545321722522808e-06,0.11450917113972403,0.6720367787103395
item_MUCINEX DM,2.1456486895336453e-07,7.877475058322854e-07,25,1.8441070899333224e-06,6.794115597167707e-06,0.11450917113972403,0.6720367787103395
item_PRILOSEC OTC,2.1424388159230056e-07,8.071069364687544e-07,25,1.844107089932212e-06,7.055120784279907e-06,0.11450917113972403,0.6720367787103395
item_DILTIAZEM HCL CD,2.128666723074445e-07,8.130266604963596e-07,25,1.8441070899344326e-06,6.99078312119638e-06,0.11450917113972403,0.6720367787103395
item_NAPROXEN SODIUM,2.1267798379102275e-07,8.42506979807815e-07,25,1.8441070899327671e-06,7.306808592945438e-06,0.11450917113972403,0.6720367787103395
item_PROPAFENONE HYDROCHLORIDE,2.1108822882096521e-07,5.870360782689273e-07,25,1.8441070899327671e-06,5.126307912684574e-06,0.11450917113972403,0.6720367787103395
item_AMILORIDE HCL,2.0971752603641238e-07,7.572556399455405e-07,25,1.8441070899327671e-06,6.659778185582883e-06,0.11450917113972403,0.6720367787103395
item_RABEPRAZOLE SODIUM,2.060088207175811e-07,1.5274201655129553e-06,25,1.8441070899338774e-06,1.334531300517009e-05,0.11450917113972403,0.6720367787103395
item_ALPHAGAN P,2.0167982901206377e-07,1.7774599136882455e-06,25,1.8441070899349876e-06,1.559366489320975e-05,0.11450917113972403,0.6720367787103395
item_PIOGLITAZONE HYDROCHLORID,1.9836368255990564e-07,2.931055457694452e-06,25,1.7123851549372126e-06,2.559837691731124e-05,0.11450917113972403,0.6720367787103395
item_DARIFENACIN HYDROBROMIDE,1.9705153828032415e-07,5.481107717286935e-07,25,1.7123851549366575e-06,4.764499712233837e-06,0.11450917113972403,0.6720367787103395
item_EZETIMIBE/SIMVASTATIN,1.9684116142902469e-07,5.134750891129631e-07,25,1.7123851549377678e-06,4.470952427397526e-06,0.11450917113972403,0.6720367787103395
item_HUMULIN 70/30,1.9605387486163353e-07,7.312052189954545e-07,25,1.7123851549405433e-06,6.385457710563782e-06,0.11450917113972403,0.6720367787103395
item_BD VEO INSULIN SYRINGE UL,1.9586084867811177e-07,7.364224553875572e-07,25,1.7123851549383228e-06,6.455830760381366e-06,0.11450917113972403,0.6720367787103395
item_PROPRANOLOL HYDROCHLORIDE,1.846870183836257e-07,1.8346694971179902e-06,25,1.5806632199416582e-06,1.607983528499662e-05,0.11450917113972403,0.6720367787103395
item_FLECTOR,1.8209959999449325e-07,5.57789393923645e-07,25,1.5806632199422132e-06,4.858409013363523e-06,0.11450917113972403,0.6720367787103395
item_TRANDOLAPRIL,1.817027034603618e-07,4.901477061455837e-07,25,1.5806632199422132e-06,4.2640420191990055e-06,0.11450917113972403,0.6720367787103395
item_ONETOUCH DELICA LANCETS E,1.8148365127498108e-07,6.510185974270528e-07,25,1.5806632199433235e-06,5.6335835700416385e-06,0.11450917113972403,0.6720367787103395
item_PINDOLOL,1.7978328579541014e-07,7.050679564221798e-07,25,1.5806632199433235e-06,6.169524152926001e-06,0.11450917113972403,0.6720367787103395
item_TOBRAMYCIN SULFATE,1.7923240208123663e-07,8.314012013058612e-07,25,1.5806632199422132e-06,7.247200728967437e-06,0.11450917113972403,0.6720367787103395
item_DESVENLAFAXINE ER,1.6876778034793712e-07,8.17009088477187e-07,25,1.448941284947214e-06,6.990783121190583e-06,0.11450917113972403,0.6720367787103395
item_SILDENAFIL CITRATE,1.6382500875623298e-07,4.348237638369002e-07,25,1.448941284947769e-06,3.8119790900675113e-06,0.11450917113972403,0.6720367787103395
item_MINOXIDIL,1.6371656708011614e-07,8.523683517473685e-07,25,1.4489412849466587e-06,7.429455772830839e-06,0.11450917113972403,0.6720367787103395
item_MOVANTIK,1.6202270810091126e-07,1.0224529404169805e-06,25,1.4489412849449934e-06,8.87087986310421e-06,0.11450917113972403,0.6720367787103395
item_INDAPAMIDE,1.5637940328270856e-07,1.6258741367216413e-06,25,1.3172193499538799e-06,1.4227595083281457e-05,0.11450917113972403,0.6720367787103395
item_ZENPEP,1.5497399916151922e-07,1.0786275242871095e-06,25,1.3172193499511041e-06,9.41066958621762e-06,0.11450917113972403,0.6720367787103395
item_DILANTIN,1.5387223173342815e-07,9.411516522805658e-07,25,1.3172193499511041e-06,8.177552620579334e-06,0.11450917113972403,0.6720367787103395
item_CLINDAMYCIN PHOSPHATE,1.530871139992383e-07,5.299014911086658e-07,25,1.3172193499511041e-06,4.559019035419287e-06,0.11450917113972403,0.6720367787103395
item_PROCTO-MED HC,1.530871139992383e-07,5.299014911086658e-07,25,1.3172193499511041e-06,4.559019035419287e-06,0.11450917113972403,0.6720367787103395
item_CHOLESTYRAMINE LIGHT,1.5228898326399406e-07,1.0477531221164416e-06,25,1.3172193499516594e-06,9.11803807084296e-06,0.11450917113972403,0.6720367787103395
item_IRON,1.5169038521238604e-07,1.8132639837940366e-06,25,1.3172193499505491e-06,1.5821489671244186e-05,0.11450917113972403,0.6720367787103395
item_XOPENEX HFA,1.5145615119249538e-07,6.552326800710222e-07,25,1.3172193499527696e-06,5.703727097074944e-06,0.11450917113972403,0.6720367787103395
item_LEVOXYL,1.5046282544046202e-07,7.960282715326609e-07,25,1.3172193499533246e-06,6.9856105099602105e-06,0.11450917113972403,0.6720367787103395
item_DEXTROSE 5%/NACL 0.45%,1.480445760656899e-07,7.402228803287919e-07,25,1.3172193499522144e-06,6.586096749763963e-06,0.11450917113972403,0.6720367787103395
item_NIFEDIPINE ER,1.416877250188189e-07,2.8946032028713167e-06,25,1.1854974149555498e-06,2.5238589595757695e-05,0.11450917113972403,0.6720367787103395
item_THEOPHYLLINE ER,1.4059463292486684e-07,1.7361980688211154e-06,25,1.1854974149561048e-06,1.5057071337945325e-05,0.11450917113972403,0.6720367787103395
item_NYSTATIN/TRIAMCINOLONE,1.392087483058745e-07,3.6229982371119864e-06,25,1.18549741495777e-06,3.1512482832896236e-05,0.11450917113972403,0.6720367787103395
item_ADACEL,1.3632636855797621e-07,1.8553078807988862e-07,25,1.18549741495777e-06,1.6132576433516147e-06,0.11450917113972403,0.6720367787103395
item_FLUOROURACIL,1.3613768004168368e-07,7.627173007699457e-07,25,1.185497414957215e-06,6.646195103554557e-06,0.11450917113972403,0.6720367787103395
item_RISEDRONATE SODIUM,1.3606827736891813e-07,1.2309206578342055e-06,25,1.1854974149561048e-06,1.075000834340268e-05,0.11450917113972403,0.6720367787103395
item_ETHAMBUTOL HYDROCHLORIDE,1.3582970568179753e-07,4.728567398150347e-07,25,1.18549741495666e-06,4.130555695816747e-06,0.11450917113972403,0.6720367787103395
item_K-TAB,1.3553474432309585e-07,2.631574707213247e-07,25,1.18549741495666e-06,2.3051338624173797e-06,0.11450917113972403,0.6720367787103395
item_CYPROHEPTADINE HYDROCHLOR,1.207845075544863e-07,9.009269680774493e-07,25,1.0537754799611055e-06,7.82286728031637e-06,0.11450917113972403,0.6720367787103395
item_HYDROXYZINE HCL,1.204743643611454e-07,4.169747997637844e-07,25,1.0537754799611055e-06,3.6472152283366157e-06,0.11450917113972403,0.6720367787103395
item_TRIAD HYDROPHILIC WOUND D,1.2030302651307631e-07,8.872478589930513e-07,25,1.0537754799611055e-06,7.822867280311988e-06,0.11450917113972403,0.6720367787103395
item_PAROXETINE HCL,1.1943115543790268e-07,1.5316005381260454e-06,25,1.05377547995944e-06,1.3400724437298292e-05,0.11450917113972403,0.6720367787103395
item_ONETOUCH DELICA LANCETS F,1.0806429896052899e-07,7.013474753857457e-07,25,9.22053544966106e-07,6.051209735276008e-06,0.11450917113972403,0.6720367787103395
item_CEFEPIME,1.0513637370871554e-07,4.27890119518854e-07,25,9.22053544966106e-07,3.7450131412912072e-06,0.11450917113972403,0.6720367787103395
item_INVANZ,1.0506263336923238e-07,5.469970581504617e-07,25,9.220535449677713e-07,4.802283806815362e-06,0.11450917113972403,0.6720367787103395
item_PREVACID SOLUTAB,1.0457681466078393e-07,6.398596789357842e-07,25,9.220535449677713e-07,5.585253392699954e-06,0.11450917113972403,0.6720367787103395
item_NABUMETONE,1.0457247699348915e-07,2.537854662172518e-07,25,9.220535449655509e-07,2.2334540728845317e-06,0.11450917113972403,0.6720367787103395
item_SEREVENT DISKUS,1.0283090367697669e-07,8.654155496439795e-07,25,9.220535449649958e-07,7.516522679563296e-06,0.11450917113972403,0.6720367787103395
item_SYSTANE,9.153778753915017e-08,5.285802936282061e-07,25,7.903316099705515e-07,4.586685638087438e-06,0.11450917113972403,0.6720367787103395
item_PERPHENAZINE/AMITRIPTYLIN,9.089581281714493e-08,7.303331083452211e-07,25,7.903316099694412e-07,6.39676942484861e-06,0.11450917113972403,0.6720367787103395
item_SYSTANE BALANCE RESTORATI,9.075483863841748e-08,1.97606480927766e-07,25,7.903316099699964e-07,1.7216481862264221e-06,0.11450917113972403,0.6720367787103395
item_BD INSULIN SYRINGE SAFETY,8.88614469758375e-08,7.76257918063262e-07,25,7.903316099722169e-07,6.8074035339708084e-06,0.11450917113972403,0.6720367787103395
item_CICLOPIROX NAIL LACQUER,8.352611651691705e-08,1.1405661806609954e-06,25,7.903316099716617e-07,1.0028039732210197e-05,0.11450917113972403,0.6720367787103395
item_GUAIFENESIN/CODEINE,7.96699305186914e-08,1.0857364007682393e-06,25,6.586096749772174e-07,9.362532853224499e-06,0.11450917113972403,0.6720367787103395
item_NAMENDA XR,7.777437002232968e-08,5.379800371510153e-07,25,6.586096749772174e-07,4.657073673305507e-06,0.11450917113972403,0.6720367787103395
item_BACITRACIN ZINC,7.558601700066416e-08,1.8855301316957645e-07,25,6.586096749761072e-07,1.6465241874416559e-06,0.11450917113972403,0.6720367787103395
item_TUDORZA PRESSAIR,7.517393863170019e-08,1.8816298944337212e-07,25,6.586096749744419e-07,1.6465241874388802e-06,0.11450917113972403,0.6720367787103395
item_ALCLOMETASONE DIPROPIONAT,7.496356178040189e-08,1.5303842416710554e-07,25,6.586096749755521e-07,1.3443813694600645e-06,0.11450917113972403,0.6720367787103395
item_PHENYTOIN,7.495488644632096e-08,3.747744322319474e-07,25,6.586096749755521e-07,3.2930483748806513e-06,0.11450917113972403,0.6720367787103395
item_PROCTOZONE-HC,7.428037922152028e-08,9.038096832301544e-07,25,6.586096749744419e-07,7.89645260202121e-06,0.11450917113972403,0.6720367787103395
item_TRIPHROCAPS,7.409819720617235e-08,1.0569103342789445e-06,25,6.586096749772174e-07,9.265509169016528e-06,0.11450917113972403,0.6720367787103395
item_PROPRANOLOL HCL ER,7.402228803271846e-08,3.701114401639349e-07,25,6.58609674974997e-07,3.293048374877876e-06,0.11450917113972403,0.6720367787103395
item_NEUPRO,6.130858593925785e-08,6.778755862355026e-07,25,5.268877399794425e-07,5.912221823907861e-06,0.11450917113972403,0.6720367787103395
item_NADOLOL,6.063190988125002e-08,2.3546433364247998e-07,25,5.268877399811079e-07,2.0565080509766712e-06,0.11450917113972403,0.6720367787103395
item_PROCTOSOL HC,6.018079250905312e-08,1.2751426515579748e-06,25,5.268877399805527e-07,1.11543152900257e-05,0.11450917113972403,0.6720367787103395
item_SODIUM CHLORIDE 0.9%,6.016561067435246e-08,4.945513641867834e-07,25,5.268877399799976e-07,4.322975305981619e-06,0.11450917113972403,0.6720367787103395
item_PATADAY,6.013741583872185e-08,1.778544819061566e-07,25,5.268877399811079e-07,1.5562339468034988e-06,0.11450917113972403,0.6720367787103395
item_DILTIAZEM CD,6.009403916813409e-08,3.8588498646686433e-07,25,5.268877399794425e-07,3.385065794030502e-06,0.11450917113972403,0.6720367787103395
item_PROPYLTHIOURACIL,6.00658443325031e-08,4.032731889601969e-07,25,5.268877399805527e-07,3.5160135186323465e-06,0.11450917113972403,0.6720367787103395
item_DEXAMETHASONE SODIUM PHOS,5.996390915706889e-08,2.99819545785687e-07,25,5.268877399805527e-07,2.6344386999056544e-06,0.11450917113972403,0.6720367787103395
item_CALCITRATE,5.991836365302554e-08,1.7715006386943883e-07,25,5.268877399794425e-07,1.5562339468004154e-06,0.11450917113972403,0.6720367787103395
item_BETAMETHASONE DIPROPIONAT,5.988583115035387e-08,2.9942915575211203e-07,25,5.268877399805527e-07,2.634438699905655e-06,0.11450917113972403,0.6720367787103395
item_TAZTIA XT,5.928072659825035e-08,3.8321761633361647e-07,25,5.268877399799976e-07,3.3850657940298505e-06,0.11450917113972403,0.6720367787103395
item_ACCU-CHEK SMARTVIEW STRIP,5.859754403955695e-08,1.1320377343410095e-06,25,5.268877399805527e-07,9.864498496687084e-06,0.11450917113972403,0.6720367787103395
item_PROLIA,4.6243868310457e-08,4.240261484926856e-07,25,3.951658049855533e-07,3.7208046578357253e-06,0.11450917113972403,0.6720367787103395
item_PROBENECID,4.577973793720716e-08,1.265320866952017e-07,25,3.951658049855533e-07,1.092180587596528e-06,0.11450917113972403,0.6720367787103395
item_STROVITE ONE,4.55975559214093e-08,1.2603192390279062e-07,25,3.951658049844431e-07,1.0921805875934595e-06,0.11450917113972403,0.6720367787103395
item_ASPIRIN EC LOW DOSE,4.5578036419798824e-08,3.664460143336858e-07,25,3.951658049849982e-07,3.198384712425906e-06,0.11450917113972403,0.6720367787103395
item_RIFAMPIN,4.506619170910747e-08,6.494115202995493e-07,25,3.951658049849982e-07,5.649601752980297e-06,0.11450917113972403,0.6720367787103395
item_RESTASIS MULTIDOSE,4.495124353249161e-08,4.255306750246299e-07,25,3.951658049844431e-07,3.7208046578384058e-06,0.11450917113972403,0.6720367787103395
item_GNP TUSSIN DM COUGH,4.449145082640907e-08,3.671723588779189e-07,25,3.951658049855533e-07,3.198384712428216e-06,0.11450917113972403,0.6720367787103395
item_TRIAMCINOLONE ACETONIDE D,4.4064190622996535e-08,4.246495991936037e-07,25,3.951658049855533e-07,3.7208046578362365e-06,0.11450917113972403,0.6720367787103395
item_FOSINOPRIL SODIUM,4.389719044190214e-08,3.589181920311896e-07,25,3.951658049849982e-07,3.198384712425906e-06,0.11450917113972403,0.6720367787103395
item_ZIOPTAN,4.3756216263302476e-08,6.531894271678444e-07,25,3.9516580498666356e-07,5.729020911162524e-06,0.11450917113972403,0.6720367787103395
item_KLOR-CON 10,4.251998115679597e-08,1.7013179830746418e-06,25,3.951658049849982e-07,1.4919605007786573e-05,0.11450917113972403,0.6720367787103395
item_RIVASTIGMINE TARTRATE,4.012342011721781e-08,3.607588089402748e-06,25,3.95165804983888e-07,3.156176857642994e-05,0.11450917113972403,0.6720367787103395
item_DICLOFENAC SODIUM ER,3.0905877657899784e-08,3.905733975172692e-07,25,2.634438699894437e-07,3.416950948127293e-06,0.11450917113972403,0.6720367787103395
item_QUETIAPINE FUMARATE ER,3.048946162208493e-08,1.0554500658878805e-07,25,2.634438699894437e-07,9.118038070828383e-07,0.11450917113972403,0.6720367787103395
item_AMLODIPINE BESYLATE/VALSA,3.0279084770658014e-08,3.051750229686776e-07,25,2.634438699894437e-07,2.6752851465837456e-06,0.11450917113972403,0.6720367787103395
item_BETIMOL,3.011859109025266e-08,1.0424369994101425e-07,25,2.634438699899988e-07,9.118038070847595e-07,0.11450917113972403,0.6720367787103395
item_RULOX,3.0073045586335574e-08,1.0408604072584582e-07,25,2.634438699899988e-07,9.118038070868479e-07,0.11450917113972403,0.6720367787103395
item_NOVOFINE PEN NEEDLE 32G X,2.9873512902571716e-08,3.227916434839654e-07,25,2.6344386999055393e-07,2.839160306995445e-06,0.11450917113972403,0.6720367787103395
item_GENTAMICIN SULFATE,2.7975783572760773e-08,1.4531326916687482e-06,25,2.63443869991109e-07,1.2680018070661469e-05,0.11450917113972403,0.6720367787103395
item_DUTASTERIDE/TAMSULOSIN HY,1.8137954726567636e-08,7.442980782124201e-07,25,1.317219349949994e-07,6.4108810004065305e-06,0.11450917113972403,0.6720367787103395
item_RIVASTIGMINE TRANSDERMAL,1.6229381229308166e-08,2.799312566522361e-06,25,1.6653345369377347e-18,2.412406118026854e-05,0.11450917113972403,0.6720367787103395
item_ZETIA,1.5127613800937296e-08,7.563806900502908e-08,25,1.3172193499444428e-07,6.586096749751127e-07,0.11450917113972403,0.6720367787103395
item_OXAZEPAM,1.5112431966298295e-08,7.556215983216579e-08,25,1.3172193499444428e-07,6.586096749780038e-07,0.11450917113972403,0.6720367787103395
item_BENICAR,1.5077730629980584e-08,7.538865315057648e-08,25,1.3172193499444428e-07,6.586096749780039e-07,0.11450917113972403,0.6720367787103395
item_ZONISAMIDE,1.5017003291424586e-08,7.508501645746555e-08,25,1.3172193499444428e-07,6.586096749751127e-07,0.11450917113972403,0.6720367787103395
item_LEVETIRACETAM ER,1.4995314956226013e-08,7.497657478147268e-08,25,1.3172193499444428e-07,6.586096749751127e-07,0.11450917113972403,0.6720367787103395
item_ROBAFEN DM,1.49909772891863e-08,7.49548864462741e-08,25,1.3172193499444428e-07,6.586096749751127e-07,0.11450917113972403,0.6720367787103395
item_PILOCARPINE HCL,1.458757425461923e-08,3.508220249915601e-07,25,1.317219349955545e-07,3.0774296152346526e-06,0.11450917113972403,0.6720367787103395
item_ONETOUCH VERIO IQ BLOOD G,1.4552872918237955e-08,1.3068329106516058e-07,25,1.317219349949994e-07,1.1564805823042216e-06,0.11450917113972403,0.6720367787103395
item_JANUMET,1.4268755727074752e-08,5.603024674760414e-07,25,1.3172193499444428e-07,4.891775052995177e-06,0.11450917113972403,0.6720367787103395
item_SUPREP BOWEL PREP KIT,1.2798286600544449e-08,1.0527853966142146e-06,25,1.3172193499388918e-07,9.24011613735665e-06,0.11450917113972403,0.6720367787103395
item_METAXALONE,2.992990257402115e-09,6.293145793747976e-07,25,0.0,5.460902937983685e-06,0.11450917113972403,0.6720367787103395
item_SOTALOL HCL (AF),3.4267569613517635e-10,3.4371104257327245e-07,25,0.0,3.0061281297963306e-06,0.11450917113972403,0.6720367787103395
item_ETODOLAC,2.86286024555354e-10,1.088030077252352e-07,25,-5.551115123125783e-19,9.506211828442661e-07,0.11450917113972403,0.6720367787103395
item_FISH OIL,1.3013001112564287e-10,1.0823595338142721e-07,25,-5.551115123125783e-19,9.506211828442661e-07,0.11450917113972403,0.6720367787103395
item_ZAFIRLUKAST,-6.57809061499922e-20,7.277821716115962e-19,25,-5.551115123125783e-19,6.3089263891729535e-18,0.11450917113972403,0.6720367787103395
item_ZOSTAVAX,-6.57809061499922e-20,7.277821716115962e-19,25,-5.551115123125783e-19,6.3089263891729535e-18,0.11450917113972403,0.6720367787103395
item_AZOR,-6.57809061499922e-20,7.277821716115962e-19,25,-5.551115123125783e-19,6.3089263891729535e-18,0.11450917113972403,0.6720367787103395
item_AZILECT,-6.57809061499922e-20,7.277821716115962e-19,25,-5.551115123125783e-19,6.3089263891729535e-18,0.11450917113972403,0.6720367787103395
item_NAMENDA,-6.57809061499922e-20,7.277821716115962e-19,25,-5.551115123125783e-19,6.3089263891729535e-18,0.11450917113972403,0.6720367787103395
item_AMLODIPINE/OLMESARTAN MED,-6.57809061499922e-20,7.277821716115962e-19,25,-5.551115123125783e-19,6.3089263891729535e-18,0.11450917113972403,0.6720367787103395
item_YUVAFEM,-6.57809061499922e-20,7.277821716115962e-19,25,-5.551115123125783e-19,6.3089263891729535e-18,0.11450917113972403,0.6720367787103395
item_VASCEPA,-6.57809061499922e-20,7.277821716115962e-19,25,-5.551115123125783e-19,6.3089263891729535e-18,0.11450917113972403,0.6720367787103395
item_VIGAMOX,-6.57809061499922e-20,7.277821716115962e-19,25,-5.551115123125783e-19,6.3089263891729535e-18,0.11450917113972403,0.6720367787103395
item_PRENATE DHA,-6.57809061499922e-20,7.277821716115962e-19,25,-5.551115123125783e-19,6.3089263891729535e-18,0.11450917113972403,0.6720367787103395
item_KLOR-CON SPRINKLE,-6.57809061499922e-20,7.277821716115962e-19,25,-5.551115123125783e-19,6.3089263891729535e-18,0.11450917113972403,0.6720367787103395
item_ASACOL HD,-6.57809061499922e-20,7.277821716115962e-19,25,-5.551115123125783e-19,6.3089263891729535e-18,0.11450917113972403,0.6720367787103395
item_CRANBERRY FRUIT,-6.57809061499922e-20,7.277821716115962e-19,25,-5.551115123125783e-19,6.3089263891729535e-18,0.11450917113972403,0.6720367787103395
item_TIKOSYN,-6.57809061499922e-20,7.277821716115962e-19,25,-5.551115123125783e-19,6.3089263891729535e-18,0.11450917113972403,0.6720367787103395
item_ACETAZOLAMIDE,-6.57809061499922e-20,7.277821716115962e-19,25,-5.551115123125783e-19,6.3089263891729535e-18,0.11450917113972403,0.6720367787103395
item_BANZEL,-6.57809061499922e-20,7.277821716115962e-19,25,-5.551115123125783e-19,6.3089263891729535e-18,0.11450917113972403,0.6720367787103395
item_INVOKANA,-6.57809061499922e-20,7.277821716115962e-19,25,-5.551115123125783e-19,6.3089263891729535e-18,0.11450917113972403,0.6720367787103395
item_SEROQUEL XR,-6.57809061499922e-20,7.277821716115962e-19,25,-5.551115123125783e-19,6.3089263891729535e-18,0.11450917113972403,0.6720367787103395
item_KLOR-CON 8,-6.57809061499922e-20,7.277821716115962e-19,25,-5.551115123125783e-19,6.3089263891729535e-18,0.11450917113972403,0.6720367787103395
item_HYDROCORTISONE VALERATE,-6.57809061499922e-20,7.277821716115962e-19,25,-5.551115123125783e-19,6.3089263891729535e-18,0.11450917113972403,0.6720367787103395
item_SCOPOLAMINE,-6.57809061499922e-20,7.277821716115962e-19,25,-5.551115123125783e-19,6.3089263891729535e-18,0.11450917113972403,0.6720367787103395
item_FLUZONE HIGH-DOSE PF 2017,-6.57809061499922e-20,7.277821716115962e-19,25,-5.551115123125783e-19,6.3089263891729535e-18,0.11450917113972403,0.6720367787103395
item_CIALIS,-6.57809061499922e-20,7.277821716115962e-19,25,-5.551115123125783e-19,6.3089263891729535e-18,0.11450917113972403,0.6720367787103395
item_DEMECLOCYCLINE HCL,-6.57809061499922e-20,7.277821716115962e-19,25,-5.551115123125783e-19,6.3089263891729535e-18,0.11450917113972403,0.6720367787103395
item_HUMULIN N KWIKPEN,-6.57809061499922e-20,7.277821716115962e-19,25,-5.551115123125783e-19,6.3089263891729535e-18,0.11450917113972403,0.6720367787103395
item_CICLOPIROX,-6.57809061499922e-20,7.277821716115962e-19,25,-5.551115123125783e-19,6.3089263891729535e-18,0.11450917113972403,0.6720367787103395
item_LIALDA,-6.57809061499922e-20,7.277821716115962e-19,25,-5.551115123125783e-19,6.3089263891729535e-18,0.11450917113972403,0.6720367787103395
item_BROVANA,-6.57809061499922e-20,7.277821716115962e-19,25,-5.551115123125783e-19,6.3089263891729535e-18,0.11450917113972403,0.6720367787103395
item_CEFPROZIL,-6.57809061499922e-20,7.277821716115962e-19,25,-5.551115123125783e-19,6.3089263891729535e-18,0.11450917113972403,0.6720367787103395
item_CARBIDOPA/LEVODOPA ODT,-6.57809061499922e-20,7.277821716115962e-19,25,-5.551115123125783e-19,6.3089263891729535e-18,0.11450917113972403,0.6720367787103395
item_NIFEDICAL XL,-6.57809061499922e-20,7.277821716115962e-19,25,-5.551115123125783e-19,6.3089263891729535e-18,0.11450917113972403,0.6720367787103395
item_LIVALO,-6.57809061499922e-20,7.277821716115962e-19,25,-5.551115123125783e-19,6.3089263891729535e-18,0.11450917113972403,0.6720367787103395
item_NORVASC,-6.57809061499922e-20,7.277821716115962e-19,25,-5.551115123125783e-19,6.3089263891729535e-18,0.11450917113972403,0.6720367787103395
item_NOVOFINE AUTOCOVER PEN NE,-6.57809061499922e-20,7.277821716115962e-19,25,-5.551115123125783e-19,6.3089263891729535e-18,0.11450917113972403,0.6720367787103395
item_TAMSULOSIN HCL,-6.57809061499922e-20,7.277821716115962e-19,25,-5.551115123125783e-19,6.3089263891729535e-18,0.11450917113972403,0.6720367787103395
item_TAMIFLU,-6.57809061499922e-20,7.277821716115962e-19,25,-5.551115123125783e-19,6.3089263891729535e-18,0.11450917113972403,0.6720367787103395
item_GENTAK,-6.57809061499922e-20,7.277821716115962e-19,25,-5.551115123125783e-19,6.3089263891729535e-18,0.11450917113972403,0.6720367787103395
item_PRISTIQ,-6.57809061499922e-20,7.277821716115962e-19,25,-5.551115123125783e-19,6.3089263891729535e-18,0.11450917113972403,0.6720367787103395
item_PROBENECID/COLCHICINE,-6.57809061499922e-20,7.277821716115962e-19,25,-5.551115123125783e-19,6.3089263891729535e-18,0.11450917113972403,0.6720367787103395
item_EAR DROPS EARWAX REMOVAL,-6.57809061499922e-20,7.277821716115962e-19,25,-5.551115123125783e-19,6.3089263891729535e-18,0.11450917113972403,0.6720367787103395
item_Q-TUSSIN DM,-6.57809061499922e-20,7.277821716115962e-19,25,-5.551115123125783e-19,6.3089263891729535e-18,0.11450917113972403,0.6720367787103395
item_XALATAN,-6.57809061499922e-20,7.277821716115962e-19,25,-5.551115123125783e-19,6.3089263891729535e-18,0.11450917113972403,0.6720367787103395
item_VYTORIN,-6.57809061499922e-20,7.277821716115962e-19,25,-5.551115123125783e-19,6.3089263891729535e-18,0.11450917113972403,0.6720367787103395
item_GLYBURIDE/METFORMIN HYDRO,-6.57809061499922e-20,7.277821716115962e-19,25,-5.551115123125783e-19,6.3089263891729535e-18,0.11450917113972403,0.6720367787103395
item_BALSALAZIDE DISODIUM,-3.253250299101167e-11,1.8883971568637797e-07,25,-1.6653345369377347e-18,1.6465241874398053e-06,0.11450917113972403,0.6720367787103395
item_ACEBUTOLOL HCL,-1.2145467730515461e-10,1.0862713485354599e-07,25,-1.6653345369377347e-18,9.506211828462693e-07,0.11450917113972403,0.6720367787103395
item_ROZEREM,-1.8001318208405039e-10,2.430334145965097e-07,25,5.551115123125783e-19,2.125653585691932e-06,0.11450917113972403,0.6720367787103395
item_METRONIDAZOLE VAGINAL,-2.49415854849551e-10,5.449714255293833e-07,25,-5.551115123125783e-19,4.75310591422734e-06,0.11450917113972403,0.6720367787103395
item_CALCIUM CARBONATE,-3.7303936541826786e-10,1.091191786327246e-07,25,0.0,9.506211828482722e-07,0.11450917113972403,0.6720367787103395
item_ACCU-CHEK SOFTCLIX LANCET,-6.463123889831953e-10,4.6022726579501196e-07,25,-5.551115123125783e-19,4.033144108374433e-06,0.11450917113972403,0.6720367787103395
item_ACCU-CHEK COMPACT PLUS,-7.612605655997038e-10,3.435874303488218e-07,25,-1.1102230246251566e-18,3.0061281297944303e-06,0.11450917113972403,0.6720367787103395
item_NASONEX,-1.4054041208092745e-09,3.370560533722953e-07,25,5.551115123125783e-19,3.0061281297963306e-06,0.11450917113972403,0.6720367787103395
item_GENERLAC,-1.0818141597042106e-08,9.954817048993048e-07,25,-1.317219349949994e-07,8.5809030992832e-06,0.11450917113972403,0.6720367787103395
item_BISOPROLOL FUMARATE,-1.1425414982982259e-08,2.1647358136732315e-06,25,-1.3172193499833007e-07,1.8832858915946286e-05,0.11450917113972403,0.6720367787103395
item_FLUAD 2018-2019,-1.3576897834494937e-08,3.279803924521413e-07,25,-1.3172193499666472e-07,2.926925418156528e-06,0.11450917113972403,0.6720367787103395
item_DIPHENHYDRAMINE HCL,-1.4030184040082178e-08,2.533294828848174e-07,25,-1.3172193499610963e-07,2.225347134797303e-06,0.11450917113972403,0.6720367787103395
item_LUMIGAN,-1.4886873280387654e-08,3.3851695952851872e-06,25,-5.551115123125783e-19,2.9667910893929992e-05,0.11450917113972403,0.6720367787103395
item_MI-ACID GAS RELIEF,-1.4995314956357574e-08,7.497657478144527e-08,25,-1.317219349955545e-07,6.586096749748813e-07,0.11450917113972403,0.6720367787103395
item_CRESTOR,-1.5012665624643516e-08,1.3303004547187454e-07,25,-1.3172193499666472e-07,1.156480582304024e-06,0.11450917113972403,0.6720367787103395
item_COSOPT PF,-1.5017003291556148e-08,7.508501645743814e-08,25,-1.317219349955545e-07,6.586096749748813e-07,0.11450917113972403,0.6720367787103395
item_ANTI-DIARRHEAL,-1.5079899463502137e-08,1.3435584344335438e-07,25,-1.3172193499444428e-07,1.1564805823042874e-06,0.11450917113972403,0.6720367787103395
item_AQUALANCE LANCETS UL,-1.529027631505814e-08,7.645138157494809e-08,25,-1.317219349955545e-07,6.586096749748813e-07,0.11450917113972403,0.6720367787103395
item_MISOPROSTOL,-1.5387873823389602e-08,5.195383855741202e-07,25,-1.317219349949994e-07,4.507187663725969e-06,0.11450917113972403,0.6720367787103395
item_METHYLDOPA,-1.5398717991178367e-08,1.324338362827713e-07,25,-1.3172193499666472e-07,1.156480582304024e-06,0.11450917113972403,0.6720367787103395
item_PREVIDENT 5000 BOOSTER PL,-1.540739332513042e-08,7.703696662564769e-08,25,-1.317219349955545e-07,6.586096749777726e-07,0.11450917113972403,0.6720367787103395
item_POTASSIUM CHLORIDE SR,-1.5533185669473057e-08,4.1429831922955195e-07,25,-1.3172193499721985e-07,3.6173603041226397e-06,0.11450917113972403,0.6720367787103395
item_ARNUITY ELLIPTA,-1.5667653347577757e-08,5.57417568838126e-07,25,-1.3172193499610963e-07,4.8917750529982445e-06,0.11450917113972403,0.6720367787103395
item_CALCITONIN SALMON,-1.613612138780452e-08,8.573675826044227e-07,25,-1.317219349955545e-07,7.453743041839764e-06,0.11450917113972403,0.6720367787103395
item_NOVOLIN 70/30,-1.660458942815547e-08,1.2433315623448874e-06,25,-1.3172193499610963e-07,1.0900271999495558e-05,0.11450917113972403,0.6720367787103395
item_VALSARTAN,-2.2245725412969376e-08,2.1031717312487847e-06,25,-2.634438699883335e-07,1.8308282838498446e-05,0.11450917113972403,0.6720367787103395
item_LORAZEPAM INTENSOL,-2.8609082960497154e-08,3.9658955315200054e-07,25,-2.6344386999055393e-07,3.5467216433195107e-06,0.11450917113972403,0.6720367787103395
item_KETOTIFEN FUMARATE,-2.8986459992951326e-08,2.3900236745514984e-07,25,-2.6344386999055393e-07,2.108579786425433e-06,0.11450917113972403,0.6720367787103395
item_OYSTER SHELL CALCIUM/VITA,-2.9303109686915003e-08,5.296315379853466e-07,25,-2.63443869991109e-07,4.649305404890038e-06,0.11450917113972403,0.6720367787103395
item_VERAPAMIL HYDROCHLORIDE,-2.9398538361661524e-08,3.427778897534702e-07,25,-2.634438699899988e-07,2.9940794715749003e-06,0.11450917113972403,0.6720367787103395
item_QVAR,-3.012726642446347e-08,1.0427530245847385e-07,25,-2.63443869991109e-07,9.118038070844255e-07,0.11450917113972403,0.6720367787103395
item_MATZIM LA,-3.020534443124231e-08,1.0454366947622171e-07,25,-2.6344386999166413e-07,9.118038070842583e-07,0.11450917113972403,0.6720367787103395
item_METHAZOLAMIDE,-3.0224863932985e-08,1.5112431966425066e-07,25,-2.6344386999221925e-07,1.3172193499553139e-06,0.11450917113972403,0.6720367787103395
item_REFRESH TEARS,-3.0478617454744035e-08,4.3138679389039644e-07,25,-2.6344386999166413e-07,3.7929666069866555e-06,0.11450917113972403,0.6720367787103395
item_SODIUM SULFACETAMIDE,-3.0508981123895214e-08,1.0560019505958758e-07,25,-2.6344386999055393e-07,9.118038070845925e-07,0.11450917113972403,0.6720367787103395
item_BENICAR HCT,-3.051331879093564e-08,1.8602741262936296e-07,25,-2.6344386999055393e-07,1.624422189323341e-06,0.11450917113972403,0.6720367787103395
item_TERBINAFINE HCL,-3.1281085857092514e-08,3.9384724778261505e-07,25,-2.6344386999166413e-07,3.4169509481259995e-06,0.11450917113972403,0.6720367787103395
item_CHLORDIAZEPOXIDE HCL,-3.3061698176831096e-08,7.920027694531218e-07,25,-2.63443869991109e-07,6.849751709339286e-06,0.11450917113972403,0.6720367787103395
item_VERAPAMIL HCL SR,-4.46888146768468e-08,5.849220497485034e-07,25,-3.9516580498666356e-07,5.147418398346833e-06,0.11450917113972403,0.6720367787103395
item_CONSTULOSE,-4.475821734948236e-08,3.1187544050890453e-07,25,-3.9516580498666356e-07,2.7420107346350896e-06,0.11450917113972403,0.6720367787103395
item_COREG CR,-4.500763320413974e-08,1.2440966150396078e-07,25,-3.951658049855533e-07,1.0921805875947845e-06,0.11450917113972403,0.6720367787103395
item_AVODART,-4.53481400667573e-08,1.2534996138562132e-07,25,-3.951658049855533e-07,1.092180587596528e-06,0.11450917113972403,0.6720367787103395
item_RELION INSULIN SYRINGE/U-,-4.5799257438887565e-08,1.2658799474549553e-07,25,-3.951658049855533e-07,1.0921805876000147e-06,0.11450917113972403,0.6720367787103395
item_OYSTER SHELL CALCIUM,-4.6005296623338913e-08,4.2121473879607246e-07,25,-3.9516580498610844e-07,3.5973193726017053e-06,0.11450917113972403,0.6720367787103395
item_TRUE METRIX BLOOD GLUCOSE,-4.6358816487012094e-08,8.688710041125845e-07,25,-3.951658049855533e-07,7.564460172347117e-06,0.11450917113972403,0.6720367787103395
item_BD AUTOSHIELD DUO 30G X 5,-4.9490612089561953e-08,9.60052553216417e-07,25,-3.951658049844431e-07,8.35898238811581e-06,0.11450917113972403,0.6720367787103395
item_TRIPLE ANTIBIOTIC,-5.853681670094243e-08,5.89314867974757e-07,25,-5.268877399799976e-07,5.178922783321956e-06,0.11450917113972403,0.6720367787103395
item_IMIPRAMINE HCL,-5.896624573787308e-08,4.7463039163792846e-07,25,-5.268877399799976e-07,4.10861950411125e-06,0.11450917113972403,0.6720367787103395
item_SELENIUM SULFIDE,-5.962123346099987e-08,2.3401985504244977e-07,25,-5.268877399811079e-07,2.0565080509738934e-06,0.11450917113972403,0.6720367787103395
item_FOLBIC,-5.971883096945644e-08,2.7890899447292714e-07,25,-5.26887739981663e-07,2.4569466071283538e-06,0.11450917113972403,0.6720367787103395
item_RANITIDINE 75,-6.040635119525206e-08,3.5561114684672576e-07,25,-5.26887739981663e-07,3.1066556235547976e-06,0.11450917113972403,0.6720367787103395
item_ONETOUCH VERIO TEST STRIP,-6.041285769587385e-08,8.805207481103205e-07,25,-5.26887739982218e-07,7.704138108413682e-06,0.11450917113972403,0.6720367787103395
item_ZIPRASIDONE HCL,-6.048226036838311e-08,1.4145967514495244e-07,25,-5.268877399811079e-07,1.2321458776865421e-06,0.11450917113972403,0.6720367787103395
item_PILOCARPINE HYDROCHLORIDE,-6.051696170482859e-08,3.8795961133522664e-07,25,-5.26887739982218e-07,3.3850657940351152e-06,0.11450917113972403,0.6720367787103395
item_CALCIUM + D3,-7.44517170697153e-08,4.471742047537296e-07,25,-6.586096749755521e-07,3.919511546825642e-06,0.11450917113972403,0.6720367787103395
item_ALCOHOL PREP PADS,-7.495488644638936e-08,3.7477443223160416e-07,25,-6.586096749761072e-07,3.2930483748776447e-06,0.11450917113972403,0.6720367787103395
item_PREDNISOLONE SODIUM PHOSP,-7.513056196162526e-08,3.4390518855071666e-07,25,-6.586096749772174e-07,3.0061281297964572e-06,0.11450917113972403,0.6720367787103395
item_VITAMIN D-1000,-7.53669648150999e-08,4.960485682201034e-07,25,-6.586096749755521e-07,4.3562935276179e-06,0.11450917113972403,0.6720367787103395
item_OXYCODONE HCL ER,-7.550793899408066e-08,3.775396949700607e-07,25,-6.586096749772174e-07,3.2930483748831953e-06,0.11450917113972403,0.6720367787103395
item_FLUVASTATIN,-7.556215983207722e-08,3.778107991597118e-07,25,-6.586096749772174e-07,3.293048374880305e-06,0.11450917113972403,0.6720367787103395
item_DOCQLACE,-7.655982325095819e-08,3.9713714641426374e-07,25,-6.58609674974997e-07,3.427513418292786e-06,0.11450917113972403,0.6720367787103395
item_GATIFLOXACIN,-7.703696662545389e-08,3.851848331272651e-07,25,-6.586096749761072e-07,3.293048374880536e-06,0.11450917113972403,0.6720367787103395
item_PENICILLIN V POTASSIUM,-7.796956503918929e-08,1.0590766209578516e-06,25,-6.586096749777726e-07,9.314147346613917e-06,0.11450917113972403,0.6720367787103395
item_FLOVENT DISKUS,-8.469294895034332e-08,1.4046806375791889e-06,25,-7.903316099694412e-07,1.2295027301081819e-05,0.11450917113972403,0.6720367787103395
item_FIBER-LAX,-8.954679836817679e-08,4.3599678624752963e-07,25,-7.90331609972772e-07,3.835612168836716e-06,0.11450917113972403,0.6720367787103395
item_THEOPHYLLINE CR,-9.00998509156155e-08,1.961825420082723e-07,25,-7.903316099716617e-07,1.7216481862256255e-06,0.11450917113972403,0.6720367787103395
item_BD INSULIN SYRINGE ULTRAF,-9.175467089133191e-08,6.270753459938581e-07,25,-7.903316099722169e-07,5.484021469267568e-06,0.11450917113972403,0.6720367787103395
item_ACARBOSE,-1.0571762109236057e-07,4.009085783251536e-07,25,-9.220535449688816e-07,3.495391560596098e-06,0.11450917113972403,0.6720367787103395
item_CHOLESTYRAMINE,-1.0829853298086778e-07,1.988861397715487e-06,25,-9.220535449677713e-07,1.736074781828162e-05,0.11450917113972403,0.6720367787103395
item_ACCU-CHEK AVIVA PLUS,-1.0981454761090534e-07,2.1202479967439055e-06,25,-1.0537754799599952e-06,1.8426363926021676e-05,0.11450917113972403,0.6720367787103395
item_QUINAPRIL HYDROCHLORIDE,-1.2232221052019795e-07,6.116110526006472e-07,25,-1.0537754799622157e-06,5.2688773998081875e-06,0.11450917113972403,0.6720367787103395
item_TIMOLOL MALEATE,-1.2869424340119857e-07,2.2005997244769105e-06,25,-1.1854974149544395e-06,1.9151655161726984e-05,0.11450917113972403,0.6720367787103395
item_GUAIFENESIN ER,-1.3481035392772208e-07,6.311261419734167e-07,25,-1.1854974149588803e-06,5.5332359298479435e-06,0.11450917113972403,0.6720367787103395
item_TAB-A-VITE/IRON,-1.3678399243060282e-07,7.261213773380563e-07,25,-1.185497414957215e-06,6.3684524667570275e-06,0.11450917113972403,0.6720367787103395
item_XIIDRA,-1.4804457606582145e-07,7.402228803287646e-07,25,-1.3172193499533246e-06,6.586096749763732e-06,0.11450917113972403,0.6720367787103395
item_ENALAPRIL MALEATE/HYDROCH,-1.4971457787598873e-07,7.48572889379601e-07,25,-1.3172193499522144e-06,6.586096749758181e-06,0.11450917113972403,0.6720367787103395
item_BUPRENORPHINE,-1.4980133121684667e-07,1.003037644821382e-06,25,-1.3172193499527696e-06,8.81569818344863e-06,0.11450917113972403,0.6720367787103395
item_GLIPIZIDE/METFORMIN HYDRO,-1.5023292908717205e-07,5.314032050495283e-07,25,-1.3172193499516594e-06,4.657073673306161e-06,0.11450917113972403,0.6720367787103395
item_PLAVIX,-1.5059295545146848e-07,5.212220954694595e-07,25,-1.3172193499516594e-06,4.559019035417032e-06,0.11450917113972403,0.6720367787103395
item_LIPITOR,-1.5085321547391474e-07,5.329562418701459e-07,25,-1.3172193499522144e-06,4.657073673304772e-06,0.11450917113972403,0.6720367787103395
item_DOCUSATE SODIUM & SENNA S,-1.5099418965270647e-07,5.226196240138569e-07,25,-1.3172193499522144e-06,4.559019035418953e-06,0.11450917113972403,0.6720367787103395
item_LEVOBUNOLOL HCL,-1.5116986516781325e-07,5.689160811103933e-07,25,-1.3172193499522144e-06,4.939572562320341e-06,0.11450917113972403,0.6720367787103395
item_PRAZOSIN HCL,-1.5138457968615064e-07,1.078963594632257e-06,25,-1.3172193499511041e-06,9.41066958621964e-06,0.11450917113972403,0.6720367787103395
item_NATURAL BALANCE TEARS,-1.5189642439703261e-07,4.393445630769015e-07,25,-1.3172193499527696e-06,3.8024847313840754e-06,0.11450917113972403,0.6720367787103395
item_CERTAVITE/ANTIOXIDANTS,-1.525665939546042e-07,5.2805014848602e-07,25,-1.3172193499522144e-06,4.559019035421041e-06,0.11450917113972403,0.6720367787103395
item_CHLORHEXIDINE GLUCONATE,-1.5372691988751112e-07,3.814751955092145e-06,25,-1.4489412849455484e-06,3.332710297559664e-05,0.11450917113972403,0.6720367787103395
item_VITAMIN B-1,-1.5515835001090223e-07,7.757917500541687e-07,25,-1.3172193499527696e-06,6.586096749760958e-06,0.11450917113972403,0.6720367787103395
item_NORTRIPTYLINE HCL,-1.640700869439222e-07,6.137502294877126e-07,25,-1.448941284947214e-06,5.384243188738854e-06,0.11450917113972403,0.6720367787103395
item_METHYLPREDNISOLONE,-1.6745997373559097e-07,5.397027314866654e-07,25,-1.4489412849483242e-06,4.664829005359813e-06,0.11450917113972403,0.6720367787103395
item_HYOSCYAMINE SULFATE,-1.7826727116515612e-07,2.232782001908537e-06,25,-1.5806632199444337e-06,1.9484719850477283e-05,0.11450917113972403,0.6720367787103395
item_FLUOROMETHOLONE,-1.8073757254414923e-07,1.0396031100560584e-06,25,-1.5806632199433235e-06,9.074325280922804e-06,0.11450917113972403,0.6720367787103395
item_FREESTYLE LITE TEST STRIP,-1.8148582010831235e-07,4.7631168660841507e-07,25,-1.5806632199416582e-06,4.156726321059645e-06,0.11450917113972403,0.6720367787103395
item_ZINC SULFATE,-1.8253987319903004e-07,6.112057439186653e-07,25,-1.5806632199422132e-06,5.3030690460826304e-06,0.11450917113972403,0.6720367787103395
item_TRAVATAN Z,-1.8561961679678335e-07,2.1978743553349854e-06,25,-1.5806632199383275e-06,1.9157316586248366e-05,0.11450917113972403,0.6720367787103395
item_METHYLPHENIDATE HYDROCHLO,-1.9668283658239535e-07,1.0216720778017172e-06,25,-1.7123851549405433e-06,8.923695277416436e-06,0.11450917113972403,0.6720367787103395
item_PIOGLITAZONE HCL,-1.9710359028499632e-07,5.381104509716416e-07,25,-1.7123851549383228e-06,4.668701840404688e-06,0.11450917113972403,0.6720367787103395
item_BETOPTIC-S,-1.9754386348952696e-07,7.343852918199102e-07,25,-1.7123851549383228e-06,6.385457710563808e-06,0.11450917113972403,0.6720367787103395
item_HUMULIN R,-2.099235652209314e-07,3.9131392927638885e-07,25,-1.8441070899338774e-06,3.438043438242044e-06,0.11450917113972403,0.6720367787103395
item_LIDOCAINE HYDROCHLORIDE,-2.106197607807452e-07,4.332997535843046e-07,25,-1.8441070899333224e-06,3.8119790900619366e-06,0.11450917113972403,0.6720367787103395
item_PRESERVISION AREDS 2,-2.122116845843205e-07,1.081404589623605e-06,25,-1.8441070899333224e-06,9.414509892269485e-06,0.11450917113972403,0.6720367787103395
item_JANUMET XR,-2.1271268512734376e-07,7.630448322192217e-07,25,-1.8441070899327671e-06,6.659778185578595e-06,0.11450917113972403,0.6720367787103395
item_VIRTUSSIN A/C,-2.2369348923856486e-07,1.1152230346410054e-06,25,-1.975829024929432e-06,9.833301976469645e-06,0.11450917113972403,0.6720367787103395
item_FLORANEX,-2.2623102445673831e-07,8.294057644021941e-07,25,-1.9758290249288767e-06,7.239715238181946e-06,0.11450917113972403,0.6720367787103395
item_BESIVANCE,-2.2638501163671095e-07,3.937337819469351e-07,25,-1.975829024929432e-06,3.4275134182940077e-06,0.11450917113972403,0.6720367787103395
item_ARTIFICIAL TEARS,-2.4062557252802936e-07,6.964155923333485e-07,25,-2.1075509599238762e-06,6.078031283919185e-06,0.11450917113972403,0.6720367787103395
item_FENOFIBRATE MICRONIZED,-2.4116127440737127e-07,1.0039072263474423e-06,25,-2.107550959923321e-06,8.860686960890445e-06,0.11450917113972403,0.6720367787103395
item_SF 5000 PLUS,-2.4339517293288946e-07,6.647005201249044e-07,25,-2.1075509599238762e-06,5.7730184267144615e-06,0.11450917113972403,0.6720367787103395
item_MELATONIN,-2.4520181125469e-07,5.054869179244565e-06,25,-2.3709948299122096e-06,4.421686469780324e-05,0.11450917113972403,0.6720367787103395
item_HUMALOG MIX 75/25,-2.539595610078511e-07,6.550992948627439e-07,25,-2.2392728949166553e-06,5.76048199839595e-06,0.11450917113972403,0.6720367787103395
item_DOXEPIN HCL,-2.559527190129213e-07,8.324196721567545e-07,25,-2.2392728949194306e-06,7.222218921677417e-06,0.11450917113972403,0.6720367787103395
item_HUMULIN 70/30 KWIKPEN,-2.5610887502635276e-07,5.066362566015206e-07,25,-2.2392728949194306e-06,4.430343480446628e-06,0.11450917113972403,0.6720367787103395
item_PREVNAR 13,-2.5776369500194215e-07,8.138306652425079e-07,25,-2.2392728949188758e-06,7.095990761414913e-06,0.11450917113972403,0.6720367787103395
item_CICLOPIROX OLAMINE,-2.698831367109618e-07,1.002179413870723e-06,25,-2.37099482991443e-06,8.842310127504768e-06,0.11450917113972403,0.6720367787103395
item_PARICALCITOL,-2.7099141063954725e-07,4.927606089374124e-07,25,-2.370994829913875e-06,4.306219524688771e-06,0.11450917113972403,0.6720367787103395
item_DIGITEK,-2.7120612515814076e-07,3.841788369468503e-07,25,-2.3709948299149853e-06,3.363641111744239e-06,0.11450917113972403,0.6720367787103395
item_ROBAFEN,-2.7170929453455844e-07,7.263315787066687e-07,25,-2.37099482991332e-06,6.3428591182053225e-06,0.11450917113972403,0.6720367787103395
item_SYSTANE ULTRA,-2.717114633683959e-07,9.404193941846946e-07,25,-2.3709948299160954e-06,8.20623426375891e-06,0.11450917113972403,0.6720367787103395
item_RISAMINE,-2.839371779197592e-07,1.0208268010785794e-06,25,-2.5027167649105397e-06,8.93179300619991e-06,0.11450917113972403,0.6720367787103395
item_ESZOPICLONE,-2.869713760141099e-07,8.40629958634802e-07,25,-2.502716764911095e-06,7.319165795402754e-06,0.11450917113972403,0.6720367787103395
item_CARVEDILOL PHOSPHATE,-2.884505204745918e-07,6.739210516577082e-07,25,-2.5027167649105397e-06,5.8815724633609134e-06,0.11450917113972403,0.6720367787103395
item_CETIRIZINE HCL,-2.993185452424596e-07,1.4482903213906847e-06,25,-2.6344386999044288e-06,1.2718444612306293e-05,0.11450917113972403,0.6720367787103395
item_SENNA LAX,-3.0107746922700575e-07,7.04096283740868e-07,25,-2.634438699903874e-06,6.160729388434998e-06,0.11450917113972403,0.6720367787103395
item_DUREZOL,-3.044066286799901e-07,9.57856614328158e-07,25,-2.634438699903874e-06,8.287323339227702e-06,0.11450917113972403,0.6720367787103395
item_PENTOXIFYLLINE ER,-3.180464226864354e-07,1.1633864359937443e-06,25,-2.7661606348994283e-06,1.0135601333452754e-05,0.11450917113972403,0.6720367787103395
item_DOXEPIN HYDROCHLORIDE,-3.284242910790072e-07,1.962322475003074e-06,25,-2.8978825698949826e-06,1.7198626249897436e-05,0.11450917113972403,0.6720367787103395
item_BANOPHEN,-3.307015662749863e-07,8.225781282995791e-07,25,-2.897882569896093e-06,7.1971504013286076e-06,0.11450917113972403,0.6720367787103395
item_BENAZEPRIL HCL/HYDROCHLOR,-3.31740437531124e-07,1.4693690782587151e-06,25,-2.897882569897203e-06,1.2871003600810948e-05,0.11450917113972403,0.6720367787103395
item_TOLTERODINE TARTRATE ER,-3.369413003112383e-07,2.2770624675803134e-06,25,-2.8978825698927626e-06,1.9879577826097985e-05,0.11450917113972403,0.6720367787103395
item_RAMIPRIL,-3.448597114922277e-07,1.7768107285109456e-06,25,-3.0296045048877617e-06,1.556001655741806e-05,0.11450917113972403,0.6720367787103395
item_TIMOLOL MALEATE OPHTHALMI,-3.528540318466874e-07,8.836656862301409e-07,25,-3.029604504889982e-06,7.659435143156866e-06,0.11450917113972403,0.6720367787103395
item_FENOFIBRATE,-3.5954705208895594e-07,3.082846019313949e-06,25,-3.1613264398849817e-06,2.7063168322591798e-05,0.11450917113972403,0.6720367787103395
item_FLUOCINOLONE ACETONIDE,-3.6128428773849097e-07,7.792959295753266e-07,25,-3.1613264398860918e-06,6.820665583431333e-06,0.11450917113972403,0.6720367787103395
item_HALOBETASOL PROPIONATE,-3.6161828810054876e-07,8.807036138813814e-07,25,-3.1613264398860918e-06,7.692399356953694e-06,0.11450917113972403,0.6720367787103395
item_DALIRESP,-3.7757656513972095e-07,9.443400907453067e-07,25,-3.2930483748816465e-06,8.23262093720481e-06,0.11450917113972403,0.6720367787103395
item_ALFUZOSIN HCL ER,-3.906242675949894e-07,1.5203686467928396e-06,25,-3.4247703098749804e-06,1.3256990969272927e-05,0.11450917113972403,0.6720367787103395
item_FORTEO,-3.910927356354066e-07,9.360512459405133e-07,25,-3.424770309876091e-06,8.20403154347537e-06,0.11450917113972403,0.6720367787103395
item_EXEMESTANE,-4.3893503425012816e-07,1.5890364135186347e-06,25,-3.819936114862754e-06,1.3863433812907901e-05,0.11450917113972403,0.6720367787103395
item_DESLORATADINE,-4.5289798445052124e-07,1.4048023220749256e-06,25,-3.951658049853868e-06,1.2210950187859621e-05,0.11450917113972403,0.6720367787103395
item_PROPRANOLOL HCL,-4.534054914944852e-07,1.1531828722655615e-06,25,-3.951658049856644e-06,1.0060428963359212e-05,0.11450917113972403,0.6720367787103395
item_NOVOLOG MIX 70/30 PREFILL,-4.5489764895602197e-07,2.2928493469545586e-06,25,-3.951658049855533e-06,1.998566586100411e-05,0.11450917113972403,0.6720367787103395
item_NIACIN ER,-4.680451177535219e-07,1.1245121877121546e-06,25,-4.0833799848516425e-06,9.800162126436472e-06,0.11450917113972403,0.6720367787103395
item_OMEGA-3-ACID ETHYL ESTERS,-4.837192776016557e-07,2.1203835812968407e-06,25,-4.2151019198477525e-06,1.859236176069288e-05,0.11450917113972403,0.6720367787103395
item_STOOL SOFTENER,-5.110162162825716e-07,2.3957953347118704e-06,25,-4.4785457898377515e-06,2.084614935495944e-05,0.11450917113972403,0.6720367787103395
item_NOVOLOG,-5.149114412843694e-07,2.5429695137908928e-06,25,-4.478545789838861e-06,2.219003162366258e-05,0.11450917113972403,0.6720367787103395
item_CHERATUSSIN AC,-5.269462984857956e-07,9.588744345087484e-07,25,-4.610267724831641e-06,8.449305890348534e-06,0.11450917113972403,0.6720367787103395
item_OLOPATADINE HYDROCHLORIDE,-5.422127176318768e-07,1.4312529768723589e-06,25,-4.741989659824974e-06,1.2506360142233906e-05,0.11450917113972403,0.6720367787103395
item_SENNA PLUS,-5.432364070536361e-07,1.825847518054963e-06,25,-4.741989659828305e-06,1.593758301628402e-05,0.11450917113972403,0.6720367787103395
item_DIOVAN,-5.56754746383027e-07,9.489659689103857e-07,25,-4.8737115948244146e-06,8.29386338233893e-06,0.11450917113972403,0.6720367787103395
item_AMLODIPINE BESYLATE/ATORV,-5.586589822135928e-07,9.396489625603323e-07,25,-4.873711594825525e-06,8.184180382808925e-06,0.11450917113972403,0.6720367787103395
item_LABETALOL HYDROCHLORIDE,-5.64002988006214e-07,3.0240008126518356e-06,25,-4.873711594822749e-06,2.6294944877897166e-05,0.11450917113972403,0.6720367787103395
item_NEOMYCIN/POLYMYXIN/DEXAME,-5.738776870221104e-07,1.737174306131596e-06,25,-5.005433529817749e-06,1.5064271659397456e-05,0.11450917113972403,0.6720367787103395
item_EXELON,-6.035776932432263e-07,1.331656483169734e-06,25,-5.268877399809413e-06,1.164268418326762e-05,0.11450917113972403,0.6720367787103395
item_CAPTOPRIL,-6.043150966399804e-07,1.1958571372295033e-06,25,-5.268877399809413e-06,1.0456833011304737e-05,0.11450917113972403,0.6720367787103395
item_GLIPIZIDE ER,-6.199675681527874e-07,3.1651145407802035e-06,25,-5.400599334804413e-06,2.7549651363951725e-05,0.11450917113972403,0.6720367787103395
item_PROLENSA,-6.437531653650524e-07,2.32606790617796e-06,25,-5.664043204794411e-06,2.0422210601918244e-05,0.11450917113972403,0.6720367787103395
item_BUSPIRONE HCL,-6.621882502835219e-07,2.068715864298853e-06,25,-5.795765139786635e-06,1.811874996946839e-05,0.11450917113972403,0.6720367787103395
item_PAZEO,-6.817945053034224e-07,1.4581138109012723e-06,25,-5.927487074784965e-06,1.2682868473770973e-05,0.11450917113972403,0.6720367787103395
item_IBANDRONATE SODIUM,-7.018583841955384e-07,2.0663963709083657e-06,25,-6.190930944774409e-06,1.8144666663096405e-05,0.11450917113972403,0.6720367787103395
item_DICLOFENAC SODIUM/MISOPRO,-7.13758773719076e-07,1.4418073467738456e-06,25,-6.190930944774964e-06,1.2478872013364984e-05,0.11450917113972403,0.6720367787103395
item_IRBESARTAN,-7.150600738310288e-07,1.9324199563793254e-06,25,-6.322652879770518e-06,1.7109068669291653e-05,0.11450917113972403,0.6720367787103395
item_MAGNESIUM-OXIDE,-7.342238868126194e-07,1.3006296657135022e-06,25,-6.454374814766628e-06,1.1465925977825637e-05,0.11450917113972403,0.6720367787103395
item_DOK,-7.396091004425e-07,2.9492982131736e-06,25,-6.454374814767183e-06,2.5815623049383773e-05,0.11450917113972403,0.6720367787103395
item_PROMETHAZINE/DEXTROMETHOR,-7.425435321948089e-07,1.942769149860545e-06,25,-6.454374814766628e-06,1.6884702134939694e-05,0.11450917113972403,0.6720367787103395
item_THERA M PLUS,-7.565303395644275e-07,1.8025510941788226e-06,25,-6.586096749762183e-06,1.5649199711728494e-05,0.11450917113972403,0.6720367787103395
item_ESTRADIOL,-7.734819423556343e-07,3.6352621612312514e-06,25,-6.717818684757182e-06,3.162126732290284e-05,0.11450917113972403,0.6720367787103395
item_SULFASALAZINE,-7.980309689667582e-07,1.5075239316275454e-06,25,-6.981262554746071e-06,1.3217395357058797e-05,0.11450917113972403,0.6720367787103395
item_CODEINE/GUAIFENESIN,-8.029672340580255e-07,1.7584687655969372e-06,25,-6.9812625547466255e-06,1.5249101631058137e-05,0.11450917113972403,0.6720367787103395
item_DOCUSATE SODIUM,-8.182228090366356e-07,2.362068995712524e-06,25,-7.11298448974107e-06,2.0689500776234463e-05,0.11450917113972403,0.6720367787103395
item_IRBESARTAN/HYDROCHLOROTHI,-8.667352772089336e-07,1.3641170872069342e-06,25,-7.5081502947271785e-06,1.1740075391035695e-05,0.11450917113972403,0.6720367787103395
item_FELODIPINE ER,-9.084766471323464e-07,2.0699909665398117e-06,25,-7.903316099714397e-06,1.8086801520601473e-05,0.11450917113972403,0.6720367787103395
item_VICTOZA,-9.174317607356406e-07,1.5589542086422421e-06,25,-8.035038034707731e-06,1.3679699760541035e-05,0.11450917113972403,0.6720367787103395
item_BOOSTRIX,-9.470862214528958e-07,1.6718179053901913e-06,25,-8.29848190469995e-06,1.4638331590802303e-05,0.11450917113972403,0.6720367787103395
item_AMMONIUM LACTATE,-9.599951185630861e-07,2.229504551639919e-06,25,-8.43020383969495e-06,1.9506969038255897e-05,0.11450917113972403,0.6720367787103395
item_PREVALITE,-9.910354638991533e-07,1.9720128316356804e-06,25,-8.693647709683839e-06,1.7291901223930882e-05,0.11450917113972403,0.6720367787103395
item_FERROUS GLUCONATE,-1.0224098095977883e-06,1.8106174410262745e-06,25,-8.957091579677168e-06,1.586483942496457e-05,0.11450917113972403,0.6720367787103395
item_SENEXON-S,-1.04241946765174e-06,1.1882618247419224e-06,25,-9.088813514669947e-06,1.0338633628472765e-05,0.11450917113972403,0.6720367787103395
item_FENOFIBRIC ACID DR,-1.057187055088449e-06,1.7016291758417667e-06,25,-9.220535449664946e-06,1.4849177570464815e-05,0.11450917113972403,0.6720367787103395
item_CERTAVITE SENIOR/ANTIOXID,-1.1106704896883951e-06,2.167712987332273e-06,25,-9.615701254652164e-06,1.8747252382507117e-05,0.11450917113972403,0.6720367787103395
item_FEXOFENADINE HYDROCHLORID,-1.1118091272862964e-06,1.7981408942168753e-06,25,-9.747423189647164e-06,1.5749357454237902e-05,0.11450917113972403,0.6720367787103395
item_RALOXIFENE HYDROCHLORIDE,-1.1209572670728745e-06,2.7126615785520597e-06,25,-9.747423189645499e-06,2.367943747927101e-05,0.11450917113972403,0.6720367787103395
item_MAPAP ARTHRITIS PAIN,-1.1655593284089653e-06,1.8991231485124169e-06,25,-1.0274310929627718e-05,1.67190458305716e-05,0.11450917113972403,0.6720367787103395
item_NOVOLOG MIX 70/30,-1.184042127665001e-06,1.651621262756649e-06,25,-1.040603286462105e-05,1.4500634805085808e-05,0.11450917113972403,0.6720367787103395
item_CALCIUM,-1.191739317826888e-06,3.0369378239919956e-06,25,-1.0274310929624941e-05,2.6469636729484886e-05,0.11450917113972403,0.6720367787103395
item_OLMESARTAN MEDOXOMIL/HYDR,-1.2107274552935984e-06,1.9526585108511313e-06,25,-1.053775479961827e-05,1.687185228366402e-05,0.11450917113972403,0.6720367787103395
item_TELMISARTAN/HYDROCHLOROTH,-1.2504691607115122e-06,1.8701449368801617e-06,25,-1.0932920604603823e-05,1.6291994218192888e-05,0.11450917113972403,0.6720367787103395
item_LEVOCETIRIZINE DIHYDROCHL,-1.2580427273626107e-06,3.207644206360046e-06,25,-1.0932920604601604e-05,2.8050896616785545e-05,0.11450917113972403,0.6720367787103395
item_ZOLPIDEM TARTRATE ER,-1.2717345733736567e-06,2.221991521964209e-06,25,-1.1064642539598269e-05,1.933947622093015e-05,0.11450917113972403,0.6720367787103395
item_REPAGLINIDE,-1.2888531763458942e-06,2.2153740528695855e-06,25,-1.1196364474593268e-05,1.9225123640942207e-05,0.11450917113972403,0.6720367787103395
item_OLOPATADINE HCL,-1.3068111178904151e-06,1.7540303207326642e-06,25,-1.1459808344584377e-05,1.539067144715432e-05,0.11450917113972403,0.6720367787103395
item_TERAZOSIN HCL,-1.3328479642963168e-06,2.530208772814992e-06,25,-1.1591530279579377e-05,2.2031453464191184e-05,0.11450917113972403,0.6720367787103395
item_TAB-A-VITE,-1.3735417876294523e-06,1.4257918159394652e-06,25,-1.198669608456493e-05,1.2462930122863236e-05,0.11450917113972403,0.6720367787103395
item_THERA,-1.401619506377836e-06,2.6137919664502714e-06,25,-1.2250139954557703e-05,2.2726010550238613e-05,0.11450917113972403,0.6720367787103395
item_BISACODYL EC,-1.4062651477771884e-06,1.288528004199609e-06,25,-1.2250139954556038e-05,1.1268771121458128e-05,0.11450917113972403,0.6720367787103395
item_PROMETHAZINE/CODEINE,-1.4383703903717e-06,2.020570389071337e-06,25,-1.2513583824546593e-05,1.7554346924534986e-05,0.11450917113972403,0.6720367787103395
item_CHLORTHALIDONE,-1.4440180328570705e-06,2.7130032235096674e-06,25,-1.2645305759538816e-05,2.3854341767502895e-05,0.11450917113972403,0.6720367787103395
item_WELCHOL,-1.4450308781109127e-06,1.30424323007255e-06,25,-1.2645305759539371e-05,1.1394772195574275e-05,0.11450917113972403,0.6720367787103395
item_MILK OF MAGNESIA,-1.4798102924356655e-06,2.2717523691383496e-06,25,-1.2908749629532145e-05,1.9802148883160023e-05,0.11450917113972403,0.6720367787103395
item_QUINAPRIL HCL,-1.5453697920741412e-06,3.0779800710375954e-06,25,-1.3567359304509364e-05,2.7010358177110093e-05,0.11450917113972403,0.6720367787103395
item_THERA-M,-1.590416464281446e-06,2.1420811129816585e-06,25,-1.3962525109493251e-05,1.8828059879374157e-05,0.11450917113972403,0.6720367787103395
item_MELOXICAM,-1.6071923915573507e-06,5.426290865751145e-06,25,-1.4094247044486585e-05,4.739320929857432e-05,0.11450917113972403,0.6720367787103395
item_ASPIRIN EC,-1.626779127075321e-06,2.3529081212286795e-06,25,-1.4225968979482694e-05,2.0580893722788327e-05,0.11450917113972403,0.6720367787103395
item_BETAMETHASONE VALERATE,-1.65170336188566e-06,1.916664147104009e-06,25,-1.4357690914478805e-05,1.6680083733987415e-05,0.11450917113972403,0.6720367787103395
item_CIPRODEX,-1.6809826144039192e-06,2.1244170255260665e-06,25,-1.4621134784470468e-05,1.841066353853054e-05,0.11450917113972403,0.6720367787103395
item_ATROPINE SULFATE,-1.687404530456008e-06,3.09115784147126e-06,25,-1.4752856719463802e-05,2.70905355409524e-05,0.11450917113972403,0.6720367787103395
item_ASPIRIN,-1.7551935909531865e-06,2.951253103766565e-06,25,-1.527974445944824e-05,2.566465935837978e-05,0.11450917113972403,0.6720367787103395
item_EZETIMIBE,-1.7574448401466207e-06,5.135133923950377e-06,25,-1.554318832943713e-05,4.4664225858823456e-05,0.11450917113972403,0.6720367787103395
item_BD SWABS SINGLE USE,-1.9018371005649236e-06,2.3816306976210827e-06,25,-1.6596963809399344e-05,2.0772323624870653e-05,0.11450917113972403,0.6720367787103395
item_DORZOLAMIDE HCL,-1.9552012493208613e-06,2.891725475723873e-06,25,-1.7123851549378234e-05,2.531224148494237e-05,0.11450917113972403,0.6720367787103395
item_OSELTAMIVIR PHOSPHATE,-2.011710206680883e-06,3.025138027144045e-06,25,-1.751901735436434e-05,2.6561655520895156e-05,0.11450917113972403,0.6720367787103395
item_FLUOCINONIDE,-2.0483439736650967e-06,2.3864645931162605e-06,25,-1.7914183159352114e-05,2.0872143150363582e-05,0.11450917113972403,0.6720367787103395
item_ROSUVASTATIN CALCIUM,-2.0919158390789966e-06,4.545704071709305e-06,25,-1.8441070899332112e-05,3.9710486084474074e-05,0.11450917113972403,0.6720367787103395
item_PRESERVISION AREDS,-2.099296379546854e-06,2.148859996728517e-06,25,-1.8309348964334893e-05,1.8799239933076324e-05,0.11450917113972403,0.6720367787103395
item_ENALAPRIL MALEATE,-2.142011555720564e-06,3.793117692183474e-06,25,-1.8704514769321e-05,3.303624031906587e-05,0.11450917113972403,0.6720367787103395
item_ILEVRO,-2.211171319002025e-06,2.008830537294808e-06,25,-1.923140250930322e-05,1.749452934141461e-05,0.11450917113972403,0.6720367787103395
item_TERAZOSIN HYDROCHLORIDE,-2.5522030393316418e-06,2.757127703779777e-06,25,-2.2261007014190426e-05,2.409182428003393e-05,0.11450917113972403,0.6720367787103395
item_OLMESARTAN MEDOXOMIL,-2.607855307451574e-06,4.583129866559836e-06,25,-2.2656172819178755e-05,4.006527152659215e-05,0.11450917113972403,0.6720367787103395
item_LATANOPROST,-2.674963354223138e-06,1.0371756039405708e-05,25,-2.3446504429150416e-05,9.096863600552171e-05,0.11450917113972403,0.6720367787103395
item_ATENOLOL/CHLORTHALIDONE,-2.703854385541118e-06,2.256905745773361e-06,25,-2.357822636414486e-05,1.96132295140947e-05,0.11450917113972403,0.6720367787103395
item_BENAZEPRIL HCL,-2.763820463531934e-06,4.325579426168994e-06,25,-2.4236836039122632e-05,3.7975858766211755e-05,0.11450917113972403,0.6720367787103395
item_BENAZEPRIL HYDROCHLORIDE,-2.820869460438124e-06,4.036596752500629e-06,25,-2.476372377910152e-05,3.5785805831742104e-05,0.11450917113972403,0.6720367787103395
item_MUCINEX,-2.9730131318562928e-06,3.943118356235462e-06,25,-2.608094312905318e-05,3.456289199038785e-05,0.11450917113972403,0.6720367787103395
item_BRIMONIDINE TARTRATE,-3.861644952281706e-06,5.144948596606704e-06,25,-3.372081535877536e-05,4.484353286277825e-05,0.11450917113972403,0.6720367787103395
item_SENNA,-3.861757731624968e-06,3.6928829579454583e-06,25,-3.385253729377258e-05,3.244000880181465e-05,0.11450917113972403,0.6720367787103395
item_VERAPAMIL HCL ER,-3.873981277342651e-06,3.7587575363509927e-06,25,-3.3852537293770355e-05,3.289643798285606e-05,0.11450917113972403,0.6720367787103395
item_ASPIRIN LOW DOSE,-4.141845230047027e-06,7.858293952372065e-06,25,-3.6091810188693116e-05,6.87640228607963e-05,0.11450917113972403,0.6720367787103395
item_LISINOPRIL/HYDROCHLOROTHI,-4.156348219793967e-06,5.187564348994047e-06,25,-3.6355254058680344e-05,4.544605608563038e-05,0.11450917113972403,0.6720367787103395
item_MAPAP,-4.301547286281695e-06,2.8571874899908627e-06,25,-3.7540751473638114e-05,2.4861970017684166e-05,0.11450917113972403,0.6720367787103395
item_ASPIR-LOW,-4.550531543195559e-06,2.326040701860565e-06,25,-3.9780024368559764e-05,2.0386779953096223e-05,0.11450917113972403,0.6720367787103395
item_LORATADINE,-5.768453019274062e-06,4.830840590381116e-06,25,-5.044950110316915e-05,4.238235562559038e-05,0.11450917113972403,0.6720367787103395
item_PRAVASTATIN SODIUM,-6.773616264722063e-06,1.3341900990958234e-05,25,-5.9274870747852425e-05,0.00011704613791344995,0.11450917113972403,0.6720367787103395
item_METFORMIN HYDROCHLORIDE E,-7.525520482388404e-06,4.505115400617838e-06,25,-6.57292455626174e-05,3.941904077097969e-05,0.11450917113972403,0.6720367787103395
item_AMLODIPINE BESYLATE/BENAZ,-7.541992772971593e-06,4.25801900521467e-06,25,-6.586096749761128e-05,3.6988815590376775e-05,0.11450917113972403,0.6720367787103395
item_MORPHINE SULFATE,-8.092958902690134e-06,5.1003373916764785e-06,25,-7.06029571574407e-05,4.427364439511097e-05,0.11450917113972403,0.6720367787103395
item_TRUE METRIX SELF MONITORI,-8.520871924992356e-06,4.727772937600107e-06,25,-7.429117133730845e-05,4.1109063218168516e-05,0.11450917113972403,0.6720367787103395
item_CELECOXIB,-1.0118467228224411e-05,7.423810994135632e-06,25,-8.825369644680059e-05,6.47818868274951e-05,0.11450917113972403,0.6720367787103395
item_VITAMIN D,-1.1343357166402307e-05,1.2469923556125787e-05,25,-9.918661705140109e-05,0.00010910762649759603,0.11450917113972403,0.6720367787103395
item_LOVASTATIN,-1.1764674765970859e-05,1.0013597988957948e-05,25,-0.00010300655316626606,8.783616271332009e-05,0.11450917113972403,0.6720367787103395
item_VITAMIN D3,-1.3783225473573255e-05,8.611648357735228e-06,25,-0.00012052557052062929,7.575800751031042e-05,0.11450917113972403,0.6720367787103395
item_ALENDRONATE SODIUM,-1.567089141591923e-05,1.0600750122249421e-05,25,-0.0001367273685250414,9.258737996577121e-05,0.11450917113972403,0.6720367787103395
item_TRIAMTERENE/HYDROCHLOROTH,-1.771541824258947e-05,8.048617198580289e-06,25,-0.00015477327361938963,7.015300940670564e-05,0.11450917113972403,0.6720367787103395
item_CALCIUM/VITAMIN D,-1.7877161171166818e-05,4.813139062142572e-06,25,-0.00015595877103434852,4.156595877814317e-05,0.11450917113972403,0.6720367787103395
item_Unknown,-2.000244017628171e-05,1.468337508450583e-05,25,-0.0001753218954786462,0.00012948800523742768,0.11450917113972403,0.6720367787103395
item_METFORMIN HYDROCHLORIDE,-2.237320944750936e-05,9.204925753201154e-06,25,-0.00019521190766292218,7.93556334899526e-05,0.11450917113972403,0.6720367787103395
item_LOSARTAN POTASSIUM/HYDROC,-2.2652704854380204e-05,8.933738871814363e-06,25,-0.00019797806829782106,7.858780201536657e-05,0.11450917113972403,0.6720367787103395
item_ACETAMINOPHEN,-2.5843772508323274e-05,6.480929951590075e-06,25,-0.000225771396581812,5.685541240441795e-05,0.11450917113972403,0.6720367787103395
item_ATENOLOL,-3.082525994724942e-05,1.0476167592357341e-05,25,-0.00026923963513023953,9.22410222887028e-05,0.11450917113972403,0.6720367787103395
item_AMLODIPINE BESYLATE,-5.4920568755032745e-05,2.0442842006416334e-05,25,-0.00047959956531761774,0.00017728226167050058,0.11450917113972403,0.6720367787103395
item_SIMVASTATIN,-5.592516159726408e-05,1.871399035148573e-05,25,-0.0004884249349622927,0.0001629801690510792,0.11450917113972403,0.6720367787103395
item_HYDROCHLOROTHIAZIDE,-8.96437929406873e-05,1.666977555166598e-05,25,-0.000783086903546612,0.00014606504055042095,0.11450917113972403,0.6720367787103395
