cohort,age_band,bin,rank,feature,feature_type,combined_importance,shap_norm,ffa_norm,is_top20,is_pt_like
non_opioid_ed,45_54,low,1,pgx_num_drugs,pgx,0.999999999832094,0.9999999998723316,0.999999999791856,True,False
non_opioid_ed,45_54,low,2,pgx_num_cpic_drugs,pgx,0.0199326076567459,0.0330261840866889,0.0068390312268028,True,False
non_opioid_ed,45_54,low,3,item_drug_IBUPROFEN,drug,0.0130324002147254,0.0238489565719565,0.0022158438574943,True,False
non_opioid_ed,45_54,low,4,item_drug_AZITHROMYCIN,drug,0.0110873260650833,0.0205267679971628,0.0016478841330039,True,False
non_opioid_ed,45_54,low,5,item_drug_LISINOPRIL,drug,0.0109797797578634,0.0201795971427616,0.0017799623729652,True,False
non_opioid_ed,45_54,low,6,item_drug_ERYTHROMYCIN,drug,0.0102741693702154,0.0189230003259289,0.0016253384145019,True,False
non_opioid_ed,45_54,low,7,item_drug_KETOCONAZOLE,drug,0.0064515048464032,0.0123236404981799,0.0005793691946266,True,False
non_opioid_ed,45_54,low,8,item_drug_AMOXICILLIN,drug,0.0043611653118328,0.0081809576070643,0.0005413730166013,True,False
non_opioid_ed,45_54,low,9,item_drug_METRONIDAZOLE,drug,0.0041494489175373,0.0079125494939962,0.0003863483410785,True,False
non_opioid_ed,45_54,low,10,item_drug_PREDNISONE,drug,0.003690587966102,0.0072063650151679,0.0001748109170361,True,False
non_opioid_ed,45_54,low,11,item_drug_HYDROCHLOROTHIAZIDE,drug,0.0033244056599154,0.0064621108208663,0.0001867004989644,True,False
non_opioid_ed,45_54,low,12,item_drug_SIMVASTATIN,drug,0.0030564330919019,0.0059644183707043,0.0001484478130994,True,False
non_opioid_ed,45_54,low,13,item_drug_OMEPRAZOLE,drug,0.0025534919996892,0.0049499506760773,0.0001570333233011,True,False
non_opioid_ed,45_54,low,14,item_drug_GABAPENTIN,drug,0.0021834111616464,0.0042697450236113,9.70772996816184e-05,True,False
non_opioid_ed,45_54,low,15,item_drug_ALPRAZOLAM,drug,0.001544907457354,0.0030434274336884,4.638748101967181e-05,True,False
non_opioid_ed,45_54,low,16,item_drug_NAPROXEN,drug,0.0009176883310677,0.0018004049994231,3.497166271245253e-05,True,False
non_opioid_ed,45_54,low,17,item_drug_MUPIROCIN,drug,0.0008508234074617,0.0016838340567424,1.781275818102129e-05,True,False
non_opioid_ed,45_54,low,18,item_drug_ATENOLOL,drug,0.0007236496315746,0.0014129426206896,3.435664245960014e-05,True,False
non_opioid_ed,45_54,low,19,item_drug_CEPHALEXIN,drug,0.0007093039471048,0.0014020039090518,1.6603985157826783e-05,True,False
non_opioid_ed,45_54,low,20,item_drug_FENOFIBRATE,drug,0.0005912762619695,0.0011700236573435,1.252886659552317e-05,True,False
non_opioid_ed,45_54,low,21,item_drug_PREPOPIK,drug,0.0005854206022902,0.0011454942685911,2.5346935989406577e-05,False,False
non_opioid_ed,45_54,low,22,item_drug_BENZONATATE,drug,0.0005312366121053,0.0010464812492923,1.5991974918335104e-05,False,False
non_opioid_ed,45_54,low,23,item_drug_TOPIRAMATE,drug,0.000497896413534,0.0009883177806419,7.475046426095029e-06,False,False
non_opioid_ed,45_54,low,24,item_drug_MELOXICAM,drug,0.0004003274499454,0.0007902768413974,1.0378058493511244e-05,False,False
non_opioid_ed,45_54,low,25,item_drug_OFLOXACIN,drug,0.0003977182649187,0.0007920014552974,3.4350745400661917e-06,False,False
non_opioid_ed,45_54,low,26,item_drug_CARVEDILOL,drug,0.0003849223490248,0.0007620299986287,7.81469942096447e-06,False,False
non_opioid_ed,45_54,low,27,item_drug_DIAZEPAM,drug,0.0003420606031325,0.0006753247850468,8.79642121836512e-06,False,False
non_opioid_ed,45_54,low,28,item_drug_CLARITHROMYCIN,drug,0.0003254455147767,0.0006407707383287,1.012029122476542e-05,False,False
non_opioid_ed,45_54,low,29,item_drug_SYNTHROID,drug,0.0002139217884046,0.0004268466746703,9.969021389764984e-07,False,False
non_opioid_ed,45_54,low,30,item_drug_CLONAZEPAM,drug,0.0001810195697482,0.0003578638331199,4.175306376469665e-06,False,False
non_opioid_ed,45_54,low,31,item_drug_ALLOPURINOL,drug,0.0001366864383382,0.0002726784879604,6.943887160258867e-07,False,False
non_opioid_ed,45_54,low,32,item_drug_VALSARTAN,drug,0.0001309992081992,0.0002612701788869,7.282375114943799e-07,False,False
non_opioid_ed,45_54,low,33,item_drug_LORAZEPAM,drug,0.0001221329473851,0.0002438774065686,3.884882015535474e-07,False,False
non_opioid_ed,45_54,low,34,item_drug_FLUCONAZOLE,drug,8.904564380745334e-05,0.0001773016630341,7.896245808044398e-07,False,False
non_opioid_ed,45_54,low,35,item_drug_LEVOFLOXACIN,drug,7.484192284878605e-05,0.0001494736411237,2.1020457382295205e-07,False,False
non_opioid_ed,45_54,low,36,item_drug_LOTEMAX,drug,6.322507724327558e-05,0.0001261339200521,3.162344344085757e-07,False,False
non_opioid_ed,45_54,low,37,item_drug_NABUMETONE,drug,6.158269407446906e-05,0.0001230613558265,1.0403232238570028e-07,False,False
non_opioid_ed,45_54,low,38,item_drug_MIRTAZAPINE,drug,4.188275612984407e-05,8.362160102046992e-05,1.4391123921822016e-07,False,False
non_opioid_ed,45_54,low,39,item_drug_ESTRADIOL,drug,3.0486183489855365e-05,6.0677845488899625e-05,2.945214908111092e-07,False,False
non_opioid_ed,45_54,low,40,item_drug_CEFDINIR,drug,2.8397194416271235e-05,5.669961527613436e-05,9.477355640810582e-08,False,False
non_opioid_ed,45_54,low,41,item_drug_FUROSEMIDE,drug,1.858005336590867e-05,3.715281932403477e-05,7.2874077825671614e-09,False,False
non_opioid_ed,45_54,low,42,item_drug_MOVIPREP,drug,1.4310874741488223e-05,2.861356049963866e-05,8.188983337787636e-09,False,False
non_opioid_ed,45_54,low,43,item_drug_METHOCARBAMOL,drug,7.990966460748719e-06,1.596217091495383e-05,1.9762006543605268e-08,False,False
non_opioid_ed,45_54,low,44,item_drug_CIALIS,drug,6.891381594069512e-06,1.3773000894563417e-05,9.762293575605384e-09,False,False
non_opioid_ed,45_54,low,45,item_drug_TAMIFLU,drug,6.402773456404506e-06,1.280437153109352e-05,1.1753817154912514e-09,False,False
non_opioid_ed,45_54,low,46,item_drug_INDOMETHACIN,drug,2.985932336362927e-06,5.971493439441977e-06,3.7123328387726214e-10,False,False
non_opioid_ed,45_54,medium,1,pgx_num_drugs,pgx,0.9999999998129911,0.9999999998341262,0.999999999791856,True,False
non_opioid_ed,45_54,medium,2,pgx_num_cpic_drugs,pgx,0.0328982703880835,0.0545077362077467,0.0112888045684203,True,False
non_opioid_ed,45_54,medium,3,item_drug_AZITHROMYCIN,drug,0.0234171297109404,0.0433534608992646,0.0034807985226161,True,False
non_opioid_ed,45_54,medium,4,item_drug_IBUPROFEN,drug,0.0212986766891212,0.038975438543808,0.0036219148344343,True,False
non_opioid_ed,45_54,medium,5,item_drug_LISINOPRIL,drug,0.0187189282066587,0.0344027363107782,0.0030351201025393,True,False
non_opioid_ed,45_54,medium,6,item_drug_AMOXICILLIN,drug,0.0113013622711109,0.0211996384324138,0.001403086109808,True,False
non_opioid_ed,45_54,medium,7,item_drug_ERYTHROMYCIN,drug,0.0107026758710457,0.0197114624152213,0.0016938893268701,True,False
non_opioid_ed,45_54,medium,8,item_drug_METRONIDAZOLE,drug,0.0089632651483228,0.0170917448980084,0.0008347853986373,True,False
non_opioid_ed,45_54,medium,9,item_drug_KETOCONAZOLE,drug,0.0068821943620893,0.0131459112784891,0.0006184774456895,True,False
non_opioid_ed,45_54,medium,10,item_drug_OMEPRAZOLE,drug,0.0042306169549147,0.0082008416898247,0.0002603922200047,True,False
non_opioid_ed,45_54,medium,11,item_drug_HYDROCHLOROTHIAZIDE,drug,0.0040461958234715,0.0078649022683588,0.0002274893785842,True,False
non_opioid_ed,45_54,medium,12,item_drug_PREDNISONE,drug,0.0038217209399263,0.0074621884569178,0.0001812534229348,True,False
non_opioid_ed,45_54,medium,13,item_drug_SIMVASTATIN,drug,0.0034396960818039,0.0067121015874665,0.0001672905761414,True,False
non_opioid_ed,45_54,medium,14,item_drug_ALPRAZOLAM,drug,0.0023567655919764,0.0046426509189407,7.088026501209191e-05,True,False
non_opioid_ed,45_54,medium,15,item_drug_ATENOLOL,drug,0.0022740609128267,0.0044401336053829,0.0001079882202705,True,False
non_opioid_ed,45_54,medium,16,item_drug_GABAPENTIN,drug,0.0020863664564737,0.0040797453001459,9.29876128015414e-05,True,False
non_opioid_ed,45_54,medium,17,item_drug_MUPIROCIN,drug,0.0018521424143654,0.0036654560884912,3.8828740239709205e-05,True,False
non_opioid_ed,45_54,medium,18,item_drug_NAPROXEN,drug,0.0017838674828016,0.0034996405550193,6.809441058401518e-05,True,False
non_opioid_ed,45_54,medium,19,item_drug_TOPIRAMATE,drug,0.0012273307005485,0.0024362063692307,1.8455031866403903e-05,True,False
non_opioid_ed,45_54,medium,20,item_drug_CLARITHROMYCIN,drug,0.001120131880065,0.0022054350580667,3.482870206342521e-05,True,False
non_opioid_ed,45_54,medium,21,item_drug_DIAZEPAM,drug,0.0010963780251799,0.0021645519310959,2.820411926382561e-05,False,False
non_opioid_ed,45_54,medium,22,item_drug_FENOFIBRATE,drug,0.00101601785743,0.0020104334766258,2.1602238234275038e-05,False,False
non_opioid_ed,45_54,medium,23,item_drug_BENZONATATE,drug,0.0009428134046184,0.0018571442989429,2.8482510293871025e-05,False,False
non_opioid_ed,45_54,medium,24,item_drug_PREPOPIK,drug,0.0008835746856551,0.0017287242315981,3.8425139712094784e-05,False,False
non_opioid_ed,45_54,medium,25,item_drug_CLONAZEPAM,drug,0.0008106118443094,0.0016025779965598,1.864569205898844e-05,False,False
non_opioid_ed,45_54,medium,26,item_drug_CARVEDILOL,drug,0.0007859117494455,0.0015558113112077,1.6012187683335194e-05,False,False
non_opioid_ed,45_54,medium,27,item_drug_CEPHALEXIN,drug,0.0007368856203373,0.0014564075313633,1.736370931143303e-05,False,False
non_opioid_ed,45_54,medium,28,item_drug_MELOXICAM,drug,0.0006578017274081,0.0012984569323669,1.7146522449438056e-05,False,False
non_opioid_ed,45_54,medium,29,item_drug_OFLOXACIN,drug,0.0006014082520731,0.0011975889189043,5.227585241918657e-06,False,False
non_opioid_ed,45_54,medium,30,item_drug_SYNTHROID,drug,0.0003603544345942,0.0007190134578082,1.695411380345886e-06,False,False
non_opioid_ed,45_54,medium,31,item_drug_FLUCONAZOLE,drug,0.0002506757988887,0.0004991179065393,2.233691238159836e-06,False,False
non_opioid_ed,45_54,medium,32,item_drug_ALLOPURINOL,drug,0.0002009376667108,0.0004008349317224,1.0404016991963718e-06,False,False
non_opioid_ed,45_54,medium,33,item_drug_LORAZEPAM,drug,0.0001910183875962,0.0003814176463415,6.191288509992523e-07,False,False
non_opioid_ed,45_54,medium,34,item_drug_VALSARTAN,drug,0.0001758971826192,0.0003507936772201,1.0006880184552666e-06,False,False
non_opioid_ed,45_54,medium,35,item_drug_LEVOFLOXACIN,drug,0.0001507359308896,0.0003010407005122,4.311612670796897e-07,False,False
non_opioid_ed,45_54,medium,36,item_drug_NABUMETONE,drug,0.0001304201411769,0.0002606155851094,2.2469724453931146e-07,False,False
non_opioid_ed,45_54,medium,37,item_drug_MIRTAZAPINE,drug,0.0001166881607476,0.000232970732719,4.055887761895501e-07,False,False
non_opioid_ed,45_54,medium,38,item_drug_ESTRADIOL,drug,0.0001083312703273,0.0002156182367073,1.0443039473115242e-06,False,False
non_opioid_ed,45_54,medium,39,item_drug_CEFDINIR,drug,9.897793766270356e-05,0.0001976251461148,3.307292105796685e-07,False,False
non_opioid_ed,45_54,medium,40,item_drug_LOTEMAX,drug,9.677135800675103e-05,0.0001930402787081,5.024373053930525e-07,False,False
non_opioid_ed,45_54,medium,41,item_drug_FUROSEMIDE,drug,3.09197707221426e-05,6.182636113778503e-05,1.3180306500169388e-08,False,False
non_opioid_ed,45_54,medium,42,item_drug_MOVIPREP,drug,1.34967883112912e-05,2.6983995040309672e-05,9.581582272727293e-09,False,False
non_opioid_ed,45_54,medium,43,item_drug_METHOCARBAMOL,drug,1.2006105296743e-05,2.3974961528839085e-05,3.724906464691552e-08,False,False
non_opioid_ed,45_54,medium,44,item_drug_TAMIFLU,drug,8.246212292091189e-06,1.6490548797163505e-05,1.875787018874582e-09,False,False
non_opioid_ed,45_54,medium,45,item_drug_CIALIS,drug,6.554897860638848e-06,1.3095444934542667e-05,1.4350786735027382e-08,False,False
non_opioid_ed,45_54,medium,46,item_drug_INDOMETHACIN,drug,2.758796704854173e-07,5.517593409708346e-07,0.0,False,False
non_opioid_ed,45_54,medium,47,item_drug_ARIPIPRAZOLE,drug,5.266916362412063e-10,0.0,1.0533832724824127e-09,False,False
non_opioid_ed,45_54,extreme,1,pgx_num_drugs,pgx,0.9999999998291368,0.9999999998664172,0.999999999791856,True,False
non_opioid_ed,45_54,extreme,2,item_drug_LISINOPRIL,drug,0.0242166321327958,0.044507777394361,0.0039254868712306,True,False
non_opioid_ed,45_54,extreme,3,pgx_num_cpic_drugs,pgx,0.0227336699293364,0.0376671872977338,0.007800152560939,True,False
non_opioid_ed,45_54,extreme,4,item_drug_AZITHROMYCIN,drug,0.0207577356936514,0.0384305012727342,0.0030849701145686,True,False
non_opioid_ed,45_54,extreme,5,item_drug_IBUPROFEN,drug,0.0200138658408266,0.0366249727542938,0.0034027589273595,True,False
non_opioid_ed,45_54,extreme,6,item_drug_AMOXICILLIN,drug,0.0124446210930634,0.0233448564998389,0.0015443856862878,True,False
non_opioid_ed,45_54,extreme,7,item_drug_OMEPRAZOLE,drug,0.0123284415207035,0.023899180154602,0.000757702886805,True,False
non_opioid_ed,45_54,extreme,8,item_drug_GABAPENTIN,drug,0.0112756535506474,0.0220503434610957,0.000500963640199,True,False
non_opioid_ed,45_54,extreme,9,item_drug_METRONIDAZOLE,drug,0.0101518422039559,0.0193587028422718,0.00094498156564,True,False
non_opioid_ed,45_54,extreme,10,item_drug_CLONAZEPAM,drug,0.0088230303845108,0.017444803389446,0.0002012573795757,True,False
non_opioid_ed,45_54,extreme,11,item_drug_KETOCONAZOLE,drug,0.0085710831021367,0.0163724708655369,0.0007696953387365,True,False
non_opioid_ed,45_54,extreme,12,item_drug_ERYTHROMYCIN,drug,0.0081342258215695,0.0149815012959142,0.0012869503472249,True,False
non_opioid_ed,45_54,extreme,13,item_drug_DIAZEPAM,drug,0.0058840204830685,0.011617577148996,0.000150463817141,True,False
non_opioid_ed,45_54,extreme,14,item_drug_PREDNISONE,drug,0.0056742744064376,0.011079808112135,0.0002687407007401,True,False
non_opioid_ed,45_54,extreme,15,item_drug_ATENOLOL,drug,0.005220940983045,0.0101946019601312,0.0002472800059587,True,False
non_opioid_ed,45_54,extreme,16,item_drug_ALPRAZOLAM,drug,0.0045146268216952,0.0088938030731898,0.0001354505702006,True,False
non_opioid_ed,45_54,extreme,17,item_drug_HYDROCHLOROTHIAZIDE,drug,0.0041440055327427,0.0080552837442768,0.0002327273212087,True,False
non_opioid_ed,45_54,extreme,18,item_drug_SIMVASTATIN,drug,0.0035120692780929,0.0068535530097976,0.0001705855463882,True,False
non_opioid_ed,45_54,extreme,19,item_drug_MUPIROCIN,drug,0.0030978422362415,0.0061309326324943,6.475183998876849e-05,True,False
non_opioid_ed,45_54,extreme,20,item_drug_CARVEDILOL,drug,0.0024559299388462,0.0048622149220721,4.964495562033053e-05,True,False
non_opioid_ed,45_54,extreme,21,item_drug_NAPROXEN,drug,0.0024208096559127,0.0047494781071699,9.214120465563516e-05,False,False
non_opioid_ed,45_54,extreme,22,item_drug_CLARITHROMYCIN,drug,0.0024121181812511,0.0047496258964651,7.461046603716608e-05,False,False
non_opioid_ed,45_54,extreme,23,item_drug_BENZONATATE,drug,0.002278730722944,0.0044890554495727,6.840599631527982e-05,False,False
non_opioid_ed,45_54,extreme,24,item_drug_TOPIRAMATE,drug,0.0020392571815206,0.004047986426455,3.052793658628704e-05,False,False
non_opioid_ed,45_54,extreme,25,item_drug_PREPOPIK,drug,0.0010830968689971,0.0021193550595786,4.683867841565431e-05,False,False
non_opioid_ed,45_54,extreme,26,item_drug_ESTRADIOL,drug,0.001023297938313,0.0020373019810412,9.293895584777891e-06,False,False
non_opioid_ed,45_54,extreme,27,item_drug_CEPHALEXIN,drug,0.0008198990916472,0.001620601565336,1.9196617958367657e-05,False,False
non_opioid_ed,45_54,extreme,28,item_drug_FENOFIBRATE,drug,0.0007725007693453,0.0015286357969279,1.636574176271426e-05,False,False
non_opioid_ed,45_54,extreme,29,item_drug_MIRTAZAPINE,drug,0.0007488820551617,0.0014952924998276,2.4716104959140504e-06,False,False
non_opioid_ed,45_54,extreme,30,item_drug_LEVOFLOXACIN,drug,0.000611279533698,0.0012208762742618,1.682793134163748e-06,False,False
non_opioid_ed,45_54,extreme,31,item_drug_LORAZEPAM,drug,0.0005989677534858,0.0011960511826637,1.8843243078985312e-06,False,False
non_opioid_ed,45_54,extreme,32,item_drug_OFLOXACIN,drug,0.0005174341741276,0.0010304002117966,4.468136458555359e-06,False,False
non_opioid_ed,45_54,extreme,33,item_drug_FLUCONAZOLE,drug,0.0005159023893693,0.0010273094757924,4.495302946228911e-06,False,False
non_opioid_ed,45_54,extreme,34,item_drug_CEFDINIR,drug,0.0004705726131035,0.0009396632190098,1.482007197181385e-06,False,False
non_opioid_ed,45_54,extreme,35,item_drug_FUROSEMIDE,drug,0.0003949787475254,0.0007898021719024,1.553231485622835e-07,False,False
non_opioid_ed,45_54,extreme,36,item_drug_SYNTHROID,drug,0.0003487524479938,0.0006958828830245,1.6220129631744807e-06,False,False
non_opioid_ed,45_54,extreme,37,item_drug_MELOXICAM,drug,0.0003297361464071,0.0006509023104389,8.56998237527599e-06,False,False
non_opioid_ed,45_54,extreme,38,item_drug_ALLOPURINOL,drug,0.0002967021320407,0.0005919057936617,1.4984704197080646e-06,False,False
non_opioid_ed,45_54,extreme,39,item_drug_LOTEMAX,drug,0.0001172361036752,0.0002338913524772,5.808548732961607e-07,False,False
non_opioid_ed,45_54,extreme,40,item_drug_NABUMETONE,drug,0.0001154147727879,0.000230635889139,1.9365643681282522e-07,False,False
non_opioid_ed,45_54,extreme,41,item_drug_VALSARTAN,drug,8.927085194817374e-05,0.0001780391943944,5.025095019012984e-07,False,False
non_opioid_ed,45_54,extreme,42,item_drug_ARIPIPRAZOLE,drug,5.320131232844812e-05,0.0001063813522091,2.1272447788141043e-08,False,False
non_opioid_ed,45_54,extreme,43,item_drug_METHOCARBAMOL,drug,2.743616727380254e-05,5.4811758427998336e-05,6.05761196067442e-08,False,False
non_opioid_ed,45_54,extreme,44,item_drug_MOVIPREP,drug,1.3794062831683889e-05,2.7579739915574477e-05,8.385747793298808e-09,False,False
non_opioid_ed,45_54,extreme,45,item_drug_TAMIFLU,drug,1.0980446732265716e-05,2.195830923532215e-05,2.584229209286721e-09,False,False
non_opioid_ed,45_54,extreme,46,item_drug_CIALIS,drug,3.147648486754646e-06,6.289159565973014e-06,6.137407536277586e-09,False,False
non_opioid_ed,45_54,high,1,pgx_num_drugs,pgx,0.9999999998116038,0.9999999998313516,0.999999999791856,True,False
non_opioid_ed,45_54,high,2,pgx_num_cpic_drugs,pgx,0.0350039223923436,0.0579963823014005,0.0120114624832866,True,False
non_opioid_ed,45_54,high,3,item_drug_AZITHROMYCIN,drug,0.026584864003848,0.0492180900270917,0.0039516379806042,True,False
non_opioid_ed,45_54,high,4,item_drug_IBUPROFEN,drug,0.025274776393671,0.0462515762039618,0.0042979765833802,True,False
non_opioid_ed,45_54,high,5,item_drug_LISINOPRIL,drug,0.0235810737033094,0.0433388381922553,0.0038233092143635,True,False
non_opioid_ed,45_54,high,6,item_drug_AMOXICILLIN,drug,0.01600959496354,0.0300318329565787,0.0019873569705013,True,False
non_opioid_ed,45_54,high,7,item_drug_METRONIDAZOLE,drug,0.011342833734671,0.0216293614106106,0.0010563060587314,True,False
non_opioid_ed,45_54,high,8,item_drug_ERYTHROMYCIN,drug,0.0106666654075963,0.0196450051306724,0.0016883256845201,True,False
non_opioid_ed,45_54,high,9,item_drug_OMEPRAZOLE,drug,0.0080790183040946,0.0156611227980865,0.0004969138101028,True,False
non_opioid_ed,45_54,high,10,item_drug_KETOCONAZOLE,drug,0.0075682205267235,0.0144563013881776,0.0006801396652694,True,False
non_opioid_ed,45_54,high,11,item_drug_GABAPENTIN,drug,0.0050710642746932,0.0099165285686981,0.0002255999806882,True,False
non_opioid_ed,45_54,high,12,item_drug_ATENOLOL,drug,0.0050430404472278,0.0098469712441513,0.0002391096503043,True,False
non_opioid_ed,45_54,high,13,item_drug_HYDROCHLOROTHIAZIDE,drug,0.0045592343553695,0.0088621380333699,0.000256330677369,True,False
non_opioid_ed,45_54,high,14,item_drug_PREDNISONE,drug,0.0045120679965572,0.0088101621858687,0.0002139738072457,True,False
non_opioid_ed,45_54,high,15,item_drug_ALPRAZOLAM,drug,0.0041924956730183,0.008259041016179,0.0001259503298576,True,False
non_opioid_ed,45_54,high,16,item_drug_SIMVASTATIN,drug,0.0040876602384704,0.0079765399697059,0.000198780507235,True,False
non_opioid_ed,45_54,high,17,item_drug_CLONAZEPAM,drug,0.0038593117601924,0.007630437259872,8.818626051297146e-05,True,False
non_opioid_ed,45_54,high,18,item_drug_DIAZEPAM,drug,0.0033425916321371,0.006599543926084,8.563933819027506e-05,True,False
non_opioid_ed,45_54,high,19,item_drug_MUPIROCIN,drug,0.0024979721423042,0.0049436099640065,5.2334320602035375e-05,True,False
non_opioid_ed,45_54,high,20,item_drug_NAPROXEN,drug,0.002384199566791,0.004677447172245,9.095196133711009e-05,True,False
non_opioid_ed,45_54,high,21,item_drug_CLARITHROMYCIN,drug,0.0023604702123685,0.0046477612871553,7.317913758171841e-05,False,False
non_opioid_ed,45_54,high,22,item_drug_BENZONATATE,drug,0.0016900780302104,0.0033292413028131,5.091475760778715e-05,False,False
non_opioid_ed,45_54,high,23,item_drug_TOPIRAMATE,drug,0.0013678844027036,0.0027151997526462,2.0569052761038352e-05,False,False
non_opioid_ed,45_54,high,24,item_drug_PREPOPIK,drug,0.0012238166251214,0.0023944928121084,5.314043813432832e-05,False,False
non_opioid_ed,45_54,high,25,item_drug_CARVEDILOL,drug,0.0010625137977295,0.0021034129339711,2.1614661487992447e-05,False,False
non_opioid_ed,45_54,high,26,item_drug_FENOFIBRATE,drug,0.0009871297363634,0.0019532494090317,2.1010063695040264e-05,False,False
non_opioid_ed,45_54,high,27,item_drug_CEPHALEXIN,drug,0.0007166948314906,0.0014164775048842,1.691215809711464e-05,False,False
non_opioid_ed,45_54,high,28,item_drug_MELOXICAM,drug,0.0006962216289597,0.0013742841117082,1.81591462111958e-05,False,False
non_opioid_ed,45_54,high,29,item_drug_ESTRADIOL,drug,0.0005537178578237,0.0011023486873471,5.087028300254454e-06,False,False
non_opioid_ed,45_54,high,30,item_drug_OFLOXACIN,drug,0.000534200428333,0.0010637436353845,4.65722128153143e-06,False,False
non_opioid_ed,45_54,high,31,item_drug_SYNTHROID,drug,0.0004660945209486,0.0009300014953049,2.187546592456321e-06,False,False
non_opioid_ed,45_54,high,32,item_drug_FLUCONAZOLE,drug,0.0004446804732326,0.0008854377862562,3.923160208993614e-06,False,False
non_opioid_ed,45_54,high,33,item_drug_LORAZEPAM,drug,0.0003211173242611,0.0006412053371105,1.029311411680874e-06,False,False
non_opioid_ed,45_54,high,34,item_drug_LEVOFLOXACIN,drug,0.0002944698107716,0.000588112106416,8.275151272737215e-07,False,False
non_opioid_ed,45_54,high,35,item_drug_MIRTAZAPINE,drug,0.0002718986775174,0.0005428784888579,9.188661770202742e-07,False,False
non_opioid_ed,45_54,high,36,item_drug_CEFDINIR,drug,0.0002658426462248,0.0005308291784765,8.561139730990314e-07,False,False
non_opioid_ed,45_54,high,37,item_drug_ALLOPURINOL,drug,0.000202751769264,0.000404449923541,1.053614986908693e-06,False,False
non_opioid_ed,45_54,high,38,item_drug_VALSARTAN,drug,0.0001834383299201,0.0003658301432222,1.0465166180848306e-06,False,False
non_opioid_ed,45_54,high,39,item_drug_NABUMETONE,drug,0.0001656560908499,0.0003310282112801,2.83970419802197e-07,False,False
non_opioid_ed,45_54,high,40,item_drug_LOTEMAX,drug,0.0001115280335774,0.0002224780269426,5.780402122572165e-07,False,False
non_opioid_ed,45_54,high,41,item_drug_FUROSEMIDE,drug,9.914374879114756e-05,0.000198247360552,4.013703022308447e-08,False,False
non_opioid_ed,45_54,high,42,item_drug_METHOCARBAMOL,drug,1.8539206415677428e-05,3.702625105925485e-05,5.2161772100008314e-08,False,False
non_opioid_ed,45_54,high,43,item_drug_ARIPIPRAZOLE,drug,1.4833867491675484e-05,2.966066531132827e-05,7.069672022695781e-09,False,False
non_opioid_ed,45_54,high,44,item_drug_MOVIPREP,drug,1.4035517941490256e-05,2.806082652477858e-05,1.0209358201932202e-08,False,False
non_opioid_ed,45_54,high,45,item_drug_TAMIFLU,drug,1.0839903717624723e-05,2.167725631009149e-05,2.551125157950878e-09,False,False
non_opioid_ed,45_54,high,46,item_drug_CIALIS,drug,4.347026324061885e-06,8.681432832929675e-06,1.2619815194095273e-08,False,False
non_opioid_ed,75_84,low,1,pgx_num_drugs,pgx,0.9999999998690904,0.999999999924453,0.9999999998137276,True,False
non_opioid_ed,75_84,low,2,pgx_num_cpic_drugs,pgx,0.0572033000014591,0.0878012999624947,0.0266053000404236,True,False
non_opioid_ed,75_84,low,3,item_drug_LISINOPRIL,drug,0.0151112889665443,0.0278255589191099,0.0023970190139787,True,False
non_opioid_ed,75_84,low,4,item_drug_SIMVASTATIN,drug,0.0150254667497506,0.0279909701086021,0.0020599633908991,True,False
non_opioid_ed,75_84,low,5,item_drug_AZITHROMYCIN,drug,0.013132265862522,0.0244139385513675,0.0018505931736766,True,False
non_opioid_ed,75_84,low,6,item_drug_LORAZEPAM,drug,0.0079478261855245,0.0149733431387293,0.0009223092323196,True,False
non_opioid_ed,75_84,low,7,item_drug_ALPRAZOLAM,drug,0.0065130787851312,0.0122911823830238,0.0007349751872387,True,False
non_opioid_ed,75_84,low,8,item_drug_LEVOFLOXACIN,drug,0.0050713081144249,0.0097726491365117,0.0003699670923381,True,False
non_opioid_ed,75_84,low,9,item_drug_FUROSEMIDE,drug,0.0047041375967234,0.0091111225127248,0.0002971526807221,True,False
non_opioid_ed,75_84,low,10,item_drug_OMEPRAZOLE,drug,0.004003686953162,0.0075880958060621,0.0004192781002619,True,False
non_opioid_ed,75_84,low,11,item_drug_ATENOLOL,drug,0.002497799834746,0.0049095731456181,8.602652387388124e-05,True,False
non_opioid_ed,75_84,low,12,item_drug_CEPHALEXIN,drug,0.0012684909848571,0.0024548948881123,8.208708160204001e-05,True,False
non_opioid_ed,75_84,low,13,item_drug_FINASTERIDE,drug,0.0006513434773042,0.0012925252750936,1.0161679514814674e-05,True,False
non_opioid_ed,75_84,low,14,item_drug_AMOXICILLIN,drug,0.0003737119967481,0.0007434601134384,3.9638800577421095e-06,True,False
non_opioid_ed,75_84,low,15,item_drug_PREDNISONE,drug,0.0001759975221574,0.0003514908986404,5.041456744897005e-07,True,False
non_opioid_ed,75_84,low,16,item_drug_GABAPENTIN,drug,0.0001410073457185,0.0002795807946388,2.433896798353169e-06,True,False
non_opioid_ed,75_84,low,17,item_drug_CLOPIDOGREL,drug,9.81660442768334e-05,0.0001954211969101,9.108916435120156e-07,True,False
non_opioid_ed,75_84,low,18,item_drug_HYDROCHLOROTHIAZIDE,drug,3.363689955135592e-05,6.712557279382576e-05,1.4822630888607378e-07,True,False
non_opioid_ed,75_84,medium,1,pgx_num_drugs,pgx,0.9999999998294972,0.9999999998452668,0.9999999998137276,True,False
non_opioid_ed,75_84,medium,2,pgx_num_cpic_drugs,pgx,0.0999100428197672,0.1533487491337383,0.046471336505796,True,False
non_opioid_ed,75_84,medium,3,item_drug_LISINOPRIL,drug,0.0441767126598834,0.0813478137696017,0.0070056115501651,True,False
non_opioid_ed,75_84,medium,4,item_drug_SIMVASTATIN,drug,0.03572486231868,0.0665522164323026,0.0048975082050573,True,False
non_opioid_ed,75_84,medium,5,item_drug_AZITHROMYCIN,drug,0.0283249103975633,0.0526580197832386,0.003991801011888,True,False
non_opioid_ed,75_84,medium,6,item_drug_ALPRAZOLAM,drug,0.0271773411289729,0.0512915042407626,0.0030631780171832,True,False
non_opioid_ed,75_84,medium,7,item_drug_LORAZEPAM,drug,0.0259290101981392,0.0488510442871686,0.0030069761091099,True,False
non_opioid_ed,75_84,medium,8,item_drug_LEVOFLOXACIN,drug,0.0147576651554433,0.0284394734903994,0.0010758568204871,True,False
non_opioid_ed,75_84,medium,9,item_drug_OMEPRAZOLE,drug,0.011140190550328,0.0211145927981798,0.0011657883024762,True,False
non_opioid_ed,75_84,medium,10,item_drug_FUROSEMIDE,drug,0.0101416239658667,0.019642450907396,0.0006407970243373,True,False
non_opioid_ed,75_84,medium,11,item_drug_ATENOLOL,drug,0.0060125719769271,0.0118181147408105,0.0002070292130437,True,False
non_opioid_ed,75_84,medium,12,item_drug_CEPHALEXIN,drug,0.004688197839002,0.0090745052653649,0.0003018904126391,True,False
non_opioid_ed,75_84,medium,13,item_drug_FINASTERIDE,drug,0.0022694474119947,0.0045037773731275,3.5117450861863336e-05,True,False
non_opioid_ed,75_84,medium,14,item_drug_AMOXICILLIN,drug,0.0010466368723363,0.0020822482327819,1.1025511890716962e-05,True,False
non_opioid_ed,75_84,medium,15,item_drug_GABAPENTIN,drug,0.000745058439504,0.0014780065520106,1.2110326997568852e-05,True,False
non_opioid_ed,75_84,medium,16,item_drug_PREDNISONE,drug,0.0004064999358173,0.0008118345482537,1.1653233808894216e-06,True,False
non_opioid_ed,75_84,medium,17,item_drug_CLOPIDOGREL,drug,0.0003124444749053,0.0006220959571295,2.792992681137863e-06,True,False
non_opioid_ed,75_84,medium,18,item_drug_HYDROCHLOROTHIAZIDE,drug,0.0001001633885949,0.0001999122520229,4.1452516696843117e-07,True,False
non_opioid_ed,75_84,extreme,1,pgx_num_drugs,pgx,0.9999999997918412,0.9999999997699548,0.9999999998137276,True,False
non_opioid_ed,75_84,extreme,2,pgx_num_cpic_drugs,pgx,0.2221802371101466,0.3410128804780988,0.1033475937421944,True,False
non_opioid_ed,75_84,extreme,3,item_drug_LORAZEPAM,drug,0.0869842925797706,0.163883371006705,0.0100852141528361,True,False
non_opioid_ed,75_84,extreme,4,item_drug_LISINOPRIL,drug,0.0791106267545883,0.1456687174720322,0.0125525360371444,True,False
non_opioid_ed,75_84,extreme,5,item_drug_SIMVASTATIN,drug,0.0607447139298034,0.1131549727630303,0.0083344550965764,True,False
non_opioid_ed,75_84,extreme,6,item_drug_LEVOFLOXACIN,drug,0.0573928913529375,0.1106044104460872,0.0041813722597877,True,False
non_opioid_ed,75_84,extreme,7,item_drug_AZITHROMYCIN,drug,0.0555856113684334,0.1033317773200367,0.0078394454168301,True,False
non_opioid_ed,75_84,extreme,8,item_drug_ALPRAZOLAM,drug,0.0393409612247605,0.0742405067510457,0.0044414156984753,True,False
non_opioid_ed,75_84,extreme,9,item_drug_FUROSEMIDE,drug,0.0393059724973886,0.0761304739966844,0.0024814709980929,True,False
non_opioid_ed,75_84,extreme,10,item_drug_OMEPRAZOLE,drug,0.0232820050945212,0.0441232922688463,0.0024407179201961,True,False
non_opioid_ed,75_84,extreme,11,item_drug_CEPHALEXIN,drug,0.0173609462519487,0.0336053747220923,0.0011165177818052,True,False
non_opioid_ed,75_84,extreme,12,item_drug_ATENOLOL,drug,0.0072940354210203,0.0143342440755798,0.0002538267664608,True,False
non_opioid_ed,75_84,extreme,13,item_drug_FINASTERIDE,drug,0.0036764766318618,0.0072951356645262,5.7817599197366494e-05,True,False
non_opioid_ed,75_84,extreme,14,item_drug_AMOXICILLIN,drug,0.0031764498815327,0.0063193725393442,3.352722372129811e-05,True,False
non_opioid_ed,75_84,extreme,15,item_drug_GABAPENTIN,drug,0.0025314911211874,0.0050219460515775,4.103619079732004e-05,True,False
non_opioid_ed,75_84,extreme,16,item_drug_PREDNISONE,drug,0.0019448096163889,0.0038841675483053,5.451684472529235e-06,True,False
non_opioid_ed,75_84,extreme,17,item_drug_CLOPIDOGREL,drug,0.0005941787938537,0.0011826591323012,5.698455406381482e-06,True,False
non_opioid_ed,75_84,extreme,18,item_drug_HYDROCHLOROTHIAZIDE,drug,0.000105427649825,0.0002102061367103,6.491629396932937e-07,True,False
non_opioid_ed,75_84,high,1,pgx_num_drugs,pgx,0.999999999799312,0.9999999997848962,0.9999999998137276,True,False
non_opioid_ed,75_84,high,2,pgx_num_cpic_drugs,pgx,0.161437357072078,0.2477848670429132,0.0750898471012427,True,False
non_opioid_ed,75_84,high,3,item_drug_LISINOPRIL,drug,0.0743292200471507,0.1368709669111245,0.011787473183177,True,False
non_opioid_ed,75_84,high,4,item_drug_SIMVASTATIN,drug,0.0552992003970011,0.1030163587895205,0.0075820420044817,True,False
non_opioid_ed,75_84,high,5,item_drug_AZITHROMYCIN,drug,0.0517003548121622,0.0961150409771557,0.0072856686471688,True,False
non_opioid_ed,75_84,high,6,item_drug_LORAZEPAM,drug,0.0480961841848446,0.0906151285847853,0.0055772397849039,True,False
non_opioid_ed,75_84,high,7,item_drug_ALPRAZOLAM,drug,0.0348935285965318,0.0658519505410644,0.0039351066519991,True,False
non_opioid_ed,75_84,high,8,item_drug_LEVOFLOXACIN,drug,0.0262028251509628,0.0504953793603834,0.0019102709415423,True,False
non_opioid_ed,75_84,high,9,item_drug_FUROSEMIDE,drug,0.0211586463861381,0.0409811096242588,0.0013361831480174,True,False
non_opioid_ed,75_84,high,10,item_drug_OMEPRAZOLE,drug,0.0193177523806562,0.0366136724261485,0.0020218323351639,True,False
non_opioid_ed,75_84,high,11,item_drug_CEPHALEXIN,drug,0.0091772340571608,0.0177638672164981,0.0005906008978235,True,False
non_opioid_ed,75_84,high,12,item_drug_ATENOLOL,drug,0.0080649673913878,0.0158515891628987,0.000278345619877,True,False
non_opioid_ed,75_84,high,13,item_drug_FINASTERIDE,drug,0.0030098583041774,0.0059728484637723,4.686814458248697e-05,True,False
non_opioid_ed,75_84,high,14,item_drug_AMOXICILLIN,drug,0.0020142671856672,0.0040073518201658,2.1182551168658245e-05,True,False
non_opioid_ed,75_84,high,15,item_drug_GABAPENTIN,drug,0.0018705657727371,0.0037111318987092,2.9999646764936036e-05,True,False
non_opioid_ed,75_84,high,16,item_drug_PREDNISONE,drug,0.0011107700351083,0.0022184266081244,3.1134620923374525e-06,True,False
non_opioid_ed,75_84,high,17,item_drug_CLOPIDOGREL,drug,0.0006421948119413,0.0012787145330228,5.675090859831923e-06,True,False
non_opioid_ed,75_84,high,18,item_drug_HYDROCHLOROTHIAZIDE,drug,0.0001619043907163,0.000323117507072,6.912743605829391e-07,True,False
non_opioid_ed,0_12,low,1,pgx_num_drugs,pgx,0.9999999998318264,0.9999999999451352,0.9999999997185174,True,False
non_opioid_ed,0_12,low,2,pgx_num_cpic_drugs,pgx,0.0523992550117262,0.0743100404743919,0.0304884695490606,True,False
non_opioid_ed,0_12,low,3,item_drug_AMOXICILLIN,drug,0.01919507108122,0.033267053929767,0.0051230882326731,True,False
non_opioid_ed,0_12,low,4,item_drug_CEPHALEXIN,drug,0.0045997228858438,0.0084756839360117,0.0007237618356759,True,False
non_opioid_ed,0_12,low,5,item_drug_CEFDINIR,drug,0.0035326671589708,0.006528917690194,0.0005364166277477,True,False
non_opioid_ed,0_12,low,6,item_drug_AZITHROMYCIN,drug,0.0027588489747416,0.0050500157945845,0.0004676821548986,True,False
non_opioid_ed,0_12,low,7,item_drug_NYSTATIN,drug,0.0026972567751942,0.0050964777332483,0.0002980358171401,True,False
non_opioid_ed,0_12,low,8,item_drug_LORATADINE,drug,0.0021069648029405,0.0039163231579652,0.0002976064479157,True,False
non_opioid_ed,0_12,low,9,item_drug_VYVANSE,drug,0.0019421351718683,0.0037326939986598,0.0001515763450769,True,False
non_opioid_ed,0_12,low,10,item_drug_IBUPROFEN,drug,0.0017826593693483,0.0033164543078767,0.0002488644308198,True,False
non_opioid_ed,0_12,low,11,item_drug_MUPIROCIN,drug,0.0017410645731069,0.0033048846128938,0.00017724453332,True,False
non_opioid_ed,0_12,low,12,item_drug_OFLOXACIN,drug,0.0014454920485224,0.0027931652968239,9.781880022082392e-05,True,False
non_opioid_ed,0_12,low,13,item_drug_CIPRODEX,drug,0.0013138822456851,0.0025189713597793,0.0001087931315908,True,False
non_opioid_ed,0_12,low,14,item_drug_TAMIFLU,drug,0.0011739985572324,0.002261468752864,8.652836160084598e-05,True,False
non_opioid_ed,0_12,low,15,item_drug_PREDNISONE,drug,0.0011705466180613,0.0022325099876215,0.0001085832485011,True,False
non_opioid_ed,0_12,low,16,item_drug_PREDNISOLONE,drug,0.0011389068591348,0.0021980764943225,7.973722394724054e-05,True,False
non_opioid_ed,0_12,low,17,item_drug_ERYTHROMYCIN,drug,0.0011312302247482,0.0021943231992012,6.813725029532283e-05,True,False
non_opioid_ed,0_12,low,18,item_drug_BENZONATATE,drug,0.0005265851518174,0.0010091803787952,4.398992483956373e-05,True,False
non_opioid_ed,0_12,low,19,item_drug_ACYCLOVIR,drug,0.0003419390525166,0.0006669735892249,1.6904515808303153e-05,True,False
non_opioid_ed,0_12,low,20,item_drug_HYDROCORTISONE,drug,0.0003190864816427,0.000610547972484,2.7624990801378945e-05,True,False
non_opioid_ed,0_12,low,21,item_drug_VIGAMOX,drug,0.0003119815836167,0.0006123217779559,1.1641389277598616e-05,False,False
non_opioid_ed,0_12,low,22,item_drug_TRETINOIN,drug,0.0002998812538721,0.0005871279504944,1.2634557249752631e-05,False,False
non_opioid_ed,0_12,low,23,item_drug_ADAPALENE,drug,0.0002257221105834,0.0004404014033519,1.1042817814932886e-05,False,False
non_opioid_ed,0_12,low,24,item_drug_OMEPRAZOLE,drug,0.0002128019578006,0.0004190817937887,6.522121812551263e-06,False,False
non_opioid_ed,0_12,low,25,item_drug_PERMETHRIN,drug,0.0002042793877287,0.0003981036499209,1.0455125536593843e-05,False,False
non_opioid_ed,0_12,low,26,item_drug_SKLICE,drug,0.000195398363484,0.0003874241236646,3.3726033035495125e-06,False,False
non_opioid_ed,0_12,low,27,item_drug_NAPROXEN,drug,0.0001948140130518,0.000383098935933,6.529090170729381e-06,False,False
non_opioid_ed,0_12,low,28,item_drug_RISPERIDONE,drug,0.0001905884597564,0.0003734342645721,7.742654940686074e-06,False,False
non_opioid_ed,0_12,low,29,item_drug_FLUCONAZOLE,drug,0.0001884289126379,0.0003722435867974,4.614238478356495e-06,False,False
non_opioid_ed,0_12,low,30,item_drug_FLUOCINONIDE,drug,0.0001665563740978,0.0003294407613441,3.6719868514737095e-06,False,False
non_opioid_ed,0_12,low,31,item_drug_EPINEPHRINE,drug,0.0001637831615608,0.0003250469669545,2.519356167242324e-06,False,False
non_opioid_ed,0_12,low,32,item_drug_OXCARBAZEPINE,drug,0.0001515273847504,0.0002994941530238,3.5606164771708243e-06,False,False
non_opioid_ed,0_12,low,33,item_drug_KETOCONAZOLE,drug,0.0001436996972834,0.0002808642694518,6.5351251150213e-06,False,False
non_opioid_ed,0_12,low,34,item_drug_CLOTRIMAZOLE,drug,0.0001002687933444,0.0001959548962162,4.582690472565332e-06,False,False
non_opioid_ed,0_12,low,35,item_drug_BUDESONIDE,drug,8.274373245646452e-05,0.0001609894905302,4.497974382671029e-06,False,False
non_opioid_ed,0_12,low,36,item_drug_FLUORIDE,drug,6.806925363098698e-05,0.0001351955126519,9.429946100554432e-07,False,False
non_opioid_ed,0_12,low,37,item_drug_DESONIDE,drug,5.3554443627106346e-05,0.0001064832237364,6.256635177709959e-07,False,False
non_opioid_ed,0_12,low,38,item_drug_PREMARIN,drug,4.7053701152068336e-05,9.36262117723106e-05,4.81190531826071e-07,False,False
non_opioid_ed,0_12,low,39,item_drug_BANOPHEN,drug,3.9744364312892304e-05,7.924627404720532e-05,2.424545785792833e-07,False,False
non_opioid_ed,0_12,low,40,item_drug_NASONEX,drug,2.7303595195968272e-05,5.435797750925938e-05,2.492128826771652e-07,False,False
non_opioid_ed,0_12,low,41,item_drug_LUDENT,drug,2.702441028146157e-05,5.392329884526566e-05,1.2552171765748538e-07,False,False
non_opioid_ed,0_12,low,42,item_drug_EPIDUO,drug,2.5312517724565236e-05,5.04276624955391e-05,1.973729535913674e-07,False,False
non_opioid_ed,0_12,low,43,item_drug_MOXEZA,drug,2.462388059132649e-05,4.900776287967462e-05,2.39998302978354e-07,False,False
non_opioid_ed,0_12,low,44,item_drug_ATOMOXETINE,drug,2.332912929577347e-05,4.651099271032782e-05,1.4726588121912058e-07,False,False
non_opioid_ed,0_12,low,45,item_drug_AEROSPAN,drug,1.5619074288650024e-05,3.113836391370552e-05,9.978466359452733e-08,False,False
non_opioid_ed,0_12,low,46,item_drug_CONCERTA,drug,1.2344300103516748e-05,2.464696653391667e-05,4.1633673116826674e-08,False,False
non_opioid_ed,0_12,low,47,item_drug_DOXYCYCLINE,drug,1.191278502937928e-05,2.3768792899741185e-05,5.6777159017372646e-08,False,False
non_opioid_ed,0_12,low,48,item_drug_DEXAMETHASONE,drug,1.1077320976231634e-05,2.2130839229968264e-05,2.380272249500441e-08,False,False
non_opioid_ed,0_12,low,49,item_drug_CERAVE,drug,9.978382662971346e-06,1.991966505557667e-05,3.710027036602157e-08,False,False
non_opioid_ed,0_12,low,50,item_drug_STRATTERA,drug,9.289686186458593e-06,1.854906101160771e-05,3.0311361309471334e-08,False,False
non_opioid_ed,0_12,low,51,item_drug_CEFPROZIL,drug,9.098246583798803e-06,1.811981812488603e-05,7.667504271157488e-08,False,False
non_opioid_ed,0_12,low,52,item_drug_LEVETIRACETAM,drug,7.480641750217958e-06,1.4948450966374996e-05,1.283253406092143e-08,False,False
non_opioid_ed,0_12,low,53,item_drug_CLARITIN,drug,7.242427006601909e-06,1.4472406571197586e-05,1.244744200623054e-08,False,False
non_opioid_ed,0_12,low,54,item_drug_SYMBICORT,drug,6.968296965397888e-06,1.3919013550682832e-05,1.7580380112942617e-08,False,False
non_opioid_ed,0_12,low,55,item_drug_ZADITOR,drug,6.93511403421577e-06,1.3844960103087804e-05,2.526796534373531e-08,False,False
non_opioid_ed,0_12,low,56,item_drug_MALATHION,drug,6.750423374064139e-06,1.3496784012896213e-05,4.062735232067467e-09,False,False
non_opioid_ed,0_12,low,57,item_drug_DIAZEPAM,drug,5.640305932189839e-06,1.126615295184921e-05,1.4458912530468294e-08,False,False
non_opioid_ed,0_12,low,58,item_drug_LANSOPRAZOLE,drug,5.428149906630222e-06,1.083878536048635e-05,1.7514452774094377e-08,False,False
non_opioid_ed,0_12,low,59,item_drug_TACROLIMUS,drug,5.362608176029002e-06,1.0717567725680902e-05,7.648626377100977e-09,False,False
non_opioid_ed,0_12,low,60,item_drug_FLUOROMETHOLONE,drug,4.411861777527924e-06,8.813631721704946e-06,1.0091833350903228e-08,False,False
non_opioid_ed,0_12,low,61,item_drug_DIPHENHIST,drug,2.3445502049208376e-06,4.6836975530194086e-06,5.402856822266884e-09,False,False
non_opioid_ed,0_12,low,62,item_drug_METRONIDAZOLE,drug,2.2199775844744083e-06,4.439394735594306e-06,5.60433354510838e-10,False,False
non_opioid_ed,0_12,low,63,item_drug_ALBENZA,drug,1.90835437677204e-06,3.816239973958908e-06,4.687795851719668e-10,False,False
non_opioid_ed,0_12,low,64,item_drug_ELIDEL,drug,1.4272257048310676e-06,2.8517066626709902e-06,2.744746991144717e-09,False,False
non_opioid_ed,0_12,low,65,item_drug_ACETAMINOPHEN,drug,1.3667434054306046e-06,2.7252693629762296e-06,8.21744788497979e-09,False,False
non_opioid_ed,0_12,low,66,item_drug_EMVERM,drug,1.3248878679668288e-06,2.6471813970968667e-06,2.5943388367906804e-09,False,False
non_opioid_ed,0_12,low,67,item_drug_LAMOTRIGINE,drug,9.491640162514124e-07,1.8972133625147567e-06,1.1146699880678424e-09,False,False
non_opioid_ed,0_12,low,68,item_drug_MELATONIN,drug,7.216691845831113e-07,1.442225882721965e-06,1.1124864442575828e-09,False,False
non_opioid_ed,0_12,low,69,item_drug_BACITRACIN,drug,6.089890503096927e-07,1.217891486826025e-06,8.661379336017266e-11,False,False
non_opioid_ed,0_12,medium,1,pgx_num_drugs,pgx,0.9999999998326158,0.9999999999467142,0.9999999997185174,True,False
non_opioid_ed,0_12,medium,2,pgx_num_cpic_drugs,pgx,0.0549527863376012,0.0779311798104525,0.0319743928647498,True,False
non_opioid_ed,0_12,medium,3,item_drug_AMOXICILLIN,drug,0.0201641576708394,0.0349465082897027,0.0053818070519762,True,False
non_opioid_ed,0_12,medium,4,item_drug_CEPHALEXIN,drug,0.0048799935250521,0.0089920813673659,0.0007679056827384,True,False
non_opioid_ed,0_12,medium,5,item_drug_CEFDINIR,drug,0.0037752826105129,0.0069772673614797,0.0005732978595461,True,False
non_opioid_ed,0_12,medium,6,item_drug_AZITHROMYCIN,drug,0.0036038498496088,0.0065967514151687,0.0006109482840489,True,False
non_opioid_ed,0_12,medium,7,item_drug_LORATADINE,drug,0.0023501955575031,0.0043683941406812,0.000331996974325,True,False
non_opioid_ed,0_12,medium,8,item_drug_IBUPROFEN,drug,0.0022826141729589,0.0042465491604046,0.0003186791855133,True,False
non_opioid_ed,0_12,medium,9,item_drug_NYSTATIN,drug,0.0022322619917657,0.0042178213138208,0.0002467026697106,True,False
non_opioid_ed,0_12,medium,10,item_drug_MUPIROCIN,drug,0.0018820366226341,0.0035724503849319,0.0001916228603363,True,False
non_opioid_ed,0_12,medium,11,item_drug_VYVANSE,drug,0.0018149043114102,0.0034881343046991,0.0001416743181212,True,False
non_opioid_ed,0_12,medium,12,item_drug_PREDNISOLONE,drug,0.0013218630495992,0.0025511646284728,9.256147072574308e-05,True,False
non_opioid_ed,0_12,medium,13,item_drug_OFLOXACIN,drug,0.0013120512777539,0.0025352886135271,8.881394198070872e-05,True,False
non_opioid_ed,0_12,medium,14,item_drug_PREDNISONE,drug,0.0012844052036909,0.0024496415997767,0.0001191688076052,True,False
non_opioid_ed,0_12,medium,15,item_drug_TAMIFLU,drug,0.0012776041851738,0.0024610246201049,9.41837502427572e-05,True,False
non_opioid_ed,0_12,medium,16,item_drug_CIPRODEX,drug,0.0012738877581482,0.0024422662658637,0.0001055092504327,True,False
non_opioid_ed,0_12,medium,17,item_drug_ERYTHROMYCIN,drug,0.0011582874536193,0.0022467897868388,6.978512039990452e-05,True,False
non_opioid_ed,0_12,medium,18,item_drug_BENZONATATE,drug,0.0006299953453846,0.0012073458835877,5.264480718157192e-05,True,False
non_opioid_ed,0_12,medium,19,item_drug_HYDROCORTISONE,drug,0.0005894748804728,0.00112793426668,5.10154942656888e-05,True,False
non_opioid_ed,0_12,medium,20,item_drug_TRETINOIN,drug,0.0003936542924771,0.0007707180926671,1.6590492287078156e-05,True,False
non_opioid_ed,0_12,medium,21,item_drug_ACYCLOVIR,drug,0.0003554925179051,0.0006933960826994,1.7588953110744288e-05,False,False
non_opioid_ed,0_12,medium,22,item_drug_PERMETHRIN,drug,0.0002933417663565,0.0005716678760696,1.501565664349458e-05,False,False
non_opioid_ed,0_12,medium,23,item_drug_ADAPALENE,drug,0.0002829458146683,0.0005520415788789,1.3850050457749312e-05,False,False
non_opioid_ed,0_12,medium,24,item_drug_RISPERIDONE,drug,0.0002409652981646,0.0004721352464105,9.7953499188068e-06,False,False
non_opioid_ed,0_12,medium,25,item_drug_VIGAMOX,drug,0.0002239415740924,0.000439508619193,8.374528991884262e-06,False,False
non_opioid_ed,0_12,medium,26,item_drug_KETOCONAZOLE,drug,0.0002100672512621,0.0004105798443126,9.554658211594231e-06,False,False
non_opioid_ed,0_12,medium,27,item_drug_OMEPRAZOLE,drug,0.0002080610466764,0.0004097352165707,6.386876782102608e-06,False,False
non_opioid_ed,0_12,medium,28,item_drug_NAPROXEN,drug,0.000205167363289,0.0004034492089244,6.8855176535619165e-06,False,False
non_opioid_ed,0_12,medium,29,item_drug_BUDESONIDE,drug,0.0001920958794972,0.0003737767796442,1.0414979350170997e-05,False,False
non_opioid_ed,0_12,medium,30,item_drug_FLUCONAZOLE,drug,0.0001852892222606,0.0003660331610706,4.545283450555114e-06,False,False
non_opioid_ed,0_12,medium,31,item_drug_EPINEPHRINE,drug,0.0001814436087636,0.0003600924260614,2.79479146587698e-06,False,False
non_opioid_ed,0_12,medium,32,item_drug_FLUOCINONIDE,drug,0.0001610567207587,0.0003185553545454,3.5580869720860103e-06,False,False
non_opioid_ed,0_12,medium,33,item_drug_SKLICE,drug,0.0001603521300868,0.0003179292817192,2.7749784544231075e-06,False,False
non_opioid_ed,0_12,medium,34,item_drug_OXCARBAZEPINE,drug,0.0001553149658159,0.0003069733161809,3.65661545098582e-06,False,False
non_opioid_ed,0_12,medium,35,item_drug_CLOTRIMAZOLE,drug,0.0001508496998624,0.0002948048643655,6.894535359398865e-06,False,False
non_opioid_ed,0_12,medium,36,item_drug_FLUORIDE,drug,5.973956685966991e-05,0.0001186462300849,8.329036343592276e-07,False,False
non_opioid_ed,0_12,medium,37,item_drug_DESONIDE,drug,5.2527520708188793e-05,0.0001044376537818,6.173876345465056e-07,False,False
non_opioid_ed,0_12,medium,38,item_drug_PREMARIN,drug,4.979987098164075e-05,9.908769836267136e-05,5.120436006101226e-07,False,False
non_opioid_ed,0_12,medium,39,item_drug_BANOPHEN,drug,4.9491682846706816e-05,9.868048510948432e-05,3.028805839292947e-07,False,False
non_opioid_ed,0_12,medium,40,item_drug_NASONEX,drug,2.969581608988489e-05,5.911829917835348e-05,2.733330014163075e-07,False,False
non_opioid_ed,0_12,medium,41,item_drug_MOXEZA,drug,2.4642636933634065e-05,4.904215826648422e-05,2.431156007839172e-07,False,False
non_opioid_ed,0_12,medium,42,item_drug_ATOMOXETINE,drug,2.4076097937684975e-05,4.799845972416066e-05,1.5373615120929518e-07,False,False
non_opioid_ed,0_12,medium,43,item_drug_EPIDUO,drug,2.2365723015389865e-05,4.455418955539037e-05,1.7725647538936046e-07,False,False
non_opioid_ed,0_12,medium,44,item_drug_AEROSPAN,drug,2.164437413379048e-05,4.314998751327188e-05,1.3876075430908326e-07,False,False
non_opioid_ed,0_12,medium,45,item_drug_CEFPROZIL,drug,1.923240810302874e-05,3.830554242060387e-05,1.5927378545361766e-07,False,False
non_opioid_ed,0_12,medium,46,item_drug_LUDENT,drug,1.8003216230439892e-05,3.5920591396756844e-05,8.58410641229368e-08,False,False
non_opioid_ed,0_12,medium,47,item_drug_CERAVE,drug,1.3478625625681436e-05,2.6906785813095868e-05,5.0465438267006526e-08,False,False
non_opioid_ed,0_12,medium,48,item_drug_CONCERTA,drug,1.2371182295085147e-05,2.469970608011041e-05,4.2658510059887864e-08,False,False
non_opioid_ed,0_12,medium,49,item_drug_DOXYCYCLINE,drug,1.223069845476564e-05,2.4401815690265965e-05,5.958121926531619e-08,False,False
non_opioid_ed,0_12,medium,50,item_drug_STRATTERA,drug,1.1504806941187448e-05,2.2971579947861687e-05,3.80339345132087e-08,False,False
non_opioid_ed,0_12,medium,51,item_drug_DEXAMETHASONE,drug,1.147407858418137e-05,2.2922973977350792e-05,2.51831910119482e-08,False,False
non_opioid_ed,0_12,medium,52,item_drug_ZADITOR,drug,9.235892971860214e-06,1.84377632634628e-05,3.402268025762848e-08,False,False
non_opioid_ed,0_12,medium,53,item_drug_CLARITIN,drug,8.059886872732924e-06,1.6105580714212288e-05,1.4193031253558788e-08,False,False
non_opioid_ed,0_12,medium,54,item_drug_SYMBICORT,drug,7.709655007346878e-06,1.5399329261417792e-05,1.9980753275963042e-08,False,False
non_opioid_ed,0_12,medium,55,item_drug_TACROLIMUS,drug,6.971054459347623e-06,1.3932001984651724e-05,1.0106934043524592e-08,False,False
non_opioid_ed,0_12,medium,56,item_drug_DIAZEPAM,drug,6.35735838896485e-06,1.2697914620944222e-05,1.6802156985477882e-08,False,False
non_opioid_ed,0_12,medium,57,item_drug_LEVETIRACETAM,drug,6.032891453094712e-06,1.2054866663444408e-05,1.091624274501491e-08,False,False
non_opioid_ed,0_12,medium,58,item_drug_LANSOPRAZOLE,drug,5.986184188637397e-06,1.1952370187215024e-05,1.9998190059769956e-08,False,False
non_opioid_ed,0_12,medium,59,item_drug_FLUOROMETHOLONE,drug,5.146148262160121e-06,1.0280129915270748e-05,1.216660904949466e-08,False,False
non_opioid_ed,0_12,medium,60,item_drug_MALATHION,drug,4.519615243598715e-06,9.03638315096775e-06,2.8473362296808387e-09,False,False
non_opioid_ed,0_12,medium,61,item_drug_ACETAMINOPHEN,drug,3.969534035802459e-06,7.918507887602384e-06,2.0560184002533792e-08,False,False
non_opioid_ed,0_12,medium,62,item_drug_METRONIDAZOLE,drug,2.528487464119852e-06,5.0563207321611485e-06,6.541960785549581e-10,False,False
non_opioid_ed,0_12,medium,63,item_drug_DIPHENHIST,drug,2.400637286507776e-06,4.795246969159848e-06,6.027603855704054e-09,False,False
non_opioid_ed,0_12,medium,64,item_drug_ELIDEL,drug,2.15532723984729e-06,4.306462275769872e-06,4.19220392470795e-09,False,False
non_opioid_ed,0_12,medium,65,item_drug_LAMOTRIGINE,drug,1.5133557184797686e-06,3.024908854915889e-06,1.802582043648291e-09,False,False
non_opioid_ed,0_12,medium,66,item_drug_ALBENZA,drug,1.177744700793978e-06,2.355232482040161e-06,2.569195477942772e-10,False,False
non_opioid_ed,0_12,medium,67,item_drug_MELATONIN,drug,1.002696423314244e-06,2.003754143635701e-06,1.6387029927872492e-09,False,False
non_opioid_ed,0_12,medium,68,item_drug_EMVERM,drug,4.584635853774636e-07,9.15228882823688e-07,1.6982879312392322e-09,False,False
non_opioid_ed,0_12,medium,69,item_drug_BACITRACIN,drug,3.042165835513108e-07,6.084331671026216e-07,0.0,False,False
non_opioid_ed,0_12,medium,70,item_drug_ZOVIRAX,drug,2.492553868009582e-11,0.0,4.985107736019164e-11,False,False
non_opioid_ed,0_12,extreme,1,pgx_num_drugs,pgx,0.9999999998277936,0.9999999999370696,0.9999999997185174,True,False
non_opioid_ed,0_12,extreme,2,pgx_num_cpic_drugs,pgx,0.0619383601048721,0.0878374524567957,0.0360392677529486,True,False
non_opioid_ed,0_12,extreme,3,item_drug_AMOXICILLIN,drug,0.0218327365097369,0.037838162784127,0.0058273102353468,True,False
non_opioid_ed,0_12,extreme,4,item_drug_CEFDINIR,drug,0.0127106586251286,0.0234913676652054,0.0019299495850517,True,False
non_opioid_ed,0_12,extreme,5,item_drug_AZITHROMYCIN,drug,0.0083548519868748,0.0152934283700581,0.0014162756036914,True,False
non_opioid_ed,0_12,extreme,6,item_drug_CEPHALEXIN,drug,0.0074313638623473,0.0136933122275911,0.0011694154971036,True,False
non_opioid_ed,0_12,extreme,7,item_drug_NYSTATIN,drug,0.0058509427408506,0.0110553497463819,0.0006465357353193,True,False
non_opioid_ed,0_12,extreme,8,item_drug_BUDESONIDE,drug,0.0052431510556946,0.0102033282193304,0.0002829738920588,True,False
non_opioid_ed,0_12,extreme,9,item_drug_HYDROCORTISONE,drug,0.0048056422409636,0.0091959080023919,0.0004153764795353,True,False
non_opioid_ed,0_12,extreme,10,item_drug_VYVANSE,drug,0.0047510237999997,0.0091312398861078,0.0003708077138915,True,False
non_opioid_ed,0_12,extreme,11,item_drug_IBUPROFEN,drug,0.0045096416036105,0.0083897166863581,0.0006295665208629,True,False
non_opioid_ed,0_12,extreme,12,item_drug_LORATADINE,drug,0.0039338169541099,0.0073119202415055,0.0005557136667144,True,False
non_opioid_ed,0_12,extreme,13,item_drug_MUPIROCIN,drug,0.0036017096075697,0.0068367215910507,0.0003666976240888,True,False
non_opioid_ed,0_12,extreme,14,item_drug_PREDNISOLONE,drug,0.003287871613584,0.006345564279972,0.0002301789471961,True,False
non_opioid_ed,0_12,extreme,15,item_drug_BENZONATATE,drug,0.0025926055848988,0.0049687500652508,0.0002164611045468,True,False
non_opioid_ed,0_12,extreme,16,item_drug_PREDNISONE,drug,0.0023902428290185,0.0045587262802232,0.0002217593778139,True,False
non_opioid_ed,0_12,extreme,17,item_drug_RISPERIDONE,drug,0.0021368485290759,0.0041871040360025,8.659302214928898e-05,True,False
non_opioid_ed,0_12,extreme,18,item_drug_ERYTHROMYCIN,drug,0.0020215371143854,0.0039212798213046,0.0001217944074661,True,False
non_opioid_ed,0_12,extreme,19,item_drug_OFLOXACIN,drug,0.0019047665115196,0.0036805791934074,0.0001289538296318,True,False
non_opioid_ed,0_12,extreme,20,item_drug_CIPRODEX,drug,0.0018375396635491,0.0035228624795124,0.0001522168475857,True,False
non_opioid_ed,0_12,extreme,21,item_drug_OMEPRAZOLE,drug,0.0016288026035772,0.0032077796875013,4.982551965328032e-05,False,False
non_opioid_ed,0_12,extreme,22,item_drug_KETOCONAZOLE,drug,0.0013427377809808,0.0026246005494717,6.087501248992095e-05,False,False
non_opioid_ed,0_12,extreme,23,item_drug_CLOTRIMAZOLE,drug,0.0012879334416518,0.002517292311545,5.857457175871712e-05,False,False
non_opioid_ed,0_12,extreme,24,item_drug_NAPROXEN,drug,0.0012377098595408,0.002434015831659,4.140388742261857e-05,False,False
non_opioid_ed,0_12,extreme,25,item_drug_PERMETHRIN,drug,0.0011871257851005,0.0023135952445325,6.065632566851377e-05,False,False
non_opioid_ed,0_12,extreme,26,item_drug_OXCARBAZEPINE,drug,0.0011122573417434,0.0021984467624279,2.606792105896867e-05,False,False
non_opioid_ed,0_12,extreme,27,item_drug_FLUCONAZOLE,drug,0.0011040352654378,0.0021810837073357,2.698682354003394e-05,False,False
non_opioid_ed,0_12,extreme,28,item_drug_TAMIFLU,drug,0.0010597101695415,0.0020412361197158,7.818421936730635e-05,False,False
non_opioid_ed,0_12,extreme,29,item_drug_ACYCLOVIR,drug,0.0007353660015554,0.0014343628999553,3.6369103155580456e-05,False,False
non_opioid_ed,0_12,extreme,30,item_drug_ADAPALENE,drug,0.0006053563965593,0.0011810990999214,2.9613693197191203e-05,False,False
non_opioid_ed,0_12,extreme,31,item_drug_TRETINOIN,drug,0.0005966177303534,0.0011680821442791,2.5153316427793545e-05,False,False
non_opioid_ed,0_12,extreme,32,item_drug_EPINEPHRINE,drug,0.0004969094870642,0.0009861791626156,7.639811512722002e-06,False,False
non_opioid_ed,0_12,extreme,33,item_drug_CEFPROZIL,drug,0.0004181836397745,0.0008330466849356,3.320594613356229e-06,False,False
non_opioid_ed,0_12,extreme,34,item_drug_VIGAMOX,drug,0.0003018614514014,0.0005924206848066,1.130221799618264e-05,False,False
non_opioid_ed,0_12,extreme,35,item_drug_ATOMOXETINE,drug,0.0002714620415108,0.0005412428413977,1.6812416240482374e-06,False,False
non_opioid_ed,0_12,extreme,36,item_drug_FLUOCINONIDE,drug,0.000264436574908,0.0005230291353531,5.8440144630140895e-06,False,False
non_opioid_ed,0_12,extreme,37,item_drug_NASONEX,drug,0.0001376374264284,0.0002740314289516,1.2434239052598392e-06,False,False
non_opioid_ed,0_12,extreme,38,item_drug_BANOPHEN,drug,0.000129915684837,0.0002590410518865,7.90317787486358e-07,False,False
non_opioid_ed,0_12,extreme,39,item_drug_SKLICE,drug,0.0001139355017989,0.0002258828614644,1.9881421335362705e-06,False,False
non_opioid_ed,0_12,extreme,40,item_drug_LEVETIRACETAM,drug,0.0001080091243385,0.0002158416668935,1.7658178358979398e-07,False,False
non_opioid_ed,0_12,extreme,41,item_drug_DIAZEPAM,drug,0.0001077690289181,0.0002152815544633,2.5650337298601544e-07,False,False
non_opioid_ed,0_12,extreme,42,item_drug_DESONIDE,drug,0.0001013855338141,0.0002015814362146,1.1896314136684525e-06,False,False
non_opioid_ed,0_12,extreme,43,item_drug_LANSOPRAZOLE,drug,0.0001005243425161,0.0002007492560097,2.994290225586833e-07,False,False
non_opioid_ed,0_12,extreme,44,item_drug_FLUORIDE,drug,8.408320417725052e-05,0.0001669898884914,1.1765198630942242e-06,False,False
non_opioid_ed,0_12,extreme,45,item_drug_SYMBICORT,drug,8.12210263427824e-05,0.0001622479507579,1.9410192760472678e-07,False,False
non_opioid_ed,0_12,extreme,46,item_drug_AEROSPAN,drug,8.086085205452743e-05,0.000161214248933,5.0745517597312e-07,False,False
non_opioid_ed,0_12,extreme,47,item_drug_STRATTERA,drug,6.484484361486008e-05,0.0001294853077158,2.0437951382932081e-07,False,False
non_opioid_ed,0_12,extreme,48,item_drug_DEXAMETHASONE,drug,6.184741287690079e-05,0.0001235649000328,1.29925720903586e-07,False,False
non_opioid_ed,0_12,extreme,49,item_drug_PREMARIN,drug,6.040718132347823e-05,0.0001201884148015,6.259478454398975e-07,False,False
non_opioid_ed,0_12,extreme,50,item_drug_MOXEZA,drug,4.7332149914091646e-05,9.419891153692634e-05,4.6538829125694973e-07,False,False
non_opioid_ed,0_12,extreme,51,item_drug_CONCERTA,drug,3.7959688388897176e-05,7.579210092699339e-05,1.2727585080095985e-07,False,False
non_opioid_ed,0_12,extreme,52,item_drug_LUDENT,drug,3.658649868202584e-05,7.299973541209754e-05,1.7326195195413326e-07,False,False
non_opioid_ed,0_12,extreme,53,item_drug_EPIDUO,drug,3.576389522148326e-05,7.124340261755293e-05,2.843878254135875e-07,False,False
non_opioid_ed,0_12,extreme,54,item_drug_ACETAMINOPHEN,drug,3.568421370086535e-05,7.121020497832414e-05,1.582224234065662e-07,False,False
non_opioid_ed,0_12,extreme,55,item_drug_METRONIDAZOLE,drug,2.622234693657352e-05,5.243719076636943e-05,7.503106777612483e-09,False,False
non_opioid_ed,0_12,extreme,56,item_drug_TACROLIMUS,drug,2.359401390141765e-05,4.715532499227497e-05,3.2702810560325216e-08,False,False
non_opioid_ed,0_12,extreme,57,item_drug_CERAVE,drug,2.2886363679002943e-05,4.568695210821162e-05,8.577524979427018e-08,False,False
non_opioid_ed,0_12,extreme,58,item_drug_MELATONIN,drug,1.932661444341775e-05,3.8632335414267255e-05,2.0893472568244833e-08,False,False
non_opioid_ed,0_12,extreme,59,item_drug_CLARITIN,drug,1.855609144860309e-05,3.7080208375235467e-05,3.1974521970725555e-08,False,False
non_opioid_ed,0_12,extreme,60,item_drug_DIPHENHIST,drug,1.7060563625911242e-05,3.408607515385841e-05,3.5052097964076367e-08,False,False
non_opioid_ed,0_12,extreme,61,item_drug_ZADITOR,drug,1.372184096072124e-05,2.7392453298927e-05,5.1228622515485895e-08,False,False
non_opioid_ed,0_12,extreme,62,item_drug_DOXYCYCLINE,drug,1.3081458878076156e-05,2.60965827732639e-05,6.633498288841349e-08,False,False
non_opioid_ed,0_12,extreme,63,item_drug_LAMOTRIGINE,drug,7.17086938243152e-06,1.4334650557033196e-05,7.088207829844623e-09,False,False
non_opioid_ed,0_12,extreme,64,item_drug_ELIDEL,drug,6.610852804544297e-06,1.321025506011908e-05,1.1450548969514169e-08,False,False
non_opioid_ed,0_12,extreme,65,item_drug_FLUOROMETHOLONE,drug,5.4784003171194114e-06,1.0942826069637153e-05,1.3974564601672357e-08,False,False
non_opioid_ed,0_12,extreme,66,item_drug_MALATHION,drug,1.8179537143203424e-06,3.6345613690367945e-06,1.3460596038901647e-09,False,False
non_opioid_ed,0_12,extreme,67,item_drug_BACITRACIN,drug,9.949493964335898e-07,1.9898154843715534e-06,8.330849562634784e-11,False,False
non_opioid_ed,0_12,extreme,68,item_drug_ALBENZA,drug,7.116995751090246e-07,1.4233991502180492e-06,0.0,False,False
non_opioid_ed,0_12,extreme,69,item_drug_EMVERM,drug,4.353968549784742e-07,8.684193449240875e-07,2.374365032860773e-09,False,False
non_opioid_ed,0_12,extreme,70,item_drug_ZOVIRAX,drug,1.6890943272363167e-11,0.0,3.3781886544726327e-11,False,False
non_opioid_ed,0_12,high,1,pgx_num_drugs,pgx,0.9999999998309036,0.99999999994329,0.9999999997185174,True,False
non_opioid_ed,0_12,high,2,pgx_num_cpic_drugs,pgx,0.0610282881226011,0.0865472997855642,0.035509276459638,True,False
non_opioid_ed,0_12,high,3,item_drug_AMOXICILLIN,drug,0.0229085245396923,0.0397028534185434,0.0061141956608412,True,False
non_opioid_ed,0_12,high,4,item_drug_CEFDINIR,drug,0.0063663189148076,0.0117660029116033,0.0009666349180119,True,False
non_opioid_ed,0_12,high,5,item_drug_AZITHROMYCIN,drug,0.0060185599312451,0.0110169525746026,0.0010201672878876,True,False
non_opioid_ed,0_12,high,6,item_drug_CEPHALEXIN,drug,0.0057930962348787,0.0106746595770485,0.0009115328927088,True,False
non_opioid_ed,0_12,high,7,item_drug_NYSTATIN,drug,0.003892232766556,0.0073544059738574,0.0004300595592546,True,False
non_opioid_ed,0_12,high,8,item_drug_IBUPROFEN,drug,0.0032604178474932,0.0060657261277869,0.0004551095671995,True,False
non_opioid_ed,0_12,high,9,item_drug_LORATADINE,drug,0.0028343626438065,0.0052683867327137,0.0004003385548993,True,False
non_opioid_ed,0_12,high,10,item_drug_VYVANSE,drug,0.0026543449869652,0.0051015360104792,0.0002071539634512,True,False
non_opioid_ed,0_12,high,11,item_drug_MUPIROCIN,drug,0.0025285830051086,0.0047997657009809,0.0002574003092363,True,False
non_opioid_ed,0_12,high,12,item_drug_PREDNISOLONE,drug,0.0020168820329763,0.0038925825370564,0.0001411815288962,True,False
non_opioid_ed,0_12,high,13,item_drug_HYDROCORTISONE,drug,0.0016947504240406,0.0032429992363342,0.0001465016117471,True,False
non_opioid_ed,0_12,high,14,item_drug_PREDNISONE,drug,0.001569106543171,0.0029926658652229,0.000145547221119,True,False
non_opioid_ed,0_12,high,15,item_drug_ERYTHROMYCIN,drug,0.0014949598498806,0.002899878166671,9.004153309020677e-05,True,False
non_opioid_ed,0_12,high,16,item_drug_OFLOXACIN,drug,0.0013609970096542,0.0026298817895883,9.211222972003602e-05,True,False
non_opioid_ed,0_12,high,17,item_drug_CIPRODEX,drug,0.0013276849245617,0.0025454234882718,0.0001099463608516,True,False
non_opioid_ed,0_12,high,18,item_drug_TAMIFLU,drug,0.0011707455053348,0.0022551926103192,8.629840035051657e-05,True,False
non_opioid_ed,0_12,high,19,item_drug_BUDESONIDE,drug,0.0009685630227627,0.001884828016462,5.229802906351294e-05,True,False
non_opioid_ed,0_12,high,20,item_drug_BENZONATATE,drug,0.0009498583002897,0.0018203982423799,7.931835819948527e-05,True,False
non_opioid_ed,0_12,high,21,item_drug_KETOCONAZOLE,drug,0.0005635118327868,0.0011014729552247,2.5550710348936608e-05,False,False
non_opioid_ed,0_12,high,22,item_drug_PERMETHRIN,drug,0.0005545199136429,0.0010807070815977,2.8332745688236764e-05,False,False
non_opioid_ed,0_12,high,23,item_drug_CLOTRIMAZOLE,drug,0.0005160366395477,0.0010085997056866,2.3473573408885573e-05,False,False
non_opioid_ed,0_12,high,24,item_drug_TRETINOIN,drug,0.000490775414318,0.0009608847021005,2.066612653562078e-05,False,False
non_opioid_ed,0_12,high,25,item_drug_ACYCLOVIR,drug,0.0004898407096332,0.0009554718958799,2.4209523386596736e-05,False,False
non_opioid_ed,0_12,high,26,item_drug_RISPERIDONE,drug,0.0004632411430511,0.0009076938671738,1.878841892841892e-05,False,False
non_opioid_ed,0_12,high,27,item_drug_ADAPALENE,drug,0.0004143829977253,0.0008085125016875,2.025349376314994e-05,False,False
non_opioid_ed,0_12,high,28,item_drug_NAPROXEN,drug,0.000388819500001,0.0007646242098189,1.3014790183035814e-05,False,False
non_opioid_ed,0_12,high,29,item_drug_OMEPRAZOLE,drug,0.0003689620835889,0.0007266258469773,1.1298320200492476e-05,False,False
non_opioid_ed,0_12,high,30,item_drug_FLUCONAZOLE,drug,0.0003200885095182,0.0006323460706264,7.83094840990981e-06,False,False
non_opioid_ed,0_12,high,31,item_drug_VIGAMOX,drug,0.0002845026637746,0.0005583823870511,1.0622940498066383e-05,False,False
non_opioid_ed,0_12,high,32,item_drug_EPINEPHRINE,drug,0.0002330436718877,0.0004625045939756,3.582749799924539e-06,False,False
non_opioid_ed,0_12,high,33,item_drug_OXCARBAZEPINE,drug,0.0002129694805561,0.0004209373862542,5.001574858084267e-06,False,False
non_opioid_ed,0_12,high,34,item_drug_FLUOCINONIDE,drug,0.0001804307846831,0.0003568819791367,3.979590229452233e-06,False,False
non_opioid_ed,0_12,high,35,item_drug_SKLICE,drug,0.0001255633567145,0.0002489534831196,2.1732303095167243e-06,False,False
non_opioid_ed,0_12,high,36,item_drug_CEFPROZIL,drug,9.541168238846668e-05,0.0001900628822286,7.604825482574362e-07,False,False
non_opioid_ed,0_12,high,37,item_drug_FLUORIDE,drug,7.256409558875998e-05,0.0001441217200891,1.006471088335988e-06,False,False
non_opioid_ed,0_12,high,38,item_drug_ATOMOXETINE,drug,7.098533657019353e-05,0.0001415291667207,4.415064195947088e-07,False,False
non_opioid_ed,0_12,high,39,item_drug_BANOPHEN,drug,6.728767497226174e-05,0.0001341665628973,4.087870471613581e-07,False,False
non_opioid_ed,0_12,high,40,item_drug_DESONIDE,drug,6.211092161551081e-05,0.0001234958622491,7.259809818473397e-07,False,False
non_opioid_ed,0_12,high,41,item_drug_PREMARIN,drug,5.77829138497924e-05,0.0001149750225938,5.908051057507498e-07,False,False
non_opioid_ed,0_12,high,42,item_drug_NASONEX,drug,4.847562641824749e-05,9.651181081413464e-05,4.394420223603357e-07,False,False
non_opioid_ed,0_12,high,43,item_drug_MOXEZA,drug,3.4559079542070805e-05,6.878242858794331e-05,3.357304961982959e-07,False,False
non_opioid_ed,0_12,high,44,item_drug_AEROSPAN,drug,2.4889257104184383e-05,4.96208835070604e-05,1.576307013083732e-07,False,False
non_opioid_ed,0_12,high,45,item_drug_EPIDUO,drug,2.4630506053993936e-05,4.9067885011500665e-05,1.9312709648720733e-07,False,False
non_opioid_ed,0_12,high,46,item_drug_STRATTERA,drug,2.3487726262215637e-05,4.6901005574764334e-05,7.444694966693175e-08,False,False
non_opioid_ed,0_12,high,47,item_drug_SYMBICORT,drug,2.2462295111945263e-05,4.487033809633279e-05,5.42521275577329e-08,False,False
non_opioid_ed,0_12,high,48,item_drug_CONCERTA,drug,2.0665594021037382e-05,4.126230276036313e-05,6.888528171163776e-08,False,False
non_opioid_ed,0_12,high,49,item_drug_DEXAMETHASONE,drug,1.9525652722180982e-05,3.900991049852296e-05,4.1394945839008296e-08,False,False
non_opioid_ed,0_12,high,50,item_drug_CERAVE,drug,1.6667152473334138e-05,3.3273227245814856e-05,6.107770085342046e-08,False,False
non_opioid_ed,0_12,high,51,item_drug_LEVETIRACETAM,drug,1.531885356929415e-05,3.061204790647093e-05,2.5659232117370063e-08,False,False
non_opioid_ed,0_12,high,52,item_drug_LUDENT,drug,1.5097781906053942e-05,3.012375378638504e-05,7.181002572284234e-08,False,False
non_opioid_ed,0_12,high,53,item_drug_DIAZEPAM,drug,1.3436336488181e-05,2.683963652653928e-05,3.303644982272204e-08,False,False
non_opioid_ed,0_12,high,54,item_drug_ZADITOR,drug,1.149678472265222e-05,2.2952507346071997e-05,4.1062099232447926e-08,False,False
non_opioid_ed,0_12,high,55,item_drug_ACETAMINOPHEN,drug,1.092243801683017e-05,2.1795481987219776e-05,4.9394046440562966e-08,False,False
non_opioid_ed,0_12,high,56,item_drug_CLARITIN,drug,1.0860530077788485e-05,2.170260813689085e-05,1.8452018686116312e-08,False,False
non_opioid_ed,0_12,high,57,item_drug_LANSOPRAZOLE,drug,1.0518248144519449e-05,2.1003700246129208e-05,3.279604290968512e-08,False,False
non_opioid_ed,0_12,high,58,item_drug_DOXYCYCLINE,drug,1.051662419146676e-05,2.098227857636119e-05,5.0969806572328566e-08,False,False
non_opioid_ed,0_12,high,59,item_drug_TACROLIMUS,drug,9.224482402412131e-06,1.843609076215032e-05,1.2874042673947512e-08,False,False
non_opioid_ed,0_12,high,60,item_drug_DIPHENHIST,drug,6.601703035118177e-06,1.3189676601575482e-05,1.3729468660871833e-08,False,False
non_opioid_ed,0_12,high,61,item_drug_FLUOROMETHOLONE,drug,4.8822658089179325e-06,9.753258197848862e-06,1.1273419987003432e-08,False,False
non_opioid_ed,0_12,high,62,item_drug_METRONIDAZOLE,drug,3.7710570300868378e-06,7.541116896413117e-06,9.97163760558597e-10,False,False
non_opioid_ed,0_12,high,63,item_drug_ELIDEL,drug,3.294247092601397e-06,6.582869237547181e-06,5.624947655613984e-09,False,False
non_opioid_ed,0_12,high,64,item_drug_MALATHION,drug,3.2406492773432163e-06,6.479280621090848e-06,2.017933595584206e-09,False,False
non_opioid_ed,0_12,high,65,item_drug_LAMOTRIGINE,drug,2.6375930575915382e-06,5.272523706879936e-06,2.662408303140016e-09,False,False
non_opioid_ed,0_12,high,66,item_drug_MELATONIN,drug,2.188302224463263e-06,4.373904904893551e-06,2.699544032974618e-09,False,False
non_opioid_ed,0_12,high,67,item_drug_EMVERM,drug,1.7704752894210856e-06,3.5375651512992683e-06,3.385427542902997e-09,False,False
non_opioid_ed,0_12,high,68,item_drug_BACITRACIN,drug,1.311888228836418e-06,2.623502577752662e-06,2.7387992017438523e-10,False,False
non_opioid_ed,0_12,high,69,item_drug_ALBENZA,drug,1.145572745606336e-06,2.2909205275366225e-06,2.2496367604960446e-10,False,False
non_opioid_ed,65_74,low,1,pgx_num_drugs,pgx,0.9999999998867932,0.9999999999325097,0.9999999998410768,True,False
non_opioid_ed,65_74,low,2,pgx_num_cpic_drugs,pgx,0.026040520450226,0.0421728381857034,0.0099082027147486,True,False
non_opioid_ed,65_74,low,3,item_drug_FUROSEMIDE,drug,0.0081169072817572,0.0148690417977642,0.0013647727657502,True,False
non_opioid_ed,65_74,low,4,item_drug_AMOXICILLIN,drug,0.0072011979267992,0.0136822699974504,0.000720125856148,True,False
non_opioid_ed,65_74,low,5,item_drug_SIMVASTATIN,drug,0.0028054553969473,0.0054242209719791,0.0001866898219154,True,False
non_opioid_ed,65_74,low,6,item_drug_LISINOPRIL,drug,0.0020982615954835,0.0041027695978522,9.375359311495616e-05,True,False
non_opioid_ed,65_74,low,7,item_drug_ALPRAZOLAM,drug,0.0019429051630946,0.0037742706762811,0.0001115396499081,True,False
non_opioid_ed,65_74,low,8,item_drug_LATANOPROST,drug,0.0009719522435847,0.0019175493668775,2.6355120291870927e-05,True,False
non_opioid_ed,65_74,low,9,item_drug_OFLOXACIN,drug,0.0009226345723929,0.0018034145037162,4.185464106956941e-05,True,False
non_opioid_ed,65_74,low,10,item_drug_AZITHROMYCIN,drug,0.0008802738518339,0.0017403635304119,2.018417325596928e-05,True,False
non_opioid_ed,65_74,low,11,item_drug_OMEPRAZOLE,drug,0.0007318462955108,0.0014461237951728,1.7568795848783822e-05,True,False
non_opioid_ed,65_74,low,12,item_drug_MELOXICAM,drug,0.0006698860757159,0.0013300746884596,9.697462972301962e-06,True,False
non_opioid_ed,65_74,low,13,item_drug_GABAPENTIN,drug,0.0005882805234932,0.0011682920291301,8.269017856406308e-06,True,False
non_opioid_ed,65_74,low,14,item_drug_CARVEDILOL,drug,0.0004288184247798,0.0008519506378918,5.686211667967583e-06,True,False
non_opioid_ed,65_74,low,15,item_drug_PREDNISONE,drug,0.0004154157827554,0.0008230611252393,7.770440271518077e-06,True,False
non_opioid_ed,65_74,low,16,item_drug_CEPHALEXIN,drug,0.0002582876665944,0.000514900474411,1.674858777928868e-06,True,False
non_opioid_ed,65_74,low,17,item_drug_ALLOPURINOL,drug,0.0001854388461591,0.0003690522012451,1.82549107322262e-06,True,False
non_opioid_ed,65_74,low,18,item_drug_BENZONATATE,drug,0.0001401347377352,0.0002793146850923,9.547903780217105e-07,True,False
non_opioid_ed,65_74,low,19,item_drug_METRONIDAZOLE,drug,0.0001379830287662,0.0002749473385032,1.018719029324077e-06,True,False
non_opioid_ed,65_74,low,20,item_drug_LEVOFLOXACIN,drug,0.000126355058631,0.0002516245800066,1.0855372554189691e-06,True,False
non_opioid_ed,65_74,low,21,item_drug_NAPROXEN,drug,0.0001127623411419,0.0002249326653336,5.920169502682323e-07,False,False
non_opioid_ed,65_74,low,22,item_drug_IBUPROFEN,drug,9.22036618247374e-05,0.0001840790985382,3.282251111929225e-07,False,False
non_opioid_ed,65_74,low,23,item_drug_VALSARTAN,drug,6.810387136416058e-05,0.000135825231191,3.825115372410259e-07,False,False
non_opioid_ed,65_74,low,24,item_drug_CLOPIDOGREL,drug,6.387866052884045e-05,0.000127564733295,1.9258776260136133e-07,False,False
non_opioid_ed,65_74,low,25,item_drug_LORAZEPAM,drug,5.4472836744831954e-05,0.0001088177497769,1.2792371271305218e-07,False,False
non_opioid_ed,65_74,low,26,item_drug_GLIPIZIDE,drug,3.907926885195026e-05,7.806676416206955e-05,9.177354183096225e-08,False,False
non_opioid_ed,65_74,low,27,item_drug_ATENOLOL,drug,1.970386692343583e-05,3.912160059001831e-05,2.861332568533498e-07,False,False
non_opioid_ed,65_74,low,28,item_drug_HYDROCHLOROTHIAZIDE,drug,1.8461341069192737e-05,3.6624697750516464e-05,2.979843878690132e-07,False,False
non_opioid_ed,65_74,medium,1,pgx_num_drugs,pgx,0.9999999998594482,0.9999999998778194,0.9999999998410768,True,False
non_opioid_ed,65_74,medium,2,pgx_num_cpic_drugs,pgx,0.0382038258783653,0.0618675369415792,0.0145401148151514,True,False
non_opioid_ed,65_74,medium,3,item_drug_FUROSEMIDE,drug,0.0185283649016399,0.0339431980353258,0.0031135317679541,True,False
non_opioid_ed,65_74,medium,4,item_drug_AMOXICILLIN,drug,0.0158698643208898,0.0301535845504076,0.001586144091372,True,False
non_opioid_ed,65_74,medium,5,item_drug_SIMVASTATIN,drug,0.0077216413346556,0.0149309176322771,0.0005123650370341,True,False
non_opioid_ed,65_74,medium,6,item_drug_ALPRAZOLAM,drug,0.0054312485700759,0.0105520119607862,0.0003104851793656,True,False
non_opioid_ed,65_74,medium,7,item_drug_LISINOPRIL,drug,0.0031672853449301,0.0061926138262396,0.0001419568636207,True,False
non_opioid_ed,65_74,medium,8,item_drug_OFLOXACIN,drug,0.0024171094355583,0.004725377523095,0.0001088413480216,True,False
non_opioid_ed,65_74,medium,9,item_drug_LATANOPROST,drug,0.0023195589991775,0.0045765369260895,6.258107226556349e-05,True,False
non_opioid_ed,65_74,medium,10,item_drug_OMEPRAZOLE,drug,0.0014035533393371,0.0027734217652883,3.3684913385867345e-05,True,False
non_opioid_ed,65_74,medium,11,item_drug_CARVEDILOL,drug,0.0010604652633369,0.0021070261683514,1.390435832254812e-05,True,False
non_opioid_ed,65_74,medium,12,item_drug_MELOXICAM,drug,0.0010384895261719,0.0020618351357107,1.5143916633248312e-05,True,False
non_opioid_ed,65_74,medium,13,item_drug_GABAPENTIN,drug,0.0009999654526393,0.0019858141089499,1.4116796328744531e-05,True,False
non_opioid_ed,65_74,medium,14,item_drug_AZITHROMYCIN,drug,0.0009063966252596,0.0017915410670637,2.1252183455635705e-05,True,False
non_opioid_ed,65_74,medium,15,item_drug_PREDNISONE,drug,0.00086120821804,0.0017063777007612,1.603873531879988e-05,True,False
non_opioid_ed,65_74,medium,16,item_drug_CEPHALEXIN,drug,0.0004929991791424,0.0009828020752591,3.196283025803181e-06,True,False
non_opioid_ed,65_74,medium,17,item_drug_METRONIDAZOLE,drug,0.0004135644354189,0.0008241994990879,2.92937174991516e-06,True,False
non_opioid_ed,65_74,medium,18,item_drug_ALLOPURINOL,drug,0.0004114258914447,0.0008188571042255,3.994678663977663e-06,True,False
non_opioid_ed,65_74,medium,19,item_drug_BENZONATATE,drug,0.0003760974340565,0.0007497109938182,2.4838742948301115e-06,True,False
non_opioid_ed,65_74,medium,20,item_drug_LEVOFLOXACIN,drug,0.0002870653877805,0.0005717154957377,2.415279823294693e-06,True,False
non_opioid_ed,65_74,medium,21,item_drug_NAPROXEN,drug,0.0002856193621619,0.000569778843017,1.4598813068349904e-06,False,False
non_opioid_ed,65_74,medium,22,item_drug_ATENOLOL,drug,0.0002669247144675,0.0005315851062249,2.264322710130952e-06,False,False
non_opioid_ed,65_74,medium,23,item_drug_CLOPIDOGREL,drug,0.0002165440404953,0.0004324539891611,6.340918294857515e-07,False,False
non_opioid_ed,65_74,medium,24,item_drug_VALSARTAN,drug,0.0002123309460013,0.0004235458105676,1.1160814350962391e-06,False,False
non_opioid_ed,65_74,medium,25,item_drug_IBUPROFEN,drug,0.000178288710482,0.0003559435113551,6.339096090586719e-07,False,False
non_opioid_ed,65_74,medium,26,item_drug_GLIPIZIDE,drug,0.0001506730088743,0.0003009921952354,3.5382251322765385e-07,False,False
non_opioid_ed,65_74,medium,27,item_drug_HYDROCHLOROTHIAZIDE,drug,0.000127059539628,0.0002528198776116,1.2992016443827511e-06,False,False
non_opioid_ed,65_74,medium,28,item_drug_LORAZEPAM,drug,0.0001261063000165,0.0002519164670472,2.961329858548594e-07,False,False
non_opioid_ed,65_74,extreme,1,pgx_num_drugs,pgx,0.9999999998342818,0.9999999998274868,0.9999999998410768,True,False
non_opioid_ed,65_74,extreme,2,pgx_num_cpic_drugs,pgx,0.1248043190314765,0.2021549106735218,0.0474537273894313,True,False
non_opioid_ed,65_74,extreme,3,item_drug_FUROSEMIDE,drug,0.0879900491372346,0.161226819368907,0.0147532789055623,True,False
non_opioid_ed,65_74,extreme,4,item_drug_ALPRAZOLAM,drug,0.0219038723714221,0.0425643741184068,0.0012433706244374,True,False
non_opioid_ed,65_74,extreme,5,item_drug_AMOXICILLIN,drug,0.0157099268309332,0.0298502945285467,0.0015695591333198,True,False
non_opioid_ed,65_74,extreme,6,item_drug_SIMVASTATIN,drug,0.0118451072404811,0.0229064066077996,0.0007838078731627,True,False
non_opioid_ed,65_74,extreme,7,item_drug_CARVEDILOL,drug,0.0032543230489636,0.0064671352262174,4.151087170992577e-05,True,False
non_opioid_ed,65_74,extreme,8,item_drug_LATANOPROST,drug,0.0031956919208254,0.006305796206766,8.558763488496207e-05,True,False
non_opioid_ed,65_74,extreme,9,item_drug_OFLOXACIN,drug,0.0028363122315541,0.0055455642895712,0.000127060173537,True,False
non_opioid_ed,65_74,extreme,10,item_drug_GABAPENTIN,drug,0.0027279995582634,0.0054185549908945,3.744412563231668e-05,True,False
non_opioid_ed,65_74,extreme,11,item_drug_OMEPRAZOLE,drug,0.0025748955080961,0.0050890304590744,6.07605571178292e-05,True,False
non_opioid_ed,65_74,extreme,12,item_drug_LISINOPRIL,drug,0.0025067457702115,0.0049009798346531,0.0001125117057699,True,False
non_opioid_ed,65_74,extreme,13,item_drug_CEPHALEXIN,drug,0.0017801949590205,0.0035493750224486,1.1014895592359174e-05,True,False
non_opioid_ed,65_74,extreme,14,item_drug_LEVOFLOXACIN,drug,0.0017320925678374,0.0034509744670796,1.3210668595199804e-05,True,False
non_opioid_ed,65_74,extreme,15,item_drug_PREDNISONE,drug,0.0017011983792303,0.0033715874965621,3.080926189847564e-05,True,False
non_opioid_ed,65_74,extreme,16,item_drug_MELOXICAM,drug,0.0016644773520423,0.0033051223174329,2.38323866517408e-05,True,False
non_opioid_ed,65_74,extreme,17,item_drug_METRONIDAZOLE,drug,0.0016280598001785,0.0032452504223778,1.0869177979248256e-05,True,False
non_opioid_ed,65_74,extreme,18,item_drug_ALLOPURINOL,drug,0.0013448670235587,0.0026774820756023,1.2251971515113642e-05,True,False
non_opioid_ed,65_74,extreme,19,item_drug_ATENOLOL,drug,0.0009150671692962,0.0018230474714742,7.086867118122498e-06,True,False
non_opioid_ed,65_74,extreme,20,item_drug_LORAZEPAM,drug,0.0008196243839647,0.0016373240334048,1.9247345245836805e-06,True,False
non_opioid_ed,65_74,extreme,21,item_drug_BENZONATATE,drug,0.0007954754754713,0.0015859370981342,5.0138528085064845e-06,False,False
non_opioid_ed,65_74,extreme,22,item_drug_CLOPIDOGREL,drug,0.0007177722521017,0.0014335015185647,2.0429856388321323e-06,False,False
non_opioid_ed,65_74,extreme,23,item_drug_AZITHROMYCIN,drug,0.0006791888648498,0.0013423338031084,1.6043926591230815e-05,False,False
non_opioid_ed,65_74,extreme,24,item_drug_VALSARTAN,drug,0.0005466343063254,0.0010906004048537,2.6682077971245286e-06,False,False
non_opioid_ed,65_74,extreme,25,item_drug_HYDROCHLOROTHIAZIDE,drug,0.0005302771692817,0.0010560834552051,4.470883358431563e-06,False,False
non_opioid_ed,65_74,extreme,26,item_drug_NAPROXEN,drug,0.0003741890642549,0.0007465188816435,1.8592468663833e-06,False,False
non_opioid_ed,65_74,extreme,27,item_drug_GLIPIZIDE,drug,0.0002029647838808,0.0004054529429388,4.766248228492225e-07,False,False
non_opioid_ed,65_74,extreme,28,item_drug_IBUPROFEN,drug,0.0001298441659221,0.0002592200695894,4.682622549144734e-07,False,False
non_opioid_ed,65_74,high,1,pgx_num_drugs,pgx,0.9999999998372736,0.9999999998334708,0.9999999998410768,True,False
non_opioid_ed,65_74,high,2,pgx_num_cpic_drugs,pgx,0.0617585493366718,0.1000183465322543,0.0234987521410894,True,False
non_opioid_ed,65_74,high,3,item_drug_FUROSEMIDE,drug,0.041147525601981,0.0753882929422005,0.0069067582617614,True,False
non_opioid_ed,65_74,high,4,item_drug_AMOXICILLIN,drug,0.0202403760398459,0.0384575654848344,0.0020231865948574,True,False
non_opioid_ed,65_74,high,5,item_drug_ALPRAZOLAM,drug,0.0141398563762163,0.0274749477035781,0.0008047650488545,True,False
non_opioid_ed,65_74,high,6,item_drug_SIMVASTATIN,drug,0.0140011882053647,0.0270749295345149,0.0009274468762146,True,False
non_opioid_ed,65_74,high,7,item_drug_LISINOPRIL,drug,0.0034782094363238,0.0068000281117676,0.00015639076088,True,False
non_opioid_ed,65_74,high,8,item_drug_OFLOXACIN,drug,0.0034429889032688,0.0067311417573402,0.0001548360491974,True,False
non_opioid_ed,65_74,high,9,item_drug_LATANOPROST,drug,0.0029683588129855,0.0058565685851062,8.014904086488982e-05,True,False
non_opioid_ed,65_74,high,10,item_drug_OMEPRAZOLE,drug,0.0025089049709244,0.0049580849644656,5.972497738334627e-05,True,False
non_opioid_ed,65_74,high,11,item_drug_MELOXICAM,drug,0.0023176336726248,0.0046020078912203,3.3259454029312574e-05,True,False
non_opioid_ed,65_74,high,12,item_drug_CARVEDILOL,drug,0.0020743226644782,0.0041217761772422,2.6869151714222087e-05,True,False
non_opioid_ed,65_74,high,13,item_drug_GABAPENTIN,drug,0.0016303620219369,0.0032378789258259,2.2845118047984035e-05,True,False
non_opioid_ed,65_74,high,14,item_drug_CEPHALEXIN,drug,0.0014733218875513,0.0029374096690074,9.234106095122925e-06,True,False
non_opioid_ed,65_74,high,15,item_drug_PREDNISONE,drug,0.0013588748383639,0.0026926359243956,2.5113752332133283e-05,True,False
non_opioid_ed,65_74,high,16,item_drug_METRONIDAZOLE,drug,0.0009499165354773,0.001893312793541,6.520277413576883e-06,True,False
non_opioid_ed,65_74,high,17,item_drug_AZITHROMYCIN,drug,0.0008700850622635,0.0017193880038679,2.078212065910875e-05,True,False
non_opioid_ed,65_74,high,18,item_drug_ALLOPURINOL,drug,0.0007981017191432,0.001588658042208,7.5453960785895165e-06,True,False
non_opioid_ed,65_74,high,19,item_drug_BENZONATATE,drug,0.0007840674423575,0.0015631010085252,5.033876189746705e-06,True,False
non_opioid_ed,65_74,high,20,item_drug_ATENOLOL,drug,0.0007209459292679,0.0014361368821499,5.7549763859368855e-06,True,False
non_opioid_ed,65_74,high,21,item_drug_LEVOFLOXACIN,drug,0.0006479072394337,0.0012906069189133,5.207559954194711e-06,False,False
non_opioid_ed,65_74,high,22,item_drug_CLOPIDOGREL,drug,0.0004264247085649,0.0008516160662029,1.2333509269186045e-06,False,False
non_opioid_ed,65_74,high,23,item_drug_VALSARTAN,drug,0.0003536550979194,0.0007054912073903,1.8189884485319904e-06,False,False
non_opioid_ed,65_74,high,24,item_drug_NAPROXEN,drug,0.0003445106114645,0.0006872451302964,1.776092632638123e-06,False,False
non_opioid_ed,65_74,high,25,item_drug_LORAZEPAM,drug,0.00030770781144,0.0006146930631667,7.225597133309132e-07,False,False
non_opioid_ed,65_74,high,26,item_drug_HYDROCHLOROTHIAZIDE,drug,0.0003070860714459,0.0006113438507425,2.828292149331653e-06,False,False
non_opioid_ed,65_74,high,27,item_drug_IBUPROFEN,drug,0.0002688181475571,0.000536688918358,9.473767562250468e-07,False,False
non_opioid_ed,65_74,high,28,item_drug_GLIPIZIDE,drug,0.0002471551780732,0.0004937299861722,5.803699742984795e-07,False,False
non_opioid_ed,13_24,low,1,pgx_num_drugs,pgx,0.9999999998324646,0.9999999998824576,0.9999999997824714,True,False
non_opioid_ed,13_24,low,2,pgx_num_cpic_drugs,pgx,0.0947077570275416,0.142697849237272,0.0467176648178112,True,False
non_opioid_ed,13_24,low,3,item_drug_CEPHALEXIN,drug,0.0181854736423585,0.0317762241984747,0.0045947230862424,True,False
non_opioid_ed,13_24,low,4,item_drug_AMOXICILLIN,drug,0.0141189738270805,0.0249488670116751,0.0032890806424859,True,False
non_opioid_ed,13_24,low,5,item_drug_IBUPROFEN,drug,0.003230134762538,0.0061549191264562,0.0003053503986198,True,False
non_opioid_ed,13_24,low,6,item_drug_AZITHROMYCIN,drug,0.0024340583953836,0.0046951186503995,0.0001729981403677,True,False
non_opioid_ed,13_24,low,7,item_drug_NUVARING,drug,0.0017886567872635,0.0034632686635388,0.0001140449109882,True,False
non_opioid_ed,13_24,low,8,item_drug_FLUCONAZOLE,drug,0.0014131649455201,0.002669974750678,0.0001563551403622,True,False
non_opioid_ed,13_24,low,9,item_drug_NAPROXEN,drug,0.0013027225282808,0.0025543191945891,5.1125861972543245e-05,True,False
non_opioid_ed,13_24,low,10,item_drug_PREDNISONE,drug,0.0008386037843954,0.0016306601768435,4.654739194727133e-05,True,False
non_opioid_ed,13_24,low,11,item_drug_METRONIDAZOLE,drug,0.0008340127924199,0.0016061472882247,6.187829661507619e-05,True,False
non_opioid_ed,13_24,low,12,item_drug_ERYTHROMYCIN,drug,0.0008115641106383,0.0016033634159912,1.9764805285397697e-05,True,False
non_opioid_ed,13_24,low,13,item_drug_OFLOXACIN,drug,0.0007579700254074,0.0014829884919185,3.295155889638641e-05,True,False
non_opioid_ed,13_24,low,14,item_drug_LORYNA,drug,0.0007214633857552,0.0014072669615514,3.5659809959110224e-05,True,False
non_opioid_ed,13_24,low,15,item_drug_MELOXICAM,drug,0.0004710843309897,0.0009335956096591,8.573052320442252e-06,True,False
non_opioid_ed,13_24,low,16,item_drug_DIFFERIN,drug,0.0004597288969431,0.0009044060360022,1.5051757883963771e-05,True,False
non_opioid_ed,13_24,low,17,item_drug_NORETHINDRONE,drug,0.0003784263430095,0.0007501849522803,6.66773373880417e-06,True,False
non_opioid_ed,13_24,low,18,item_drug_NEXPLANON,drug,0.0003165539695556,0.0006266423264208,6.465612690481201e-06,True,False
non_opioid_ed,13_24,low,19,item_drug_MUPIROCIN,drug,0.000225292459964,0.0004429535106285,7.631409299561722e-06,True,False
non_opioid_ed,13_24,low,20,item_drug_MISOPROSTOL,drug,0.0002031534463884,0.0004041179303283,2.188962448498034e-06,True,False
non_opioid_ed,13_24,low,21,item_drug_LEVETIRACETAM,drug,0.0001850995246464,0.0003687281827022,1.4708665906471644e-06,False,False
non_opioid_ed,13_24,low,22,item_drug_ARIPIPRAZOLE,drug,0.0001719550899842,0.0003421578417541,1.7523382144145155e-06,False,False
non_opioid_ed,13_24,low,23,item_drug_EPIDUO,drug,0.000167681706185,0.0003311038378369,4.259574533188718e-06,False,False
non_opioid_ed,13_24,low,24,item_drug_CEFDINIR,drug,0.0001653395876727,0.0003283422283097,2.3369470356666057e-06,False,False
non_opioid_ed,13_24,low,25,item_drug_OMEPRAZOLE,drug,0.000155116385012,0.0003083408144825,1.8919555415831335e-06,False,False
non_opioid_ed,13_24,low,26,item_drug_KETOCONAZOLE,drug,0.00014880069326,0.0002951394951422,2.4618913777510053e-06,False,False
non_opioid_ed,13_24,low,27,item_drug_VYVANSE,drug,0.00014190545309,0.0002822801736056,1.530732574366404e-06,False,False
non_opioid_ed,13_24,low,28,item_drug_MONONESSA,drug,0.0001379396933172,0.0002747332792057,1.1461074286162332e-06,False,False
non_opioid_ed,13_24,low,29,item_drug_ONEXTON,drug,0.0001252590861382,0.0002493511772245,1.166995052001918e-06,False,False
non_opioid_ed,13_24,low,30,item_drug_LISINOPRIL,drug,0.0001195292829712,0.0002381709283347,8.876376077316638e-07,False,False
non_opioid_ed,13_24,low,31,item_drug_BENZONATATE,drug,0.0001098040321214,0.0002168077036679,2.800360574954902e-06,False,False
non_opioid_ed,13_24,low,32,item_drug_RISPERIDONE,drug,8.61302659336128e-05,0.0001717578375555,5.026943116667924e-07,False,False
non_opioid_ed,13_24,low,33,item_drug_DEXAMETHASONE,drug,8.429823779154492e-05,0.0001672078853072,1.3885902758741568e-06,False,False
non_opioid_ed,13_24,low,34,item_drug_ORSYTHIA,drug,8.329677425454559e-05,0.0001661369858395,4.5656266958570724e-07,False,False
non_opioid_ed,13_24,low,35,item_drug_CLARITHROMYCIN,drug,8.320411825345182e-05,0.0001659521785349,4.5605797195364556e-07,False,False
non_opioid_ed,13_24,low,36,item_drug_TRETINOIN,drug,7.89062438481108e-05,0.0001568655455977,9.469420984794356e-07,False,False
non_opioid_ed,13_24,low,37,item_drug_PERMETHRIN,drug,7.30768508852213e-05,0.000145874608137,2.7909363342177814e-07,False,False
non_opioid_ed,13_24,low,38,item_drug_CIPRODEX,drug,6.729609658923576e-05,0.0001342949166119,2.972765665031474e-07,False,False
non_opioid_ed,13_24,low,39,item_drug_ALPRAZOLAM,drug,6.670530332687424e-05,0.0001326051664692,8.054401845083684e-07,False,False
non_opioid_ed,13_24,low,40,item_drug_OCELLA,drug,6.208279298351545e-05,0.000123012786979,1.1527989880275831e-06,False,False
non_opioid_ed,13_24,low,41,item_drug_CLONAZEPAM,drug,6.122994440869763e-05,0.0001221855532586,2.7433555877320215e-07,False,False
non_opioid_ed,13_24,low,42,item_drug_ESTARYLLA,drug,5.6783876952697785e-05,0.0001130225589325,5.451949728424347e-07,False,False
non_opioid_ed,13_24,low,43,item_drug_AVIANE,drug,5.262680783010591e-05,0.0001050803810479,1.73234612268549e-07,False,False
non_opioid_ed,13_24,low,44,item_drug_LORATADINE,drug,5.021294986041512e-05,9.96456696233968e-05,7.802300974334297e-07,False,False
non_opioid_ed,13_24,low,45,item_drug_TAMIFLU,drug,4.291204174764836e-05,8.570051888832185e-05,1.235646069748765e-07,False,False
non_opioid_ed,13_24,low,46,item_drug_VIORELE,drug,3.897887886398213e-05,7.781966263828228e-05,1.380950896819642e-07,False,False
non_opioid_ed,13_24,low,47,item_drug_HYDROCORTISONE,drug,3.562386494877016e-05,7.09548941784899e-05,2.928357190504218e-07,False,False
non_opioid_ed,13_24,low,48,item_drug_XULANE,drug,3.4423170269744605e-05,6.865186461586559e-05,1.9447592362362386e-07,False,False
non_opioid_ed,13_24,low,49,item_drug_SYNTHROID,drug,3.2259413906815435e-05,6.4452767555156e-05,6.606025847486919e-08,False,False
non_opioid_ed,13_24,low,50,item_drug_ATOMOXETINE,drug,3.19259055106839e-05,6.379027002709446e-05,6.154099427335046e-08,False,False
non_opioid_ed,13_24,low,51,item_drug_ETODOLAC,drug,3.1015627265674874e-05,6.194901461366518e-05,8.22399176845699e-08,False,False
non_opioid_ed,13_24,low,52,item_drug_TRIAZOLAM,drug,3.0054756856393127e-05,5.994476677114949e-05,1.647469416367701e-07,False,False
non_opioid_ed,13_24,low,53,item_drug_TOPIRAMATE,drug,2.989551843378661e-05,5.971712524858803e-05,7.391161898519233e-08,False,False
non_opioid_ed,13_24,low,54,item_drug_DRYSOL,drug,2.8289876016588902e-05,5.6511451128022425e-05,6.830090515538819e-08,False,False
non_opioid_ed,13_24,low,55,item_drug_EPINEPHRINE,drug,2.7057122543907864e-05,5.391681425990754e-05,1.9743082790818759e-07,False,False
non_opioid_ed,13_24,low,56,item_drug_CONCERTA,drug,2.1648822061729683e-05,4.3230647147225095e-05,6.69969762342713e-08,False,False
non_opioid_ed,13_24,low,57,item_drug_BOOSTRIX,drug,2.01778380106486e-05,4.023191845683416e-05,1.237575644630272e-07,False,False
non_opioid_ed,13_24,low,58,item_drug_SPIRONOLACTONE,drug,1.856224016269382e-05,3.707925253564719e-05,4.522778974044987e-08,False,False
non_opioid_ed,13_24,low,59,item_drug_TRINESSA,drug,1.8052905023569605e-05,3.605078449064349e-05,5.502555649572176e-08,False,False
non_opioid_ed,13_24,low,60,item_drug_LEVOFLOXACIN,drug,1.303959387865874e-05,2.601814654163598e-05,6.104121568150129e-08,False,False
non_opioid_ed,13_24,low,61,item_drug_ADAPALENE,drug,1.2654808419239538e-05,2.5272933724317037e-05,3.6683114162042e-08,False,False
non_opioid_ed,13_24,low,62,item_drug_MENACTRA,drug,1.2618923481404946e-05,2.522152691314497e-05,1.6320049664922818e-08,False,False
non_opioid_ed,13_24,low,63,item_drug_DIAZEPAM,drug,1.0706173619175872e-05,2.1371115658369447e-05,4.123157998229801e-08,False,False
non_opioid_ed,13_24,low,64,item_drug_TACROLIMUS,drug,1.0302426961805543e-05,2.0592705394713868e-05,1.2148528897223336e-08,False,False
non_opioid_ed,13_24,low,65,item_drug_ESTRADIOL,drug,9.538064466039932e-06,1.906424478983446e-05,1.1884142245404896e-08,False,False
non_opioid_ed,13_24,low,66,item_drug_ACZONE,drug,9.080506124866106e-06,1.813770483441345e-05,2.3307415318763153e-08,False,False
non_opioid_ed,13_24,low,67,item_drug_FLUOCINONIDE,drug,8.513983442180308e-06,1.701998128860637e-05,7.985595754245133e-09,False,False
non_opioid_ed,13_24,low,68,item_drug_TAZORAC,drug,8.4686022160416e-06,1.692285291506003e-05,1.435151702317202e-08,False,False
non_opioid_ed,13_24,low,69,item_drug_LAMOTRIGINE,drug,7.87112760640882e-06,1.573384467927552e-05,8.410533542120791e-09,False,False
non_opioid_ed,13_24,low,70,item_drug_CICLOPIROX,drug,7.052008057321792e-06,1.4097331863417806e-05,6.684251225777083e-09,False,False
non_opioid_ed,13_24,low,71,item_drug_LORAZEPAM,drug,6.886271777087673e-06,1.377085053519961e-05,1.693018975736358e-09,False,False
non_opioid_ed,13_24,low,72,item_drug_VIVOTIF,drug,6.265637022648176e-06,1.2526903475942946e-05,4.370569353406586e-09,False,False
non_opioid_ed,13_24,low,73,item_drug_SRONYX,drug,5.364565464063361e-06,1.0723948715997212e-05,5.1822121295078174e-09,False,False
non_opioid_ed,13_24,low,74,item_drug_JUBLIA,drug,4.79385627065182e-06,9.584618970945366e-06,3.093570358274099e-09,False,False
non_opioid_ed,13_24,low,75,item_drug_KURVELO,drug,4.65663137878882e-06,9.30932661583279e-06,3.936141744848488e-09,False,False
non_opioid_ed,13_24,low,76,item_drug_NYSTATIN,drug,4.283008918386797e-06,8.553803163175833e-06,1.2214673597760292e-08,False,False
non_opioid_ed,13_24,low,77,item_drug_GABAPENTIN,drug,3.98843098426675e-06,7.973173006062123e-06,3.68896247137643e-09,False,False
non_opioid_ed,13_24,low,78,item_drug_CAMRESE,drug,3.427147041492774e-06,6.852481858149631e-06,1.81222483591751e-09,False,False
non_opioid_ed,13_24,low,79,item_drug_LARISSIA,drug,3.236446063805913e-06,6.468933166216039e-06,3.958961395787195e-09,False,False
non_opioid_ed,13_24,low,80,item_drug_METHOCARBAMOL,drug,2.9214127108901065e-06,5.838383114009295e-06,4.442307770918426e-09,False,False
non_opioid_ed,13_24,low,81,item_drug_GIANVI,drug,1.9862701901412504e-06,3.9690197135371945e-06,3.520666745306241e-09,False,False
non_opioid_ed,13_24,low,82,item_drug_SYMBICORT,drug,1.7197769759340972e-06,3.43828486724013e-06,1.2690846280643511e-09,False,False
non_opioid_ed,13_24,low,83,item_drug_SOLODYN,drug,1.4650949140474478e-06,2.9293092509459697e-06,8.80577148925957e-10,False,False
non_opioid_ed,13_24,low,84,item_drug_STRATTERA,drug,1.2757652602388592e-06,2.551062216749805e-06,4.683037279132366e-10,False,False
non_opioid_ed,13_24,low,85,item_drug_ACYCLOVIR,drug,1.0525685924969151e-06,2.104829348718802e-06,3.0783627502845056e-10,False,False
non_opioid_ed,13_24,low,86,item_drug_DYMISTA,drug,8.428480308810883e-07,1.6853562466717434e-06,3.3981509043316147e-10,False,False
non_opioid_ed,13_24,low,87,item_drug_PREVIFEM,drug,4.862359141238671e-07,9.724196957272265e-07,5.213252050795502e-11,False,False
non_opioid_ed,13_24,low,88,item_drug_VIENVA,drug,6.385215221009807e-08,1.2770232129832814e-07,1.9831218679854333e-12,False,False
non_opioid_ed,13_24,low,89,item_drug_DESONIDE,drug,4.7149290408171235e-08,9.429858081634247e-08,0.0,False,False
non_opioid_ed,13_24,low,90,item_drug_TERCONAZOLE,drug,2.8958086645884096e-11,0.0,5.7916173291768186e-11,False,False
non_opioid_ed,13_24,medium,1,pgx_num_drugs,pgx,0.9999999998266764,0.9999999998708816,0.9999999997824714,True,False
non_opioid_ed,13_24,medium,2,pgx_num_cpic_drugs,pgx,0.1087663741700616,0.1638800856051148,0.0536526627350083,True,False
non_opioid_ed,13_24,medium,3,item_drug_AMOXICILLIN,drug,0.0193416127695571,0.0341774605440163,0.0045057649950978,True,False
non_opioid_ed,13_24,medium,4,item_drug_CEPHALEXIN,drug,0.019239123953925,0.0336172181841859,0.004861029723664,True,False
non_opioid_ed,13_24,medium,5,item_drug_AZITHROMYCIN,drug,0.0033349546930998,0.0064328660739047,0.000237043312295,True,False
non_opioid_ed,13_24,medium,6,item_drug_IBUPROFEN,drug,0.0030997067599917,0.0059063521199788,0.0002930614000046,True,False
non_opioid_ed,13_24,medium,7,item_drug_FLUCONAZOLE,drug,0.0021806050157505,0.0041199308152434,0.0002412792162577,True,False
non_opioid_ed,13_24,medium,8,item_drug_NUVARING,drug,0.0019168462765815,0.0037114506646404,0.0001222418885226,True,False
non_opioid_ed,13_24,medium,9,item_drug_NAPROXEN,drug,0.0015174608371463,0.00297535574725,5.956592704255994e-05,True,False
non_opioid_ed,13_24,medium,10,item_drug_PREDNISONE,drug,0.0014512578629089,0.0028219614157048,8.055431011299106e-05,True,False
non_opioid_ed,13_24,medium,11,item_drug_METRONIDAZOLE,drug,0.0012026981324836,0.0023161510856119,8.924517935528796e-05,True,False
non_opioid_ed,13_24,medium,12,item_drug_OFLOXACIN,drug,0.0009597431238938,0.0018777513194683,4.173492831931121e-05,True,False
non_opioid_ed,13_24,medium,13,item_drug_LORYNA,drug,0.0009567654364154,0.0018662291630412,4.730170978973488e-05,True,False
non_opioid_ed,13_24,medium,14,item_drug_ERYTHROMYCIN,drug,0.0008090477575015,0.0015983820154526,1.971349955035433e-05,True,False
non_opioid_ed,13_24,medium,15,item_drug_DIFFERIN,drug,0.0005663342181164,0.0011141170320166,1.85514042161364e-05,True,False
non_opioid_ed,13_24,medium,16,item_drug_MELOXICAM,drug,0.0004584708579444,0.0009085905360954,8.351179793400581e-06,True,False
non_opioid_ed,13_24,medium,17,item_drug_EPIDUO,drug,0.0004047811038531,0.0007992883663848,1.0273841321445068e-05,True,False
non_opioid_ed,13_24,medium,18,item_drug_NEXPLANON,drug,0.0003281585868244,0.0006496066078425,6.710565806354898e-06,True,False
non_opioid_ed,13_24,medium,19,item_drug_NORETHINDRONE,drug,0.0002860713737292,0.0005670928152254,5.049932232928052e-06,True,False
non_opioid_ed,13_24,medium,20,item_drug_MUPIROCIN,drug,0.0002786607412084,0.0005478727468193,9.448735597598889e-06,True,False
non_opioid_ed,13_24,medium,21,item_drug_KETOCONAZOLE,drug,0.0002389600757911,0.0004739651604018,3.954991180524812e-06,False,False
non_opioid_ed,13_24,medium,22,item_drug_CEFDINIR,drug,0.0002387049157716,0.0004740334959962,3.3763355471049945e-06,False,False
non_opioid_ed,13_24,medium,23,item_drug_DEXAMETHASONE,drug,0.0001928657362377,0.0003825590319662,3.1724405091759908e-06,False,False
non_opioid_ed,13_24,medium,24,item_drug_MISOPROSTOL,drug,0.0001858232170368,0.0003696393507163,2.0070833573489207e-06,False,False
non_opioid_ed,13_24,medium,25,item_drug_OMEPRAZOLE,drug,0.0001706820304994,0.0003392779499445,2.0861110542969866e-06,False,False
non_opioid_ed,13_24,medium,26,item_drug_BENZONATATE,drug,0.0001692032401916,0.0003340881758476,4.318304535706764e-06,False,False
non_opioid_ed,13_24,medium,27,item_drug_VYVANSE,drug,0.0001673313221365,0.0003328542924504,1.8083518226267216e-06,False,False
non_opioid_ed,13_24,medium,28,item_drug_ONEXTON,drug,0.0001594309838492,0.0003173741751539,1.4877925445469474e-06,False,False
non_opioid_ed,13_24,medium,29,item_drug_OCELLA,drug,0.0001463808430385,0.0002900493422647,2.712343812435091e-06,False,False
non_opioid_ed,13_24,medium,30,item_drug_ARIPIPRAZOLE,drug,0.0001419525197788,0.000282453384205,1.4516553527188062e-06,False,False
non_opioid_ed,13_24,medium,31,item_drug_TRETINOIN,drug,0.0001381930820273,0.0002747276182245,1.6585458302064193e-06,False,False
non_opioid_ed,13_24,medium,32,item_drug_LORATADINE,drug,0.0001316197312912,0.0002612012528341,2.0382097482451407e-06,False,False
non_opioid_ed,13_24,medium,33,item_drug_MONONESSA,drug,0.0001170185620191,0.000233060829683,9.762943552852238e-07,False,False
non_opioid_ed,13_24,medium,34,item_drug_LISINOPRIL,drug,0.0001151084550728,0.0002293589668102,8.579433353867421e-07,False,False
non_opioid_ed,13_24,medium,35,item_drug_ALPRAZOLAM,drug,0.0001094948226414,0.000217666729941,1.3229153418584585e-06,False,False
non_opioid_ed,13_24,medium,36,item_drug_LEVETIRACETAM,drug,0.0001088552835352,0.0002168406373711,8.699296993657346e-07,False,False
non_opioid_ed,13_24,medium,37,item_drug_CLARITHROMYCIN,drug,0.0001009893187181,0.0002014235112936,5.551261427196214e-07,False,False
non_opioid_ed,13_24,medium,38,item_drug_ESTARYLLA,drug,9.852217837356844e-05,0.0001960982504693,9.461062778236244e-07,False,False
non_opioid_ed,13_24,medium,39,item_drug_RISPERIDONE,drug,9.22902715684184e-05,0.0001840397756841,5.407674527095504e-07,False,False
non_opioid_ed,13_24,medium,40,item_drug_ORSYTHIA,drug,8.571048797061012e-05,0.0001709490735863,4.719023548350805e-07,False,False
non_opioid_ed,13_24,medium,41,item_drug_HYDROCORTISONE,drug,8.37970518392538e-05,0.0001669077585348,6.863451436809619e-07,False,False
non_opioid_ed,13_24,medium,42,item_drug_CLONAZEPAM,drug,7.764317752384875e-05,0.0001549373202471,3.490348005044745e-07,False,False
non_opioid_ed,13_24,medium,43,item_drug_CIPRODEX,drug,7.32383204420443e-05,0.0001461515604129,3.250804711288667e-07,False,False
non_opioid_ed,13_24,medium,44,item_drug_EPINEPHRINE,drug,6.866994777920558e-05,0.0001368417113822,4.981841761485775e-07,False,False
non_opioid_ed,13_24,medium,45,item_drug_AVIANE,drug,6.453711181302234e-05,0.0001288608683298,2.133552961724409e-07,False,False
non_opioid_ed,13_24,medium,46,item_drug_PERMETHRIN,drug,5.990956968865092e-05,0.0001195884682433,2.3067113395219695e-07,False,False
non_opioid_ed,13_24,medium,47,item_drug_TRIAZOLAM,drug,5.856429268005884e-05,0.0001168080622171,3.205231429786942e-07,False,False
non_opioid_ed,13_24,medium,48,item_drug_BOOSTRIX,drug,4.411517069125428e-05,8.796106937127758e-05,2.692720112309867e-07,False,False
non_opioid_ed,13_24,medium,49,item_drug_TOPIRAMATE,drug,4.190129380927002e-05,8.369853476943503e-05,1.0405284910501693e-07,False,False
non_opioid_ed,13_24,medium,50,item_drug_VIORELE,drug,4.1597887053667934e-05,8.304713019942598e-05,1.4864390790988316e-07,False,False
non_opioid_ed,13_24,medium,51,item_drug_CONCERTA,drug,3.89105048950138e-05,7.770063049077557e-05,1.203792992520137e-07,False,False
non_opioid_ed,13_24,medium,52,item_drug_TAMIFLU,drug,3.802486379049928e-05,7.593894625142143e-05,1.107813295771246e-07,False,False
non_opioid_ed,13_24,medium,53,item_drug_XULANE,drug,3.726974204005802e-05,7.43269258348761e-05,2.125582452399437e-07,False,False
non_opioid_ed,13_24,medium,54,item_drug_DRYSOL,drug,3.300756675303903e-05,6.593471344337546e-05,8.042006270259603e-08,False,False
non_opioid_ed,13_24,medium,55,item_drug_SYNTHROID,drug,3.291649602974619e-05,6.576482360900768e-05,6.81684504846966e-08,False,False
non_opioid_ed,13_24,medium,56,item_drug_LEVOFLOXACIN,drug,3.229708558179363e-05,6.444463181733166e-05,1.4953934625560838e-07,False,False
non_opioid_ed,13_24,medium,57,item_drug_ADAPALENE,drug,3.208421038556368e-05,6.407649969324498e-05,9.192107788237785e-08,False,False
non_opioid_ed,13_24,medium,58,item_drug_ETODOLAC,drug,3.073952954304844e-05,6.139651293691363e-05,8.254614918324856e-08,False,False
non_opioid_ed,13_24,medium,59,item_drug_SPIRONOLACTONE,drug,2.8353699896322943e-05,5.66380182927157e-05,6.93814999301912e-08,False,False
non_opioid_ed,13_24,medium,60,item_drug_ATOMOXETINE,drug,2.785678611857797e-05,5.565901983253786e-05,5.45524046180784e-08,False,False
non_opioid_ed,13_24,medium,61,item_drug_DIAZEPAM,drug,1.9832126810730464e-05,3.9588028498326665e-05,7.622512313426448e-08,False,False
non_opioid_ed,13_24,medium,62,item_drug_ACZONE,drug,1.7774076218440413e-05,3.550275617720914e-05,4.539625967168567e-08,False,False
non_opioid_ed,13_24,medium,63,item_drug_FLUOCINONIDE,drug,1.5217322919497123e-05,3.0420372902504035e-05,1.4272936490214582e-08,False,False
non_opioid_ed,13_24,medium,64,item_drug_TACROLIMUS,drug,1.45117846799221e-05,2.900625739436277e-05,1.731196548142687e-08,False,False
non_opioid_ed,13_24,medium,65,item_drug_TRINESSA,drug,1.4352335260174053e-05,2.8659441029382053e-05,4.5229490966049e-08,False,False
non_opioid_ed,13_24,medium,66,item_drug_LAMOTRIGINE,drug,1.400923030588521e-05,2.800348901320944e-05,1.4971598560980952e-08,False,False
non_opioid_ed,13_24,medium,67,item_drug_MENACTRA,drug,1.390696992095808e-05,2.7795548251444637e-05,1.839159047152475e-08,False,False
non_opioid_ed,13_24,medium,68,item_drug_TAZORAC,drug,1.2857112020796624e-05,2.569223081115665e-05,2.1993230436596374e-08,False,False
non_opioid_ed,13_24,medium,69,item_drug_NYSTATIN,drug,1.2737060818511745e-05,2.543935044872136e-05,3.4771188302129725e-08,False,False
non_opioid_ed,13_24,medium,70,item_drug_CICLOPIROX,drug,1.062964069885195e-05,2.1249092080073173e-05,1.018931763072512e-08,False,False
non_opioid_ed,13_24,medium,71,item_drug_ESTRADIOL,drug,9.828174474066728e-06,1.9643678208140863e-05,1.2670739992593912e-08,False,False
non_opioid_ed,13_24,medium,72,item_drug_SRONYX,drug,9.194153434770994e-06,1.837939531758513e-05,8.911551956856468e-09,False,False
non_opioid_ed,13_24,medium,73,item_drug_GABAPENTIN,drug,8.316915713707123e-06,1.662625016425567e-05,7.581263158574864e-09,False,False
non_opioid_ed,13_24,medium,74,item_drug_JUBLIA,drug,6.3342763297364186e-06,1.2664346174599145e-05,4.206484873692712e-09,False,False
non_opioid_ed,13_24,medium,75,item_drug_LORAZEPAM,drug,6.156960683331845e-06,1.2312349127082093e-05,1.5722395815984026e-09,False,False
non_opioid_ed,13_24,medium,76,item_drug_LARISSIA,drug,5.918557724105628e-06,1.1829898219896127e-05,7.2172283151260375e-09,False,False
non_opioid_ed,13_24,medium,77,item_drug_VIVOTIF,drug,5.237163123657396e-06,1.0470404064643217e-05,3.922182671576175e-09,False,False
non_opioid_ed,13_24,medium,78,item_drug_KURVELO,drug,5.169870039708405e-06,1.0335136195989162e-05,4.603883427646402e-09,False,False
non_opioid_ed,13_24,medium,79,item_drug_GIANVI,drug,4.6036438532346646e-06,9.199500590718996e-06,7.787115750333114e-09,False,False
non_opioid_ed,13_24,medium,80,item_drug_SOLODYN,drug,3.855414194052151e-06,7.708662893530447e-06,2.1654945738551638e-09,False,False
non_opioid_ed,13_24,medium,81,item_drug_SYMBICORT,drug,3.521834477975581e-06,7.041131671940368e-06,2.537284010795453e-09,False,False
non_opioid_ed,13_24,medium,82,item_drug_METHOCARBAMOL,drug,3.456419048590007e-06,6.907206413287202e-06,5.631683892811533e-09,False,False
non_opioid_ed,13_24,medium,83,item_drug_CAMRESE,drug,2.7693730248053853e-06,5.537096243125994e-06,1.649806484776556e-09,False,False
non_opioid_ed,13_24,medium,84,item_drug_ACYCLOVIR,drug,1.5797075678486473e-06,3.158929740342007e-06,4.853953552874297e-10,False,False
non_opioid_ed,13_24,medium,85,item_drug_STRATTERA,drug,1.3890842962445064e-06,2.777589880497825e-06,5.787119911876671e-10,False,False
non_opioid_ed,13_24,medium,86,item_drug_DYMISTA,drug,1.38873214714022e-06,2.776885686806048e-06,5.786074743923885e-10,False,False
non_opioid_ed,13_24,medium,87,item_drug_VIENVA,drug,2.784011201589331e-07,5.567711610502468e-07,3.107926761941503e-11,False,False
non_opioid_ed,13_24,medium,88,item_drug_PREVIFEM,drug,1.3153783208794917e-07,2.630620218937715e-07,1.3642282126900219e-11,False,False
non_opioid_ed,13_24,medium,89,item_drug_DESONIDE,drug,1.6635493561106452e-08,3.3270987122212904e-08,0.0,False,False
non_opioid_ed,13_24,medium,90,item_drug_TERCONAZOLE,drug,5.515767731409708e-11,0.0,1.1031535462819415e-10,False,False
non_opioid_ed,13_24,extreme,1,pgx_num_drugs,pgx,0.999999999823534,0.9999999998645964,0.9999999997824714,True,False
non_opioid_ed,13_24,extreme,2,pgx_num_cpic_drugs,pgx,0.0917445724580788,0.1382330115878041,0.0452561333283535,True,False
non_opioid_ed,13_24,extreme,3,item_drug_AMOXICILLIN,drug,0.0327354493479758,0.0578451118610065,0.0076257868349451,True,False
non_opioid_ed,13_24,extreme,4,item_drug_CEPHALEXIN,drug,0.0236536198757113,0.0413308973908416,0.0059763423605811,True,False
non_opioid_ed,13_24,extreme,5,item_drug_METRONIDAZOLE,drug,0.0110137444503215,0.0212107993113585,0.0008166895892845,True,False
non_opioid_ed,13_24,extreme,6,item_drug_FLUCONAZOLE,drug,0.0105358137069115,0.0199062698844806,0.0011653575293423,True,False
non_opioid_ed,13_24,extreme,7,item_drug_IBUPROFEN,drug,0.0058669750373118,0.0111793434128673,0.0005546066617563,True,False
non_opioid_ed,13_24,extreme,8,item_drug_AZITHROMYCIN,drug,0.0038327898418919,0.007393165637199,0.0002724140465849,True,False
non_opioid_ed,13_24,extreme,9,item_drug_NAPROXEN,drug,0.0031062199167585,0.0060905505174719,0.0001218893160452,True,False
non_opioid_ed,13_24,extreme,10,item_drug_PREDNISONE,drug,0.0020882268639534,0.0040605700355734,0.0001158836923334,True,False
non_opioid_ed,13_24,extreme,11,item_drug_MELOXICAM,drug,0.0017966524368955,0.0035606293457677,3.267552802337186e-05,True,False
non_opioid_ed,13_24,extreme,12,item_drug_NUVARING,drug,0.0017201388631886,0.0033305782973488,0.0001096994290284,True,False
non_opioid_ed,13_24,extreme,13,item_drug_OFLOXACIN,drug,0.0014817136461981,0.0028990193014351,6.44079909610833e-05,True,False
non_opioid_ed,13_24,extreme,14,item_drug_LORATADINE,drug,0.0011013476113639,0.0021857474901448,1.694773258308072e-05,True,False
non_opioid_ed,13_24,extreme,15,item_drug_DEXAMETHASONE,drug,0.0009994382957729,0.0019825021940438,1.637439750202779e-05,True,False
non_opioid_ed,13_24,extreme,16,item_drug_OMEPRAZOLE,drug,0.000990599055149,0.001969146261569,1.2051848729040102e-05,True,False
non_opioid_ed,13_24,extreme,17,item_drug_EPIDUO,drug,0.0009496689581664,0.0018752678745295,2.4070041803335927e-05,True,False
non_opioid_ed,13_24,extreme,18,item_drug_LEVOFLOXACIN,drug,0.0009264225510952,0.0018486706470974,4.174455093082122e-06,True,False
non_opioid_ed,13_24,extreme,19,item_drug_ARIPIPRAZOLE,drug,0.0007012955963667,0.0013954575645729,7.133628160608296e-06,True,False
non_opioid_ed,13_24,extreme,20,item_drug_NEXPLANON,drug,0.0006515249279565,0.0012897469297645,1.330292614856108e-05,True,False
non_opioid_ed,13_24,extreme,21,item_drug_ERYTHROMYCIN,drug,0.0006394715059424,0.0012633582316294,1.5584780255556036e-05,False,False
non_opioid_ed,13_24,extreme,22,item_drug_KETOCONAZOLE,drug,0.0006348955302964,0.0012593097116204,1.048134897243514e-05,False,False
non_opioid_ed,13_24,extreme,23,item_drug_OCELLA,drug,0.0005789639859316,0.0011472524468783,1.0675524985056096e-05,False,False
non_opioid_ed,13_24,extreme,24,item_drug_LORYNA,drug,0.000573822896265,0.0011192610070267,2.838478550341909e-05,False,False
non_opioid_ed,13_24,extreme,25,item_drug_CEFDINIR,drug,0.0005492172854952,0.001090684319445,7.750251545479474e-06,False,False
non_opioid_ed,13_24,extreme,26,item_drug_NORETHINDRONE,drug,0.0005246448312981,0.0010400431828165,9.246479779709462e-06,False,False
non_opioid_ed,13_24,extreme,27,item_drug_HYDROCORTISONE,drug,0.0005216762025035,0.0010391195364977,4.232868509309412e-06,False,False
non_opioid_ed,13_24,extreme,28,item_drug_CLONAZEPAM,drug,0.0005104338850506,0.0010185962448059,2.271525295328263e-06,False,False
non_opioid_ed,13_24,extreme,29,item_drug_DIFFERIN,drug,0.0004788811241377,0.0009420729051326,1.5689343142793007e-05,False,False
non_opioid_ed,13_24,extreme,30,item_drug_MISOPROSTOL,drug,0.0004333766408155,0.0008620864431602,4.66683847084078e-06,False,False
non_opioid_ed,13_24,extreme,31,item_drug_LEVETIRACETAM,drug,0.0004196797894398,0.0008360272374591,3.332341420578231e-06,False,False
non_opioid_ed,13_24,extreme,32,item_drug_NYSTATIN,drug,0.0003984623759938,0.0007959067000716,1.0180519160045489e-06,False,False
non_opioid_ed,13_24,extreme,33,item_drug_BENZONATATE,drug,0.0003866902385646,0.000763543948346,9.836528783162609e-06,False,False
non_opioid_ed,13_24,extreme,34,item_drug_ALPRAZOLAM,drug,0.0003737645432733,0.0007430411068441,4.487979702671133e-06,False,False
non_opioid_ed,13_24,extreme,35,item_drug_LISINOPRIL,drug,0.0003696902803846,0.0007366408150124,2.7397457569311274e-06,False,False
non_opioid_ed,13_24,extreme,36,item_drug_MUPIROCIN,drug,0.0002635737534941,0.0005182108030734,8.936703914779274e-06,False,False
non_opioid_ed,13_24,extreme,37,item_drug_RISPERIDONE,drug,0.0001961658944813,0.000391188785546,1.143003416754972e-06,False,False
non_opioid_ed,13_24,extreme,38,item_drug_CLARITHROMYCIN,drug,0.000185420914234,0.0003698271485589,1.0146799091641472e-06,False,False
non_opioid_ed,13_24,extreme,39,item_drug_TRETINOIN,drug,0.0001638340000851,0.00032570455844,1.9634417302800885e-06,False,False
non_opioid_ed,13_24,extreme,40,item_drug_TOPIRAMATE,drug,0.0001598268638599,0.0003192631302311,3.90597488750589e-07,False,False
non_opioid_ed,13_24,extreme,41,item_drug_CONCERTA,drug,0.0001499281105462,0.0002994004004012,4.558206912557641e-07,False,False
non_opioid_ed,13_24,extreme,42,item_drug_TRIAZOLAM,drug,0.0001443922444044,0.0002880018700143,7.826187944644147e-07,False,False
non_opioid_ed,13_24,extreme,43,item_drug_DIAZEPAM,drug,0.0001268280777221,0.0002531870496661,4.691057781902157e-07,False,False
non_opioid_ed,13_24,extreme,44,item_drug_ADAPALENE,drug,0.0001230451409276,0.0002457450773963,3.452044589450061e-07,False,False
non_opioid_ed,13_24,extreme,45,item_drug_MONONESSA,drug,0.0001147615849751,0.0002285660864901,9.570834601011769e-07,False,False
non_opioid_ed,13_24,extreme,46,item_drug_VYVANSE,drug,8.805440896209999e-05,0.0001751531419045,9.556760196624447e-07,False,False
non_opioid_ed,13_24,extreme,47,item_drug_LAMOTRIGINE,drug,7.918122969509861e-05,0.0001582818015181,8.065787201324122e-08,False,False
non_opioid_ed,13_24,extreme,48,item_drug_GABAPENTIN,drug,7.784308079267888e-05,0.0001556208617328,6.529985251796454e-08,False,False
non_opioid_ed,13_24,extreme,49,item_drug_ACZONE,drug,7.291947727072424e-05,0.0001456596409082,1.7931363315399385e-07,False,False
non_opioid_ed,13_24,extreme,50,item_drug_CIPRODEX,drug,7.27202037140669e-05,0.0001451178740929,3.225333352060313e-07,False,False
non_opioid_ed,13_24,extreme,51,item_drug_ETODOLAC,drug,7.248098762803751e-05,0.0001447706945164,1.912807395974206e-07,False,False
non_opioid_ed,13_24,extreme,52,item_drug_EPINEPHRINE,drug,6.38412791166978e-05,0.0001272193935914,4.631646419229799e-07,False,False
non_opioid_ed,13_24,extreme,53,item_drug_ESTARYLLA,drug,6.031988986151717e-05,0.00012005769501,5.820847130146422e-07,False,False
non_opioid_ed,13_24,extreme,54,item_drug_ONEXTON,drug,5.7919604882588623e-05,0.0001152937911033,5.454186618420715e-07,False,False
non_opioid_ed,13_24,extreme,55,item_drug_PERMETHRIN,drug,5.676303423430248e-05,0.0001133075675254,2.1850094314325605e-07,False,False
non_opioid_ed,13_24,extreme,56,item_drug_SPIRONOLACTONE,drug,5.383300932398567e-05,0.0001075363473071,1.296713408462149e-07,False,False
non_opioid_ed,13_24,extreme,57,item_drug_BOOSTRIX,drug,4.6044499751801135e-05,9.18085732833908e-05,2.8042622021146e-07,False,False
non_opioid_ed,13_24,extreme,58,item_drug_ATOMOXETINE,drug,4.1789558476656735e-05,8.349823438962619e-05,8.088256368728167e-08,False,False
non_opioid_ed,13_24,extreme,59,item_drug_AVIANE,drug,4.15350845861554e-05,8.293200156450043e-05,1.3816760781037053e-07,False,False
non_opioid_ed,13_24,extreme,60,item_drug_ORSYTHIA,drug,4.079677309389768e-05,8.136663404753745e-05,2.2691214025790998e-07,False,False
non_opioid_ed,13_24,extreme,61,item_drug_SYNTHROID,drug,3.828824537163928e-05,7.649761193075015e-05,7.887881252839652e-08,False,False
non_opioid_ed,13_24,extreme,62,item_drug_XULANE,drug,3.6134440759009934e-05,7.206299423587015e-05,2.058872821497181e-07,False,False
non_opioid_ed,13_24,extreme,63,item_drug_TAMIFLU,drug,3.226172776461149e-05,6.442924960572192e-05,9.420592350106197e-08,False,False
non_opioid_ed,13_24,extreme,64,item_drug_LORAZEPAM,drug,3.085244531760513e-05,6.16974603452712e-05,7.43028993905638e-09,False,False
non_opioid_ed,13_24,extreme,65,item_drug_ESTRADIOL,drug,2.845374343267815e-05,5.6872781527143504e-05,3.4705338212798645e-08,False,False
non_opioid_ed,13_24,extreme,66,item_drug_VIORELE,drug,2.1352279311868693e-05,4.262692365619312e-05,7.763496754426883e-08,False,False
non_opioid_ed,13_24,extreme,67,item_drug_CICLOPIROX,drug,1.7234000152770637e-05,3.445198056251968e-05,1.6019743021591672e-08,False,False
non_opioid_ed,13_24,extreme,68,item_drug_METHOCARBAMOL,drug,1.618725213031664e-05,3.235233102280165e-05,2.2173237831632736e-08,False,False
non_opioid_ed,13_24,extreme,69,item_drug_MENACTRA,drug,1.4883536885275617e-05,2.974753690040652e-05,1.953687014471266e-08,False,False
non_opioid_ed,13_24,extreme,70,item_drug_DRYSOL,drug,1.2670435893054228e-05,2.530883446097951e-05,3.2037325128940946e-08,False,False
non_opioid_ed,13_24,extreme,71,item_drug_SYMBICORT,drug,1.167081422877519e-05,2.3334283669241028e-05,7.344788309351791e-09,False,False
non_opioid_ed,13_24,extreme,72,item_drug_FLUOCINONIDE,drug,1.165490473031126e-05,2.329875582056056e-05,1.1053640061964528e-08,False,False
non_opioid_ed,13_24,extreme,73,item_drug_TACROLIMUS,drug,1.1549147055673908e-05,2.308438585722648e-05,1.3908254121335648e-08,False,False
non_opioid_ed,13_24,extreme,74,item_drug_JUBLIA,drug,9.61777475681545e-06,1.922942321654208e-05,6.1262970888222754e-09,False,False
non_opioid_ed,13_24,extreme,75,item_drug_TERCONAZOLE,drug,8.1183412324237e-06,1.6234650266812274e-05,2.0321980351252717e-09,False,False
non_opioid_ed,13_24,extreme,76,item_drug_TRINESSA,drug,7.384330390854855e-06,1.4744267973670024e-05,2.4392808039686713e-08,False,False
non_opioid_ed,13_24,extreme,77,item_drug_TAZORAC,drug,7.030078409667708e-06,1.4047591163842416e-05,1.2565655493001064e-08,False,False
non_opioid_ed,13_24,extreme,78,item_drug_VIVOTIF,drug,5.401017296002576e-06,1.0798038269429023e-05,3.996322576128272e-09,False,False
non_opioid_ed,13_24,extreme,79,item_drug_CAMRESE,drug,5.352013923024559e-06,1.0701172947126114e-05,2.8548989230045333e-09,False,False
non_opioid_ed,13_24,extreme,80,item_drug_SRONYX,drug,5.331205460651048e-06,1.0656986176120193e-05,5.424745181903851e-09,False,False
non_opioid_ed,13_24,extreme,81,item_drug_LARISSIA,drug,3.634376384729333e-06,7.264035065631437e-06,4.717703827229149e-09,False,False
non_opioid_ed,13_24,extreme,82,item_drug_SOLODYN,drug,2.686292269184625e-06,5.370995411982054e-06,1.589126387196867e-09,False,False
non_opioid_ed,13_24,extreme,83,item_drug_GIANVI,drug,1.961929510162528e-06,3.919916309761132e-06,3.942710563923606e-09,False,False
non_opioid_ed,13_24,extreme,84,item_drug_STRATTERA,drug,1.9562544910951184e-06,3.911771564580667e-06,7.37417609570536e-10,False,False
non_opioid_ed,13_24,extreme,85,item_drug_KURVELO,drug,1.5991986189913506e-06,3.1965886508555547e-06,1.8085871271465382e-09,False,False
non_opioid_ed,13_24,extreme,86,item_drug_DYMISTA,drug,1.258635447246829e-06,2.5167405281456164e-06,5.303663480416992e-10,False,False
non_opioid_ed,13_24,extreme,87,item_drug_DESONIDE,drug,9.42244285660804e-07,1.884376699237738e-06,1.1187208386983703e-10,False,False
non_opioid_ed,13_24,extreme,88,item_drug_ACYCLOVIR,drug,6.089916765929876e-07,1.2177342101984223e-06,2.4914298755289965e-10,False,False
non_opioid_ed,13_24,extreme,89,item_drug_PREVIFEM,drug,1.10150055317947e-07,2.2028703258764867e-07,1.30780482453704e-11,False,False
non_opioid_ed,13_24,high,1,pgx_num_drugs,pgx,0.999999999816405,0.9999999998503384,0.9999999997824714,True,False
non_opioid_ed,13_24,high,2,pgx_num_cpic_drugs,pgx,0.1169524542137845,0.1762141275101163,0.0576907809174527,True,False
non_opioid_ed,13_24,high,3,item_drug_AMOXICILLIN,drug,0.0293130802918656,0.051797534023438,0.0068286265602933,True,False
non_opioid_ed,13_24,high,4,item_drug_CEPHALEXIN,drug,0.0224017670317567,0.0391434016962634,0.0056601323672499,True,False
non_opioid_ed,13_24,high,5,item_drug_FLUCONAZOLE,drug,0.0056039549053234,0.0105879829081649,0.0006199269024818,True,False
non_opioid_ed,13_24,high,6,item_drug_AZITHROMYCIN,drug,0.0045341796885756,0.0087460847791876,0.0003222745979637,True,False
non_opioid_ed,13_24,high,7,item_drug_METRONIDAZOLE,drug,0.0043385289027513,0.0083552864325328,0.0003217713729698,True,False
non_opioid_ed,13_24,high,8,item_drug_IBUPROFEN,drug,0.0042135728013255,0.0080287841257042,0.0003983614769469,True,False
non_opioid_ed,13_24,high,9,item_drug_NUVARING,drug,0.0022294428068494,0.0043167037390165,0.0001421818746824,True,False
non_opioid_ed,13_24,high,10,item_drug_NAPROXEN,drug,0.0021963996222627,0.0043065899395643,8.620930496108304e-05,True,False
non_opioid_ed,13_24,high,11,item_drug_PREDNISONE,drug,0.0021536853871967,0.0041878396266209,0.0001195311477725,True,False
non_opioid_ed,13_24,high,12,item_drug_OFLOXACIN,drug,0.0014610596806688,0.0028585957525833,6.352360875444598e-05,True,False
non_opioid_ed,13_24,high,13,item_drug_EPIDUO,drug,0.0010446294631295,0.0020627767600269,2.648216623208018e-05,True,False
non_opioid_ed,13_24,high,14,item_drug_LORYNA,drug,0.0010206809016283,0.0019908918136947,5.046998956190191e-05,True,False
non_opioid_ed,13_24,high,15,item_drug_ERYTHROMYCIN,drug,0.0009739092734537,0.0019240870132513,2.3731533656141955e-05,True,False
non_opioid_ed,13_24,high,16,item_drug_MELOXICAM,drug,0.0007941879692659,0.0015739178747775,1.4458063754286372e-05,True,False
non_opioid_ed,13_24,high,17,item_drug_LORATADINE,drug,0.0005860597778054,0.0011630903323691,9.02922324178113e-06,True,False
non_opioid_ed,13_24,high,18,item_drug_DEXAMETHASONE,drug,0.0005834530850112,0.0011573363105455,9.569859476831698e-06,True,False
non_opioid_ed,13_24,high,19,item_drug_DIFFERIN,drug,0.000562933940838,0.0011074200868381,1.8447794837997887e-05,True,False
non_opioid_ed,13_24,high,20,item_drug_OCELLA,drug,0.0005211400636789,0.0010326637595112,9.616367846606135e-06,True,False
non_opioid_ed,13_24,high,21,item_drug_OMEPRAZOLE,drug,0.0004476958577521,0.0008899355519901,5.456163514188239e-06,False,False
non_opioid_ed,13_24,high,22,item_drug_KETOCONAZOLE,drug,0.0004464097071226,0.0008854405795514,7.378834693849726e-06,False,False
non_opioid_ed,13_24,high,23,item_drug_CEFDINIR,drug,0.0004074888141996,0.0008092200329116,5.757595487529272e-06,False,False
non_opioid_ed,13_24,high,24,item_drug_NEXPLANON,drug,0.0004017850486937,0.0007953535104643,8.216586923272642e-06,False,False
non_opioid_ed,13_24,high,25,item_drug_MISOPROSTOL,drug,0.0003787670581266,0.0007534509970011,4.0831192521034345e-06,False,False
non_opioid_ed,13_24,high,26,item_drug_NORETHINDRONE,drug,0.0003603179500811,0.0007142755320825,6.360368079699463e-06,False,False
non_opioid_ed,13_24,high,27,item_drug_HYDROCORTISONE,drug,0.0003571994402831,0.0007114959777064,2.9029028598068684e-06,False,False
non_opioid_ed,13_24,high,28,item_drug_ARIPIPRAZOLE,drug,0.0003564952851115,0.0007093569353176,3.633634905450455e-06,False,False
non_opioid_ed,13_24,high,29,item_drug_MUPIROCIN,drug,0.0003035910686192,0.000596883075094,1.029906214439192e-05,False,False
non_opioid_ed,13_24,high,30,item_drug_BENZONATATE,drug,0.0002683785140676,0.0005299157466274,6.84128150783941e-06,False,False
non_opioid_ed,13_24,high,31,item_drug_ALPRAZOLAM,drug,0.0002489284092538,0.0004948607850603,2.996033447206969e-06,False,False
non_opioid_ed,13_24,high,32,item_drug_CLONAZEPAM,drug,0.0002163252612124,0.0004316843518919,9.66170532951089e-07,False,False
non_opioid_ed,13_24,high,33,item_drug_TRETINOIN,drug,0.000209186904909,0.0004158662020814,2.507607736715491e-06,False,False
non_opioid_ed,13_24,high,34,item_drug_LEVOFLOXACIN,drug,0.000203693639674,0.0004064651190344,9.22160313550594e-07,False,False
non_opioid_ed,13_24,high,35,item_drug_LEVETIRACETAM,drug,0.0001941554572672,0.0003867632609351,1.547653599431801e-06,False,False
non_opioid_ed,13_24,high,36,item_drug_VYVANSE,drug,0.0001861085542696,0.0003702044803106,2.0126282285959405e-06,False,False
non_opioid_ed,13_24,high,37,item_drug_LISINOPRIL,drug,0.0001825663289393,0.0003637742615061,1.3583963726500558e-06,False,False
non_opioid_ed,13_24,high,38,item_drug_ONEXTON,drug,0.0001687206543347,0.0003358651944722,1.576114197263652e-06,False,False
non_opioid_ed,13_24,high,39,item_drug_RISPERIDONE,drug,0.0001671743328541,0.0003333721541575,9.765115507472843e-07,False,False
non_opioid_ed,13_24,high,40,item_drug_TRIAZOLAM,drug,0.0001353677879884,0.0002700000093966,7.355665801810689e-07,False,False
non_opioid_ed,13_24,high,41,item_drug_CLARITHROMYCIN,drug,0.0001252409737796,0.0002497934790396,6.884685196225633e-07,False,False
non_opioid_ed,13_24,high,42,item_drug_MONONESSA,drug,0.0001249441643865,0.0002488445298783,1.043798894690368e-06,False,False
non_opioid_ed,13_24,high,43,item_drug_ADAPALENE,drug,0.0001162773419964,0.0002322275419974,3.271419953705564e-07,False,False
non_opioid_ed,13_24,high,44,item_drug_ESTARYLLA,drug,0.0001108022636616,0.000220539411682,1.0651156413196506e-06,False,False
non_opioid_ed,13_24,high,45,item_drug_ORSYTHIA,drug,9.209842562037445e-05,0.00018368891009,5.079411506504992e-07,False,False
non_opioid_ed,13_24,high,46,item_drug_EPINEPHRINE,drug,9.085116120480592e-05,0.0001810437261604,6.585962491551768e-07,False,False
non_opioid_ed,13_24,high,47,item_drug_CONCERTA,drug,8.99280445133321e-05,0.0001795807945591,2.752944675178429e-07,False,False
non_opioid_ed,13_24,high,48,item_drug_NYSTATIN,drug,8.917153748058085e-05,0.0001781128595903,2.3021537078723906e-07,False,False
non_opioid_ed,13_24,high,49,item_drug_CIPRODEX,drug,8.468317140293822e-05,0.0001689900965774,3.762462283798027e-07,False,False
non_opioid_ed,13_24,high,50,item_drug_TOPIRAMATE,drug,7.947686969167536e-05,0.0001587577942522,1.95945131117703e-07,False,False
non_opioid_ed,13_24,high,51,item_drug_PERMETHRIN,drug,7.832700187171427e-05,0.0001563526289451,3.0137479830518337e-07,False,False
non_opioid_ed,13_24,high,52,item_drug_SPIRONOLACTONE,drug,6.555632650052165e-05,0.0001309545030497,1.58149951246367e-07,False,False
non_opioid_ed,13_24,high,53,item_drug_AVIANE,drug,6.537878046964717e-05,0.0001305407278091,2.1683313010745705e-07,False,False
non_opioid_ed,13_24,high,54,item_drug_BOOSTRIX,drug,5.716588142838859e-05,0.0001139831026222,3.486602344826776e-07,False,False
non_opioid_ed,13_24,high,55,item_drug_ACZONE,drug,5.35148042716526e-05,0.00010689678074,1.3282780324900125e-07,False,False
non_opioid_ed,13_24,high,56,item_drug_SYNTHROID,drug,5.141136386608195e-05,0.0001027168204059,1.0590732621311779e-07,False,False
non_opioid_ed,13_24,high,57,item_drug_DIAZEPAM,drug,4.66182138192008e-05,9.306095802927346e-05,1.754696091281258e-07,False,False
non_opioid_ed,13_24,high,58,item_drug_XULANE,drug,4.643269121194181e-05,9.260056026507778e-05,2.648221588058364e-07,False,False
non_opioid_ed,13_24,high,59,item_drug_VIORELE,drug,4.505988686688541e-05,8.995823535066454e-05,1.61538383106282e-07,False,False
non_opioid_ed,13_24,high,60,item_drug_LAMOTRIGINE,drug,4.4367578947523904e-05,8.868935288899662e-05,4.58050060511872e-08,False,False
non_opioid_ed,13_24,high,61,item_drug_DRYSOL,drug,4.112711832161002e-05,8.215403059770262e-05,1.002060455174156e-07,False,False
non_opioid_ed,13_24,high,62,item_drug_TAMIFLU,drug,3.796046666117001e-05,7.580969771077706e-05,1.1123561156296542e-07,False,False
non_opioid_ed,13_24,high,63,item_drug_ETODOLAC,drug,3.640850700607117e-05,7.271909633305105e-05,9.791767909128384e-08,False,False
non_opioid_ed,13_24,high,64,item_drug_ATOMOXETINE,drug,3.359950425478664e-05,6.713313987356624e-05,6.586863600703684e-08,False,False
non_opioid_ed,13_24,high,65,item_drug_GABAPENTIN,drug,2.5668773911575266e-05,5.13153825256842e-05,2.216529746632477e-08,False,False
non_opioid_ed,13_24,high,66,item_drug_ESTRADIOL,drug,2.3951466962178257e-05,4.787325275845262e-05,2.9681165903899963e-08,False,False
non_opioid_ed,13_24,high,67,item_drug_FLUOCINONIDE,drug,1.9875217007696e-05,3.973183319179044e-05,1.860082360156352e-08,False,False
non_opioid_ed,13_24,high,68,item_drug_MENACTRA,drug,1.5296652345385976e-05,3.057291690776971e-05,2.0387783002241197e-08,False,False
non_opioid_ed,13_24,high,69,item_drug_TACROLIMUS,drug,1.4418730887048288e-05,2.882001764591745e-05,1.7444128179126724e-08,False,False
non_opioid_ed,13_24,high,70,item_drug_TAZORAC,drug,1.4260081498986984e-05,2.8495575072151304e-05,2.4587925822663062e-08,False,False
non_opioid_ed,13_24,high,71,item_drug_TRINESSA,drug,1.3551480797523652e-05,2.705944068664956e-05,4.3520908397749454e-08,False,False
non_opioid_ed,13_24,high,72,item_drug_LORAZEPAM,drug,1.2783946719073867e-05,2.556471801136287e-05,3.175426784865322e-09,False,False
non_opioid_ed,13_24,high,73,item_drug_SRONYX,drug,1.1413769257779594e-05,2.2816469449793055e-05,1.1069065766129216e-08,False,False
non_opioid_ed,13_24,high,74,item_drug_CICLOPIROX,drug,9.114877929135258e-06,1.82207330963154e-05,9.022761955117676e-09,False,False
non_opioid_ed,13_24,high,75,item_drug_SYMBICORT,drug,8.069861684917799e-06,1.6134374166928474e-05,5.349202907125258e-09,False,False
non_opioid_ed,13_24,high,76,item_drug_LARISSIA,drug,7.18797330033563e-06,1.43671503150957e-05,8.796285575558611e-09,False,False
non_opioid_ed,13_24,high,77,item_drug_METHOCARBAMOL,drug,6.323868581487004e-06,1.263808421050602e-05,9.652952467988536e-09,False,False
non_opioid_ed,13_24,high,78,item_drug_SOLODYN,drug,5.448278311256298e-06,1.0893549806059511e-05,3.00681645308517e-09,False,False
non_opioid_ed,13_24,high,79,item_drug_GIANVI,drug,5.007775748866701e-06,1.0006882795731163e-05,8.6687020022373e-09,False,False
non_opioid_ed,13_24,high,80,item_drug_JUBLIA,drug,4.425935326882484e-06,8.848684141682237e-06,3.1865120827298074e-09,False,False
non_opioid_ed,13_24,high,81,item_drug_KURVELO,drug,4.382600834533139e-06,8.76105103082809e-06,4.150638238188269e-09,False,False
non_opioid_ed,13_24,high,82,item_drug_VIVOTIF,drug,4.301733920937628e-06,8.600029873901325e-06,3.43796797393114e-09,False,False
non_opioid_ed,13_24,high,83,item_drug_CAMRESE,drug,3.4559162729298757e-06,6.909771768030809e-06,2.060777828941909e-09,False,False
non_opioid_ed,13_24,high,84,item_drug_STRATTERA,drug,1.8949209987834064e-06,3.7890696743791503e-06,7.723231876623511e-10,False,False
non_opioid_ed,13_24,high,85,item_drug_TERCONAZOLE,drug,1.6439966677052222e-06,3.287463028842139e-06,5.303065683056221e-10,False,False
non_opioid_ed,13_24,high,86,item_drug_DYMISTA,drug,1.4178514961799331e-06,2.835072261900094e-06,6.307304597727422e-10,False,False
non_opioid_ed,13_24,high,87,item_drug_ACYCLOVIR,drug,1.3709610388777315e-06,2.741456602004021e-06,4.6547575144177474e-10,False,False
non_opioid_ed,13_24,high,88,item_drug_VIENVA,drug,1.057540930348775e-06,2.114956299588931e-06,1.255611086189121e-10,False,False
non_opioid_ed,13_24,high,89,item_drug_PREVIFEM,drug,4.970152566112613e-07,9.939715029423249e-07,5.901028019789432e-11,False,False
non_opioid_ed,55_64,low,1,pgx_num_drugs,pgx,0.9999999998391472,0.999999999890703,0.9999999997875916,True,False
non_opioid_ed,55_64,low,2,pgx_num_cpic_drugs,pgx,0.0317175251933738,0.0493525291020409,0.0140825212847068,True,False
non_opioid_ed,55_64,low,3,item_drug_AMOXICILLIN,drug,0.0278504112592066,0.0499417478911594,0.0057590746272539,True,False
non_opioid_ed,55_64,low,4,item_drug_LISINOPRIL,drug,0.0170386623950604,0.0302901249969137,0.0037871997932071,True,False
non_opioid_ed,55_64,low,5,item_drug_CEPHALEXIN,drug,0.0096782279059556,0.0180577642458094,0.0012986915661019,True,False
non_opioid_ed,55_64,low,6,item_drug_AZITHROMYCIN,drug,0.0087548136489425,0.0162702989363758,0.0012393283615092,True,False
non_opioid_ed,55_64,low,7,item_drug_OMEPRAZOLE,drug,0.0029514819269798,0.0056668388436923,0.0002361250102673,True,False
non_opioid_ed,55_64,low,8,item_drug_IBUPROFEN,drug,0.0028820374143754,0.0054305790710272,0.0003334957577236,True,False
non_opioid_ed,55_64,low,9,item_drug_SIMVASTATIN,drug,0.002336571099478,0.0044526615955864,0.0002204806033696,True,False
non_opioid_ed,55_64,low,10,item_drug_MUPIROCIN,drug,0.0020477544326849,0.0039819211467796,0.0001135877185902,True,False
non_opioid_ed,55_64,low,11,item_drug_CARVEDILOL,drug,0.0019019856810412,0.0037112783083903,9.269305369218708e-05,True,False
non_opioid_ed,55_64,low,12,item_drug_PREDNISONE,drug,0.0017979475894336,0.0034523992609333,0.000143495917934,True,False
non_opioid_ed,55_64,low,13,item_drug_MELOXICAM,drug,0.001718477821795,0.0033912932832185,4.5662360371524e-05,True,False
non_opioid_ed,55_64,low,14,item_drug_VIAGRA,drug,0.0013360404885019,0.002644006826977,2.807415002691101e-05,True,False
non_opioid_ed,55_64,low,15,item_drug_HYDROCHLOROTHIAZIDE,drug,0.0010146668117914,0.0019913843549899,3.794926859290064e-05,True,False
non_opioid_ed,55_64,low,16,item_drug_ALLOPURINOL,drug,0.0009360931255339,0.0018555190095666,1.6667241501242596e-05,True,False
non_opioid_ed,55_64,low,17,item_drug_NAPROXEN,drug,0.0008050544716144,0.001585336617298,2.4772325930811155e-05,True,False
non_opioid_ed,55_64,low,18,item_drug_ZOSTAVAX,drug,0.0007866109432489,0.0015625396888617,1.0682197636046933e-05,True,False
non_opioid_ed,55_64,low,19,item_drug_GLIPIZIDE,drug,0.0007381792860744,0.0014365627120317,3.97958601171209e-05,True,False
non_opioid_ed,55_64,low,20,item_drug_BENZONATATE,drug,0.0006187204710028,0.0012178298369529,1.9611105052824545e-05,True,False
non_opioid_ed,55_64,low,21,item_drug_ERYTHROMYCIN,drug,0.0004426486047406,0.0008821913541716,3.10585530957633e-06,False,False
non_opioid_ed,55_64,low,22,item_drug_METHOCARBAMOL,drug,0.0003533150625194,0.0006960022807661,1.062784427268706e-05,False,False
non_opioid_ed,55_64,low,23,item_drug_FUROSEMIDE,drug,0.0002555622069145,0.0005083538049875,2.770608841548195e-06,False,False
non_opioid_ed,55_64,low,24,item_drug_METRONIDAZOLE,drug,0.0002438416811099,0.0004851148281685,2.568534051335577e-06,False,False
non_opioid_ed,55_64,low,25,item_drug_ESTRADIOL,drug,0.0001917466696569,0.0003828618626504,6.314766634123166e-07,False,False
non_opioid_ed,55_64,low,26,item_drug_LOVASTATIN,drug,0.0001786121043854,0.0003567616828693,4.625259014048429e-07,False,False
non_opioid_ed,55_64,low,27,item_drug_LORAZEPAM,drug,0.0001694309708996,0.0003377995068429,1.0624349562208236e-06,False,False
non_opioid_ed,55_64,low,28,item_drug_DIAZEPAM,drug,0.0001496989580701,0.0002981656823702,1.2322337700803228e-06,False,False
non_opioid_ed,55_64,low,29,item_drug_LEVOFLOXACIN,drug,0.0001436419312435,0.000282598099987,4.685762500019635e-06,False,False
non_opioid_ed,55_64,low,30,item_drug_ATENOLOL,drug,0.0001148277093141,0.0002292393463134,4.160723149490778e-07,False,False
non_opioid_ed,55_64,low,31,item_drug_PREMARIN,drug,0.0001070989278304,0.0002139782534237,2.1960223706585146e-07,False,False
non_opioid_ed,55_64,low,32,item_drug_CLOPIDOGREL,drug,0.0001064462284977,0.0002124896366943,4.028203011025989e-07,False,False
non_opioid_ed,55_64,low,33,item_drug_CLONAZEPAM,drug,9.726942454024316e-05,0.0001943007603731,2.380887073516141e-07,False,False
non_opioid_ed,55_64,low,34,item_drug_FINASTERIDE,drug,9.55066370027723e-05,0.0001908397887446,1.7348526086364537e-07,False,False
non_opioid_ed,55_64,low,35,item_drug_SHINGRIX,drug,9.252664190381964e-05,0.0001849436669971,1.0961681050809257e-07,False,False
non_opioid_ed,55_64,low,36,item_drug_CRESTOR,drug,7.227279052635072e-05,0.0001444768680503,6.871300231533907e-08,False,False
non_opioid_ed,55_64,low,37,item_drug_ACYCLOVIR,drug,6.520356843939135e-05,0.0001303502279995,5.6908879270159353e-08,False,False
non_opioid_ed,55_64,low,38,item_drug_GABAPENTIN,drug,5.9771683100233945e-05,0.0001190966358794,4.467303210507132e-07,False,False
non_opioid_ed,55_64,low,39,item_drug_RISPERIDONE,drug,5.212416487774478e-05,0.0001041234234112,1.249063442361394e-07,False,False
non_opioid_ed,55_64,low,40,item_drug_YUVAFEM,drug,5.170030337008906e-05,0.0001031033857978,2.972209423121333e-07,False,False
non_opioid_ed,55_64,low,41,item_drug_GLIMEPIRIDE,drug,4.317453362206608e-05,8.612726279392754e-05,2.2180445020462562e-07,False,False
non_opioid_ed,55_64,low,42,item_drug_CHLORTHALIDONE,drug,4.027053748887744e-05,8.049255480739183e-05,4.852017036304709e-08,False,False
non_opioid_ed,55_64,low,43,item_drug_MOVIPREP,drug,3.758894534697157e-05,7.512946726970395e-05,4.842342423919205e-08,False,False
non_opioid_ed,55_64,low,44,item_drug_FLUCONAZOLE,drug,2.261895972710046e-05,4.515206048875734e-05,8.585896544358617e-08,False,False
non_opioid_ed,55_64,low,45,item_drug_VALSARTAN,drug,1.8856572265659024e-05,3.760927224894983e-05,1.0387228236821697e-07,False,False
non_opioid_ed,55_64,low,46,item_drug_OFLOXACIN,drug,1.5402174064784954e-05,3.075610183024704e-05,4.8246299322871496e-08,False,False
non_opioid_ed,55_64,low,47,item_drug_FENOFIBRATE,drug,1.1494216867275943e-05,2.2985634148683094e-05,2.7995858687945607e-09,False,False
non_opioid_ed,55_64,low,48,item_drug_CIALIS,drug,1.0532739277672594e-05,2.1063835771377047e-05,1.6427839681405574e-09,False,False
non_opioid_ed,55_64,low,49,item_drug_ALPRAZOLAM,drug,9.93304183664514e-06,1.982741924325842e-05,3.8664430031856e-08,False,False
non_opioid_ed,55_64,low,50,item_drug_KETOCONAZOLE,drug,6.762635848905936e-06,1.3514016605821852e-05,1.1255091990021406e-08,False,False
non_opioid_ed,55_64,low,51,item_drug_CELECOXIB,drug,6.460244411141297e-06,1.291149887202486e-05,8.989950257732497e-09,False,False
non_opioid_ed,55_64,medium,1,pgx_num_drugs,pgx,0.999999999818946,0.9999999998503004,0.9999999997875916,True,False
non_opioid_ed,55_64,medium,2,item_drug_AMOXICILLIN,drug,0.0365672201206557,0.0655723962898277,0.0075620439514836,True,False
non_opioid_ed,55_64,medium,3,pgx_num_cpic_drugs,pgx,0.0336334849403078,0.0523326121217778,0.0149343577588378,True,False
non_opioid_ed,55_64,medium,4,item_drug_LISINOPRIL,drug,0.0313766226239954,0.0557788040329132,0.0069744412150777,True,False
non_opioid_ed,55_64,medium,5,item_drug_CEPHALEXIN,drug,0.0193642707897071,0.0361299339070609,0.0025986076723533,True,False
non_opioid_ed,55_64,medium,6,item_drug_AZITHROMYCIN,drug,0.0187598091313262,0.0348638286508332,0.0026557896118192,True,False
non_opioid_ed,55_64,medium,7,item_drug_IBUPROFEN,drug,0.0068581923491006,0.0129226899326702,0.000793694765531,True,False
non_opioid_ed,55_64,medium,8,item_drug_OMEPRAZOLE,drug,0.0058919224168787,0.011312367283313,0.0004714775504445,True,False
non_opioid_ed,55_64,medium,9,item_drug_MUPIROCIN,drug,0.0056700211347016,0.0110255133045023,0.0003145289649009,True,False
non_opioid_ed,55_64,medium,10,item_drug_SIMVASTATIN,drug,0.0052930560301585,0.0100865601205819,0.000499551939735,True,False
non_opioid_ed,55_64,medium,11,item_drug_PREDNISONE,drug,0.0048716897718488,0.0093545348184585,0.0003888447252391,True,False
non_opioid_ed,55_64,medium,12,item_drug_CARVEDILOL,drug,0.0035573319121933,0.0069412209567422,0.0001734428676444,True,False
non_opioid_ed,55_64,medium,13,item_drug_GLIPIZIDE,drug,0.0029299724540806,0.0057020623685005,0.0001578825396608,True,False
non_opioid_ed,55_64,medium,14,item_drug_NAPROXEN,drug,0.0025200331425756,0.0049625285012179,7.753778393339967e-05,True,False
non_opioid_ed,55_64,medium,15,item_drug_MELOXICAM,drug,0.0024811205172267,0.0048962563675539,6.598466689955856e-05,True,False
non_opioid_ed,55_64,medium,16,item_drug_HYDROCHLOROTHIAZIDE,drug,0.0022705314627241,0.0044561037589853,8.495916646288614e-05,True,False
non_opioid_ed,55_64,medium,17,item_drug_VIAGRA,drug,0.0021256500840016,0.0042065926563257,4.470751167756548e-05,True,False
non_opioid_ed,55_64,medium,18,item_drug_METHOCARBAMOL,drug,0.0014113616601695,0.0027803113879145,4.241193242454189e-05,True,False
non_opioid_ed,55_64,medium,19,item_drug_BENZONATATE,drug,0.0013411281950344,0.0026397108406036,4.2545549465145285e-05,True,False
non_opioid_ed,55_64,medium,20,item_drug_ALLOPURINOL,drug,0.0013102071533603,0.0025970460985269,2.33682081938242e-05,True,False
non_opioid_ed,55_64,medium,21,item_drug_ZOSTAVAX,drug,0.0011664337338425,0.0023169985544184,1.5868913266601447e-05,False,False
non_opioid_ed,55_64,medium,22,item_drug_LEVOFLOXACIN,drug,0.0008003977300554,0.0015748030474958,2.5992412614995967e-05,False,False
non_opioid_ed,55_64,medium,23,item_drug_FUROSEMIDE,drug,0.0005860209690605,0.0011656781543593,6.3637837616771e-06,False,False
non_opioid_ed,55_64,medium,24,item_drug_ERYTHROMYCIN,drug,0.0005778660501224,0.0011516610922685,4.071007976368086e-06,False,False
non_opioid_ed,55_64,medium,25,item_drug_METRONIDAZOLE,drug,0.0004703449922232,0.0009357199295692,4.970054877293216e-06,False,False
non_opioid_ed,55_64,medium,26,item_drug_DIAZEPAM,drug,0.0004605848359099,0.0009173793164207,3.790355399129881e-06,False,False
non_opioid_ed,55_64,medium,27,item_drug_LORAZEPAM,drug,0.0003447737061451,0.0006873771976436,2.170214646515316e-06,False,False
non_opioid_ed,55_64,medium,28,item_drug_LOVASTATIN,drug,0.0002731728343971,0.0005456332466373,7.124221569422033e-07,False,False
non_opioid_ed,55_64,medium,29,item_drug_ATENOLOL,drug,0.0002196751907033,0.0004385491318232,8.012495833525628e-07,False,False
non_opioid_ed,55_64,medium,30,item_drug_ESTRADIOL,drug,0.0002144493215094,0.0004281841007892,7.145422297630398e-07,False,False
non_opioid_ed,55_64,medium,31,item_drug_CLOPIDOGREL,drug,0.0001941056248102,0.0003874707411078,7.405085125235077e-07,False,False
non_opioid_ed,55_64,medium,32,item_drug_YUVAFEM,drug,0.0001920629359358,0.0003830272532639,1.098618607816902e-06,False,False
non_opioid_ed,55_64,medium,33,item_drug_CLONAZEPAM,drug,0.000188010322666,0.0003755570370092,4.6360832277968203e-07,False,False
non_opioid_ed,55_64,medium,34,item_drug_PREMARIN,drug,0.0001846441370475,0.0003689062912924,3.819828026052367e-07,False,False
non_opioid_ed,55_64,medium,35,item_drug_SHINGRIX,drug,0.0001612039395382,0.0003222150959159,1.9278316054787453e-07,False,False
non_opioid_ed,55_64,medium,36,item_drug_GLIMEPIRIDE,drug,0.0001589412390971,0.0003170706092985,8.118688957398422e-07,False,False
non_opioid_ed,55_64,medium,37,item_drug_GABAPENTIN,drug,0.0001549236822797,0.0003086853577495,1.162006809896421e-06,False,False
non_opioid_ed,55_64,medium,38,item_drug_RISPERIDONE,drug,0.0001268020408225,0.000253298474534,3.0560711112206644e-07,False,False
non_opioid_ed,55_64,medium,39,item_drug_CRESTOR,drug,0.0001212727347458,0.0002424287109829,1.1675850884756795e-07,False,False
non_opioid_ed,55_64,medium,40,item_drug_VALSARTAN,drug,0.0001107356997518,0.0002208816984145,5.897010892315982e-07,False,False
non_opioid_ed,55_64,medium,41,item_drug_FINASTERIDE,drug,0.000102948376998,0.0002057052957242,1.9145827186266197e-07,False,False
non_opioid_ed,55_64,medium,42,item_drug_ACYCLOVIR,drug,9.958606390037104e-05,0.0001990837471088,8.83806918680699e-08,False,False
non_opioid_ed,55_64,medium,43,item_drug_FLUCONAZOLE,drug,8.070997690064336e-05,0.0001611163566568,3.035971444226027e-07,False,False
non_opioid_ed,55_64,medium,44,item_drug_CHLORTHALIDONE,drug,6.820371331086496e-05,0.0001363233765792,8.405004244393028e-08,False,False
non_opioid_ed,55_64,medium,45,item_drug_OFLOXACIN,drug,4.449861505535185e-05,8.885741883086342e-05,1.3981127984028685e-07,False,False
non_opioid_ed,55_64,medium,46,item_drug_MOVIPREP,drug,3.860928064950598e-05,7.71657734560606e-05,5.278784295135339e-08,False,False
non_opioid_ed,55_64,medium,47,item_drug_ALPRAZOLAM,drug,3.423568755901027e-05,6.834019076580593e-05,1.3118435221461065e-07,False,False
non_opioid_ed,55_64,medium,48,item_drug_CELECOXIB,drug,2.6446718344098856e-05,5.285820769113798e-05,3.522899705973464e-08,False,False
non_opioid_ed,55_64,medium,49,item_drug_FENOFIBRATE,drug,2.232832216921681e-05,4.465108921173047e-05,5.555126703163337e-09,False,False
non_opioid_ed,55_64,medium,50,item_drug_KETOCONAZOLE,drug,1.9733694767679283e-05,3.943440443580736e-05,3.2985099551204244e-08,False,False
non_opioid_ed,55_64,medium,51,item_drug_CIALIS,drug,1.3070215916450308e-05,2.6138393292030327e-05,2.038540870288505e-09,False,False
non_opioid_ed,55_64,extreme,1,pgx_num_drugs,pgx,0.99999999983026,0.9999999998729284,0.9999999997875916,True,False
non_opioid_ed,55_64,extreme,2,pgx_num_cpic_drugs,pgx,0.0653410749355411,0.1016694312297588,0.0290127186413234,True,False
non_opioid_ed,55_64,extreme,3,item_drug_LISINOPRIL,drug,0.0297005224594793,0.0527986221773636,0.006602422741595,True,False
non_opioid_ed,55_64,extreme,4,item_drug_CEPHALEXIN,drug,0.0249445956893076,0.0465415887457865,0.0033476026328287,True,False
non_opioid_ed,55_64,extreme,5,item_drug_AMOXICILLIN,drug,0.0228258294002104,0.0409305145991181,0.0047211442013027,True,False
non_opioid_ed,55_64,extreme,6,item_drug_IBUPROFEN,drug,0.0186885675165681,0.0352149014715649,0.0021622335615713,True,False
non_opioid_ed,55_64,extreme,7,item_drug_AZITHROMYCIN,drug,0.0175018237372873,0.0325255849056237,0.0024780625689509,True,False
non_opioid_ed,55_64,extreme,8,item_drug_OMEPRAZOLE,drug,0.0120380730671699,0.0231130172226971,0.0009631289116426,True,False
non_opioid_ed,55_64,extreme,9,item_drug_GLIPIZIDE,drug,0.0119486770590619,0.0232540740828648,0.0006432800352591,True,False
non_opioid_ed,55_64,extreme,10,item_drug_CARVEDILOL,drug,0.0078457619377299,0.0153091282859339,0.0003823955895259,True,False
non_opioid_ed,55_64,extreme,11,item_drug_PREDNISONE,drug,0.0072474535069543,0.0139164150383252,0.0005784919755833,True,False
non_opioid_ed,55_64,extreme,12,item_drug_MUPIROCIN,drug,0.0070593033152411,0.0137269398044343,0.0003916668260479,True,False
non_opioid_ed,55_64,extreme,13,item_drug_METHOCARBAMOL,drug,0.0050076948897249,0.0098651599296165,0.0001502298498332,True,False
non_opioid_ed,55_64,extreme,14,item_drug_SIMVASTATIN,drug,0.0038097756020769,0.0072596563743049,0.0003598948298489,True,False
non_opioid_ed,55_64,extreme,15,item_drug_LEVOFLOXACIN,drug,0.0032181321815602,0.0063320949820518,0.0001041693810687,True,False
non_opioid_ed,55_64,extreme,16,item_drug_FUROSEMIDE,drug,0.0027722026523206,0.0055144446891553,2.99606154860183e-05,True,False
non_opioid_ed,55_64,extreme,17,item_drug_HYDROCHLOROTHIAZIDE,drug,0.0021754595614392,0.0042694232485504,8.149587432802737e-05,True,False
non_opioid_ed,55_64,extreme,18,item_drug_BENZONATATE,drug,0.0021694075076689,0.0042700019841945,6.881303114342345e-05,True,False
non_opioid_ed,55_64,extreme,19,item_drug_MELOXICAM,drug,0.0016903135951925,0.0033355758744311,4.505131595394592e-05,True,False
non_opioid_ed,55_64,extreme,20,item_drug_NAPROXEN,drug,0.001379047348558,0.0027155325488798,4.256214823628504e-05,True,False
non_opioid_ed,55_64,extreme,21,item_drug_LORAZEPAM,drug,0.0012305999772099,0.0024535057680779,7.694186341906443e-06,False,False
non_opioid_ed,55_64,extreme,22,item_drug_ALLOPURINOL,drug,0.001132572853779,0.0022448939931633,2.0251714394715608e-05,False,False
non_opioid_ed,55_64,extreme,23,item_drug_DIAZEPAM,drug,0.0009749935006247,0.0019419824764786,8.004524770920906e-06,False,False
non_opioid_ed,55_64,extreme,24,item_drug_GABAPENTIN,drug,0.0008860394862164,0.0017655598069456,6.519165487167951e-06,False,False
non_opioid_ed,55_64,extreme,25,item_drug_VIAGRA,drug,0.0008805266528497,0.0017424326845939,1.8620621105522263e-05,False,False
non_opioid_ed,55_64,extreme,26,item_drug_GLIMEPIRIDE,drug,0.0008729773452909,0.0017415762942128,4.378396369023379e-06,False,False
non_opioid_ed,55_64,extreme,27,item_drug_FLUCONAZOLE,drug,0.000789941778033,0.0015770320281206,2.851527945528413e-06,False,False
non_opioid_ed,55_64,extreme,28,item_drug_ZOSTAVAX,drug,0.0006731245065054,0.0013370356789764,9.213334034433138e-06,False,False
non_opioid_ed,55_64,extreme,29,item_drug_CLOPIDOGREL,drug,0.0006167939684176,0.0012312595869282,2.3283499070315885e-06,False,False
non_opioid_ed,55_64,extreme,30,item_drug_METRONIDAZOLE,drug,0.0004635663756129,0.0009222093364223,4.9234148036003615e-06,False,False
non_opioid_ed,55_64,extreme,31,item_drug_ERYTHROMYCIN,drug,0.0004277392658641,0.0008524414527319,3.0370789963837933e-06,False,False
non_opioid_ed,55_64,extreme,32,item_drug_VALSARTAN,drug,0.0004136864740404,0.0008252161009452,2.156847135557623e-06,False,False
non_opioid_ed,55_64,extreme,33,item_drug_CLONAZEPAM,drug,0.0003629626271183,0.0007250338415038,8.914127328783551e-07,False,False
non_opioid_ed,55_64,extreme,34,item_drug_RISPERIDONE,drug,0.0003356914720344,0.0006705840179289,7.989261399167928e-07,False,False
non_opioid_ed,55_64,extreme,35,item_drug_YUVAFEM,drug,0.00019865141082,0.0003961544531293,1.1483685107994915e-06,False,False
non_opioid_ed,55_64,extreme,36,item_drug_OFLOXACIN,drug,0.0001867246083572,0.0003728931461604,5.56070553942181e-07,False,False
non_opioid_ed,55_64,extreme,37,item_drug_LOVASTATIN,drug,0.000174479022014,0.0003484935989077,4.644451202812819e-07,False,False
non_opioid_ed,55_64,extreme,38,item_drug_ATENOLOL,drug,0.0001710949788022,0.0003415545897897,6.353678146557874e-07,False,False
non_opioid_ed,55_64,extreme,39,item_drug_PREMARIN,drug,0.0001685848439243,0.0003368158199799,3.538678688391264e-07,False,False
non_opioid_ed,55_64,extreme,40,item_drug_ACYCLOVIR,drug,0.0001539781591062,0.0003078196378668,1.366803455919587e-07,False,False
non_opioid_ed,55_64,extreme,41,item_drug_SHINGRIX,drug,0.0001154794442854,0.000230817171729,1.417168418080741e-07,False,False
non_opioid_ed,55_64,extreme,42,item_drug_CRESTOR,drug,0.0001099606424411,0.0002198132669168,1.080179654581513e-07,False,False
non_opioid_ed,55_64,extreme,43,item_drug_CELECOXIB,drug,9.835912977931896e-05,0.0001965965591884,1.2170037019249764e-07,False,False
non_opioid_ed,55_64,extreme,44,item_drug_KETOCONAZOLE,drug,7.831717925141122e-05,0.0001565162444579,1.1811404483410305e-07,False,False
non_opioid_ed,55_64,extreme,45,item_drug_ALPRAZOLAM,drug,7.391681425191629e-05,0.0001475587840227,2.748444811110536e-07,False,False
non_opioid_ed,55_64,extreme,46,item_drug_ESTRADIOL,drug,5.584288578595505e-05,0.0001114825521508,2.0321942109717594e-07,False,False
non_opioid_ed,55_64,extreme,47,item_drug_FINASTERIDE,drug,4.870184486145764e-05,9.73055847285976e-05,9.810499431768897e-08,False,False
non_opioid_ed,55_64,extreme,48,item_drug_CHLORTHALIDONE,drug,2.4826699215493443e-05,4.961766960113497e-05,3.572882985191108e-08,False,False
non_opioid_ed,55_64,extreme,49,item_drug_MOVIPREP,drug,1.4447811602437004e-05,2.8870388301746517e-05,2.523490312749603e-08,False,False
non_opioid_ed,55_64,extreme,50,item_drug_CEFDINIR,drug,8.798309225658017e-06,1.759524619944804e-05,1.3722518679934283e-09,False,False
non_opioid_ed,55_64,extreme,51,item_drug_FENOFIBRATE,drug,8.016092359887085e-06,1.6029793611357652e-05,2.391108416517642e-09,False,False
non_opioid_ed,55_64,high,1,pgx_num_drugs,pgx,0.9999999998172188,0.999999999846846,0.9999999997875916,True,False
non_opioid_ed,55_64,high,2,pgx_num_cpic_drugs,pgx,0.0451466185123312,0.070244965290919,0.0200482717337434,True,False
non_opioid_ed,55_64,high,3,item_drug_LISINOPRIL,drug,0.0363093827893592,0.0645468258615681,0.0080719397171503,True,False
non_opioid_ed,55_64,high,4,item_drug_AMOXICILLIN,drug,0.0316637954832258,0.0567783373483723,0.0065492536180793,True,False
non_opioid_ed,55_64,high,5,item_drug_CEPHALEXIN,drug,0.0258025789570545,0.0481420164124571,0.0034631415016519,True,False
non_opioid_ed,55_64,high,6,item_drug_AZITHROMYCIN,drug,0.0213939552831851,0.0397585195279793,0.0030293910383909,True,False
non_opioid_ed,55_64,high,7,item_drug_IBUPROFEN,drug,0.0141588397900487,0.0266789660916724,0.001638713488425,True,False
non_opioid_ed,55_64,high,8,item_drug_OMEPRAZOLE,drug,0.0088912395014591,0.0170707180730305,0.0007117609298876,True,False
non_opioid_ed,55_64,high,9,item_drug_GLIPIZIDE,drug,0.0083877494431383,0.0163236459346723,0.0004518529516042,True,False
non_opioid_ed,55_64,high,10,item_drug_PREDNISONE,drug,0.0073340239820339,0.0140823897171244,0.0005856582469434,True,False
non_opioid_ed,55_64,high,11,item_drug_MUPIROCIN,drug,0.0066388598037071,0.0129091756858278,0.0003685439215865,True,False
non_opioid_ed,55_64,high,12,item_drug_SIMVASTATIN,drug,0.0066384222115428,0.0126498896783628,0.0006269547447228,True,False
non_opioid_ed,55_64,high,13,item_drug_CARVEDILOL,drug,0.0047228623959754,0.009215247899785,0.0002304768921658,True,False
non_opioid_ed,55_64,high,14,item_drug_METHOCARBAMOL,drug,0.0038179817308852,0.0075212789781957,0.0001146844835748,True,False
non_opioid_ed,55_64,high,15,item_drug_HYDROCHLOROTHIAZIDE,drug,0.0030848992441436,0.0060542128697056,0.0001155856185816,True,False
non_opioid_ed,55_64,high,16,item_drug_NAPROXEN,drug,0.0028095349225018,0.0055324659604753,8.66038845284297e-05,True,False
non_opioid_ed,55_64,high,17,item_drug_MELOXICAM,drug,0.0026071777653818,0.0051448742319372,6.94812988264754e-05,True,False
non_opioid_ed,55_64,high,18,item_drug_BENZONATATE,drug,0.0021114230221868,0.0041557618717391,6.708417263445966e-05,True,False
non_opioid_ed,55_64,high,19,item_drug_LEVOFLOXACIN,drug,0.0018972601303,0.0037329124442908,6.160781630914678e-05,True,False
non_opioid_ed,55_64,high,20,item_drug_VIAGRA,drug,0.0016360285942703,0.0032375086428914,3.454854564919264e-05,True,False
non_opioid_ed,55_64,high,21,item_drug_ZOSTAVAX,drug,0.001520933015568,0.0030211153441012,2.075068703482381e-05,False,False
non_opioid_ed,55_64,high,22,item_drug_FUROSEMIDE,drug,0.0011205881258472,0.0022289881350189,1.2188116675637428e-05,False,False
non_opioid_ed,55_64,high,23,item_drug_ALLOPURINOL,drug,0.0010570613362464,0.002095154591888,1.896808060497456e-05,False,False
non_opioid_ed,55_64,high,24,item_drug_DIAZEPAM,drug,0.0007243801045249,0.0014427728523546,5.987356695282593e-06,False,False
non_opioid_ed,55_64,high,25,item_drug_LORAZEPAM,drug,0.0005819567088498,0.0011602333953067,3.6800223929352953e-06,False,False
non_opioid_ed,55_64,high,26,item_drug_ERYTHROMYCIN,drug,0.0005612127613563,0.0011184320062698,3.993516442796802e-06,False,False
non_opioid_ed,55_64,high,27,item_drug_GLIMEPIRIDE,drug,0.0005330707526686,0.0010634393631918,2.702142145508451e-06,False,False
non_opioid_ed,55_64,high,28,item_drug_METRONIDAZOLE,drug,0.0004275870379324,0.0008505930051512,4.581070713548716e-06,False,False
non_opioid_ed,55_64,high,29,item_drug_GABAPENTIN,drug,0.0003999147413486,0.0007968372138763,2.9922688210515686e-06,False,False
non_opioid_ed,55_64,high,30,item_drug_CLOPIDOGREL,drug,0.0003412061927811,0.0006811018059634,1.3105795988781183e-06,False,False
non_opioid_ed,55_64,high,31,item_drug_LOVASTATIN,drug,0.0003280254014555,0.0006551836170787,8.671858323898559e-07,False,False
non_opioid_ed,55_64,high,32,item_drug_VALSARTAN,drug,0.0003089065587003,0.0006161775801391,1.6355372615461798e-06,False,False
non_opioid_ed,55_64,high,33,item_drug_FLUCONAZOLE,drug,0.0003045884422191,0.0006080520105743,1.1248738639532998e-06,False,False
non_opioid_ed,55_64,high,34,item_drug_YUVAFEM,drug,0.000294353765936,0.0005870050734446,1.7024584273783504e-06,False,False
non_opioid_ed,55_64,high,35,item_drug_CLONAZEPAM,drug,0.0002395905739535,0.000478580097581,6.010503260739733e-07,False,False
non_opioid_ed,55_64,high,36,item_drug_ATENOLOL,drug,0.0002384541119637,0.0004760201829719,8.880409555814769e-07,False,False
non_opioid_ed,55_64,high,37,item_drug_PREMARIN,drug,0.0001874266202447,0.0003744549528753,3.9828761416414633e-07,False,False
non_opioid_ed,55_64,high,38,item_drug_SHINGRIX,drug,0.0001651077312088,0.0003300123337469,2.0312867072788666e-07,False,False
non_opioid_ed,55_64,high,39,item_drug_RISPERIDONE,drug,0.0001485722172743,0.0002967755055202,3.689290283669766e-07,False,False
non_opioid_ed,55_64,high,40,item_drug_ESTRADIOL,drug,0.0001484426532656,0.0002963688505055,5.164560257713096e-07,False,False
non_opioid_ed,55_64,high,41,item_drug_CRESTOR,drug,0.0001218897803384,0.0002436577768788,1.2178379806260654e-07,False,False
non_opioid_ed,55_64,high,42,item_drug_ACYCLOVIR,drug,0.0001103456719118,0.000220589732979,1.0161084470600226e-07,False,False
non_opioid_ed,55_64,high,43,item_drug_OFLOXACIN,drug,9.96443793220051e-05,0.0001989744913784,3.142672655408576e-07,False,False
non_opioid_ed,55_64,high,44,item_drug_FINASTERIDE,drug,7.855677614679848e-05,0.000156956469817,1.570824765911054e-07,False,False
non_opioid_ed,55_64,high,45,item_drug_CELECOXIB,drug,7.077464254352386e-05,0.0001414564466196,9.283846741124133e-08,False,False
non_opioid_ed,55_64,high,46,item_drug_ALPRAZOLAM,drug,5.7534263888965545e-05,0.0001148388677486,2.296600293028295e-07,False,False
non_opioid_ed,55_64,high,47,item_drug_KETOCONAZOLE,drug,5.097962770322834e-05,0.0001018753207215,8.393468489200634e-08,False,False
non_opioid_ed,55_64,high,48,item_drug_MOVIPREP,drug,4.24315206521154e-05,8.47992593197825e-05,6.378198444831154e-08,False,False
non_opioid_ed,55_64,high,49,item_drug_CHLORTHALIDONE,drug,4.105693862856694e-05,8.205578345517628e-05,5.8093801957603255e-08,False,False
non_opioid_ed,55_64,high,50,item_drug_FENOFIBRATE,drug,2.889386638612813e-05,5.778019666242073e-05,7.536109835520092e-09,False,False
non_opioid_ed,55_64,high,51,item_drug_CIALIS,drug,7.114575280327972e-06,1.4228040924285707e-05,1.1096363702344444e-09,False,False
non_opioid_ed,85_114,low,1,pgx_num_drugs,pgx,0.9999999997728414,0.9999999998422616,0.999999999703421,True,False
non_opioid_ed,85_114,low,2,pgx_num_cpic_drugs,pgx,0.3339982940641068,0.4902278400628738,0.1777687480653397,True,False
non_opioid_ed,85_114,low,3,item_drug_FUROSEMIDE,drug,0.1765527480946579,0.3120372230569919,0.0410682731323238,True,False
non_opioid_ed,85_114,low,4,item_drug_CEPHALEXIN,drug,0.1746064184222304,0.2863193977970529,0.062893439047408,True,False
non_opioid_ed,85_114,low,5,item_drug_MIRTAZAPINE,drug,0.1160044662732225,0.1930848292235067,0.0389241033229383,True,False
non_opioid_ed,85_114,low,6,item_drug_LORAZEPAM,drug,0.0643670706486696,0.115062521251292,0.0136716200460471,True,False
non_opioid_ed,85_114,low,7,item_drug_LISINOPRIL,drug,0.05621722720806,0.1023831229137521,0.0100513315023679,True,False
non_opioid_ed,85_114,low,8,item_drug_AZITHROMYCIN,drug,0.0470606596078017,0.0831446340971922,0.0109766851184111,True,False
non_opioid_ed,85_114,low,9,item_drug_LATANOPROST,drug,0.0457898584753488,0.0851440190910988,0.0064356978595989,True,False
non_opioid_ed,85_114,low,10,item_drug_PREDNISONE,drug,0.0438996493138122,0.0810658171582889,0.0067334814693355,True,False
non_opioid_ed,85_114,low,11,item_drug_ALPRAZOLAM,drug,0.0405955897099397,0.0747169347460392,0.0064742446738402,True,False
non_opioid_ed,85_114,low,12,item_drug_NYSTATIN,drug,0.0384872447808503,0.0717933984915993,0.0051810910701012,True,False
non_opioid_ed,85_114,low,13,item_drug_CARVEDILOL,drug,0.0271081325205042,0.0516352786638872,0.0025809863771211,True,False
non_opioid_ed,85_114,low,14,item_drug_GABAPENTIN,drug,0.0233963852794024,0.0446279917332675,0.0021647788255374,True,False
non_opioid_ed,85_114,low,15,item_drug_CLOPIDOGREL,drug,0.0233748522497743,0.0446036885301167,0.0021460159694318,True,False
non_opioid_ed,85_114,low,16,item_drug_OMEPRAZOLE,drug,0.0218252143579564,0.0419133898235049,0.0017370388924079,True,False
non_opioid_ed,85_114,low,17,item_drug_METRONIDAZOLE,drug,0.015941442007969,0.0304674815292527,0.0014154024866853,True,False
non_opioid_ed,85_114,low,18,item_drug_HYDROCHLOROTHIAZIDE,drug,0.0149594385291861,0.0292340738386865,0.0006848032196857,True,False
non_opioid_ed,85_114,low,19,item_drug_LEVOFLOXACIN,drug,0.0084495711362283,0.0163506878099417,0.0005484544625149,True,False
non_opioid_ed,85_114,low,20,item_drug_FLUCONAZOLE,drug,0.0064193564016469,0.0125165921541402,0.0003221206491535,True,False
non_opioid_ed,85_114,low,21,item_drug_AMOXICILLIN,drug,0.0063742830670229,0.0123691277108657,0.00037943842318,False,False
non_opioid_ed,85_114,low,22,item_drug_SIMVASTATIN,drug,0.0051502269850159,0.0100064995028187,0.0002939544672132,False,False
non_opioid_ed,85_114,low,23,item_drug_BUMETANIDE,drug,0.0027147202182538,0.0053578494183429,7.15910181646761e-05,False,False
non_opioid_ed,85_114,low,24,item_drug_SPIRONOLACTONE,drug,0.0010884448573168,0.0021593692240489,1.752049058469375e-05,False,False
non_opioid_ed,85_114,low,25,item_drug_FAMOTIDINE,drug,0.0006637869183021,0.0013249998155467,2.574021057517003e-06,False,False
non_opioid_ed,85_114,medium,1,pgx_num_drugs,pgx,0.9999999998011913,0.9999999998989612,0.999999999703421,True,False
non_opioid_ed,85_114,medium,2,pgx_num_cpic_drugs,pgx,0.1742175977444795,0.2555998311988472,0.0928353642901117,True,False
non_opioid_ed,85_114,medium,3,item_drug_CEPHALEXIN,drug,0.1567260319040218,0.2569725621325951,0.0564795016754484,True,False
non_opioid_ed,85_114,medium,4,item_drug_FUROSEMIDE,drug,0.1275121623372755,0.2253320220985807,0.0296923025759703,True,False
non_opioid_ed,85_114,medium,5,item_drug_MIRTAZAPINE,drug,0.095431014633994,0.1588060121610551,0.0320560171069329,True,False
non_opioid_ed,85_114,medium,6,item_drug_LORAZEPAM,drug,0.0528386363411804,0.0944314447986699,0.011245827883691,True,False
non_opioid_ed,85_114,medium,7,item_drug_AZITHROMYCIN,drug,0.0483851806736512,0.0854760524558235,0.0112943088914789,True,False
non_opioid_ed,85_114,medium,8,item_drug_LISINOPRIL,drug,0.0442432516728405,0.080554706435142,0.0079317969105391,True,False
non_opioid_ed,85_114,medium,9,item_drug_PREDNISONE,drug,0.0405116516948952,0.0747982793413663,0.0062250240484241,True,False
non_opioid_ed,85_114,medium,10,item_drug_NYSTATIN,drug,0.0371873096473437,0.0693606675245227,0.0050139517701647,True,False
non_opioid_ed,85_114,medium,11,item_drug_ALPRAZOLAM,drug,0.0352726698380784,0.0649053514257944,0.0056399882503624,True,False
non_opioid_ed,85_114,medium,12,item_drug_LATANOPROST,drug,0.0335254568714953,0.0623195705199461,0.0047313432230445,True,False
non_opioid_ed,85_114,medium,13,item_drug_CARVEDILOL,drug,0.0240776899616741,0.0458548831955044,0.0023004967278438,True,False
non_opioid_ed,85_114,medium,14,item_drug_OMEPRAZOLE,drug,0.0199659518581299,0.0383368604024917,0.001595043313768,True,False
non_opioid_ed,85_114,medium,15,item_drug_CLOPIDOGREL,drug,0.0198358697018809,0.0378416682868697,0.001830071116892,True,False
non_opioid_ed,85_114,medium,16,item_drug_GABAPENTIN,drug,0.0192028099459941,0.0366189616677951,0.0017866582241931,True,False
non_opioid_ed,85_114,medium,17,item_drug_METRONIDAZOLE,drug,0.0145726522335287,0.0278446968911377,0.0013006075759196,True,False
non_opioid_ed,85_114,medium,18,item_drug_HYDROCHLOROTHIAZIDE,drug,0.0119386781601266,0.0233258447342413,0.0005515115860119,True,False
non_opioid_ed,85_114,medium,19,item_drug_LEVOFLOXACIN,drug,0.0072724329666807,0.0140669269985301,0.0004779389348312,True,False
non_opioid_ed,85_114,medium,20,item_drug_FLUCONAZOLE,drug,0.0054247225130792,0.0105725723538354,0.000276872672323,True,False
non_opioid_ed,85_114,medium,21,item_drug_AMOXICILLIN,drug,0.0038702017733624,0.007500020234278,0.0002403833124467,False,False
non_opioid_ed,85_114,medium,22,item_drug_SIMVASTATIN,drug,0.0035725398377287,0.0069332336592351,0.0002118460162224,False,False
non_opioid_ed,85_114,medium,23,item_drug_BUMETANIDE,drug,0.0022926124467586,0.0045226395939037,6.258529961357567e-05,False,False
non_opioid_ed,85_114,medium,24,item_drug_SPIRONOLACTONE,drug,0.0007906390877686,0.0015671811230344,1.409705250294154e-05,False,False
non_opioid_ed,85_114,medium,25,item_drug_FAMOTIDINE,drug,0.000300741988072,0.0006003178860912,1.166090052875829e-06,False,False
non_opioid_ed,85_114,extreme,1,pgx_num_drugs,pgx,0.9999999997962732,0.9999999998891256,0.9999999997034208,True,False
non_opioid_ed,85_114,extreme,2,item_drug_CEPHALEXIN,drug,0.3282666797345337,0.538369441793289,0.1181639176757784,True,False
non_opioid_ed,85_114,extreme,3,item_drug_FUROSEMIDE,drug,0.216170724730202,0.3820484940644267,0.0502929553959772,True,False
non_opioid_ed,85_114,extreme,4,pgx_num_cpic_drugs,pgx,0.1758795540739262,0.2579852390330564,0.0937738691147959,True,False
non_opioid_ed,85_114,extreme,5,item_drug_MIRTAZAPINE,drug,0.1138957646308928,0.1895212578572044,0.0382702714045812,True,False
non_opioid_ed,85_114,extreme,6,item_drug_AZITHROMYCIN,drug,0.1059191397335793,0.1871971977419594,0.0246410817251992,True,False
non_opioid_ed,85_114,extreme,7,item_drug_PREDNISONE,drug,0.0720798714237084,0.1331124835365014,0.0110472593109155,True,False
non_opioid_ed,85_114,extreme,8,item_drug_LORAZEPAM,drug,0.0715756627898494,0.1279219014255986,0.0152294241541002,True,False
non_opioid_ed,85_114,extreme,9,item_drug_GABAPENTIN,drug,0.0568240918528504,0.1084191961176432,0.0052289875880577,True,False
non_opioid_ed,85_114,extreme,10,item_drug_LATANOPROST,drug,0.0479482530822857,0.0891359058888849,0.0067606002756866,True,False
non_opioid_ed,85_114,extreme,11,item_drug_LISINOPRIL,drug,0.0445182307488499,0.0810334086924487,0.008003052805251,True,False
non_opioid_ed,85_114,extreme,12,item_drug_NYSTATIN,drug,0.0438876035872942,0.0818505917005969,0.0059246154739914,True,False
non_opioid_ed,85_114,extreme,13,item_drug_CARVEDILOL,drug,0.0379388172367463,0.0722619685238642,0.0036156659496283,True,False
non_opioid_ed,85_114,extreme,14,item_drug_ALPRAZOLAM,drug,0.0348091392192627,0.0640313463367142,0.0055869321018111,True,False
non_opioid_ed,85_114,extreme,15,item_drug_CLOPIDOGREL,drug,0.0283907022753446,0.054165622922167,0.0026157816285222,True,False
non_opioid_ed,85_114,extreme,16,item_drug_OMEPRAZOLE,drug,0.0278596125713758,0.0534955564813703,0.0022236686613812,True,False
non_opioid_ed,85_114,extreme,17,item_drug_METRONIDAZOLE,drug,0.0257162994802707,0.0491519334281985,0.0022806655323429,True,False
non_opioid_ed,85_114,extreme,18,item_drug_LEVOFLOXACIN,drug,0.0151428038240925,0.0293079951702811,0.000977612477904,True,False
non_opioid_ed,85_114,extreme,19,item_drug_HYDROCHLOROTHIAZIDE,drug,0.0105897548902732,0.0206828310327615,0.0004966787477849,True,False
non_opioid_ed,85_114,extreme,20,item_drug_FLUCONAZOLE,drug,0.0070387932007224,0.0137175195412997,0.000360066860145,True,False
non_opioid_ed,85_114,extreme,21,item_drug_SIMVASTATIN,drug,0.0058820639907613,0.0114213871218868,0.0003427408596359,False,False
non_opioid_ed,85_114,extreme,22,item_drug_AMOXICILLIN,drug,0.004610204111224,0.0089307872359108,0.0002896209865372,False,False
non_opioid_ed,85_114,extreme,23,item_drug_BUMETANIDE,drug,0.0030756507041293,0.0060673026327433,8.399877551529313e-05,False,False
non_opioid_ed,85_114,extreme,24,item_drug_SPIRONOLACTONE,drug,0.0010860135398835,0.0021527599300813,1.9267149685733213e-05,False,False
non_opioid_ed,85_114,extreme,25,item_drug_FAMOTIDINE,drug,5.515764185052223e-05,0.0001101014764454,2.138072555943055e-07,False,False
non_opioid_ed,85_114,high,1,pgx_num_drugs,pgx,0.9999999998014638,0.9999999998995064,0.9999999997034212,True,False
non_opioid_ed,85_114,high,2,item_drug_CEPHALEXIN,drug,0.1894059308764901,0.3106102977540083,0.068201563998972,True,False
non_opioid_ed,85_114,high,3,item_drug_FUROSEMIDE,drug,0.1585874623170451,0.2802855707324979,0.0368893539015923,True,False
non_opioid_ed,85_114,high,4,pgx_num_cpic_drugs,pgx,0.1541937271407107,0.2262394749515272,0.0821479793298942,True,False
non_opioid_ed,85_114,high,5,item_drug_MIRTAZAPINE,drug,0.1399865595017015,0.2330385544689372,0.0469345645344658,True,False
non_opioid_ed,85_114,high,6,item_drug_AZITHROMYCIN,drug,0.0593016990810034,0.104802373848362,0.0138010243136447,True,False
non_opioid_ed,85_114,high,7,item_drug_LORAZEPAM,drug,0.0549830628751042,0.0982863572966441,0.0116797684535643,True,False
non_opioid_ed,85_114,high,8,item_drug_LISINOPRIL,drug,0.0466394053431869,0.0849374534440865,0.0083413572422874,True,False
non_opioid_ed,85_114,high,9,item_drug_PREDNISONE,drug,0.0432670576465198,0.0799036733607193,0.0066304419323204,True,False
non_opioid_ed,85_114,high,10,item_drug_ALPRAZOLAM,drug,0.0380709843117048,0.0700741005255247,0.0060678680978849,True,False
non_opioid_ed,85_114,high,11,item_drug_LATANOPROST,drug,0.0349263278511939,0.0649388293916764,0.0049138263107115,True,False
non_opioid_ed,85_114,high,12,item_drug_NYSTATIN,drug,0.0334417130281622,0.0623816281168595,0.0045017979394648,True,False
non_opioid_ed,85_114,high,13,item_drug_CARVEDILOL,drug,0.0254372478326539,0.0484548988934705,0.0024195967718372,True,False
non_opioid_ed,85_114,high,14,item_drug_GABAPENTIN,drug,0.0230559300868184,0.0439822730086302,0.0021295871650067,True,False
non_opioid_ed,85_114,high,15,item_drug_OMEPRAZOLE,drug,0.022088836806733,0.042423501473111,0.001754172140355,True,False
non_opioid_ed,85_114,high,16,item_drug_CLOPIDOGREL,drug,0.0198207108623347,0.037821225489138,0.0018201962355313,True,False
non_opioid_ed,85_114,high,17,item_drug_METRONIDAZOLE,drug,0.0124259635808737,0.0237462624638852,0.0011056646978623,True,False
non_opioid_ed,85_114,high,18,item_drug_HYDROCHLOROTHIAZIDE,drug,0.0122757591031556,0.0239889739994549,0.0005625442068563,True,False
non_opioid_ed,85_114,high,19,item_drug_LEVOFLOXACIN,drug,0.0097236259030657,0.018822042447645,0.0006252093584864,True,False
non_opioid_ed,85_114,high,20,item_drug_FLUCONAZOLE,drug,0.005016907779632,0.0097808669104678,0.0002529486487962,True,False
non_opioid_ed,85_114,high,21,item_drug_SIMVASTATIN,drug,0.0041286848921928,0.0080207126910246,0.0002366570933611,False,False
non_opioid_ed,85_114,high,22,item_drug_AMOXICILLIN,drug,0.0034790963996507,0.0067453061275231,0.0002128866717783,False,False
non_opioid_ed,85_114,high,23,item_drug_BUMETANIDE,drug,0.0020341088572553,0.0040138107081461,5.4407006364491775e-05,False,False
non_opioid_ed,85_114,high,24,item_drug_SPIRONOLACTONE,drug,0.0008514156026455,0.0016888790076293,1.3952197661782574e-05,False,False
non_opioid_ed,85_114,high,25,item_drug_FAMOTIDINE,drug,0.0004441090650353,0.0008864958019581,1.7223281126379305e-06,False,False
non_opioid_ed,25_44,low,1,pgx_num_drugs,pgx,0.9999999998333456,0.999999999873983,0.999999999792708,True,False
non_opioid_ed,25_44,low,2,pgx_num_cpic_drugs,pgx,0.0641749703076335,0.1006497225004955,0.0277002181147715,True,False
non_opioid_ed,25_44,low,3,item_drug_CEPHALEXIN,drug,0.0190609156239984,0.0341720626316695,0.0039497686163273,True,False
non_opioid_ed,25_44,low,4,item_drug_PREDNISONE,drug,0.0081782011468899,0.0146849282557762,0.0016714740380035,True,False
non_opioid_ed,25_44,low,5,item_drug_ERYTHROMYCIN,drug,0.0081137786222572,0.0150665366119998,0.0011610206325146,True,False
non_opioid_ed,25_44,low,6,item_drug_NAPROXEN,drug,0.0066112817856862,0.012502910574555,0.0007196529968175,True,False
non_opioid_ed,25_44,low,7,item_drug_OFLOXACIN,drug,0.004430342662653,0.0083634391629291,0.0004972461623769,True,False
non_opioid_ed,25_44,low,8,item_drug_FLUCONAZOLE,drug,0.0040354043783398,0.0076536769872973,0.0004171317693822,True,False
non_opioid_ed,25_44,low,9,item_drug_METRONIDAZOLE,drug,0.0031634557982381,0.0061482078046425,0.0001787037918336,True,False
non_opioid_ed,25_44,low,10,item_drug_DIAZEPAM,drug,0.0022637036796507,0.0043791072285031,0.0001483001307983,True,False
non_opioid_ed,25_44,low,11,item_drug_MELOXICAM,drug,0.0020147764452775,0.0039251172700004,0.0001044356205547,True,False
non_opioid_ed,25_44,low,12,item_drug_ALPRAZOLAM,drug,0.0017757221503132,0.0034927943723744,5.864992825200797e-05,True,False
non_opioid_ed,25_44,low,13,item_drug_METHOCARBAMOL,drug,0.0016336889596401,0.0032132182645629,5.41596547172799e-05,True,False
non_opioid_ed,25_44,low,14,item_drug_AZITHROMYCIN,drug,0.001270690946703,0.0024532518221442,8.813007126175648e-05,True,False
non_opioid_ed,25_44,low,15,item_drug_AMOXICILLIN,drug,0.0010285422991899,0.0020172181582474,3.9866440132457424e-05,True,False
non_opioid_ed,25_44,low,16,item_drug_ACYCLOVIR,drug,0.0008178233064015,0.0016219220251405,1.3724587662615038e-05,True,False
non_opioid_ed,25_44,low,17,item_drug_NUVARING,drug,0.0007287929202356,0.0014415627158389,1.6023124632337954e-05,True,False
non_opioid_ed,25_44,low,18,item_drug_OCELLA,drug,0.0005540387735417,0.0010978484989562,1.022904812730656e-05,True,False
non_opioid_ed,25_44,low,19,item_drug_OMEPRAZOLE,drug,0.0004490678899242,0.0008899822010965,8.153578751990181e-06,True,False
non_opioid_ed,25_44,low,20,item_drug_KETOCONAZOLE,drug,0.0003872852182821,0.0007683552771917,6.215159372539247e-06,True,False
non_opioid_ed,25_44,low,21,item_drug_BENZONATATE,drug,0.0003195117079192,0.0006308089493852,8.21446645329261e-06,False,False
non_opioid_ed,25_44,low,22,item_drug_TRINESSA,drug,0.0002976252430335,0.0005915480970735,3.702388993504778e-06,False,False
non_opioid_ed,25_44,low,23,item_drug_GABAPENTIN,drug,0.0002814178861725,0.0005589307485881,3.905023756867868e-06,False,False
non_opioid_ed,25_44,low,24,item_drug_LISINOPRIL,drug,0.0002664930160655,0.0005294040785449,3.5819535862515245e-06,False,False
non_opioid_ed,25_44,low,25,item_drug_LORAZEPAM,drug,0.00024384324605,0.0004852161639075,2.4703281924623738e-06,False,False
non_opioid_ed,25_44,low,26,item_drug_GIANVI,drug,0.0001609114828261,0.0003203827350449,1.4402306073183202e-06,False,False
non_opioid_ed,25_44,low,27,item_drug_MIRENA,drug,0.0001404847704163,0.0002802594706581,7.100701744918871e-07,False,False
non_opioid_ed,25_44,low,28,item_drug_IBUPROFEN,drug,0.00012555426366,0.000247616647881,3.491879438964286e-06,False,False
non_opioid_ed,25_44,low,29,item_drug_FINASTERIDE,drug,0.0001196469788195,0.000238643554169,6.504034701872399e-07,False,False
non_opioid_ed,25_44,low,30,item_drug_MUPIROCIN,drug,9.834697381493816e-05,0.0001960781782576,6.157693721829687e-07,False,False
non_opioid_ed,25_44,low,31,item_drug_GATIFLOXACIN,drug,9.009430464362308e-05,0.0001796412925093,5.473167779195558e-07,False,False
non_opioid_ed,25_44,low,32,item_drug_XULANE,drug,8.825903939731394e-05,0.0001760933158827,4.247629118832341e-07,False,False
non_opioid_ed,25_44,low,33,item_drug_ORSYTHIA,drug,8.620451733713455e-05,0.0001720595016901,3.495329841339471e-07,False,False
non_opioid_ed,25_44,low,34,item_drug_SPIRONOLACTONE,drug,8.373832305464333e-05,0.0001668409424491,6.357036601374166e-07,False,False
non_opioid_ed,25_44,low,35,item_drug_NABUMETONE,drug,5.0533448103224406e-05,0.0001009253839641,1.415122423250588e-07,False,False
non_opioid_ed,25_44,low,36,item_drug_NORETHINDRONE,drug,4.7165483343551394e-05,9.421680929699547e-05,1.1415739010731053e-07,False,False
non_opioid_ed,25_44,low,37,item_drug_BOOSTRIX,drug,4.652033684654448e-05,9.294287691650636e-05,9.779677658259169e-08,False,False
non_opioid_ed,25_44,low,38,item_drug_SYNTHROID,drug,4.597159341331141e-05,9.190808096626032e-05,3.5105860362499726e-08,False,False
non_opioid_ed,25_44,low,39,item_drug_CEFDINIR,drug,4.532737570547878e-05,9.05912199696373e-05,6.353144132026125e-08,False,False
non_opioid_ed,25_44,low,40,item_drug_MISOPROSTOL,drug,4.525763014120647e-05,9.039414161493589e-05,1.211186674770538e-07,False,False
non_opioid_ed,25_44,low,41,item_drug_VYVANSE,drug,4.048525659767e-05,8.092662806220708e-05,4.388513313293092e-08,False,False
non_opioid_ed,25_44,low,42,item_drug_INDOMETHACIN,drug,3.4691395962134355e-05,6.932291789255268e-05,5.987403171603364e-08,False,False
non_opioid_ed,25_44,low,43,item_drug_HYDROCHLOROTHIAZIDE,drug,2.822697904658336e-05,5.643772712766653e-05,1.6230965500196507e-08,False,False
non_opioid_ed,25_44,low,44,item_drug_FLUOROMETHOLONE,drug,2.302307060836257e-05,4.601058531862203e-05,3.5555898103109484e-08,False,False
non_opioid_ed,25_44,low,45,item_drug_COLCHICINE,drug,2.1400948967940617e-05,4.277017944945298e-05,3.1718486428248485e-08,False,False
non_opioid_ed,25_44,low,46,item_drug_DESONIDE,drug,1.8460850613046517e-05,3.690742103811912e-05,1.4280187973914421e-08,False,False
non_opioid_ed,25_44,low,47,item_drug_SIMVASTATIN,drug,1.55629474747324e-05,3.110771780002413e-05,1.8177149440671613e-08,False,False
non_opioid_ed,25_44,low,48,item_drug_CLARITHROMYCIN,drug,1.2604352326710714e-05,2.519720047291508e-05,1.150418050635293e-08,False,False
non_opioid_ed,25_44,low,49,item_drug_ALLOPURINOL,drug,1.2030198417305869e-05,2.4047022627027783e-05,1.3374207583953546e-08,False,False
non_opioid_ed,25_44,low,50,item_drug_LORYNA,drug,1.0460152216132483e-05,2.0901682828314093e-05,1.8621603950875883e-08,False,False
non_opioid_ed,25_44,low,51,item_drug_CIPRODEX,drug,1.04569581367952e-05,2.091054938116604e-05,3.3668924243607822e-09,False,False
non_opioid_ed,25_44,low,52,item_drug_CLONAZEPAM,drug,1.0309833601983898e-05,2.0602668394216084e-05,1.6998809751710156e-08,False,False
non_opioid_ed,25_44,low,53,item_drug_ACZONE,drug,1.004385962526389e-05,2.0074473893081584e-05,1.3245357446199091e-08,False,False
non_opioid_ed,25_44,low,54,item_drug_TOPIRAMATE,drug,9.841648860520833e-06,1.967096163524388e-05,1.2336085797783291e-08,False,False
non_opioid_ed,25_44,low,55,item_drug_ESTRADIOL,drug,8.795380382508868e-06,1.7580266748767126e-05,1.0494016250610725e-08,False,False
non_opioid_ed,25_44,low,56,item_drug_TRETINOIN,drug,7.97311274800022e-06,1.5931301777928263e-05,1.4923718072176198e-08,False,False
non_opioid_ed,25_44,low,57,item_drug_CIALIS,drug,7.572695328241148e-06,1.513526230413336e-05,1.0128352348935105e-08,False,False
non_opioid_ed,25_44,low,58,item_drug_LEVOFLOXACIN,drug,3.0963157081995844e-06,6.18494407775463e-06,7.687338644538973e-09,False,False
non_opioid_ed,25_44,low,59,item_drug_DICLEGIS,drug,2.7639820148267977e-06,5.527232477013975e-06,7.315526396196202e-10,False,False
non_opioid_ed,25_44,low,60,item_drug_LORATADINE,drug,2.539499173637145e-06,5.0775469515736165e-06,1.4513957006742155e-09,False,False
non_opioid_ed,25_44,low,61,item_drug_LAMOTRIGINE,drug,1.8638747201830733e-06,3.727548139465673e-06,2.0130090047450158e-10,False,False
non_opioid_ed,25_44,low,62,item_drug_CAMILA,drug,1.80994606598688e-06,3.6195495017570663e-06,3.4263021669350797e-10,False,False
non_opioid_ed,25_44,low,63,item_drug_LIDOCAINE,drug,1.5454952604440255e-06,3.09082940161405e-06,1.6111927400100163e-10,False,False
non_opioid_ed,25_44,low,64,item_drug_VIENVA,drug,1.324414630793952e-06,2.6483435672851484e-06,4.856943027556961e-10,False,False
non_opioid_ed,25_44,low,65,item_drug_TAMIFLU,drug,1.1391962136088424e-06,2.2780709664645063e-06,3.214607531785586e-10,False,False
non_opioid_ed,25_44,low,66,item_drug_EPINEPHRINE,drug,9.511512762972124e-07,1.901465027329711e-06,8.375252647135986e-10,False,False
non_opioid_ed,25_44,low,67,item_drug_FUROSEMIDE,drug,8.387236984556748e-07,1.677288623073859e-06,1.5877383749065334e-10,False,False
non_opioid_ed,25_44,medium,1,pgx_num_drugs,pgx,0.9999999998186948,0.9999999998446816,0.999999999792708,True,False
non_opioid_ed,25_44,medium,2,pgx_num_cpic_drugs,pgx,0.0847822952555578,0.1329692955282395,0.0365952949828761,True,False
non_opioid_ed,25_44,medium,3,item_drug_PREDNISONE,drug,0.0202310374231363,0.0363272312700057,0.0041348435762668,True,False
non_opioid_ed,25_44,medium,4,item_drug_CEPHALEXIN,drug,0.0200618333264586,0.0359663402246364,0.0041573264282807,True,False
non_opioid_ed,25_44,medium,5,item_drug_NAPROXEN,drug,0.0090279468535154,0.0170731195010068,0.0009827742060241,True,False
non_opioid_ed,25_44,medium,6,item_drug_ERYTHROMYCIN,drug,0.0078101081440838,0.0145025361623302,0.0011176801258373,True,False
non_opioid_ed,25_44,medium,7,item_drug_FLUCONAZOLE,drug,0.0061848725777799,0.0117303773281268,0.000639367827433,True,False
non_opioid_ed,25_44,medium,8,item_drug_OFLOXACIN,drug,0.0057960364696864,0.0109414784319129,0.0006505945074599,True,False
non_opioid_ed,25_44,medium,9,item_drug_METRONIDAZOLE,drug,0.003557906411191,0.0069147867700571,0.000201026052325,True,False
non_opioid_ed,25_44,medium,10,item_drug_AZITHROMYCIN,drug,0.0033624548977686,0.0064917110518772,0.00023319874366,True,False
non_opioid_ed,25_44,medium,11,item_drug_MELOXICAM,drug,0.0031357137661042,0.0061088638196454,0.000162563712563,True,False
non_opioid_ed,25_44,medium,12,item_drug_DIAZEPAM,drug,0.0029970379673178,0.0057976943414143,0.0001963815932213,True,False
non_opioid_ed,25_44,medium,13,item_drug_AMOXICILLIN,drug,0.0017498153785617,0.0034317923179537,6.783843916972402e-05,True,False
non_opioid_ed,25_44,medium,14,item_drug_METHOCARBAMOL,drug,0.0017093670104399,0.003362040772774,5.669324810581888e-05,True,False
non_opioid_ed,25_44,medium,15,item_drug_ALPRAZOLAM,drug,0.0016387667031398,0.0032233801240339,5.415328224576745e-05,True,False
non_opioid_ed,25_44,medium,16,item_drug_BENZONATATE,drug,0.0009877838347747,0.0019501811730692,2.538649648030812e-05,True,False
non_opioid_ed,25_44,medium,17,item_drug_OMEPRAZOLE,drug,0.0009420046031255,0.0018669021926351,1.7107013615942288e-05,True,False
non_opioid_ed,25_44,medium,18,item_drug_NUVARING,drug,0.0009218846651333,0.0018234871077701,2.028222249659377e-05,True,False
non_opioid_ed,25_44,medium,19,item_drug_ACYCLOVIR,drug,0.0008749424576839,0.0017351895053831,1.4695409984620091e-05,True,False
non_opioid_ed,25_44,medium,20,item_drug_KETOCONAZOLE,drug,0.0007347775534472,0.0014577587216485,1.1796385245983796e-05,True,False
non_opioid_ed,25_44,medium,21,item_drug_LISINOPRIL,drug,0.0006303319130672,0.0012521909176641,8.47290847027756e-06,False,False
non_opioid_ed,25_44,medium,22,item_drug_OCELLA,drug,0.0005594217676909,0.0011085010085848,1.0342526797050408e-05,False,False
non_opioid_ed,25_44,medium,23,item_drug_LORAZEPAM,drug,0.0005364644009527,0.001067492677366,5.436124539493432e-06,False,False
non_opioid_ed,25_44,medium,24,item_drug_GABAPENTIN,drug,0.0005301628710601,0.0010529649467784,7.3607953417360655e-06,False,False
non_opioid_ed,25_44,medium,25,item_drug_IBUPROFEN,drug,0.0004009579116384,0.0007907755558274,1.1140267449445437e-05,False,False
non_opioid_ed,25_44,medium,26,item_drug_TRINESSA,drug,0.0002955821519068,0.0005874777756,3.686528213667813e-06,False,False
non_opioid_ed,25_44,medium,27,item_drug_GIANVI,drug,0.0002429935880829,0.0004838078776719,2.1792984940280007e-06,False,False
non_opioid_ed,25_44,medium,28,item_drug_MUPIROCIN,drug,0.000196880847863,0.0003925275433691,1.2341523568890057e-06,False,False
non_opioid_ed,25_44,medium,29,item_drug_FINASTERIDE,drug,0.0001333010906274,0.0002658738110364,7.283702184084852e-07,False,False
non_opioid_ed,25_44,medium,30,item_drug_SPIRONOLACTONE,drug,0.0001207514664497,0.0002405822686476,9.206642517929148e-07,False,False
non_opioid_ed,25_44,medium,31,item_drug_GATIFLOXACIN,drug,0.0001174436018056,0.0002341701452999,7.170583113384104e-07,False,False
non_opioid_ed,25_44,medium,32,item_drug_MIRENA,drug,0.0001124990112846,0.0002244251147748,5.729077944095172e-07,False,False
non_opioid_ed,25_44,medium,33,item_drug_ORSYTHIA,drug,0.0001052210940714,0.0002100130159791,4.291721636629514e-07,False,False
non_opioid_ed,25_44,medium,34,item_drug_XULANE,drug,0.0001020453276216,0.0002035963542286,4.943010146380132e-07,False,False
non_opioid_ed,25_44,medium,35,item_drug_BOOSTRIX,drug,8.15073765983093e-05,0.0001628426989743,1.72054222271352e-07,False,False
non_opioid_ed,25_44,medium,36,item_drug_NABUMETONE,drug,7.006221049219677e-05,0.0001399267478932,1.9767309115387046e-07,False,False
non_opioid_ed,25_44,medium,37,item_drug_VYVANSE,drug,5.625658918062835e-05,0.0001124516954648,6.148289640816612e-08,False,False
non_opioid_ed,25_44,medium,38,item_drug_INDOMETHACIN,drug,5.1630324750762894e-05,0.0001031707605329,8.98889686255304e-08,False,False
non_opioid_ed,25_44,medium,39,item_drug_CEFDINIR,drug,4.989901467871585e-05,9.972722305903116e-05,7.080629840054126e-08,False,False
non_opioid_ed,25_44,medium,40,item_drug_NORETHINDRONE,drug,3.937022939685973e-05,7.864325630486074e-05,9.720248885871557e-08,False,False
non_opioid_ed,25_44,medium,41,item_drug_FLUOROMETHOLONE,drug,3.754036373421745e-05,7.502217040064601e-05,5.8557067788887025e-08,False,False
non_opioid_ed,25_44,medium,42,item_drug_SYNTHROID,drug,3.7143818787419376e-05,7.425877265078983e-05,2.886492404891502e-08,False,False
non_opioid_ed,25_44,medium,43,item_drug_MISOPROSTOL,drug,3.4922460730854525e-05,6.974924771350663e-05,9.567374820242193e-08,False,False
non_opioid_ed,25_44,medium,44,item_drug_ACZONE,drug,3.232035793159172e-05,6.459853789185766e-05,4.217797132578527e-08,False,False
non_opioid_ed,25_44,medium,45,item_drug_COLCHICINE,drug,3.102804022158159e-05,6.200941742077555e-05,4.6663022387616987e-08,False,False
non_opioid_ed,25_44,medium,46,item_drug_HYDROCHLOROTHIAZIDE,drug,3.058521429373846e-05,6.115256410666021e-05,1.786448081670571e-08,False,False
non_opioid_ed,25_44,medium,47,item_drug_TOPIRAMATE,drug,3.057477361608356e-05,6.111158111100216e-05,3.7966121164948827e-08,False,False
non_opioid_ed,25_44,medium,48,item_drug_TRETINOIN,drug,2.8237863975546485e-05,5.642380153881087e-05,5.192641228210142e-08,False,False
non_opioid_ed,25_44,medium,49,item_drug_DESONIDE,drug,2.425506688393542e-05,4.849102563261908e-05,1.9108135251759263e-08,False,False
non_opioid_ed,25_44,medium,50,item_drug_CLARITHROMYCIN,drug,2.353537805955686e-05,4.7049058766430486e-05,2.169735268323285e-08,False,False
non_opioid_ed,25_44,medium,51,item_drug_CLONAZEPAM,drug,2.0661661634575463e-05,4.128892609447855e-05,3.4397174672374306e-08,False,False
non_opioid_ed,25_44,medium,52,item_drug_SIMVASTATIN,drug,2.0476141362496533e-05,4.0927791621435046e-05,2.4491103558018225e-08,False,False
non_opioid_ed,25_44,medium,53,item_drug_LORYNA,drug,1.989474086541747e-05,3.975362085339087e-05,3.5860877444068474e-08,False,False
non_opioid_ed,25_44,medium,54,item_drug_CIALIS,drug,1.5610146418568254e-05,3.119919227192796e-05,2.1100565208552232e-08,False,False
non_opioid_ed,25_44,medium,55,item_drug_LEVOFLOXACIN,drug,1.542973395769201e-05,3.082382528092248e-05,3.564263446154544e-08,False,False
non_opioid_ed,25_44,medium,56,item_drug_ESTRADIOL,drug,1.397052049363887e-05,2.7923935621195344e-05,1.7105366082396325e-08,False,False
non_opioid_ed,25_44,medium,57,item_drug_ALLOPURINOL,drug,1.2478498062346164e-05,2.49424541972022e-05,1.4541927490133638e-08,False,False
non_opioid_ed,25_44,medium,58,item_drug_CIPRODEX,drug,9.93141769641944e-06,1.985953611904485e-05,3.2992737940293627e-09,False,False
non_opioid_ed,25_44,medium,59,item_drug_LORATADINE,drug,7.408252712476483e-06,1.4812351177444365e-05,4.154247508602074e-09,False,False
non_opioid_ed,25_44,medium,60,item_drug_DICLEGIS,drug,3.606940362199729e-06,7.212887317349172e-06,9.934070502861655e-10,False,False
non_opioid_ed,25_44,medium,61,item_drug_TAMIFLU,drug,3.1493984720006656e-06,6.297919019204044e-06,8.779247972872279e-10,False,False
non_opioid_ed,25_44,medium,62,item_drug_LAMOTRIGINE,drug,2.419744306149909e-06,4.839266255738046e-06,2.2235656177254023e-10,False,False
non_opioid_ed,25_44,medium,63,item_drug_FUROSEMIDE,drug,2.0288436289846494e-06,4.057303190143304e-06,3.8406782599521887e-10,False,False
non_opioid_ed,25_44,medium,64,item_drug_LIDOCAINE,drug,1.98074391852669e-06,3.961320885203227e-06,1.6695185015308554e-10,False,False
non_opioid_ed,25_44,medium,65,item_drug_EPINEPHRINE,drug,1.6731851834042334e-06,3.3447337288717425e-06,1.6366379367243424e-09,False,False
non_opioid_ed,25_44,medium,66,item_drug_VIENVA,drug,1.621268276251692e-06,3.241859018166214e-06,6.775343371696095e-10,False,False
non_opioid_ed,25_44,medium,67,item_drug_CAMILA,drug,9.765826415973267e-07,1.9529804123811986e-06,1.8487081345478654e-10,False,False
non_opioid_ed,25_44,extreme,1,pgx_num_drugs,pgx,0.9999999998255424,0.9999999998583768,0.999999999792708,True,False
non_opioid_ed,25_44,extreme,2,pgx_num_cpic_drugs,pgx,0.0524560452244137,0.0822696517169086,0.0226424387319189,True,False
non_opioid_ed,25_44,extreme,3,item_drug_PREDNISONE,drug,0.0382378086094286,0.0686606817659458,0.0078149354529114,True,False
non_opioid_ed,25_44,extreme,4,item_drug_CEPHALEXIN,drug,0.0366798384992656,0.0657588122298218,0.0076008647687095,True,False
non_opioid_ed,25_44,extreme,5,item_drug_FLUCONAZOLE,drug,0.0159094658548441,0.0301744420701186,0.0016444896395695,True,False
non_opioid_ed,25_44,extreme,6,item_drug_NAPROXEN,drug,0.0128498187246668,0.0243008305181434,0.0013988069311902,True,False
non_opioid_ed,25_44,extreme,7,item_drug_AZITHROMYCIN,drug,0.0120271401347837,0.0232203574849582,0.0008339227846092,True,False
non_opioid_ed,25_44,extreme,8,item_drug_ERYTHROMYCIN,drug,0.0087364042271322,0.0162225280124269,0.0012502804418374,True,False
non_opioid_ed,25_44,extreme,9,item_drug_METRONIDAZOLE,drug,0.006206562302242,0.0120624764182249,0.0003506481862591,True,False
non_opioid_ed,25_44,extreme,10,item_drug_DIAZEPAM,drug,0.0054900570974947,0.0106204193969902,0.0003596947979992,True,False
non_opioid_ed,25_44,extreme,11,item_drug_METHOCARBAMOL,drug,0.0053865193748072,0.0105944669050287,0.0001785718445858,True,False
non_opioid_ed,25_44,extreme,12,item_drug_OFLOXACIN,drug,0.0049026112075337,0.0092548405832159,0.0005503818318514,True,False
non_opioid_ed,25_44,extreme,13,item_drug_MELOXICAM,drug,0.0047116428313087,0.0091790327750584,0.000244252887559,True,False
non_opioid_ed,25_44,extreme,14,item_drug_GABAPENTIN,drug,0.0040559874479266,0.0080557749796228,5.619991623032591e-05,True,False
non_opioid_ed,25_44,extreme,15,item_drug_ALPRAZOLAM,drug,0.0031981277158113,0.0062905993194597,0.0001056561121629,True,False
non_opioid_ed,25_44,extreme,16,item_drug_BENZONATATE,drug,0.0026806845031225,0.0052925202997779,6.884870646711604e-05,True,False
non_opioid_ed,25_44,extreme,17,item_drug_IBUPROFEN,drug,0.0023328376108226,0.0046010214776521,6.465374399317264e-05,True,False
non_opioid_ed,25_44,extreme,18,item_drug_AMOXICILLIN,drug,0.0022157459347594,0.0043455860930958,8.590577642296734e-05,True,False
non_opioid_ed,25_44,extreme,19,item_drug_KETOCONAZOLE,drug,0.0017873808947475,0.0035460893459629,2.8672443532216416e-05,True,False
non_opioid_ed,25_44,extreme,20,item_drug_OMEPRAZOLE,drug,0.0014442114155407,0.0028622002301927,2.622260088872812e-05,True,False
non_opioid_ed,25_44,extreme,21,item_drug_LORAZEPAM,drug,0.0011881351433918,0.0023642420959622,1.2028190821470937e-05,False,False
non_opioid_ed,25_44,extreme,22,item_drug_ACYCLOVIR,drug,0.0009992051891384,0.0019816235849527,1.6786793324018767e-05,False,False
non_opioid_ed,25_44,extreme,23,item_drug_LISINOPRIL,drug,0.0008471916239108,0.0016829954280916,1.1387819730134116e-05,False,False
non_opioid_ed,25_44,extreme,24,item_drug_LEVOFLOXACIN,drug,0.0004000241498463,0.0007991875337398,8.607659528255982e-07,False,False
non_opioid_ed,25_44,extreme,25,item_drug_NUVARING,drug,0.0003763707136362,0.0007444342674829,8.30715978958875e-06,False,False
non_opioid_ed,25_44,extreme,26,item_drug_OCELLA,drug,0.0002789147871609,0.0005526528354693,5.176738852610201e-06,False,False
non_opioid_ed,25_44,extreme,27,item_drug_CLONAZEPAM,drug,0.0002748617160297,0.0005492877554269,4.356766324739406e-07,False,False
non_opioid_ed,25_44,extreme,28,item_drug_MUPIROCIN,drug,0.0002135054915215,0.0004256706448863,1.3403381567167748e-06,False,False
non_opioid_ed,25_44,extreme,29,item_drug_TRETINOIN,drug,0.0002073722417837,0.0004143756714089,3.688121584519981e-07,False,False
non_opioid_ed,25_44,extreme,30,item_drug_TOPIRAMATE,drug,0.0002048505789251,0.0004094539749904,2.471828599795568e-07,False,False
non_opioid_ed,25_44,extreme,31,item_drug_TRINESSA,drug,0.0001807877596593,0.0003593090342475,2.2664850712418203e-06,False,False
non_opioid_ed,25_44,extreme,32,item_drug_GATIFLOXACIN,drug,0.0001474963077574,0.0002940914784635,9.011370513627778e-07,False,False
non_opioid_ed,25_44,extreme,33,item_drug_FINASTERIDE,drug,0.000134992809503,0.0002692458145555,7.39804450550331e-07,False,False
non_opioid_ed,25_44,extreme,34,item_drug_CEFDINIR,drug,0.000132486413503,0.0002647869752867,1.8585171923535618e-07,False,False
non_opioid_ed,25_44,extreme,35,item_drug_LORATADINE,drug,0.0001101191915654,0.0002201823212926,5.606183825861377e-08,False,False
non_opioid_ed,25_44,extreme,36,item_drug_NABUMETONE,drug,8.997105135223537e-05,0.0001796881366139,2.53966090504091e-07,False,False
non_opioid_ed,25_44,extreme,37,item_drug_GIANVI,drug,8.23381627800869e-05,0.0001639264159697,7.499095904656552e-07,False,False
non_opioid_ed,25_44,extreme,38,item_drug_ACZONE,drug,7.72042102802026e-05,0.0001543092211548,9.91994055483176e-08,False,False
non_opioid_ed,25_44,extreme,39,item_drug_HYDROCHLOROTHIAZIDE,drug,7.07897728153797e-05,0.0001415387581563,4.0787474371400335e-08,False,False
non_opioid_ed,25_44,extreme,40,item_drug_XULANE,drug,6.814523857268059e-05,0.0001359563819768,3.340951684946843e-07,False,False
non_opioid_ed,25_44,extreme,41,item_drug_ESTRADIOL,drug,6.801065733669901e-05,0.000135942507884,7.880678938786917e-08,False,False
non_opioid_ed,25_44,extreme,42,item_drug_BOOSTRIX,drug,6.374916339070657e-05,0.000127362439895,1.3588688636175664e-07,False,False
non_opioid_ed,25_44,extreme,43,item_drug_ORSYTHIA,drug,6.015753962384331e-05,0.0001200658904686,2.491887790630305e-07,False,False
non_opioid_ed,25_44,extreme,44,item_drug_SPIRONOLACTONE,drug,5.9966549029170246e-05,0.0001194677747974,4.6532326089587886e-07,False,False
non_opioid_ed,25_44,extreme,45,item_drug_INDOMETHACIN,drug,5.870340765184759e-05,0.0001173042787466,1.025365570582921e-07,False,False
non_opioid_ed,25_44,extreme,46,item_drug_COLCHICINE,drug,4.928268915340219e-05,9.849174600692337e-05,7.363229988101442e-08,False,False
non_opioid_ed,25_44,extreme,47,item_drug_FLUOROMETHOLONE,drug,4.589665362046786e-05,9.172158264850202e-05,7.172459243368873e-08,False,False
non_opioid_ed,25_44,extreme,48,item_drug_SYNTHROID,drug,4.508913628546454e-05,9.01432130700368e-05,3.5059500892278864e-08,False,False
non_opioid_ed,25_44,extreme,49,item_drug_MIRENA,drug,4.420689039009774e-05,8.818267462922918e-05,2.3110615096630323e-07,False,False
non_opioid_ed,25_44,extreme,50,item_drug_CLARITHROMYCIN,drug,3.5292043984432294e-05,7.055177135758352e-05,3.2316611281074406e-08,False,False
non_opioid_ed,25_44,extreme,51,item_drug_SIMVASTATIN,drug,3.320016771085893e-05,6.636104844318283e-05,3.928697853502458e-08,False,False
non_opioid_ed,25_44,extreme,52,item_drug_VYVANSE,drug,3.3128164320244754e-05,6.621932309009507e-05,3.7005550394444784e-08,False,False
non_opioid_ed,25_44,extreme,53,item_drug_MISOPROSTOL,drug,2.3111159070579648e-05,4.615687703685388e-05,6.544110430541634e-08,False,False
non_opioid_ed,25_44,extreme,54,item_drug_TAMIFLU,drug,2.199336122059833e-05,4.398113580054805e-05,5.586640648607781e-09,False,False
non_opioid_ed,25_44,extreme,55,item_drug_ALLOPURINOL,drug,2.0540207850763697e-05,4.1056907549628e-05,2.3508151899395723e-08,False,False
non_opioid_ed,25_44,extreme,56,item_drug_NORETHINDRONE,drug,1.8131552502397718e-05,3.621585511250249e-05,4.724989229293813e-08,False,False
non_opioid_ed,25_44,extreme,57,item_drug_DESONIDE,drug,1.6651453039875393e-05,3.328937389364002e-05,1.3532186110769756e-08,False,False
non_opioid_ed,25_44,extreme,58,item_drug_FUROSEMIDE,drug,1.16704859640757e-05,2.333883854187525e-05,2.133386276149785e-09,False,False
non_opioid_ed,25_44,extreme,59,item_drug_LORYNA,drug,7.411778813747666e-06,1.4808342177071613e-05,1.521545042372101e-08,False,False
non_opioid_ed,25_44,extreme,60,item_drug_CIPRODEX,drug,6.856574493605842e-06,1.3710838791275818e-05,2.310195935867806e-09,False,False
non_opioid_ed,25_44,extreme,61,item_drug_DICLEGIS,drug,6.8377433584568656e-06,1.3673725307040256e-05,1.7614098734741427e-09,False,False
non_opioid_ed,25_44,extreme,62,item_drug_LAMOTRIGINE,drug,5.360341491322853e-06,1.0720193823319623e-05,4.891593260817112e-10,False,False
non_opioid_ed,25_44,extreme,63,item_drug_LIDOCAINE,drug,5.355883842250596e-06,1.0711279087758984e-05,4.885967422076116e-10,False,False
non_opioid_ed,25_44,extreme,64,item_drug_CIALIS,drug,5.221224720240071e-06,1.043404560939902e-05,8.403831081120427e-09,False,False
non_opioid_ed,25_44,extreme,65,item_drug_EPINEPHRINE,drug,5.143400246455768e-06,1.0282851441113695e-05,3.949051797841511e-09,False,False
non_opioid_ed,25_44,extreme,66,item_drug_TERCONAZOLE,drug,4.005700811600083e-06,8.010719208637955e-06,6.82414562210874e-10,False,False
non_opioid_ed,25_44,extreme,67,item_drug_CAMILA,drug,4.008331535891623e-07,8.016663071783246e-07,0.0,False,False
non_opioid_ed,25_44,extreme,68,item_drug_VIENVA,drug,7.353240271266866e-11,0.0,1.4706480542533731e-10,False,False
non_opioid_ed,25_44,high,1,pgx_num_drugs,pgx,0.9999999998087852,0.9999999998248624,0.999999999792708,True,False
non_opioid_ed,25_44,high,2,pgx_num_cpic_drugs,pgx,0.0840510056365823,0.1318219598772429,0.0362800513959217,True,False
non_opioid_ed,25_44,high,3,item_drug_PREDNISONE,drug,0.0369323020763583,0.0663163522940285,0.0075482518586882,True,False
non_opioid_ed,25_44,high,4,item_drug_CEPHALEXIN,drug,0.0247664083482266,0.0444004320922825,0.0051323846041708,True,False
non_opioid_ed,25_44,high,5,item_drug_NAPROXEN,drug,0.0129737814766489,0.0245351968945976,0.0014123660587001,True,False
non_opioid_ed,25_44,high,6,item_drug_FLUCONAZOLE,drug,0.0122067907060834,0.0231517148299527,0.0012618665822141,True,False
non_opioid_ed,25_44,high,7,item_drug_ERYTHROMYCIN,drug,0.0096312598544152,0.0178841127102214,0.0013784069986091,True,False
non_opioid_ed,25_44,high,8,item_drug_AZITHROMYCIN,drug,0.0082143580831764,0.0158590778178584,0.0005696383484944,True,False
non_opioid_ed,25_44,high,9,item_drug_OFLOXACIN,drug,0.0070741938427513,0.0133542356235238,0.0007941520619788,True,False
non_opioid_ed,25_44,high,10,item_drug_METRONIDAZOLE,drug,0.0052107757898065,0.0101271107329009,0.0002944408467121,True,False
non_opioid_ed,25_44,high,11,item_drug_MELOXICAM,drug,0.0044821694967291,0.008731945451126,0.0002323935423321,True,False
non_opioid_ed,25_44,high,12,item_drug_DIAZEPAM,drug,0.0039322130487902,0.0076067238791814,0.000257702218399,True,False
non_opioid_ed,25_44,high,13,item_drug_METHOCARBAMOL,drug,0.0028331545471103,0.0055723372674268,9.397182679391576e-05,True,False
non_opioid_ed,25_44,high,14,item_drug_ALPRAZOLAM,drug,0.002473262724277,0.0048647829321415,8.174251641259172e-05,True,False
non_opioid_ed,25_44,high,15,item_drug_AMOXICILLIN,drug,0.0024110361337854,0.0047285768463095,9.34954212614314e-05,True,False
non_opioid_ed,25_44,high,16,item_drug_BENZONATATE,drug,0.0021161712908302,0.0041779669957599,5.437558590052222e-05,True,False
non_opioid_ed,25_44,high,17,item_drug_GABAPENTIN,drug,0.0014417152491712,0.0028634299613527,2.0000536989813508e-05,True,False
non_opioid_ed,25_44,high,18,item_drug_OMEPRAZOLE,drug,0.0013876022149059,0.0027499971882361,2.5207241575722023e-05,True,False
non_opioid_ed,25_44,high,19,item_drug_KETOCONAZOLE,drug,0.0013310852001514,0.0026408006099899,2.1369790312937636e-05,True,False
non_opioid_ed,25_44,high,20,item_drug_IBUPROFEN,drug,0.0013049083382642,0.0025736129887251,3.6203687803329176e-05,True,False
non_opioid_ed,25_44,high,21,item_drug_ACYCLOVIR,drug,0.0011390290846818,0.0022589159964673,1.914217289643e-05,False,False
non_opioid_ed,25_44,high,22,item_drug_LISINOPRIL,drug,0.0009930160862145,0.0019726799076211,1.3352264807976467e-05,False,False
non_opioid_ed,25_44,high,23,item_drug_NUVARING,drug,0.0008564377634613,0.0016940077562886,1.8867770634146887e-05,False,False
non_opioid_ed,25_44,high,24,item_drug_LORAZEPAM,drug,0.0008485119246952,0.0016884226448635,8.601204526967912e-06,False,False
non_opioid_ed,25_44,high,25,item_drug_OCELLA,drug,0.0006609915416685,0.0013097474987593,1.2235584577678696e-05,False,False
non_opioid_ed,25_44,high,26,item_drug_TRINESSA,drug,0.0003126384771787,0.0006213655054303,3.911448927063398e-06,False,False
non_opioid_ed,25_44,high,27,item_drug_MUPIROCIN,drug,0.0002466372767469,0.000491724064361,1.5504891329426674e-06,False,False
non_opioid_ed,25_44,high,28,item_drug_GIANVI,drug,0.0001977256403235,0.00039366647714,1.7848035071201965e-06,False,False
non_opioid_ed,25_44,high,29,item_drug_GATIFLOXACIN,drug,0.0001802397694564,0.0003593769482183,1.10259069453007e-06,False,False
non_opioid_ed,25_44,high,30,item_drug_MIRENA,drug,0.0001283270238438,0.0002559962713802,6.577763075658839e-07,False,False
non_opioid_ed,25_44,high,31,item_drug_FINASTERIDE,drug,0.0001132731901097,0.0002259208443604,6.255358590268944e-07,False,False
non_opioid_ed,25_44,high,32,item_drug_SPIRONOLACTONE,drug,0.0001092507603227,0.0002176597534206,8.417672248189586e-07,False,False
non_opioid_ed,25_44,high,33,item_drug_XULANE,drug,0.0001087534514665,0.0002169756158229,5.312871101035289e-07,False,False
non_opioid_ed,25_44,high,34,item_drug_LEVOFLOXACIN,drug,0.0001049763422553,0.0002097230727724,2.2961173829061998e-07,False,False
non_opioid_ed,25_44,high,35,item_drug_TRETINOIN,drug,9.598200096792195e-05,0.0001917908452065,1.731567292713468e-07,False,False
non_opioid_ed,25_44,high,36,item_drug_NABUMETONE,drug,9.077463103259816e-05,0.0001812914370769,2.578249882900289e-07,False,False
non_opioid_ed,25_44,high,37,item_drug_TOPIRAMATE,drug,9.002292269963511e-05,0.0001799356214973,1.1022390191027615e-07,False,False
non_opioid_ed,25_44,high,38,item_drug_CLONAZEPAM,drug,8.94589378046515e-05,0.0001787735958628,1.4427974645837868e-07,False,False
non_opioid_ed,25_44,high,39,item_drug_BOOSTRIX,drug,8.660069009174868e-05,0.0001730167581779,1.846220055538747e-07,False,False
non_opioid_ed,25_44,high,40,item_drug_CEFDINIR,drug,7.562160263920605e-05,0.000151135487553,1.0771772531748828e-07,False,False
non_opioid_ed,25_44,high,41,item_drug_ACZONE,drug,7.524053478513977e-05,0.0001503836663029,9.740326730431333e-08,False,False
non_opioid_ed,25_44,high,42,item_drug_ORSYTHIA,drug,7.432512371147606e-05,0.0001483415317756,3.087156473288363e-07,False,False
non_opioid_ed,25_44,high,43,item_drug_INDOMETHACIN,drug,6.859840538368843e-05,0.000137076470551,1.2034021632203538e-07,False,False
non_opioid_ed,25_44,high,44,item_drug_HYDROCHLOROTHIAZIDE,drug,5.583041748970808e-05,0.0001116282966193,3.253836008882488e-08,False,False
non_opioid_ed,25_44,high,45,item_drug_VYVANSE,drug,5.53489011478136e-05,0.000110636408711,6.139358456405728e-08,False,False
non_opioid_ed,25_44,high,46,item_drug_FLUOROMETHOLONE,drug,4.938850940314885e-05,9.869917032670948e-05,7.784847958822301e-08,False,False
non_opioid_ed,25_44,high,47,item_drug_SYNTHROID,drug,4.59874606094912e-05,9.193881790378044e-05,3.610331520196537e-08,False,False
non_opioid_ed,25_44,high,48,item_drug_CLARITHROMYCIN,drug,4.1936450719081706e-05,8.38342740283229e-05,3.8627409840513666e-08,False,False
non_opioid_ed,25_44,high,49,item_drug_NORETHINDRONE,drug,4.090452820705928e-05,8.170586719235345e-05,1.031892217651064e-07,False,False
non_opioid_ed,25_44,high,50,item_drug_COLCHICINE,drug,4.018486517674691e-05,8.030849402171064e-05,6.12363317831781e-08,False,False
non_opioid_ed,25_44,high,51,item_drug_DESONIDE,drug,3.254522657504352e-05,6.50645255878583e-05,2.5927562228746857e-08,False,False
non_opioid_ed,25_44,high,52,item_drug_ESTRADIOL,drug,3.06182007003855e-05,6.119944411749398e-05,3.695728327702473e-08,False,False
non_opioid_ed,25_44,high,53,item_drug_SIMVASTATIN,drug,3.03136556518946e-05,6.059069976536444e-05,3.661153842475328e-08,False,False
non_opioid_ed,25_44,high,54,item_drug_MISOPROSTOL,drug,2.9627633165619845e-05,5.917102438687436e-05,8.424194436532923e-08,False,False
non_opioid_ed,25_44,high,55,item_drug_LORATADINE,drug,2.9426364158632183e-05,5.883718934373812e-05,1.5538973526241485e-08,False,False
non_opioid_ed,25_44,high,56,item_drug_LORYNA,drug,1.881396052238995e-05,3.759233593289517e-05,3.558511188472385e-08,False,False
non_opioid_ed,25_44,high,57,item_drug_ALLOPURINOL,drug,1.699512712688628e-05,3.396998533647817e-05,2.0268917294394746e-08,False,False
non_opioid_ed,25_44,high,58,item_drug_CIALIS,drug,1.3512093558038189e-05,2.7004644779356017e-05,1.9542336720358282e-08,False,False
non_opioid_ed,25_44,high,59,item_drug_TAMIFLU,drug,1.054658480965729e-05,2.1090425477558333e-05,2.744141756246342e-09,False,False
non_opioid_ed,25_44,high,60,item_drug_CIPRODEX,drug,9.433344175708178e-06,1.886347893114967e-05,3.2094202666854716e-09,False,False
non_opioid_ed,25_44,high,61,item_drug_FUROSEMIDE,drug,4.260759163833575e-06,8.520780655676622e-06,7.376719905268376e-10,False,False
non_opioid_ed,25_44,high,62,item_drug_DICLEGIS,drug,3.788628037241462e-06,7.576217617837596e-06,1.0384566453275112e-09,False,False
non_opioid_ed,25_44,high,63,item_drug_LAMOTRIGINE,drug,3.0376040258967606e-06,6.075044725056344e-06,1.6332673717756442e-10,False,False
non_opioid_ed,25_44,high,64,item_drug_EPINEPHRINE,drug,2.460690614792457e-06,4.918840084284143e-06,2.5411453007712804e-09,False,False
non_opioid_ed,25_44,high,65,item_drug_LIDOCAINE,drug,1.7434784260840195e-06,3.4869568521680395e-06,0.0,False,False
non_opioid_ed,25_44,high,66,item_drug_TERCONAZOLE,drug,1.2550568622523335e-06,2.509945042179492e-06,1.6868232517541766e-10,False,False
non_opioid_ed,25_44,high,67,item_drug_CAMILA,drug,8.636124793257176e-07,1.7271303780788944e-06,9.458057254078851e-11,False,False
non_opioid_ed,25_44,high,68,item_drug_VIENVA,drug,1.166856646236188e-10,0.0,2.333713292472376e-10,False,False
opioid_ed,45_54,low,1,pgx_num_drugs,pgx,0.999999999141803,0.9999999999240116,0.9999999983595944,True,False
opioid_ed,45_54,low,2,item_drug_GABAPENTIN,drug,0.2140535270846381,0.2176833345699671,0.2104237195993092,True,False
opioid_ed,45_54,low,3,item_drug_AZITHROMYCIN,drug,0.0543149809001475,0.0727234448577282,0.0359065169425668,True,False
opioid_ed,45_54,low,4,pgx_num_cpic_drugs,pgx,0.0406143520818712,0.0732022648806948,0.0080264392830475,True,False
opioid_ed,45_54,low,5,item_drug_ALPRAZOLAM,drug,0.040342955987919,0.0548490460425009,0.0258368659333372,True,False
opioid_ed,45_54,low,6,item_drug_CLONAZEPAM,drug,0.0363029218722339,0.0542420081032177,0.01836383564125,True,False
opioid_ed,45_54,low,7,item_drug_OMEPRAZOLE,drug,0.0277273118156401,0.0390032197009504,0.0164514039303297,True,False
opioid_ed,45_54,low,8,item_drug_SIMVASTATIN,drug,0.0237527672740169,0.0379492193002537,0.0095563152477802,True,False
opioid_ed,45_54,low,9,item_drug_DIAZEPAM,drug,0.0230477568881899,0.0338060045511541,0.0122895092252257,True,False
opioid_ed,45_54,low,10,item_drug_AMOXICILLIN,drug,0.0213737865455187,0.0322194695345147,0.0105281035565227,True,False
opioid_ed,45_54,low,11,item_drug_LORAZEPAM,drug,0.0202629712740377,0.0325866193503181,0.0079393231977573,True,False
opioid_ed,45_54,low,12,item_drug_LYRICA,drug,0.0198562649931592,0.0329583832349065,0.0067541467514119,True,False
opioid_ed,45_54,low,13,item_drug_OXYCONTIN,drug,0.0192207905794851,0.030768630541602,0.0076729506173682,True,False
opioid_ed,45_54,low,14,item_drug_FUROSEMIDE,drug,0.0189917773388459,0.0298706402893215,0.0081129143883702,True,False
opioid_ed,45_54,low,15,item_drug_CEPHALEXIN,drug,0.0177534098691637,0.0242199870030041,0.0112868327353233,True,False
opioid_ed,45_54,low,16,item_drug_HYDROCHLOROTHIAZIDE,drug,0.0175525709922515,0.0270256952132481,0.0080794467712549,True,False
opioid_ed,45_54,low,17,item_drug_NAPROXEN,drug,0.0170764482359841,0.0262537138946709,0.0078991825772973,True,False
opioid_ed,45_54,low,18,item_drug_BENZONATATE,drug,0.0159471658349828,0.0260423625957296,0.0058519690742361,True,False
opioid_ed,45_54,low,19,item_drug_BACLOFEN,drug,0.0143519363271114,0.0234726830506808,0.0052311896035421,True,False
opioid_ed,45_54,low,20,item_drug_ARIPIPRAZOLE,drug,0.0131915174457562,0.021495717557629,0.0048873173338834,True,False
opioid_ed,45_54,low,21,item_drug_LISINOPRIL,drug,0.0131836697423324,0.0181778173449949,0.0081895221396699,False,False
opioid_ed,45_54,low,22,item_drug_IBUPROFEN,drug,0.0119991512021329,0.0180035490912222,0.0059947533130436,False,False
opioid_ed,45_54,low,23,item_drug_LIDOCAINE,drug,0.0110272889569967,0.0179765259331995,0.0040780519807938,False,False
opioid_ed,45_54,low,24,item_drug_RISPERIDONE,drug,0.010698494102513,0.0181357448667905,0.0032612433382356,False,False
opioid_ed,45_54,low,25,item_drug_MIRTAZAPINE,drug,0.0101472600888332,0.0170083123240047,0.0032862078536616,False,False
opioid_ed,45_54,low,26,item_drug_METRONIDAZOLE,drug,0.008978332664466,0.0152018844211473,0.0027547809077847,False,False
opioid_ed,45_54,low,27,item_drug_FLUOCINONIDE,drug,0.008793115728462,0.0146202828415203,0.0029659486154036,False,False
opioid_ed,45_54,low,28,item_drug_PREDNISONE,drug,0.0084979458189563,0.0112220006443049,0.0057738909936077,False,False
opioid_ed,45_54,low,29,item_drug_SYMBICORT,drug,0.0081263256483428,0.0136773175654855,0.0025753337312001,False,False
opioid_ed,45_54,low,30,item_drug_KETOCONAZOLE,drug,0.0078964542550006,0.0133617406688972,0.002431167841104,False,False
opioid_ed,45_54,low,31,item_drug_LAMOTRIGINE,drug,0.0067102387796915,0.010945851582848,0.0024746259765349,False,False
opioid_ed,45_54,low,32,item_drug_OLANZAPINE,drug,0.0065379802286573,0.0107596920150178,0.0023162684422967,False,False
opioid_ed,45_54,low,33,item_drug_SYNTHROID,drug,0.0059057921130634,0.0105725367770767,0.0012390474490502,False,False
opioid_ed,45_54,low,34,item_drug_TOPIRAMATE,drug,0.0058714965796998,0.009687165588426,0.0020558275709736,False,False
opioid_ed,45_54,low,35,item_drug_NEXIUM,drug,0.0058281350755138,0.0097750356358664,0.0018812345151612,False,False
opioid_ed,45_54,low,36,item_drug_FLUCONAZOLE,drug,0.005163241533992,0.0086494760323354,0.0016770070356486,False,False
opioid_ed,45_54,low,37,item_drug_HALOPERIDOL,drug,0.0047260156930593,0.0076817818909481,0.0017702494951706,False,False
opioid_ed,45_54,low,38,item_drug_ERYTHROMYCIN,drug,0.0045093077740669,0.008025175814339,0.0009934397337949,False,False
opioid_ed,45_54,low,39,item_drug_CIALIS,drug,0.0044317402228367,0.0080284713183606,0.0008350091273127,False,False
opioid_ed,45_54,low,40,item_drug_LATUDA,drug,0.0043168037669258,0.0076692111644662,0.0009643963693853,False,False
opioid_ed,45_54,low,41,item_drug_LORATADINE,drug,0.0041347774998683,0.0074384490569397,0.000831105942797,False,False
opioid_ed,45_54,low,42,item_drug_CHLORZOXAZONE,drug,0.0034477237887509,0.0058286442117206,0.0010668033657812,False,False
opioid_ed,45_54,low,43,item_drug_MELOXICAM,drug,0.0033966538644329,0.0058434957691023,0.0009498119597636,False,False
opioid_ed,45_54,low,44,item_drug_LEVOFLOXACIN,drug,0.0033008907789942,0.0055112765239837,0.0010905050340047,False,False
opioid_ed,45_54,low,45,item_drug_LINZESS,drug,0.0031176927506457,0.0054963069726186,0.0007390785286729,False,False
opioid_ed,45_54,low,46,item_drug_CARISOPRODOL,drug,0.0031078743714937,0.0055038648018857,0.0007118839411017,False,False
opioid_ed,45_54,low,47,item_drug_GLIMEPIRIDE,drug,0.0029946472227493,0.0053181981070399,0.0006710963384588,False,False
opioid_ed,45_54,low,48,item_drug_BYSTOLIC,drug,0.0029430610891236,0.0052897514294039,0.0005963707488433,False,False
opioid_ed,45_54,low,49,item_drug_VOLTAREN,drug,0.0029272239158255,0.0053695772080668,0.0004848706235841,False,False
opioid_ed,45_54,low,50,item_drug_METHOTREXATE,drug,0.0029247220908709,0.0050415543098652,0.0008078898718766,False,False
opioid_ed,45_54,low,51,item_drug_ASPIRIN,drug,0.0028343718296336,0.0050620542226404,0.0006066894366269,False,False
opioid_ed,45_54,low,52,item_drug_CELECOXIB,drug,0.0027581917295369,0.0049201839265854,0.0005961995324885,False,False
opioid_ed,45_54,low,53,item_drug_MUPIROCIN,drug,0.0027087707529187,0.0048457874677879,0.0005717540380495,False,False
opioid_ed,45_54,low,54,item_drug_INDOMETHACIN,drug,0.0025649969804376,0.0046962088993543,0.0004337850615209,False,False
opioid_ed,45_54,low,55,item_drug_LACTULOSE,drug,0.0025413378530819,0.0044890754548562,0.0005936002513076,False,False
opioid_ed,45_54,low,56,item_drug_DEXAMETHASONE,drug,0.0025378463204895,0.004467671959872,0.000608020681107,False,False
opioid_ed,45_54,low,57,item_drug_ATENOLOL,drug,0.0024540533473614,0.0046572060178793,0.0002509006768436,False,False
opioid_ed,45_54,low,58,item_drug_LANTUS,drug,0.0023948596515398,0.0043057839015695,0.00048393540151,False,False
opioid_ed,45_54,low,59,item_drug_ACYCLOVIR,drug,0.002074086144461,0.003926061653083,0.000222110635839,False,False
opioid_ed,45_54,low,60,item_drug_ETODOLAC,drug,0.0020603665030444,0.0037013942212536,0.0004193387848353,False,False
opioid_ed,45_54,low,61,item_drug_CARVEDILOL,drug,0.0020476872681351,0.003695708673806,0.0003996658624643,False,False
opioid_ed,45_54,low,62,item_drug_PROGESTERONE,drug,0.0017934538860176,0.0033393305597414,0.0002475772122938,False,False
opioid_ed,45_54,low,63,item_drug_METHOCARBAMOL,drug,0.0017448197217107,0.0032882213985186,0.0002014180449027,False,False
opioid_ed,45_54,low,64,item_drug_ALLOPURINOL,drug,0.0016988769939549,0.003225115154421,0.0001726388334888,False,False
opioid_ed,45_54,low,65,item_drug_LEVETIRACETAM,drug,0.0016876263670976,0.0031439358886576,0.0002313168455376,False,False
opioid_ed,45_54,low,66,item_drug_OXCARBAZEPINE,drug,0.0016567363139515,0.0030993877439058,0.0002140848839973,False,False
opioid_ed,45_54,low,67,item_drug_EPINEPHRINE,drug,0.0016499171886547,0.0030515254051859,0.0002483089721235,False,False
opioid_ed,45_54,low,68,item_drug_FENOFIBRATE,drug,0.0012886244930553,0.0023181150330906,0.00025913395302,False,False
opioid_ed,45_54,low,69,item_drug_LATANOPROST,drug,0.0012474501560629,0.0023074626402058,0.0001874376719201,False,False
opioid_ed,45_54,low,70,item_drug_FAMOTIDINE,drug,0.0012381336230779,0.0023395287809349,0.0001367384652209,False,False
opioid_ed,45_54,low,71,item_drug_IBU,drug,0.0010209188948809,0.0017775049749799,0.0002643328147819,False,False
opioid_ed,45_54,low,72,item_drug_SHINGRIX,drug,0.0009477647506221,0.0018171309172821,7.839858396211699e-05,False,False
opioid_ed,45_54,low,73,item_drug_DESONIDE,drug,0.000853249197191,0.0016244047526075,8.20936417745824e-05,False,False
opioid_ed,45_54,low,74,item_drug_MOVANTIK,drug,0.0008273998382526,0.0015613829889462,9.341668755905638e-05,False,False
opioid_ed,45_54,low,75,item_drug_CEFDINIR,drug,0.0008083694622011,0.00146503420974,0.0001517047146622,False,False
opioid_ed,45_54,low,76,item_drug_DULERA,drug,0.0007473139294084,0.0014259799935252,6.864786529171519e-05,False,False
opioid_ed,45_54,low,77,item_drug_LOVASTATIN,drug,0.0006692231112486,0.0012758893847376,6.255683775969174e-05,False,False
opioid_ed,45_54,low,78,item_drug_XARELTO,drug,0.000636774003807,0.0012342906121478,3.925739546619819e-05,False,False
opioid_ed,45_54,low,79,item_drug_PREMARIN,drug,0.0006054067069257,0.0011864547430255,2.4358670825940657e-05,False,False
opioid_ed,45_54,low,80,item_drug_ESZOPICLONE,drug,0.0006022117190462,0.0011537514653097,5.067197278266811e-05,False,False
opioid_ed,45_54,low,81,item_drug_OFLOXACIN,drug,0.0005920198450268,0.001162478738926,2.156095112767835e-05,False,False
opioid_ed,45_54,low,82,item_drug_LANSOPRAZOLE,drug,0.0005582827116782,0.0010721769126579,4.438851069848108e-05,False,False
opioid_ed,45_54,low,83,item_drug_CLARITHROMYCIN,drug,0.0005340495382351,0.001045799876571,2.2299199899359948e-05,False,False
opioid_ed,45_54,low,84,item_drug_NUCYNTA,drug,0.0004234094127462,0.0008305775320478,1.6241293444529078e-05,False,False
opioid_ed,45_54,low,85,item_drug_CYANOCOBALAMIN,drug,0.0004104641877945,0.0007830722589628,3.785611662618272e-05,False,False
opioid_ed,45_54,low,86,item_drug_CARAFATE,drug,0.0003983764244195,0.0007447728997867,5.197994905228682e-05,False,False
opioid_ed,45_54,low,87,item_drug_VALSARTAN,drug,0.0003869717318008,0.0007590163843008,1.4927079300848956e-05,False,False
opioid_ed,45_54,low,88,item_drug_SPIRONOLACTONE,drug,0.0003725788998898,0.0007003920449261,4.476575485365217e-05,False,False
opioid_ed,45_54,low,89,item_drug_METAXALONE,drug,0.0003724399457914,0.0007084274226737,3.645246890923878e-05,False,False
opioid_ed,45_54,low,90,item_drug_CLOPIDOGREL,drug,0.000369065063329,0.0006384302626361,9.969986402194647e-05,False,False
opioid_ed,45_54,low,91,item_drug_INVOKANA,drug,0.0003593772901721,0.0007019708288431,1.6783751501050627e-05,False,False
opioid_ed,45_54,low,92,item_drug_TEMAZEPAM,drug,0.000316703743405,0.0006012070193894,3.2200467420656315e-05,False,False
opioid_ed,45_54,low,93,item_drug_DEXILANT,drug,0.0002831341191262,0.000558561601973,7.706636279509978e-06,False,False
opioid_ed,45_54,low,94,item_drug_VYVANSE,drug,0.0002604745435772,0.0005038936378036,1.7055449350795514e-05,False,False
opioid_ed,45_54,low,95,item_drug_CRESTOR,drug,0.0002443035198564,0.000478153357156,1.0453682556936184e-05,False,False
opioid_ed,45_54,low,96,item_drug_AMITIZA,drug,0.0002152235945667,0.000423831149169,6.616039964431528e-06,False,False
opioid_ed,45_54,low,97,item_drug_GLYBURIDE,drug,0.0001253262996491,0.0002472806948396,3.3719044586125176e-06,False,False
opioid_ed,45_54,low,98,item_drug_JANUVIA,drug,0.0001182785454755,0.0002268248028365,9.73228811450074e-06,False,False
opioid_ed,45_54,low,99,item_drug_NABUMETONE,drug,0.000117880203214,0.0002332969139012,2.4634925268905573e-06,False,False
opioid_ed,45_54,low,100,item_drug_SUCRALFATE,drug,0.0001112587536652,0.0002168401215931,5.677385737361489e-06,False,False
opioid_ed,45_54,low,101,item_drug_CLOTRIMAZOLE,drug,9.168484014796178e-05,0.0001810609555312,2.3087247646468757e-06,False,False
opioid_ed,45_54,low,102,item_drug_CHLORTHALIDONE,drug,7.899665175753137e-05,0.0001571780103225,8.152931925215119e-07,False,False
opioid_ed,45_54,low,103,item_drug_GLIPIZIDE,drug,6.845401497245812e-05,0.0001301170933055,6.790936639385037e-06,False,False
opioid_ed,45_54,low,104,item_drug_NYSTATIN,drug,2.21409469527224e-05,4.027867552275999e-05,4.003218382684813e-06,False,False
opioid_ed,45_54,low,105,item_drug_ESTRADIOL,drug,1.3150893189169503e-05,2.458702368612777e-05,1.714762692211239e-06,False,False
opioid_ed,45_54,low,106,item_drug_HYDROCORTISONE,drug,5.047061789536191e-06,9.52347912857437e-06,5.706444504980112e-07,False,False
opioid_ed,45_54,medium,1,pgx_num_drugs,pgx,0.9999999991439312,0.9999999999282678,0.9999999983595944,True,False
opioid_ed,45_54,medium,2,item_drug_GABAPENTIN,drug,0.2476502195547552,0.2518558710345359,0.2434445680749745,True,False
opioid_ed,45_54,medium,3,item_drug_AZITHROMYCIN,drug,0.0607470232993843,0.0813389608028687,0.0401550857959,True,False
opioid_ed,45_54,medium,4,item_drug_ALPRAZOLAM,drug,0.0512224152767984,0.0696468527790874,0.0327979777745094,True,False
opioid_ed,45_54,medium,5,pgx_num_cpic_drugs,pgx,0.0495013537246496,0.0892216028966509,0.0097811045526484,True,False
opioid_ed,45_54,medium,6,item_drug_CLONAZEPAM,drug,0.0420991305100414,0.0629057628213634,0.0212924981987194,True,False
opioid_ed,45_54,medium,7,item_drug_OMEPRAZOLE,drug,0.0358640702696375,0.0504553724890142,0.0212727680502607,True,False
opioid_ed,45_54,medium,8,item_drug_SIMVASTATIN,drug,0.0323346127995509,0.0516653918006992,0.0130038337984026,True,False
opioid_ed,45_54,medium,9,item_drug_DIAZEPAM,drug,0.028033276056775,0.0411231546129035,0.0149433975006466,True,False
opioid_ed,45_54,medium,10,item_drug_AMOXICILLIN,drug,0.0252249561378521,0.038028428681111,0.0124214835945932,True,False
opioid_ed,45_54,medium,11,item_drug_LORAZEPAM,drug,0.0251376801744982,0.0404296345643255,0.0098457257846709,True,False
opioid_ed,45_54,medium,12,item_drug_LYRICA,drug,0.0240002575877771,0.0398395484536862,0.008160966721868,True,False
opioid_ed,45_54,medium,13,item_drug_OXYCONTIN,drug,0.0238428617845162,0.0381712862958703,0.0095144372731622,True,False
opioid_ed,45_54,medium,14,item_drug_FUROSEMIDE,drug,0.0236377639599358,0.0371819004971191,0.0100936274227525,True,False
opioid_ed,45_54,medium,15,item_drug_CEPHALEXIN,drug,0.0217531394904457,0.0296821408670471,0.0138241381138443,True,False
opioid_ed,45_54,medium,16,item_drug_HYDROCHLOROTHIAZIDE,drug,0.0202693642535872,0.0312117414327363,0.0093269870744381,True,False
opioid_ed,45_54,medium,17,item_drug_NAPROXEN,drug,0.0197650946747006,0.0303903521541119,0.0091398371952893,True,False
opioid_ed,45_54,medium,18,item_drug_BACLOFEN,drug,0.0194068225013364,0.0317445629617374,0.0070690820409355,True,False
opioid_ed,45_54,medium,19,item_drug_BENZONATATE,drug,0.0184918248361743,0.0302003316744369,0.0067833179979116,True,False
opioid_ed,45_54,medium,20,item_drug_LISINOPRIL,drug,0.0152986089666512,0.0210981002362262,0.0094991176970763,True,False
opioid_ed,45_54,medium,21,item_drug_ARIPIPRAZOLE,drug,0.014907381269513,0.024293864948415,0.005520897590611,False,False
opioid_ed,45_54,medium,22,item_drug_LIDOCAINE,drug,0.014541715885091,0.0237099639692363,0.0053734678009457,False,False
opioid_ed,45_54,medium,23,item_drug_PREDNISONE,drug,0.0143250142271806,0.0189325693772242,0.0097174590771371,False,False
opioid_ed,45_54,medium,24,item_drug_FLUOCINONIDE,drug,0.013080458799058,0.0217544700345752,0.0044064475635408,False,False
opioid_ed,45_54,medium,25,item_drug_MIRTAZAPINE,drug,0.0128300224582179,0.02150821250519,0.0041518324112458,False,False
opioid_ed,45_54,medium,26,item_drug_IBUPROFEN,drug,0.0125412883946639,0.0188185487509188,0.0062640280384089,False,False
opioid_ed,45_54,medium,27,item_drug_RISPERIDONE,drug,0.0123877454423703,0.0210013171586992,0.0037741737260414,False,False
opioid_ed,45_54,medium,28,item_drug_METRONIDAZOLE,drug,0.0119227109569358,0.0201908503394937,0.003654571574378,False,False
opioid_ed,45_54,medium,29,item_drug_KETOCONAZOLE,drug,0.0110556202084659,0.018711737302007,0.0033995031149247,False,False
opioid_ed,45_54,medium,30,item_drug_SYMBICORT,drug,0.0101462715863056,0.0170800331238454,0.0032125100487659,False,False
opioid_ed,45_54,medium,31,item_drug_LAMOTRIGINE,drug,0.0086846355674436,0.0141704999170556,0.0031987712178315,False,False
opioid_ed,45_54,medium,32,item_drug_OLANZAPINE,drug,0.0085422289225714,0.0140620810757838,0.003022376769359,False,False
opioid_ed,45_54,medium,33,item_drug_SYNTHROID,drug,0.0079148054267043,0.0141715997485229,0.0016580111048857,False,False
opioid_ed,45_54,medium,34,item_drug_TOPIRAMATE,drug,0.0077839376531778,0.0128465437126685,0.002721331593687,False,False
opioid_ed,45_54,medium,35,item_drug_FLUCONAZOLE,drug,0.0068880070562632,0.0115426988417351,0.0022333152707913,False,False
opioid_ed,45_54,medium,36,item_drug_NEXIUM,drug,0.0068724957415088,0.011528991560237,0.0022159999227805,False,False
opioid_ed,45_54,medium,37,item_drug_ERYTHROMYCIN,drug,0.0056519314487371,0.0100607716998101,0.0012430911976642,False,False
opioid_ed,45_54,medium,38,item_drug_CIALIS,drug,0.0055466797909466,0.0100500383904876,0.0010433211914056,False,False
opioid_ed,45_54,medium,39,item_drug_LORATADINE,drug,0.00532573929724,0.0095830865872731,0.0010683920072068,False,False
opioid_ed,45_54,medium,40,item_drug_LATUDA,drug,0.0050888118949854,0.0090423594487691,0.0011352643412017,False,False
opioid_ed,45_54,medium,41,item_drug_HALOPERIDOL,drug,0.0048589770666158,0.0078988850304097,0.0018190691028218,False,False
opioid_ed,45_54,medium,42,item_drug_MELOXICAM,drug,0.0047472361135929,0.0081708682975846,0.0013236039296012,False,False
opioid_ed,45_54,medium,43,item_drug_LINZESS,drug,0.0043070404898374,0.0075962109574243,0.0010178700222504,False,False
opioid_ed,45_54,medium,44,item_drug_GLIMEPIRIDE,drug,0.0042919993591178,0.0076254955127945,0.0009585032054412,False,False
opioid_ed,45_54,medium,45,item_drug_DEXAMETHASONE,drug,0.0040268093177711,0.007093539068348,0.0009600795671943,False,False
opioid_ed,45_54,medium,46,item_drug_LEVOFLOXACIN,drug,0.0038957718828923,0.0065069076137543,0.0012846361520303,False,False
opioid_ed,45_54,medium,47,item_drug_VOLTAREN,drug,0.0038213925312898,0.0070116072713449,0.0006311777912348,False,False
opioid_ed,45_54,medium,48,item_drug_BYSTOLIC,drug,0.0038165328421716,0.0068618653042193,0.0007712003801238,False,False
opioid_ed,45_54,medium,49,item_drug_METHOTREXATE,drug,0.003782864452311,0.006523742425514,0.001041986479108,False,False
opioid_ed,45_54,medium,50,item_drug_ASPIRIN,drug,0.0036616619654406,0.0065418153233083,0.0007815086075728,False,False
opioid_ed,45_54,medium,51,item_drug_LANTUS,drug,0.0035829299119946,0.0064452164457647,0.0007206433782244,False,False
opioid_ed,45_54,medium,52,item_drug_MUPIROCIN,drug,0.00354990428813,0.0063528577584121,0.000746950817848,False,False
opioid_ed,45_54,medium,53,item_drug_CHLORZOXAZONE,drug,0.0035322583587804,0.0059723323154573,0.0010921844021035,False,False
opioid_ed,45_54,medium,54,item_drug_ETODOLAC,drug,0.0033375341101609,0.0059999354533607,0.0006751327669612,False,False
opioid_ed,45_54,medium,55,item_drug_CARISOPRODOL,drug,0.0033077960507788,0.0058587610687857,0.0007568310327719,False,False
opioid_ed,45_54,medium,56,item_drug_LACTULOSE,drug,0.0032360298343017,0.0057185324172628,0.0007535272513405,False,False
opioid_ed,45_54,medium,57,item_drug_CELECOXIB,drug,0.0032119691111259,0.0057311029854649,0.0006928352367869,False,False
opioid_ed,45_54,medium,58,item_drug_INDOMETHACIN,drug,0.0031142566180761,0.0057032171682155,0.0005252960679366,False,False
opioid_ed,45_54,medium,59,item_drug_ATENOLOL,drug,0.0031128775354877,0.0059084756472854,0.0003172794236901,False,False
opioid_ed,45_54,medium,60,item_drug_PROGESTERONE,drug,0.0028224710355626,0.0052578960171474,0.0003870460539777,False,False
opioid_ed,45_54,medium,61,item_drug_CARVEDILOL,drug,0.0026544867624915,0.0047929471273018,0.0005160263976813,False,False
opioid_ed,45_54,medium,62,item_drug_ACYCLOVIR,drug,0.0026084149148978,0.0049384903178586,0.0002783395119371,False,False
opioid_ed,45_54,medium,63,item_drug_METHOCARBAMOL,drug,0.0023538105654254,0.0044372823724421,0.0002703387584087,False,False
opioid_ed,45_54,medium,64,item_drug_ALLOPURINOL,drug,0.002347105044997,0.004457001705742,0.000237208384252,False,False
opioid_ed,45_54,medium,65,item_drug_EPINEPHRINE,drug,0.0021833335850805,0.0040397816669833,0.0003268855031777,False,False
opioid_ed,45_54,medium,66,item_drug_OXCARBAZEPINE,drug,0.0020445458061835,0.0038260063265922,0.0002630852857748,False,False
opioid_ed,45_54,medium,67,item_drug_LEVETIRACETAM,drug,0.001767503623356,0.003293168395984,0.0002418388507279,False,False
opioid_ed,45_54,medium,68,item_drug_FENOFIBRATE,drug,0.0016982315823647,0.0030572092108774,0.0003392539538521,False,False
opioid_ed,45_54,medium,69,item_drug_LATANOPROST,drug,0.0016947442612993,0.0031366869544504,0.0002528015681483,False,False
opioid_ed,45_54,medium,70,item_drug_FAMOTIDINE,drug,0.0014692348727394,0.002776994864263,0.0001614748812158,False,False
opioid_ed,45_54,medium,71,item_drug_CEFDINIR,drug,0.0012776343824386,0.0023190088662542,0.0002362598986231,False,False
opioid_ed,45_54,medium,72,item_drug_MOVANTIK,drug,0.0010579699225326,0.0019975850023677,0.0001183548426974,False,False
opioid_ed,45_54,medium,73,item_drug_IBU,drug,0.0009676415113308,0.0016847892030476,0.000250493819614,False,False
opioid_ed,45_54,medium,74,item_drug_CLOPIDOGREL,drug,0.000951078217512,0.001657726939078,0.0002444294959461,False,False
opioid_ed,45_54,medium,75,item_drug_ESZOPICLONE,drug,0.0008934102367851,0.0017129195192813,7.390095428906326e-05,False,False
opioid_ed,45_54,medium,76,item_drug_DULERA,drug,0.000888846949502,0.0016966894753888,8.100442361513956e-05,False,False
opioid_ed,45_54,medium,77,item_drug_SHINGRIX,drug,0.0008833303818787,0.0016935686033779,7.309216037960635e-05,False,False
opioid_ed,45_54,medium,78,item_drug_LOVASTATIN,drug,0.0008573527486879,0.0016354587986425,7.924669873332685e-05,False,False
opioid_ed,45_54,medium,79,item_drug_PREMARIN,drug,0.0008387038739011,0.001644126159089,3.328158871335554e-05,False,False
opioid_ed,45_54,medium,80,item_drug_XARELTO,drug,0.0007970078363392,0.0015454021840468,4.861348863162225e-05,False,False
opioid_ed,45_54,medium,81,item_drug_DESONIDE,drug,0.0007929951941479,0.0015096592126268,7.633117566897649e-05,False,False
opioid_ed,45_54,medium,82,item_drug_LANSOPRAZOLE,drug,0.0007602855826179,0.0014610473502554,5.952381498056018e-05,False,False
opioid_ed,45_54,medium,83,item_drug_CLARITHROMYCIN,drug,0.0007292499500239,0.001428509341764,2.999055828376448e-05,False,False
opioid_ed,45_54,medium,84,item_drug_CYANOCOBALAMIN,drug,0.0006837976043485,0.0013063641767457,6.123103195137965e-05,False,False
opioid_ed,45_54,medium,85,item_drug_CARAFATE,drug,0.000637224127819,0.0011936952886316,8.075296700640719e-05,False,False
opioid_ed,45_54,medium,86,item_drug_VALSARTAN,drug,0.0006116930599366,0.001200410169344,2.297595052918897e-05,False,False
opioid_ed,45_54,medium,87,item_drug_OFLOXACIN,drug,0.0005848903289455,0.0011485221774531,2.125848043809404e-05,False,False
opioid_ed,45_54,medium,88,item_drug_SPIRONOLACTONE,drug,0.0005760818918455,0.0010849535156636,6.72102680275244e-05,False,False
opioid_ed,45_54,medium,89,item_drug_NUCYNTA,drug,0.0005249867857369,0.0010301249060343,1.984866543951324e-05,False,False
opioid_ed,45_54,medium,90,item_drug_TEMAZEPAM,drug,0.0004328914270474,0.0008229377173597,4.284513673522113e-05,False,False
opioid_ed,45_54,medium,91,item_drug_METAXALONE,drug,0.0004267487071775,0.0008122754177582,4.122199659684726e-05,False,False
opioid_ed,45_54,medium,92,item_drug_DEXILANT,drug,0.000409557817237,0.0008082828421596,1.0832792314355464e-05,False,False
opioid_ed,45_54,medium,93,item_drug_INVOKANA,drug,0.0004091989553138,0.0007995230287644,1.8874881863272865e-05,False,False
opioid_ed,45_54,medium,94,item_drug_CRESTOR,drug,0.0003341752396245,0.0006544968265385,1.3853652710657674e-05,False,False
opioid_ed,45_54,medium,95,item_drug_AMITIZA,drug,0.0002903846842473,0.0005721285241174,8.640844377316187e-06,False,False
opioid_ed,45_54,medium,96,item_drug_VYVANSE,drug,0.000244234897822,0.000472470433102,1.599936254206007e-05,False,False
opioid_ed,45_54,medium,97,item_drug_NABUMETONE,drug,0.0002181193474432,0.0004320361488596,4.202546026803272e-06,False,False
opioid_ed,45_54,medium,98,item_drug_SUCRALFATE,drug,0.0001783641286455,0.0003483687053777,8.3595519132801e-06,False,False
opioid_ed,45_54,medium,99,item_drug_JANUVIA,drug,0.0001708212926829,0.000328546441535,1.3096143830784312e-05,False,False
opioid_ed,45_54,medium,100,item_drug_GLYBURIDE,drug,0.0001589872158161,0.0003138755307573,4.098900874917681e-06,False,False
opioid_ed,45_54,medium,101,item_drug_CLOTRIMAZOLE,drug,0.0001387433950666,0.0002742612517053,3.2255384279765244e-06,False,False
opioid_ed,45_54,medium,102,item_drug_CHLORTHALIDONE,drug,0.0001310342132358,0.0002608006631897,1.2677632818893336e-06,False,False
opioid_ed,45_54,medium,103,item_drug_NYSTATIN,drug,0.0001298741756587,0.0002474848224521,1.226352886537126e-05,False,False
opioid_ed,45_54,medium,104,item_drug_GLIPIZIDE,drug,0.0001270997907794,0.0002434396753233,1.07599062356192e-05,False,False
opioid_ed,45_54,medium,105,item_drug_ESTRADIOL,drug,5.766470448033402e-05,0.0001118055509147,3.5238580459557844e-06,False,False
opioid_ed,45_54,medium,106,item_drug_HYDROCORTISONE,drug,4.782849062817213e-05,9.42553350616855e-05,1.4016461946587772e-06,False,False
opioid_ed,45_54,extreme,1,item_drug_GABAPENTIN,drug,0.9999999990863288,0.9999999998700368,0.9999999983026208,True,False
opioid_ed,45_54,extreme,2,pgx_num_drugs,pgx,0.9662873411208824,0.9497909356944146,0.9827837465473502,True,False
opioid_ed,45_54,extreme,3,item_drug_ALPRAZOLAM,drug,0.2383979053709797,0.3206430409557671,0.1561527697861923,True,False
opioid_ed,45_54,extreme,4,item_drug_FUROSEMIDE,drug,0.1965889643373921,0.3070417195366128,0.0861362091381715,True,False
opioid_ed,45_54,extreme,5,item_drug_AZITHROMYCIN,drug,0.1729496767345357,0.2289723488561588,0.1169270046129125,True,False
opioid_ed,45_54,extreme,6,item_drug_LIDOCAINE,drug,0.1482088468767634,0.2402049966556662,0.0562126970978607,True,False
opioid_ed,45_54,extreme,7,item_drug_CLONAZEPAM,drug,0.1391963003595366,0.2062058632303261,0.0721867374887471,True,False
opioid_ed,45_54,extreme,8,item_drug_LORAZEPAM,drug,0.1383073845395888,0.2209863294159988,0.0556284396631787,True,False
opioid_ed,45_54,extreme,9,item_drug_DIAZEPAM,drug,0.129520364412956,0.1883034308472077,0.0707372979787042,True,False
opioid_ed,45_54,extreme,10,item_drug_PREDNISONE,drug,0.1237171527626417,0.1617462557567178,0.0856880497685655,True,False
opioid_ed,45_54,extreme,11,item_drug_OXYCONTIN,drug,0.1223486304210298,0.1945680002928697,0.0501292605491899,True,False
opioid_ed,45_54,extreme,12,item_drug_LYRICA,drug,0.1134559875586467,0.1872586170880059,0.0396533580292876,True,False
opioid_ed,45_54,extreme,13,item_drug_CEPHALEXIN,drug,0.11060955437356,0.14934371532238,0.07187539342474,True,False
opioid_ed,45_54,extreme,14,item_drug_AMOXICILLIN,drug,0.108895581750207,0.1628150652303418,0.0549760982700722,True,False
opioid_ed,45_54,extreme,15,item_drug_OMEPRAZOLE,drug,0.1055765631393077,0.1470387789246035,0.0641143473540119,True,False
opioid_ed,45_54,extreme,16,item_drug_METRONIDAZOLE,drug,0.09483044831309,0.1598003327784893,0.0298605638476906,True,False
opioid_ed,45_54,extreme,17,item_drug_SIMVASTATIN,drug,0.0916971983044129,0.1455150818683594,0.0378793147404665,True,False
opioid_ed,45_54,extreme,18,item_drug_BACLOFEN,drug,0.0903354543249378,0.1468692251206122,0.0338016835292635,True,False
opioid_ed,45_54,extreme,19,item_drug_OLANZAPINE,drug,0.0818415292540547,0.1339864634025159,0.0296965951055935,True,False
opioid_ed,45_54,extreme,20,item_drug_ARIPIPRAZOLE,drug,0.0815523117912131,0.1320946031842165,0.0310100203982097,True,False
opioid_ed,45_54,extreme,21,item_drug_LISINOPRIL,drug,0.0749035350074033,0.1022553889419454,0.0475516810728611,False,False
opioid_ed,45_54,extreme,22,item_drug_MIRTAZAPINE,drug,0.0659646216085176,0.1099982062443064,0.0219310369727288,False,False
opioid_ed,45_54,extreme,23,item_drug_SYMBICORT,drug,0.0658427351066837,0.1102774191382045,0.0214080510751629,False,False
opioid_ed,45_54,extreme,24,item_drug_DEXAMETHASONE,drug,0.0623819594626092,0.1095344135012025,0.015229505424016,False,False
opioid_ed,45_54,extreme,25,item_drug_RISPERIDONE,drug,0.0600436445745309,0.1012866547165961,0.0188006344324657,False,False
opioid_ed,45_54,extreme,26,item_drug_KETOCONAZOLE,drug,0.0564522338550039,0.0950695999169665,0.0178348677930412,False,False
opioid_ed,45_54,extreme,27,item_drug_NAPROXEN,drug,0.0555838881206425,0.0847989994614803,0.0263687767798047,False,False
opioid_ed,45_54,extreme,28,item_drug_NEXIUM,drug,0.052990340551688,0.0884566353867471,0.017524045716629,False,False
opioid_ed,45_54,extreme,29,item_drug_LANTUS,drug,0.0486740251336911,0.0873234411019313,0.0100246091654508,False,False
opioid_ed,45_54,extreme,30,item_drug_BENZONATATE,drug,0.048331237876929,0.078443580060464,0.0182188956933941,False,False
opioid_ed,45_54,extreme,31,item_drug_LEVOFLOXACIN,drug,0.0454072166351818,0.0755062522695352,0.0153081810008283,False,False
opioid_ed,45_54,extreme,32,item_drug_LORATADINE,drug,0.0450412025730996,0.0808052218368981,0.0092771833093011,False,False
opioid_ed,45_54,extreme,33,item_drug_FLUOCINONIDE,drug,0.0450343318346437,0.0744796466478565,0.0155890170214309,False,False
opioid_ed,45_54,extreme,34,item_drug_LACTULOSE,drug,0.044733842436292,0.0788156226682953,0.0106520622042887,False,False
opioid_ed,45_54,extreme,35,item_drug_HALOPERIDOL,drug,0.0445867162575927,0.0720957899690287,0.0170776425461566,False,False
opioid_ed,45_54,extreme,36,item_drug_IBUPROFEN,drug,0.0401009021656234,0.0596770213136219,0.0205247830176249,False,False
opioid_ed,45_54,extreme,37,item_drug_FLUCONAZOLE,drug,0.037258717908089,0.0621228484770965,0.0123945873390815,False,False
opioid_ed,45_54,extreme,38,item_drug_ASPIRIN,drug,0.0346227725620954,0.0616760879603375,0.0075694571638534,False,False
opioid_ed,45_54,extreme,39,item_drug_ERYTHROMYCIN,drug,0.0337042031916885,0.0597947412192556,0.0076136651641214,False,False
opioid_ed,45_54,extreme,40,item_drug_TOPIRAMATE,drug,0.0323664436352254,0.0531202256641864,0.0116126616062644,False,False
opioid_ed,45_54,extreme,41,item_drug_LAMOTRIGINE,drug,0.028962234697061,0.0469742144026836,0.0109502549914383,False,False
opioid_ed,45_54,extreme,42,item_drug_VOLTAREN,drug,0.0262237560363279,0.0480033379983046,0.0044441740743512,False,False
opioid_ed,45_54,extreme,43,pgx_num_cpic_drugs,pgx,0.0260248216367076,0.0467400082848823,0.0053096349885329,False,False
opioid_ed,45_54,extreme,44,item_drug_HYDROCHLOROTHIAZIDE,drug,0.0251940626132333,0.038480873489176,0.0119072517372907,False,False
opioid_ed,45_54,extreme,45,item_drug_LEVETIRACETAM,drug,0.0244069404574318,0.0454141743063048,0.0033997066085587,False,False
opioid_ed,45_54,extreme,46,item_drug_LATUDA,drug,0.0222223493489553,0.0393520816611908,0.0050926170367197,False,False
opioid_ed,45_54,extreme,47,item_drug_LINZESS,drug,0.0216711590277274,0.0380876138405013,0.0052547042149536,False,False
opioid_ed,45_54,extreme,48,item_drug_CELECOXIB,drug,0.0215138801575643,0.0382753090821766,0.0047524512329519,False,False
opioid_ed,45_54,extreme,49,item_drug_SYNTHROID,drug,0.0205264696765668,0.0366251694634345,0.0044277698896991,False,False
opioid_ed,45_54,extreme,50,item_drug_CARVEDILOL,drug,0.01992708726418,0.035892143331778,0.0039620311965821,False,False
opioid_ed,45_54,extreme,51,item_drug_CHLORZOXAZONE,drug,0.0187023331512204,0.0314854087186375,0.0059192575838033,False,False
opioid_ed,45_54,extreme,52,item_drug_FAMOTIDINE,drug,0.0183190033747432,0.0345922703830218,0.0020457363664645,False,False
opioid_ed,45_54,extreme,53,item_drug_MELOXICAM,drug,0.016744321765356,0.0286959616423084,0.0047926818884037,False,False
opioid_ed,45_54,extreme,54,item_drug_METHOTREXATE,drug,0.0144852792469049,0.0248786680172844,0.0040918904765253,False,False
opioid_ed,45_54,extreme,55,item_drug_ACYCLOVIR,drug,0.0136325600967125,0.0257733596899091,0.0014917605035159,False,False
opioid_ed,45_54,extreme,56,item_drug_MUPIROCIN,drug,0.0132781844784623,0.0236883217634166,0.0028680471935079,False,False
opioid_ed,45_54,extreme,57,item_drug_CEFDINIR,drug,0.0132356628873411,0.0239928455000516,0.0024784802746305,False,False
opioid_ed,45_54,extreme,58,item_drug_CARISOPRODOL,drug,0.011373212926486,0.0200759158879153,0.0026705099650566,False,False
opioid_ed,45_54,extreme,59,item_drug_METHOCARBAMOL,drug,0.0104836102428378,0.0197327887223945,0.0012344317632812,False,False
opioid_ed,45_54,extreme,60,item_drug_XARELTO,drug,0.0103893848105712,0.0201423094684324,0.00063646015271,False,False
opioid_ed,45_54,extreme,61,item_drug_CLOPIDOGREL,drug,0.0100038549049795,0.0174240620974117,0.0025836477125473,False,False
opioid_ed,45_54,extreme,62,item_drug_ATENOLOL,drug,0.0098364013650713,0.0186414062186653,0.0010313965114773,False,False
opioid_ed,45_54,extreme,63,item_drug_BYSTOLIC,drug,0.0093140132875707,0.0166915710284006,0.0019364555467407,False,False
opioid_ed,45_54,extreme,64,item_drug_ETODOLAC,drug,0.0086823112042296,0.015558800686078,0.0018058217223812,False,False
opioid_ed,45_54,extreme,65,item_drug_OXCARBAZEPINE,drug,0.0085658932410769,0.0160028981727714,0.0011288883093825,False,False
opioid_ed,45_54,extreme,66,item_drug_ALLOPURINOL,drug,0.0084905035319393,0.0161001011729798,0.0008809058908988,False,False
opioid_ed,45_54,extreme,67,item_drug_EPINEPHRINE,drug,0.0079707037331719,0.0147180890109476,0.0012233184553961,False,False
opioid_ed,45_54,extreme,68,item_drug_DULERA,drug,0.0075560980909387,0.0144179190151716,0.0006942771667058,False,False
opioid_ed,45_54,extreme,69,item_drug_GLIMEPIRIDE,drug,0.0069690770160833,0.0123332013096215,0.001604952722545,False,False
opioid_ed,45_54,extreme,70,item_drug_INDOMETHACIN,drug,0.0067341548474894,0.012298493362795,0.0011698163321838,False,False
opioid_ed,45_54,extreme,71,item_drug_ESZOPICLONE,drug,0.0055142869029575,0.0105674154340623,0.0004611583718527,False,False
opioid_ed,45_54,extreme,72,item_drug_CIALIS,drug,0.0054465349049808,0.0098322704821733,0.0010607993277884,False,False
opioid_ed,45_54,extreme,73,item_drug_LANSOPRAZOLE,drug,0.0049289882784167,0.0094693906439373,0.000388585912896,False,False
opioid_ed,45_54,extreme,74,item_drug_CYANOCOBALAMIN,drug,0.0044166325822303,0.0084362944705816,0.0003969706938791,False,False
opioid_ed,45_54,extreme,75,item_drug_CARAFATE,drug,0.0042605549813107,0.0079811183377215,0.0005399916248998,False,False
opioid_ed,45_54,extreme,76,item_drug_TEMAZEPAM,drug,0.0040175446493086,0.0076444980495987,0.0003905912490185,False,False
opioid_ed,45_54,extreme,77,item_drug_PREMARIN,drug,0.0039364944823617,0.0077144768684608,0.0001585120962626,False,False
opioid_ed,45_54,extreme,78,item_drug_CLARITHROMYCIN,drug,0.0038360994583563,0.0075127937024687,0.0001594052142438,False,False
opioid_ed,45_54,extreme,79,item_drug_NYSTATIN,drug,0.0038056457029412,0.0073010904022126,0.0003102010036697,False,False
opioid_ed,45_54,extreme,80,item_drug_FENOFIBRATE,drug,0.0038053382872357,0.0068296863090167,0.0007809902654547,False,False
opioid_ed,45_54,extreme,81,item_drug_MOVANTIK,drug,0.0037661698151838,0.0071029724926008,0.0004293671377668,False,False
opioid_ed,45_54,extreme,82,item_drug_SUCRALFATE,drug,0.0035045185130686,0.0068587836401905,0.0001502533859467,False,False
opioid_ed,45_54,extreme,83,item_drug_PROGESTERONE,drug,0.0033388826731524,0.0062029098922188,0.0004748554540861,False,False
opioid_ed,45_54,extreme,84,item_drug_LATANOPROST,drug,0.0032015531343804,0.0059108563751038,0.000492249893657,False,False
opioid_ed,45_54,extreme,85,item_drug_CRESTOR,drug,0.003065700305905,0.0060075602137045,0.0001238403981056,False,False
opioid_ed,45_54,extreme,86,item_drug_INVOKANA,drug,0.0027900289833029,0.0054529232561592,0.0001271347104467,False,False
opioid_ed,45_54,extreme,87,item_drug_OFLOXACIN,drug,0.0025303752502354,0.0049679933091732,9.275719129759824e-05,False,False
opioid_ed,45_54,extreme,88,item_drug_SPIRONOLACTONE,drug,0.002417176144996,0.0045510501704055,0.0002833021195865,False,False
opioid_ed,45_54,extreme,89,item_drug_AMITIZA,drug,0.0022299761243332,0.0043953834665471,6.456878211935555e-05,False,False
opioid_ed,45_54,extreme,90,item_drug_LOVASTATIN,drug,0.0021370229938138,0.004071910105056,0.0002021358825715,False,False
opioid_ed,45_54,extreme,91,item_drug_IBU,drug,0.0019172931271726,0.003325053059461,0.0005095331948842,False,False
opioid_ed,45_54,extreme,92,item_drug_VALSARTAN,drug,0.0018011109849597,0.0035334025154426,6.881945447687031e-05,False,False
opioid_ed,45_54,extreme,93,item_drug_METAXALONE,drug,0.0017484508167039,0.003328561020335,0.0001683406130728,False,False
opioid_ed,45_54,extreme,94,item_drug_CLOTRIMAZOLE,drug,0.0016362259156787,0.003237702886572,3.474894478540127e-05,False,False
opioid_ed,45_54,extreme,95,item_drug_DEXILANT,drug,0.0016274517823852,0.0032117405052442,4.316305952627707e-05,False,False
opioid_ed,45_54,extreme,96,item_drug_SHINGRIX,drug,0.0014923607761462,0.0028570068166205,0.000127714735672,False,False
opioid_ed,45_54,extreme,97,item_drug_NABUMETONE,drug,0.0014057155700627,0.002785210253421,2.622088670446148e-05,False,False
opioid_ed,45_54,extreme,98,item_drug_DESONIDE,drug,0.0013625866230511,0.0025896186650987,0.0001355545810035,False,False
opioid_ed,45_54,extreme,99,item_drug_NUCYNTA,drug,0.000942418366691,0.0018480424747305,3.6794258651542574e-05,False,False
opioid_ed,45_54,extreme,100,item_drug_GLIPIZIDE,drug,0.0008962132444559,0.0017244630866663,6.796340224548631e-05,False,False
opioid_ed,45_54,extreme,101,item_drug_CHLORTHALIDONE,drug,0.0008670084335072,0.0017258993733585,8.117493655970196e-06,False,False
opioid_ed,45_54,extreme,102,item_drug_GLYBURIDE,drug,0.00070579463856,0.001394205986275,1.7383290845084242e-05,False,False
opioid_ed,45_54,extreme,103,item_drug_JANUVIA,drug,0.0006198140902594,0.0011940244475336,4.560373298528505e-05,False,False
opioid_ed,45_54,extreme,104,item_drug_HYDROCORTISONE,drug,0.0005999529694935,0.0011866598361199,1.324610286718674e-05,False,False
opioid_ed,45_54,extreme,105,item_drug_ESTRADIOL,drug,0.0004798708819469,0.0009368569537835,2.2884810110406048e-05,False,False
opioid_ed,45_54,extreme,106,item_drug_VYVANSE,drug,0.0004215205175882,0.0008144717395785,2.8569295597874026e-05,False,False
opioid_ed,45_54,high,1,pgx_num_drugs,pgx,0.9999999991402276,0.999999999920861,0.9999999983595944,True,False
opioid_ed,45_54,high,2,item_drug_GABAPENTIN,drug,0.3695522884716362,0.3758405807193367,0.3632639962239358,True,False
opioid_ed,45_54,high,3,item_drug_AZITHROMYCIN,drug,0.0908163971483722,0.121609157599955,0.0600236366967894,True,False
opioid_ed,45_54,high,4,item_drug_ALPRAZOLAM,drug,0.0890931277352182,0.1211517323426046,0.0570345231278318,True,False
opioid_ed,45_54,high,5,item_drug_CLONAZEPAM,drug,0.0594330320971807,0.0888113844523677,0.0300546797419937,True,False
opioid_ed,45_54,high,6,item_drug_OMEPRAZOLE,drug,0.0530492781515252,0.0746391589716782,0.0314593973313722,True,False
opioid_ed,45_54,high,7,pgx_num_cpic_drugs,pgx,0.0490487529968575,0.0884052904926949,0.0096922155010202,True,False
opioid_ed,45_54,high,8,item_drug_DIAZEPAM,drug,0.0484733811034295,0.0711175369567106,0.0258292252501483,True,False
opioid_ed,45_54,high,9,item_drug_SIMVASTATIN,drug,0.0470234555376785,0.0751400297659846,0.0189068813093724,True,False
opioid_ed,45_54,high,10,item_drug_FUROSEMIDE,drug,0.0437514847336785,0.0688299932326653,0.0186729762346917,True,False
opioid_ed,45_54,high,11,item_drug_AMOXICILLIN,drug,0.038991485308534,0.0587890030890142,0.0191939675280538,True,False
opioid_ed,45_54,high,12,item_drug_LYRICA,drug,0.0385367221345138,0.0639746414562978,0.0130988028127298,True,False
opioid_ed,45_54,high,13,item_drug_CEPHALEXIN,drug,0.0371319545993905,0.0506779622518864,0.0235859469468947,True,False
opioid_ed,45_54,high,14,item_drug_LORAZEPAM,drug,0.0350586036595553,0.0563892044037767,0.0137280029153339,True,False
opioid_ed,45_54,high,15,item_drug_PREDNISONE,drug,0.0347793987560476,0.0459924555281801,0.0235663419839151,True,False
opioid_ed,45_54,high,16,item_drug_OXYCONTIN,drug,0.0323351732940352,0.0517701582575793,0.0129001883304911,True,False
opioid_ed,45_54,high,17,item_drug_BACLOFEN,drug,0.0321877272006002,0.0526568395438397,0.0117186148573607,True,False
opioid_ed,45_54,high,18,item_drug_LIDOCAINE,drug,0.0297118975796077,0.0484548389906392,0.0109689561685762,True,False
opioid_ed,45_54,high,19,item_drug_NAPROXEN,drug,0.029675539521616,0.0456339498150204,0.0137171292282116,True,False
opioid_ed,45_54,high,20,item_drug_METRONIDAZOLE,drug,0.0249559252559404,0.0422711929424724,0.0076406575694085,True,False
opioid_ed,45_54,high,21,item_drug_BENZONATATE,drug,0.0248388111406695,0.0405687355596787,0.0091088867216604,False,False
opioid_ed,45_54,high,22,item_drug_LISINOPRIL,drug,0.0238776097424688,0.0329377734597051,0.0148174460252325,False,False
opioid_ed,45_54,high,23,item_drug_ARIPIPRAZOLE,drug,0.0230914249352888,0.0376359348660707,0.0085469150045069,False,False
opioid_ed,45_54,high,24,item_drug_HYDROCHLOROTHIAZIDE,drug,0.02252222286356,0.0346810624860093,0.0103633832411108,False,False
opioid_ed,45_54,high,25,item_drug_SYMBICORT,drug,0.0202931651373416,0.0341694268214945,0.0064169034531887,False,False
opioid_ed,45_54,high,26,item_drug_KETOCONAZOLE,drug,0.02021167145033,0.0342149815568886,0.0062083613437714,False,False
opioid_ed,45_54,high,27,item_drug_MIRTAZAPINE,drug,0.0186679696220973,0.0312983295796169,0.0060376096645778,False,False
opioid_ed,45_54,high,28,item_drug_IBUPROFEN,drug,0.0186508598325172,0.027991866970683,0.0093098526943515,False,False
opioid_ed,45_54,high,29,item_drug_RISPERIDONE,drug,0.018234378307272,0.0309166355521766,0.0055521210623673,False,False
opioid_ed,45_54,high,30,item_drug_FLUOCINONIDE,drug,0.0177085741061755,0.0294541679263617,0.0059629802859894,False,False
opioid_ed,45_54,high,31,item_drug_TOPIRAMATE,drug,0.0136272995671517,0.0224970306668468,0.0047575684674566,False,False
opioid_ed,45_54,high,32,item_drug_OLANZAPINE,drug,0.0129110282186487,0.0212582140449835,0.0045638423923139,False,False
opioid_ed,45_54,high,33,item_drug_LAMOTRIGINE,drug,0.0126998758743634,0.0207260053706576,0.0046737463780691,False,False
opioid_ed,45_54,high,34,item_drug_SYNTHROID,drug,0.0121388464718903,0.0217374653295367,0.0025402276142438,False,False
opioid_ed,45_54,high,35,item_drug_FLUCONAZOLE,drug,0.0117180463999871,0.0196424161588691,0.0037936766411052,False,False
opioid_ed,45_54,high,36,item_drug_NEXIUM,drug,0.0112446000252878,0.0188684939643988,0.0036207060861767,False,False
opioid_ed,45_54,high,37,item_drug_ERYTHROMYCIN,drug,0.0102069072401971,0.0181733860022706,0.0022404284781237,False,False
opioid_ed,45_54,high,38,item_drug_LANTUS,drug,0.0090047864850196,0.0162065532380472,0.001803019731992,False,False
opioid_ed,45_54,high,39,item_drug_DEXAMETHASONE,drug,0.0088309450685528,0.0155639040098662,0.0020979861272394,False,False
opioid_ed,45_54,high,40,item_drug_MELOXICAM,drug,0.0088016373189336,0.0151553360174309,0.0024479386204364,False,False
opioid_ed,45_54,high,41,item_drug_LORATADINE,drug,0.008712052198816,0.0156794946314192,0.0017446097662127,False,False
opioid_ed,45_54,high,42,item_drug_LEVOFLOXACIN,drug,0.0083974139913806,0.0140358505566626,0.0027589774260985,False,False
opioid_ed,45_54,high,43,item_drug_LATUDA,drug,0.0078390020627952,0.0139320527361862,0.0017459513894042,False,False
opioid_ed,45_54,high,44,item_drug_HALOPERIDOL,drug,0.007701153871593,0.012524516578939,0.002877791164247,False,False
opioid_ed,45_54,high,45,item_drug_CELECOXIB,drug,0.0070659407671812,0.0126145303897143,0.001517351144648,False,False
opioid_ed,45_54,high,46,item_drug_LINZESS,drug,0.0070657544633703,0.0124653801464423,0.0016661287802983,False,False
opioid_ed,45_54,high,47,item_drug_CIALIS,drug,0.0070439406769099,0.0127638731248588,0.0013240082289609,False,False
opioid_ed,45_54,high,48,item_drug_LACTULOSE,drug,0.0069882234147586,0.0123562883902771,0.0016201584392402,False,False
opioid_ed,45_54,high,49,item_drug_ASPIRIN,drug,0.0067763648086327,0.012111058824484,0.0014416707927813,False,False
opioid_ed,45_54,high,50,item_drug_VOLTAREN,drug,0.006584244817901,0.0120839179784396,0.0010845716573624,False,False
opioid_ed,45_54,high,51,item_drug_METHOTREXATE,drug,0.0065240172156914,0.0112559855446472,0.0017920488867356,False,False
opioid_ed,45_54,high,52,item_drug_MUPIROCIN,drug,0.0058047678959104,0.0103913767632341,0.0012181590285867,False,False
opioid_ed,45_54,high,53,item_drug_CHLORZOXAZONE,drug,0.0054341071441378,0.0091919212722749,0.0016762930160008,False,False
opioid_ed,45_54,high,54,item_drug_BYSTOLIC,drug,0.0053078939776367,0.0095449397606449,0.0010708481946285,False,False
opioid_ed,45_54,high,55,item_drug_GLIMEPIRIDE,drug,0.0052742465870572,0.0093714922300695,0.0011770009440449,False,False
opioid_ed,45_54,high,56,item_drug_ETODOLAC,drug,0.0052357429519996,0.0094151081904851,0.0010563777135142,False,False
opioid_ed,45_54,high,57,item_drug_ATENOLOL,drug,0.0049059920972548,0.0093133045558934,0.0004986796386161,False,False
opioid_ed,45_54,high,58,item_drug_PROGESTERONE,drug,0.0048465986156716,0.0090309814309503,0.000662215800393,False,False
opioid_ed,45_54,high,59,item_drug_CARVEDILOL,drug,0.0047624139730378,0.0086028867452129,0.0009219412008628,False,False
opioid_ed,45_54,high,60,item_drug_INDOMETHACIN,drug,0.0045624851033123,0.0083571657480363,0.0007678044585883,False,False
opioid_ed,45_54,high,61,item_drug_METHOCARBAMOL,drug,0.00442365129515,0.0083417479420499,0.0005055546482502,False,False
opioid_ed,45_54,high,62,item_drug_EPINEPHRINE,drug,0.0042098627065149,0.0077929378808292,0.0006267875322007,False,False
opioid_ed,45_54,high,63,item_drug_LEVETIRACETAM,drug,0.004089135034017,0.0076234294279054,0.0005548406401286,False,False
opioid_ed,45_54,high,64,item_drug_CARISOPRODOL,drug,0.0040733257881321,0.0072155618394844,0.0009310897367797,False,False
opioid_ed,45_54,high,65,item_drug_OXCARBAZEPINE,drug,0.0038137410481018,0.0071395109703435,0.0004879711258601,False,False
opioid_ed,45_54,high,66,item_drug_ALLOPURINOL,drug,0.0035946925094177,0.0068273116026474,0.0003620734161879,False,False
opioid_ed,45_54,high,67,item_drug_ACYCLOVIR,drug,0.003354549508833,0.0063517084920155,0.0003573905256504,False,False
opioid_ed,45_54,high,68,item_drug_CEFDINIR,drug,0.0032420262959337,0.0058920122623437,0.0005920403295237,False,False
opioid_ed,45_54,high,69,item_drug_FAMOTIDINE,drug,0.0028621840653053,0.0054123874656695,0.0003119806649412,False,False
opioid_ed,45_54,high,70,item_drug_DULERA,drug,0.0022090680596523,0.0042202280544582,0.0001979080648465,False,False
opioid_ed,45_54,high,71,item_drug_FENOFIBRATE,drug,0.0021626098265054,0.0038942058739054,0.0004310137791055,False,False
opioid_ed,45_54,high,72,item_drug_LATANOPROST,drug,0.0020833536077162,0.0038564997751956,0.0003102074402368,False,False
opioid_ed,45_54,high,73,item_drug_CLOPIDOGREL,drug,0.0019125642507703,0.0033401914628996,0.000484937038641,False,False
opioid_ed,45_54,high,74,item_drug_ESZOPICLONE,drug,0.0018322585100876,0.0035150746114618,0.0001494424087134,False,False
opioid_ed,45_54,high,75,item_drug_XARELTO,drug,0.0018084182362085,0.0035083984756212,0.0001084379967957,False,False
opioid_ed,45_54,high,76,item_drug_PREMARIN,drug,0.0016301791185022,0.0031965059879729,6.385224903156071e-05,False,False
opioid_ed,45_54,high,77,item_drug_CLARITHROMYCIN,drug,0.0014855292867709,0.0029109284564767,6.013011706521756e-05,False,False
opioid_ed,45_54,high,78,item_drug_LOVASTATIN,drug,0.0014473602439905,0.0027624152834139,0.0001323052045672,False,False
opioid_ed,45_54,high,79,item_drug_MOVANTIK,drug,0.001431611835698,0.0027038609335273,0.0001593627378687,False,False
opioid_ed,45_54,high,80,item_drug_LANSOPRAZOLE,drug,0.0011928014918353,0.002293201764956,9.240121871454052e-05,False,False
opioid_ed,45_54,high,81,item_drug_IBU,drug,0.0011405881349144,0.0019865209503065,0.0002946553195222,False,False
opioid_ed,45_54,high,82,item_drug_OFLOXACIN,drug,0.001135592327459,0.0022306535438346,4.0531111083486914e-05,False,False
opioid_ed,45_54,high,83,item_drug_VALSARTAN,drug,0.0011052161413899,0.002169569609177,4.0862673602784096e-05,False,False
opioid_ed,45_54,high,84,item_drug_CYANOCOBALAMIN,drug,0.0010987136385215,0.0021002642276984,9.716304934463232e-05,False,False
opioid_ed,45_54,high,85,item_drug_SPIRONOLACTONE,drug,0.001079617163984,0.0020357154605024,0.0001235188674656,False,False
opioid_ed,45_54,high,86,item_drug_CARAFATE,drug,0.0010135719377322,0.0019003965438521,0.0001267473316122,False,False
opioid_ed,45_54,high,87,item_drug_SHINGRIX,drug,0.0009535515109146,0.0018281664962183,7.893652561085084e-05,False,False
opioid_ed,45_54,high,88,item_drug_CRESTOR,drug,0.0009186149588018,0.0018007777932535,3.645212435006003e-05,False,False
opioid_ed,45_54,high,89,item_drug_INVOKANA,drug,0.0008927003505773,0.0017454503490652,3.995035208945763e-05,False,False
opioid_ed,45_54,high,90,item_drug_DESONIDE,drug,0.0008574252523057,0.0016322824060619,8.256809854960057e-05,False,False
opioid_ed,45_54,high,91,item_drug_NUCYNTA,drug,0.0008167468099804,0.0016030352788713,3.0458341089539976e-05,False,False
opioid_ed,45_54,high,92,item_drug_TEMAZEPAM,drug,0.0008067478679775,0.0015356401009022,7.785563505287302e-05,False,False
opioid_ed,45_54,high,93,item_drug_METAXALONE,drug,0.0007583788824813,0.0014452229824736,7.153478248902751e-05,False,False
opioid_ed,45_54,high,94,item_drug_DEXILANT,drug,0.0007072834707053,0.001396231042388,1.8335899022577517e-05,False,False
opioid_ed,45_54,high,95,item_drug_AMITIZA,drug,0.0005956314243559,0.0011741707967308,1.709205198115727e-05,False,False
opioid_ed,45_54,high,96,item_drug_SUCRALFATE,drug,0.0005955667954781,0.0011655932621695,2.5540328786797094e-05,False,False
opioid_ed,45_54,high,97,item_drug_NABUMETONE,drug,0.0004787959526075,0.0009487727547754,8.819150439639409e-06,False,False
opioid_ed,45_54,high,98,item_drug_NYSTATIN,drug,0.0004771889227816,0.0009148542550163,3.952359054686727e-05,False,False
opioid_ed,45_54,high,99,item_drug_GLIPIZIDE,drug,0.0003107585980897,0.0005977796059327,2.3737590246785903e-05,False,False
opioid_ed,45_54,high,100,item_drug_GLYBURIDE,drug,0.0003087580657882,0.0006099923700353,7.523761541082291e-06,False,False
opioid_ed,45_54,high,101,item_drug_JANUVIA,drug,0.0002881697347048,0.0005553120540106,2.102741539911966e-05,False,False
opioid_ed,45_54,high,102,item_drug_CLOTRIMAZOLE,drug,0.0002859218386861,0.0005656235613767,6.220115995488973e-06,False,False
opioid_ed,45_54,high,103,item_drug_CHLORTHALIDONE,drug,0.0002826867322508,0.0005627565646477,2.6168998539416187e-06,False,False
opioid_ed,45_54,high,104,item_drug_VYVANSE,drug,0.0002649785957786,0.0005125831011029,1.73740904543772e-05,False,False
opioid_ed,45_54,high,105,item_drug_ESTRADIOL,drug,0.0001409204871458,0.0002747037075386,7.137266752977292e-06,False,False
opioid_ed,45_54,high,106,item_drug_HYDROCORTISONE,drug,0.0001213039696221,0.0002396902916409,2.9176476033880866e-06,False,False
opioid_ed,75_84,low,1,pgx_num_drugs,pgx,0.9999999994678817,0.9999999999525656,0.9999999989831976,True,False
opioid_ed,75_84,low,2,n_event_bin_ordinal,utilization_temporal,0.4659480603265786,0.4642778711855412,0.4676182494676161,True,False
opioid_ed,75_84,low,3,pgx_num_cpic_drugs,pgx,0.1957007813881578,0.2910322316911234,0.1003693310851921,True,False
opioid_ed,75_84,low,4,item_cpt_99214,cpt,0.084445475930337,0.1402636305563773,0.0286273213042967,True,False
opioid_ed,75_84,low,5,item_cpt_99213,cpt,0.0689108937476235,0.1149118323444478,0.0229099551507992,True,False
opioid_ed,75_84,low,6,item_icd_G8929,icd,0.0472176620542778,0.0728772525532706,0.0215580715552849,True,False
opioid_ed,75_84,low,7,item_drug_LISINOPRIL,drug,0.0351273975255018,0.0619106682393244,0.0083441268116793,True,False
opioid_ed,75_84,low,8,item_icd_M545,icd,0.0268671544855814,0.0460474055885577,0.0076869033826052,True,False
opioid_ed,75_84,low,9,item_drug_AMOXICILLIN,drug,0.0243128027408987,0.0418919479305127,0.0067336575512848,True,False
opioid_ed,75_84,low,10,item_icd_Z79891,icd,0.0234944255356284,0.0400426504464486,0.0069462006248083,True,False
opioid_ed,75_84,low,11,item_drug_FUROSEMIDE,drug,0.021871846148692,0.0397421391067624,0.0040015531906215,True,False
opioid_ed,75_84,low,12,item_drug_PREDNISONE,drug,0.0194821328484132,0.0358193468463284,0.003144918850498,True,False
opioid_ed,75_84,low,13,item_cpt_92014,cpt,0.0191311523562083,0.0343494603898897,0.003912844322527,True,False
opioid_ed,75_84,low,14,item_cpt_71010,cpt,0.0171558903586206,0.0317422628792327,0.0025695178380085,True,False
opioid_ed,75_84,low,15,item_cpt_99203,cpt,0.016668990435516,0.0300783704094661,0.003259610461566,True,False
opioid_ed,75_84,low,16,item_cpt_83735,cpt,0.0149959316652383,0.0268183587597197,0.003173504570757,True,False
opioid_ed,75_84,low,17,item_cpt_36415,cpt,0.0142972914160323,0.0269536405279774,0.0016409423040872,True,False
opioid_ed,75_84,low,18,item_drug_SIMVASTATIN,drug,0.0137895691657017,0.0259804498776219,0.0015986884537815,True,False
opioid_ed,75_84,low,19,item_drug_OMEPRAZOLE,drug,0.013162559923747,0.0249101669043055,0.0014149529431886,True,False
opioid_ed,75_84,low,20,item_drug_AZITHROMYCIN,drug,0.0127153364524925,0.0235046588816833,0.0019260140233017,True,False
opioid_ed,75_84,low,21,item_icd_G894,icd,0.0123283708241504,0.022514156906215,0.0021425847420858,False,False
opioid_ed,75_84,low,22,item_cpt_80061,cpt,0.012240914451446,0.0225189105412601,0.001962918361632,False,False
opioid_ed,75_84,low,23,item_cpt_84439,cpt,0.0110240395560126,0.0203904091973789,0.0016576699146464,False,False
opioid_ed,75_84,low,24,item_icd_M5416,icd,0.0108892618700414,0.0199692503659755,0.0018092733741073,False,False
opioid_ed,75_84,low,25,item_cpt_20610,cpt,0.0107752433123103,0.0202016612016816,0.001348825422939,False,False
opioid_ed,75_84,low,26,item_icd_Z79899,icd,0.0092185759700177,0.0176174099610915,0.000819741978944,False,False
opioid_ed,75_84,low,27,item_cpt_86140,cpt,0.0090815419352447,0.0166514733837521,0.0015116104867373,False,False
opioid_ed,75_84,low,28,item_cpt_70450,cpt,0.0089898667422375,0.0171776330395189,0.0008021004449561,False,False
opioid_ed,75_84,low,29,item_icd_I10,icd,0.0088704791615084,0.0165771235976655,0.0011638347253512,False,False
opioid_ed,75_84,low,30,item_drug_HYDROCHLOROTHIAZIDE,drug,0.0085475260472187,0.0165361730865148,0.0005588790079226,False,False
opioid_ed,75_84,low,31,item_icd_M47816,icd,0.0084386462271324,0.0160567029846133,0.0008205894696515,False,False
opioid_ed,75_84,low,32,item_icd_F0390,icd,0.0083530321729266,0.0154567681372978,0.0012492962085555,False,False
opioid_ed,75_84,low,33,item_cpt_99239,cpt,0.0079823618318965,0.0150690718203942,0.0008956518433988,False,False
opioid_ed,75_84,low,34,item_cpt_80053,cpt,0.007949451564949,0.0150370713460432,0.0008618317838549,False,False
opioid_ed,75_84,low,35,item_cpt_97110,cpt,0.0076194388670563,0.014435086477055,0.0008037912570575,False,True
opioid_ed,75_84,low,36,item_icd_M549,icd,0.0075855958081573,0.0144379693505363,0.0007332222657783,False,False
opioid_ed,75_84,low,37,item_cpt_92015,cpt,0.0074361046455045,0.014268734839142,0.000603474451867,False,False
opioid_ed,75_84,low,38,item_cpt_77052,cpt,0.0074024398236996,0.0137683666063015,0.0010365130410977,False,False
opioid_ed,75_84,low,39,item_icd_R109,icd,0.0073231692164623,0.0138181931772097,0.0008281452557148,False,False
opioid_ed,75_84,low,40,item_cpt_99204,cpt,0.0064669590019054,0.0120154890280494,0.0009184289757614,False,False
opioid_ed,75_84,low,41,item_cpt_84443,cpt,0.0064322063407386,0.0123230195409824,0.0005413931404948,False,False
opioid_ed,75_84,low,42,item_cpt_71020,cpt,0.0063107720269604,0.0120941449612859,0.0005273990926349,False,False
opioid_ed,75_84,low,43,item_cpt_85025,cpt,0.0062290115264628,0.0120107618880806,0.0004472611648451,False,False
opioid_ed,75_84,low,44,item_cpt_85610,cpt,0.0062112430835776,0.0118588495787252,0.00056363658843,False,False
opioid_ed,75_84,low,45,item_cpt_99212,cpt,0.0058180732849773,0.0108146918662974,0.0008214547036573,False,False
opioid_ed,75_84,low,46,item_cpt_92083,cpt,0.0055878239580323,0.0105859722827976,0.0005896756332669,False,False
opioid_ed,75_84,low,47,item_cpt_82550,cpt,0.00551420813856,0.0105675107227507,0.0004609055543693,False,False
opioid_ed,75_84,low,48,item_cpt_99152,cpt,0.0050529495017501,0.0096322251139643,0.0004736738895358,False,False
opioid_ed,75_84,low,49,item_drug_CEPHALEXIN,drug,0.0049736448577654,0.0096340717859258,0.0003132179296051,False,False
opioid_ed,75_84,low,50,item_drug_CLOPIDOGREL,drug,0.0048944306833138,0.0095122349441749,0.0002766264224527,False,False
opioid_ed,75_84,low,51,item_icd_M47817,icd,0.0048140023653223,0.0090042057645861,0.0006237989660585,False,False
opioid_ed,75_84,low,52,item_icd_M4806,icd,0.0047396271972031,0.0091043897143406,0.0003748646800656,False,False
opioid_ed,75_84,low,53,item_icd_E782,icd,0.0046759525782983,0.0090919395385039,0.0002599656180928,False,False
opioid_ed,75_84,low,54,item_icd_J449,icd,0.0045138995757106,0.0086939574494699,0.0003338417019513,False,False
opioid_ed,75_84,low,55,item_cpt_81001,cpt,0.004496059066321,0.008586622862083,0.0004054952705591,False,False
opioid_ed,75_84,low,56,item_cpt_99316,cpt,0.0044359915905315,0.008398500847427,0.000473482333636,False,False
opioid_ed,75_84,low,57,item_cpt_99215,cpt,0.0044282971288379,0.0085290734644784,0.0003275207931974,False,False
opioid_ed,75_84,low,58,item_icd_M25562,icd,0.0042060242289867,0.0079977193792642,0.0004143290787091,False,False
opioid_ed,75_84,low,59,item_cpt_64483,cpt,0.0040495540537489,0.0078044675343406,0.0002946405731572,False,False
opioid_ed,75_84,low,60,item_cpt_99202,cpt,0.0040377394053401,0.0078136933291063,0.0002617854815739,False,False
opioid_ed,75_84,low,61,item_cpt_88305,cpt,0.0039790575851714,0.0075614053293121,0.0003967098410307,False,False
opioid_ed,75_84,low,62,item_cpt_93005,cpt,0.0039067412735284,0.0076252972995815,0.0001881852474753,False,False
opioid_ed,75_84,low,63,item_cpt_90471,cpt,0.0037288618848815,0.0071852429118078,0.0002724808579552,False,False
opioid_ed,75_84,low,64,item_icd_E559,icd,0.0036950832072426,0.0072433570728825,0.0001468093416028,False,False
opioid_ed,75_84,low,65,item_cpt_17003,cpt,0.0036437443302655,0.0071381403485085,0.0001493483120225,False,False
opioid_ed,75_84,low,66,item_drug_GABAPENTIN,drug,0.0035583940490423,0.0069265651362784,0.0001902229618062,False,False
opioid_ed,75_84,low,67,item_icd_A419,icd,0.0035347079808216,0.0067897049587076,0.0002797110029356,False,False
opioid_ed,75_84,low,68,item_cpt_97597,cpt,0.0034872445646464,0.0065919044320994,0.0003825846971935,False,True
opioid_ed,75_84,low,69,item_icd_I2510,icd,0.0034408810600647,0.006709552576585,0.0001722095435443,False,False
opioid_ed,75_84,low,70,item_cpt_84153,cpt,0.0034035740190114,0.0065677026091698,0.000239445428853,False,False
opioid_ed,75_84,low,71,item_cpt_80048,cpt,0.0033692414191976,0.0064304344771467,0.0003080483612486,False,False
opioid_ed,75_84,low,72,item_cpt_97001,cpt,0.0033550674355858,0.0065152073914175,0.000194927479754,False,True
opioid_ed,75_84,low,73,item_icd_I482,icd,0.0033510093921134,0.0064550616506379,0.000246957133589,False,False
opioid_ed,75_84,low,74,item_drug_LORAZEPAM,drug,0.0032138289521407,0.0062898517064831,0.0001378061977984,False,False
opioid_ed,75_84,low,75,item_icd_N390,icd,0.0031218288557416,0.0061254708490472,0.000118186862436,False,False
opioid_ed,75_84,low,76,item_cpt_82306,cpt,0.0030867300773914,0.0059950414099941,0.0001784187447888,False,False
opioid_ed,75_84,low,77,item_cpt_83550,cpt,0.003083030518007,0.0060668596263949,9.9201409619088e-05,False,False
opioid_ed,75_84,low,78,item_drug_LACTULOSE,drug,0.0030121023493134,0.0058343368838531,0.0001898678147738,False,False
opioid_ed,75_84,low,79,item_cpt_97112,cpt,0.0029766991451634,0.0058034462743067,0.0001499520160202,False,True
opioid_ed,75_84,low,80,item_icd_Z961,icd,0.002892741632868,0.0056415494348668,0.0001439338308692,False,False
opioid_ed,75_84,low,81,item_cpt_77063,cpt,0.0028785874047786,0.0055686457221592,0.0001885290873979,False,False
opioid_ed,75_84,low,82,item_cpt_93000,cpt,0.0028262041310851,0.0054794388917188,0.0001729693704514,False,False
opioid_ed,75_84,low,83,item_cpt_74177,cpt,0.0028032331179446,0.0054400751218855,0.0001663911140037,False,False
opioid_ed,75_84,low,84,item_icd_L821,icd,0.0027606722363901,0.0054081200377838,0.0001132244349964,False,False
opioid_ed,75_84,low,85,item_cpt_90670,cpt,0.0026932662003283,0.0052191951874517,0.0001673372132049,False,False
opioid_ed,75_84,low,86,item_icd_I480,icd,0.002687427628136,0.0052244431474119,0.00015041210886,False,False
opioid_ed,75_84,low,87,item_cpt_97140,cpt,0.0026773768593416,0.0052415770426679,0.0001131766760153,False,True
opioid_ed,75_84,low,88,item_cpt_83036,cpt,0.002561178598915,0.0049133495522045,0.0002090076456256,False,False
opioid_ed,75_84,low,89,item_icd_H2513,icd,0.0023476118085803,0.0046011089467926,9.411467036803028e-05,False,False
opioid_ed,75_84,low,90,item_cpt_81002,cpt,0.0023379143073537,0.0045931511506032,8.267746410426592e-05,False,False
opioid_ed,75_84,low,91,item_cpt_96372,cpt,0.0023085995171745,0.0044850785707533,0.0001321204635957,False,False
opioid_ed,75_84,low,92,item_cpt_72148,cpt,0.0022807418211211,0.0044571733462305,0.0001043102960118,False,False
opioid_ed,75_84,low,93,item_icd_M5136,icd,0.0022166480282094,0.0043402384247975,9.305763162127964e-05,False,False
opioid_ed,75_84,low,94,item_cpt_92012,cpt,0.0021770353895676,0.0042784412040731,7.562957506227211e-05,False,False
opioid_ed,75_84,low,95,item_icd_E780,icd,0.0021308680250289,0.0041542902091414,0.0001074458409163,False,False
opioid_ed,75_84,low,96,item_cpt_93010,cpt,0.0021295440896795,0.0041378411593169,0.0001212470200421,False,False
opioid_ed,75_84,low,97,item_icd_H401132,icd,0.0020732535623987,0.0040207788523457,0.0001257282724516,False,False
opioid_ed,75_84,low,98,item_icd_R197,icd,0.0020305143504608,0.0039969032326131,6.412546830855653e-05,False,False
opioid_ed,75_84,low,99,item_cpt_83690,cpt,0.0019978376597801,0.0038893271391188,0.0001063481804415,False,False
opioid_ed,75_84,low,100,item_icd_I4891,icd,0.0019922895212368,0.0039184989677402,6.608007473353345e-05,False,False
opioid_ed,75_84,low,101,item_icd_M7989,icd,0.0018664171874199,0.0036632436239777,6.959075086212735e-05,False,False
opioid_ed,75_84,low,102,item_drug_MUPIROCIN,drug,0.0018502475130506,0.0036591488099239,4.134621617739486e-05,False,False
opioid_ed,75_84,low,103,item_cpt_83540,cpt,0.0018079974828946,0.0035491446692824,6.68502965068286e-05,False,False
opioid_ed,75_84,low,104,item_drug_ALPRAZOLAM,drug,0.0017649068026532,0.0035074117166919,2.2401888614463497e-05,False,False
opioid_ed,75_84,low,105,item_cpt_72110,cpt,0.0017428315919581,0.0033939231946115,9.173998930485262e-05,False,False
opioid_ed,75_84,low,106,item_icd_M25551,icd,0.0017289226982716,0.0034131176921396,4.4727704403665565e-05,False,False
opioid_ed,75_84,low,107,item_cpt_82607,cpt,0.0016465437074934,0.0032156314633749,7.74559516118101e-05,False,False
opioid_ed,75_84,low,108,item_cpt_90833,cpt,0.0016073867430611,0.0030862932205562,0.0001284802655661,False,False
opioid_ed,75_84,low,109,item_cpt_11100,cpt,0.0015853281500268,0.0031250780381087,4.5578261944921296e-05,False,False
opioid_ed,75_84,low,110,item_icd_M542,icd,0.0015501335302828,0.0030611363372781,3.913072328761114e-05,False,False
opioid_ed,75_84,low,111,item_icd_M961,icd,0.0015392916502756,0.0029260417776522,0.000152541522899,False,False
opioid_ed,75_84,low,112,item_icd_N183,icd,0.0015372288618271,0.0030078999197642,6.655780389010517e-05,False,False
opioid_ed,75_84,low,113,item_cpt_64484,cpt,0.0015175492619434,0.002977986743218,5.711178066879926e-05,False,False
opioid_ed,75_84,low,114,item_cpt_71046,cpt,0.0014389858439531,0.0028443971126456,3.357457526059715e-05,False,False
opioid_ed,75_84,low,115,item_cpt_96375,cpt,0.0014379242476153,0.0027956281310591,8.022036417167277e-05,False,False
opioid_ed,75_84,low,116,item_icd_Z1389,icd,0.0014316872530296,0.0028194594586936,4.391504736557775e-05,False,False
opioid_ed,75_84,low,117,item_icd_R079,icd,0.001395487942245,0.0027283374700056,6.263841448440259e-05,False,False
opioid_ed,75_84,low,118,item_cpt_96374,cpt,0.0013836970699149,0.0027039815224278,6.341261740212826e-05,False,False
opioid_ed,75_84,low,119,item_cpt_93971,cpt,0.0013797982056378,0.0027282805578843,3.131585339136626e-05,False,False
opioid_ed,75_84,low,120,item_cpt_99285,cpt,0.0013646751627734,0.0026553133441482,7.403698139871496e-05,False,False
opioid_ed,75_84,low,121,item_cpt_83880,cpt,0.0013370354597943,0.0026148815264105,5.918939317818111e-05,False,False
opioid_ed,75_84,low,122,item_cpt_92133,cpt,0.0013309160917023,0.002628210066322,3.36221170827687e-05,False,False
opioid_ed,75_84,low,123,item_cpt_92136,cpt,0.0013308311955338,0.002597744946785,6.39174442827387e-05,False,False
opioid_ed,75_84,low,124,item_icd_E119,icd,0.0013206811712404,0.0025762795423159,6.508280016499279e-05,False,False
opioid_ed,75_84,low,125,item_icd_M48061,icd,0.0013139063671033,0.0025866568183301,4.115591587641608e-05,False,False
opioid_ed,75_84,low,126,item_cpt_99284,cpt,0.0013085991930515,0.0025336488249796,8.354956112344942e-05,False,False
opioid_ed,75_84,low,127,item_cpt_87186,cpt,0.0012945806314214,0.0025706107289846,1.8550533858297484e-05,False,False
opioid_ed,75_84,low,128,item_icd_I739,icd,0.0012714301758284,0.002502623508887,4.023684276987343e-05,False,False
opioid_ed,75_84,low,129,item_icd_Z950,icd,0.0012647386160232,0.0024918656537609,3.76115782854964e-05,False,False
opioid_ed,75_84,low,130,item_icd_M159,icd,0.0012434719106905,0.0024416710278936,4.52727934874855e-05,False,False
opioid_ed,75_84,low,131,item_cpt_99232,cpt,0.0012247962299098,0.0024034464591896,4.614600063006369e-05,False,False
opioid_ed,75_84,low,132,item_icd_R0602,icd,0.0012055860528038,0.0023791569933364,3.201511227129222e-05,False,False
opioid_ed,75_84,low,133,item_icd_H26492,icd,0.0011840744112924,0.0023045946539858,6.355416859906679e-05,False,False
opioid_ed,75_84,low,134,item_cpt_99225,cpt,0.001159026278454,0.0022598070979847,5.824545892324572e-05,False,False
opioid_ed,75_84,low,135,item_icd_M5126,icd,0.0011240454095786,0.0022229108303022,2.517998885508569e-05,False,False
opioid_ed,75_84,low,136,item_cpt_92250,cpt,0.0011178158860518,0.0021970332548003,3.859851730342246e-05,False,False
opioid_ed,75_84,low,137,item_cpt_87077,cpt,0.0010868739542995,0.0021497445461584,2.4003362440560156e-05,False,False
opioid_ed,75_84,low,138,item_icd_R0789,icd,0.0010781289862005,0.002116629221745,3.962875065603127e-05,False,False
opioid_ed,75_84,low,139,item_cpt_00142,cpt,0.0010773736331736,0.0021257724285687,2.8974837778537283e-05,False,False
opioid_ed,75_84,low,140,item_icd_R531,icd,0.0010578392835216,0.0020926522757762,2.30262912670244e-05,False,False
opioid_ed,75_84,low,141,item_cpt_94640,cpt,0.001029299281694,0.0020375139649838,2.108459840420216e-05,False,False
opioid_ed,75_84,low,142,item_cpt_83970,cpt,0.0009801472973713,0.0019270422211062,3.3252373636383544e-05,False,False
opioid_ed,75_84,low,143,item_icd_I110,icd,0.0009716368529268,0.0019118528204226,3.142088543105311e-05,False,False
opioid_ed,75_84,low,144,item_icd_D649,icd,0.0009480132420275,0.0018527750578235,4.325142623155473e-05,False,False
opioid_ed,75_84,low,145,item_cpt_81003,cpt,0.0009447342691446,0.0018436990473943,4.576949089505996e-05,False,False
opioid_ed,75_84,low,146,item_icd_J90,icd,0.0009123523464454,0.0017975139022609,2.7190790629911847e-05,False,False
opioid_ed,75_84,low,147,item_cpt_93922,cpt,0.0008908768012414,0.0017574763295165,2.427727296632317e-05,False,False
opioid_ed,75_84,low,148,item_cpt_73620,cpt,0.0008899211282841,0.0017496287319276,3.0213524640725795e-05,False,False
opioid_ed,75_84,low,149,item_icd_M810,icd,0.0008835936721134,0.0017476444075858,1.9542936641025177e-05,False,False
opioid_ed,75_84,low,150,item_cpt_87804,cpt,0.000876449187533,0.0017417298611367,1.1168513929430954e-05,False,False
opioid_ed,75_84,low,151,item_cpt_64493,cpt,0.0008609596899784,0.0017006591547233,2.1260225233504827e-05,False,False
opioid_ed,75_84,low,152,item_cpt_99309,cpt,0.0008587689094351,0.0017049204519841,1.2617366886182387e-05,False,False
opioid_ed,75_84,low,153,item_cpt_87086,cpt,0.0008582742981719,0.0016730553465562,4.349324978775185e-05,False,False
opioid_ed,75_84,low,154,item_icd_C50412,icd,0.000849357620768,0.001648792262478,4.992297905806015e-05,False,False
opioid_ed,75_84,low,155,item_cpt_71045,cpt,0.0008491826847522,0.0016782118897874,2.015347971695547e-05,False,False
opioid_ed,75_84,low,156,item_cpt_36416,cpt,0.0008384858368415,0.0016576091179415,1.936255574153965e-05,False,False
opioid_ed,75_84,low,157,item_icd_M25552,icd,0.0008313659702155,0.00165186331201,1.0868628421099864e-05,False,False
opioid_ed,75_84,low,158,item_cpt_96360,cpt,0.00082705582322,0.0016315597950794,2.2551851360637517e-05,False,False
opioid_ed,75_84,low,159,item_cpt_93017,cpt,0.0008205884989871,0.0016187999928995,2.2377005074850668e-05,False,False
opioid_ed,75_84,low,160,item_icd_E785,icd,0.0008074829827819,0.0015888147915798,2.615117398409072e-05,False,False
opioid_ed,75_84,low,161,item_cpt_96361,cpt,0.0007853339511472,0.0015515122602491,1.915564204527097e-05,False,False
opioid_ed,75_84,low,162,item_cpt_90791,cpt,0.0007679877768471,0.0015204552720817,1.5520281612529974e-05,False,False
opioid_ed,75_84,low,163,item_icd_M4802,icd,0.0007633883971828,0.0014974298741206,2.934692024512767e-05,False,False
opioid_ed,75_84,low,164,item_cpt_17000,cpt,0.0007454958451406,0.001478816010962,1.2175679319345108e-05,False,False
opioid_ed,75_84,low,165,item_cpt_92004,cpt,0.0007454793067079,0.0014725267422073,1.843187120852012e-05,False,False
opioid_ed,75_84,low,166,item_icd_M6281,icd,0.000735747927637,0.0014604326113903,1.1063243883685496e-05,False,False
opioid_ed,75_84,low,167,item_icd_H2511,icd,0.0007329684785865,0.0014572983484409,8.638608732155011e-06,False,False
opioid_ed,75_84,low,168,item_cpt_71260,cpt,0.0006993298035888,0.0013854186355733,1.3240971604319842e-05,False,False
opioid_ed,75_84,low,169,item_icd_R319,icd,0.0006966201138883,0.0013793742458189,1.3865981957636607e-05,False,False
opioid_ed,75_84,low,170,item_icd_L570,icd,0.0006863139216068,0.0013556450549607,1.698278825303444e-05,False,False
opioid_ed,75_84,low,171,item_icd_Z1211,icd,0.0006811211716131,0.0013586634106665,3.5789325598092347e-06,False,False
opioid_ed,75_84,low,172,item_cpt_93306,cpt,0.0006792606214417,0.0013401831036099,1.833813927360949e-05,False,False
opioid_ed,75_84,low,173,item_cpt_85027,cpt,0.0006652002249514,0.0013012135264771,2.918692342580782e-05,False,False
opioid_ed,75_84,low,174,item_icd_Z5189,icd,0.0006644972880415,0.0013070092982878,2.198527779521817e-05,False,False
opioid_ed,75_84,low,175,item_cpt_99211,cpt,0.0006513560186486,0.0012937532799324,8.958757364841927e-06,False,False
opioid_ed,75_84,low,176,item_cpt_82565,cpt,0.0006147574454601,0.001224265776135,5.249114785250357e-06,False,False
opioid_ed,75_84,low,177,item_icd_R1030,icd,0.0005939155838784,0.0011719642382626,1.5866929494268175e-05,False,False
opioid_ed,75_84,low,178,item_icd_D485,icd,0.0005853036181272,0.0011572313242132,1.33759120412669e-05,False,False
opioid_ed,75_84,low,179,item_cpt_84480,cpt,0.0005725925781369,0.001131726483886,1.3458672387807388e-05,False,False
opioid_ed,75_84,low,180,item_cpt_82746,cpt,0.0005585047149009,0.0011111382756167,5.8711541852131685e-06,False,False
opioid_ed,75_84,low,181,item_cpt_84156,cpt,0.000554381269107,0.0011007621500465,8.000388167494888e-06,False,False
opioid_ed,75_84,low,182,item_cpt_99233,cpt,0.0005379996557125,0.0010668311520466,9.168159378390611e-06,False,False
opioid_ed,75_84,low,183,item_cpt_99283,cpt,0.0005338815516498,0.0010526220866199,1.5141016679764555e-05,False,False
opioid_ed,75_84,low,184,item_cpt_99308,cpt,0.0005186203362026,0.0010283985272692,8.842145136058144e-06,False,False
opioid_ed,75_84,low,185,item_icd_Z125,icd,0.0005178564049706,0.0010241949701009,1.151783984033264e-05,False,False
opioid_ed,75_84,low,186,item_cpt_82728,cpt,0.000517022407743,0.0010232150444718,1.082977101423419e-05,False,False
opioid_ed,75_84,low,187,item_cpt_92134,cpt,0.0005155132495878,0.0010272926803035,3.7338188721147073e-06,False,False
opioid_ed,75_84,low,188,item_icd_R7309,icd,0.0005152471334834,0.0010220442409915,8.450025975241034e-06,False,False
opioid_ed,75_84,low,189,item_cpt_80076,cpt,0.0005120321438302,0.0010186758016582,5.388486002345709e-06,False,False
opioid_ed,75_84,low,190,item_cpt_99100,cpt,0.0005101462453471,0.0010031963931896,1.7096097504588507e-05,False,False
opioid_ed,75_84,low,191,item_cpt_73564,cpt,0.0005017020906834,0.0009969738501931,6.430331173835781e-06,False,False
opioid_ed,75_84,low,192,item_cpt_73562,cpt,0.0004932564346181,0.0009821281534016,4.38471583454989e-06,False,False
opioid_ed,75_84,low,193,item_cpt_99220,cpt,0.0004927400590803,0.0009801305728062,5.349545354566075e-06,False,False
opioid_ed,75_84,low,194,item_cpt_73030,cpt,0.0004804132745304,0.0009527836361476,8.042912913284378e-06,False,False
opioid_ed,75_84,low,195,item_icd_Z1231,icd,0.0004780632809352,0.0009517181505959,4.4084112746129885e-06,False,False
opioid_ed,75_84,low,196,item_cpt_77002,cpt,0.0004719475176289,0.0009383043078686,5.590727389298499e-06,False,False
opioid_ed,75_84,low,197,item_cpt_97162,cpt,0.0004672915647625,0.0009258438521166,8.739277408473953e-06,False,True
opioid_ed,75_84,low,198,item_icd_N179,icd,0.0004638482493844,0.0009237221019971,3.974396771852902e-06,False,False
opioid_ed,75_84,low,199,item_cpt_45380,cpt,0.0004632104094314,0.0009195685935051,6.852225357783876e-06,False,False
opioid_ed,75_84,low,200,item_icd_R410,icd,0.0004610284701912,0.000914033436504,8.023503878410736e-06,False,False
opioid_ed,75_84,low,201,item_cpt_84550,cpt,0.00044522231735,0.0008841456699562,6.2989647439922015e-06,False,False
opioid_ed,75_84,low,202,item_drug_LATANOPROST,drug,0.00043905202778,0.0008763653341278,1.7387214323594789e-06,False,False
opioid_ed,75_84,low,203,item_cpt_76770,cpt,0.0004389328181491,0.0008723727178586,5.492918439593386e-06,False,False
opioid_ed,75_84,low,204,item_icd_J069,icd,0.0004360026690906,0.0008686966044509,3.3087337303054565e-06,False,False
opioid_ed,75_84,low,205,item_icd_M79605,icd,0.0004328095332518,0.0008549852455477,1.0633820955881471e-05,False,False
opioid_ed,75_84,low,206,item_cpt_99231,cpt,0.0004319377879593,0.0008527037318607,1.1171844057916632e-05,False,False
opioid_ed,75_84,low,207,item_cpt_99223,cpt,0.000426821613194,0.0008448161912011,8.827035187007142e-06,False,False
opioid_ed,75_84,low,208,item_cpt_72125,cpt,0.000425692136574,0.0008452181058219,6.166167326233471e-06,False,False
opioid_ed,75_84,low,209,item_cpt_73502,cpt,0.0004193930610035,0.0008342220433997,4.564078607433099e-06,False,False
opioid_ed,75_84,low,210,item_cpt_84484,cpt,0.0004180847826207,0.0008321690758929,4.000489348491033e-06,False,False
opioid_ed,75_84,low,211,item_drug_FINASTERIDE,drug,0.0004170788074318,0.000830990354394,3.167260469712848e-06,False,False
opioid_ed,75_84,low,212,item_cpt_84450,cpt,0.0004162346204105,0.0008278022994671,4.666941353898516e-06,False,False
opioid_ed,75_84,low,213,item_cpt_72170,cpt,0.0004125446653711,0.0008196510456427,5.438285099494824e-06,False,False
opioid_ed,75_84,low,214,item_icd_R739,icd,0.0004093983237899,0.0008146086927045,4.187954875367777e-06,False,False
opioid_ed,75_84,low,215,item_icd_E039,icd,0.0004084941989245,0.0008116026301912,5.3857676578963625e-06,False,False
opioid_ed,75_84,low,216,item_icd_R05,icd,0.0003958148550783,0.0007855006135029,6.129096653852396e-06,False,False
opioid_ed,75_84,low,217,item_cpt_97530,cpt,0.0003878313599136,0.0007705448619163,5.117857910873857e-06,False,True
opioid_ed,75_84,low,218,item_cpt_64494,cpt,0.0003875113170563,0.0007722042903841,2.8183437285370384e-06,False,False
opioid_ed,75_84,low,219,item_drug_LINZESS,drug,0.0003804409682996,0.0007568601680415,4.021768557808937e-06,False,False
opioid_ed,75_84,low,220,item_icd_J441,icd,0.0003787167258302,0.0007551785107276,2.254940932768196e-06,False,False
opioid_ed,75_84,low,221,item_icd_D509,icd,0.0003748908524083,0.0007452010619753,4.580642841277303e-06,False,False
opioid_ed,75_84,low,222,item_cpt_82570,cpt,0.0003671076410325,0.0007303319946091,3.883287456046674e-06,False,False
opioid_ed,75_84,low,223,item_icd_E1142,icd,0.0003591497661126,0.0007160403238094,2.2592084158198517e-06,False,False
opioid_ed,75_84,low,224,item_icd_G309,icd,0.0003565873482253,0.0007077594881444,5.415208306279627e-06,False,False
opioid_ed,75_84,low,225,item_icd_R42,icd,0.0003503743949273,0.0006987758400742,1.9729497804961664e-06,False,False
opioid_ed,75_84,low,226,item_cpt_74022,cpt,0.0003406875039894,0.0006754145734427,5.960434536144908e-06,False,False
opioid_ed,75_84,low,227,item_drug_ATENOLOL,drug,0.0003380629254213,0.0006744451848358,1.680666006792018e-06,False,False
opioid_ed,75_84,low,228,item_icd_B351,icd,0.0003300591667804,0.000658367227317,1.751106243815564e-06,False,False
opioid_ed,75_84,low,229,item_cpt_99222,cpt,0.0003221841236374,0.0006355704016826,8.797845592128475e-06,False,False
opioid_ed,75_84,low,230,item_cpt_93296,cpt,0.000315173130083,0.0006264821808579,3.864079308051118e-06,False,False
opioid_ed,75_84,low,231,item_icd_R918,icd,0.0003134068868944,0.0006217326900263,5.081083762567004e-06,False,False
opioid_ed,75_84,low,232,item_cpt_62311,cpt,0.0003057035552775,0.0006079595078256,3.447602729494718e-06,False,False
opioid_ed,75_84,low,233,item_cpt_72100,cpt,0.00030530209307,0.0006082725593547,2.331626785412957e-06,False,False
opioid_ed,75_84,low,234,item_cpt_74176,cpt,0.0003035867043019,0.0006030477433666,4.125665237238304e-06,False,False
opioid_ed,75_84,low,235,item_icd_H401131,icd,0.0002998370520548,0.0005984793603268,1.1947437827923671e-06,False,False
opioid_ed,75_84,low,236,item_cpt_92567,cpt,0.0002883158537044,0.000575385924927,1.2457824818565871e-06,False,False
opioid_ed,75_84,low,237,item_icd_R112,icd,0.0002778881172764,0.0005510753806717,4.7008538811029535e-06,False,False
opioid_ed,75_84,low,238,item_cpt_94729,cpt,0.0002767442000737,0.0005489887844636,4.499615683794051e-06,False,False
opioid_ed,75_84,low,239,item_cpt_83605,cpt,0.0002710217911538,0.0005380819490046,3.961633302955809e-06,False,False
opioid_ed,75_84,low,240,item_cpt_93280,cpt,0.0002679394603059,0.0005331144882346,2.7644323773285016e-06,False,False
opioid_ed,75_84,low,241,item_drug_DIGOXIN,drug,0.0002659336812171,0.0005283300025491,3.53735988517212e-06,False,False
opioid_ed,75_84,low,242,item_cpt_73522,cpt,0.0002642991918703,0.0005208300221054,7.768361635226121e-06,False,False
opioid_ed,75_84,low,243,item_cpt_84436,cpt,0.0002615058039153,0.0005209203646508,2.091243179874735e-06,False,False
opioid_ed,75_84,low,244,item_icd_J209,icd,0.0002596548907528,0.0005181853036272,1.1244778785280624e-06,False,False
opioid_ed,75_84,low,245,item_icd_M1611,icd,0.0002580749507933,0.0005150321106429,1.117790943745175e-06,False,False
opioid_ed,75_84,low,246,item_cpt_87088,cpt,0.0002542925419291,0.0005077383908826,8.466929757399602e-07,False,False
opioid_ed,75_84,low,247,item_icd_R7301,icd,0.0002520685271774,0.0005025395840826,1.5974702722964373e-06,False,False
opioid_ed,75_84,low,248,item_cpt_62323,cpt,0.0002458710933337,0.0004901009366545,1.6412500129873903e-06,False,False
opioid_ed,75_84,low,249,item_cpt_67028,cpt,0.0002443999442651,0.0004866791541913,2.120734338949231e-06,False,False
opioid_ed,75_84,low,250,item_cpt_82947,cpt,0.0002441456173222,0.000486905843973,1.38539067139464e-06,False,False
opioid_ed,75_84,low,251,item_cpt_93970,cpt,0.0002414945957787,0.0004811345844657,1.8546070917139416e-06,False,False
opioid_ed,75_84,low,252,item_cpt_99397,cpt,0.0002380206186244,0.0004745305799143,1.5106573345803792e-06,False,False
opioid_ed,75_84,low,253,item_icd_H26491,icd,0.0002333845708542,0.0004651310985929,1.6380431154750648e-06,False,False
opioid_ed,75_84,low,254,item_cpt_82043,cpt,0.0002333462642256,0.0004648209209952,1.871607456024805e-06,False,False
opioid_ed,75_84,low,255,item_icd_K210,icd,0.0002305453101582,0.0004601666315922,9.239887243303632e-07,False,False
opioid_ed,75_84,low,256,item_icd_R52,icd,0.0002232631085391,0.0004452563290844,1.2698879937491323e-06,False,False
opioid_ed,75_84,low,257,item_cpt_66821,cpt,0.0002185136946514,0.0004364441581945,5.832311083135875e-07,False,False
opioid_ed,75_84,low,258,item_cpt_80177,cpt,0.0002034121602403,0.0004015346900517,5.289630429091176e-06,False,False
opioid_ed,75_84,low,259,item_cpt_72040,cpt,0.0001993513538005,0.0003965617515989,2.1409560020846383e-06,False,False
opioid_ed,75_84,low,260,item_icd_R600,icd,0.0001972759110385,0.00039296155225,1.5902698269626342e-06,False,False
opioid_ed,75_84,low,261,item_cpt_90792,cpt,0.0001972060106719,0.0003918975352577,2.514486086147973e-06,False,False
opioid_ed,75_84,low,262,item_icd_M7061,icd,0.0001956422208368,0.0003870959476105,4.188494063170117e-06,False,False
opioid_ed,75_84,low,263,item_icd_N401,icd,0.0001944858032441,0.0003882541092788,7.174972093342257e-07,False,False
opioid_ed,75_84,low,264,item_icd_R21,icd,0.0001942098447142,0.0003873758911885,1.0437982399178546e-06,False,False
opioid_ed,75_84,low,265,item_cpt_11101,cpt,0.0001932276661506,0.0003854166478355,1.0386844657103995e-06,False,False
opioid_ed,75_84,low,266,item_icd_J0190,icd,0.0001903417681928,0.0003804311743355,2.523620502362729e-07,False,False
opioid_ed,75_84,low,267,item_icd_I509,icd,0.0001865086955024,0.0003718250658516,1.1923251531909872e-06,False,False
opioid_ed,75_84,low,268,item_icd_H903,icd,0.0001857114314012,0.0003697978656782,1.6249971243028025e-06,False,False
opioid_ed,75_84,low,269,item_icd_R609,icd,0.0001843622593397,0.0003674833203006,1.2411983789341265e-06,False,False
opioid_ed,75_84,low,270,item_cpt_73700,cpt,0.0001825552219255,0.0003629601161594,2.1503276916432217e-06,False,False
opioid_ed,75_84,low,271,item_icd_R110,icd,0.0001818912360906,0.0003620673693545,1.7151028267821415e-06,False,False
opioid_ed,75_84,low,272,item_drug_XARELTO,drug,0.000180381722306,0.0003603406965572,4.22748054813224e-07,False,False
opioid_ed,75_84,low,273,item_cpt_92557,cpt,0.000179498384111,0.000357484695097,1.5120731250004889e-06,False,False
opioid_ed,75_84,low,274,item_icd_Z01810,icd,0.0001793718279997,0.0003578377114855,9.05944513868548e-07,False,False
opioid_ed,75_84,low,275,item_cpt_94727,cpt,0.0001774384457105,0.0003518929462687,2.983945152423456e-06,False,False
opioid_ed,75_84,low,276,item_cpt_74220,cpt,0.0001758371502223,0.0003497184413146,1.9558591301196904e-06,False,False
opioid_ed,75_84,low,277,item_icd_R0609,icd,0.0001749744572309,0.0003488869818047,1.0619326571824392e-06,False,False
opioid_ed,75_84,low,278,item_cpt_88342,cpt,0.0001739205891804,0.0003469618465048,8.793318560385935e-07,False,False
opioid_ed,75_84,low,279,item_icd_Z136,icd,0.0001663965422213,0.0003310504942097,1.7425902329058566e-06,False,False
opioid_ed,75_84,low,280,item_cpt_36430,cpt,0.000166181477583,0.0003309590600497,1.4038951164025908e-06,False,False
opioid_ed,75_84,low,281,item_cpt_87070,cpt,0.0001632608618481,0.000325362489379,1.1592343172258043e-06,False,False
opioid_ed,75_84,low,282,item_icd_Z111,icd,0.0001622922022657,0.0003230475300159,1.5368745156072274e-06,False,False
opioid_ed,75_84,low,283,item_cpt_99000,cpt,0.0001555797981052,0.0003101584047363,1.0011914742354013e-06,False,False
opioid_ed,75_84,low,284,item_icd_M79604,icd,0.000155072288473,0.0003099382128938,2.063640521467007e-07,False,False
opioid_ed,75_84,low,285,item_icd_Z9889,icd,0.0001545080417067,0.0003065070939666,2.508989446815475e-06,False,False
opioid_ed,75_84,low,286,item_icd_M1711,icd,0.0001544134604815,0.0003082004147791,6.265061839025924e-07,False,False
opioid_ed,75_84,low,287,item_icd_H26493,icd,0.0001532261377452,0.0003053615588581,1.090716632457558e-06,False,False
opioid_ed,75_84,low,288,item_icd_D519,icd,0.0001505859735687,0.0003003552793149,8.166678225342768e-07,False,False
opioid_ed,75_84,low,289,item_cpt_66984,cpt,0.000150471534318,0.0003003319653908,6.111032452603936e-07,False,False
opioid_ed,75_84,low,290,item_cpt_20611,cpt,0.0001418778308164,0.0002832266286025,5.290330303447969e-07,False,False
opioid_ed,75_84,low,291,item_drug_TRADJENTA,drug,0.000141187953477,0.0002815599826232,8.159243308433376e-07,False,False
opioid_ed,75_84,low,292,item_cpt_83721,cpt,0.0001407113737689,0.0002811386858518,2.840616861010436e-07,False,False
opioid_ed,75_84,low,293,item_cpt_86300,cpt,0.0001389714355231,0.0002769494863567,9.93384689565043e-07,False,False
opioid_ed,75_84,low,294,item_drug_NYSTATIN,drug,0.0001381565144569,0.0002761287261949,1.8430271903224646e-07,False,False
opioid_ed,75_84,low,295,item_cpt_88307,cpt,0.0001380375065934,0.0002751351096273,9.39903559476072e-07,False,False
opioid_ed,75_84,low,296,item_icd_M25561,icd,0.0001371419663498,0.0002733966829082,8.872497914740445e-07,False,False
opioid_ed,75_84,low,297,item_drug_CILOSTAZOL,drug,0.0001369402461408,0.0002726674614922,1.213030789560959e-06,False,False
opioid_ed,75_84,low,298,item_icd_J40,icd,0.0001316652579063,0.0002624771108564,8.534049563373144e-07,False,False
opioid_ed,75_84,low,299,item_icd_R5383,icd,0.0001304080130651,0.0002594800808546,1.335945275620352e-06,False,False
opioid_ed,75_84,low,300,item_icd_C44319,icd,0.000129139372112,0.0002575294614747,7.492827494155823e-07,False,False
opioid_ed,75_84,low,301,item_cpt_93925,cpt,0.0001267981612202,0.0002522089102345,1.387412205880242e-06,False,False
opioid_ed,75_84,low,302,item_icd_I25119,icd,0.0001252605278921,0.0002490640350919,1.4570206923922011e-06,False,False
opioid_ed,75_84,low,303,item_icd_I429,icd,0.0001221775526676,0.0002435603322785,7.947730567307658e-07,False,False
opioid_ed,75_84,low,304,item_cpt_73630,cpt,0.000120601173008,0.0002409159700458,2.863759702566798e-07,False,False
opioid_ed,75_84,low,305,item_icd_R55,icd,0.0001197026154133,0.0002387493591427,6.558716840015714e-07,False,False
opioid_ed,75_84,low,306,item_drug_OFLOXACIN,drug,0.0001194387186137,0.0002383052397827,5.721974446967406e-07,False,False
opioid_ed,75_84,low,307,item_cpt_99495,cpt,0.0001156303253727,0.0002309856143307,2.75036414799386e-07,False,False
opioid_ed,75_84,low,308,item_icd_L299,icd,0.00011230773496,0.0002242701659538,3.453039663446218e-07,False,False
opioid_ed,75_84,low,309,item_drug_CARVEDILOL,drug,0.0001108044353693,0.0002210376685868,5.712021518357726e-07,False,False
opioid_ed,75_84,low,310,item_cpt_00810,cpt,0.0001106970614446,0.0002207468459038,6.472769853484119e-07,False,False
opioid_ed,75_84,low,311,item_cpt_78452,cpt,0.0001097243911339,0.000219339699152,1.0908311578248777e-07,False,False
opioid_ed,75_84,low,312,item_icd_K2270,icd,0.000107620441351,0.0002141640286981,1.0768540040297618e-06,False,False
opioid_ed,75_84,low,313,item_cpt_36600,cpt,0.0001070889393563,0.0002134021895771,7.756891356479651e-07,False,False
opioid_ed,75_84,low,314,item_icd_R51,icd,0.0001047217342946,0.0002085750927928,8.683757964324205e-07,False,False
opioid_ed,75_84,low,315,item_icd_J0100,icd,0.0001027883573318,0.0002051161583931,4.605562704398785e-07,False,False
opioid_ed,75_84,low,316,item_icd_G20,icd,0.0001025651701833,0.0002047421420419,3.88198324725008e-07,False,False
opioid_ed,75_84,low,317,item_cpt_77080,cpt,0.0001022188573631,0.0002041219916605,3.157230657366925e-07,False,False
opioid_ed,75_84,low,318,item_cpt_99238,cpt,9.84271134556995e-05,0.0001963091274608,5.450994505245787e-07,False,False
opioid_ed,75_84,low,319,item_icd_M2041,icd,9.789243950247656e-05,0.0001952425633678,5.423156370992468e-07,False,False
opioid_ed,75_84,low,320,item_cpt_97150,cpt,9.732170133208678e-05,0.0001937988802107,8.445224534113007e-07,False,True
opioid_ed,75_84,low,321,item_cpt_86850,cpt,9.6499116914017e-05,0.0001926655184568,3.327153711845618e-07,False,False
opioid_ed,75_84,low,322,item_icd_R262,icd,9.479152353973848e-05,0.0001892891011858,2.9394589364780777e-07,False,False
opioid_ed,75_84,low,323,item_icd_H40003,icd,9.443478355097516e-05,0.0001883122379605,5.573291413972507e-07,False,False
opioid_ed,75_84,low,324,item_cpt_84520,cpt,9.34171905785254e-05,0.000186774086565,6.029459198433026e-08,False,False
opioid_ed,75_84,low,325,item_cpt_00740,cpt,9.321330846204528e-05,0.0001861046043559,3.220125680924184e-07,False,False
opioid_ed,75_84,low,326,item_icd_C50919,icd,9.279907695230824e-05,0.0001852774906051,3.206632994579012e-07,False,False
opioid_ed,75_84,low,327,item_icd_L820,icd,9.117134080954944e-05,0.0001821234413244,2.1924029465340265e-07,False,False
opioid_ed,75_84,low,328,item_cpt_20550,cpt,9.10919223578604e-05,0.0001815492738453,6.345708704049876e-07,False,False
opioid_ed,75_84,low,329,item_icd_M109,icd,9.091212123061928e-05,0.000181573627091,2.506153701454817e-07,False,False
opioid_ed,75_84,low,330,item_icd_R9431,icd,9.030723399183448e-05,0.000180524380668,9.0087315610096e-08,False,False
opioid_ed,75_84,low,331,item_icd_L600,icd,8.925574759306903e-05,0.000177951486507,5.600086790428355e-07,False,False
opioid_ed,75_84,low,332,item_icd_L578,icd,8.920771690837875e-05,0.0001779810058569,4.34427959766064e-07,False,False
opioid_ed,75_84,low,333,item_cpt_17110,cpt,8.894407025270313e-05,0.0001776739810862,2.1415941914664786e-07,False,False
opioid_ed,75_84,low,334,item_icd_M25511,icd,8.719949126691978e-05,0.0001742811373036,1.1784523017890953e-07,False,False
opioid_ed,75_84,low,335,item_drug_NAPROXEN,drug,8.71589848287323e-05,0.0001742617573318,5.621232558216953e-08,False,False
opioid_ed,75_84,low,336,item_icd_E7800,icd,8.593182986907324e-05,0.0001718082478933,5.5411844795447784e-08,False,False
opioid_ed,75_84,low,337,item_icd_R002,icd,8.47920895117881e-05,0.0001692895967362,2.9458228737524975e-07,False,False
opioid_ed,75_84,low,338,item_drug_DUTASTERIDE,drug,8.468988554350987e-05,0.0001691453750585,2.3439602848189115e-07,False,False
opioid_ed,75_84,low,339,item_cpt_20552,cpt,8.446831968333066e-05,0.0001684344354631,5.022039035569809e-07,False,False
opioid_ed,75_84,low,340,item_cpt_43239,cpt,8.367500286268067e-05,0.0001670590621036,2.9094362169615805e-07,False,False
opioid_ed,75_84,low,341,item_icd_L97521,icd,8.329216147173209e-05,0.0001657365677745,8.477551689287993e-07,False,False
opioid_ed,75_84,low,342,item_icd_M869,icd,8.264218214562012e-05,0.0001644427299622,8.416343290177845e-07,False,False
opioid_ed,75_84,low,343,item_icd_I130,icd,8.244963190842317e-05,0.000164699919586,1.993442308381813e-07,False,False
opioid_ed,75_84,low,344,item_cpt_73560,cpt,8.23033356648752e-05,0.0001641746100299,4.320612997543048e-07,False,False
opioid_ed,75_84,low,345,item_cpt_84100,cpt,8.115945038864965e-05,0.000162007386864,3.115139132066971e-07,False,False
opioid_ed,75_84,low,346,item_drug_TEMAZEPAM,drug,8.090513610871864e-05,0.0001616718984066,1.3837381077330386e-07,False,False
opioid_ed,75_84,low,347,item_cpt_70544,cpt,8.010300063991576e-05,0.0001598982720198,3.077292599431167e-07,False,False
opioid_ed,75_84,low,348,item_icd_N200,icd,7.930731500159799e-05,0.0001582815984564,3.330315467569174e-07,False,False
opioid_ed,75_84,low,349,item_icd_R001,icd,7.869713331984562e-05,0.0001572314826637,1.6278397597993845e-07,False,False
opioid_ed,75_84,low,350,item_icd_M19012,icd,7.867190250839867e-05,0.0001567342936221,6.09511394648672e-07,False,False
opioid_ed,75_84,low,351,item_cpt_76705,cpt,7.847727374102117e-05,0.0001569039982904,5.054919162595517e-08,False,False
opioid_ed,75_84,low,352,item_cpt_11056,cpt,7.815421710511681e-05,0.0001558966286864,4.118055237393952e-07,False,False
opioid_ed,75_84,low,353,item_cpt_87205,cpt,7.814518506292602e-05,0.0001561843334044,1.0603672144042962e-07,False,False
opioid_ed,75_84,low,354,item_cpt_80069,cpt,7.739499367785609e-05,0.0001543269065336,4.630808220356202e-07,False,False
opioid_ed,75_84,low,355,item_icd_C61,icd,7.633666556560793e-05,0.0001521076203248,5.65710806408159e-07,False,False
opioid_ed,75_84,low,356,item_drug_METHOTREXATE,drug,7.630314875948112e-05,0.0001524209747169,1.8532280196949469e-07,False,False
opioid_ed,75_84,low,357,item_cpt_11721,cpt,7.308214882692977e-05,0.0001457772536975,3.8704395631354953e-07,False,False
opioid_ed,75_84,low,358,item_cpt_99356,cpt,7.035813934717962e-05,0.0001402921192263,4.241594680050103e-07,False,False
opioid_ed,75_84,low,359,item_icd_Z01818,icd,7.028647961176957e-05,0.0001403761081826,1.968510408482245e-07,False,False
opioid_ed,75_84,low,360,item_cpt_71250,cpt,6.941105961993222e-05,0.00013860258965,2.195295898141335e-07,False,False
opioid_ed,75_84,low,361,item_cpt_93294,cpt,6.872870510563533e-05,0.0001373884331652,6.89770459791348e-08,False,False
opioid_ed,75_84,low,362,item_icd_M1712,icd,6.847318532002542e-05,0.0001366310498362,3.1532080378538705e-07,False,False
opioid_ed,75_84,low,363,item_icd_I517,icd,6.678790386532355e-05,0.000133484583028,9.12247025793814e-08,False,False
opioid_ed,75_84,low,364,item_cpt_97116,cpt,6.645137077585563e-05,0.0001325720193876,3.307221641017745e-07,False,True
opioid_ed,75_84,low,365,item_cpt_96365,cpt,6.562056957211217e-05,0.0001308905222207,3.506169234567486e-07,False,False
opioid_ed,75_84,low,366,item_icd_Z01419,icd,6.306873664316819e-05,0.0001258450262605,2.924470258155668e-07,False,False
opioid_ed,75_84,low,367,item_icd_Z4502,icd,6.293573636479513e-05,0.0001256709289874,2.0054374210472667e-07,False,False
opioid_ed,75_84,low,368,item_icd_K5730,icd,6.288241185855743e-05,0.0001257015660984,6.325761869850978e-08,False,False
opioid_ed,75_84,low,369,item_icd_L0390,icd,6.251566575875967e-05,0.0001246505493423,3.8078217515983385e-07,False,False
opioid_ed,75_84,low,370,item_cpt_51798,cpt,6.226324819058202e-05,0.0001244185082524,1.079881287473824e-07,False,False
opioid_ed,75_84,low,371,item_icd_G43909,icd,6.185782186820868e-05,0.000123002707568,7.129361683447961e-07,False,False
opioid_ed,75_84,low,372,item_cpt_82150,cpt,6.151206954332921e-05,0.0001226935796417,3.3055944494856066e-07,False,False
opioid_ed,75_84,low,373,item_drug_LEVOFLOXACIN,drug,6.089866471050115e-05,0.0001217360125016,6.131691933962525e-08,False,False
opioid_ed,75_84,low,374,item_icd_R634,icd,6.056758667052682e-05,0.0001210963067493,3.886659173644077e-08,False,False
opioid_ed,75_84,low,375,item_cpt_90715,cpt,5.851260114802983e-05,0.0001169447701359,8.043216008643738e-08,False,False
opioid_ed,75_84,low,376,item_icd_R1310,icd,5.714247562980529e-05,0.0001141643204972,1.2063076232836288e-07,False,False
opioid_ed,75_84,low,377,item_icd_R222,icd,5.705034573149617e-05,0.0001138128118877,2.878795751989877e-07,False,False
opioid_ed,75_84,low,378,item_icd_Z09,icd,5.583649959274541e-05,0.0001114727334055,2.002657799311225e-07,False,False
opioid_ed,75_84,low,379,item_icd_R339,icd,5.478508555624405e-05,0.0001094137271566,1.5644395582420484e-07,False,False
opioid_ed,75_84,low,380,item_icd_R300,icd,5.475544785558958e-05,0.0001094151450572,9.57506539435971e-08,False,False
opioid_ed,75_84,low,381,item_cpt_87427,cpt,5.373655776964214e-05,0.000107398912233,7.420330624624218e-08,False,False
opioid_ed,75_84,low,382,item_cpt_94060,cpt,5.25186191992742e-05,0.0001049451337038,9.210469466116074e-08,False,False
opioid_ed,75_84,low,383,item_icd_G629,icd,5.213809820765267e-05,0.0001042428284311,3.336798416181282e-08,False,False
opioid_ed,75_84,low,384,item_cpt_85730,cpt,5.17499081428704e-05,0.0001031594222068,3.403940789183815e-07,False,False
opioid_ed,75_84,low,385,item_cpt_11042,cpt,5.1683709337174e-05,0.0001031231576157,2.442610585969664e-07,False,False
opioid_ed,75_84,low,386,item_cpt_87046,cpt,5.10781654328943e-05,0.0001021236542823,3.2676583442830696e-08,False,False
opioid_ed,75_84,low,387,item_icd_R000,icd,5.0560641622709306e-05,0.0001010135242001,1.077590452679467e-07,False,False
opioid_ed,75_84,low,388,item_cpt_85652,cpt,4.999034805777228e-05,9.97622195919628e-05,2.184765235817603e-07,False,False
opioid_ed,75_84,low,389,item_icd_J9811,icd,4.88514520279482e-05,9.756192714991432e-05,1.4097690598208044e-07,False,False
opioid_ed,75_84,low,390,item_cpt_97161,cpt,4.862270604167328e-05,9.708683458806348e-05,1.585774952830981e-07,False,True
opioid_ed,75_84,low,391,item_icd_M5441,icd,4.851301683526784e-05,9.677706062632698e-05,2.48973044208684e-07,False,False
opioid_ed,75_84,low,392,item_cpt_64491,cpt,4.845074954423473e-05,9.634581567278074e-05,5.556834156887185e-07,False,False
opioid_ed,75_84,low,393,item_cpt_36591,cpt,4.80510590596608e-05,9.576543023935776e-05,3.366878799638477e-07,False,False
opioid_ed,75_84,low,394,item_icd_R351,icd,4.793931710784156e-05,9.574003494832748e-05,1.3859926735563774e-07,False,False
opioid_ed,75_84,low,395,item_cpt_99219,cpt,4.7640145129853743e-05,9.516035383508858e-05,1.1993642461891114e-07,False,False
opioid_ed,75_84,low,396,item_cpt_99205,cpt,4.74511357014835e-05,9.471151503960448e-05,1.907563633625403e-07,False,False
opioid_ed,75_84,low,397,item_cpt_80050,cpt,4.591422669148257e-05,9.174711363719744e-05,8.133974576771232e-08,False,False
opioid_ed,75_84,low,398,item_cpt_85014,cpt,4.586119071454063e-05,9.1571900781999e-05,1.504806470822706e-07,False,False
opioid_ed,75_84,low,399,item_icd_E538,icd,4.562002297401771e-05,9.114194898863606e-05,9.809695939935568e-08,False,False
opioid_ed,75_84,low,400,item_cpt_88112,cpt,4.534307962563062e-05,9.058860389415972e-05,9.755535710152203e-08,False,False
opioid_ed,75_84,low,401,item_cpt_99497,cpt,4.4837866326567495e-05,8.951129251789717e-05,1.644401352378165e-07,False,False
opioid_ed,75_84,low,402,item_icd_E876,icd,4.3719517191901007e-05,8.741115789221946e-05,2.7876491582552827e-08,False,False
opioid_ed,75_84,low,403,item_icd_J984,icd,4.330527594418784e-05,8.65169817476111e-05,9.357014076456685e-08,False,False
opioid_ed,75_84,low,404,item_cpt_84466,cpt,4.2090742572122375e-05,8.410637755549849e-05,7.510758874626554e-08,False,False
opioid_ed,75_84,low,405,item_icd_M25569,icd,3.977186410399083e-05,7.936518005312861e-05,1.7854815485305273e-07,False,False
opioid_ed,75_84,low,406,item_cpt_95816,cpt,3.9158616376774206e-05,7.823177199819832e-05,8.546075535009547e-08,False,False
opioid_ed,75_84,low,407,item_icd_R579,icd,3.908129855617236e-05,7.780619646806734e-05,3.564006442773826e-07,False,False
opioid_ed,75_84,low,408,item_cpt_82553,cpt,3.8958290757176055e-05,7.781645023693445e-05,1.0013127741766173e-07,False,False
opioid_ed,75_84,low,409,item_icd_R1084,icd,3.806483069456466e-05,7.610547348459964e-05,2.418790452969168e-08,False,False
opioid_ed,75_84,low,410,item_cpt_97535,cpt,3.795740982710197e-05,7.586119530808643e-05,5.362434611751749e-08,False,True
opioid_ed,75_84,low,411,item_cpt_93016,cpt,3.709260465188659e-05,7.411824852023424e-05,6.696078353893299e-08,False,False
opioid_ed,75_84,low,412,item_icd_M25571,icd,3.6483987518103216e-05,7.29305429897051e-05,3.743204650132756e-08,False,False
opioid_ed,75_84,low,413,item_cpt_96376,cpt,3.626907802234692e-05,7.251513952076323e-05,2.301652393060748e-08,False,False
opioid_ed,75_84,low,414,item_icd_H40013,icd,3.585716772434085e-05,7.164938838788417e-05,6.494706079752736e-08,False,False
opioid_ed,75_84,low,415,item_icd_F419,icd,3.572993489117215e-05,7.136710306788746e-05,9.276671445684527e-08,False,False
opioid_ed,75_84,low,416,item_cpt_72158,cpt,3.508778564386683e-05,7.005667859694705e-05,1.1889269078660693e-07,False,False
opioid_ed,75_84,low,417,item_icd_G4733,icd,3.415275775109927e-05,6.827036409721881e-05,3.515140497971525e-08,False,False
opioid_ed,75_84,low,418,item_cpt_87075,cpt,3.386992806085785e-05,6.761114164891394e-05,1.2871447280176236e-07,False,False
opioid_ed,75_84,low,419,item_drug_PRIMIDONE,drug,3.360744967853425e-05,6.706043843602522e-05,1.5446092104327513e-07,False,False
opioid_ed,75_84,low,420,item_icd_M546,icd,3.3517668712394226e-05,6.689449667868688e-05,1.408407461015721e-07,False,False
opioid_ed,75_84,low,421,item_icd_M19011,icd,3.341127082535371e-05,6.673506429969329e-05,8.74773510141343e-08,False,False
opioid_ed,75_84,low,422,item_cpt_73590,cpt,3.3262028790677715e-05,6.646334051415071e-05,6.071706720472936e-08,False,False
opioid_ed,75_84,low,423,item_drug_CELECOXIB,drug,3.3253505667898126e-05,6.643309886838127e-05,7.391246741497889e-08,False,False
opioid_ed,75_84,low,424,item_icd_R0902,icd,3.2307365120999543e-05,6.454266808764364e-05,7.206215435543709e-08,False,False
opioid_ed,75_84,low,425,item_icd_Z7901,icd,3.204911033096464e-05,6.403948061308246e-05,5.874004884682176e-08,False,False
opioid_ed,75_84,low,426,item_icd_M533,icd,3.1657460023058e-05,6.320608517596077e-05,1.0883487015522993e-07,False,False
opioid_ed,75_84,low,427,item_icd_Z452,icd,3.05309719374532e-05,6.100567834316315e-05,5.62655317432347e-08,False,False
opioid_ed,75_84,low,428,item_icd_M179,icd,2.9436711176199904e-05,5.885486262371346e-05,1.8559728686349988e-08,False,False
opioid_ed,75_84,low,429,item_icd_F329,icd,2.9275339077863603e-05,5.847263574033364e-05,7.804241539356613e-08,False,False
opioid_ed,75_84,low,430,item_cpt_73070,cpt,2.860820983414096e-05,5.706982330847935e-05,1.4659635980256285e-07,False,False
opioid_ed,75_84,low,431,item_icd_K219,icd,2.8193003651287293e-05,5.636825885201587e-05,1.7748450558712037e-08,False,False
opioid_ed,75_84,low,432,item_cpt_52000,cpt,2.78672272616578e-05,5.569398966245431e-05,4.0464860861281187e-08,False,False
opioid_ed,75_84,low,433,item_icd_L89152,icd,2.749846742870968e-05,5.48889740254801e-05,1.0796083193925099e-07,False,False
opioid_ed,75_84,low,434,item_cpt_73552,cpt,2.723954954278329e-05,5.439445736970488e-05,8.464171586170546e-08,False,False
opioid_ed,75_84,low,435,item_cpt_76536,cpt,2.6367986408781272e-05,5.271941483706351e-05,1.655798049903197e-08,False,False
opioid_ed,75_84,low,436,item_cpt_84481,cpt,2.6061640532743064e-05,5.210692291630093e-05,1.6358149185203312e-08,False,False
opioid_ed,75_84,low,437,item_cpt_99153,cpt,2.593187504199979e-05,5.182580928440627e-05,3.7940799593308226e-08,False,False
opioid_ed,75_84,low,438,item_icd_N3000,icd,2.5742950186205025e-05,5.144820596616376e-05,3.7694406246285725e-08,False,False
opioid_ed,75_84,low,439,item_cpt_99343,cpt,2.573114938032355e-05,5.1403097336029145e-05,5.920142461795402e-08,False,False
opioid_ed,75_84,low,440,item_icd_I714,icd,2.537800087611586e-05,5.072943468979704e-05,2.6567062434681905e-08,False,False
opioid_ed,75_84,low,441,item_icd_H25811,icd,2.5177054316911235e-05,5.026427451327993e-05,8.983412054254221e-08,False,False
opioid_ed,75_84,low,442,item_icd_N289,icd,2.5144184297728624e-05,5.026203027572509e-05,2.6338319732156896e-08,False,False
opioid_ed,75_84,low,443,item_cpt_83615,cpt,2.508099056000661e-05,5.0125150032927385e-05,3.68310870858362e-08,False,False
opioid_ed,75_84,low,444,item_icd_D696,icd,2.502444395950907e-05,4.998054269502427e-05,6.83452239938769e-08,False,False
opioid_ed,75_84,low,445,item_cpt_78815,cpt,2.4694560577192963e-05,4.93527940442726e-05,3.632711011332639e-08,False,False
opioid_ed,75_84,low,446,item_cpt_94664,cpt,2.4587776964014384e-05,4.910820483386528e-05,6.734909416348997e-08,False,False
opioid_ed,75_84,low,447,item_icd_K5732,icd,2.4527585947678108e-05,4.9008691691073656e-05,4.648020428255918e-08,False,False
opioid_ed,75_84,low,448,item_cpt_87081,cpt,2.4125512513483615e-05,4.813361444383133e-05,1.174105831359113e-07,False,False
opioid_ed,75_84,low,449,item_icd_M1990,icd,2.3551126810812765e-05,4.706741776300271e-05,3.483585862282369e-08,False,False
opioid_ed,75_84,low,450,item_cpt_82310,cpt,2.3415161746976417e-05,4.681569165928382e-05,1.4631834669014152e-08,False,False
opioid_ed,75_84,low,451,item_cpt_84681,cpt,2.337004144710452e-05,4.6585772790096674e-05,1.5431010411236137e-07,False,False
opioid_ed,75_84,low,452,item_cpt_70551,cpt,2.318433090213277e-05,4.634424080863997e-05,2.442099562557037e-08,False,False
opioid_ed,75_84,low,453,item_cpt_95909,cpt,2.278123890366263e-05,4.546988231660483e-05,9.259549072043329e-08,False,False
opioid_ed,75_84,low,454,item_cpt_99281,cpt,2.2643541796365035e-05,4.521442217200281e-05,7.26614207272573e-08,False,False
opioid_ed,75_84,low,455,item_icd_M25512,icd,2.2154060743958357e-05,4.426551005392381e-05,4.2611433992905606e-08,False,False
opioid_ed,75_84,low,456,item_drug_DIAZEPAM,drug,2.1636632338083504e-05,4.325035779367523e-05,2.2906882491777105e-08,False,False
opioid_ed,75_84,low,457,item_cpt_80047,cpt,2.100529141410468e-05,4.197906721509751e-05,3.1515613111853614e-08,False,False
opioid_ed,75_84,low,458,item_icd_D539,icd,2.089678665388086e-05,4.1734644143635374e-05,5.892916412635047e-08,False,False
opioid_ed,75_84,low,459,item_icd_I872,icd,2.0568159512750224e-05,4.1096292559872745e-05,4.002646562770452e-08,False,False
opioid_ed,75_84,low,460,item_cpt_85651,cpt,2.045628884156332e-05,4.089082553039425e-05,2.1752152732389805e-08,False,False
opioid_ed,75_84,low,461,item_cpt_96411,cpt,2.0355588022649664e-05,4.062648158232572e-05,8.469446297361273e-08,False,False
opioid_ed,75_84,low,462,item_icd_J189,icd,2.030214691385788e-05,4.0591692631918445e-05,1.2601195797307525e-08,False,False
opioid_ed,75_84,low,463,item_icd_K5901,icd,2.0123373242420715e-05,4.018958164038733e-05,5.716484445409313e-08,False,False
opioid_ed,75_84,low,464,item_cpt_88313,cpt,1.964126339701081e-05,3.926157198048605e-05,2.0954813535573597e-08,False,False
opioid_ed,75_84,low,465,item_icd_N3941,icd,1.9107945656137783e-05,3.818685019289721e-05,2.9041119378364982e-08,False,False
opioid_ed,75_84,low,466,item_cpt_84165,cpt,1.909745677263791e-05,3.818309817632492e-05,1.1815368950902052e-08,False,False
opioid_ed,75_84,low,467,item_icd_J439,icd,1.879502370349145e-05,3.755291109610377e-05,3.7136310879134545e-08,False,False
opioid_ed,75_84,low,468,item_icd_M62838,icd,1.7890028636686372e-05,3.574439607555382e-05,3.5661197818927094e-08,False,False
opioid_ed,75_84,low,469,item_icd_M069,icd,1.7848762315042362e-05,3.566193069505234e-05,3.5593935032380974e-08,False,False
opioid_ed,75_84,low,470,item_cpt_99217,cpt,1.7820629767372845e-05,3.560571145486767e-05,3.554807987802006e-08,False,False
opioid_ed,75_84,low,471,item_cpt_96367,cpt,1.7783150334692593e-05,3.553898733088561e-05,2.7313338499573583e-08,False,False
opioid_ed,75_84,low,472,item_cpt_96366,cpt,1.7687805978208946e-05,3.534842296479166e-05,2.718899162623664e-08,False,False
opioid_ed,75_84,low,473,item_icd_D518,icd,1.7594358363885863e-05,3.513732110148157e-05,5.1395626290153286e-08,False,False
opioid_ed,75_84,low,474,item_cpt_82977,cpt,1.6635125163124144e-05,3.322104291389561e-05,4.920741235267944e-08,False,False
opioid_ed,75_84,low,475,item_cpt_93015,cpt,1.655860385321664e-05,3.310704844697883e-05,1.0159259454450332e-08,False,False
opioid_ed,75_84,low,476,item_icd_E1165,icd,1.650658049332793e-05,3.3003035662361535e-05,1.0125324294327449e-08,False,False
opioid_ed,75_84,low,477,item_icd_M5417,icd,1.6474909807537805e-05,3.2916465015760024e-05,3.3354599315587275e-08,False,False
opioid_ed,75_84,low,478,item_cpt_85018,cpt,1.642655636957211e-05,3.283530287272212e-05,1.7809866422094513e-08,False,False
opioid_ed,75_84,low,479,item_cpt_86901,cpt,1.6287980636795117e-05,3.255059791602187e-05,2.5363357568362653e-08,False,False
opioid_ed,75_84,low,480,item_icd_G308,icd,1.6188888775191005e-05,3.2337237380133825e-05,4.054017024818386e-08,False,False
opioid_ed,75_84,low,481,item_cpt_88304,cpt,1.5788898335875853e-05,3.1545560249228923e-05,3.223642252278645e-08,False,False
opioid_ed,75_84,low,482,item_icd_N281,icd,1.548926798120237e-05,3.09542142755244e-05,2.4321686880337856e-08,False,False
opioid_ed,75_84,low,483,item_icd_N2889,icd,1.5158660180624872e-05,3.0293429848775727e-05,2.3890512474019793e-08,False,False
opioid_ed,75_84,low,484,item_cpt_82948,cpt,1.4797591095399087e-05,2.95717625799429e-05,2.3419610855273677e-08,False,False
opioid_ed,75_84,low,485,item_icd_R0689,icd,1.4587470539964436e-05,2.912327921285795e-05,5.166186707092624e-08,False,False
opioid_ed,75_84,low,486,item_cpt_00910,cpt,1.4470225945327937e-05,2.8896183071585668e-05,4.426881907020544e-08,False,False
opioid_ed,75_84,low,487,item_cpt_73721,cpt,1.4305708466022736e-05,2.8574559590031367e-05,3.685734201410386e-08,False,False
opioid_ed,75_84,low,488,item_cpt_70486,cpt,1.4196940893403756e-05,2.8385263054740547e-05,8.61873206696546e-09,False,False
opioid_ed,75_84,low,489,item_drug_LORATADINE,drug,1.409573394992798e-05,2.814108782990159e-05,5.0380069954366776e-08,False,False
opioid_ed,75_84,low,490,item_cpt_73020,cpt,1.4074482238067408e-05,2.807082794233493e-05,7.813653379988342e-08,False,False
opioid_ed,75_84,low,491,item_icd_Z45018,icd,1.385149232792028e-05,2.7653241244237797e-05,4.9743411602768285e-08,False,False
opioid_ed,75_84,low,492,item_cpt_93880,cpt,1.3720171836739864e-05,2.741832921885004e-05,2.2014454629689865e-08,False,False
opioid_ed,75_84,low,493,item_icd_G8911,icd,1.3660877035764068e-05,2.7286157789533626e-05,3.5596281994509844e-08,False,False
opioid_ed,75_84,low,494,item_icd_M1710,icd,1.3349346492527169e-05,2.664353806903289e-05,5.515491602144499e-08,False,False
opioid_ed,75_84,low,495,item_icd_D701,icd,1.3000033246159827e-05,2.5932728661166288e-05,6.7337831153369e-08,False,False
opioid_ed,75_84,low,496,item_cpt_71275,cpt,1.2871549452888469e-05,2.5709046266679497e-05,3.4052639097438403e-08,False,False
opioid_ed,75_84,low,497,item_icd_E784,icd,1.1859878456242216e-05,2.3693924666902327e-05,2.583224558210644e-08,False,False
opioid_ed,75_84,low,498,item_cpt_88374,cpt,1.1483114712644968e-05,2.2941011292578915e-05,2.521813271102197e-08,False,False
opioid_ed,75_84,low,499,item_cpt_70553,cpt,1.1455616835056631e-05,2.290440312072169e-05,6.830549391572389e-09,False,False
opioid_ed,75_84,low,500,item_icd_N3946,icd,1.141023650746776e-05,2.277709316206489e-05,4.337985287062664e-08,False,False
opioid_ed,75_84,low,501,item_icd_H04123,icd,1.1154063061549975e-05,2.2295474335615808e-05,1.2651787484147464e-08,False,False
opioid_ed,75_84,low,502,item_cpt_64490,cpt,1.1150285408759638e-05,2.224586061647698e-05,5.4710201042294876e-08,False,False
opioid_ed,75_84,low,503,item_icd_M79609,icd,1.102059538686408e-05,2.201075793984064e-05,3.043283388752173e-08,False,False
opioid_ed,75_84,low,504,item_cpt_82533,cpt,1.0784474033659772e-05,2.1533087228390955e-05,3.5860838928589614e-08,False,False
opioid_ed,75_84,low,505,item_icd_R3915,icd,1.060797271897772e-05,2.1209667812074923e-05,6.277625880520912e-09,False,False
opioid_ed,75_84,low,506,item_icd_M5442,icd,1.0601935166577196e-05,2.117425624916153e-05,2.9614083992861e-08,False,False
opioid_ed,75_84,low,507,item_icd_K529,icd,1.0255613000095992e-05,2.05051782207402e-05,6.0477794517880045e-09,False,False
opioid_ed,75_84,low,508,item_icd_I619,icd,9.872023620388358e-06,1.972705149114948e-05,1.6995749627233802e-08,False,False
opioid_ed,75_84,low,509,item_icd_M79662,icd,9.777003591529644e-06,1.9531569956995425e-05,2.2437226063865143e-08,False,False
opioid_ed,75_84,low,510,item_cpt_99224,cpt,9.635462209468804e-06,1.924320041093831e-05,2.7724007999295824e-08,False,False
opioid_ed,75_84,low,511,item_cpt_94760,cpt,9.422100818801775e-06,1.883869756331416e-05,5.504074289393565e-09,False,False
opioid_ed,75_84,low,512,item_icd_R1909,icd,9.042063909848018e-06,1.804692102140107e-05,3.720679829496639e-08,False,False
opioid_ed,75_84,low,513,item_icd_M7062,icd,8.608583558932098e-06,1.7186269945601267e-05,3.089717226292922e-08,False,False
opioid_ed,75_84,low,514,item_icd_G8918,icd,7.63369790479663e-06,1.5258187994497148e-05,9.207815096111595e-09,False,False
opioid_ed,75_84,low,515,item_cpt_86334,cpt,7.382599805802492e-06,1.4761025916468244e-05,4.173695136740271e-09,False,False
opioid_ed,75_84,low,516,item_drug_DEXILANT,drug,6.814017748208799e-06,1.3619629574221968e-05,8.405922195628259e-09,False,False
opioid_ed,75_84,low,517,item_cpt_99349,cpt,6.612405117396211e-06,1.3216601550185134e-05,8.208684607287231e-09,False,False
opioid_ed,75_84,low,518,item_icd_R404,icd,6.393174406655077e-06,1.2782820526494244e-05,3.528286815910058e-09,False,False
opioid_ed,75_84,low,519,item_icd_D631,icd,6.3775349501571215e-06,1.2751551815212748e-05,3.518085101495064e-09,False,False
opioid_ed,75_84,low,520,item_cpt_83883,cpt,6.303594048772193e-06,1.2599281522731426e-05,7.90657481296072e-09,False,False
opioid_ed,75_84,low,521,item_icd_I471,icd,6.202190619964736e-06,1.2400977533021436e-05,3.403706908036433e-09,False,False
opioid_ed,75_84,low,522,item_icd_G3184,icd,6.176518478170174e-06,1.2340860836597704e-05,1.21761197426456e-08,False,False
opioid_ed,75_84,low,523,item_icd_I259,icd,5.959551005449336e-06,1.1915856579315188e-05,3.245431583483194e-09,False,False
opioid_ed,75_84,low,524,item_cpt_86200,cpt,5.783903645206693e-06,1.1564676434691742e-05,3.130855721644446e-09,False,False
opioid_ed,75_84,low,525,item_cpt_88185,cpt,5.742976743092181e-06,1.1482849327334651e-05,3.1041588497092078e-09,False,False
opioid_ed,75_84,low,526,item_icd_I5030,icd,5.69389227747374e-06,1.1384712414198944e-05,3.072140748535593e-09,False,False
opioid_ed,75_84,low,527,item_cpt_74018,cpt,5.474611791255772e-06,1.094629447978338e-05,2.929102728162634e-09,False,False
opioid_ed,75_84,low,528,item_cpt_70250,cpt,5.435095281133532e-06,1.0850680972102246e-05,1.950959016481813e-08,False,False
opioid_ed,75_84,low,529,item_icd_C3410,icd,5.362276140193099e-06,1.069693749018716e-05,2.7614790199036906e-08,False,False
opioid_ed,75_84,low,530,item_cpt_43450,cpt,4.994760935136066e-06,9.982895726580148e-06,6.6261436919837865e-09,False,False
opioid_ed,75_84,low,531,item_icd_M47814,icd,4.8179869161619856e-06,9.62161964508754e-06,1.4354187236431545e-08,False,False
opioid_ed,75_84,low,532,item_icd_R102,icd,4.8143441169533705e-06,9.626189827875204e-06,2.498406031537311e-09,False,False
opioid_ed,75_84,low,533,item_icd_M160,icd,4.576380047009739e-06,9.150416913425789e-06,2.343180593689662e-09,False,False
opioid_ed,75_84,low,534,item_icd_H353131,icd,4.5017287405699415e-06,9.001162996056111e-06,2.294485083771877e-09,False,False
opioid_ed,75_84,low,535,item_cpt_95910,cpt,4.430673027400206e-06,8.855271758173198e-06,6.0742966272154024e-09,False,False
opioid_ed,75_84,low,536,item_cpt_99348,cpt,4.282186500141335e-06,8.562221723963165e-06,2.15127631950483e-09,False,False
opioid_ed,75_84,low,537,item_cpt_88189,cpt,4.245959458563511e-06,8.489791271931291e-06,2.1276451957298223e-09,False,False
opioid_ed,75_84,low,538,item_icd_M7552,icd,4.151284679036963e-06,8.289301874194592e-06,1.3267483879335276e-08,False,False
opioid_ed,75_84,low,539,item_icd_I5022,icd,4.145654741018276e-06,8.289247266229816e-06,2.062215806734955e-09,False,False
opioid_ed,75_84,low,540,item_icd_K2970,icd,3.952252299105508e-06,7.902568540015949e-06,1.9360581950676753e-09,False,False
opioid_ed,75_84,low,541,item_cpt_86580,cpt,3.731664812744956e-06,7.461537457879511e-06,1.7921676104002507e-09,False,False
opioid_ed,75_84,low,542,item_icd_M79641,icd,3.511561534212514e-06,7.021474475547529e-06,1.6485928775004724e-09,False,False
opioid_ed,75_84,low,543,item_icd_K7689,icd,3.384375755837004e-06,6.767185882868104e-06,1.565628805903406e-09,False,False
opioid_ed,75_84,low,544,item_cpt_72114,cpt,3.3408749152920017e-06,6.6559400622381695e-06,2.5809768345834258e-08,False,False
opioid_ed,75_84,low,545,item_icd_R791,icd,2.3708306568002387e-06,4.7376021602701e-06,4.0591533303776656e-09,False,False
opioid_ed,75_84,low,546,item_cpt_64495,cpt,2.32868458443886e-06,4.6564921739666345e-06,8.769949110847804e-10,False,False
opioid_ed,75_84,low,547,item_cpt_84460,cpt,1.9590614840292367e-06,3.9174870805869e-06,6.358874715739325e-10,False,False
opioid_ed,75_84,low,548,item_cpt_99350,cpt,1.5883267495002378e-06,3.1733598690548246e-06,3.293629945651076e-09,False,False
opioid_ed,75_84,low,549,item_icd_R350,icd,1.4361110358176515e-06,2.8719273079826133e-06,2.947636526902818e-10,False,False
opioid_ed,75_84,low,550,item_icd_Z981,icd,1.3814237072127206e-06,2.751265358364204e-06,1.1582056061237442e-08,False,False
opioid_ed,75_84,low,551,item_cpt_73221,cpt,1.3319667116208057e-06,2.6637065935771345e-06,2.26829664476716e-10,False,False
opioid_ed,75_84,low,552,item_icd_D61818,icd,1.0343302920627285e-06,2.0631908395332093e-06,5.469744592247652e-09,False,False
opioid_ed,75_84,low,553,item_cpt_85379,cpt,9.84231759854682e-07,1.968463519709364e-06,0.0,False,False
opioid_ed,75_84,low,554,item_cpt_86480,cpt,8.102330605946677e-07,1.617933700112814e-06,2.5324210765213917e-09,False,False
opioid_ed,75_84,low,555,item_icd_R160,icd,2.061736664179709e-09,0.0,4.123473328359418e-09,False,False
opioid_ed,75_84,medium,1,pgx_num_drugs,pgx,0.9999999994651004,0.9999999999470032,0.9999999989831976,True,False
opioid_ed,75_84,medium,2,n_event_bin_ordinal,utilization_temporal,0.3914768059550848,0.3900697573999773,0.3928838545101923,True,False
opioid_ed,75_84,medium,3,pgx_num_cpic_drugs,pgx,0.2354929263259486,0.350207599079784,0.1207782535721132,True,False
opioid_ed,75_84,medium,4,item_icd_G8929,icd,0.0685518585161385,0.1058048868313918,0.0312988302008851,True,False
opioid_ed,75_84,medium,5,item_drug_LISINOPRIL,drug,0.0416197353054827,0.0733525364188853,0.0098869341920801,True,False
opioid_ed,75_84,medium,6,item_icd_M545,icd,0.0403461548597067,0.0691488622108801,0.0115434475085333,True,False
opioid_ed,75_84,medium,7,item_cpt_99214,cpt,0.0352819196790092,0.05860033291663,0.0119635064413883,True,False
opioid_ed,75_84,medium,8,item_cpt_99213,cpt,0.034294984151075,0.0571857754451794,0.0114041928569706,True,False
opioid_ed,75_84,medium,9,item_drug_AMOXICILLIN,drug,0.0315068317194357,0.054287026129013,0.0087266373098584,True,False
opioid_ed,75_84,medium,10,item_cpt_83735,cpt,0.0314720239938759,0.0562846371004145,0.0066594108873374,True,False
opioid_ed,75_84,medium,11,item_icd_Z79891,icd,0.0304343043004417,0.0518700449732327,0.0089985636276507,True,False
opioid_ed,75_84,medium,12,item_cpt_71010,cpt,0.030233800077485,0.0559395672784984,0.0045280328764716,True,False
opioid_ed,75_84,medium,13,item_cpt_92014,cpt,0.0298996633124442,0.0536840355168345,0.0061152911080538,True,False
opioid_ed,75_84,medium,14,item_drug_FUROSEMIDE,drug,0.0288559301904698,0.0524322198227435,0.005279640558196,True,False
opioid_ed,75_84,medium,15,item_cpt_99203,cpt,0.0265307296648736,0.0478734361312831,0.0051880231984641,True,False
opioid_ed,75_84,medium,16,item_drug_PREDNISONE,drug,0.0249071203337498,0.045793256216578,0.0040209844509215,True,False
opioid_ed,75_84,medium,17,item_cpt_84439,cpt,0.0208469795963412,0.0385595819409604,0.0031343772517221,True,False
opioid_ed,75_84,medium,18,item_cpt_99239,cpt,0.0184988309842133,0.0349226310198498,0.0020750309485768,True,False
opioid_ed,75_84,medium,19,item_drug_AZITHROMYCIN,drug,0.0172919467388167,0.0319644210247476,0.0026194724528858,True,False
opioid_ed,75_84,medium,20,item_cpt_86140,cpt,0.0171916751245523,0.0315222093305948,0.0028611409185097,True,False
opioid_ed,75_84,medium,21,item_drug_OMEPRAZOLE,drug,0.0170183360655765,0.0322070136640555,0.0018296584670976,False,False
opioid_ed,75_84,medium,22,item_drug_SIMVASTATIN,drug,0.0170147125136866,0.0320565479043803,0.0019728771229928,False,False
opioid_ed,75_84,medium,23,item_cpt_20610,cpt,0.0163430868679322,0.0306403264473651,0.0020458472884993,False,False
opioid_ed,75_84,medium,24,item_icd_M5416,icd,0.0156058677016085,0.0286186204443397,0.0025931149588774,False,False
opioid_ed,75_84,medium,25,item_cpt_85610,cpt,0.0153041666296079,0.029220149056558,0.0013881842026578,False,False
opioid_ed,75_84,medium,26,item_icd_G894,icd,0.0150588307685597,0.0275000981127239,0.0026175634243955,False,False
opioid_ed,75_84,medium,27,item_cpt_97110,cpt,0.0140565082258723,0.0266303721658805,0.0014826442858642,False,True
opioid_ed,75_84,medium,28,item_cpt_70450,cpt,0.0139538444498326,0.0266626750047444,0.0012450138949207,False,False
opioid_ed,75_84,medium,29,item_cpt_80061,cpt,0.0135774981070622,0.0249772050826404,0.0021777911314841,False,False
opioid_ed,75_84,medium,30,item_cpt_77052,cpt,0.0133771120533159,0.0248813552112758,0.001872868895356,False,False
opioid_ed,75_84,medium,31,item_icd_F0390,icd,0.0129881245749359,0.0240336976119555,0.0019425515379163,False,False
opioid_ed,75_84,medium,32,item_icd_R109,icd,0.012805358017625,0.0241627564247363,0.0014479596105136,False,False
opioid_ed,75_84,medium,33,item_cpt_36415,cpt,0.0113297530054261,0.0213585039089288,0.0013010021019234,False,False
opioid_ed,75_84,medium,34,item_icd_Z79899,icd,0.0111414271623493,0.0212918899399325,0.0009909643847661,False,False
opioid_ed,75_84,medium,35,item_icd_J449,icd,0.01091896927438,0.0210308364999627,0.0008071020487972,False,False
opioid_ed,75_84,medium,36,item_cpt_92015,cpt,0.0099436895533538,0.0190802610806744,0.0008071180260333,False,False
opioid_ed,75_84,medium,37,item_drug_HYDROCHLOROTHIAZIDE,drug,0.0096659945348903,0.0186997678499936,0.000632221219787,False,False
opioid_ed,75_84,medium,38,item_cpt_99152,cpt,0.009288306315705,0.0177060836560742,0.0008705289753358,False,False
opioid_ed,75_84,medium,39,item_cpt_83880,cpt,0.0091419864893903,0.0178809283228298,0.0004030446559507,False,False
opioid_ed,75_84,medium,40,item_cpt_82550,cpt,0.0089707586968202,0.0171917245518744,0.000749792841766,False,False
opioid_ed,75_84,medium,41,item_cpt_97597,cpt,0.0087987711617981,0.0166329812414476,0.0009645610821486,False,True
opioid_ed,75_84,medium,42,item_icd_M47817,icd,0.0087039684912995,0.0162802906183229,0.001127646364276,False,False
opioid_ed,75_84,medium,43,item_cpt_99215,cpt,0.008555562683341,0.0164785364808562,0.0006325888858258,False,False
opioid_ed,75_84,medium,44,item_cpt_96375,cpt,0.0085246201472739,0.0165754002990419,0.0004738399955059,False,False
opioid_ed,75_84,medium,45,item_cpt_71020,cpt,0.0084743075565347,0.016240263418099,0.0007083516949703,False,False
opioid_ed,75_84,medium,46,item_cpt_83690,cpt,0.0083901794118596,0.0163347367143379,0.0004456221093813,False,False
opioid_ed,75_84,medium,47,item_cpt_96374,cpt,0.0079296256983432,0.0154972092424474,0.0003620421542389,False,False
opioid_ed,75_84,medium,48,item_cpt_80053,cpt,0.0079054165885304,0.0149533149017037,0.0008575182753571,False,False
opioid_ed,75_84,medium,49,item_icd_A419,icd,0.0078077889649033,0.0149980855993161,0.0006174923304905,False,False
opioid_ed,75_84,medium,50,item_icd_I10,icd,0.0076664004979087,0.0143262629065618,0.0010065380892556,False,False
opioid_ed,75_84,medium,51,item_icd_M4806,icd,0.0076342872674354,0.0146647836940693,0.0006037908408015,False,False
opioid_ed,75_84,medium,52,item_icd_M549,icd,0.0076248536683481,0.0145122874655995,0.0007374198710966,False,False
opioid_ed,75_84,medium,53,item_cpt_99316,cpt,0.0074224350512729,0.0140526965504768,0.000792173552069,False,False
opioid_ed,75_84,medium,54,item_cpt_80048,cpt,0.0073039618639562,0.0139405134304974,0.0006674102974151,False,False
opioid_ed,75_84,medium,55,item_cpt_88305,cpt,0.0072138749922997,0.0137086979296076,0.0007190520549917,False,False
opioid_ed,75_84,medium,56,item_cpt_92083,cpt,0.0071852625025694,0.0136120480207631,0.0007584769843756,False,False
opioid_ed,75_84,medium,57,item_cpt_97112,cpt,0.0071605233117943,0.0139606313652573,0.0003604152583313,False,True
opioid_ed,75_84,medium,58,item_icd_M25562,icd,0.0070914878788577,0.0134844787074506,0.0006984970502648,False,False
opioid_ed,75_84,medium,59,item_cpt_97001,cpt,0.0067934644266075,0.0131924176835456,0.0003945111696695,False,True
opioid_ed,75_84,medium,60,item_drug_CEPHALEXIN,drug,0.0067292093165291,0.0130345391208574,0.0004238795122009,False,False
opioid_ed,75_84,medium,61,item_icd_M47816,icd,0.0067090277933799,0.0127651032002676,0.0006529523864923,False,False
opioid_ed,75_84,medium,62,item_cpt_84153,cpt,0.0065455560679507,0.0126307976623641,0.0004603144735373,False,False
opioid_ed,75_84,medium,63,item_cpt_84443,cpt,0.0064387853428519,0.0123352699992651,0.0005423006864388,False,False
opioid_ed,75_84,medium,64,item_drug_CLOPIDOGREL,drug,0.0061887977634619,0.0120276837706084,0.0003499117563154,False,False
opioid_ed,75_84,medium,65,item_cpt_90471,cpt,0.0061157117546068,0.011784557610408,0.0004468658988055,False,False
opioid_ed,75_84,medium,66,item_cpt_99204,cpt,0.0060041981783969,0.0111550137454582,0.0008533826113357,False,False
opioid_ed,75_84,medium,67,item_cpt_85025,cpt,0.0058100559518843,0.0112025957878687,0.0004175161158998,False,False
opioid_ed,75_84,medium,68,item_icd_M961,icd,0.0057861743394884,0.0110005038803274,0.0005718447986493,False,False
opioid_ed,75_84,medium,69,item_cpt_93000,cpt,0.0056942825325663,0.0110402537093058,0.0003483113558269,False,False
opioid_ed,75_84,medium,70,item_icd_E782,icd,0.0055488660730804,0.010789076993948,0.0003086551522127,False,False
opioid_ed,75_84,medium,71,item_cpt_99212,cpt,0.0055453551818251,0.0103071152757295,0.0007835950879207,False,False
opioid_ed,75_84,medium,72,item_cpt_64483,cpt,0.0053935918675965,0.0103946205290205,0.0003925632061725,False,False
opioid_ed,75_84,medium,73,item_cpt_93005,cpt,0.005336325610788,0.0104155284113441,0.000257122810232,False,False
opioid_ed,75_84,medium,74,item_cpt_72110,cpt,0.0053224880534634,0.0103653635962394,0.0002796125106875,False,False
opioid_ed,75_84,medium,75,item_cpt_77063,cpt,0.0053057620459818,0.0102641530765625,0.0003473710154012,False,False
opioid_ed,75_84,medium,76,item_cpt_17003,cpt,0.0050901927606313,0.0099716957522818,0.0002086897689807,False,False
opioid_ed,75_84,medium,77,item_cpt_96372,cpt,0.004993405362543,0.009701277785549,0.0002855329395371,False,False
opioid_ed,75_84,medium,78,item_icd_E559,icd,0.004943561360467,0.0096906399316717,0.0001964827892623,False,False
opioid_ed,75_84,medium,79,item_icd_N183,icd,0.0049300585079141,0.0096471610944686,0.0002129559213597,False,False
opioid_ed,75_84,medium,80,item_cpt_97140,cpt,0.0048571291967268,0.0095090098080899,0.0002052485853636,False,True
opioid_ed,75_84,medium,81,item_cpt_81001,cpt,0.0047666136677269,0.0091029892459183,0.0004302380895356,False,False
opioid_ed,75_84,medium,82,item_cpt_90670,cpt,0.0046179179843799,0.0089489751015616,0.0002868608671981,False,False
opioid_ed,75_84,medium,83,item_icd_I2510,icd,0.0046173835017357,0.0090035884810492,0.0002311785224223,False,False
opioid_ed,75_84,medium,84,item_drug_LORAZEPAM,drug,0.0045834933109717,0.0089704016313208,0.0001965849906227,False,False
opioid_ed,75_84,medium,85,item_icd_Z961,icd,0.0042891124199036,0.0083647753738836,0.0002134494659236,False,False
opioid_ed,75_84,medium,86,item_cpt_83036,cpt,0.0042667567289049,0.0081853682546712,0.0003481452031386,False,False
opioid_ed,75_84,medium,87,item_cpt_74177,cpt,0.0042354435155523,0.0082194527947868,0.0002514342363178,False,False
opioid_ed,75_84,medium,88,item_icd_I480,icd,0.0042348530544912,0.0082326827543354,0.000237023354647,False,False
opioid_ed,75_84,medium,89,item_cpt_99232,cpt,0.0041379747944149,0.0081205262403642,0.0001554233484656,False,False
opioid_ed,75_84,medium,90,item_cpt_99284,cpt,0.0040972073738874,0.0079335309892653,0.0002608837585094,False,False
opioid_ed,75_84,medium,91,item_cpt_99202,cpt,0.0040231782144659,0.0077852398445016,0.0002611165844301,False,False
opioid_ed,75_84,medium,92,item_drug_GABAPENTIN,drug,0.0039034916479917,0.0075981245210609,0.0002088587749225,False,False
opioid_ed,75_84,medium,93,item_icd_N390,icd,0.0038553939543124,0.0075647346010426,0.0001460533075822,False,False
opioid_ed,75_84,medium,94,item_cpt_72148,cpt,0.0037708698616589,0.0073693001847528,0.0001724395385651,False,False
opioid_ed,75_84,medium,95,item_icd_R197,icd,0.0036639270781188,0.0072121929426913,0.0001156612135463,False,False
opioid_ed,75_84,medium,96,item_cpt_97162,cpt,0.0036103648643679,0.0071540018295863,6.672789914949084e-05,False,True
opioid_ed,75_84,medium,97,item_icd_M7989,icd,0.0035989881200424,0.0070638762356365,0.0001341000044484,False,False
opioid_ed,75_84,medium,98,item_cpt_83550,cpt,0.0035859778205047,0.0070564740473244,0.0001154815936851,False,False
opioid_ed,75_84,medium,99,item_cpt_82306,cpt,0.0035474507870064,0.0068896707705239,0.0002052308034889,False,False
opioid_ed,75_84,medium,100,item_icd_R531,icd,0.0033866529192511,0.0066998337566124,7.347208188972734e-05,False,False
opioid_ed,75_84,medium,101,item_icd_E780,icd,0.0033747107463438,0.0065792558713645,0.0001701656213231,False,False
opioid_ed,75_84,medium,102,item_icd_L821,icd,0.0033651424044987,0.0065921611724529,0.0001381236365445,False,False
opioid_ed,75_84,medium,103,item_cpt_96360,cpt,0.0032374925930885,0.0063871534859709,8.783170020607451e-05,False,False
opioid_ed,75_84,medium,104,item_cpt_93971,cpt,0.0032219122512138,0.0063708192775264,7.300522490127668e-05,False,False
opioid_ed,75_84,medium,105,item_icd_H401132,icd,0.0032114443593726,0.0062281209896065,0.0001947677291386,False,False
opioid_ed,75_84,medium,106,item_drug_LACTULOSE,drug,0.0031573820477818,0.0061154943659242,0.0001992697296393,False,False
opioid_ed,75_84,medium,107,item_cpt_81002,cpt,0.0031359212430391,0.0061608825305017,0.0001109599555765,False,False
opioid_ed,75_84,medium,108,item_cpt_82607,cpt,0.0030511461219033,0.0059588513731509,0.0001434408706558,False,False
opioid_ed,75_84,medium,109,item_cpt_99231,cpt,0.0030257930047886,0.005974303322615,7.728268696229117e-05,False,False
opioid_ed,75_84,medium,110,item_icd_H2513,icd,0.0029442415219803,0.0057703543671985,0.0001181286767622,False,False
opioid_ed,75_84,medium,111,item_cpt_92012,cpt,0.0028546362944194,0.0056100349890532,9.9237599785572e-05,False,False
opioid_ed,75_84,medium,112,item_icd_M5136,icd,0.0028503314030839,0.0055809119173855,0.0001197508887823,False,False
opioid_ed,75_84,medium,113,item_icd_R079,icd,0.0028383740968192,0.0055494872679805,0.0001272609256579,False,False
opioid_ed,75_84,medium,114,item_icd_I482,icd,0.0028358193318647,0.0054622555368622,0.0002093831268672,False,False
opioid_ed,75_84,medium,115,item_cpt_83540,cpt,0.0027771329336283,0.0054515684741602,0.0001026973930964,False,False
opioid_ed,75_84,medium,116,item_cpt_11100,cpt,0.00276672546858,0.0054539394776209,7.951145953918597e-05,False,False
opioid_ed,75_84,medium,117,item_cpt_99225,cpt,0.0027351371212285,0.0053331011273944,0.0001371731150627,False,False
opioid_ed,75_84,medium,118,item_icd_Z950,icd,0.0027337356140019,0.0053862945384843,8.117668951963094e-05,False,False
opioid_ed,75_84,medium,119,item_cpt_71046,cpt,0.0026877565189704,0.0053128478498329,6.266518810800668e-05,False,False
opioid_ed,75_84,medium,120,item_icd_R0602,icd,0.0026848096311668,0.0052984421585268,7.117710380680514e-05,False,False
opioid_ed,75_84,medium,121,item_cpt_90833,cpt,0.0026835623218356,0.0051526722949349,0.0002144523487364,False,False
opioid_ed,75_84,medium,122,item_icd_M542,icd,0.0026428318453499,0.005218970234183,6.669345651694574e-05,False,False
opioid_ed,75_84,medium,123,item_icd_I739,icd,0.0025405617749118,0.0050008147082076,8.030884161615642e-05,False,False
opioid_ed,75_84,medium,124,item_cpt_81003,cpt,0.0025277217332793,0.0049333595305041,0.0001220839360544,False,False
opioid_ed,75_84,medium,125,item_cpt_87086,cpt,0.0024759667107325,0.0048269326686034,0.0001250007528617,False,False
opioid_ed,75_84,medium,126,item_drug_MUPIROCIN,drug,0.0024743207497222,0.004893309953765,5.533154567939357e-05,False,False
opioid_ed,75_84,medium,127,item_cpt_83970,cpt,0.0024710058834236,0.0048584052626674,8.360650417983858e-05,False,False
opioid_ed,75_84,medium,128,item_icd_H26492,icd,0.0024436834270287,0.0047563874833783,0.0001309793706792,False,False
opioid_ed,75_84,medium,129,item_icd_I4891,icd,0.0024274560222771,0.0047743111657374,8.060087881690691e-05,False,False
opioid_ed,75_84,medium,130,item_icd_M25551,icd,0.0023241717596902,0.0045881718563399,6.017166304049214e-05,False,False
opioid_ed,75_84,medium,131,item_cpt_93010,cpt,0.0023179737319745,0.0045037680192768,0.0001321794446722,False,False
opioid_ed,75_84,medium,132,item_cpt_92136,cpt,0.0023113786746556,0.0045117972826044,0.0001109600667069,False,False
opioid_ed,75_84,medium,133,item_cpt_73620,cpt,0.0022411805203162,0.0044064950698227,7.586597080985506e-05,False,False
opioid_ed,75_84,medium,134,item_cpt_99285,cpt,0.0022394813328055,0.0043574861802356,0.0001214764853753,False,False
opioid_ed,75_84,medium,135,item_icd_R0789,icd,0.0021469748594995,0.0042151388436691,7.881087533001835e-05,False,False
opioid_ed,75_84,medium,136,item_icd_J90,icd,0.0021438703310757,0.0042240073560517,6.37333060996777e-05,False,False
opioid_ed,75_84,medium,137,item_cpt_87186,cpt,0.0021247407336046,0.004219040163742,3.044130346717692e-05,False,False
opioid_ed,75_84,medium,138,item_cpt_85027,cpt,0.0020849683596629,0.004078936880491,9.099983883471608e-05,False,False
opioid_ed,75_84,medium,139,item_cpt_99222,cpt,0.002063557301865,0.0040716793318666,5.543527186352991e-05,False,False
opioid_ed,75_84,medium,140,item_icd_M159,icd,0.0020430066410631,0.0040116449069843,7.436837514187709e-05,False,False
opioid_ed,75_84,medium,141,item_cpt_92133,cpt,0.0020152968861056,0.0039796691963861,5.092457582524611e-05,False,False
opioid_ed,75_84,medium,142,item_cpt_87077,cpt,0.0019937038063706,0.0039434150160857,4.399259665542811e-05,False,False
opioid_ed,75_84,medium,143,item_icd_E119,icd,0.0019166555318047,0.0037388106375158,9.450042609366184e-05,False,False
opioid_ed,75_84,medium,144,item_icd_Z1389,icd,0.0018868322971538,0.003715729644404,5.7934949903711656e-05,False,False
opioid_ed,75_84,medium,145,item_cpt_00142,cpt,0.0018212290931281,0.00359349733287,4.8960853386301606e-05,False,False
opioid_ed,75_84,medium,146,item_icd_D649,icd,0.0017695241151283,0.0034584074229983,8.064080725838483e-05,False,False
opioid_ed,75_84,medium,147,item_cpt_93306,cpt,0.0016836686569808,0.0033220517397935,4.528557416821176e-05,False,False
opioid_ed,75_84,medium,148,item_cpt_92004,cpt,0.0016635074688515,0.0032859963125007,4.101862520221501e-05,False,False
opioid_ed,75_84,medium,149,item_icd_R110,icd,0.0016112581366045,0.0032077665422688,1.4749730940268526e-05,False,False
opioid_ed,75_84,medium,150,item_cpt_99220,cpt,0.0016106800071419,0.0032039952703276,1.7364743956265043e-05,False,False
opioid_ed,75_84,medium,151,item_icd_R410,icd,0.0015903559664861,0.0031532569082655,2.7455024706868764e-05,False,False
opioid_ed,75_84,medium,152,item_cpt_94640,cpt,0.0015807557213196,0.003129122738224,3.238870441511252e-05,False,False
opioid_ed,75_84,medium,153,item_cpt_64484,cpt,0.0015622172994037,0.003065491726486,5.894287232146403e-05,False,False
opioid_ed,75_84,medium,154,item_cpt_92250,cpt,0.0015605483322559,0.0030671631565826,5.393350792933001e-05,False,False
opioid_ed,75_84,medium,155,item_cpt_90791,cpt,0.001538727284058,0.0030464165841578,3.103798395827532e-05,False,False
opioid_ed,75_84,medium,156,item_icd_I110,icd,0.0015342537008674,0.0030188902475548,4.961715418017163e-05,False,False
opioid_ed,75_84,medium,157,item_cpt_96361,cpt,0.0015233663081812,0.0030096349930996,3.7097623262899096e-05,False,False
opioid_ed,75_84,medium,158,item_cpt_99283,cpt,0.0015060079808706,0.0029695503221031,4.246563963818816e-05,False,False
opioid_ed,75_84,medium,159,item_cpt_87804,cpt,0.0015041870453177,0.002989217080376,1.915701025937197e-05,False,False
opioid_ed,75_84,medium,160,item_icd_E785,icd,0.0014712231048082,0.0028948524633796,4.7593746236885615e-05,False,False
opioid_ed,75_84,medium,161,item_cpt_93017,cpt,0.0014612380382212,0.0028826656084024,3.981046803998511e-05,False,False
opioid_ed,75_84,medium,162,item_icd_M5126,icd,0.0013977074661189,0.0027640500303915,3.136490184631959e-05,False,False
opioid_ed,75_84,medium,163,item_cpt_71045,cpt,0.0013866516119295,0.0027404012200367,3.2902003822392155e-05,False,False
opioid_ed,75_84,medium,164,item_cpt_99309,cpt,0.0013646222510074,0.0027091946060698,2.0049895945027015e-05,False,False
opioid_ed,75_84,medium,165,item_cpt_93922,cpt,0.001345726557842,0.0026547655128898,3.668760279415716e-05,False,False
opioid_ed,75_84,medium,166,item_drug_ALPRAZOLAM,drug,0.0013403454197485,0.0026636053727982,1.7085466698921825e-05,False,False
opioid_ed,75_84,medium,167,item_icd_M48061,icd,0.0013333773470309,0.0026248611945527,4.189349950904597e-05,False,False
opioid_ed,75_84,medium,168,item_cpt_71260,cpt,0.0013021623657552,0.0025797054774888,2.461925402158864e-05,False,False
opioid_ed,75_84,medium,169,item_cpt_99211,cpt,0.0012541856024868,0.0024911523965624,1.721880841119491e-05,False,False
opioid_ed,75_84,medium,170,item_cpt_36416,cpt,0.0012538277332081,0.0024786863189611,2.896914745511258e-05,False,False
opioid_ed,75_84,medium,171,item_cpt_17000,cpt,0.0012427001106723,0.0024651125024094,2.028771893531804e-05,False,False
opioid_ed,75_84,medium,172,item_icd_N179,icd,0.0012254307863072,0.0024404205406622,1.0441031952160248e-05,False,False
opioid_ed,75_84,medium,173,item_icd_H2511,icd,0.0012031324023767,0.0023920887367243,1.4176068029066371e-05,False,False
opioid_ed,75_84,medium,174,item_cpt_64493,cpt,0.0011809799503054,0.0023327592744934,2.9200626117521868e-05,False,False
opioid_ed,75_84,medium,175,item_icd_R319,icd,0.0011796528179165,0.0023358392281902,2.346640764291937e-05,False,False
opioid_ed,75_84,medium,176,item_cpt_72040,cpt,0.0011708680083254,0.0023294628733693,1.2273143281507469e-05,False,False
opioid_ed,75_84,medium,177,item_icd_M25552,icd,0.001162460294868,0.0023097060686436,1.521452109241865e-05,False,False
opioid_ed,75_84,medium,178,item_cpt_99223,cpt,0.0011619737294885,0.0023000789094818,2.3868549495176455e-05,False,False
opioid_ed,75_84,medium,179,item_cpt_99233,cpt,0.0011458170259715,0.0022721711615671,1.9462890375891462e-05,False,False
opioid_ed,75_84,medium,180,item_icd_R609,icd,0.0011414625128705,0.0022754335970139,7.491428727072176e-06,False,False
opioid_ed,75_84,medium,181,item_icd_M6281,icd,0.0010694566588405,0.0021228178053802,1.6095512300854073e-05,False,False
opioid_ed,75_84,medium,182,item_cpt_74176,cpt,0.0010670667739299,0.0021198085474253,1.4325000434548637e-05,False,False
opioid_ed,75_84,medium,183,item_cpt_82728,cpt,0.0010561477534392,0.0020902387404333,2.205676644510925e-05,False,False
opioid_ed,75_84,medium,184,item_icd_M79605,icd,0.0010497785099715,0.0020739076709438,2.5649348999190107e-05,False,False
opioid_ed,75_84,medium,185,item_icd_C50412,icd,0.0010223523636911,0.0019844517278655,6.025299951662837e-05,False,False
opioid_ed,75_84,medium,186,item_icd_R1030,icd,0.0010088557691236,0.001990779466927,2.6932071320225413e-05,False,False
opioid_ed,75_84,medium,187,item_cpt_90792,cpt,0.0010057926378973,0.001999057554373,1.25277214216693e-05,False,False
opioid_ed,75_84,medium,188,item_cpt_82746,cpt,0.0009948546208532,0.0019792641732139,1.0445068492625651e-05,False,False
opioid_ed,75_84,medium,189,item_cpt_73564,cpt,0.0009688546686828,0.0019253208411128,1.2388496252834604e-05,False,False
opioid_ed,75_84,medium,190,item_icd_Z5189,icd,0.0009143944676176,0.0017984857008755,3.0303234359760725e-05,False,False
opioid_ed,75_84,medium,191,item_cpt_94727,cpt,0.0009140813337628,0.0018131922821786,1.4970385347106836e-05,False,False
opioid_ed,75_84,medium,192,item_icd_M4802,icd,0.0009034237958842,0.0017720065012987,3.484109046968428e-05,False,False
opioid_ed,75_84,medium,193,item_icd_D485,icd,0.0009009562332563,0.0017813147239113,2.059774260141985e-05,False,False
opioid_ed,75_84,medium,194,item_cpt_84480,cpt,0.000899045241276,0.0017769552071343,2.113527541774867e-05,False,False
opioid_ed,75_84,medium,195,item_cpt_97530,cpt,0.0008817333253251,0.0017518919415494,1.157470910078984e-05,False,True
opioid_ed,75_84,medium,196,item_cpt_84156,cpt,0.0008739860631768,0.0017353578193278,1.2614307025803452e-05,False,False
opioid_ed,75_84,medium,197,item_icd_Z1211,icd,0.0008633674662396,0.0017221873979897,4.547534489449408e-06,False,False
opioid_ed,75_84,medium,198,item_cpt_99308,cpt,0.0008476341071231,0.0016808215500531,1.444666419320179e-05,False,False
opioid_ed,75_84,medium,199,item_cpt_84550,cpt,0.0008447655610536,0.0016776087682303,1.1922353876995072e-05,False,False
opioid_ed,75_84,medium,200,item_cpt_99100,cpt,0.0008330088999009,0.0016381120299299,2.7905769871848016e-05,False,False
opioid_ed,75_84,medium,201,item_icd_R05,icd,0.0008276566974585,0.0016425500342363,1.2763360680650809e-05,False,False
opioid_ed,75_84,medium,202,item_icd_G309,icd,0.0008101361722703,0.0016080396780096,1.2232666531042852e-05,False,False
opioid_ed,75_84,medium,203,item_icd_L570,icd,0.0008007718443973,0.0015816550684693,1.9888620325281945e-05,False,False
opioid_ed,75_84,medium,204,item_cpt_73030,cpt,0.0008005393645796,0.0015876848945662,1.3393834592950377e-05,False,False
opioid_ed,75_84,medium,205,item_icd_R918,icd,0.0007725227339832,0.0015326173674118,1.2428100554707038e-05,False,False
opioid_ed,75_84,medium,206,item_cpt_74022,cpt,0.0007685830734295,0.0015237990929396,1.3367053919469373e-05,False,False
opioid_ed,75_84,medium,207,item_cpt_76770,cpt,0.0007645681194462,0.0015195807354925,9.555503399955776e-06,False,False
opioid_ed,75_84,medium,208,item_cpt_83605,cpt,0.0007497110836077,0.0014885791504922,1.0843016723308018e-05,False,False
opioid_ed,75_84,medium,209,item_icd_R42,icd,0.0007442162427949,0.001484260044102,4.172441487772656e-06,False,False
opioid_ed,75_84,medium,210,item_icd_Z01810,icd,0.0007299255592794,0.0014562390626314,3.612055927436557e-06,False,False
opioid_ed,75_84,medium,211,item_cpt_94729,cpt,0.0007273478098055,0.0014429839846153,1.1711634995678516e-05,False,False
opioid_ed,75_84,medium,212,item_cpt_73700,cpt,0.0007264271159619,0.0014444825171141,8.371714809791732e-06,False,False
opioid_ed,75_84,medium,213,item_cpt_73562,cpt,0.0007167536201361,0.0014271273362666,6.379904005620278e-06,False,False
opioid_ed,75_84,medium,214,item_cpt_93296,cpt,0.0007083167617067,0.0014080031463045,8.630377108879289e-06,False,False
opioid_ed,75_84,medium,215,item_icd_H903,icd,0.0006865177867367,0.0013671466579402,5.888915533309795e-06,False,False
opioid_ed,75_84,medium,216,item_icd_I509,icd,0.0006819214066915,0.0013595650361174,4.277777265652098e-06,False,False
opioid_ed,75_84,medium,217,item_cpt_80076,cpt,0.0006452428637485,0.0012836717262104,6.814001286667514e-06,False,False
opioid_ed,75_84,medium,218,item_cpt_72170,cpt,0.000642362620718,0.0012762541328283,8.47110860778374e-06,False,False
opioid_ed,75_84,medium,219,item_cpt_82565,cpt,0.0006387448717407,0.0012720043585197,5.485384961764748e-06,False,False
opioid_ed,75_84,medium,220,item_icd_Z125,icd,0.000636661591989,0.0012591068872608,1.4216296717281456e-05,False,False
opioid_ed,75_84,medium,221,item_icd_J441,icd,0.0006334656011494,0.0012631620629462,3.7691393527664184e-06,False,False
opioid_ed,75_84,medium,222,item_icd_M810,icd,0.000632918505165,0.0012517028446437,1.4134165686438487e-05,False,False
opioid_ed,75_84,medium,223,item_icd_D509,icd,0.0006285100340863,0.0012493472979511,7.672770221602764e-06,False,False
opioid_ed,75_84,medium,224,item_cpt_72125,cpt,0.0006215673057361,0.0012341180270032,9.016584469155714e-06,False,False
opioid_ed,75_84,medium,225,item_cpt_84484,cpt,0.000618510019153,0.0012310943316114,5.925706694705113e-06,False,False
opioid_ed,75_84,medium,226,item_icd_J069,icd,0.0006016443073834,0.0011987120746516,4.5765401152656025e-06,False,False
opioid_ed,75_84,medium,227,item_icd_R52,icd,0.000599900818875,0.0011964274085461,3.374229203919674e-06,False,False
opioid_ed,75_84,medium,228,item_cpt_92134,cpt,0.0005993952570728,0.0011944286755808,4.36183856481684e-06,False,False
opioid_ed,75_84,medium,229,item_icd_K2270,icd,0.0005967433416368,0.0011877659511119,5.720732161678413e-06,False,False
opioid_ed,75_84,medium,230,item_drug_LINZESS,drug,0.0005778357953804,0.0011495576791892,6.113911571641463e-06,False,False
opioid_ed,75_84,medium,231,item_cpt_77002,cpt,0.0005732038895033,0.0011395871775672,6.820601439375378e-06,False,False
opioid_ed,75_84,medium,232,item_cpt_82043,cpt,0.0005678941387582,0.0011312764242132,4.5118533033112165e-06,False,False
opioid_ed,75_84,medium,233,item_icd_R112,icd,0.0005658661490785,0.0011222109950823,9.521303074797424e-06,False,False
opioid_ed,75_84,medium,234,item_cpt_67028,cpt,0.0005628093379586,0.001120774706899,4.843969018228043e-06,False,False
opioid_ed,75_84,medium,235,item_icd_E039,icd,0.0005429724899758,0.0010787625305358,7.182449415850178e-06,False,False
opioid_ed,75_84,medium,236,item_cpt_45380,cpt,0.0005337931315332,0.0010596453385996,7.940924466888981e-06,False,False
opioid_ed,75_84,medium,237,item_cpt_62311,cpt,0.0005335975636398,0.0010611887206971,6.006406582595172e-06,False,False
opioid_ed,75_84,medium,238,item_cpt_93970,cpt,0.000532424127313,0.0010607891945527,4.059060073260439e-06,False,False
opioid_ed,75_84,medium,239,item_cpt_97150,cpt,0.0005172554097874,0.0010302227557146,4.288063860319769e-06,False,True
opioid_ed,75_84,medium,240,item_cpt_73502,cpt,0.0005152526804779,0.0010248713545412,5.634006414665396e-06,False,False
opioid_ed,75_84,medium,241,item_cpt_43239,cpt,0.0005125678601389,0.0010234363839288,1.69933634898809e-06,False,False
opioid_ed,75_84,medium,242,item_icd_R7309,icd,0.0005032289345483,0.0009981354278588,8.322441237867728e-06,False,False
opioid_ed,75_84,medium,243,item_drug_LATANOPROST,drug,0.0004955304104143,0.0009890872507871,1.973570041494437e-06,False,False
opioid_ed,75_84,medium,244,item_icd_R739,icd,0.0004882139401575,0.0009714061877942,5.0216925209109015e-06,False,False
opioid_ed,75_84,medium,245,item_icd_B351,icd,0.0004857380671855,0.0009688947341459,2.5814002250857674e-06,False,False
opioid_ed,75_84,medium,246,item_cpt_20552,cpt,0.0004822905504886,0.0009618573771621,2.7237238152135827e-06,False,False
opioid_ed,75_84,medium,247,item_cpt_93280,cpt,0.0004803328485242,0.0009557233124976,4.942384550807331e-06,False,False
opioid_ed,75_84,medium,248,item_icd_R339,icd,0.0004789502024121,0.000956629726458,1.2706783663356318e-06,False,False
opioid_ed,75_84,medium,249,item_cpt_84450,cpt,0.0004782388248945,0.000951081935516,5.395714273174114e-06,False,False
opioid_ed,75_84,medium,250,item_cpt_97116,cpt,0.0004774071565569,0.0009525938197907,2.220493323064776e-06,False,True
opioid_ed,75_84,medium,251,item_icd_E1142,icd,0.000471223754973,0.0009394717859599,2.975723986169256e-06,False,False
opioid_ed,75_84,medium,252,item_cpt_64494,cpt,0.0004678868482749,0.0009323524035381,3.421293011642627e-06,False,False
opioid_ed,75_84,medium,253,item_cpt_62323,cpt,0.0004676045795453,0.0009321004448543,3.108714236266656e-06,False,False
opioid_ed,75_84,medium,254,item_cpt_85014,cpt,0.0004567924314079,0.0009122195467932,1.36531602251791e-06,False,False
opioid_ed,75_84,medium,255,item_icd_R51,icd,0.0004524731451812,0.0009013346775009,3.6116128614787606e-06,False,False
opioid_ed,75_84,medium,256,item_cpt_11101,cpt,0.000447811013866,0.0008932380953929,2.3839323392047192e-06,False,False
opioid_ed,75_84,medium,257,item_icd_Z1231,icd,0.0004445078742304,0.0008848760379763,4.139710484590234e-06,False,False
opioid_ed,75_84,medium,258,item_drug_FINASTERIDE,drug,0.0004424718419196,0.000881557094025,3.386589814205106e-06,False,False
opioid_ed,75_84,medium,259,item_cpt_72100,cpt,0.0004406306404144,0.0008778884555704,3.372825258388007e-06,False,False
opioid_ed,75_84,medium,260,item_cpt_99495,cpt,0.000440494644302,0.0008799659911312,1.0232974728871795e-06,False,False
opioid_ed,75_84,medium,261,item_icd_Z111,icd,0.0004281868174938,0.0008523823425077,3.991292479968601e-06,False,False
opioid_ed,75_84,medium,262,item_cpt_99000,cpt,0.0004212606556232,0.0008398543454113,2.666965835184363e-06,False,False
opioid_ed,75_84,medium,263,item_icd_N200,icd,0.0004163280453718,0.0008309919985195,1.6640922242039226e-06,False,False
opioid_ed,75_84,medium,264,item_drug_DIGOXIN,drug,0.000412722224217,0.0008199507803988,5.493668035158892e-06,False,False
opioid_ed,75_84,medium,265,item_cpt_82570,cpt,0.0004073081332698,0.0008102734550212,4.342811518467071e-06,False,False
opioid_ed,75_84,medium,266,item_cpt_51798,cpt,0.0004030182976375,0.0008053688077053,6.67787569631119e-07,False,False
opioid_ed,75_84,medium,267,item_icd_L0390,icd,0.0003974511201893,0.0007926477656123,2.254474766285705e-06,False,False
opioid_ed,75_84,medium,268,item_icd_J209,icd,0.0003958571046515,0.0007899977087657,1.7165005373496138e-06,False,False
opioid_ed,75_84,medium,269,item_icd_G43909,icd,0.0003949963351844,0.0007857777291676,4.214941201277226e-06,False,False
opioid_ed,75_84,medium,270,item_cpt_80177,cpt,0.0003937920671199,0.0007774052023901,1.0178931849660216e-05,False,False
opioid_ed,75_84,medium,271,item_drug_ATENOLOL,drug,0.0003879391436882,0.0007739357766176,1.9425107588035474e-06,False,False
opioid_ed,75_84,medium,272,item_icd_R5383,icd,0.0003869184443017,0.0007699632767424,3.873611861128648e-06,False,False
opioid_ed,75_84,medium,273,item_cpt_84436,cpt,0.0003845950711234,0.0007661079528939,3.0821893529233246e-06,False,False
opioid_ed,75_84,medium,274,item_cpt_82150,cpt,0.0003818894349846,0.0007618658933132,1.9129766560520093e-06,False,False
opioid_ed,75_84,medium,275,item_cpt_92557,cpt,0.0003807417148687,0.0007583043060975,3.179123639926435e-06,False,False
opioid_ed,75_84,medium,276,item_cpt_88307,cpt,0.0003783408961841,0.0007541536415108,2.5281508575155336e-06,False,False
opioid_ed,75_84,medium,277,item_cpt_99397,cpt,0.0003765112833474,0.0007506321396176,2.3904270771519504e-06,False,False
opioid_ed,75_84,medium,278,item_cpt_73630,cpt,0.0003737035628016,0.0007465361914146,8.709341886757155e-07,False,False
opioid_ed,75_84,medium,279,item_cpt_70544,cpt,0.0003694743527306,0.000737591555717,1.3571497441249693e-06,False,False
opioid_ed,75_84,medium,280,item_icd_L97521,icd,0.000369133407769,0.0007346894623955,3.5773531424416107e-06,False,False
opioid_ed,75_84,medium,281,item_icd_K210,icd,0.0003681932672319,0.0007349105255887,1.4760088750950515e-06,False,False
opioid_ed,75_84,medium,282,item_icd_Z01818,icd,0.0003668926998014,0.0007328068161381,9.78583464678098e-07,False,False
opioid_ed,75_84,medium,283,item_cpt_11042,cpt,0.0003655459349459,0.0007295036571894,1.5882127024098458e-06,False,False
opioid_ed,75_84,medium,284,item_icd_H401131,icd,0.0003581537966854,0.0007148708130394,1.4367803314801646e-06,False,False
opioid_ed,75_84,medium,285,item_cpt_86850,cpt,0.0003502547481203,0.0006993388548526,1.170641387938054e-06,False,False
opioid_ed,75_84,medium,286,item_cpt_85730,cpt,0.0003450846038706,0.0006880886623682,2.0805453731237693e-06,False,False
opioid_ed,75_84,medium,287,item_cpt_92567,cpt,0.00034389208321,0.0006862876006512,1.4965657688115642e-06,False,False
opioid_ed,75_84,medium,288,item_icd_M7061,icd,0.0003415276666475,0.0006757659661413,7.289367153820256e-06,False,False
opioid_ed,75_84,medium,289,item_cpt_94060,cpt,0.0003414803958636,0.0006823933081112,5.6748361613699e-07,False,False
opioid_ed,75_84,medium,290,item_cpt_73522,cpt,0.000339856813469,0.000669662328758,1.005129817998978e-05,False,False
opioid_ed,75_84,medium,291,item_cpt_66821,cpt,0.0003333469203137,0.0006658026993324,8.911412949688947e-07,False,False
opioid_ed,75_84,medium,292,item_icd_M19011,icd,0.0003313425588496,0.0006619108170962,7.743006031786235e-07,False,False
opioid_ed,75_84,medium,293,item_icd_R262,icd,0.0003289432843589,0.0006568961071248,9.904615929334552e-07,False,False
opioid_ed,75_84,medium,294,item_cpt_87070,cpt,0.0003182499909309,0.000634255755541,2.2442263208057966e-06,False,False
opioid_ed,75_84,medium,295,item_icd_M19012,icd,0.00031681964488,0.0006312984264159,2.3408633441995067e-06,False,False
opioid_ed,75_84,medium,296,item_icd_Z01419,icd,0.0003128099593982,0.0006242549038193,1.3650149772102963e-06,False,False
opioid_ed,75_84,medium,297,item_icd_R600,icd,0.0003082375473317,0.0006139884653453,2.486629318088022e-06,False,False
opioid_ed,75_84,medium,298,item_icd_M869,icd,0.0003054798275086,0.0006079817210043,2.9779340129205563e-06,False,False
opioid_ed,75_84,medium,299,item_icd_N401,icd,0.0003051971987564,0.0006092675139541,1.126883558817987e-06,False,False
opioid_ed,75_84,medium,300,item_icd_M1611,icd,0.0003044879713364,0.0006076461493595,1.329793313341417e-06,False,False
opioid_ed,75_84,medium,301,item_cpt_64491,cpt,0.0003020999194897,0.0006010510247188,3.148814260677705e-06,False,False
opioid_ed,75_84,medium,302,item_cpt_84481,cpt,0.0003007722547762,0.0006013487761267,1.9573342580006608e-07,False,False
opioid_ed,75_84,medium,303,item_icd_F329,icd,0.0002986128503879,0.0005965260629234,6.996378523967279e-07,False,False
opioid_ed,75_84,medium,304,item_cpt_73552,cpt,0.0002939712141089,0.0005871539256821,7.8850253572829e-07,False,False
opioid_ed,75_84,medium,305,item_icd_M533,icd,0.0002834248601883,0.0005659927190634,8.570013132062998e-07,False,False
opioid_ed,75_84,medium,306,item_cpt_97535,cpt,0.0002812486683725,0.0005621234337911,3.739029540185195e-07,False,True
opioid_ed,75_84,medium,307,item_icd_C44319,icd,0.0002741287477699,0.0005466851199551,1.5723755847475427e-06,False,False
opioid_ed,75_84,medium,308,item_icd_H26493,icd,0.0002739494333347,0.0005459571245636,1.941742105832561e-06,False,False
opioid_ed,75_84,medium,309,item_icd_R21,icd,0.0002727275556321,0.0005439827541023,1.4723571620093e-06,False,False
opioid_ed,75_84,medium,310,item_icd_R55,icd,0.0002685222447045,0.000535594027274,1.4504621349592358e-06,False,False
opioid_ed,75_84,medium,311,item_icd_M25561,icd,0.0002671714001951,0.0005326280635842,1.7147368059241806e-06,False,False
opioid_ed,75_84,medium,312,item_cpt_82947,cpt,0.0002660436471566,0.0005305596376258,1.527656687415228e-06,False,False
opioid_ed,75_84,medium,313,item_cpt_87081,cpt,0.0002611126100075,0.0005211676214746,1.0575985403266666e-06,False,False
opioid_ed,75_84,medium,314,item_icd_M79604,icd,0.0002593327397749,0.0005183201588203,3.453207296237845e-07,False,False
opioid_ed,75_84,medium,315,item_cpt_97161,cpt,0.0002550990411959,0.0005094241325418,7.739498500875156e-07,False,True
opioid_ed,75_84,medium,316,item_cpt_73560,cpt,0.0002549241002135,0.0005085550564649,1.293143962158277e-06,False,False
opioid_ed,75_84,medium,317,item_icd_Z9889,icd,0.0002518059161207,0.0004995267957355,4.085036505999059e-06,False,False
opioid_ed,75_84,medium,318,item_cpt_36600,cpt,0.000251318708688,0.0005008501978621,1.7872195140087866e-06,False,False
opioid_ed,75_84,medium,319,item_cpt_87088,cpt,0.0002488606006983,0.0004968808264559,8.403749408516228e-07,False,False
opioid_ed,75_84,medium,320,item_cpt_78452,cpt,0.0002460141751673,0.000491784353805,2.439965296281655e-07,False,False
opioid_ed,75_84,medium,321,item_cpt_66984,cpt,0.000244428929784,0.0004878654513657,9.924082024225493e-07,False,False
opioid_ed,75_84,medium,322,item_icd_Z136,icd,0.0002426923531146,0.0004828337144172,2.5509918120618717e-06,False,False
opioid_ed,75_84,medium,323,item_cpt_17110,cpt,0.0002415706365334,0.0004825717594592,5.695136075675672e-07,False,False
opioid_ed,75_84,medium,324,item_icd_H26491,icd,0.0002403284945031,0.0004789448106765,1.7121783296419715e-06,False,False
opioid_ed,75_84,medium,325,item_icd_D696,icd,0.000238263023592,0.0004759640788769,5.61968307217232e-07,False,False
opioid_ed,75_84,medium,326,item_cpt_74220,cpt,0.0002357594160287,0.0004688778695902,2.640962467256506e-06,False,False
opioid_ed,75_84,medium,327,item_icd_M546,icd,0.0002315320251124,0.0004622010644505,8.629857743606154e-07,False,False
opioid_ed,75_84,medium,328,item_icd_R7301,icd,0.0002300839166777,0.0004586822869517,1.4855464037166277e-06,False,False
opioid_ed,75_84,medium,329,item_icd_I25119,icd,0.0002273843978007,0.0004521403927389,2.628402862499019e-06,False,False
opioid_ed,75_84,medium,330,item_icd_C61,icd,0.0002267474215655,0.0004518753963697,1.6194467612614952e-06,False,False
opioid_ed,75_84,medium,331,item_icd_Z7901,icd,0.0002263804910799,0.0004523811061021,3.7987605780595897e-07,False,False
opioid_ed,75_84,medium,332,item_icd_H40003,icd,0.0002247940179361,0.0004482885319342,1.2995039380150017e-06,False,False
opioid_ed,75_84,medium,333,item_icd_M1711,icd,0.0002231126407488,0.0004453161652348,9.09116262846989e-07,False,False
opioid_ed,75_84,medium,334,item_drug_CILOSTAZOL,drug,0.0002225756963606,0.000443181325701,1.9700670203214814e-06,False,False
opioid_ed,75_84,medium,335,item_icd_L578,icd,0.0002204380955753,0.0004398267536846,1.049437466077478e-06,False,False
opioid_ed,75_84,medium,336,item_cpt_99238,cpt,0.0002177301564282,0.0004342743006435,1.1860122129756022e-06,False,False
opioid_ed,75_84,medium,337,item_icd_M1712,icd,0.0002138003030571,0.0004266546358185,9.459702958776268e-07,False,False
opioid_ed,75_84,medium,338,item_icd_I517,icd,0.0002132588956895,0.0004262325590434,2.852323357184047e-07,False,False
opioid_ed,75_84,medium,339,item_icd_R0609,icd,0.0002131825925542,0.0004250569823803,1.3082027281041393e-06,False,False
opioid_ed,75_84,medium,340,item_icd_I872,icd,0.0002105533698736,0.0004207526611701,3.5407857716937925e-07,False,False
opioid_ed,75_84,medium,341,item_drug_CARVEDILOL,drug,0.0002103020765702,0.0004195288496556,1.0753034848998108e-06,False,False
opioid_ed,75_84,medium,342,item_icd_E1165,icd,0.0002092666660686,0.0004183972878613,1.3604427590855125e-07,False,False
opioid_ed,75_84,medium,343,item_icd_D519,icd,0.0002084280333297,0.0004157184861179,1.1375805416039925e-06,False,False
opioid_ed,75_84,medium,344,item_drug_NYSTATIN,drug,0.0002021525438212,0.0004040343399424,2.707477000392603e-07,False,False
opioid_ed,75_84,medium,345,item_cpt_85652,cpt,0.0001993782383006,0.0003979401008906,8.163757107130147e-07,False,False
opioid_ed,75_84,medium,346,item_cpt_00740,cpt,0.0001949518403539,0.0003892389002682,6.647804396057543e-07,False,False
opioid_ed,75_84,medium,347,item_icd_N281,icd,0.0001940495029048,0.0003878388258997,2.601799099170297e-07,False,False
opioid_ed,75_84,medium,348,item_cpt_36430,cpt,0.0001922611049455,0.0003828741687497,1.6480411413349865e-06,False,False
opioid_ed,75_84,medium,349,item_cpt_88342,cpt,0.0001910393158171,0.000381097367116,9.812645181931774e-07,False,False
opioid_ed,75_84,medium,350,item_cpt_96365,cpt,0.0001906767726334,0.00038037405065,9.794946168368769e-07,False,False
opioid_ed,75_84,medium,351,item_cpt_77080,cpt,0.0001900914975021,0.0003795996476437,5.833473605715463e-07,False,False
opioid_ed,75_84,medium,352,item_drug_XARELTO,drug,0.0001885711295041,0.0003766936474547,4.486115534134815e-07,False,False
opioid_ed,75_84,medium,353,item_icd_J40,icd,0.0001884982676252,0.0003757679766692,1.2285585811821777e-06,False,False
opioid_ed,75_84,medium,354,item_icd_R9431,icd,0.0001823954831897,0.0003646092074663,1.8175891316281996e-07,False,False
opioid_ed,75_84,medium,355,item_cpt_85651,cpt,0.0001812474329031,0.0003623142300207,1.806357854907166e-07,False,False
opioid_ed,75_84,medium,356,item_icd_J0190,icd,0.0001803808130604,0.0003605192725859,2.423535349782424e-07,False,False
opioid_ed,75_84,medium,357,item_icd_M25511,icd,0.0001799359606822,0.0003596301479952,2.417733692580995e-07,False,False
opioid_ed,75_84,medium,358,item_drug_OFLOXACIN,drug,0.0001786588573419,0.0003564586729854,8.590416984045564e-07,False,False
opioid_ed,75_84,medium,359,item_cpt_84520,cpt,0.0001775220331114,0.00035492872899,1.1533723296623637e-07,False,False
opioid_ed,75_84,medium,360,item_cpt_00810,cpt,0.00017325108846,0.0003454877582372,1.0144186828420426e-06,False,False
opioid_ed,75_84,medium,361,item_cpt_83721,cpt,0.0001726145755374,0.0003448769154619,3.522356129317954e-07,False,False
opioid_ed,75_84,medium,362,item_cpt_80047,cpt,0.0001701247726156,0.0003400205673763,2.2897785490652722e-07,False,False
opioid_ed,75_84,medium,363,item_cpt_11721,cpt,0.0001649267397924,0.0003289996941802,8.537854045351433e-07,False,False
opioid_ed,75_84,medium,364,item_icd_M25512,icd,0.0001644987222552,0.0003287184328937,2.790116168124611e-07,False,False
opioid_ed,75_84,medium,365,item_cpt_78815,cpt,0.0001644356663055,0.0003286497743511,2.2155825995594597e-07,False,False
opioid_ed,75_84,medium,366,item_cpt_71250,cpt,0.0001627578451943,0.0003250124854529,5.032049358406631e-07,False,False
opioid_ed,75_84,medium,367,item_icd_I429,icd,0.0001621640739607,0.0003232623273818,1.065820539520414e-06,False,False
opioid_ed,75_84,medium,368,item_cpt_80069,cpt,0.0001620332106936,0.0003231140490719,9.523723153180342e-07,False,False
opioid_ed,75_84,medium,369,item_drug_TRADJENTA,drug,0.0001590720407897,0.0003172080875703,9.35994009190927e-07,False,False
opioid_ed,75_84,medium,370,item_cpt_20550,cpt,0.0001576597990771,0.0003142267383193,1.0928598350219947e-06,False,False
opioid_ed,75_84,medium,371,item_icd_R002,icd,0.0001563579130742,0.0003121767559157,5.390702327954992e-07,False,False
opioid_ed,75_84,medium,372,item_cpt_70553,cpt,0.000155489149546,0.0003108773339221,1.0096516992335699e-07,False,False
opioid_ed,75_84,medium,373,item_cpt_20611,cpt,0.0001542462322999,0.0003079063470997,5.861175001908552e-07,False,False
opioid_ed,75_84,medium,374,item_cpt_93925,cpt,0.0001527642123751,0.0003038293060278,1.699118722518225e-06,False,False
opioid_ed,75_84,medium,375,item_cpt_86300,cpt,0.0001519475585104,0.0003027864037375,1.1087132833098282e-06,False,False
opioid_ed,75_84,medium,376,item_icd_J0100,icd,0.0001498617382822,0.0002990481174037,6.753591606496073e-07,False,False
opioid_ed,75_84,medium,377,item_icd_M109,icd,0.0001481892554503,0.0002959700111838,4.0849971676724833e-07,False,False
opioid_ed,75_84,medium,378,item_cpt_84100,cpt,0.0001459199105221,0.0002912835317215,5.562893227612709e-07,False,False
opioid_ed,75_84,medium,379,item_cpt_70486,cpt,0.0001435942017846,0.0002870951974809,9.3206088430026e-08,False,False
opioid_ed,75_84,medium,380,item_icd_M25569,icd,0.0001427243124957,0.0002848536206159,5.950043755306019e-07,False,False
opioid_ed,75_84,medium,381,item_icd_G20,icd,0.0001418097179586,0.0002830778709297,5.415649875354072e-07,False,False
opioid_ed,75_84,medium,382,item_cpt_99205,cpt,0.0001407537738041,0.0002809697654302,5.377821779783283e-07,False,False
opioid_ed,75_84,medium,383,item_cpt_76705,cpt,0.0001401024726484,0.0002801140168654,9.092843143947258e-08,False,False
opioid_ed,75_84,medium,384,item_icd_C50919,icd,0.0001380817396512,0.0002756839392006,4.795401019523882e-07,False,False
opioid_ed,75_84,medium,385,item_icd_I130,icd,0.0001373650356189,0.0002743982706189,3.3180061906850857e-07,False,False
opioid_ed,75_84,medium,386,item_icd_R351,icd,0.0001371322162269,0.0002738847545894,3.796778645099684e-07,False,False
opioid_ed,75_84,medium,387,item_cpt_84681,cpt,0.0001351013806619,0.0002694469573194,7.558040044425054e-07,False,False
opioid_ed,75_84,medium,388,item_cpt_87205,cpt,0.0001309789934264,0.000261780061977,1.7792487579553278e-07,False,False
opioid_ed,75_84,medium,389,item_icd_R634,icd,0.0001304510222522,0.0002608174117199,8.463278461063476e-08,False,False
opioid_ed,75_84,medium,390,item_icd_L820,icd,0.000130250809554,0.0002601860474049,3.1557170311851944e-07,False,False
opioid_ed,75_84,medium,391,item_icd_G8918,icd,0.0001302164231989,0.000260302133808,1.3071258979016057e-07,False,False
opioid_ed,75_84,medium,392,item_drug_LEVOFLOXACIN,drug,0.0001289793787398,0.0002578292550798,1.2950239988839458e-07,False,False
opioid_ed,75_84,medium,393,item_icd_R001,icd,0.0001282378964667,0.0002562103415135,2.6545141992594296e-07,False,False
opioid_ed,75_84,medium,394,item_cpt_90715,cpt,0.0001271899888879,0.0002542069944282,1.729833476523079e-07,False,False
opioid_ed,75_84,medium,395,item_icd_K5730,icd,0.0001268267580112,0.0002535261195128,1.273965096360342e-07,False,False
opioid_ed,75_84,medium,396,item_icd_R300,icd,0.000126615395927,0.0002530135283191,2.172635348548097e-07,False,False
opioid_ed,75_84,medium,397,item_cpt_72158,cpt,0.0001240275087984,0.0002476653702285,3.896473682507482e-07,False,False
opioid_ed,75_84,medium,398,item_cpt_93015,cpt,0.0001235019364681,0.0002469237730444,8.009989182414516e-08,False,False
opioid_ed,75_84,medium,399,item_cpt_93294,cpt,0.0001214718203389,0.0002428214828575,1.2215782039734756e-07,False,False
opioid_ed,75_84,medium,400,item_icd_L299,icd,0.0001211921599186,0.0002420029857281,3.813341091361546e-07,False,False
opioid_ed,75_84,medium,401,item_icd_R1310,icd,0.0001120628490782,0.0002238918790818,2.3381907465279385e-07,False,False
opioid_ed,75_84,medium,402,item_cpt_88112,cpt,0.0001103763668089,0.000220522212672,2.305209458647898e-07,False,False
opioid_ed,75_84,medium,403,item_cpt_11056,cpt,0.0001094673285365,0.0002183516192418,5.830378312509667e-07,False,False
opioid_ed,75_84,medium,404,item_icd_Z4502,icd,0.0001075598598449,0.0002147783555624,3.4136412743509374e-07,False,False
opioid_ed,75_84,medium,405,item_icd_L600,icd,0.0001075282950024,0.0002143670383406,6.895516642242011e-07,False,False
opioid_ed,75_84,medium,406,item_icd_M2041,icd,0.0001014825159806,0.0002023842651811,5.807667802633773e-07,False,False
opioid_ed,75_84,medium,407,item_icd_M1990,icd,0.0001003872572802,0.0002006364866876,1.380278728801147e-07,False,False
opioid_ed,75_84,medium,408,item_cpt_74018,cpt,0.0001002295595649,0.0002003941998232,6.491930654046697e-08,False,False
opioid_ed,75_84,medium,409,item_cpt_99497,cpt,9.928660980072838e-05,0.0001982200450741,3.531745273528771e-07,False,False
opioid_ed,75_84,medium,410,item_cpt_99356,cpt,9.800870655407627e-05,0.0001954191619552,5.982511529108785e-07,False,False
opioid_ed,75_84,medium,411,item_icd_G8911,icd,9.472911879006704e-05,0.0001892583168013,1.999207788284586e-07,False,False
opioid_ed,75_84,medium,412,item_icd_M5441,icd,9.45370885380595e-05,0.0001885984939411,4.756831349977276e-07,False,False
opioid_ed,75_84,medium,413,item_icd_Z09,icd,9.423732006345336e-05,0.0001881379124164,3.367277104088909e-07,False,False
opioid_ed,75_84,medium,414,item_icd_I5022,icd,9.325552449218878e-05,0.000186450678845,6.037013931817896e-08,False,False
opioid_ed,75_84,medium,415,item_icd_R0902,icd,8.870280847883744e-05,0.0001772174813887,1.8813556893635758e-07,False,False
opioid_ed,75_84,medium,416,item_icd_M1710,icd,8.595899375717694e-05,0.0001716399572496,2.780302646541344e-07,False,False
opioid_ed,75_84,medium,417,item_icd_G4733,icd,8.254550272581867e-05,0.0001650069289112,8.407654034099408e-08,False,False
opioid_ed,75_84,medium,418,item_icd_K7689,icd,8.177188606865626e-05,0.0001634908927821,5.287935515031388e-08,False,False
opioid_ed,75_84,medium,419,item_drug_DUTASTERIDE,drug,7.989499219973092e-05,0.0001595595040534,2.3048034596934725e-07,False,False
opioid_ed,75_84,medium,420,item_cpt_86200,cpt,7.673283378809972e-05,0.0001534160751978,4.9592378353231294e-08,False,False
opioid_ed,75_84,medium,421,item_cpt_64490,cpt,7.660761873047043e-05,0.0001529359341578,2.7930330307884144e-07,False,False
opioid_ed,75_84,medium,422,item_cpt_95909,cpt,7.54200434872743e-05,0.0001505646519051,2.754350693968112e-07,False,False
opioid_ed,75_84,medium,423,item_cpt_82553,cpt,7.513266415081407e-05,0.0001500754916736,1.898366279464184e-07,False,False
opioid_ed,75_84,medium,424,item_icd_R579,icd,7.504810967785846e-05,0.0001494283801543,6.678392013311281e-07,False,False
opioid_ed,75_84,medium,425,item_cpt_96376,cpt,7.431394415730937e-05,0.0001485798737794,4.80145352096326e-08,False,False
opioid_ed,75_84,medium,426,item_cpt_99281,cpt,7.41443310181426e-05,0.0001480731716621,2.154903740962809e-07,False,False
opioid_ed,75_84,medium,427,item_icd_R222,icd,7.250681878591738e-05,0.000144638350478,3.7528709383342034e-07,False,False
opioid_ed,75_84,medium,428,item_cpt_85379,cpt,7.149420790281476e-05,0.000142942240586,4.6175219575187016e-08,False,False
opioid_ed,75_84,medium,429,item_icd_Z452,icd,6.953640936681637e-05,0.0001389485913252,1.2422740836371977e-07,False,False
opioid_ed,75_84,medium,430,item_icd_E7800,icd,6.79212679881973e-05,0.0001357986913876,4.3844588745649225e-08,False,False
opioid_ed,75_84,medium,431,item_cpt_93016,cpt,6.756765661072641e-05,0.0001350142947896,1.2101843179487158e-07,False,False
opioid_ed,75_84,medium,432,item_icd_Z45018,icd,6.62986625282748e-05,0.000132402285609,1.9503944745065317e-07,False,False
opioid_ed,75_84,medium,433,item_cpt_87075,cpt,6.606328366547645e-05,0.0001318816096007,2.449577302094973e-07,False,False
opioid_ed,75_84,medium,434,item_icd_R000,icd,6.493689641244192e-05,0.0001297321344945,1.4165833037501618e-07,False,False
opioid_ed,75_84,medium,435,item_icd_E538,icd,6.256653233667837e-05,0.0001249960418888,1.370227844587174e-07,False,False
opioid_ed,75_84,medium,436,item_drug_PRIMIDONE,drug,6.188394380105303e-05,0.0001234887614309,2.791261711461864e-07,False,False
opioid_ed,75_84,medium,437,item_cpt_52000,cpt,6.130644432499372e-05,0.0001225258290288,8.705962116129171e-08,False,False
opioid_ed,75_84,medium,438,item_cpt_76536,cpt,6.0030950985132384e-05,0.0001200232042399,3.8697730275699775e-08,False,False
opioid_ed,75_84,medium,439,item_icd_R1084,icd,5.9894854165438256e-05,0.0001197510993766,3.8608954239337256e-08,False,False
opioid_ed,75_84,medium,440,item_cpt_84165,cpt,5.941409463926329e-05,0.000118789893924,3.829535451472017e-08,False,False
opioid_ed,75_84,medium,441,item_icd_H40013,icd,5.9279745740393455e-05,0.000118451981963,1.075095177347733e-07,False,False
opioid_ed,75_84,medium,442,item_icd_J9811,icd,5.765957230243652e-05,0.0001151466242583,1.7252034653251646e-07,False,False
opioid_ed,75_84,medium,443,item_icd_J439,icd,5.75743169134618e-05,0.0001150439040798,1.0472974707615037e-07,False,False
opioid_ed,75_84,medium,444,item_cpt_99219,cpt,5.7460543875821904e-05,0.0001147715646239,1.4952312764681878e-07,False,False
opioid_ed,75_84,medium,445,item_cpt_95816,cpt,5.737464350890237e-05,0.0001146224176267,1.268693910203184e-07,False,False
opioid_ed,75_84,medium,446,item_cpt_36591,cpt,5.694342353403358e-05,0.0001134712610795,4.155859885421909e-07,False,False
opioid_ed,75_84,medium,447,item_cpt_99217,cpt,5.674909508995834e-05,0.0001133948055065,1.0338467340576012e-07,False,False
opioid_ed,75_84,medium,448,item_drug_DIAZEPAM,drug,5.655550810012106e-05,0.0001130523654469,5.865075324651165e-08,False,False
opioid_ed,75_84,medium,449,item_cpt_83615,cpt,5.629191892043701e-05,0.0001125033180425,8.051979832386788e-08,False,False
opioid_ed,75_84,medium,450,item_icd_I714,icd,5.489151888540376e-05,0.0001097260148838,5.702288698065698e-08,False,False
opioid_ed,75_84,medium,451,item_cpt_82310,cpt,5.376821768723351e-05,0.0001075018228288,3.4612545623827786e-08,False,False
opioid_ed,75_84,medium,452,item_icd_R0689,icd,5.356796053263701e-05,0.0001069740661263,1.6185493895448517e-07,False,False
opioid_ed,75_84,medium,453,item_cpt_86901,cpt,5.287905228369083e-05,0.0001056820357472,7.606882014120824e-08,False,False
opioid_ed,75_84,medium,454,item_cpt_87427,cpt,5.177803752925853e-05,0.0001034814421552,7.463290330871321e-08,False,False
opioid_ed,75_84,medium,455,item_cpt_84466,cpt,5.12785396212196e-05,0.0001024626113231,9.446791925089515e-08,False,False
opioid_ed,75_84,medium,456,item_icd_J984,icd,5.070910820401835e-05,0.000101304382312,1.1383409602980205e-07,False,False
opioid_ed,75_84,medium,457,item_drug_TEMAZEPAM,drug,4.9568386318597226e-05,9.904509218928055e-05,9.168044791388848e-08,False,False
opioid_ed,75_84,medium,458,item_cpt_80050,cpt,4.935299792214356e-05,9.86146664695668e-05,9.132937472032288e-08,False,False
opioid_ed,75_84,medium,459,item_cpt_82948,cpt,4.724417885055369e-05,9.441963774670938e-05,6.871995439799426e-08,False,False
opioid_ed,75_84,medium,460,item_drug_METHOTREXATE,drug,4.702207226252241e-05,9.39184335558692e-05,1.2571096917562498e-07,False,False
opioid_ed,75_84,medium,461,item_icd_N289,icd,4.624544908578341e-05,9.244233365993773e-05,4.856451162909682e-08,False,False
opioid_ed,75_84,medium,462,item_icd_M79662,icd,4.621893733044967e-05,9.235165366099803e-05,8.622099990129778e-08,False,False
opioid_ed,75_84,medium,463,item_cpt_87046,cpt,4.553127690868485e-05,9.103331423311055e-05,2.9239584259147823e-08,False,False
opioid_ed,75_84,medium,464,item_icd_E876,icd,4.528019216987825e-05,9.053130853822168e-05,2.9075801534816227e-08,False,False
opioid_ed,75_84,medium,465,item_icd_G629,icd,4.499138545076797e-05,8.995388348879563e-05,2.8887412740316128e-08,False,False
opioid_ed,75_84,medium,466,item_cpt_73590,cpt,4.425635417876642e-05,8.842968627802858e-05,8.302207950426645e-08,False,False
opioid_ed,75_84,medium,467,item_icd_H25811,icd,4.39803574572195e-05,8.780576625125166e-05,1.5494866318734359e-07,False,False
opioid_ed,75_84,medium,468,item_icd_F419,icd,4.3305740250011394e-05,8.649424719789382e-05,1.1723330212897281e-07,False,False
opioid_ed,75_84,medium,469,item_cpt_95910,cpt,4.025627817404981e-05,8.046985099060531e-05,4.2705357494311476e-08,False,False
opioid_ed,75_84,medium,470,item_cpt_43450,cpt,4.002656460579834e-05,8.001064858090063e-05,4.248063069604961e-08,False,False
opioid_ed,75_84,medium,471,item_icd_M47814,icd,3.97856504733085e-05,7.949556590881602e-05,7.573503780098528e-08,False,False
opioid_ed,75_84,medium,472,item_drug_NAPROXEN,drug,3.906565693726429e-05,7.810629181801901e-05,2.5022056509571483e-08,False,False
opioid_ed,75_84,medium,473,item_icd_E784,icd,3.899142885728508e-05,7.790841722152519e-05,7.444049304496743e-08,False,False
opioid_ed,75_84,medium,474,item_drug_CELECOXIB,drug,3.890706391869565e-05,7.772337412751407e-05,9.075370987723093e-08,False,False
opioid_ed,75_84,medium,475,item_cpt_73070,cpt,3.860471769275171e-05,7.700495618204027e-05,2.044792034631543e-07,False,False
opioid_ed,75_84,medium,476,item_cpt_94664,cpt,3.7369158692276273e-05,7.463462656508453e-05,1.0369081946802009e-07,False,False
opioid_ed,75_84,medium,477,item_icd_H04123,icd,3.662245069186164e-05,7.320575096824533e-05,3.9150415477938665e-08,False,False
opioid_ed,75_84,medium,478,item_cpt_88313,cpt,3.661204833358978e-05,7.318495642823881e-05,3.9140238940755424e-08,False,False
opioid_ed,75_84,medium,479,item_icd_L89152,icd,3.573963219880306e-05,7.133307848891914e-05,1.4618590868697836e-07,False,False
opioid_ed,75_84,medium,480,item_cpt_99343,cpt,3.5377962997612375e-05,7.067207388731246e-05,8.385210791228207e-08,False,False
opioid_ed,75_84,medium,481,item_icd_K5901,icd,3.431748936595644e-05,6.853824935625503e-05,9.672937565785297e-08,False,False
opioid_ed,75_84,medium,482,item_cpt_70551,cpt,3.0488328653696543e-05,6.0943507850484026e-05,3.314945690906893e-08,False,False
opioid_ed,75_84,medium,483,item_cpt_99153,cpt,2.961989688731073e-05,5.919405898280169e-05,4.5734791819761744e-08,False,False
opioid_ed,75_84,medium,484,item_cpt_73020,cpt,2.9559698003450963e-05,5.8966574612508885e-05,1.5282139439304498e-07,False,False
opioid_ed,75_84,medium,485,item_cpt_00910,cpt,2.7549002651042604e-05,5.501671614452024e-05,8.128915756497127e-08,False,False
opioid_ed,75_84,medium,486,item_icd_N3000,icd,2.7513705705531063e-05,5.498442346287747e-05,4.298794818465587e-08,False,False
opioid_ed,75_84,medium,487,item_icd_N3941,icd,2.728572575214784e-05,5.452876088205621e-05,4.26906222394616e-08,False,False
opioid_ed,75_84,medium,488,item_icd_M179,icd,2.603914831806407e-05,5.206177177893192e-05,1.6524857196216004e-08,False,False
opioid_ed,75_84,medium,489,item_icd_M5417,icd,2.5161219839859165e-05,5.027054179215895e-05,5.1897887559383026e-08,False,False
opioid_ed,75_84,medium,490,item_icd_R3915,icd,2.501895548897911e-05,5.002205159315067e-05,1.5859384807550505e-08,False,False
opioid_ed,75_84,medium,491,item_icd_K219,icd,2.4810388252906395e-05,4.960505316953727e-05,1.5723336275518423e-08,False,False
opioid_ed,75_84,medium,492,item_cpt_72114,cpt,2.398665676522516e-05,4.787698651192133e-05,9.632701852899055e-08,False,False
opioid_ed,75_84,medium,493,item_icd_M069,icd,2.3627587118442885e-05,4.720577610022351e-05,4.9398136662262815e-08,False,False
opioid_ed,75_84,medium,494,item_cpt_82977,cpt,2.3134404241554824e-05,4.619758987234575e-05,7.121861076389842e-08,False,False
opioid_ed,75_84,medium,495,item_cpt_73721,cpt,2.28079546933012e-05,4.5556639515342574e-05,5.926987125982954e-08,False,False
opioid_ed,75_84,medium,496,item_icd_K5732,icd,2.249412780558614e-05,4.49407049611309e-05,4.755065004138117e-08,False,False
opioid_ed,75_84,medium,497,item_cpt_88304,cpt,2.1360218647986275e-05,4.267473486577832e-05,4.5702430194229306e-08,False,False
opioid_ed,75_84,medium,498,item_cpt_96367,cpt,2.1303814297281747e-05,4.257273943666768e-05,3.4889157895810765e-08,False,False
opioid_ed,75_84,medium,499,item_icd_N2889,icd,2.115541959025615e-05,4.227614355540686e-05,3.469562510543404e-08,False,False
opioid_ed,75_84,medium,500,item_cpt_96411,cpt,1.9969411209659376e-05,3.9844004119002496e-05,9.481830031625523e-08,False,False
opioid_ed,75_84,medium,501,item_cpt_96366,cpt,1.944057871398207e-05,3.884869825688385e-05,3.2459171080290555e-08,False,False
opioid_ed,75_84,medium,502,item_icd_M5442,icd,1.8415643192575212e-05,3.6780606233017925e-05,5.068015213250777e-08,False,False
opioid_ed,75_84,medium,503,item_cpt_84460,cpt,1.7543525222960746e-05,3.507606728871877e-05,1.0983157202724502e-08,False,False
opioid_ed,75_84,medium,504,item_cpt_85018,cpt,1.68891481082165e-05,3.375845072030532e-05,1.9845496127679506e-08,False,False
opioid_ed,75_84,medium,505,item_icd_G308,icd,1.6791097680713787e-05,3.353469221294204e-05,4.7503148485536384e-08,False,False
opioid_ed,75_84,medium,506,item_icd_D539,icd,1.6635706795796087e-05,3.321501975778486e-05,5.639383380731912e-08,False,False
opioid_ed,75_84,medium,507,item_drug_LORATADINE,drug,1.5871994736428056e-05,3.168039479462128e-05,6.359467823483404e-08,False,False
opioid_ed,75_84,medium,508,item_cpt_93880,cpt,1.5814345584835838e-05,3.1600961244196615e-05,2.7729925475060685e-08,False,False
opioid_ed,75_84,medium,509,item_cpt_71275,cpt,1.5041521828615163e-05,3.0038962024991755e-05,4.4081632238569866e-08,False,False
opioid_ed,75_84,medium,510,item_icd_K2970,icd,1.4448363141212098e-05,2.8887762101286707e-05,8.964181137488287e-09,False,False
opioid_ed,75_84,medium,511,item_icd_M62838,icd,1.4092151433896682e-05,2.8150447053340337e-05,3.385581445302871e-08,False,False
opioid_ed,75_84,medium,512,item_cpt_73221,cpt,1.4025973223073943e-05,2.8043257790205007e-05,8.688655942879991e-09,False,False
opioid_ed,75_84,medium,513,item_icd_N3946,icd,1.3958177870820084e-05,2.785774971776694e-05,5.8606023873225455e-08,False,False
opioid_ed,75_84,medium,514,item_icd_M79609,icd,1.3704788846961378e-05,2.73681102116275e-05,4.146748229525743e-08,False,False
opioid_ed,75_84,medium,515,item_icd_D518,icd,1.3474074411621994e-05,2.6898967280100346e-05,4.918154314364645e-08,False,False
opioid_ed,75_84,medium,516,item_icd_I619,icd,1.3309639995736376e-05,2.65948166424912e-05,2.4463348981554254e-08,False,False
opioid_ed,75_84,medium,517,item_icd_D701,icd,1.210166851566585e-05,2.4126437572716145e-05,7.689945861555873e-08,False,False
opioid_ed,75_84,medium,518,item_cpt_82533,cpt,1.0750232104778518e-05,2.145749627383255e-05,4.2967935724485465e-08,False,False
opioid_ed,75_84,medium,519,item_icd_K529,icd,1.0718158168228452e-05,2.1429785370239983e-05,6.530966216922886e-09,False,False
opioid_ed,75_84,medium,520,item_cpt_88374,cpt,1.0349760858488796e-05,2.0671765827276827e-05,2.7755889700764133e-08,False,False
opioid_ed,75_84,medium,521,item_icd_R350,icd,1.0111090373718427e-05,2.0216045771903043e-05,6.134975533811701e-09,False,False
opioid_ed,75_84,medium,522,item_cpt_94760,cpt,9.709361995442797e-06,1.941285106301166e-05,5.8729278739339284e-09,False,False
opioid_ed,75_84,medium,523,item_icd_R102,icd,9.417849942711951e-06,1.88300171110352e-05,5.682774388705474e-09,False,False
opioid_ed,75_84,medium,524,item_icd_G3184,icd,9.315144601111012e-06,1.8611035377591876e-05,1.9253824630153637e-08,False,False
opioid_ed,75_84,medium,525,item_icd_M7062,icd,9.120319549697573e-06,1.82013893072355e-05,3.924979215964341e-08,False,False
opioid_ed,75_84,medium,526,item_cpt_99224,cpt,8.997986754137612e-06,1.7963710771125788e-05,3.2262737149435255e-08,False,False
opioid_ed,75_84,medium,527,item_icd_R1909,icd,8.435163360466288e-06,1.6826117273305194e-05,4.42094476273833e-08,False,False
opioid_ed,75_84,medium,528,item_cpt_83883,cpt,8.404697938532005e-06,1.6797850645200904e-05,1.1545231863105693e-08,False,False
opioid_ed,75_84,medium,529,item_icd_I259,icd,8.023044085350206e-06,1.604131522900133e-05,4.772941699079842e-09,False,False
opioid_ed,75_84,medium,530,item_cpt_86334,cpt,7.90110993532929e-06,1.579752646667802e-05,4.693403980561376e-09,False,False
opioid_ed,75_84,medium,531,item_cpt_99349,cpt,7.842996712798955e-06,1.5674997701188802e-05,1.0995724409107326e-08,False,False
opioid_ed,75_84,medium,532,item_icd_R404,icd,7.523142795571808e-06,1.5041838735352928e-05,4.4468557906891926e-09,False,False
opioid_ed,75_84,medium,533,item_cpt_70250,cpt,7.419668244885621e-06,1.4810160353534718e-05,2.9176136236524828e-08,False,False
opioid_ed,75_84,medium,534,item_icd_H353131,icd,7.404750605082035e-06,1.4805131581669591e-05,4.369628494477715e-09,False,False
opioid_ed,75_84,medium,535,item_icd_I471,icd,7.226399698341996e-06,1.4448546106591966e-05,4.253290092025498e-09,False,False
opioid_ed,75_84,medium,536,item_icd_C3410,icd,6.794926351427642e-06,1.3549918782137636e-05,3.9933920717647864e-08,False,False
opioid_ed,75_84,medium,537,item_cpt_86480,cpt,6.332325249160851e-06,1.265513265074779e-05,9.517847573911884e-09,False,False
opioid_ed,75_84,medium,538,item_icd_I5030,icd,5.988813275185178e-06,1.1974180538637596e-05,3.4460117327599727e-09,False,False
opioid_ed,75_84,medium,539,item_icd_D631,icd,5.672775205597876e-06,1.134231055128359e-05,3.239859912161378e-09,False,False
opioid_ed,75_84,medium,540,item_cpt_88189,cpt,5.378628713933138e-06,1.0754209439885423e-05,3.047987980850826e-09,False,False
opioid_ed,75_84,medium,541,item_cpt_88185,cpt,5.327669719871745e-06,1.0652324692344748e-05,3.014747398742006e-09,False,False
opioid_ed,75_84,medium,542,item_cpt_99348,cpt,5.114777259949453e-06,1.0226678642378284e-05,2.875877520622558e-09,False,False
opioid_ed,75_84,medium,543,item_drug_DEXILANT,drug,4.985626313491771e-06,9.96305224333803e-06,8.200383645511048e-09,False,False
opioid_ed,75_84,medium,544,item_icd_M160,icd,4.608532130653027e-06,9.21451860778411e-06,2.545653521944449e-09,False,False
opioid_ed,75_84,medium,545,item_icd_M25571,icd,4.378628285805152e-06,8.749650008888615e-06,7.606562721690197e-09,False,False
opioid_ed,75_84,medium,546,item_icd_Z981,icd,4.096590238807965e-06,8.170503039549074e-06,2.267743806685504e-08,False,False
opioid_ed,75_84,medium,547,item_icd_J189,icd,3.7803039625293022e-06,7.558602525262905e-06,2.0053997956996767e-09,False,False
opioid_ed,75_84,medium,548,item_cpt_86580,cpt,3.458459640972274e-06,6.915123821391057e-06,1.7954605534908435e-09,False,False
opioid_ed,75_84,medium,549,item_icd_M7552,icd,2.961598978788931e-06,5.907484432407371e-06,1.5713525170491412e-08,False,False
opioid_ed,75_84,medium,550,item_icd_M79641,icd,2.2900819449909075e-06,4.579130562893725e-06,1.0333270880894083e-09,False,False
opioid_ed,75_84,medium,551,item_icd_R160,icd,2.0199186405202296e-06,4.030097713791051e-06,9.739567249408276e-09,False,False
opioid_ed,75_84,medium,552,item_cpt_99350,cpt,1.5872567891683877e-06,3.169637790222669e-06,4.8757881141064466e-09,False,False
opioid_ed,75_84,medium,553,item_cpt_64495,cpt,7.059547846107815e-07,1.411909569221563e-06,0.0,False,False
opioid_ed,75_84,medium,554,item_icd_R791,icd,8.447134305552636e-08,1.655370600093606e-07,3.405626101692148e-09,False,False
opioid_ed,75_84,medium,555,item_icd_D61818,icd,3.554937220355459e-09,0.0,7.109874440710918e-09,False,False
opioid_ed,75_84,extreme,1,n_event_bin_ordinal,utilization_temporal,0.9999999994775997,0.9999999999647554,0.999999998990444,True,False
opioid_ed,75_84,extreme,2,pgx_num_drugs,pgx,0.4175996356065375,0.4190902238903226,0.4161090473227524,True,False
opioid_ed,75_84,extreme,3,pgx_num_cpic_drugs,pgx,0.0885384892980383,0.1319082611187698,0.0451687174773068,True,False
opioid_ed,75_84,extreme,4,item_drug_FUROSEMIDE,drug,0.0492962704294224,0.0896340720533858,0.008958468805459,True,False
opioid_ed,75_84,extreme,5,item_drug_PREDNISONE,drug,0.0415379920541335,0.0764163266600155,0.0066596574482515,True,False
opioid_ed,75_84,extreme,6,item_icd_G8929,icd,0.0355270022397885,0.0549231245739932,0.0161308799055839,True,False
opioid_ed,75_84,extreme,7,item_cpt_71010,cpt,0.0304929924719845,0.0564502259744469,0.0045357589695221,True,False
opioid_ed,75_84,extreme,8,item_drug_AMOXICILLIN,drug,0.0300064528010818,0.0517545381589146,0.0082583674432491,True,False
opioid_ed,75_84,extreme,9,item_drug_LISINOPRIL,drug,0.0298372532870085,0.052631845483565,0.0070426610904519,True,False
opioid_ed,75_84,extreme,10,item_cpt_83735,cpt,0.0280280269517974,0.0501642982444902,0.0058917556591045,True,False
opioid_ed,75_84,extreme,11,item_drug_AZITHROMYCIN,drug,0.0256828941385516,0.0475026685913609,0.0038631196857422,True,False
opioid_ed,75_84,extreme,12,item_cpt_92014,cpt,0.0254915774466457,0.0458037881595776,0.0051793667337138,True,False
opioid_ed,75_84,extreme,13,item_drug_OMEPRAZOLE,drug,0.0219058129734933,0.0414734446844829,0.0023381812625037,True,False
opioid_ed,75_84,extreme,14,item_cpt_99203,cpt,0.0199901042975622,0.0360970593087807,0.0038831492863438,True,False
opioid_ed,75_84,extreme,15,item_icd_M545,icd,0.0185684756419712,0.0318568924725481,0.0052800588113943,True,False
opioid_ed,75_84,extreme,16,item_icd_A419,icd,0.0184532556184607,0.0354588386880619,0.0014476725488595,True,False
opioid_ed,75_84,extreme,17,item_cpt_99239,cpt,0.0178520937335321,0.0337158621319637,0.0019883253351006,True,False
opioid_ed,75_84,extreme,18,item_icd_F0390,icd,0.01639369937241,0.030353099577559,0.0024342991672609,True,False
opioid_ed,75_84,extreme,19,item_cpt_99152,cpt,0.0157750874840321,0.0300830899978251,0.001467084970239,True,False
opioid_ed,75_84,extreme,20,item_cpt_86140,cpt,0.0152613529569334,0.028000301158024,0.0025224047558428,True,False
opioid_ed,75_84,extreme,21,item_icd_R109,icd,0.0144163504922264,0.0272144470750724,0.0016182539093804,False,False
opioid_ed,75_84,extreme,22,item_cpt_80061,cpt,0.0132679920181435,0.024422807542669,0.002113176493618,False,False
opioid_ed,75_84,extreme,23,item_cpt_84439,cpt,0.0132079689019381,0.0244435499148364,0.0019723878890398,False,False
opioid_ed,75_84,extreme,24,item_cpt_70450,cpt,0.013149379274322,0.0251340385339782,0.0011647200146658,False,False
opioid_ed,75_84,extreme,25,item_cpt_99316,cpt,0.0128269531118271,0.0242957532413548,0.0013581529822994,False,False
opioid_ed,75_84,extreme,26,item_cpt_99214,cpt,0.011830902510503,0.0196735670461122,0.0039882379748939,False,False
opioid_ed,75_84,extreme,27,item_cpt_88305,cpt,0.0115732566279855,0.0220020922362667,0.0011444210197043,False,False
opioid_ed,75_84,extreme,28,item_drug_CEPHALEXIN,drug,0.0114831788846692,0.0222489338984433,0.000717423870895,False,False
opioid_ed,75_84,extreme,29,item_cpt_97110,cpt,0.0112488880045746,0.021319738324315,0.0011780376848341,False,True
opioid_ed,75_84,extreme,30,item_drug_SIMVASTATIN,drug,0.0106293761561553,0.0200348068660367,0.001223945446274,False,False
opioid_ed,75_84,extreme,31,item_cpt_85610,cpt,0.0104244603307166,0.0199100585295935,0.0009388621318396,False,False
opioid_ed,75_84,extreme,32,item_icd_M25562,icd,0.0103793339426382,0.0197444249673627,0.0010142429179136,False,False
opioid_ed,75_84,extreme,33,item_icd_G894,icd,0.0103562509555028,0.0189246003213303,0.0017879015896752,False,False
opioid_ed,75_84,extreme,34,item_icd_Z79891,icd,0.0103548690111191,0.0176664258121287,0.0030433122101094,False,False
opioid_ed,75_84,extreme,35,item_icd_J449,icd,0.0098231069990977,0.0189255020230808,0.0007207119751146,False,False
opioid_ed,75_84,extreme,36,item_drug_CLOPIDOGREL,drug,0.0096946111665303,0.0188456254683723,0.0005435968646884,False,False
opioid_ed,75_84,extreme,37,item_cpt_20610,cpt,0.0091781632010494,0.0172152711377212,0.0011410552643775,False,False
opioid_ed,75_84,extreme,38,item_cpt_71020,cpt,0.0090931474248691,0.0174320286036808,0.0007542662460573,False,False
opioid_ed,75_84,extreme,39,item_cpt_99215,cpt,0.0088641022023603,0.0170778197950761,0.0006503846096445,False,False
opioid_ed,75_84,extreme,40,item_cpt_97001,cpt,0.0086682946742763,0.016837251262282,0.0004993380862707,False,True
opioid_ed,75_84,extreme,41,item_icd_J90,icd,0.0086168649767048,0.0169805636663054,0.0002531662871041,False,False
opioid_ed,75_84,extreme,42,item_icd_R410,icd,0.0080732791173751,0.0160090543639747,0.0001375038707755,False,False
opioid_ed,75_84,extreme,43,item_cpt_77052,cpt,0.0079481422781355,0.0147911574822486,0.0011051270740224,False,False
opioid_ed,75_84,extreme,44,item_cpt_99213,cpt,0.0079458953651713,0.0132645166283879,0.0026272741019547,False,False
opioid_ed,75_84,extreme,45,item_icd_Z79899,icd,0.0077230022813232,0.0147640450235211,0.0006819595391253,False,False
opioid_ed,75_84,extreme,46,item_icd_Z5189,icd,0.0076384753816239,0.0150285151165153,0.0002484356467325,False,False
opioid_ed,75_84,extreme,47,item_cpt_92083,cpt,0.0075982623879923,0.0144006365947271,0.0007958881812575,False,False
opioid_ed,75_84,extreme,48,item_cpt_96374,cpt,0.0075813449266059,0.0148192378967978,0.0003434519564139,False,False
opioid_ed,75_84,extreme,49,item_cpt_82550,cpt,0.007221106249701,0.0138431489837845,0.0005990635156176,False,False
opioid_ed,75_84,extreme,50,item_icd_M7989,icd,0.0067439348688418,0.013238957100453,0.0002489126372307,False,False
opioid_ed,75_84,extreme,51,item_icd_M549,icd,0.0065808676194856,0.0125300902483211,0.0006316449906501,False,False
opioid_ed,75_84,extreme,52,item_cpt_99212,cpt,0.0062493253824952,0.0116225767230053,0.0008760740419851,False,False
opioid_ed,75_84,extreme,53,item_cpt_97597,cpt,0.0061660911869203,0.01166113578451,0.0006710465893305,False,True
opioid_ed,75_84,extreme,54,item_cpt_96375,cpt,0.0061422900808024,0.0119457188359946,0.0003388613256101,False,False
opioid_ed,75_84,extreme,55,item_cpt_96372,cpt,0.0058311782312601,0.0113317140783263,0.0003306423841939,False,False
opioid_ed,75_84,extreme,56,item_cpt_83550,cpt,0.0058003482453035,0.0114156490988886,0.0001850473917184,False,False
opioid_ed,75_84,extreme,57,item_cpt_83880,cpt,0.0057343448393156,0.0112177457640652,0.000250943914566,False,False
opioid_ed,75_84,extreme,58,item_cpt_97112,cpt,0.0057235585916058,0.0111612496247279,0.0002858675584836,False,True
opioid_ed,75_84,extreme,59,item_cpt_83690,cpt,0.0055856286775003,0.0108767998893623,0.0002944574656383,False,False
opioid_ed,75_84,extreme,60,item_icd_I482,icd,0.0054330275452416,0.0104689188192142,0.000397136271269,False,False
opioid_ed,75_84,extreme,61,item_icd_M5416,icd,0.005380048055714,0.0098718363209209,0.000888259790507,False,False
opioid_ed,75_84,extreme,62,item_icd_R079,icd,0.0053239824362513,0.0104116623740102,0.0002363024984924,False,False
opioid_ed,75_84,extreme,63,item_drug_HYDROCHLOROTHIAZIDE,drug,0.0053051632151682,0.0102658234275371,0.0003445030027993,False,False
opioid_ed,75_84,extreme,64,item_icd_I480,icd,0.0052510060354824,0.0102106741849902,0.0002913378859746,False,False
opioid_ed,75_84,extreme,65,item_cpt_90471,cpt,0.0052165818338988,0.010054976309521,0.0003781873582766,False,False
opioid_ed,75_84,extreme,66,item_icd_N183,icd,0.005083006924869,0.0099482830154763,0.0002177308342618,False,False
opioid_ed,75_84,extreme,67,item_cpt_72110,cpt,0.0050187017635898,0.009775893961905,0.0002615095652747,False,False
opioid_ed,75_84,extreme,68,item_cpt_92015,cpt,0.0049698357673163,0.0095391107989148,0.0004005607357178,False,False
opioid_ed,75_84,extreme,69,item_cpt_84153,cpt,0.0049376720243117,0.0095307619779578,0.0003445820706655,False,False
opioid_ed,75_84,extreme,70,item_cpt_74177,cpt,0.0047704963579456,0.009260232869348,0.0002807598465431,False,False
opioid_ed,75_84,extreme,71,item_cpt_85027,cpt,0.004725117643055,0.0092463534493927,0.0002038818367173,False,False
opioid_ed,75_84,extreme,72,item_drug_GABAPENTIN,drug,0.0047233734528279,0.0091962548678157,0.00025049203784,False,False
opioid_ed,75_84,extreme,73,item_icd_R197,icd,0.0047167697378885,0.0092859968153321,0.0001475426604449,False,False
opioid_ed,75_84,extreme,74,item_cpt_36415,cpt,0.0046859444441541,0.0088374098901747,0.0005344789981335,False,False
opioid_ed,75_84,extreme,75,item_cpt_83036,cpt,0.0046679313325891,0.0089582177253301,0.0003776449398481,False,False
opioid_ed,75_84,extreme,76,item_cpt_96360,cpt,0.0046546048325798,0.0091841311807491,0.0001250784844106,False,False
opioid_ed,75_84,extreme,77,item_icd_M79605,icd,0.0046021399035598,0.0090937016452491,0.0001105781618705,False,False
opioid_ed,75_84,extreme,78,item_cpt_99225,cpt,0.0045989549726069,0.0089695835304594,0.0002283264147544,False,False
opioid_ed,75_84,extreme,79,item_cpt_83970,cpt,0.0045453454015794,0.008938518450797,0.0001521723523618,False,False
opioid_ed,75_84,extreme,80,item_cpt_74022,cpt,0.004345744328741,0.008617436677829,7.405197965299885e-05,False,False
opioid_ed,75_84,extreme,81,item_cpt_93971,cpt,0.0042573558348781,0.0084191535940605,9.555807569581032e-05,False,False
opioid_ed,75_84,extreme,82,item_icd_N390,icd,0.0042401269232782,0.0083210418181986,0.0001592120283577,False,False
opioid_ed,75_84,extreme,83,item_cpt_36430,cpt,0.0042395906519341,0.0084449522830332,3.4229020835114416e-05,False,False
opioid_ed,75_84,extreme,84,item_icd_R531,icd,0.0041918298498386,0.0082935601142203,9.009958545692792e-05,False,False
opioid_ed,75_84,extreme,85,item_drug_LORAZEPAM,drug,0.00392632481553,0.0076856394194384,0.0001670102116216,False,False
opioid_ed,75_84,extreme,86,item_cpt_93000,cpt,0.0038426262860037,0.007452008980669,0.0002332435913383,False,False
opioid_ed,75_84,extreme,87,item_cpt_80053,cpt,0.0038053582116196,0.0072008042455061,0.0004099121777331,False,False
opioid_ed,75_84,extreme,88,item_cpt_90670,cpt,0.0037364298945266,0.0072426372277035,0.0002302225613496,False,False
opioid_ed,75_84,extreme,89,item_cpt_73522,cpt,0.00373238650528,0.0073585648849261,0.0001062081256339,False,False
opioid_ed,75_84,extreme,90,item_cpt_77063,cpt,0.0037128117138306,0.0071844314101368,0.0002411920175244,False,False
opioid_ed,75_84,extreme,91,item_cpt_93005,cpt,0.0036451834795185,0.0071160976074065,0.0001742693516305,False,False
opioid_ed,75_84,extreme,92,item_icd_I4891,icd,0.0035460697324454,0.0069756123130828,0.0001165271518079,False,False
opioid_ed,75_84,extreme,93,item_cpt_80048,cpt,0.0034274798076385,0.0065439549190888,0.0003110046961882,False,False
opioid_ed,75_84,extreme,94,item_cpt_71046,cpt,0.0033354910875738,0.0065939783588532,7.70038162944874e-05,False,False
opioid_ed,75_84,extreme,95,item_icd_I2510,icd,0.0032481227866936,0.0063349160524326,0.0001613295209547,False,False
opioid_ed,75_84,extreme,96,item_icd_E780,icd,0.0031630074894378,0.0061679311495407,0.0001580838293349,False,False
opioid_ed,75_84,extreme,97,item_icd_E782,icd,0.0031587983889334,0.0061432042413673,0.0001743925364995,False,False
opioid_ed,75_84,extreme,98,item_cpt_71045,cpt,0.0031359322029014,0.0061984674085977,7.339699720517267e-05,False,False
opioid_ed,75_84,extreme,99,item_cpt_83540,cpt,0.0030591219870269,0.0060061968817973,0.0001120470922564,False,False
opioid_ed,75_84,extreme,100,item_icd_M47817,icd,0.0030164304469838,0.0056445688291746,0.0003882920647929,False,False
opioid_ed,75_84,extreme,101,item_cpt_99202,cpt,0.0029609483180321,0.0057312845007892,0.0001906121352751,False,False
opioid_ed,75_84,extreme,102,item_cpt_71260,cpt,0.0029474851348305,0.0058400231872903,5.4947082370744e-05,False,False
opioid_ed,75_84,extreme,103,item_icd_M25551,icd,0.0029107630007279,0.0057469410650099,7.458493644582882e-05,False,False
opioid_ed,75_84,extreme,104,item_icd_I739,icd,0.0028536671607263,0.0056180130662411,8.932125521157443e-05,False,False
opioid_ed,75_84,extreme,105,item_cpt_99309,cpt,0.0028417708026969,0.0056423521457046,4.118945968925837e-05,False,False
opioid_ed,75_84,extreme,106,item_icd_M47816,icd,0.0028148742887223,0.0053576551695365,0.0002720934079081,False,False
opioid_ed,75_84,extreme,107,item_icd_Z961,icd,0.0027908702883546,0.005443950693382,0.0001377898833272,False,False
opioid_ed,75_84,extreme,108,item_icd_R319,icd,0.0027349144532506,0.0054162265964599,5.360231004126025e-05,False,False
opioid_ed,75_84,extreme,109,item_icd_E559,icd,0.0027051256813728,0.0053035470046827,0.0001067043580629,False,False
opioid_ed,75_84,extreme,110,item_icd_H401132,icd,0.0026996558055966,0.0052370081217004,0.0001623034894928,False,False
opioid_ed,75_84,extreme,111,item_icd_M542,icd,0.0026616359237651,0.0052567445631516,6.652728437873366e-05,False,False
opioid_ed,75_84,extreme,112,item_cpt_92136,cpt,0.0025985545077392,0.0050736162902104,0.000123492725268,False,False
opioid_ed,75_84,extreme,113,item_icd_R0602,icd,0.0025912829327358,0.0051145156555864,6.80502098851829e-05,False,False
opioid_ed,75_84,extreme,114,item_cpt_82306,cpt,0.0025755441557362,0.0050033215285657,0.0001477667829068,False,False
opioid_ed,75_84,extreme,115,item_icd_M4806,icd,0.0025733454091803,0.0049444899332161,0.0002022008851446,False,False
opioid_ed,75_84,extreme,116,item_cpt_97140,cpt,0.0025680799044062,0.0050284524249786,0.0001077073838338,False,True
opioid_ed,75_84,extreme,117,item_icd_M6281,icd,0.0025423445398888,0.0050470197244648,3.766935531290408e-05,False,False
opioid_ed,75_84,extreme,118,item_icd_Z950,icd,0.0025410715236809,0.0050073896901372,7.475335722470494e-05,False,False
opioid_ed,75_84,extreme,119,item_cpt_82607,cpt,0.0025347889877354,0.0049514635782058,0.0001181143972649,False,False
opioid_ed,75_84,extreme,120,item_icd_D649,icd,0.0024796007598475,0.0048474959928128,0.0001117055268822,False,False
opioid_ed,75_84,extreme,121,item_cpt_96361,cpt,0.0024557497339624,0.0048524424248169,5.905704310781084e-05,False,False
opioid_ed,75_84,extreme,122,item_cpt_36416,cpt,0.0024520075510663,0.0048481573215609,5.5857780571713566e-05,False,False
opioid_ed,75_84,extreme,123,item_cpt_90791,cpt,0.0024013161062031,0.0047547932154893,4.783899691696655e-05,False,False
opioid_ed,75_84,extreme,124,item_cpt_93922,cpt,0.0023879344241299,0.0047116399997253,6.422884853460796e-05,False,False
opioid_ed,75_84,extreme,125,item_cpt_92004,cpt,0.0023010889254805,0.0045461042026485,5.60736483125963e-05,False,False
opioid_ed,75_84,extreme,126,item_cpt_87077,cpt,0.0022931299622777,0.0045361984110166,5.006151353885221e-05,False,False
opioid_ed,75_84,extreme,127,item_cpt_99284,cpt,0.002292322186773,0.0044397967173725,0.0001448476561736,False,False
opioid_ed,75_84,extreme,128,item_icd_I110,icd,0.0022207152640517,0.0043704921309027,7.093839720065773e-05,False,False
opioid_ed,75_84,extreme,129,item_cpt_17003,cpt,0.0022009751168213,0.0043123529713955,8.959726224720308e-05,False,False
opioid_ed,75_84,extreme,130,item_icd_R0789,icd,0.0021955026598432,0.0043112290761133,7.977624357310967e-05,False,False
opioid_ed,75_84,extreme,131,item_cpt_87186,cpt,0.0021789003693722,0.0043269013958754,3.089934286904337e-05,False,False
opioid_ed,75_84,extreme,132,item_icd_R112,icd,0.0021306825243022,0.0042263794261769,3.4985622427648056e-05,False,False
opioid_ed,75_84,extreme,133,item_cpt_94640,cpt,0.0021000354177463,0.0041575543737474,4.251646174523633e-05,False,False
opioid_ed,75_84,extreme,134,item_icd_H2513,icd,0.0021000023186625,0.0041164732136636,8.353142366135288e-05,False,False
opioid_ed,75_84,extreme,135,item_cpt_99232,cpt,0.0020872817426814,0.0040967521237655,7.781136159736294e-05,False,False
opioid_ed,75_84,extreme,136,item_cpt_90833,cpt,0.0020834176338809,0.0040018112515953,0.0001650240161665,False,False
opioid_ed,75_84,extreme,137,item_cpt_11100,cpt,0.0020790674282863,0.0040989150767997,5.921977977308032e-05,False,False
opioid_ed,75_84,extreme,138,item_cpt_93017,cpt,0.0020479102663109,0.0040407197629272,5.510076969473313e-05,False,False
opioid_ed,75_84,extreme,139,item_cpt_84443,cpt,0.002045537547039,0.003919875164842,0.000171199929236,False,False
opioid_ed,75_84,extreme,140,item_cpt_97162,cpt,0.0020426830509135,0.0040479115615663,3.745454026077919e-05,False,True
opioid_ed,75_84,extreme,141,item_cpt_81001,cpt,0.0020180750384904,0.0038552463382559,0.000180903738725,False,False
opioid_ed,75_84,extreme,142,item_icd_L821,icd,0.0019869375401546,0.0038929723760108,8.09027042984327e-05,False,False
opioid_ed,75_84,extreme,143,item_cpt_81003,cpt,0.0019841762939161,0.0038733906620553,9.496192577699272e-05,False,False
opioid_ed,75_84,extreme,144,item_icd_I10,icd,0.0019638319269352,0.0036713072609181,0.0002563565929523,False,False
opioid_ed,75_84,extreme,145,item_cpt_99204,cpt,0.0019616098913638,0.0036461173822223,0.0002771024005054,False,False
opioid_ed,75_84,extreme,146,item_cpt_81002,cpt,0.0019412723904594,0.0038144192867748,6.81254941439902e-05,False,False
opioid_ed,75_84,extreme,147,item_cpt_99220,cpt,0.0019201571858006,0.0038198513126427,2.0463058958487703e-05,False,False
opioid_ed,75_84,extreme,148,item_cpt_87804,cpt,0.0019150075563759,0.0038059185662398,2.4096546511977523e-05,False,False
opioid_ed,75_84,extreme,149,item_drug_LACTULOSE,drug,0.0018718775636726,0.0036265607155376,0.0001171944118077,False,False
opioid_ed,75_84,extreme,150,item_icd_M961,icd,0.0018024727260282,0.0034278990947887,0.0001770463572677,False,False
opioid_ed,75_84,extreme,151,item_cpt_73620,cpt,0.0017999134679884,0.0035394741827192,6.035275325761104e-05,False,False
opioid_ed,75_84,extreme,152,item_cpt_92012,cpt,0.001706777203308,0.0033547091514259,5.884525519019633e-05,False,False
opioid_ed,75_84,extreme,153,item_icd_M159,icd,0.0016836232632109,0.0033065579951572,6.068853126470006e-05,False,False
opioid_ed,75_84,extreme,154,item_cpt_64483,cpt,0.0016734555844558,0.0032258625562873,0.0001210486126242,False,False
opioid_ed,75_84,extreme,155,item_icd_R918,icd,0.0016426730173425,0.0032594069117754,2.593912290964837e-05,False,False
opioid_ed,75_84,extreme,156,item_cpt_99231,cpt,0.0016394938407366,0.0032374453031012,4.154237837193997e-05,False,False
opioid_ed,75_84,extreme,157,item_cpt_86850,cpt,0.0016258552494946,0.0032464419192002,5.268579789041528e-06,False,False
opioid_ed,75_84,extreme,158,item_cpt_85025,cpt,0.0016186845567571,0.0031217378194692,0.0001156312940451,False,False
opioid_ed,75_84,extreme,159,item_icd_E119,icd,0.001597626415165,0.0031172642556994,7.79885746306143e-05,False,False
opioid_ed,75_84,extreme,160,item_cpt_97530,cpt,0.0015937141166644,0.0031668540140888,2.0574219240143336e-05,False,True
opioid_ed,75_84,extreme,161,item_cpt_99233,cpt,0.0015633342820654,0.0031004795543199,2.6189009811024263e-05,False,False
opioid_ed,75_84,extreme,162,item_cpt_99308,cpt,0.0015414320379609,0.0030570409208647,2.582315505706387e-05,False,False
opioid_ed,75_84,extreme,163,item_icd_M5136,icd,0.0015361592100654,0.0030082904480428,6.402797208799873e-05,False,False
opioid_ed,75_84,extreme,164,item_cpt_82728,cpt,0.0015360046215331,0.0030403982213514,3.1611021714774936e-05,False,False
opioid_ed,75_84,extreme,165,item_cpt_00142,cpt,0.0015060474810916,0.0029720171519971,4.007781018613884e-05,False,False
opioid_ed,75_84,extreme,166,item_cpt_72148,cpt,0.0014867492989108,0.0029059747705611,6.752382726058588e-05,False,False
opioid_ed,75_84,extreme,167,item_icd_N179,icd,0.0014722820323241,0.0029321808816733,1.2383182974947158e-05,False,False
opioid_ed,75_84,extreme,168,item_cpt_74220,cpt,0.001426809471742,0.0028384016776857,1.5217265798330298e-05,False,False
opioid_ed,75_84,extreme,169,item_cpt_99222,cpt,0.0014171768017897,0.0027966335356007,3.7720067978740514e-05,False,False
opioid_ed,75_84,extreme,170,item_cpt_82565,cpt,0.0013649852728982,0.0027184872625219,1.1483283274623554e-05,False,False
opioid_ed,75_84,extreme,171,item_cpt_87086,cpt,0.0013524848368359,0.0026372395717286,6.773010194330402e-05,False,False
opioid_ed,75_84,extreme,172,item_cpt_92250,cpt,0.00130833032858,0.0025719263890648,4.47342680953094e-05,False,False
opioid_ed,75_84,extreme,173,item_icd_E785,icd,0.0012918031518058,0.0025422791061288,4.1327197482989806e-05,False,False
opioid_ed,75_84,extreme,174,item_icd_Z1389,icd,0.0012835206079366,0.0025280003437987,3.904087207446745e-05,False,False
opioid_ed,75_84,extreme,175,item_icd_M869,icd,0.0012606566751681,0.0025094861687661,1.1827181570200304e-05,False,False
opioid_ed,75_84,extreme,176,item_icd_R05,icd,0.0012482597470477,0.0024775908932715,1.892860082399829e-05,False,False
opioid_ed,75_84,extreme,177,item_drug_MUPIROCIN,drug,0.0012282679821238,0.0024292846055189,2.7251358728723705e-05,False,False
opioid_ed,75_84,extreme,178,item_icd_J984,icd,0.0012277157011645,0.0024530433558764,2.3880464526043248e-06,False,False
opioid_ed,75_84,extreme,179,item_cpt_92133,cpt,0.0011999867273915,0.0023699169177754,3.0056537007669105e-05,False,False
opioid_ed,75_84,extreme,180,item_icd_R1030,icd,0.0011847104638375,0.0023382434318243,3.117749585074994e-05,False,False
opioid_ed,75_84,extreme,181,item_cpt_99283,cpt,0.0011778161750212,0.002322771490229,3.286085981341587e-05,False,False
opioid_ed,75_84,extreme,182,item_cpt_84550,cpt,0.0011654144238913,0.0023146464787567,1.6182369025918237e-05,False,False
opioid_ed,75_84,extreme,183,item_cpt_99356,cpt,0.0011648839548212,0.0023233493954055,6.418514236977247e-06,False,False
opioid_ed,75_84,extreme,184,item_icd_Z9889,icd,0.0011620096613809,0.0023060217338322,1.7997588929684466e-05,False,False
opioid_ed,75_84,extreme,185,item_icd_D509,icd,0.001155604158355,0.0022973881011664,1.3820215543554606e-05,False,False
opioid_ed,75_84,extreme,186,item_cpt_82746,cpt,0.001128937907324,0.0022461892576192,1.1686557028813886e-05,False,False
opioid_ed,75_84,extreme,187,item_cpt_88307,cpt,0.001122007786599,0.0022367440125804,7.271560617683313e-06,False,False
opioid_ed,75_84,extreme,188,item_cpt_74176,cpt,0.0011053736403753,0.0021961050176247,1.4642263125945325e-05,False,False
opioid_ed,75_84,extreme,189,item_icd_J9811,icd,0.001104051438471,0.0022052381817486,2.864695193362924e-06,False,False
opioid_ed,75_84,extreme,190,item_icd_M25561,icd,0.0010947350300553,0.0021827285630276,6.741497083108229e-06,False,False
opioid_ed,75_84,extreme,191,item_icd_R51,icd,0.0010898884552539,0.0021713043815976,8.472528910145652e-06,False,False
opioid_ed,75_84,extreme,192,item_cpt_99219,cpt,0.0010783338172611,0.0021542195169562,2.4481175659923643e-06,False,False
opioid_ed,75_84,extreme,193,item_icd_J441,icd,0.0010574780071629,0.0021087851815981,6.170832727709636e-06,False,False
opioid_ed,75_84,extreme,194,item_cpt_99211,cpt,0.001050535674257,0.0020868152911649,1.4256057349020085e-05,False,False
opioid_ed,75_84,extreme,195,item_icd_I509,icd,0.0010441652831923,0.0020818993602729,6.431206111684411e-06,False,False
opioid_ed,75_84,extreme,196,item_cpt_84156,cpt,0.0010419557807909,0.0020691026287994,1.4808932782460875e-05,False,False
opioid_ed,75_84,extreme,197,item_icd_M7061,icd,0.0010352525145231,0.0020491690410873,2.1335987958847274e-05,False,False
opioid_ed,75_84,extreme,198,item_cpt_94729,cpt,0.0010332447093753,0.0020501475006033,1.6341918147273442e-05,False,False
opioid_ed,75_84,extreme,199,item_icd_R000,icd,0.0010242951554227,0.0020465972519549,1.9930588906102358e-06,False,False
opioid_ed,75_84,extreme,200,item_cpt_99285,cpt,0.0010140714016971,0.0019735428466463,5.459995674788867e-05,False,False
opioid_ed,75_84,extreme,201,item_cpt_84466,cpt,0.0010064306386963,0.0020112298995361,1.6313778565097725e-06,False,False
opioid_ed,75_84,extreme,202,item_icd_C50412,icd,0.0009849974166181,0.0019127109035289,5.728392970742693e-05,False,False
opioid_ed,75_84,extreme,203,item_cpt_73030,cpt,0.0009829402493926,0.0019497010767056,1.61794220797515e-05,False,False
opioid_ed,75_84,extreme,204,item_cpt_99223,cpt,0.0009509451288059,0.0018825875204526,1.9302737159198015e-05,False,False
opioid_ed,75_84,extreme,205,item_cpt_73560,cpt,0.0009467211618306,0.0018888351985761,4.607125085136823e-06,False,False
opioid_ed,75_84,extreme,206,item_cpt_93010,cpt,0.0009399926264719,0.0018267502859339,5.323496700996292e-05,False,False
opioid_ed,75_84,extreme,207,item_cpt_93970,cpt,0.0009399879318911,0.0018729679544884,7.007909293876863e-06,False,False
opioid_ed,75_84,extreme,208,item_icd_R110,icd,0.0009396670892019,0.0018708114652661,8.522713137741892e-06,False,False
opioid_ed,75_84,extreme,209,item_icd_M4802,icd,0.0009327137083194,0.0018299761320261,3.545128461284459e-05,False,False
opioid_ed,75_84,extreme,210,item_icd_G309,icd,0.0009145490702574,0.0018155052732882,1.3592867226714392e-05,False,False
opioid_ed,75_84,extreme,211,item_cpt_76770,cpt,0.0008715780856463,0.0017324394334232,1.0716737869444604e-05,False,False
opioid_ed,75_84,extreme,212,item_icd_R52,icd,0.0008562933039673,0.0017078628088748,4.7237990597209534e-06,False,False
opioid_ed,75_84,extreme,213,item_drug_ALPRAZOLAM,drug,0.0008435551810372,0.0016764650448972,1.064531717729532e-05,False,False
opioid_ed,75_84,extreme,214,item_icd_Z111,icd,0.0008329280638039,0.0016582971887828,7.558938825017643e-06,False,False
opioid_ed,75_84,extreme,215,item_cpt_73700,cpt,0.0008325219406966,0.0016556091520344,9.434729358953195e-06,False,False
opioid_ed,75_84,extreme,216,item_cpt_99100,cpt,0.0008316982015543,0.0016359492663546,2.744713675398584e-05,False,False
opioid_ed,75_84,extreme,217,item_cpt_20550,cpt,0.0008304205269099,0.0016554525055945,5.388548225331483e-06,False,False
opioid_ed,75_84,extreme,218,item_cpt_90792,cpt,0.0008282526079223,0.0016463185334942,1.0186682350432226e-05,False,False
opioid_ed,75_84,extreme,219,item_cpt_93296,cpt,0.0008242724504295,0.0016386722480857,9.872652773337149e-06,False,False
opioid_ed,75_84,extreme,220,item_cpt_45380,cpt,0.000805292782767,0.0015988672868504,1.1718278683660804e-05,False,False
opioid_ed,75_84,extreme,221,item_icd_H26492,icd,0.0008033086038531,0.0015638087834408,4.280842426554069e-05,False,False
opioid_ed,75_84,extreme,222,item_cpt_93306,cpt,0.0007895691148993,0.0015580686155432,2.106961425549622e-05,False,False
opioid_ed,75_84,extreme,223,item_icd_R42,icd,0.00078189627435,0.0015594773225342,4.315226165868796e-06,False,False
opioid_ed,75_84,extreme,224,item_icd_R55,icd,0.0007771631437453,0.0015502890140156,4.037273475080156e-06,False,False
opioid_ed,75_84,extreme,225,item_icd_E538,icd,0.0007715926663499,0.0015416829535472,1.5023791527070476e-06,False,False
opioid_ed,75_84,extreme,226,item_cpt_82043,cpt,0.0007524182480077,0.0014989774577496,5.859038265738024e-06,False,False
opioid_ed,75_84,extreme,227,item_cpt_80177,cpt,0.0007518342364219,0.0014847941376412,1.8874335202737877e-05,False,False
opioid_ed,75_84,extreme,228,item_icd_R1310,icd,0.0007483782744611,0.0014952992458263,1.457303095999486e-06,False,False
opioid_ed,75_84,extreme,229,item_cpt_73564,cpt,0.0007441651132422,0.0014789326722747,9.39755420968954e-06,False,False
opioid_ed,75_84,extreme,230,item_cpt_36591,cpt,0.000736903840026,0.001469261799804,4.54588024799408e-06,False,False
opioid_ed,75_84,extreme,231,item_icd_Z125,icd,0.000733193728509,0.0014503133374139,1.607411960403887e-05,False,False
opioid_ed,75_84,extreme,232,item_cpt_95816,cpt,0.0007316120888748,0.0014617994300416,1.4247477081229815e-06,False,False
opioid_ed,75_84,extreme,233,item_icd_R609,icd,0.0007306767058272,0.0014566089891408,4.744422513668099e-06,False,False
opioid_ed,75_84,extreme,234,item_cpt_96367,cpt,0.0007195714882055,0.0014382101527505,9.328236604383934e-07,False,False
opioid_ed,75_84,extreme,235,item_icd_R222,icd,0.0007143813720891,0.0014255137113574,3.24903282071207e-06,False,False
opioid_ed,75_84,extreme,236,item_icd_H903,icd,0.0007052594961658,0.0014045688400849,5.950152246678011e-06,False,False
opioid_ed,75_84,extreme,237,item_icd_R579,icd,0.0006944535265645,0.0013834969145111,5.410138617873778e-06,False,False
opioid_ed,75_84,extreme,238,item_icd_M25552,icd,0.0006874085563173,0.0013659107004645,8.906412170117643e-06,False,False
opioid_ed,75_84,extreme,239,item_cpt_84480,cpt,0.0006795965321267,0.0013434196652025,1.577339905090454e-05,False,False
opioid_ed,75_84,extreme,240,item_icd_Z1211,icd,0.0006653228073982,0.0013271865087669,3.459106029522301e-06,False,False
opioid_ed,75_84,extreme,241,item_cpt_72125,cpt,0.0006640271729745,0.0013185939819045,9.460364044555136e-06,False,False
opioid_ed,75_84,extreme,242,item_cpt_87070,cpt,0.0006615130941528,0.0013185139922331,4.512196072588906e-06,False,False
opioid_ed,75_84,extreme,243,item_icd_Z01810,icd,0.0006586766159109,0.0013141423344967,3.210897325244635e-06,False,False
opioid_ed,75_84,extreme,244,item_cpt_70544,cpt,0.0006340250709042,0.0012657830232877,2.2671185207417346e-06,False,False
opioid_ed,75_84,extreme,245,item_cpt_93925,cpt,0.000633452872792,0.0012603288790636,6.576866520312227e-06,False,False
opioid_ed,75_84,extreme,246,item_icd_L0390,icd,0.0006303377073236,0.0012571925163665,3.4828982807819743e-06,False,False
opioid_ed,75_84,extreme,247,item_cpt_73562,cpt,0.0006120691021211,0.0012187715178426,5.366686399662657e-06,False,False
opioid_ed,75_84,extreme,248,item_icd_F419,icd,0.0006101269448023,0.0012188662530848,1.3876365197780718e-06,False,False
opioid_ed,75_84,extreme,249,item_cpt_72040,cpt,0.000592834256863,0.0011795105267718,6.157986954198491e-06,False,False
opioid_ed,75_84,extreme,250,item_cpt_99495,cpt,0.0005918099270507,0.0011822737053328,1.3461487687618648e-06,False,False
opioid_ed,75_84,extreme,251,item_cpt_94727,cpt,0.0005898639982382,0.0011701788024283,9.549194048155727e-06,False,False
opioid_ed,75_84,extreme,252,item_cpt_84484,cpt,0.0005858826417033,0.0011662473908758,5.517892530753219e-06,False,False
opioid_ed,75_84,extreme,253,item_cpt_70551,cpt,0.0005857523673492,0.0011709362803773,5.684543211139732e-07,False,False
opioid_ed,75_84,extreme,254,item_cpt_99153,cpt,0.0005842877696252,0.0011678178951568,7.576440936543951e-07,False,False
opioid_ed,75_84,extreme,255,item_cpt_80076,cpt,0.0005814516232982,0.0011568626430758,6.040603520523316e-06,False,False
opioid_ed,75_84,extreme,256,item_icd_I130,icd,0.0005711701743613,0.0011410409486622,1.299400060416805e-06,False,False
opioid_ed,75_84,extreme,257,item_icd_N3000,icd,0.0005592887492235,0.0011178522257106,7.252727365543313e-07,False,False
opioid_ed,75_84,extreme,258,item_icd_D485,icd,0.0005479003287421,0.0010834134402603,1.2387217224015985e-05,False,False
opioid_ed,75_84,extreme,259,item_icd_H2511,icd,0.0005442476068429,0.0010821346154882,6.360598197593637e-06,False,False
opioid_ed,75_84,extreme,260,item_icd_J209,icd,0.0005397420483064,0.0010772009091137,2.283187499242066e-06,False,False
opioid_ed,75_84,extreme,261,item_icd_R600,icd,0.0005331160659258,0.0010620714485484,4.160683303247848e-06,False,False
opioid_ed,75_84,extreme,262,item_cpt_83605,cpt,0.0005179162944512,0.0010284400335946,7.39255530773245e-06,False,False
opioid_ed,75_84,extreme,263,item_icd_L570,icd,0.0005096048632556,0.0010067045573375,1.250516917374488e-05,False,False
opioid_ed,75_84,extreme,264,item_cpt_85018,cpt,0.0005056241971448,0.0010107577713441,4.906229454943816e-07,False,False
opioid_ed,75_84,extreme,265,item_cpt_96366,cpt,0.0004869683281466,0.0009733050316332,6.316246600018988e-07,False,False
opioid_ed,75_84,extreme,266,item_cpt_99238,cpt,0.0004818887075291,0.0009612665860851,2.510828973019575e-06,False,False
opioid_ed,75_84,extreme,267,item_cpt_88342,cpt,0.0004793657356645,0.0009563897410553,2.34173027383792e-06,False,False
opioid_ed,75_84,extreme,268,item_icd_M19012,icd,0.0004768449177224,0.0009502746720714,3.415163373381539e-06,False,False
opioid_ed,75_84,extreme,269,item_cpt_84436,cpt,0.0004764984074902,0.0009492745991846,3.722215795738986e-06,False,False
opioid_ed,75_84,extreme,270,item_cpt_17000,cpt,0.0004743891195786,0.0009410843436117,7.693895545655503e-06,False,False
opioid_ed,75_84,extreme,271,item_icd_B351,icd,0.0004676867568418,0.0009329361028156,2.437410868076821e-06,False,False
opioid_ed,75_84,extreme,272,item_icd_I429,icd,0.0004647666956048,0.0009266573175978,2.8760736117916217e-06,False,False
opioid_ed,75_84,extreme,273,item_cpt_87088,cpt,0.0004637833414829,0.0009260563850915,1.5102978743301136e-06,False,False
opioid_ed,75_84,extreme,274,item_cpt_11101,cpt,0.0004590701398917,0.0009157474131967,2.392866586700864e-06,False,False
opioid_ed,75_84,extreme,275,item_cpt_36600,cpt,0.0004559168642862,0.0009087153919063,3.118336666102328e-06,False,False
opioid_ed,75_84,extreme,276,item_cpt_84100,cpt,0.0004537589186876,0.0009058919181006,1.625919274664459e-06,False,False
opioid_ed,75_84,extreme,277,item_cpt_92134,cpt,0.0004535104717933,0.0009037714848287,3.249458757899355e-06,False,False
opioid_ed,75_84,extreme,278,item_icd_I517,icd,0.0004471032171447,0.000893626431162,5.800031275042187e-07,False,False
opioid_ed,75_84,extreme,279,item_icd_E1142,icd,0.0004458834156604,0.0008890066236495,2.760207671361542e-06,False,False
opioid_ed,75_84,extreme,280,item_cpt_64493,cpt,0.0004447177053646,0.0008785082822674,1.092712846182146e-05,False,False
opioid_ed,75_84,extreme,281,item_icd_R351,icd,0.000441486345747,0.0008818228037782,1.1498877158760229e-06,False,False
opioid_ed,75_84,extreme,282,item_icd_M5126,icd,0.000441074948503,0.0008722990840238,9.85081298228662e-06,False,False
opioid_ed,75_84,extreme,283,item_icd_M810,icd,0.0004396228557212,0.0008695678205338,9.677890908768509e-06,False,False
opioid_ed,75_84,extreme,284,item_drug_DIGOXIN,drug,0.0004383893305892,0.000871078130567,5.700530611352851e-06,False,False
opioid_ed,75_84,extreme,285,item_icd_E039,icd,0.0004308887285375,0.000856173489457,5.603967618167924e-06,False,False
opioid_ed,75_84,extreme,286,item_cpt_85730,cpt,0.000429320030204,0.000856121273977,2.518786431076296e-06,False,False
opioid_ed,75_84,extreme,287,item_cpt_97535,cpt,0.0004280904313929,0.0008556254794101,5.553833757239213e-07,False,True
opioid_ed,75_84,extreme,288,item_cpt_72170,cpt,0.0004258184079543,0.0008460981237616,5.538692147138719e-06,False,False
opioid_ed,75_84,extreme,289,item_icd_H40003,icd,0.0004208607930201,0.0008393890910687,2.33249497150276e-06,False,False
opioid_ed,75_84,extreme,290,item_cpt_20552,cpt,0.0004201556141449,0.0008379826060129,2.328622276918212e-06,False,False
opioid_ed,75_84,extreme,291,item_icd_R002,icd,0.0004162302017475,0.0008311038982594,1.3565052356619769e-06,False,False
opioid_ed,75_84,extreme,292,item_cpt_73502,cpt,0.0004136683054067,0.0008228921303127,4.444480500688715e-06,False,False
opioid_ed,75_84,extreme,293,item_icd_R739,icd,0.0004089993523256,0.0008138692044797,4.12950017152767e-06,False,False
opioid_ed,75_84,extreme,294,item_icd_R339,icd,0.0004052611090477,0.0008094660861592,1.0561319363340717e-06,False,False
opioid_ed,75_84,extreme,295,item_cpt_77002,cpt,0.0004045541142771,0.0008043672495917,4.7409789624959206e-06,False,False
opioid_ed,75_84,extreme,296,item_icd_M79604,icd,0.0004033084174294,0.0008060935418375,5.232930213507643e-07,False,False
opioid_ed,75_84,extreme,297,item_cpt_71250,cpt,0.000388239290928,0.0007753395331194,1.139048736638374e-06,False,False
opioid_ed,75_84,extreme,298,item_drug_FINASTERIDE,drug,0.0003842764528693,0.0007656699736106,2.8829321280220394e-06,False,False
opioid_ed,75_84,extreme,299,item_icd_Z7901,icd,0.0003828078610917,0.0007649935963007,6.221258828488941e-07,False,False
opioid_ed,75_84,extreme,300,item_cpt_78452,cpt,0.0003818314407035,0.0007632925028213,3.7037858572694905e-07,False,False
opioid_ed,75_84,extreme,301,item_icd_R5383,icd,0.0003809435949855,0.0007581617511829,3.725438788070388e-06,False,False
opioid_ed,75_84,extreme,302,item_icd_K2270,icd,0.0003769246149719,0.0007502851419794,3.564087964518097e-06,False,False
opioid_ed,75_84,extreme,303,item_cpt_73070,cpt,0.0003750762414137,0.0007485612736631,1.5912091644867823e-06,False,False
opioid_ed,75_84,extreme,304,item_cpt_93880,cpt,0.0003697851041935,0.0007390903248725,4.798835146380687e-07,False,False
opioid_ed,75_84,extreme,305,item_cpt_67028,cpt,0.0003682074094944,0.0007332915281816,3.123290807320698e-06,False,False
opioid_ed,75_84,extreme,306,item_cpt_99281,cpt,0.0003596552206324,0.0007183723434949,9.380977698334024e-07,False,False
opioid_ed,75_84,extreme,307,item_icd_L89152,icd,0.0003555710431958,0.0007099817602537,1.1603261378152434e-06,False,False
opioid_ed,75_84,extreme,308,item_cpt_11721,cpt,0.0003533046804778,0.0007048786818098,1.7306791458566818e-06,False,False
opioid_ed,75_84,extreme,309,item_icd_N401,icd,0.0003481031406037,0.0006949561751645,1.2501060428506555e-06,False,False
opioid_ed,75_84,extreme,310,item_cpt_11042,cpt,0.0003474923172424,0.0006935093417834,1.4752927014742107e-06,False,False
opioid_ed,75_84,extreme,311,item_cpt_92557,cpt,0.0003465176474325,0.0006902067884242,2.8285064408818466e-06,False,False
opioid_ed,75_84,extreme,312,item_icd_N200,icd,0.00034325942978,0.0006851736504442,1.3452091157965032e-06,False,False
opioid_ed,75_84,extreme,313,item_cpt_64484,cpt,0.0003431826792702,0.0006734268844051,1.2938474135404988e-05,False,False
opioid_ed,75_84,extreme,314,item_icd_R7309,icd,0.0003418339644387,0.0006781037552564,5.564173620984915e-06,False,False
opioid_ed,75_84,extreme,315,item_cpt_97150,cpt,0.0003380676361325,0.0006733749214178,2.760350847305613e-06,False,True
opioid_ed,75_84,extreme,316,item_cpt_51798,cpt,0.000337471772538,0.0006743947897283,5.487553478170641e-07,False,False
opioid_ed,75_84,extreme,317,item_cpt_72100,cpt,0.0003360272222248,0.0006695296603574,2.5247840922302505e-06,False,False
opioid_ed,75_84,extreme,318,item_cpt_97116,cpt,0.0003336928257121,0.0006658591747091,1.5264767151144075e-06,False,True
opioid_ed,75_84,extreme,319,item_icd_J069,icd,0.0003325428951677,0.0006625868699694,2.498920366013524e-06,False,False
opioid_ed,75_84,extreme,320,item_cpt_73630,cpt,0.0003300065217912,0.0006592598753218,7.53168260692713e-07,False,False
opioid_ed,75_84,extreme,321,item_cpt_87205,cpt,0.0003288223281892,0.0006572178157683,4.268406102146155e-07,False,False
opioid_ed,75_84,extreme,322,item_icd_D631,icd,0.0003251242056881,0.0006500399042249,2.085071513768251e-07,False,False
opioid_ed,75_84,extreme,323,item_cpt_43239,cpt,0.0003194639772894,0.0006378844030845,1.0435514943068267e-06,False,False
opioid_ed,75_84,extreme,324,item_cpt_92567,cpt,0.0003171981233444,0.0006330482598698,1.3479868190820824e-06,False,False
opioid_ed,75_84,extreme,325,item_cpt_94664,cpt,0.0003107081657174,0.0006207068736407,7.094577941377989e-07,False,False
opioid_ed,75_84,extreme,326,item_icd_K210,icd,0.0003103594194855,0.000619501271737,1.2175672341023215e-06,False,False
opioid_ed,75_84,extreme,327,item_icd_J40,icd,0.0003006114289278,0.0005993540247448,1.8688331108755335e-06,False,False
opioid_ed,75_84,extreme,328,item_cpt_83883,cpt,0.0002962200019973,0.0005921527828806,2.8722111406279015e-07,False,False
opioid_ed,75_84,extreme,329,item_icd_R404,icd,0.0002880722928982,0.0005759600757675,1.8451002887767373e-07,False,False
opioid_ed,75_84,extreme,330,item_icd_R9431,icd,0.0002807947790368,0.0005613173200337,2.72238039830644e-07,False,False
opioid_ed,75_84,extreme,331,item_cpt_62311,cpt,0.0002803157862786,0.0005575136697621,3.117902795143792e-06,False,False
opioid_ed,75_84,extreme,332,item_cpt_96411,cpt,0.0002792343117078,0.0005575551795537,9.134438619409976e-07,False,False
opioid_ed,75_84,extreme,333,item_icd_R262,icd,0.0002786601294059,0.0005565002147648,8.20044046995557e-07,False,False
opioid_ed,75_84,extreme,334,item_icd_G308,icd,0.0002734193571076,0.0005463036525976,5.350616177420994e-07,False,False
opioid_ed,75_84,extreme,335,item_drug_CELECOXIB,drug,0.0002675208307336,0.0005345180531889,5.23608278339526e-07,False,False
opioid_ed,75_84,extreme,336,item_icd_M48061,icd,0.0002647510390914,0.0005211683123141,8.333765868689944e-06,False,False
opioid_ed,75_84,extreme,337,item_cpt_99217,cpt,0.0002631324721613,0.0005258364974182,4.284469044437019e-07,False,False
opioid_ed,75_84,extreme,338,item_icd_R0902,icd,0.0002603801980666,0.0005202506530281,5.097431051932289e-07,False,False
opioid_ed,75_84,extreme,339,item_icd_K5901,icd,0.0002542967075318,0.0005080117283162,5.816867473759928e-07,False,False
opioid_ed,75_84,extreme,340,item_drug_LINZESS,drug,0.0002511552798632,0.0004996761379741,2.634421752316485e-06,False,False
opioid_ed,75_84,extreme,341,item_cpt_88374,cpt,0.0002499634645559,0.0004995197945255,4.071345864941822e-07,False,False
opioid_ed,75_84,extreme,342,item_icd_M25511,icd,0.0002464449510399,0.0004925697323492,3.201697307232481e-07,False,False
opioid_ed,75_84,extreme,343,item_cpt_94760,cpt,0.0002446775034257,0.0004891986019864,1.5640486505791634e-07,False,False
opioid_ed,75_84,extreme,344,item_icd_R0609,icd,0.000243687690221,0.0004859358414688,1.4395389732112028e-06,False,False
opioid_ed,75_84,extreme,345,item_icd_N3941,icd,0.0002431833359366,0.0004860507256244,3.159462489413672e-07,False,False
opioid_ed,75_84,extreme,346,item_icd_Z01818,icd,0.0002424446169472,0.0004842544929146,6.347409799161291e-07,False,False
opioid_ed,75_84,extreme,347,item_icd_M79609,icd,0.0002423826222796,0.0004842904478679,4.747966913194571e-07,False,False
opioid_ed,75_84,extreme,348,item_cpt_88185,cpt,0.0002414138375272,0.0004826733839424,1.5429111209715349e-07,False,False
opioid_ed,75_84,extreme,349,item_cpt_76705,cpt,0.0002408678978727,0.0004815818582179,1.5393752763201841e-07,False,False
opioid_ed,75_84,extreme,350,item_icd_H401131,icd,0.0002352322045774,0.0004695383123183,9.260968366315972e-07,False,False
opioid_ed,75_84,extreme,351,item_icd_M1990,icd,0.0002327270819543,0.0004651517575156,3.02406393132944e-07,False,False
opioid_ed,75_84,extreme,352,item_cpt_88304,cpt,0.0002304419291117,0.0004605083166911,3.755415323538421e-07,False,False
opioid_ed,75_84,extreme,353,item_cpt_11056,cpt,0.0002300916255873,0.0004590498181495,1.1334330252265623e-06,False,False
opioid_ed,75_84,extreme,354,item_cpt_82570,cpt,0.0002294013348253,0.0004563925855044,2.4100841462622637e-06,False,False
opioid_ed,75_84,extreme,355,item_cpt_93280,cpt,0.0002293529130729,0.0004563713256233,2.334500522546121e-06,False,False
opioid_ed,75_84,extreme,356,item_cpt_78815,cpt,0.00022359694474,0.0004469033057474,2.905837325890633e-07,False,False
opioid_ed,75_84,extreme,357,item_cpt_88189,cpt,0.0002128963393306,0.0004256568572541,1.3582140713284997e-07,False,False
opioid_ed,75_84,extreme,358,item_cpt_73020,cpt,0.0002127751465825,0.0004247113227797,8.389703854806568e-07,False,False
opioid_ed,75_84,extreme,359,item_icd_M069,icd,0.0002124780187663,0.0004246095682418,3.464692908934609e-07,False,False
opioid_ed,75_84,extreme,360,item_cpt_86334,cpt,0.0002116482932447,0.0004231615733945,1.3501309488784796e-07,False,False
opioid_ed,75_84,extreme,361,item_cpt_85652,cpt,0.0002101972457528,0.0004195655225794,8.289689262170172e-07,False,False
opioid_ed,75_84,extreme,362,item_icd_K529,icd,0.0002084724727368,0.0004168119892377,1.3295623606401496e-07,False,False
opioid_ed,75_84,extreme,363,item_cpt_84450,cpt,0.0002051608146344,0.0004080269367299,2.294692539024101e-06,False,False
opioid_ed,75_84,extreme,364,item_drug_LORATADINE,drug,0.0002041700481056,0.0004078044149577,5.356812534559486e-07,False,False
opioid_ed,75_84,extreme,365,item_icd_D696,icd,0.0002015148892162,0.0004025676416558,4.621367766237996e-07,False,False
opioid_ed,75_84,extreme,366,item_drug_CARVEDILOL,drug,0.0001987126467625,0.0003964439626726,9.813308523750837e-07,False,False
opioid_ed,75_84,extreme,367,item_cpt_96365,cpt,0.0001959309855712,0.0003908941237343,9.678474081339986e-07,False,False
opioid_ed,75_84,extreme,368,item_icd_I5030,icd,0.0001920173615559,0.000383912424229,1.222988829339947e-07,False,False
opioid_ed,75_84,extreme,369,item_cpt_00810,cpt,0.0001918206591079,0.0003825666636555,1.074654560370534e-06,False,False
opioid_ed,75_84,extreme,370,item_cpt_17110,cpt,0.000191680664371,0.0003829214663268,4.398624152977849e-07,False,False
opioid_ed,75_84,extreme,371,item_drug_ATENOLOL,drug,0.0001905771590957,0.00038021242219,9.418960014762296e-07,False,False
opioid_ed,75_84,extreme,372,item_cpt_99205,cpt,0.0001899282530378,0.0003791690215645,6.874845112516141e-07,False,False
opioid_ed,75_84,extreme,373,item_cpt_97161,cpt,0.0001866895556615,0.000372826810193,5.523011301303423e-07,False,True
opioid_ed,75_84,extreme,374,item_cpt_82947,cpt,0.00018512885288,0.0003692198011969,1.0379045630961857e-06,False,False
opioid_ed,75_84,extreme,375,item_icd_L97521,icd,0.0001846308386399,0.0003674955793908,1.7660978890316938e-06,False,False
opioid_ed,75_84,extreme,376,item_icd_D519,icd,0.000183433606066,0.0003658992703611,9.679417709370115e-07,False,False
opioid_ed,75_84,extreme,377,item_icd_R001,icd,0.0001830682051737,0.0003657767861767,3.59624170675861e-07,False,False
opioid_ed,75_84,extreme,378,item_cpt_99497,cpt,0.0001824752823003,0.0003643500512105,6.005133902551353e-07,False,False
opioid_ed,75_84,extreme,379,item_cpt_82150,cpt,0.0001821369443572,0.0003633729046563,9.009840582220692e-07,False,False
opioid_ed,75_84,extreme,380,item_drug_LATANOPROST,drug,0.0001807121318617,0.0003607096879353,7.145757881803667e-07,False,False
opioid_ed,75_84,extreme,381,item_icd_C44319,icd,0.0001802046651562,0.0003593984683563,1.0108619561734425e-06,False,False
opioid_ed,75_84,extreme,382,item_icd_L600,icd,0.0001781217976653,0.0003551852497576,1.058345573021141e-06,False,False
opioid_ed,75_84,extreme,383,item_icd_Z1231,icd,0.000177855488827,0.0003540668588152,1.6441188388072385e-06,False,False
opioid_ed,75_84,extreme,384,item_icd_I471,icd,0.0001767389568101,0.0003533655099822,1.1240363805537129e-07,False,False
opioid_ed,75_84,extreme,385,item_cpt_99224,cpt,0.0001766128716589,0.0003528786536551,3.470896627304158e-07,False,False
opioid_ed,75_84,extreme,386,item_icd_R0689,icd,0.0001749662876551,0.0003494724773125,4.600979978013586e-07,False,False
opioid_ed,75_84,extreme,387,item_cpt_88112,cpt,0.0001746359801086,0.0003489287091422,3.432510751831017e-07,False,False
opioid_ed,75_84,extreme,388,item_cpt_80069,cpt,0.0001717138957649,0.0003424635590995,9.642324302487788e-07,False,False
opioid_ed,75_84,extreme,389,item_cpt_87427,cpt,0.0001712546330827,0.0003422864607551,2.228054102836795e-07,False,False
opioid_ed,75_84,extreme,390,item_cpt_00740,cpt,0.0001694683123983,0.0003383781775294,5.584472673147301e-07,False,False
opioid_ed,75_84,extreme,391,item_icd_R102,icd,0.0001684134339083,0.0003367198563048,1.0701151176821713e-07,False,False
opioid_ed,75_84,extreme,392,item_drug_TRADJENTA,drug,0.0001637293122367,0.0003265382417025,9.203827709937104e-07,False,False
opioid_ed,75_84,extreme,393,item_cpt_94060,cpt,0.0001624240242877,0.0003245825851337,2.654634416342836e-07,False,False
opioid_ed,75_84,extreme,394,item_icd_R21,icd,0.0001604613149242,0.0003200734451496,8.491846988299006e-07,False,False
opioid_ed,75_84,extreme,395,item_icd_E784,icd,0.0001575636856263,0.000314869773634,2.575976186355123e-07,False,False
opioid_ed,75_84,extreme,396,item_cpt_82948,cpt,0.0001572925464826,0.0003143803671311,2.047258342071394e-07,False,False
opioid_ed,75_84,extreme,397,item_cpt_90715,cpt,0.000157059546905,0.0003139146696881,2.044241218835238e-07,False,False
opioid_ed,75_84,extreme,398,item_cpt_66984,cpt,0.0001557886628207,0.0003109594452178,6.178804237027333e-07,False,False
opioid_ed,75_84,extreme,399,item_cpt_87046,cpt,0.0001544821475729,0.0003088663064013,9.798874453198145e-08,False,False
opioid_ed,75_84,extreme,400,item_cpt_82533,cpt,0.0001520606905172,0.0003037712572236,3.501238108581788e-07,False,False
opioid_ed,75_84,extreme,401,item_icd_C61,icd,0.0001518463168425,0.0003026357725288,1.0568611562409325e-06,False,False
opioid_ed,75_84,extreme,402,item_cpt_84520,cpt,0.0001490663453765,0.0002980382096187,9.448113429130984e-08,False,False
opioid_ed,75_84,extreme,403,item_cpt_99397,cpt,0.0001469665875607,0.0002930070915799,9.260835414303924e-07,False,False
opioid_ed,75_84,extreme,404,item_cpt_87081,cpt,0.0001460337747682,0.0002914875150664,5.80034469990233e-07,False,False
opioid_ed,75_84,extreme,405,item_cpt_99349,cpt,0.0001456618422472,0.0002911827059397,1.4097855474549877e-07,False,False
opioid_ed,75_84,extreme,406,item_cpt_70250,cpt,0.0001441087272264,0.0002879334790282,2.839754246022948e-07,False,False
opioid_ed,75_84,extreme,407,item_cpt_85014,cpt,0.0001422834724322,0.0002841439178463,4.230270181363149e-07,False,False
opioid_ed,75_84,extreme,408,item_icd_Z45018,icd,0.0001399386204989,0.0002795077993087,3.694416891336613e-07,False,False
opioid_ed,75_84,extreme,409,item_icd_G3184,icd,0.0001391826783092,0.0002781840813435,1.8127527493487175e-07,False,False
opioid_ed,75_84,extreme,410,item_cpt_86300,cpt,0.0001389375532546,0.0002769057615568,9.693449524429269e-07,False,False
opioid_ed,75_84,extreme,411,item_icd_G43909,icd,0.0001384373579988,0.0002754026980626,1.4720179351510376e-06,False,False
opioid_ed,75_84,extreme,412,item_cpt_86901,cpt,0.000138369415795,0.0002765586094127,1.8022217721976653e-07,False,False
opioid_ed,75_84,extreme,413,item_cpt_71275,cpt,0.000138003157863,0.0002757341956623,2.72120063834227e-07,False,False
opioid_ed,75_84,extreme,414,item_cpt_93015,cpt,0.0001352634426295,0.0002704413437429,8.554151624944296e-08,False,False
opioid_ed,75_84,extreme,415,item_icd_K5730,icd,0.0001346867163222,0.0002692431146246,1.3031801992783248e-07,False,False
opioid_ed,75_84,extreme,416,item_icd_I619,icd,0.0001344375542379,0.0002686999776859,1.7513078993789926e-07,False,False
opioid_ed,75_84,extreme,417,item_cpt_99000,cpt,0.0001323050850476,0.0002637740480849,8.361220102873515e-07,False,False
opioid_ed,75_84,extreme,418,item_icd_L299,icd,0.0001318518934362,0.000263311128061,3.9265881150037307e-07,False,False
opioid_ed,75_84,extreme,419,item_cpt_73552,cpt,0.0001307803111695,0.0002612148835849,3.457387541441556e-07,False,False
opioid_ed,75_84,extreme,420,item_cpt_77080,cpt,0.0001301573220939,0.000259926918579,3.877256088947886e-07,False,False
opioid_ed,75_84,extreme,421,item_cpt_99348,cpt,0.000129712336305,0.0002593427263354,8.194627464260301e-08,False,False
opioid_ed,75_84,extreme,422,item_icd_D701,icd,0.0001291164994884,0.0002577618193573,4.711796195729586e-07,False,False
opioid_ed,75_84,extreme,423,item_cpt_70486,cpt,0.0001277887419901,0.0002554967835449,8.07004353609721e-08,False,False
opioid_ed,75_84,extreme,424,item_icd_M109,icd,0.0001268412520342,0.0002533469601285,3.355439398780689e-07,False,False
opioid_ed,75_84,extreme,425,item_icd_M5442,icd,0.0001266512399598,0.0002530524022034,2.500777162424305e-07,False,False
opioid_ed,75_84,extreme,426,item_cpt_73721,cpt,0.0001246309532909,0.0002490157517146,2.4615486713694335e-07,False,False
opioid_ed,75_84,extreme,427,item_cpt_93294,cpt,0.0001197809083866,0.0002394459773009,1.1583947220365817e-07,False,False
opioid_ed,75_84,extreme,428,item_icd_G20,icd,0.0001192130543281,0.0002379901551815,4.3595347482942396e-07,False,False
opioid_ed,75_84,extreme,429,item_icd_N3946,icd,0.0001184313019997,0.0002365488261401,3.137778592878654e-07,False,False
opioid_ed,75_84,extreme,430,item_cpt_82553,cpt,0.0001183536579598,0.0002364335379963,2.737779234868722e-07,False,False
opioid_ed,75_84,extreme,431,item_cpt_95909,cpt,0.0001171427170185,0.0002338962141105,3.8921992653077e-07,False,False
opioid_ed,75_84,extreme,432,item_icd_G8911,icd,0.0001166510787413,0.0002330714973688,2.3066011373398098e-07,False,False
opioid_ed,75_84,extreme,433,item_icd_D61818,icd,0.0001154674294909,0.0002307842927018,1.505662801071167e-07,False,False
opioid_ed,75_84,extreme,434,item_cpt_64491,cpt,0.000114396094425,0.000227606319216,1.1858696341226723e-06,False,False
opioid_ed,75_84,extreme,435,item_cpt_80047,cpt,0.0001139844384682,0.0002278202309888,1.4864594758196596e-07,False,False
opioid_ed,75_84,extreme,436,item_drug_DEXILANT,drug,0.0001134583254281,0.0002268069527364,1.0969811981945796e-07,False,False
opioid_ed,75_84,extreme,437,item_icd_K2970,icd,0.0001119790595361,0.0002238876579702,7.046110200527799e-08,False,False
opioid_ed,75_84,extreme,438,item_icd_M1710,icd,0.0001116543912666,0.0002229749222909,3.338602423044115e-07,False,False
opioid_ed,75_84,extreme,439,item_icd_M19011,icd,0.0001102626344623,0.0002202698170394,2.5545188521537685e-07,False,False
opioid_ed,75_84,extreme,440,item_icd_M546,icd,0.0001092132380743,0.0002180260916066,4.003845420929719e-07,False,False
opioid_ed,75_84,extreme,441,item_icd_M79641,icd,0.0001052430254784,0.0002104199525294,6.60984275232428e-08,False,False
opioid_ed,75_84,extreme,442,item_icd_R7301,icd,0.000105040313973,0.0002094117998778,6.688280682136696e-07,False,False
opioid_ed,75_84,extreme,443,item_icd_R634,icd,0.0001046960755262,0.0002093264068637,6.574418872645818e-08,False,False
opioid_ed,75_84,extreme,444,item_icd_R1909,icd,0.0001036871158208,0.0002070986137171,2.7561792453332e-07,False,False
opioid_ed,75_84,extreme,445,item_cpt_95910,cpt,0.0001036068072599,0.0002071134855342,1.0012898565583341e-07,False,False
opioid_ed,75_84,extreme,446,item_icd_Z452,icd,0.0001033323170149,0.0002064948027947,1.698312352208677e-07,False,False
opioid_ed,75_84,extreme,447,item_icd_M1611,icd,0.0001032608956547,0.0002060728370786,4.489542308813412e-07,False,False
opioid_ed,75_84,extreme,448,item_cpt_83615,cpt,0.0001030691712753,0.0002060038308374,1.3451171326136686e-07,False,False
opioid_ed,75_84,extreme,449,item_icd_I25119,icd,0.0001027662423385,0.0002043593714594,1.173113217777422e-06,False,False
opioid_ed,75_84,extreme,450,item_cpt_86200,cpt,0.000101619731462,0.000203175711167,6.375175703267074e-08,False,False
opioid_ed,75_84,extreme,451,item_cpt_66821,cpt,0.000100962817976,0.0002016570688763,2.68567075693658e-07,False,False
opioid_ed,75_84,extreme,452,item_icd_H25811,icd,0.0001002392599621,0.0002001778911867,3.006287376239815e-07,False,False
opioid_ed,75_84,extreme,453,item_icd_R791,icd,9.939834310946198e-05,0.0001987006450659,9.604115295926702e-08,False,False
opioid_ed,75_84,extreme,454,item_cpt_84165,cpt,9.931277966039156e-05,0.0001985633016891,6.225763160661142e-08,False,False
opioid_ed,75_84,extreme,455,item_icd_M25569,icd,9.904783226341932e-05,0.0001976979210063,3.977435205098418e-07,False,False
opioid_ed,75_84,extreme,456,item_icd_M2041,icd,9.852924769273684e-05,0.000196529473396,5.290219893919702e-07,False,False
opioid_ed,75_84,extreme,457,item_icd_G4733,icd,9.795030147554372e-05,0.000195805968333,9.463461800364796e-08,False,False
opioid_ed,75_84,extreme,458,item_icd_M1711,icd,9.725373092317772e-05,0.000194116678885,3.9078296125867444e-07,False,False
opioid_ed,75_84,extreme,459,item_icd_H353131,icd,9.55341839344449e-05,0.0001910085574908,5.981037807278239e-08,False,False
opioid_ed,75_84,extreme,460,item_icd_H26493,icd,9.465530297671244e-05,0.000188641476774,6.691291793700821e-07,False,False
opioid_ed,75_84,extreme,461,item_icd_C3410,icd,9.455778596282326e-05,0.0001888635819333,2.519899923091459e-07,False,False
opioid_ed,75_84,extreme,462,item_cpt_72158,cpt,9.2627855443036e-05,0.0001849772403188,2.7847056719585225e-07,False,False
opioid_ed,75_84,extreme,463,item_icd_R300,icd,9.13051782407417e-05,0.0001824599895987,1.50366882760843e-07,False,False
opioid_ed,75_84,extreme,464,item_drug_XARELTO,drug,8.987110435259031e-05,0.0001795329433081,2.092653970267032e-07,False,False
opioid_ed,75_84,extreme,465,item_drug_OFLOXACIN,drug,8.731294754186808e-05,0.000174214248766,4.116463177259889e-07,False,False
opioid_ed,75_84,extreme,466,item_icd_Z981,icd,8.712061830739882e-05,0.0001740679166508,1.733199639038765e-07,False,False
opioid_ed,75_84,extreme,467,item_icd_Z09,icd,8.689026008766995e-05,0.0001734891403746,2.913798006530728e-07,False,False
opioid_ed,75_84,extreme,468,item_icd_Z01419,icd,8.617992770006648e-05,0.0001719826808543,3.771745458068813e-07,False,False
opioid_ed,75_84,extreme,469,item_icd_H26491,icd,8.34404979203966e-05,0.0001662878985104,5.930973302948399e-07,False,False
opioid_ed,75_84,extreme,470,item_cpt_86580,cpt,8.146802916186071e-05,0.000162885358062,5.0700261650902254e-08,False,False
opioid_ed,75_84,extreme,471,item_cpt_99350,cpt,8.013481325152213e-05,0.0001601922967099,7.73297930928462e-08,False,False
opioid_ed,75_84,extreme,472,item_icd_C50919,icd,7.855530595689255e-05,0.0001568461883687,2.6442354506020845e-07,False,False
opioid_ed,75_84,extreme,473,item_icd_J439,icd,7.796364167102146e-05,0.0001557985079928,1.2877534922773445e-07,False,False
opioid_ed,75_84,extreme,474,item_cpt_82310,cpt,7.779187762923499e-05,0.0001555354359011,4.8319357346339366e-08,False,False
opioid_ed,75_84,extreme,475,item_cpt_20611,cpt,7.701931074821742e-05,0.000153752749422,2.858720744113041e-07,False,False
opioid_ed,75_84,extreme,476,item_cpt_64494,cpt,7.688811763324889e-05,0.0001532012802258,5.749550406192616e-07,False,False
opioid_ed,75_84,extreme,477,item_icd_M7062,icd,7.643589844749881e-05,0.0001526929620235,1.788348714354992e-07,False,False
opioid_ed,75_84,extreme,478,item_icd_J0190,icd,7.556527276903945e-05,0.0001510316487611,9.889677692037755e-08,False,False
opioid_ed,75_84,extreme,479,item_cpt_88313,cpt,7.347715499486799e-05,0.0001468834470197,7.086297001179193e-08,False,False
opioid_ed,75_84,extreme,480,item_cpt_86480,cpt,6.926764249073966e-05,0.0001384685108624,6.67741190115959e-08,False,False
opioid_ed,75_84,extreme,481,item_icd_M79662,icd,6.69019891323474e-05,0.0001336931047546,1.1087351007508093e-07,False,False
opioid_ed,75_84,extreme,482,item_cpt_43450,cpt,6.679442466603102e-05,0.0001335244775385,6.43717935246553e-08,False,False
opioid_ed,75_84,extreme,483,item_icd_I259,icd,6.631827320759435e-05,0.0001325956580774,4.088833772870566e-08,False,False
opioid_ed,75_84,extreme,484,item_icd_M160,icd,6.62845860915091e-05,0.0001325283056631,4.086651985776539e-08,False,False
opioid_ed,75_84,extreme,485,item_cpt_00910,cpt,6.368987530873318e-05,0.0001272297852837,1.499653337410083e-07,False,False
opioid_ed,75_84,extreme,486,item_cpt_70553,cpt,6.267128139419669e-05,0.0001253040364693,3.852631907137841e-08,False,False
opioid_ed,75_84,extreme,487,item_cpt_84681,cpt,6.213764772852424e-05,0.0001239344027158,3.408927412308761e-07,False,False
opioid_ed,75_84,extreme,488,item_cpt_62323,cpt,6.17680354249997e-05,0.0001231113271764,4.247436735772465e-07,False,False
opioid_ed,75_84,extreme,489,item_drug_NYSTATIN,drug,5.8803590885469385e-05,0.00011752998978,7.719199084744729e-08,False,False
opioid_ed,75_84,extreme,490,item_icd_E7800,icd,5.7837890601578334e-05,0.0001156403852884,3.5395914668391244e-08,False,False
opioid_ed,75_84,extreme,491,item_cpt_87075,cpt,5.746466496074798e-05,0.000114733116075,1.962138464357017e-07,False,False
opioid_ed,75_84,extreme,492,item_icd_N289,icd,5.560880069622613e-05,0.000111164094598,5.3506794380003965e-08,False,False
opioid_ed,75_84,extreme,493,item_icd_N281,icd,5.498306229728092e-05,0.0001098938798253,7.224476918627094e-08,False,False
opioid_ed,75_84,extreme,494,item_icd_I872,icd,5.467014673189144e-05,0.0001092492155922,9.107787154566663e-08,False,False
opioid_ed,75_84,extreme,495,item_icd_F329,icd,5.329241479405017e-05,0.0001064584143354,1.2641525266962782e-07,False,False
opioid_ed,75_84,extreme,496,item_cpt_93016,cpt,5.284748024995452e-05,0.0001056068323758,8.812812402155223e-08,False,False
opioid_ed,75_84,extreme,497,item_cpt_74018,cpt,5.09395269506416e-05,0.0001018481257958,3.092810544856179e-08,False,False
opioid_ed,75_84,extreme,498,item_icd_M25512,icd,5.054686873695867e-05,0.0001010093325889,8.440488492012486e-08,False,False
opioid_ed,75_84,extreme,499,item_cpt_52000,cpt,5.019695738503096e-05,0.0001003278675521,6.604721789251854e-08,False,False
opioid_ed,75_84,extreme,500,item_icd_Z4502,icd,4.993655976990456e-05,9.97189310289594e-05,1.541885108497149e-07,False,False
opioid_ed,75_84,extreme,501,item_icd_D539,icd,4.988347619890976e-05,9.964825833631669e-05,1.186940615028478e-07,False,False
opioid_ed,75_84,extreme,502,item_icd_R1084,icd,4.986460170101213e-05,9.969897148500296e-05,3.0231917021286e-08,False,False
opioid_ed,75_84,extreme,503,item_icd_L820,icd,4.51839653496892e-05,9.025988095446985e-05,1.0804974490855197e-07,False,False
opioid_ed,75_84,extreme,504,item_cpt_83721,cpt,4.41661325286968e-05,8.82423510619113e-05,8.991399548228964e-08,False,False
opioid_ed,75_84,extreme,505,item_icd_I5022,icd,4.34891429155397e-05,8.695218305757442e-05,2.610277350498145e-08,False,False
opioid_ed,75_84,extreme,506,item_icd_R350,icd,4.230155999362623e-05,8.457778636628803e-05,2.5333620964419675e-08,False,False
opioid_ed,75_84,extreme,507,item_cpt_85651,cpt,4.188507149474977e-05,8.372996654722489e-05,4.017644227466064e-08,False,False
opioid_ed,75_84,extreme,508,item_icd_J189,icd,4.1579560167763394e-05,8.313425432654137e-05,2.4866008985415468e-08,False,False
opioid_ed,75_84,extreme,509,item_cpt_96376,cpt,4.111840975315452e-05,8.221225216700507e-05,2.456733930397037e-08,False,False
opioid_ed,75_84,extreme,510,item_drug_TEMAZEPAM,drug,4.105304710246233e-05,8.203705382971505e-05,6.904037520961569e-08,False,False
opioid_ed,75_84,extreme,511,item_cpt_73221,cpt,4.10393507959014e-05,8.205418545599519e-05,2.4516135807605313e-08,False,False
opioid_ed,75_84,extreme,512,item_drug_LEVOFLOXACIN,drug,4.093057707521131e-05,8.182190484293094e-05,3.9249307491670013e-08,False,False
opioid_ed,75_84,extreme,513,item_icd_L578,icd,3.967531721231477e-05,7.915454093023205e-05,1.9609349439748225e-07,False,False
opioid_ed,75_84,extreme,514,item_cpt_72114,cpt,3.894269124961709e-05,7.776319912117224e-05,1.22183378061948e-07,False,False
opioid_ed,75_84,extreme,515,item_icd_E876,icd,3.889423291023304e-05,7.776533899637821e-05,2.312682408787468e-08,False,False
opioid_ed,75_84,extreme,516,item_icd_R3915,icd,3.8573412855114094e-05,7.712390666915563e-05,2.291904107255452e-08,False,False
opioid_ed,75_84,extreme,517,item_icd_Z136,icd,3.64952592459126e-05,7.258302204663769e-05,4.074964451875048e-07,False,False
opioid_ed,75_84,extreme,518,item_icd_M1712,icd,3.648627893780298e-05,7.280421192006516e-05,1.68345955540796e-07,False,False
opioid_ed,75_84,extreme,519,item_icd_G8918,icd,3.63613245429434e-05,7.268783805783209e-05,3.4811028054706896e-08,False,False
opioid_ed,75_84,extreme,520,item_cpt_73590,cpt,3.5094594117741264e-05,7.012979083780798e-05,5.9397397674551056e-08,False,False
opioid_ed,75_84,extreme,521,item_cpt_82977,cpt,3.352040474009599e-05,6.695917751273485e-05,8.163196745712649e-08,False,False
opioid_ed,75_84,extreme,522,item_icd_M5441,icd,3.267706510508261e-05,6.518970271152873e-05,1.6442749863650656e-07,False,False
opioid_ed,75_84,extreme,523,item_cpt_84481,cpt,3.130742394793714e-05,6.259663476099532e-05,1.821313487895228e-08,False,False
opioid_ed,75_84,extreme,524,item_icd_J0100,icd,2.983377368479992e-05,5.952715736674766e-05,1.4039000285218368e-07,False,False
opioid_ed,75_84,extreme,525,item_icd_R160,icd,2.9747192468595215e-05,5.94548182226171e-05,3.9566714573336393e-08,False,False
opioid_ed,75_84,extreme,526,item_icd_K5732,icd,2.9372043378440684e-05,5.869395055978419e-05,5.013619709717897e-08,False,False
opioid_ed,75_84,extreme,527,item_icd_E1165,icd,2.908513509896308e-05,5.815349635548103e-05,1.677384244512672e-08,False,False
opioid_ed,75_84,extreme,528,item_drug_CILOSTAZOL,drug,2.875453475739594e-05,5.723277559614182e-05,2.762939186500611e-07,False,False
opioid_ed,75_84,extreme,529,item_icd_M5417,icd,2.825800597728357e-05,5.6467678681426935e-05,4.833327314021791e-08,False,False
opioid_ed,75_84,extreme,530,item_icd_M7552,icd,2.7562046498774454e-05,5.5076886043880165e-05,4.7206953668739694e-08,False,False
opioid_ed,75_84,extreme,531,item_icd_N2889,icd,2.7061649366617905e-05,5.4087209541915976e-05,3.608919131982645e-08,False,False
opioid_ed,75_84,extreme,532,item_drug_METHOTREXATE,drug,2.671772272262964e-05,5.336922144331334e-05,6.622400194594043e-08,False,False
opioid_ed,75_84,extreme,533,item_cpt_64490,cpt,2.6689571052783207e-05,5.328245865657036e-05,9.66834489960553e-08,False,False
opioid_ed,75_84,extreme,534,item_icd_K219,icd,2.4031641466805503e-05,4.8049782047853085e-05,1.350088575792204e-08,False,False
opioid_ed,75_84,extreme,535,item_cpt_76536,cpt,2.241094705042873e-05,4.4809442877573486e-05,1.2451223283977078e-08,False,False
opioid_ed,75_84,extreme,536,item_icd_M533,icd,2.2240204544405936e-05,4.4406849659990336e-05,7.355942882153835e-08,False,False
opioid_ed,75_84,extreme,537,item_icd_H40013,icd,2.1081470707537503e-05,4.212622242647529e-05,3.6718988599714794e-08,False,False
opioid_ed,75_84,extreme,538,item_icd_M62838,icd,2.046192999934369e-05,4.08881436557654e-05,3.5716342921970856e-08,False,False
opioid_ed,75_84,extreme,539,item_cpt_85379,cpt,1.8594403593293075e-05,3.717882779414619e-05,9.979392439954373e-09,False,False
opioid_ed,75_84,extreme,540,item_cpt_64495,cpt,1.7166110914624966e-05,3.432316748795562e-05,9.054341294310323e-09,False,False
opioid_ed,75_84,extreme,541,item_icd_M47814,icd,1.7041598558517836e-05,3.405301613359895e-05,3.0180983436726384e-08,False,False
opioid_ed,75_84,extreme,542,item_cpt_80050,cpt,1.4704069574432822e-05,2.9381741150633116e-05,2.6397998232530888e-08,False,False
opioid_ed,75_84,extreme,543,item_icd_M25571,icd,1.392058054531908e-05,2.7828147564895143e-05,1.3013525743015924e-08,False,False
opioid_ed,75_84,extreme,544,item_drug_DUTASTERIDE,drug,1.2987305436977322e-05,2.5933736244474e-05,4.0874629480647216e-08,False,False
opioid_ed,75_84,extreme,545,item_icd_I714,icd,1.2219135730464362e-05,2.4426910609771225e-05,1.1360851157496989e-08,False,False
opioid_ed,75_84,extreme,546,item_icd_G629,icd,1.1582881856960872e-05,2.3160325418913552e-05,5.438295008193746e-09,False,False
opioid_ed,75_84,extreme,547,item_icd_D518,icd,1.108083138478615e-05,2.213085607536132e-05,3.080669421098453e-08,False,False
opioid_ed,75_84,extreme,548,item_drug_NAPROXEN,drug,7.794858000704046e-06,1.5586731066177128e-05,2.984935230963093e-09,False,False
opioid_ed,75_84,extreme,549,item_icd_H04123,icd,6.905626313909416e-06,1.380505297959662e-05,6.199648222210641e-09,False,False
opioid_ed,75_84,extreme,550,item_drug_PRIMIDONE,drug,6.8018023694531705e-06,1.356374733238572e-05,3.9857406520622774e-08,False,False
opioid_ed,75_84,extreme,551,item_icd_M179,icd,6.209729222818406e-06,1.2417500138360942e-05,1.958307275869309e-09,False,False
opioid_ed,75_84,extreme,552,item_cpt_84460,cpt,3.446549050991308e-06,6.892929401992246e-06,1.686999903701356e-10,False,False
opioid_ed,75_84,extreme,553,item_icd_K7689,icd,3.1860737656282624e-06,6.372147531256525e-06,0.0,False,False
opioid_ed,75_84,extreme,554,item_drug_DIAZEPAM,drug,3.024020358362348e-06,6.0456114120703305e-06,2.4293046543651273e-09,False,False
opioid_ed,75_84,extreme,555,item_cpt_99343,cpt,2.079687841650488e-09,0.0,4.159375683300976e-09,False,False
opioid_ed,75_84,high,1,n_event_bin_ordinal,utilization_temporal,0.9999999994774718,0.9999999999644996,0.999999998990444,True,False
opioid_ed,75_84,high,2,pgx_num_drugs,pgx,0.4686013858986064,0.4702710624787414,0.4669317093184714,True,False
opioid_ed,75_84,high,3,pgx_num_cpic_drugs,pgx,0.0982856172594906,0.1464272796898175,0.0501439548291636,True,False
opioid_ed,75_84,high,4,item_drug_FUROSEMIDE,drug,0.0328292179329023,0.0596910434598688,0.0059673924059358,True,False
opioid_ed,75_84,high,5,item_cpt_71010,cpt,0.028692502188273,0.0531160803166036,0.0042689240599424,True,False
opioid_ed,75_84,high,6,item_icd_G8929,icd,0.0272347705289837,0.0421002881838485,0.0123692528741189,True,False
opioid_ed,75_84,high,7,item_drug_LISINOPRIL,drug,0.0259745677822103,0.0458165522254995,0.0061325833389212,True,False
opioid_ed,75_84,high,8,item_drug_PREDNISONE,drug,0.0258718116013825,0.0475943659014596,0.0041492573013055,True,False
opioid_ed,75_84,high,9,item_cpt_92014,cpt,0.0232371238140332,0.0417515505395636,0.0047226970885029,True,False
opioid_ed,75_84,high,10,item_cpt_83735,cpt,0.0229659872473279,0.0411027763763511,0.0048291981183048,True,False
opioid_ed,75_84,high,11,item_drug_AMOXICILLIN,drug,0.0215191678084096,0.037113688340857,0.0059246472759623,True,False
opioid_ed,75_84,high,12,item_cpt_99203,cpt,0.0201524543634517,0.0363889770955801,0.0039159316313233,True,False
opioid_ed,75_84,high,13,item_icd_M545,icd,0.0192079528987138,0.0329522123565386,0.005463693440889,True,False
opioid_ed,75_84,high,14,item_drug_AZITHROMYCIN,drug,0.0171948544250801,0.0318021156256964,0.0025875932244637,True,False
opioid_ed,75_84,high,15,item_cpt_99214,cpt,0.0161914985490586,0.0269231840881327,0.0054598130099845,True,False
opioid_ed,75_84,high,16,item_icd_Z79891,icd,0.0154651323602415,0.0263838154748734,0.0045464492456097,True,False
opioid_ed,75_84,high,17,item_drug_OMEPRAZOLE,drug,0.0152587384194663,0.0288879445610359,0.0016295322778967,True,False
opioid_ed,75_84,high,18,item_cpt_84439,cpt,0.0148656408150056,0.0275104667645576,0.0022208148654536,True,False
opioid_ed,75_84,high,19,item_cpt_99239,cpt,0.0142831505133308,0.0269746468404866,0.0015916541861751,True,False
opioid_ed,75_84,high,20,item_icd_F0390,icd,0.0138025632152819,0.0255545054667173,0.0020506209638465,True,False
opioid_ed,75_84,high,21,item_cpt_70450,cpt,0.0124695003265783,0.023833903401572,0.0011050972515846,False,False
opioid_ed,75_84,high,22,item_cpt_86140,cpt,0.0122880759955585,0.0225439377584746,0.0020322142326424,False,False
opioid_ed,75_84,high,23,item_cpt_99213,cpt,0.0120433434674209,0.0201032559485656,0.0039834309862762,False,False
opioid_ed,75_84,high,24,item_cpt_80061,cpt,0.0113419065794306,0.0208762486528326,0.0018075645060286,False,False
opioid_ed,75_84,high,25,item_icd_A419,icd,0.0109681651245054,0.0210752065595548,0.000861123689456,False,False
opioid_ed,75_84,high,26,item_icd_M25562,icd,0.0104621650775734,0.0199013579740295,0.0010229721811174,False,False
opioid_ed,75_84,high,27,item_cpt_20610,cpt,0.0104088879305465,0.0195229785762574,0.0012947972848357,False,False
opioid_ed,75_84,high,28,item_cpt_77052,cpt,0.0095501162390118,0.0177715843550813,0.0013286481229423,False,False
opioid_ed,75_84,high,29,item_drug_SIMVASTATIN,drug,0.0094217309688206,0.0177577562431388,0.0010857056945024,False,False
opioid_ed,75_84,high,30,item_cpt_85610,cpt,0.0094002539555964,0.0179532575349328,0.0008472503762601,False,False
opioid_ed,75_84,high,31,item_cpt_99316,cpt,0.0090290095638169,0.0171011590722653,0.0009568600553686,False,False
opioid_ed,75_84,high,32,item_cpt_97110,cpt,0.0089691946060312,0.0169983040126277,0.0009400851994348,False,True
opioid_ed,75_84,high,33,item_icd_R109,icd,0.0088433835621832,0.0166931424270872,0.0009936246972792,False,False
opioid_ed,75_84,high,34,item_icd_G894,icd,0.0082109927401361,0.0150031327483704,0.0014188527319017,False,False
opioid_ed,75_84,high,35,item_cpt_88305,cpt,0.0081764287316126,0.0155435442190342,0.000809313244191,False,False
opioid_ed,75_84,high,36,item_cpt_71020,cpt,0.0080168204134071,0.0153680638968496,0.0006655769299647,False,False
opioid_ed,75_84,high,37,item_cpt_99215,cpt,0.007834142502187,0.015092950062717,0.000575334941657,False,False
opioid_ed,75_84,high,38,item_icd_J449,icd,0.0077876587020687,0.0150033912472316,0.0005719261569059,False,False
opioid_ed,75_84,high,39,item_icd_M5416,icd,0.0071927129891124,0.0131970666939757,0.0011883592842491,False,False
opioid_ed,75_84,high,40,item_cpt_99152,cpt,0.0071205751837289,0.0135780818488747,0.0006630685185831,False,False
opioid_ed,75_84,high,41,item_icd_Z79899,icd,0.0070704120343703,0.0135158737449653,0.0006249503237752,False,False
opioid_ed,75_84,high,42,item_icd_M549,icd,0.0069091690545003,0.0131545731461506,0.00066376496285,False,False
opioid_ed,75_84,high,43,item_drug_CEPHALEXIN,drug,0.0065861870008891,0.0127603590784547,0.0004120149233236,False,False
opioid_ed,75_84,high,44,item_cpt_97001,cpt,0.0064298281494395,0.012488817365133,0.000370838933746,False,True
opioid_ed,75_84,high,45,item_icd_M47816,icd,0.0064151144456691,0.012210076811505,0.0006201520798331,False,False
opioid_ed,75_84,high,46,item_icd_Z5189,icd,0.0063147662823521,0.0124239117707837,0.0002056207939205,False,False
opioid_ed,75_84,high,47,item_cpt_92083,cpt,0.0062765406581553,0.0118948610321717,0.0006582202841389,False,False
opioid_ed,75_84,high,48,item_cpt_82550,cpt,0.0058217184971288,0.0111598440035655,0.0004835929906921,False,False
opioid_ed,75_84,high,49,item_cpt_36415,cpt,0.0057653709269502,0.0108725154598826,0.0006582263940177,False,False
opioid_ed,75_84,high,50,item_drug_HYDROCHLOROTHIAZIDE,drug,0.0053570039378921,0.0103657142484644,0.0003482936273199,False,False
opioid_ed,75_84,high,51,item_cpt_72110,cpt,0.005166988866797,0.0100644064889144,0.0002695712446796,False,False
opioid_ed,75_84,high,52,item_cpt_96374,cpt,0.0050968389900999,0.0099624130671136,0.0002312649130863,False,False
opioid_ed,75_84,high,53,item_cpt_83690,cpt,0.0050250877244349,0.0097848968223181,0.0002652786265518,False,False
opioid_ed,75_84,high,54,item_cpt_97597,cpt,0.0048480959373367,0.0091677505430058,0.0005284413316676,False,True
opioid_ed,75_84,high,55,item_cpt_90471,cpt,0.0047919153735899,0.0092359246233911,0.0003479061237887,False,False
opioid_ed,75_84,high,56,item_cpt_77063,cpt,0.0047253721471957,0.0091434300959701,0.0003073141984212,False,False
opioid_ed,75_84,high,57,item_icd_R410,icd,0.0047001049391371,0.0093200165108993,8.019336737496555e-05,False,False
opioid_ed,75_84,high,58,item_drug_CLOPIDOGREL,drug,0.0046481945767707,0.0090352487731918,0.0002611403803497,False,False
opioid_ed,75_84,high,59,item_cpt_96372,cpt,0.0046433866581816,0.0090230541908044,0.0002637191255589,False,False
opioid_ed,75_84,high,60,item_cpt_92015,cpt,0.0045730338431842,0.0087769260247287,0.0003691416616396,False,False
opioid_ed,75_84,high,61,item_cpt_74177,cpt,0.0043893289962499,0.0085199214552345,0.0002587365372652,False,False
opioid_ed,75_84,high,62,item_cpt_99212,cpt,0.0043649609752063,0.00811688072538,0.0006130412250327,False,False
opioid_ed,75_84,high,63,item_cpt_96375,cpt,0.0043398247759642,0.0084397883103086,0.0002398612416198,False,False
opioid_ed,75_84,high,64,item_icd_E782,icd,0.0042846391324299,0.0083324591625963,0.0002368191022635,False,False
opioid_ed,75_84,high,65,item_icd_M7989,icd,0.0042542195700697,0.008351114489181,0.0001573246509585,False,False
opioid_ed,75_84,high,66,item_cpt_83880,cpt,0.004130702993624,0.0080802953259881,0.00018111066126,False,False
opioid_ed,75_84,high,67,item_cpt_97112,cpt,0.0041027017876556,0.0080000960167691,0.000205307558542,False,True
opioid_ed,75_84,high,68,item_icd_I480,icd,0.0040385258989824,0.0078525594064534,0.0002244923915114,False,False
opioid_ed,75_84,high,69,item_icd_M47817,icd,0.0040377427134228,0.0075550789996665,0.0005204064271791,False,False
opioid_ed,75_84,high,70,item_cpt_84153,cpt,0.0040277273970518,0.0077738530370545,0.0002816017570491,False,False
opioid_ed,75_84,high,71,item_cpt_80048,cpt,0.0038974636718332,0.0074407359487326,0.0003541913949339,False,False
opioid_ed,75_84,high,72,item_cpt_80053,cpt,0.0038836985341008,0.0073483434089506,0.000419053659251,False,False
opioid_ed,75_84,high,73,item_drug_LORAZEPAM,drug,0.00385781922934,0.0075512595325456,0.0001643789261344,False,False
opioid_ed,75_84,high,74,item_icd_M79605,icd,0.0037681444109598,0.0074455735273617,9.071529455794124e-05,False,False
opioid_ed,75_84,high,75,item_cpt_93005,cpt,0.0036969555464564,0.0072168554323168,0.000177055660596,False,False
opioid_ed,75_84,high,76,item_icd_N390,icd,0.0036608423128464,0.0071839540547535,0.0001377305709392,False,False
opioid_ed,75_84,high,77,item_cpt_90670,cpt,0.0036105209563771,0.0069981611150163,0.0002228807977378,False,False
opioid_ed,75_84,high,78,item_icd_E559,icd,0.003521267525162,0.0069034346504501,0.0001391003998739,False,False
opioid_ed,75_84,high,79,item_icd_J90,icd,0.003518154824078,0.0069326728092598,0.0001036368388963,False,False
opioid_ed,75_84,high,80,item_cpt_83036,cpt,0.0034852744796763,0.0066879510662442,0.0002825978931083,False,False
opioid_ed,75_84,high,81,item_icd_M4806,icd,0.0034392216474793,0.0066078119132099,0.0002706313817486,False,False
opioid_ed,75_84,high,82,item_cpt_93000,cpt,0.0033983815692379,0.0065900511939564,0.0002067119445194,False,False
opioid_ed,75_84,high,83,item_icd_I482,icd,0.0033937010855204,0.0065387208077393,0.0002486813633016,False,False
opioid_ed,75_84,high,84,item_cpt_99204,cpt,0.0033255189711265,0.0061807967282585,0.0004702412139945,False,False
opioid_ed,75_84,high,85,item_icd_E780,icd,0.0033024049534702,0.0064394404599094,0.0001653694470309,False,False
opioid_ed,75_84,high,86,item_icd_N183,icd,0.0032958410192033,0.0064501524664636,0.000141529571943,False,False
opioid_ed,75_84,high,87,item_icd_R079,icd,0.0032949252302315,0.0064432355566409,0.0001466149038221,False,False
opioid_ed,75_84,high,88,item_cpt_84443,cpt,0.003292011742042,0.0063081888272372,0.0002758346568467,False,False
opioid_ed,75_84,high,89,item_cpt_17003,cpt,0.0032747007194406,0.0064159205933094,0.0001334808455717,False,False
opioid_ed,75_84,high,90,item_cpt_83550,cpt,0.0032268296107304,0.0063504398727897,0.0001032193486712,False,False
opioid_ed,75_84,high,91,item_icd_I2510,icd,0.0031631440653602,0.0061688462252723,0.0001574419054481,False,False
opioid_ed,75_84,high,92,item_cpt_99225,cpt,0.0031342010685398,0.0061123956915809,0.0001560064454987,False,False
opioid_ed,75_84,high,93,item_cpt_96360,cpt,0.0030970652861897,0.0061106896141177,8.344095826182222e-05,False,False
opioid_ed,75_84,high,94,item_cpt_97140,cpt,0.0030662072505448,0.0060035777721737,0.000128836728916,False,True
opioid_ed,75_84,high,95,item_icd_I10,icd,0.0029159186124397,0.0054506313222347,0.0003812059026447,False,False
opioid_ed,75_84,high,96,item_cpt_99202,cpt,0.0028757298769792,0.0055658995843017,0.0001855601696568,False,False
opioid_ed,75_84,high,97,item_icd_R197,icd,0.0028652846533035,0.0056406802932648,8.988901334223123e-05,False,False
opioid_ed,75_84,high,98,item_icd_R531,icd,0.0028414323431369,0.0056216196822221,6.124500405180948e-05,False,False
opioid_ed,75_84,high,99,item_cpt_83970,cpt,0.0028096910480921,0.0055250384395113,9.434365667285784e-05,False,False
opioid_ed,75_84,high,100,item_drug_GABAPENTIN,drug,0.0027319409567074,0.0053185453135174,0.0001453365998975,False,False
opioid_ed,75_84,high,101,item_icd_I4891,icd,0.0026883253256723,0.0052880576183766,8.859303296809257e-05,False,False
opioid_ed,75_84,high,102,item_cpt_81001,cpt,0.0026881690033843,0.0051349133401458,0.0002414246666229,False,False
opioid_ed,75_84,high,103,item_icd_L821,icd,0.0026650564177518,0.0052213964172209,0.0001087164182827,False,False
opioid_ed,75_84,high,104,item_icd_H2513,icd,0.0026340549143048,0.0051631214838828,0.0001049883447268,False,False
opioid_ed,75_84,high,105,item_cpt_85025,cpt,0.0025642236728615,0.0049449960593403,0.0001834512863828,False,False
opioid_ed,75_84,high,106,item_cpt_64483,cpt,0.0025561259089828,0.0049270577253841,0.0001851940925815,False,False
opioid_ed,75_84,high,107,item_cpt_85027,cpt,0.0025218337634973,0.0049344758616447,0.0001091916653499,False,False
opioid_ed,75_84,high,108,item_cpt_99284,cpt,0.0024689724933706,0.0047815405904827,0.0001564043962586,False,False
opioid_ed,75_84,high,109,item_cpt_74022,cpt,0.0024462984207965,0.0048507683428673,4.182849872579576e-05,False,False
opioid_ed,75_84,high,110,item_cpt_82306,cpt,0.002430470004428,0.0047211025503903,0.0001398374584656,False,False
opioid_ed,75_84,high,111,item_cpt_82607,cpt,0.0023814357657117,0.0046515828414913,0.0001112886899321,False,False
opioid_ed,75_84,high,112,item_cpt_99232,cpt,0.0022981969481086,0.0045104927061155,8.590119010171566e-05,False,False
opioid_ed,75_84,high,113,item_cpt_81002,cpt,0.0022841560294538,0.0044879523864783,8.035967242925542e-05,False,False
opioid_ed,75_84,high,114,item_icd_R0602,icd,0.0021665217252974,0.0042759568471173,5.708660347751873e-05,False,False
opioid_ed,75_84,high,115,item_icd_M961,icd,0.002123906827806,0.0040386264667295,0.0002091871888825,False,False
opioid_ed,75_84,high,116,item_cpt_93971,cpt,0.0021050586217316,0.0041626705097875,4.74467336757554e-05,False,False
opioid_ed,75_84,high,117,item_cpt_83540,cpt,0.0021026263085235,0.0041279453333883,7.730728365883641e-05,False,False
opioid_ed,75_84,high,118,item_cpt_73522,cpt,0.0020736433006862,0.0040880348590901,5.9251742282327725e-05,False,False
opioid_ed,75_84,high,119,item_icd_H401132,icd,0.0020545903806595,0.0039851935054497,0.0001239872558693,False,False
opioid_ed,75_84,high,120,item_cpt_11100,cpt,0.0020305268681837,0.0040030273734222,5.802636294523713e-05,False,False
opioid_ed,75_84,high,121,item_cpt_71046,cpt,0.0020271232129055,0.0040072561804742,4.6990245336881625e-05,False,False
opioid_ed,75_84,high,122,item_icd_M542,icd,0.0019819839571564,0.0039142362064286,4.973170788420374e-05,False,False
opioid_ed,75_84,high,123,item_icd_Z950,icd,0.0019427114536183,0.003828047639314,5.737526792266684e-05,False,False
opioid_ed,75_84,high,124,item_cpt_72148,cpt,0.0019297537466363,0.0037716280473806,8.787944589205263e-05,False,False
opioid_ed,75_84,high,125,item_icd_Z961,icd,0.0018988078063629,0.0037034684615567,9.414715116922084e-05,False,False
opioid_ed,75_84,high,126,item_cpt_96361,cpt,0.0018885562545396,0.003731513522703,4.559898637624052e-05,False,False
opioid_ed,75_84,high,127,item_icd_M25551,icd,0.0018573098278721,0.0036668183998987,4.780125584544407e-05,False,False
opioid_ed,75_84,high,128,item_cpt_81003,cpt,0.00179222476476,0.003498337073317,8.611245620310207e-05,False,False
opioid_ed,75_84,high,129,item_cpt_99309,cpt,0.0017854839792993,0.0035449718224644,2.5996136134177342e-05,False,False
opioid_ed,75_84,high,130,item_icd_M5136,icd,0.0017726624793769,0.0034711952186069,7.4129740146956e-05,False,False
opioid_ed,75_84,high,131,item_cpt_71260,cpt,0.0017474432754608,0.0034621557567613,3.273079416043139e-05,False,False
opioid_ed,75_84,high,132,item_icd_I739,icd,0.0017228447520192,0.0033915009284443,5.418857559419964e-05,False,False
opioid_ed,75_84,high,133,item_icd_D649,icd,0.0017216028391844,0.0033652863501544,7.79193282144262e-05,False,False
opioid_ed,75_84,high,134,item_cpt_90791,cpt,0.0017013625169442,0.0033686750359077,3.404999798061135e-05,False,False
opioid_ed,75_84,high,135,item_cpt_36430,cpt,0.0016930154558209,0.0033722918795751,1.3739032066731676e-05,False,False
opioid_ed,75_84,high,136,item_cpt_87186,cpt,0.0016791456109782,0.003334373806653,2.3917415303521948e-05,False,False
opioid_ed,75_84,high,137,item_cpt_87077,cpt,0.0016159111582126,0.0031963739417996,3.544837462559378e-05,False,False
opioid_ed,75_84,high,138,item_cpt_93017,cpt,0.0016028086196819,0.0031622896428064,4.332759655750149e-05,False,False
opioid_ed,75_84,high,139,item_cpt_92136,cpt,0.0015873313267313,0.0030988265952685,7.583605819418451e-05,False,False
opioid_ed,75_84,high,140,item_cpt_74220,cpt,0.0015724858863165,0.0031281382970793,1.683347555369529e-05,False,False
opioid_ed,75_84,high,141,item_icd_Z1389,icd,0.0015705945740923,0.0030932488176924,4.794033049215686e-05,False,False
opioid_ed,75_84,high,142,item_cpt_90833,cpt,0.001552136245684,0.0029807096825109,0.0001235628088572,False,False
opioid_ed,75_84,high,143,item_cpt_71045,cpt,0.0015072105678699,0.002978936464437,3.5484671302813963e-05,False,False
opioid_ed,75_84,high,144,item_icd_R0789,icd,0.001494349913769,0.0029341079967346,5.459183080338291e-05,False,False
opioid_ed,75_84,high,145,item_cpt_99231,cpt,0.0014572570079283,0.0028774110930508,3.710292280592576e-05,False,False
opioid_ed,75_84,high,146,item_cpt_97162,cpt,0.0014569566247072,0.0028870562848687,2.685696454582452e-05,False,True
opioid_ed,75_84,high,147,item_cpt_92012,cpt,0.0014524878513145,0.0028546475534136,5.03281492154936e-05,False,False
opioid_ed,75_84,high,148,item_cpt_73620,cpt,0.0014185569174973,0.0027892953500862,4.781848490850789e-05,False,False
opioid_ed,75_84,high,149,item_cpt_92004,cpt,0.0014086118812166,0.0027826960438904,3.452771854288082e-05,False,False
opioid_ed,75_84,high,150,item_cpt_80177,cpt,0.0014058111585849,0.0027762669549138,3.535536225603112e-05,False,False
opioid_ed,75_84,high,151,item_cpt_36416,cpt,0.0013952382968082,0.002758499288785,3.197730483147949e-05,False,False
opioid_ed,75_84,high,152,item_icd_H26492,icd,0.0013948388521849,0.002715179363209,7.449834116087405e-05,False,False
opioid_ed,75_84,high,153,item_icd_R112,icd,0.001383815891652,0.0027447780836203,2.285369968387069e-05,False,False
opioid_ed,75_84,high,154,item_cpt_87086,cpt,0.0013496188195361,0.0026313202711235,6.791736794871897e-05,False,False
opioid_ed,75_84,high,155,item_icd_R319,icd,0.0013469368250006,0.0026673024939892,2.6571156012059933e-05,False,False
opioid_ed,75_84,high,156,item_cpt_93922,cpt,0.0013294344797445,0.002622880099309,3.598886017993604e-05,False,False
opioid_ed,75_84,high,157,item_cpt_94640,cpt,0.0012660887445249,0.0025063769081243,2.580058092543085e-05,False,False
opioid_ed,75_84,high,158,item_icd_M159,icd,0.001266030293872,0.0024861463681861,4.591421955796605e-05,False,False
opioid_ed,75_84,high,159,item_icd_E119,icd,0.0012486861766152,0.0024360453348111,6.132701841944479e-05,False,False
opioid_ed,75_84,high,160,item_cpt_99220,cpt,0.0012404493087175,0.0024675956577878,1.3302959647279736e-05,False,False
opioid_ed,75_84,high,161,item_icd_M7061,icd,0.0012350354142938,0.0024445019538222,2.556887476545744e-05,False,False
opioid_ed,75_84,high,162,item_cpt_93010,cpt,0.0012343740689789,0.0023985509837293,7.019715422848421e-05,False,False
opioid_ed,75_84,high,163,item_cpt_92250,cpt,0.0012223114876119,0.0024025951353267,4.202783989712484e-05,False,False
opioid_ed,75_84,high,164,item_cpt_99283,cpt,0.0012213674649904,0.0024084815231425,3.425340683846858e-05,False,False
opioid_ed,75_84,high,165,item_cpt_92133,cpt,0.0012213427065703,0.0024119328058745,3.0752607266154706e-05,False,False
opioid_ed,75_84,high,166,item_icd_M6281,icd,0.001210068806807,0.0024020786257632,1.805898785081601e-05,False,False
opioid_ed,75_84,high,167,item_cpt_99233,cpt,0.0012078995549269,0.0023954393280963,2.0359781757564404e-05,False,False
opioid_ed,75_84,high,168,item_cpt_99285,cpt,0.0011912892874832,0.0023181257884123,6.445278655420351e-05,False,False
opioid_ed,75_84,high,169,item_cpt_73560,cpt,0.0011726680464158,0.0023396052263202,5.730866511455381e-06,False,False
opioid_ed,75_84,high,170,item_drug_LACTULOSE,drug,0.0011357503423142,0.0021998631978029,7.163748682561131e-05,False,False
opioid_ed,75_84,high,171,item_icd_Z9889,icd,0.0011160580086294,0.0022147279900634,1.738802719542666e-05,False,False
opioid_ed,75_84,high,172,item_cpt_99222,cpt,0.0010897333504216,0.0021502598986529,2.92068021903096e-05,False,False
opioid_ed,75_84,high,173,item_cpt_84156,cpt,0.001078340134516,0.0021412655351704,1.5414733861562913e-05,False,False
opioid_ed,75_84,high,174,item_cpt_87804,cpt,0.0010775571711118,0.0021414511481673,1.3663194056347412e-05,False,False
opioid_ed,75_84,high,175,item_cpt_99223,cpt,0.0010255679710522,0.0020301942559566,2.094168614785979e-05,False,False
opioid_ed,75_84,high,176,item_cpt_93306,cpt,0.0010184861052499,0.0020096555751621,2.7316635337741727e-05,False,False
opioid_ed,75_84,high,177,item_icd_J984,icd,0.0009667870923542,0.0019316837345579,1.8904501504969336e-06,False,False
opioid_ed,75_84,high,178,item_cpt_99308,cpt,0.0009646965280825,0.0019130956800112,1.629737615378403e-05,False,False
opioid_ed,75_84,high,179,item_icd_I110,icd,0.0009423795689092,0.0018543609010813,3.039823673713256e-05,False,False
opioid_ed,75_84,high,180,item_cpt_86850,cpt,0.0009397731292298,0.0018764788319272,3.067426532474858e-06,False,False
opioid_ed,75_84,high,181,item_icd_E785,icd,0.0009396927456539,0.0018490729020804,3.031258922747488e-05,False,False
opioid_ed,75_84,high,182,item_cpt_94729,cpt,0.0009286666683677,0.0018425366997975,1.479663693791103e-05,False,False
opioid_ed,75_84,high,183,item_cpt_82565,cpt,0.0009148534188754,0.0018219465558,7.760281950785068e-06,False,False
opioid_ed,75_84,high,184,item_icd_M48061,icd,0.0009141858612193,0.0017997437791992,2.8627943239423676e-05,False,False
opioid_ed,75_84,high,185,item_icd_R51,icd,0.0008824933832786,0.0017580724222245,6.91434433268196e-06,False,False
opioid_ed,75_84,high,186,item_cpt_82746,cpt,0.0008771560768982,0.0017451569231629,9.155230633608206e-06,False,False
opioid_ed,75_84,high,187,item_icd_C50412,icd,0.0008739436837284,0.0016966470809546,5.1240286502275325e-05,False,False
opioid_ed,75_84,high,188,item_icd_J441,icd,0.0008691080852332,0.0017331054839566,5.110686509826154e-06,False,False
opioid_ed,75_84,high,189,item_cpt_82728,cpt,0.0008683817948125,0.0017187180546787,1.804553494626972e-05,False,False
opioid_ed,75_84,high,190,item_cpt_73700,cpt,0.0008562347054353,0.0017026957252461,9.773685624584582e-06,False,False
opioid_ed,75_84,high,191,item_cpt_00142,cpt,0.0008542859220188,0.0016856113875637,2.2960456473826427e-05,False,False
opioid_ed,75_84,high,192,item_icd_N179,icd,0.0008486945233612,0.0016901836331085,7.205413614032347e-06,False,False
opioid_ed,75_84,high,193,item_icd_R52,icd,0.0008471191837702,0.0016895320913102,4.706276230337396e-06,False,False
opioid_ed,75_84,high,194,item_cpt_84550,cpt,0.0008394026667618,0.0016670438732374,1.1761460286309387e-05,False,False
opioid_ed,75_84,high,195,item_cpt_99219,cpt,0.0008242516089999,0.0016466193652766,1.8838527232476555e-06,False,False
opioid_ed,75_84,high,196,item_cpt_74176,cpt,0.0008117857183666,0.0016127182009356,1.0853235797640678e-05,False,False
opioid_ed,75_84,high,197,item_icd_G309,icd,0.000808823220344,0.0016055221393794,1.212430130860469e-05,False,False
opioid_ed,75_84,high,198,item_icd_R918,icd,0.0008032169344329,0.0015936127731599,1.2821095705869284e-05,False,False
opioid_ed,75_84,high,199,item_drug_MUPIROCIN,drug,0.0008018404427823,0.0015857112658084,1.7969619756241678e-05,False,False
opioid_ed,75_84,high,200,item_icd_M4802,icd,0.000796103490811,0.0015616725990536,3.053438256841218e-05,False,False
opioid_ed,75_84,high,201,item_cpt_97530,cpt,0.0007934566709269,0.0015765593021341,1.0354039719721738e-05,False,True
opioid_ed,75_84,high,202,item_cpt_64484,cpt,0.0007835213043406,0.0015374800120735,2.9562596607735345e-05,False,False
opioid_ed,75_84,high,203,item_cpt_73030,cpt,0.000783359820218,0.0015537045143516,1.3015126084482647e-05,False,False
opioid_ed,75_84,high,204,item_cpt_99356,cpt,0.0007754045037582,0.0015464965680061,4.312439510349667e-06,False,False
opioid_ed,75_84,high,205,item_icd_M25561,icd,0.0007578104090484,0.0015109094721401,4.711345956784363e-06,False,False
opioid_ed,75_84,high,206,item_cpt_73564,cpt,0.0007411766083872,0.0014729129558535,9.44026092105227e-06,False,False
opioid_ed,75_84,high,207,item_icd_I509,icd,0.0007368556850883,0.0014691285986156,4.5827715610748684e-06,False,False
opioid_ed,75_84,high,208,item_icd_D509,icd,0.0007360675205971,0.0014632373479871,8.897693207103535e-06,False,False
opioid_ed,75_84,high,209,item_cpt_99211,cpt,0.0006918800471941,0.001374264022659,9.496071729206391e-06,False,False
opioid_ed,75_84,high,210,item_icd_M5126,icd,0.000683572594708,0.0013517897922135,1.5355397202646934e-05,False,False
opioid_ed,75_84,high,211,item_drug_ALPRAZOLAM,drug,0.000683463460384,0.0013582111926889,8.715728079228826e-06,False,False
opioid_ed,75_84,high,212,item_icd_R05,icd,0.000682614465585,0.0013547498369877,1.0479094182383584e-05,False,False
opioid_ed,75_84,high,213,item_cpt_93970,cpt,0.0006793063114024,0.0013534938982662,5.118724538612294e-06,False,False
opioid_ed,75_84,high,214,item_cpt_64493,cpt,0.0006764470291589,0.0013361721839786,1.672187433920857e-05,False,False
opioid_ed,75_84,high,215,item_icd_Z111,icd,0.0006713772609923,0.0013365976707008,6.1568512838609606e-06,False,False
opioid_ed,75_84,high,216,item_icd_R1030,icd,0.0006691806142049,0.0013205262813085,1.783494710129578e-05,False,False
opioid_ed,75_84,high,217,item_icd_J9811,icd,0.0006646257451434,0.0013275106884733,1.7408018135217029e-06,False,False
opioid_ed,75_84,high,218,item_cpt_45380,cpt,0.0006389235009316,0.0012684432574826,9.40374438067862e-06,False,False
opioid_ed,75_84,high,219,item_icd_R000,icd,0.0006331949471994,0.0012651471810867,1.2427133121463694e-06,False,False
opioid_ed,75_84,high,220,item_cpt_88307,cpt,0.0006268494258839,0.0012495855702991,4.113281468860134e-06,False,False
opioid_ed,75_84,high,221,item_cpt_73562,cpt,0.0006245483255258,0.0012435668445095,5.529806542161076e-06,False,False
opioid_ed,75_84,high,222,item_icd_R1310,icd,0.0006189393510132,0.001236663668847,1.215033179575667e-06,False,False
opioid_ed,75_84,high,223,item_icd_D485,icd,0.0006138381280571,0.0012136641983056,1.4012057808663208e-05,False,False
opioid_ed,75_84,high,224,item_cpt_70544,cpt,0.0006103327347567,0.0012184627242305,2.202745282904823e-06,False,False
opioid_ed,75_84,high,225,item_cpt_72040,cpt,0.0006083999437153,0.001210416168001,6.383719429653624e-06,False,False
opioid_ed,75_84,high,226,item_icd_Z1211,icd,0.0006080612955515,0.0012129287870699,3.193804033039666e-06,False,False
opioid_ed,75_84,high,227,item_cpt_20550,cpt,0.0006077257859234,0.0012114617853801,3.9897864668193385e-06,False,False
opioid_ed,75_84,high,228,item_cpt_94727,cpt,0.0006037481806761,0.0011976202866212,9.87607473091926e-06,False,False
opioid_ed,75_84,high,229,item_icd_R42,icd,0.0005891114403509,0.0011749335099557,3.289370746235505e-06,False,False
opioid_ed,75_84,high,230,item_cpt_72125,cpt,0.0005802291340543,0.0011520928693907,8.365398718016018e-06,False,False
opioid_ed,75_84,high,231,item_cpt_17000,cpt,0.0005780369725209,0.0011466109586933,9.462986348564746e-06,False,False
opioid_ed,75_84,high,232,item_cpt_82043,cpt,0.0005688991446497,0.0011333124990513,4.485790248097252e-06,False,False
opioid_ed,75_84,high,233,item_icd_Z125,icd,0.0005608706382983,0.0011092794836734,1.2461792923219564e-05,False,False
opioid_ed,75_84,high,234,item_icd_L570,icd,0.0005518156762623,0.0010899404437478,1.3690908776832549e-05,False,False
opioid_ed,75_84,high,235,item_cpt_84480,cpt,0.0005508314571313,0.0010887074391023,1.2955475160274842e-05,False,False
opioid_ed,75_84,high,236,item_icd_E039,icd,0.0005445575042539,0.0010819652619678,7.149746540040671e-06,False,False
opioid_ed,75_84,high,237,item_cpt_72170,cpt,0.0005432983089109,0.0010794630819871,7.133535834703724e-06,False,False
opioid_ed,75_84,high,238,item_icd_E538,icd,0.0005403723582738,0.0010796822371263,1.0624794212964865e-06,False,False
opioid_ed,75_84,high,239,item_cpt_84466,cpt,0.000535826142265,0.0010707756201886,8.766643413729054e-07,False,False
opioid_ed,75_84,high,240,item_icd_R110,icd,0.0005220333732289,0.0010392583418078,4.808404650109321e-06,False,False
opioid_ed,75_84,high,241,item_cpt_99100,cpt,0.0005208727882866,0.0010242828783143,1.7462698259024003e-05,False,False
opioid_ed,75_84,high,242,item_cpt_90792,cpt,0.0005193534422932,0.0010322212416554,6.485642931085301e-06,False,False
opioid_ed,75_84,high,243,item_cpt_95816,cpt,0.0005149859939611,0.0010289588012785,1.013186643885762e-06,False,False
opioid_ed,75_84,high,244,item_icd_H903,icd,0.0005081059325883,0.0010118629355383,4.348929638438213e-06,False,False
opioid_ed,75_84,high,245,item_cpt_76770,cpt,0.0005011073264567,0.000995952234881,6.26241803243543e-06,False,False
opioid_ed,75_84,high,246,item_icd_M25552,icd,0.0004987053357955,0.0009908512194767,6.559452114274137e-06,False,False
opioid_ed,75_84,high,247,item_cpt_73502,cpt,0.0004779211898055,0.0009506473147999,5.195064811189394e-06,False,False
opioid_ed,75_84,high,248,item_icd_R609,icd,0.0004673790480034,0.0009316746286677,3.0834673392027505e-06,False,False
opioid_ed,75_84,high,249,item_cpt_80076,cpt,0.0004624407985112,0.0009200030614986,4.878535523850685e-06,False,False
opioid_ed,75_84,high,250,item_icd_F419,icd,0.0004596966440885,0.0009183351355233,1.058152653834097e-06,False,False
opioid_ed,75_84,high,251,item_cpt_93296,cpt,0.000458751502941,0.000911909275905,5.5937299769674326e-06,False,False
opioid_ed,75_84,high,252,item_icd_N200,icd,0.000453464011112,0.0009051331811214,1.7948411025331346e-06,False,False
opioid_ed,75_84,high,253,item_icd_R222,icd,0.0004492522421611,0.0008964287182539,2.0757660684895705e-06,False,False
opioid_ed,75_84,high,254,item_cpt_11101,cpt,0.0004489264036453,0.0008954816526268,2.37115466390176e-06,False,False
opioid_ed,75_84,high,255,item_icd_K2270,icd,0.0004476580185238,0.0008910317988202,4.284238227404001e-06,False,False
opioid_ed,75_84,high,256,item_icd_N3000,icd,0.0004424847233718,0.000884390694027,5.787527166451823e-07,False,False
opioid_ed,75_84,high,257,item_cpt_72100,cpt,0.0004346816306275,0.0008660603310019,3.3029302532641643e-06,False,False
opioid_ed,75_84,high,258,item_icd_Z01810,icd,0.000432962505341,0.00086377964369,2.1453669920689658e-06,False,False
opioid_ed,75_84,high,259,item_icd_B351,icd,0.0004236703874252,0.0008451001814076,2.2405934427793397e-06,False,False
opioid_ed,75_84,high,260,item_icd_M19012,icd,0.0004225296432276,0.0008419861413066,3.073145148753504e-06,False,False
opioid_ed,75_84,high,261,item_cpt_67028,cpt,0.0004206101660792,0.0008376052211555,3.6151110028855672e-06,False,False
opioid_ed,75_84,high,262,item_icd_M869,icd,0.0004190651071584,0.0008341133226723,4.0168916444945e-06,False,False
opioid_ed,75_84,high,263,item_cpt_92134,cpt,0.0004162535640284,0.0008294785505564,3.0285775004113656e-06,False,False
opioid_ed,75_84,high,264,item_icd_M810,icd,0.0004113785386449,0.000813552327388,9.204749901951498e-06,False,False
opioid_ed,75_84,high,265,item_cpt_77002,cpt,0.0004109976193053,0.0008171057151048,4.889523505804585e-06,False,False
opioid_ed,75_84,high,266,item_cpt_36591,cpt,0.0004105565207935,0.0008185323826736,2.580658913367196e-06,False,False
opioid_ed,75_84,high,267,item_cpt_96367,cpt,0.0004044896441064,0.0008084497348552,5.295533576212511e-07,False,False
opioid_ed,75_84,high,268,item_icd_H2511,icd,0.000403176556531,0.0008015542664692,4.798846592870798e-06,False,False
opioid_ed,75_84,high,269,item_cpt_84484,cpt,0.0004030953163795,0.0008023230602567,3.867572502419489e-06,False,False
opioid_ed,75_84,high,270,item_icd_R351,icd,0.0003953991180653,0.0007897542196584,1.0440164722452558e-06,False,False
opioid_ed,75_84,high,271,item_cpt_70551,cpt,0.0003881127465002,0.0007758464533421,3.790396583347495e-07,False,False
opioid_ed,75_84,high,272,item_icd_R739,icd,0.0003830956379437,0.0007622575110497,3.933764837815572e-06,False,False
opioid_ed,75_84,high,273,item_cpt_93925,cpt,0.0003813505349893,0.0007586587668087,4.0423031699284135e-06,False,False
opioid_ed,75_84,high,274,item_cpt_88342,cpt,0.000381303675786,0.0007607123851762,1.8949663958093728e-06,False,False
opioid_ed,75_84,high,275,item_cpt_84436,cpt,0.0003767678259336,0.0007505377757496,2.997876117772268e-06,False,False
opioid_ed,75_84,high,276,item_icd_R600,icd,0.0003764121156951,0.0007498291099837,2.995121406600137e-06,False,False
opioid_ed,75_84,high,277,item_icd_J069,icd,0.0003734859159679,0.0007441231437837,2.848688152202528e-06,False,False
opioid_ed,75_84,high,278,item_cpt_93880,cpt,0.0003672710804965,0.000734060801494,4.813594991321521e-07,False,False
opioid_ed,75_84,high,279,item_icd_L97521,icd,0.0003578775947839,0.0007123104072878,3.444782280008599e-06,False,False
opioid_ed,75_84,high,280,item_cpt_99495,cpt,0.0003551441117966,0.0007094668775708,8.213460225164239e-07,False,False
opioid_ed,75_84,high,281,item_cpt_87070,cpt,0.0003514127858392,0.0007003741923342,2.451379344160269e-06,False,False
opioid_ed,75_84,high,282,item_cpt_83605,cpt,0.0003511980240627,0.0006972719290643,5.124119061206341e-06,False,False
opioid_ed,75_84,high,283,item_cpt_85018,cpt,0.0003483490518458,0.0006963576874229,3.404162687751131e-07,False,False
opioid_ed,75_84,high,284,item_icd_R55,icd,0.0003471491154704,0.0006924532149566,1.845015984277542e-06,False,False
opioid_ed,75_84,high,285,item_cpt_96366,cpt,0.000346287760571,0.0006921213326848,4.541884572369538e-07,False,False
opioid_ed,75_84,high,286,item_icd_J209,icd,0.0003397704021423,0.0006780737182593,1.4670860253637396e-06,False,False
opioid_ed,75_84,high,287,item_icd_H401131,icd,0.0003397067181546,0.000678059932467,1.3535038423590482e-06,False,False
opioid_ed,75_84,high,288,item_icd_I130,icd,0.0003349979052573,0.0006692200947146,7.757158000835312e-07,False,False
opioid_ed,75_84,high,289,item_icd_E1142,icd,0.0003292476839335,0.0006564136052686,2.0817625983870006e-06,False,False
opioid_ed,75_84,high,290,item_cpt_99153,cpt,0.0003287721838246,0.000657112859896,4.315077531689641e-07,False,False
opioid_ed,75_84,high,291,item_cpt_51798,cpt,0.000321927897962,0.0006433252932971,5.305026269469427e-07,False,False
opioid_ed,75_84,high,292,item_cpt_99238,cpt,0.0003195156217543,0.0006373290791385,1.7021643701510454e-06,False,False
opioid_ed,75_84,high,293,item_cpt_20552,cpt,0.0003149929395335,0.0006282018895235,1.7839895435061137e-06,False,False
opioid_ed,75_84,high,294,item_drug_FINASTERIDE,drug,0.0003124942650747,0.0006225925693787,2.395960770831919e-06,False,False
opioid_ed,75_84,high,295,item_icd_L0390,icd,0.0003110371912261,0.0006203121167586,1.762265693686057e-06,False,False
opioid_ed,75_84,high,296,item_cpt_97150,cpt,0.000309844497167,0.0006171061103555,2.5828839784736684e-06,False,True
opioid_ed,75_84,high,297,item_icd_I517,icd,0.0003082193959556,0.0006160338977094,4.048942019181568e-07,False,False
opioid_ed,75_84,high,298,item_cpt_87088,cpt,0.0003070807038639,0.0006131401580432,1.0212496845934985e-06,False,False
opioid_ed,75_84,high,299,item_icd_R7309,icd,0.0003047975698039,0.000604522146222,5.072993385853482e-06,False,False
opioid_ed,75_84,high,300,item_icd_K210,icd,0.0002884491970063,0.0005757437508619,1.1546431508040282e-06,False,False
opioid_ed,75_84,high,301,item_cpt_97535,cpt,0.0002870756025783,0.0005737736897917,3.775153649316053e-07,False,True
opioid_ed,75_84,high,302,item_cpt_84100,cpt,0.0002866053097961,0.0005721593439388,1.0512756533604162e-06,False,False
opioid_ed,75_84,high,303,item_cpt_11721,cpt,0.0002846148104311,0.0005678033245805,1.426296281812189e-06,False,False
opioid_ed,75_84,high,304,item_icd_N401,icd,0.0002825168879709,0.000563997042441,1.0367335009154318e-06,False,False
opioid_ed,75_84,high,305,item_cpt_11042,cpt,0.0002749642626755,0.0005487337717829,1.1947535682843556e-06,False,False
opioid_ed,75_84,high,306,item_icd_R579,icd,0.0002663982200301,0.0005306532944323,2.1431456278146e-06,False,False
opioid_ed,75_84,high,307,item_cpt_82570,cpt,0.0002612598353892,0.0005197157866745,2.803884103949525e-06,False,False
opioid_ed,75_84,high,308,item_icd_Z1231,icd,0.0002595628929505,0.0005166872635467,2.438522354347764e-06,False,False
opioid_ed,75_84,high,309,item_cpt_73070,cpt,0.000259271507793,0.0005174142071046,1.128808481435038e-06,False,False
opioid_ed,75_84,high,310,item_icd_Z7901,icd,0.0002571514739136,0.000513877275972,4.256718553057462e-07,False,False
opioid_ed,75_84,high,311,item_cpt_62311,cpt,0.0002505553567656,0.0004982492286489,2.8614848822900106e-06,False,False
opioid_ed,75_84,high,312,item_icd_R5383,icd,0.0002447802868807,0.000487091026174,2.469547587394412e-06,False,False
opioid_ed,75_84,high,313,item_drug_DIGOXIN,drug,0.0002431848650027,0.0004830998128172,3.2699171882458e-06,False,False
opioid_ed,75_84,high,314,item_icd_M79604,icd,0.0002430302383115,0.0004857399950566,3.2048156656090176e-07,False,False
opioid_ed,75_84,high,315,item_cpt_78452,cpt,0.0002428933342267,0.0004855486837444,2.3798470907491061e-07,False,False
opioid_ed,75_84,high,316,item_drug_ATENOLOL,drug,0.0002363127966528,0.000471433426468,1.1921668376337967e-06,False,False
opioid_ed,75_84,high,317,item_icd_H25811,icd,0.0002348559778184,0.0004690038507215,7.081049154548301e-07,False,False
opioid_ed,75_84,high,318,item_cpt_99217,cpt,0.0002340231289161,0.000467658015679,3.882421532421506e-07,False,False
opioid_ed,75_84,high,319,item_icd_M25569,icd,0.000230983573223,0.0004610354491856,9.316972605196624e-07,False,False
opioid_ed,75_84,high,320,item_cpt_94664,cpt,0.0002305745034316,0.00046060980522,5.392016432762624e-07,False,False
opioid_ed,75_84,high,321,item_cpt_43239,cpt,0.0002303612578375,0.0004599493826865,7.731329884741828e-07,False,False
opioid_ed,75_84,high,322,item_icd_I429,icd,0.0002293231220705,0.0004571776005788,1.4686435621955014e-06,False,False
opioid_ed,75_84,high,323,item_cpt_92557,cpt,0.0002275851412862,0.0004532508722956,1.9194102768979924e-06,False,False
opioid_ed,75_84,high,324,item_cpt_64494,cpt,0.0002267606400955,0.0004518383284753,1.682951715738574e-06,False,False
opioid_ed,75_84,high,325,item_icd_R339,icd,0.0002205078121477,0.0004404242439521,5.91380343335464e-07,False,False
opioid_ed,75_84,high,326,item_drug_CELECOXIB,drug,0.0002189751468152,0.0004375118721094,4.384215211673887e-07,False,False
opioid_ed,75_84,high,327,item_icd_L89152,icd,0.0002154658182607,0.0004302066765509,7.249599704655294e-07,False,False
opioid_ed,75_84,high,328,item_icd_J40,icd,0.0002138959802899,0.0004264179751691,1.3739854108527791e-06,False,False
opioid_ed,75_84,high,329,item_cpt_93280,cpt,0.0002137400486575,0.0004252384849323,2.241612382850644e-06,False,False
opioid_ed,75_84,high,330,item_cpt_92567,cpt,0.000213179516335,0.0004254239148696,9.351178004482446e-07,False,False
opioid_ed,75_84,high,331,item_cpt_73630,cpt,0.0002128611394045,0.0004252231971128,4.990816961777834e-07,False,False
opioid_ed,75_84,high,332,item_cpt_85730,cpt,0.0002098708074352,0.0004184636152395,1.2779996308931562e-06,False,False
opioid_ed,75_84,high,333,item_icd_N3941,icd,0.0002038444541127,0.0004074191678471,2.697403784200424e-07,False,False
opioid_ed,75_84,high,334,item_cpt_99397,cpt,0.0002033512098764,0.0004053931351458,1.3092846070437557e-06,False,False
opioid_ed,75_84,high,335,item_cpt_17110,cpt,0.0002012827189715,0.0004020925808317,4.728571114776394e-07,False,False
opioid_ed,75_84,high,336,item_icd_G43909,icd,0.0001974035680679,0.0003926617611355,2.145375000445321e-06,False,False
opioid_ed,75_84,high,337,item_cpt_36600,cpt,0.0001962684421655,0.0003911373069097,1.3995774212485803e-06,False,False
opioid_ed,75_84,high,338,item_drug_LATANOPROST,drug,0.0001895291036731,0.0003782873384734,7.708688728399106e-07,False,False
opioid_ed,75_84,high,339,item_cpt_96411,cpt,0.0001883034244069,0.0003759697341522,6.371146617368765e-07,False,False
opioid_ed,75_84,high,340,item_icd_D696,icd,0.0001870837693733,0.0003737268415968,4.406971498880019e-07,False,False
opioid_ed,75_84,high,341,item_cpt_00740,cpt,0.0001852173094526,0.0003698074849809,6.271339243101527e-07,False,False
opioid_ed,75_84,high,342,item_icd_R262,icd,0.0001843118470666,0.0003680627303203,5.609638130327312e-07,False,False
opioid_ed,75_84,high,343,item_cpt_84450,cpt,0.0001835897464688,0.0003650515063201,2.127986617522876e-06,False,False
opioid_ed,75_84,high,344,item_icd_R634,icd,0.0001802823877711,0.0003604496872702,1.1508827196725713e-07,False,False
opioid_ed,75_84,high,345,item_icd_R002,icd,0.0001793484280157,0.0003580887025292,6.081535021686003e-07,False,False
opioid_ed,75_84,high,346,item_cpt_78815,cpt,0.0001784958016418,0.0003567546865623,2.3691672130957643e-07,False,False
opioid_ed,75_84,high,347,item_cpt_87205,cpt,0.0001742336054392,0.0003482358132224,2.3139765607128813e-07,False,False
opioid_ed,75_84,high,348,item_cpt_97116,cpt,0.0001729808796388,0.0003451360611541,8.25698123482257e-07,False,True
opioid_ed,75_84,high,349,item_cpt_88304,cpt,0.0001726187031067,0.0003449485377665,2.888684469230788e-07,False,False
opioid_ed,75_84,high,350,item_cpt_82947,cpt,0.0001724434127422,0.0003438856775858,1.001147898561713e-06,False,False
opioid_ed,75_84,high,351,item_cpt_94760,cpt,0.0001650280335449,0.0003299508583536,1.052087362724115e-07,False,False
opioid_ed,75_84,high,352,item_icd_H40003,icd,0.0001650060267576,0.000329051749635,9.603038802806638e-07,False,False
opioid_ed,75_84,high,353,item_icd_Z01818,icd,0.0001635844871701,0.0003267249172349,4.440571054687489e-07,False,False
opioid_ed,75_84,high,354,item_cpt_72158,cpt,0.0001581356640907,0.0003157865669337,4.847612478093053e-07,False,False
opioid_ed,75_84,high,355,item_icd_C44319,icd,0.0001567853549288,0.0003126555515797,9.151582778931148e-07,False,False
opioid_ed,75_84,high,356,item_cpt_84520,cpt,0.0001563163655647,0.0003125331645354,9.956659413410068e-08,False,False
opioid_ed,75_84,high,357,item_cpt_00810,cpt,0.0001550740751196,0.0003092423898257,9.057604136497556e-07,False,False
opioid_ed,75_84,high,358,item_cpt_62323,cpt,0.0001543107705276,0.0003075597791887,1.0617618665177448e-06,False,False
opioid_ed,75_84,high,359,item_cpt_99205,cpt,0.0001539304540516,0.0003072815450998,5.793630033507586e-07,False,False
opioid_ed,75_84,high,360,item_cpt_73721,cpt,0.0001521009549129,0.0003038933381177,3.085717082770206e-07,False,False
opioid_ed,75_84,high,361,item_icd_R0609,icd,0.0001516096688112,0.0003022800577652,9.392798571846482e-07,False,False
opioid_ed,75_84,high,362,item_icd_R7301,icd,0.0001491792300174,0.0002973815648971,9.768951378233435e-07,False,False
opioid_ed,75_84,high,363,item_cpt_86334,cpt,0.0001475454680274,0.0002949970499631,9.388609176661644e-08,False,False
opioid_ed,75_84,high,364,item_cpt_77080,cpt,0.0001474032550868,0.0002943529924841,4.535176895762884e-07,False,False
opioid_ed,75_84,high,365,item_icd_M069,icd,0.0001468941744293,0.0002935411116415,2.472372171821293e-07,False,False
opioid_ed,75_84,high,366,item_icd_M25511,icd,0.0001463514312624,0.000292507569152,1.952933729847718e-07,False,False
opioid_ed,75_84,high,367,item_cpt_99281,cpt,0.0001461111585204,0.0002918234826512,3.98834389578371e-07,False,False
opioid_ed,75_84,high,368,item_cpt_11056,cpt,0.0001456926381945,0.0002906323634391,7.529129500303516e-07,False,False
opioid_ed,75_84,high,369,item_cpt_71250,cpt,0.0001454032146457,0.000290358734002,4.476952894079625e-07,False,False
opioid_ed,75_84,high,370,item_icd_I25119,icd,0.0001451348539891,0.0002885629315427,1.706776435450896e-06,False,False
opioid_ed,75_84,high,371,item_cpt_99000,cpt,0.0001449152569899,0.0002888797818091,9.507321706382516e-07,False,False
opioid_ed,75_84,high,372,item_cpt_64491,cpt,0.0001447720662963,0.0002879916285006,1.552504092073916e-06,False,False
opioid_ed,75_84,high,373,item_cpt_80069,cpt,0.0001443204010688,0.0002877940978576,8.4670428015975e-07,False,False
opioid_ed,75_84,high,374,item_cpt_83721,cpt,0.0001438129149232,0.0002873333510496,2.924787969269304e-07,False,False
opioid_ed,75_84,high,375,item_cpt_66821,cpt,0.0001428780565419,0.0002853656462844,3.904667994559543e-07,False,False
opioid_ed,75_84,high,376,item_cpt_94060,cpt,0.0001427053125148,0.0002851701668471,2.404581824754551e-07,False,False
opioid_ed,75_84,high,377,item_cpt_85652,cpt,0.0001407581325797,0.0002809346100609,5.816550985065017e-07,False,False
opioid_ed,75_84,high,378,item_icd_R404,icd,0.0001398612446973,0.0002796335800169,8.890937773786723e-08,False,False
opioid_ed,75_84,high,379,item_icd_R21,icd,0.0001385121466363,0.000276257828125,7.664651477240515e-07,False,False
opioid_ed,75_84,high,380,item_icd_K529,icd,0.0001382560765104,0.0002764242832358,8.786978496558912e-08,False,False
opioid_ed,75_84,high,381,item_icd_D519,icd,0.0001358395430336,0.0002709264369698,7.526490974448754e-07,False,False
opioid_ed,75_84,high,382,item_icd_R9431,icd,0.0001325815867799,0.0002650323371837,1.308363761125119e-07,False,False
opioid_ed,75_84,high,383,item_icd_L600,icd,0.000132518801083,0.0002642093131777,8.282889883221661e-07,False,False
opioid_ed,75_84,high,384,item_icd_M546,icd,0.0001316864617505,0.0002628726803979,5.00243103090152e-07,False,False
opioid_ed,75_84,high,385,item_cpt_83883,cpt,0.0001286351909751,0.0002571433787991,1.2700315126135626e-07,False,False
opioid_ed,75_84,high,386,item_cpt_90715,cpt,0.000127797472781,0.0002554236774808,1.7126808122872775e-07,False,False
opioid_ed,75_84,high,387,item_cpt_82150,cpt,0.0001277770389115,0.0002548880053374,6.660724857487392e-07,False,False
opioid_ed,75_84,high,388,item_cpt_82533,cpt,0.0001276507927042,0.0002549955011913,3.0608421717689213e-07,False,False
opioid_ed,75_84,high,389,item_icd_H26491,icd,0.0001273272926461,0.0002537223947696,9.321905226020496e-07,False,False
opioid_ed,75_84,high,390,item_cpt_88374,cpt,0.0001267843963406,0.0002533541000756,2.1469260568896606e-07,False,False
opioid_ed,75_84,high,391,item_cpt_97161,cpt,0.0001255875468327,0.0002507850845834,3.900090820510197e-07,False,True
opioid_ed,75_84,high,392,item_cpt_96365,cpt,0.000125239796825,0.0002498258196802,6.537739699520712e-07,False,False
opioid_ed,75_84,high,393,item_drug_CARVEDILOL,drug,0.000124595339163,0.0002485400281703,6.506501558003238e-07,False,False
opioid_ed,75_84,high,394,item_cpt_95909,cpt,0.0001233973391867,0.0002463674750739,4.272032995336478e-07,False,False
opioid_ed,75_84,high,395,item_icd_M1711,icd,0.0001223116940557,0.0002441132985401,5.100895713521201e-07,False,False
opioid_ed,75_84,high,396,item_icd_R0902,icd,0.0001213838209454,0.000242518713731,2.489281599252431e-07,False,False
opioid_ed,75_84,high,397,item_icd_I471,icd,0.0001213193225486,0.00024256174446,7.690063721672145e-08,False,False
opioid_ed,75_84,high,398,item_cpt_88185,cpt,0.0001211826677594,0.0002422885233865,7.68121322660758e-08,False,False
opioid_ed,75_84,high,399,item_icd_G308,icd,0.000120142324987,0.0002400381324303,2.465175436123392e-07,False,False
opioid_ed,75_84,high,400,item_icd_C61,icd,0.0001195373640196,0.0002381953493802,8.79378659051902e-07,False,False
opioid_ed,75_84,high,401,item_cpt_76705,cpt,0.0001180913697892,0.0002361079295361,7.48100423586903e-08,False,False
opioid_ed,75_84,high,402,item_cpt_99497,cpt,0.0001178732576166,0.000235337177246,4.093379871615688e-07,False,False
opioid_ed,75_84,high,403,item_icd_M1990,icd,0.00011541648404,0.0002306777319883,1.5523609177337778e-07,False,False
opioid_ed,75_84,high,404,item_icd_K5901,icd,0.0001145755811398,0.0002288746928095,2.764694700591107e-07,False,False
opioid_ed,75_84,high,405,item_icd_D701,icd,0.0001145243832726,0.0002286095674273,4.391991178621705e-07,False,False
opioid_ed,75_84,high,406,item_icd_M79609,icd,0.0001140073637635,0.0002277801222555,2.346052715639881e-07,False,False
opioid_ed,75_84,high,407,item_icd_D631,icd,0.0001128499665862,0.0002256285177431,7.141542930147881e-08,False,False
opioid_ed,75_84,high,408,item_drug_LORATADINE,drug,0.0001126160399019,0.0002249199341193,3.121456845608515e-07,False,False
opioid_ed,75_84,high,409,item_cpt_84681,cpt,0.0001122947396317,0.0002239585452559,6.309340076049552e-07,False,False
opioid_ed,75_84,high,410,item_icd_K5730,icd,0.0001097725850035,0.000219436488538,1.0868146901112153e-07,False,False
opioid_ed,75_84,high,411,item_cpt_20611,cpt,0.0001097643789367,0.0002191064896673,4.2226820621670834e-07,False,False
opioid_ed,75_84,high,412,item_cpt_82553,cpt,0.0001087734171115,0.0002172835063851,2.6332783792675564e-07,False,False
opioid_ed,75_84,high,413,item_cpt_66984,cpt,0.0001087009363983,0.0002169445880551,4.5728474154965045e-07,False,False
opioid_ed,75_84,high,414,item_icd_R1909,icd,0.0001082703114007,0.0002162397242953,3.008985061161196e-07,False,False
opioid_ed,75_84,high,415,item_cpt_73020,cpt,0.0001081286217395,0.000215802179112,4.550643671287779e-07,False,False
opioid_ed,75_84,high,416,item_drug_LINZESS,drug,0.0001056167197755,0.0002100346039854,1.198835565584916e-06,False,False
opioid_ed,75_84,high,417,item_icd_Z01419,icd,0.0001052797115045,0.0002100777285912,4.816944178851889e-07,False,False
opioid_ed,75_84,high,418,item_cpt_70486,cpt,0.0001042323054846,0.0002083987767983,6.583417104586947e-08,False,False
opioid_ed,75_84,high,419,item_cpt_88112,cpt,0.0001036800530812,0.0002071455534601,2.1455270237980534e-07,False,False
opioid_ed,75_84,high,420,item_cpt_93015,cpt,0.0001035983104644,0.0002071311973669,6.542356196073996e-08,False,False
opioid_ed,75_84,high,421,item_icd_H26493,icd,0.0001035829776078,0.0002063947394061,7.712158094791653e-07,False,False
opioid_ed,75_84,high,422,item_icd_J0190,icd,0.0001026913622691,0.0002052439660496,1.387584887065188e-07,False,False
opioid_ed,75_84,high,423,item_icd_N3946,icd,0.0001012747200044,0.0002022666467905,2.8279321842079785e-07,False,False
opioid_ed,75_84,high,424,item_icd_G3184,icd,9.90425052184718e-05,0.0001979509768081,1.3403362876316768e-07,False,False
opioid_ed,75_84,high,425,item_icd_M5442,icd,9.75522193246766e-05,0.0001949017843795,2.026542697545758e-07,False,False
opioid_ed,75_84,high,426,item_icd_M2041,icd,9.500174345589976e-05,0.0001894619492158,5.415376959339065e-07,False,False
opioid_ed,75_84,high,427,item_cpt_88189,cpt,9.435969451765288e-05,0.0001886599488951,5.9440140134803295e-08,False,False
opioid_ed,75_84,high,428,item_icd_M1611,icd,9.391188634937062e-05,0.0001873898488745,4.339238242094497e-07,False,False
opioid_ed,75_84,high,429,item_icd_R102,icd,9.2688685713545e-05,0.0001853190135216,5.8357905457290415e-08,False,False
opioid_ed,75_84,high,430,item_icd_Z09,icd,9.045469891333258e-05,0.0001805887336054,3.206642212499693e-07,False,False
opioid_ed,75_84,high,431,item_icd_H353131,icd,9.01123883788504e-05,0.0001801680874001,5.6689357506892875e-08,False,False
opioid_ed,75_84,high,432,item_icd_R300,icd,8.827548425478316e-05,0.00017639859671,1.523717994955148e-07,False,False
opioid_ed,75_84,high,433,item_cpt_85014,cpt,8.755110501495539e-05,0.0001748229304014,2.7927962844207933e-07,False,False
opioid_ed,75_84,high,434,item_icd_M1712,icd,8.741847217553383e-05,0.0001744303075624,4.06636788577557e-07,False,False
opioid_ed,75_84,high,435,item_icd_G8911,icd,8.732393086360049e-05,0.0001744650677548,1.827939723053016e-07,False,False
opioid_ed,75_84,high,436,item_cpt_71275,cpt,8.72790617683184e-05,0.0001743754166867,1.827068498525106e-07,False,False
opioid_ed,75_84,high,437,item_icd_I619,icd,8.701746038823938e-05,0.0001739164582297,1.1846254668305669e-07,False,False
opioid_ed,75_84,high,438,item_icd_Z136,icd,8.655376490802849e-05,0.0001721367262868,9.708035291732609e-07,False,False
opioid_ed,75_84,high,439,item_icd_G4733,icd,8.646889678322168e-05,0.0001728517475048,8.604606160916313e-08,False,False
opioid_ed,75_84,high,440,item_icd_E7800,icd,8.602202448489158e-05,0.0001719900087507,5.4040219070993285e-08,False,False
opioid_ed,75_84,high,441,item_cpt_99349,cpt,8.557952180183185e-05,0.0001710738614123,8.518219127041887e-08,False,False
opioid_ed,75_84,high,442,item_icd_G20,icd,8.514600094855448e-05,0.0001699572990696,3.347028274554431e-07,False,False
opioid_ed,75_84,high,443,item_icd_I5030,icd,8.496102037098599e-05,0.0001698686876859,5.335305605771072e-08,False,False
opioid_ed,75_84,high,444,item_cpt_93294,cpt,8.440147426123519e-05,0.0001687189105958,8.40379266472318e-08,False,False
opioid_ed,75_84,high,445,item_icd_M1710,icd,8.286503791428413e-05,0.0001654644380032,2.6563782534920764e-07,False,False
opioid_ed,75_84,high,446,item_cpt_99224,cpt,8.133145496163365e-05,0.0001624917515588,1.711583644200163e-07,False,False
opioid_ed,75_84,high,447,item_cpt_83615,cpt,8.072630610255141e-05,0.0001613422959964,1.103162086740036e-07,False,False
opioid_ed,75_84,high,448,item_icd_M160,icd,8.005194149103904e-05,0.000160053709308,5.01736740069016e-08,False,False
opioid_ed,75_84,high,449,item_cpt_86580,cpt,7.9539820868997e-05,0.0001590297997406,4.984199730066233e-08,False,False
opioid_ed,75_84,high,450,item_cpt_84165,cpt,7.944746147305333e-05,0.0001588451407656,4.9782180415892674e-08,False,False
opioid_ed,75_84,high,451,item_icd_L578,icd,7.921969321851685e-05,0.0001580379373293,4.014491077329289e-07,False,False
opioid_ed,75_84,high,452,item_icd_R0689,icd,7.906781105140818e-05,0.0001579103025778,2.25319524969717e-07,False,False
opioid_ed,75_84,high,453,item_cpt_86300,cpt,7.897556351688109e-05,0.0001573467373221,6.043897116281758e-07,False,False
opioid_ed,75_84,high,454,item_icd_M19011,icd,7.583221792281373e-05,0.0001514757182944,1.8871755120822205e-07,False,False
opioid_ed,75_84,high,455,item_cpt_86200,cpt,7.412037214754789e-05,0.0001481944122226,4.6332072442734186e-08,False,False
opioid_ed,75_84,high,456,item_drug_XARELTO,drug,7.374140644053659e-05,0.0001472988309207,1.839819602762301e-07,False,False
opioid_ed,75_84,high,457,item_cpt_99348,cpt,7.054916193067959e-05,0.0001410543046956,4.401916569569494e-08,False,False
opioid_ed,75_84,high,458,item_cpt_87427,cpt,6.976638584282333e-05,0.0001394366473423,9.61243432493822e-08,False,False
opioid_ed,75_84,high,459,item_cpt_73552,cpt,6.878701851408808e-05,0.0001373753252188,1.9871180932712122e-07,False,False
opioid_ed,75_84,high,460,item_icd_R001,icd,6.841052569014393e-05,0.0001366749816218,1.4606975847882037e-07,False,False
opioid_ed,75_84,high,461,item_cpt_86901,cpt,6.801886219721366e-05,0.0001359438628979,9.386149645696849e-08,False,False
opioid_ed,75_84,high,462,item_cpt_87046,cpt,6.758220576783191e-05,0.0001351223139294,4.2097606193314846e-08,False,False
opioid_ed,75_84,high,463,item_icd_I259,icd,6.701248252919324e-05,0.0001339832364354,4.17286229516204e-08,False,False
opioid_ed,75_84,high,464,item_icd_E784,icd,6.66172867074707e-05,0.0001331172521078,1.1732130705792505e-07,False,False
opioid_ed,75_84,high,465,item_cpt_87081,cpt,6.54772888864126e-05,0.0001306649851912,2.8959258158575386e-07,False,False
opioid_ed,75_84,high,466,item_icd_M79641,icd,6.416511471354211e-05,0.0001282903449118,3.9884515259215465e-08,False,False
opioid_ed,75_84,high,467,item_icd_M109,icd,6.375652861928402e-05,0.0001273273648384,1.856924001543349e-07,False,False
opioid_ed,75_84,high,468,item_icd_M7062,icd,6.32578424392066e-05,0.0001263554477038,1.6023717456002317e-07,False,False
opioid_ed,75_84,high,469,item_icd_R791,icd,6.213562283926345e-05,0.0001242088350845,6.24105939553796e-08,False,False
opioid_ed,75_84,high,470,item_icd_C3410,icd,6.136296803664585e-05,0.0001225464384464,1.7949762683068574e-07,False,False
opioid_ed,75_84,high,471,item_cpt_70250,cpt,5.984383939225024e-05,0.0001195582429857,1.2943579878182425e-07,False,False
opioid_ed,75_84,high,472,item_cpt_99350,cpt,5.898460691893499e-05,0.000117909863898,5.9349939847222804e-08,False,False
opioid_ed,75_84,high,473,item_cpt_82310,cpt,5.845964667427723e-05,0.0001168831039995,3.618934899297287e-08,False,False
opioid_ed,75_84,high,474,item_icd_I872,icd,5.801883623756141e-05,0.0001159342664499,1.0340602521084705e-07,False,False
opioid_ed,75_84,high,475,item_cpt_80047,cpt,5.510862129408224e-05,0.0001101400984032,7.714418491137979e-08,False,False
opioid_ed,75_84,high,476,item_drug_TRADJENTA,drug,5.3561226821746096e-05,0.0001067741730541,3.4828058938566253e-07,False,False
opioid_ed,75_84,high,477,item_cpt_82948,cpt,5.336981035271112e-05,0.0001066647280853,7.48926200921107e-08,False,False
opioid_ed,75_84,high,478,item_icd_L299,icd,5.284685899220593e-05,0.000105515467317,1.782506673627327e-07,False,False
opioid_ed,75_84,high,479,item_drug_CILOSTAZOL,drug,5.197012798330509e-05,0.0001034168937483,5.233622182485206e-07,False,False
opioid_ed,75_84,high,480,item_icd_R1084,icd,4.977540895868592e-05,9.952025294521068e-05,3.0564972161160995e-08,False,False
opioid_ed,75_84,high,481,item_icd_J0100,icd,4.87840412046002e-05,9.732379766937547e-05,2.442847398249281e-07,False,False
opioid_ed,75_84,high,482,item_drug_NYSTATIN,drug,4.862985735785413e-05,9.719095980222604e-05,6.875491348221694e-08,False,False
opioid_ed,75_84,high,483,item_icd_Z4502,icd,4.8132016698477886e-05,9.609950830133652e-05,1.6452509561926198e-07,False,False
opioid_ed,75_84,high,484,item_cpt_64490,cpt,4.709968287867427e-05,9.401891505295604e-05,1.8045070439249425e-07,False,False
opioid_ed,75_84,high,485,item_cpt_95910,cpt,4.617539226411211e-05,9.230387647266028e-05,4.69080555639282e-08,False,False
opioid_ed,75_84,high,486,item_icd_Z45018,icd,4.546769277201976e-05,9.079702647367388e-05,1.383590703656406e-07,False,False
opioid_ed,75_84,high,487,item_icd_J439,icd,4.516633652217207e-05,9.025006683144887e-05,8.260621289524277e-08,False,False
opioid_ed,75_84,high,488,item_icd_R160,icd,4.514744818465629e-05,9.02306507844722e-05,6.424558484037547e-08,False,False
opioid_ed,75_84,high,489,item_icd_M47814,icd,4.501375085080493e-05,8.994514242537261e-05,8.235927623725657e-08,False,False
opioid_ed,75_84,high,490,item_icd_M7552,icd,4.463242672065561e-05,8.918311128007216e-05,8.174216123907299e-08,False,False
opioid_ed,75_84,high,491,item_icd_L820,icd,4.426777637869476e-05,8.841832720075697e-05,1.1722555663254521e-07,False,False
opioid_ed,75_84,high,492,item_drug_DEXILANT,drug,4.426371112489403e-05,8.848237105400528e-05,4.5051195782774265e-08,False,False
opioid_ed,75_84,high,493,item_icd_D61818,icd,4.339510202202404e-05,8.672822755061786e-05,6.19764934302117e-08,False,False
opioid_ed,75_84,high,494,item_cpt_86480,cpt,4.116812815026925e-05,8.229421191557102e-05,4.204438496747445e-08,False,False
opioid_ed,75_84,high,495,item_icd_Z452,icd,4.0839593123664935e-05,8.160358220931263e-05,7.560403801723292e-08,False,False
opioid_ed,75_84,high,496,item_icd_M25512,icd,4.068578019493432e-05,8.129620527463841e-05,7.535511523021435e-08,False,False
opioid_ed,75_84,high,497,item_icd_F329,icd,4.050151830283705e-05,8.089434144871783e-05,1.0869515695626817e-07,False,False
opioid_ed,75_84,high,498,item_cpt_43450,cpt,4.018802950326344e-05,8.03349666138775e-05,4.1092392649376447e-08,False,False
opioid_ed,75_84,high,499,item_icd_M79662,icd,3.9636180372510986e-05,7.919870424716553e-05,7.365649785644725e-08,False,False
opioid_ed,75_84,high,500,item_drug_OFLOXACIN,drug,3.92476853572578e-05,7.827478626560479e-05,2.2058444891079195e-07,False,False
opioid_ed,75_84,high,501,item_icd_Z981,icd,3.7731623746142486e-05,7.537674704692668e-05,8.650044535828653e-08,False,False
opioid_ed,75_84,high,502,item_icd_K2970,icd,3.7409430312513473e-05,7.47963045220467e-05,2.255610298023749e-08,False,False
opioid_ed,75_84,high,503,item_icd_C50919,icd,3.73293488769245e-05,7.450984507470375e-05,1.4885267914525714e-07,False,False
opioid_ed,75_84,high,504,item_cpt_70553,cpt,3.672772226737364e-05,7.343332994235906e-05,2.2114592388207e-08,False,False
opioid_ed,75_84,high,505,item_icd_M533,icd,3.550104311393321e-05,7.087433168008822e-05,1.2775454777820789e-07,False,False
opioid_ed,75_84,high,506,item_cpt_88313,cpt,3.4470666372923333e-05,6.890579375927176e-05,3.5538986574907764e-08,False,False
opioid_ed,75_84,high,507,item_cpt_64495,cpt,3.414473904044966e-05,6.826903636660292e-05,2.0441714296398484e-08,False,False
opioid_ed,75_84,high,508,item_cpt_87075,cpt,3.330398024207156e-05,6.647212616237753e-05,1.3583432176558713e-07,False,False
opioid_ed,75_84,high,509,item_icd_R3915,icd,3.2386359655211786e-05,6.475341641666615e-05,1.930289375742224e-08,False,False
opioid_ed,75_84,high,510,item_drug_LEVOFLOXACIN,drug,3.2267666119986144e-05,6.450193307812213e-05,3.339916185015048e-08,False,False
opioid_ed,75_84,high,511,item_icd_N281,icd,3.2134650415683105e-05,6.422190535769076e-05,4.7395473675455125e-08,False,False
opioid_ed,75_84,high,512,item_cpt_72114,cpt,2.9224281966135208e-05,5.833908192259287e-05,1.0948200967755157e-07,False,False
opioid_ed,75_84,high,513,item_drug_DUTASTERIDE,drug,2.856556906925561e-05,5.703652344870832e-05,9.461468980289881e-08,False,False
opioid_ed,75_84,high,514,item_icd_M5417,icd,2.801581152418322e-05,5.59767723467703e-05,5.485070159613665e-08,False,False
opioid_ed,75_84,high,515,item_cpt_80050,cpt,2.6236541432270004e-05,5.2421111640461095e-05,5.197122407891489e-08,False,False
opioid_ed,75_84,high,516,item_cpt_52000,cpt,2.5057728510233368e-05,5.0077225365589466e-05,3.8231654877270736e-08,False,False
opioid_ed,75_84,high,517,item_cpt_93016,cpt,2.4620998335927742e-05,4.919263995810031e-05,4.935671375517966e-08,False,False
opioid_ed,75_84,high,518,item_icd_M5441,icd,2.316729790474404e-05,4.6186771623219626e-05,1.4782418626845738e-07,False,False
opioid_ed,75_84,high,519,item_drug_METHOTREXATE,drug,2.2589287742338e-05,4.5110450698283056e-05,6.81247863929383e-08,False,False
opioid_ed,75_84,high,520,item_cpt_73221,cpt,2.163607852984854e-05,4.325981662298853e-05,1.2340436708554982e-08,False,False
opioid_ed,75_84,high,521,item_cpt_85651,cpt,2.163338567816154e-05,4.324370151522044e-05,2.3069841102647224e-08,False,False
opioid_ed,75_84,high,522,item_drug_NAPROXEN,drug,1.988008467847068e-05,3.974896619577246e-05,1.1203161168899716e-08,False,False
opioid_ed,75_84,high,523,item_icd_N289,icd,1.921775941009177e-05,3.841479533233586e-05,2.07234878476727e-08,False,False
opioid_ed,75_84,high,524,item_cpt_84481,cpt,1.9097100464557023e-05,3.818350487040096e-05,1.0696058713090156e-08,False,False
opioid_ed,75_84,high,525,item_icd_I714,icd,1.868350525920258e-05,3.734680596388028e-05,2.0204554524876808e-08,False,False
opioid_ed,75_84,high,526,item_icd_K219,icd,1.7966579563900717e-05,3.592319525489092e-05,9.963872910516516e-09,False,False
opioid_ed,75_84,high,527,item_icd_N2889,icd,1.741713720598548e-05,3.480593646443688e-05,2.833794753408349e-08,False,False
opioid_ed,75_84,high,528,item_cpt_74018,cpt,1.6988188462551053e-05,3.3967046710599285e-05,9.33021450282434e-09,False,False
opioid_ed,75_84,high,529,item_icd_E1165,icd,1.5861716131845874e-05,3.171483161292105e-05,8.600650770693826e-09,False,False
opioid_ed,75_84,high,530,item_icd_G8918,icd,1.579547179900674e-05,3.157354425669537e-05,1.7399341318108486e-08,False,False
opioid_ed,75_84,high,531,item_icd_H40013,icd,1.555174874681105e-05,3.10688179783477e-05,3.4679515274394984e-08,False,False
opioid_ed,75_84,high,532,item_icd_D539,icd,1.551775295192648e-05,3.098339781543236e-05,5.210808842059591e-08,False,False
opioid_ed,75_84,high,533,item_cpt_76536,cpt,1.5133350049431494e-05,3.0258571176924823e-05,8.128921938161507e-09,False,False
opioid_ed,75_84,high,534,item_icd_I5022,icd,1.4441812571810285e-05,2.8875944098340653e-05,7.681045279916725e-09,False,False
opioid_ed,75_84,high,535,item_icd_E876,icd,1.4290793810908608e-05,2.8574004384364285e-05,7.583237452931589e-09,False,False
opioid_ed,75_84,high,536,item_drug_PRIMIDONE,drug,1.2917664737645705e-05,2.5749649275185245e-05,8.56802001061631e-08,False,False
opioid_ed,75_84,high,537,item_icd_M179,icd,1.1805557019547943e-05,2.360514037391501e-05,5.973665180882879e-09,False,False
opioid_ed,75_84,high,538,item_icd_K5732,icd,1.122601680802094e-05,2.242435463875207e-05,2.7678977289810124e-08,False,False
opioid_ed,75_84,high,539,item_cpt_73590,cpt,1.0678745755763532e-05,2.133069820904175e-05,2.6793302485313732e-08,False,False
opioid_ed,75_84,high,540,item_drug_TEMAZEPAM,drug,1.0251247094921165e-05,2.047639272879701e-05,2.6101461045313825e-08,False,False
opioid_ed,75_84,high,541,item_cpt_00910,cpt,9.28186736818334e-06,1.8525750639264115e-05,3.798409710256897e-08,False,False
opioid_ed,75_84,high,542,item_icd_H04123,icd,8.80865593871246e-06,1.760669899076348e-05,1.0612886661441564e-08,False,False
opioid_ed,75_84,high,543,item_cpt_96376,cpt,8.535269764561689e-06,1.706668387688418e-05,3.855652239195232e-09,False,False
opioid_ed,75_84,high,544,item_cpt_82977,cpt,8.338906025002014e-06,1.6641963716562527e-05,3.58483334415023e-08,False,False
opioid_ed,75_84,high,545,item_cpt_85379,cpt,8.136203903068498e-06,1.6268810610294235e-05,3.59719584276107e-09,False,False
opioid_ed,75_84,high,546,item_icd_M25571,icd,7.173805516807774e-06,1.4338586114703726e-05,9.024918911820405e-09,False,False
opioid_ed,75_84,high,547,item_icd_J189,icd,6.3113407837567725e-06,1.2620266250631911e-05,2.415316881633857e-09,False,False
opioid_ed,75_84,high,548,item_icd_R350,icd,6.084001519807498e-06,1.2165734959800218e-05,2.2680798147785993e-09,False,False
opioid_ed,75_84,high,549,item_icd_D518,icd,5.9690141451511055e-06,1.1907547651935638e-05,3.048063836657362e-08,False,False
opioid_ed,75_84,high,550,item_icd_K7689,icd,4.085777819370538e-06,8.170581715472167e-06,9.739232689095894e-10,False,False
opioid_ed,75_84,high,551,item_cpt_84460,cpt,3.9902734158764245e-06,7.979634762243813e-06,9.120695090356591e-10,False,False
opioid_ed,75_84,high,552,item_icd_M62838,icd,2.6575859927495117e-06,5.301359707819677e-06,1.381227767934553e-08,False,False
opioid_ed,75_84,high,553,item_icd_G629,icd,2.582005679474291e-06,5.164011358948582e-06,0.0,False,False
opioid_ed,75_84,high,554,item_drug_DIAZEPAM,drug,1.597757009344445e-06,3.1919052437138704e-06,3.6087749750198044e-09,False,False
opioid_ed,75_84,high,555,item_cpt_99343,cpt,6.6248526502522545e-09,0.0,1.3249705300504509e-08,False,False
opioid_ed,0_12,low,1,pgx_num_drugs,pgx,0.8663739727327842,0.9999999999296384,0.7327479455359298,True,False
opioid_ed,0_12,low,2,n_event_bin_ordinal,utilization_temporal,0.7136565590719167,0.4273131190817849,0.9999999990620486,True,False
opioid_ed,0_12,low,3,item_cpt_99214,cpt,0.579108146145304,0.4264191228769811,0.731797169413627,True,False
opioid_ed,0_12,low,4,item_cpt_99283,cpt,0.2514316270373762,0.2223945607253083,0.2804686933494441,True,False
opioid_ed,0_12,low,5,item_cpt_99213,cpt,0.2036537354010731,0.1478574407556103,0.2594500300465359,True,False
opioid_ed,0_12,low,6,pgx_num_cpic_drugs,pgx,0.1441054841140615,0.2308655550099566,0.0573454132181664,True,False
opioid_ed,0_12,low,7,item_drug_AMOXICILLIN,drug,0.1118412276841889,0.1430728636302206,0.0806095917381572,True,False
opioid_ed,0_12,low,8,item_icd_Z23,icd,0.0364962793599495,0.0610194790185044,0.0119730797013945,True,False
opioid_ed,0_12,low,9,item_cpt_99284,cpt,0.0257921640020359,0.0455872336230491,0.0059970943810227,True,False
opioid_ed,0_12,low,10,item_cpt_99285,cpt,0.0133185139321697,0.0247464627891327,0.0018905650752066,True,False
opioid_ed,0_12,low,11,item_icd_J069,icd,0.0106199767001892,0.0198993690549033,0.001340584345475,True,False
opioid_ed,0_12,low,12,item_cpt_90460,cpt,0.0105668640932369,0.0192652047873413,0.0018685233991326,True,False
opioid_ed,0_12,low,13,item_cpt_99215,cpt,0.0056587191912454,0.0110022396133816,0.0003151987691093,True,False
opioid_ed,0_12,low,14,item_cpt_36416,cpt,0.0046686120453282,0.0089819992756279,0.0003552248150285,True,False
opioid_ed,0_12,low,15,item_cpt_90670,cpt,0.0046312279987584,0.0090960639723046,0.0001663920252123,True,False
opioid_ed,0_12,low,16,item_cpt_87804,cpt,0.0031394053669228,0.0061660173198516,0.000112793413994,True,False
opioid_ed,0_12,low,17,item_cpt_90734,cpt,0.002523552344245,0.0047340789610343,0.0003130257274557,True,False
opioid_ed,0_12,low,18,item_cpt_90471,cpt,0.0022481266473893,0.0044154819861985,8.077130858017686e-05,True,False
opioid_ed,0_12,low,19,item_cpt_87880,cpt,0.0017431088653579,0.0033801621004783,0.0001060556302376,True,False
opioid_ed,0_12,low,20,item_cpt_96110,cpt,0.0007002789922233,0.001350202665227,5.03553192197697e-05,True,False
opioid_ed,0_12,medium,1,n_event_bin_ordinal,utilization_temporal,0.8504366972091777,0.7008733949906877,0.9999999994276676,True,False
opioid_ed,0_12,medium,2,pgx_num_drugs,pgx,0.723545076852979,0.9999999999322868,0.447090153773671,True,False
opioid_ed,0_12,medium,3,item_cpt_99214,cpt,0.4016930026406144,0.3920175615519295,0.4113684437292993,True,False
opioid_ed,0_12,medium,4,pgx_num_cpic_drugs,pgx,0.1743395439684856,0.3027562136180413,0.0459228743189298,True,False
opioid_ed,0_12,medium,5,item_cpt_99213,cpt,0.1557728504433033,0.1499537556768411,0.1615919452097655,True,False
opioid_ed,0_12,medium,6,item_cpt_99283,cpt,0.1007904728670699,0.1131690618678299,0.0884118838663099,True,False
opioid_ed,0_12,medium,7,item_drug_AMOXICILLIN,drug,0.0763233326521805,0.1132708461933678,0.0393758191109933,True,False
opioid_ed,0_12,medium,8,item_icd_Z23,icd,0.0456085468404665,0.0814192404235376,0.0097978532573955,True,False
opioid_ed,0_12,medium,9,item_cpt_99284,cpt,0.0239140198472193,0.044214459486365,0.0036135802080737,True,False
opioid_ed,0_12,medium,10,item_cpt_99285,cpt,0.0188940515060496,0.0361039438651449,0.0016841591469544,True,False
opioid_ed,0_12,medium,11,item_icd_J069,icd,0.0162674101263698,0.0312559118514737,0.0012789084012659,True,False
opioid_ed,0_12,medium,12,item_cpt_90460,cpt,0.0126523196631217,0.023870273215554,0.0014343661106893,True,False
opioid_ed,0_12,medium,13,item_cpt_99215,cpt,0.0084768621252037,0.0166748690228065,0.0002788552276008,True,False
opioid_ed,0_12,medium,14,item_cpt_87804,cpt,0.0066220157635537,0.0131126636333912,0.0001313678937161,True,False
opioid_ed,0_12,medium,15,item_cpt_90670,cpt,0.0046524944591394,0.0092170521157815,8.793680249729464e-05,True,False
opioid_ed,0_12,medium,16,item_cpt_90734,cpt,0.0038863495328172,0.0074781199586674,0.0002945791069671,True,False
opioid_ed,0_12,medium,17,item_cpt_36416,cpt,0.0035800142552156,0.0069893620441836,0.0001706664662476,True,False
opioid_ed,0_12,medium,18,item_cpt_90471,cpt,0.0030508850981922,0.0060491514389859,5.26187573985475e-05,True,False
opioid_ed,0_12,medium,19,item_cpt_87880,cpt,0.0016889645586361,0.003322368865206,5.556025206638312e-05,True,False
opioid_ed,0_12,medium,20,item_cpt_99173,cpt,0.0007426849725159,0.0014836506879255,1.7192571063167268e-06,True,False
opioid_ed,0_12,high,1,pgx_num_drugs,pgx,0.9999999993334272,0.999999999946942,0.9999999987199122,True,False
opioid_ed,0_12,high,2,n_event_bin_ordinal,utilization_temporal,0.5228665984390611,0.248176572344801,0.7975566245333212,True,False
opioid_ed,0_12,high,3,item_cpt_99214,cpt,0.40603081782041,0.2418813115155988,0.5701803241252211,True,False
opioid_ed,0_12,high,4,item_cpt_99213,cpt,0.2254044576953375,0.1319280204987617,0.3188808948919133,True,False
opioid_ed,0_12,high,5,pgx_num_cpic_drugs,pgx,0.1955614483097792,0.2919894321561063,0.0991334644634521,True,False
opioid_ed,0_12,high,6,item_cpt_99283,cpt,0.1398494460741889,0.1015953453217231,0.1781035468266547,True,False
opioid_ed,0_12,high,7,item_drug_AMOXICILLIN,drug,0.0761650499081803,0.0853902760113858,0.0669398238049749,True,False
opioid_ed,0_12,high,8,item_icd_Z23,icd,0.0474343273932868,0.0746743233021222,0.0201943314844514,True,False
opioid_ed,0_12,high,9,item_cpt_99284,cpt,0.0280206675320102,0.0473674015429913,0.008673933521029,True,False
opioid_ed,0_12,high,10,item_cpt_99285,cpt,0.026725102941027,0.0484182945144793,0.0050319113675746,True,False
opioid_ed,0_12,high,11,item_icd_J069,icd,0.0164113495813087,0.0300328310132987,0.0027898681493186,True,False
opioid_ed,0_12,high,12,item_cpt_90460,cpt,0.0142664653564396,0.0251292915213375,0.0034036391915416,True,False
opioid_ed,0_12,high,13,item_cpt_87804,cpt,0.0067468993853357,0.0131662960959078,0.0003275026747636,True,False
opioid_ed,0_12,high,14,item_cpt_99215,cpt,0.0063608252088482,0.0122310370587824,0.0004906133589139,True,False
opioid_ed,0_12,high,15,item_cpt_90734,cpt,0.0056368959594652,0.0103635765469489,0.0009102153719816,True,False
opioid_ed,0_12,high,16,item_cpt_90670,cpt,0.0054077247642219,0.0105531037293068,0.000262345799137,True,False
opioid_ed,0_12,high,17,item_cpt_36416,cpt,0.0048222147664096,0.0091224060181233,0.0005220235146959,True,False
opioid_ed,0_12,high,18,item_cpt_87880,cpt,0.0046080850402382,0.0088519375254614,0.000364232555015,True,False
opioid_ed,0_12,high,19,item_cpt_90471,cpt,0.0022690278691767,0.0044284216767266,0.0001096340616268,True,False
opioid_ed,0_12,high,20,item_cpt_96110,cpt,1.6581795687922952e-05,0.0,3.3163591375845904e-05,True,False
opioid_ed,0_12,high,21,item_cpt_99173,cpt,1.5709987855019426e-05,3.141997571003885e-05,0.0,False,False
opioid_ed,65_74,low,1,pgx_num_drugs,pgx,0.9999999994158904,0.999999999962951,0.9999999988688298,True,False
opioid_ed,65_74,low,2,pgx_num_cpic_drugs,pgx,0.4159985836417327,0.5032610905617575,0.3287360767217078,True,False
opioid_ed,65_74,low,3,item_cpt_85025,cpt,0.0983460643018481,0.1587901553177928,0.0379019732859034,True,False
opioid_ed,65_74,low,4,item_icd_Z79891,icd,0.0701014179712471,0.1078712929545569,0.0323315429879373,True,False
opioid_ed,65_74,low,5,item_icd_M545,icd,0.0659718869608309,0.1073156309878146,0.0246281429338473,True,False
opioid_ed,65_74,low,6,item_cpt_99203,cpt,0.0459720700369125,0.0798245440967378,0.0121195959770873,True,False
opioid_ed,65_74,low,7,item_icd_G8929,icd,0.0450717252557725,0.0763332550281949,0.01381019548335,True,False
opioid_ed,65_74,low,8,item_icd_Z79899,icd,0.0431044221430317,0.0721129879114887,0.0140958563745746,True,False
opioid_ed,65_74,low,9,item_cpt_99214,cpt,0.0421346216525251,0.0776576303783203,0.0066116129267299,True,False
opioid_ed,65_74,low,10,item_icd_G894,icd,0.0407494529376171,0.0697671748137,0.0117317310615341,True,False
opioid_ed,65_74,low,11,item_cpt_20610,cpt,0.0297761199824438,0.0512118473910707,0.0083403925738168,True,False
opioid_ed,65_74,low,12,item_cpt_85610,cpt,0.0297135584319512,0.0517037777983036,0.0077233390655987,True,False
opioid_ed,65_74,low,13,item_cpt_99285,cpt,0.0274980725160204,0.049231523384198,0.0057646216478429,True,False
opioid_ed,65_74,low,14,item_drug_LISINOPRIL,drug,0.0262528407913773,0.0479152036676537,0.0045904779151008,True,False
opioid_ed,65_74,low,15,item_cpt_99232,cpt,0.026006669457169,0.0460491992178019,0.005964139696536,True,False
opioid_ed,65_74,low,16,item_cpt_93010,cpt,0.0256492812592435,0.0446448632942094,0.0066536992242776,True,False
opioid_ed,65_74,low,17,item_cpt_80053,cpt,0.024891871922074,0.047347677908619,0.0024360659355291,True,False
opioid_ed,65_74,low,18,item_cpt_84443,cpt,0.0237867714282315,0.0424516418005527,0.0051219010559103,True,False
opioid_ed,65_74,low,19,item_cpt_96372,cpt,0.0220498540591128,0.0393640301804391,0.0047356779377865,True,False
opioid_ed,65_74,low,20,item_cpt_92015,cpt,0.0216945095862706,0.0400097752573599,0.0033792439151813,True,False
opioid_ed,65_74,low,21,item_cpt_99239,cpt,0.0215597690724262,0.0393619334284526,0.0037576047163997,False,False
opioid_ed,65_74,low,22,item_cpt_83735,cpt,0.0204870405079927,0.0375126885472989,0.0034613924686864,False,False
opioid_ed,65_74,low,23,item_cpt_80061,cpt,0.0202675597825766,0.0368592603401088,0.0036758592250443,False,False
opioid_ed,65_74,low,24,item_cpt_81003,cpt,0.019125151936754,0.0346361498592549,0.0036141540142531,False,False
opioid_ed,65_74,low,25,item_icd_M47817,icd,0.0191043420431775,0.0340727816814418,0.0041359024049132,False,False
opioid_ed,65_74,low,26,item_cpt_36415,cpt,0.0183113599857359,0.0341049532384317,0.00251776673304,False,False
opioid_ed,65_74,low,27,item_cpt_97140,cpt,0.0182714579441052,0.033564647380146,0.0029782685080644,False,True
opioid_ed,65_74,low,28,item_cpt_97112,cpt,0.0176916515928839,0.032019237302536,0.0033640658832317,False,True
opioid_ed,65_74,low,29,item_cpt_99231,cpt,0.0169837600285941,0.0312805609358517,0.0026869591213365,False,False
opioid_ed,65_74,low,30,item_cpt_99309,cpt,0.0169304521076223,0.0305433329762328,0.0033175712390118,False,False
opioid_ed,65_74,low,31,item_cpt_80048,cpt,0.0167686510350608,0.0305448378271381,0.0029924642429834,False,False
opioid_ed,65_74,low,32,item_cpt_82607,cpt,0.0167555794721841,0.0312484456925467,0.0022627132518214,False,False
opioid_ed,65_74,low,33,item_icd_I10,icd,0.0164953115872143,0.0295312768802289,0.0034593462941997,False,False
opioid_ed,65_74,low,34,item_drug_PREDNISONE,drug,0.0162791383748386,0.029691488185811,0.0028667885638663,False,False
opioid_ed,65_74,low,35,item_cpt_86140,cpt,0.0162728087094395,0.0305096266760966,0.0020359907427825,False,False
opioid_ed,65_74,low,36,item_cpt_99204,cpt,0.0148970391451988,0.0271704463804074,0.0026236319099903,False,False
opioid_ed,65_74,low,37,item_cpt_77052,cpt,0.0148400221428945,0.0264080384811064,0.0032720058046825,False,False
opioid_ed,65_74,low,38,item_icd_M549,icd,0.0140307478445268,0.025900577037237,0.0021609186518166,False,False
opioid_ed,65_74,low,39,item_icd_E119,icd,0.0134086971855703,0.0249401705688447,0.001877223802296,False,False
opioid_ed,65_74,low,40,item_cpt_93306,cpt,0.0133657787115845,0.0253201981351619,0.001411359288007,False,False
opioid_ed,65_74,low,41,item_cpt_96374,cpt,0.0129079365439331,0.0240166056584887,0.0017992674293774,False,False
opioid_ed,65_74,low,42,item_icd_Z1231,icd,0.0127937782329758,0.0242528414799491,0.0013347149860024,False,False
opioid_ed,65_74,low,43,item_cpt_99238,cpt,0.0126991029330294,0.0238964150310429,0.0015017908350159,False,False
opioid_ed,65_74,low,44,item_icd_M47816,icd,0.0125731129248736,0.0233935738690496,0.0017526519806976,False,False
opioid_ed,65_74,low,45,item_cpt_92014,cpt,0.0125585398309429,0.0231522935909076,0.0019647860709782,False,False
opioid_ed,65_74,low,46,item_cpt_83036,cpt,0.0122409749403513,0.0226632294981751,0.0018187203825275,False,False
opioid_ed,65_74,low,47,item_cpt_99222,cpt,0.0122271056563386,0.0230081702547612,0.0014460410579159,False,False
opioid_ed,65_74,low,48,item_cpt_84550,cpt,0.0119247028704208,0.0217769173485563,0.0020724883922854,False,False
opioid_ed,65_74,low,49,item_cpt_83970,cpt,0.0117606275380374,0.0220566132346595,0.0014646418414153,False,False
opioid_ed,65_74,low,50,item_cpt_81001,cpt,0.0113749127709042,0.0215050425569119,0.0012447829848965,False,False
opioid_ed,65_74,low,51,item_icd_R0602,icd,0.0107040783590221,0.0204287293359292,0.000979427382115,False,False
opioid_ed,65_74,low,52,item_cpt_97162,cpt,0.0106798220413075,0.0199695631893893,0.0013900808932257,False,True
opioid_ed,65_74,low,53,item_cpt_71046,cpt,0.0102255998035222,0.0192802266781507,0.0011709729288938,False,False
opioid_ed,65_74,low,54,item_icd_M961,icd,0.0101664667226865,0.0188344301292776,0.0014985033160954,False,False
opioid_ed,65_74,low,55,item_cpt_97110,cpt,0.0101547898754314,0.0187695610810564,0.0015400186698064,False,True
opioid_ed,65_74,low,56,item_cpt_85652,cpt,0.0100828912438638,0.0189476743031645,0.001218108184563,False,False
opioid_ed,65_74,low,57,item_cpt_71020,cpt,0.0099396862629431,0.0183058140461886,0.0015735584796975,False,False
opioid_ed,65_74,low,58,item_cpt_82043,cpt,0.0098587073277852,0.0190085211963333,0.0007088934592371,False,False
opioid_ed,65_74,low,59,item_icd_M5416,icd,0.00966939581545,0.018403992378729,0.000934799252171,False,False
opioid_ed,65_74,low,60,item_icd_M5126,icd,0.0095471449802556,0.0179707980342572,0.001123491926254,False,False
opioid_ed,65_74,low,61,item_icd_E039,icd,0.0088043737937151,0.0168257099684776,0.0007830376189527,False,False
opioid_ed,65_74,low,62,item_cpt_90471,cpt,0.0087903082121387,0.0163222491607179,0.0012583672635596,False,False
opioid_ed,65_74,low,63,item_drug_OMEPRAZOLE,drug,0.008540031339744,0.0164152366123189,0.0006648260671692,False,False
opioid_ed,65_74,low,64,item_cpt_82570,cpt,0.008470243907083,0.0163761502294097,0.0005643375847564,False,False
opioid_ed,65_74,low,65,item_icd_B351,icd,0.0083296183036854,0.0160271806147939,0.0006320559925769,False,False
opioid_ed,65_74,low,66,item_cpt_99233,cpt,0.0078779121655572,0.0151787376178062,0.0005770867133081,False,False
opioid_ed,65_74,low,67,item_cpt_90670,cpt,0.0076014083319731,0.0145167196864201,0.000686096977526,False,False
opioid_ed,65_74,low,68,item_cpt_71010,cpt,0.0074496917005395,0.0140646576977879,0.0008347257032912,False,False
opioid_ed,65_74,low,69,item_icd_E785,icd,0.0073163258278317,0.0140293706013646,0.0006032810542988,False,False
opioid_ed,65_74,low,70,item_cpt_72148,cpt,0.007119116245375,0.0136418801268619,0.0005963523638881,False,False
opioid_ed,65_74,low,71,item_icd_M47812,icd,0.0070917120716413,0.0134974252428109,0.0006859989004717,False,False
opioid_ed,65_74,low,72,item_icd_E782,icd,0.0068163790802784,0.0130129555962077,0.0006198025643491,False,False
opioid_ed,65_74,low,73,item_cpt_99283,cpt,0.0065132177383883,0.0124425815491258,0.0005838539276509,False,False
opioid_ed,65_74,low,74,item_cpt_99202,cpt,0.0063961163601046,0.0122814148632235,0.0005108178569858,False,False
opioid_ed,65_74,low,75,item_cpt_76942,cpt,0.0063133203429997,0.0121224192477531,0.0005042214382462,False,False
opioid_ed,65_74,low,76,item_cpt_82306,cpt,0.006229994490347,0.0119787629073729,0.0004812260733211,False,False
opioid_ed,65_74,low,77,item_cpt_84484,cpt,0.0061663866998424,0.0117440359065421,0.0005887374931426,False,False
opioid_ed,65_74,low,78,item_icd_N179,icd,0.0061273345269163,0.0116815176726639,0.0005731513811686,False,False
opioid_ed,65_74,low,79,item_icd_R079,icd,0.0060679265254981,0.0117717432807608,0.0003641097702353,False,False
opioid_ed,65_74,low,80,item_icd_M546,icd,0.0059824828889449,0.0114831819481612,0.0004817838297285,False,False
opioid_ed,65_74,low,81,item_cpt_93005,cpt,0.0058803809417988,0.011056962268322,0.0007037996152757,False,False
opioid_ed,65_74,low,82,item_cpt_90791,cpt,0.0057383178386101,0.0109397809088371,0.0005368547683831,False,False
opioid_ed,65_74,low,83,item_icd_R7989,icd,0.0057251525665035,0.0109220846045077,0.0005282205284993,False,False
opioid_ed,65_74,low,84,item_icd_G4733,icd,0.0056986318501918,0.0110210401353159,0.0003762235650677,False,False
opioid_ed,65_74,low,85,item_cpt_94640,cpt,0.0056967147301051,0.0110439184700518,0.0003495109901584,False,False
opioid_ed,65_74,low,86,item_cpt_74178,cpt,0.0056333235348314,0.0107468760492092,0.0005197710204536,False,False
opioid_ed,65_74,low,87,item_cpt_81002,cpt,0.005632036522299,0.0105546203045854,0.0007094527400127,False,False
opioid_ed,65_74,low,88,item_cpt_88305,cpt,0.0056141664566722,0.0107982498243654,0.0004300830889791,False,False
opioid_ed,65_74,low,89,item_icd_K219,icd,0.0055452234459872,0.0107502052812889,0.0003402416106854,False,False
opioid_ed,65_74,low,90,item_cpt_74176,cpt,0.005433637831909,0.0105084997328711,0.0003587759309469,False,False
opioid_ed,65_74,low,91,item_icd_R52,icd,0.0054185780217723,0.010411330404468,0.0004258256390766,False,False
opioid_ed,65_74,low,92,item_icd_J9811,icd,0.0054113565045662,0.0102989035382493,0.000523809470883,False,False
opioid_ed,65_74,low,93,item_cpt_11721,cpt,0.0054009770360201,0.0104886200693184,0.0003133340027219,False,False
opioid_ed,65_74,low,94,item_cpt_97530,cpt,0.0053896344693945,0.0105247506562364,0.0002545182825525,False,True
opioid_ed,65_74,low,95,item_icd_M4806,icd,0.0052462390480708,0.0101565220216885,0.000335956074453,False,False
opioid_ed,65_74,low,96,item_cpt_92004,cpt,0.0052421741720455,0.0101556458840074,0.0003287024600836,False,False
opioid_ed,65_74,low,97,item_cpt_70450,cpt,0.0048382454821498,0.00935048197128,0.0003260089930196,False,False
opioid_ed,65_74,low,98,item_cpt_83540,cpt,0.0047007566830082,0.0091571632299297,0.0002443501360868,False,False
opioid_ed,65_74,low,99,item_cpt_83880,cpt,0.0045122213334927,0.0087323449929311,0.0002920976740543,False,False
opioid_ed,65_74,low,100,item_icd_R748,icd,0.0044537402033463,0.0085484917989168,0.0003589886077759,False,False
opioid_ed,65_74,low,101,item_cpt_64483,cpt,0.0043263678761561,0.0083524888080729,0.0003002469442394,False,False
opioid_ed,65_74,low,102,item_cpt_99213,cpt,0.0042187048980478,0.0081194943315989,0.0003179154644967,False,False
opioid_ed,65_74,low,103,item_cpt_92250,cpt,0.0041523817555736,0.0079455458058467,0.0003592177053006,False,False
opioid_ed,65_74,low,104,item_drug_AMOXICILLIN,drug,0.0041349115359653,0.0080856319106651,0.0001841911612654,False,False
opioid_ed,65_74,low,105,item_icd_L821,icd,0.0041344436352986,0.0079193091819505,0.0003495780886467,False,False
opioid_ed,65_74,low,106,item_cpt_97150,cpt,0.0041253562412948,0.0079643659543164,0.0002863465282732,False,True
opioid_ed,65_74,low,107,item_cpt_99000,cpt,0.0038536596150147,0.0074705802541212,0.0002367389759081,False,False
opioid_ed,65_74,low,108,item_cpt_84439,cpt,0.0038397743396851,0.0074488020427959,0.0002307466365744,False,False
opioid_ed,65_74,low,109,item_icd_Z01810,icd,0.0038178814053114,0.0074165747469718,0.0002191880636511,False,False
opioid_ed,65_74,low,110,item_cpt_84100,cpt,0.0037675593852378,0.0073852325261317,0.0001498862443438,False,False
opioid_ed,65_74,low,111,item_cpt_96360,cpt,0.0037016763563211,0.0072132692530052,0.000190083459637,False,False
opioid_ed,65_74,low,112,item_cpt_87077,cpt,0.0036947095886694,0.0072907752569849,9.864392035399172e-05,False,False
opioid_ed,65_74,low,113,item_cpt_71045,cpt,0.0036828611408877,0.0072444815684131,0.0001212407133624,False,False
opioid_ed,65_74,low,114,item_icd_E7800,icd,0.0036541378268317,0.0071728998356719,0.0001353758179915,False,False
opioid_ed,65_74,low,115,item_icd_M5136,icd,0.0035726477850925,0.0069982456534596,0.0001470499167254,False,False
opioid_ed,65_74,low,116,item_cpt_99223,cpt,0.0033818490861237,0.0066152336353816,0.0001484645368658,False,False
opioid_ed,65_74,low,117,item_cpt_92012,cpt,0.0033653772944906,0.0065036740996961,0.0002270804892851,False,False
opioid_ed,65_74,low,118,item_cpt_83721,cpt,0.0033505142340677,0.0065929945781089,0.0001080338900264,False,False
opioid_ed,65_74,low,119,item_cpt_85730,cpt,0.0032754451011937,0.0064339866521547,0.0001169035502328,False,False
opioid_ed,65_74,low,120,item_icd_Z01818,icd,0.0032304943710923,0.0063169369118081,0.0001440518303766,False,False
opioid_ed,65_74,low,121,item_icd_M542,icd,0.0031303105294578,0.0061467217599334,0.0001138992989823,False,False
opioid_ed,65_74,low,122,item_cpt_93971,cpt,0.0030756771858143,0.0060521426115729,9.921176005574376e-05,False,False
opioid_ed,65_74,low,123,item_cpt_82746,cpt,0.002981149163009,0.0058950705770001,6.722774901795026e-05,False,False
opioid_ed,65_74,low,124,item_icd_R42,icd,0.0029505412057115,0.005626249566291,0.000274832845132,False,False
opioid_ed,65_74,low,125,item_cpt_85018,cpt,0.0028311252238077,0.0055090280974056,0.0001532223502097,False,False
opioid_ed,65_74,low,126,item_icd_N183,icd,0.0026972169510321,0.0053260635793274,6.837032273673252e-05,False,False
opioid_ed,65_74,low,127,item_cpt_87086,cpt,0.0026775334746999,0.0051831220875968,0.0001719448618031,False,False
opioid_ed,65_74,low,128,item_cpt_97001,cpt,0.002638272335863,0.0050668528373523,0.0002096918343738,False,True
opioid_ed,65_74,low,129,item_cpt_82565,cpt,0.0025605100530204,0.0050137004738524,0.0001073196321884,False,False
opioid_ed,65_74,low,130,item_cpt_85027,cpt,0.002451182980179,0.0047613263618197,0.0001410395985382,False,False
opioid_ed,65_74,low,131,item_cpt_82962,cpt,0.0020531260419109,0.0040742445726493,3.2007511172473816e-05,False,False
opioid_ed,65_74,low,132,item_cpt_99284,cpt,0.0020500817272145,0.003907433969154,0.0001927294852749,False,False
opioid_ed,65_74,low,133,item_icd_M25561,icd,0.0019713413387776,0.0038802844008568,6.23982766983705e-05,False,False
opioid_ed,65_74,low,134,item_cpt_92133,cpt,0.0019271873755062,0.0037655324421564,8.884230885596907e-05,False,False
opioid_ed,65_74,low,135,item_cpt_73564,cpt,0.0019234456347768,0.0038047431392605,4.2148130293240034e-05,False,False
opioid_ed,65_74,low,136,item_cpt_77063,cpt,0.0018792411662441,0.0037344671583959,2.401517409246413e-05,False,False
opioid_ed,65_74,low,137,item_cpt_83690,cpt,0.0018651053744138,0.0036971782091746,3.3032539653003983e-05,False,False
opioid_ed,65_74,low,138,item_icd_R55,icd,0.0018538272921477,0.0036095515394601,9.810304483541907e-05,False,False
opioid_ed,65_74,low,139,item_cpt_93000,cpt,0.0018487306452935,0.0035574907145708,0.0001399705760161,False,False
opioid_ed,65_74,low,140,item_cpt_87186,cpt,0.0018334170088968,0.0036151322722743,5.1701745519272325e-05,False,False
opioid_ed,65_74,low,141,item_cpt_73110,cpt,0.0018178131614824,0.0035881577948507,4.746852811406453e-05,False,False
opioid_ed,65_74,low,142,item_cpt_88342,cpt,0.001767629560024,0.0034952623790305,3.999674101764377e-05,False,False
opioid_ed,65_74,low,143,item_icd_J40,icd,0.001708822452555,0.0033283125097967,8.933239531342459e-05,False,False
opioid_ed,65_74,low,144,item_cpt_82248,cpt,0.0016762151136168,0.0033168328073134,3.5597419920383084e-05,False,False
opioid_ed,65_74,low,145,item_cpt_82947,cpt,0.0016761960660785,0.0033215009780565,3.089115410055162e-05,False,False
opioid_ed,65_74,low,146,item_drug_GABAPENTIN,drug,0.0014928939701261,0.0029117097365911,7.407820366104674e-05,False,False
opioid_ed,65_74,low,147,item_icd_M5417,icd,0.0014192264246601,0.0027786852344526,5.9767614867544e-05,False,False
opioid_ed,65_74,low,148,item_icd_F331,icd,0.0012314198158087,0.0024409435729245,2.1896058692863292e-05,False,False
opioid_ed,65_74,low,149,item_icd_M170,icd,0.0011612976757152,0.002305216938552,1.7378412878510886e-05,False,False
opioid_ed,65_74,low,150,item_cpt_83615,cpt,0.0011154885921914,0.0022071841652816,2.379301910113468e-05,False,False
opioid_ed,65_74,low,151,item_cpt_73030,cpt,0.0010708769396505,0.0021287536520961,1.3000227204937486e-05,False,False
opioid_ed,65_74,low,152,item_drug_AZITHROMYCIN,drug,0.0010628303656643,0.0021074793137574,1.8181417571366158e-05,False,False
opioid_ed,65_74,low,153,item_icd_E1140,icd,0.0010200887071133,0.0020263351496296,1.3842264597050835e-05,False,False
opioid_ed,65_74,low,154,item_cpt_72146,cpt,0.0010181937841175,0.0020175185681618,1.886900007330752e-05,False,False
opioid_ed,65_74,low,155,item_cpt_92083,cpt,0.0010049960170818,0.0019934987072007,1.6493326963025678e-05,False,False
opioid_ed,65_74,low,156,item_icd_I480,icd,0.0009879569572152,0.0019667247442403,9.189170190171915e-06,False,False
opioid_ed,65_74,low,157,item_cpt_77080,cpt,0.0009468807728018,0.0018721821558477,2.1579389755979828e-05,False,False
opioid_ed,65_74,low,158,item_icd_M899,icd,0.0009458792018547,0.0018367927902151,5.4965613494262e-05,False,False
opioid_ed,65_74,low,159,item_icd_E780,icd,0.0009026049680387,0.0017897326601352,1.54772759422013e-05,False,False
opioid_ed,65_74,low,160,item_icd_Z125,icd,0.000896166532335,0.0017737906350111,1.854242965895981e-05,False,False
opioid_ed,65_74,low,161,item_icd_G629,icd,0.0008574606651579,0.0016941383903574,2.0782939958476212e-05,False,False
opioid_ed,65_74,low,162,item_cpt_72141,cpt,0.0008561140693858,0.0017011909147334,1.1037224038381162e-05,False,False
opioid_ed,65_74,low,163,item_icd_R002,icd,0.0008380152471112,0.0016533494919296,2.268100229283479e-05,False,False
opioid_ed,65_74,low,164,item_cpt_83605,cpt,0.0008283168960537,0.0016347937016111,2.1840090496445977e-05,False,False
opioid_ed,65_74,low,165,item_icd_E1165,icd,0.0008194995726156,0.0016064943449644,3.2504800266824744e-05,False,False
opioid_ed,65_74,low,166,item_icd_N390,icd,0.0008157064361475,0.0016041743176773,2.7238554617688576e-05,False,False
opioid_ed,65_74,low,167,item_cpt_99212,cpt,0.0008141080235064,0.0015824530355611,4.576301145179724e-05,False,False
opioid_ed,65_74,low,168,item_cpt_99152,cpt,0.0008013078567323,0.001593418786188,9.19692727656764e-06,False,False
opioid_ed,65_74,low,169,item_icd_J069,icd,0.0007760807813396,0.001546587930736,5.573631943174722e-06,False,False
opioid_ed,65_74,low,170,item_icd_E1142,icd,0.0007668323756015,0.0015270550364318,6.6097147712542e-06,False,False
opioid_ed,65_74,low,171,item_cpt_93880,cpt,0.0007597630695242,0.0015140678230025,5.458316045922493e-06,False,False
opioid_ed,65_74,low,172,item_cpt_64450,cpt,0.0007544061638017,0.0015006848559874,8.127471616047446e-06,False,False
opioid_ed,65_74,low,173,item_icd_H2513,icd,0.0007292911079126,0.0014429194165828,1.5662799242401442e-05,False,False
opioid_ed,65_74,low,174,item_cpt_99201,cpt,0.0007281165830782,0.0014262732399146,2.995992624191552e-05,False,False
opioid_ed,65_74,low,175,item_cpt_81000,cpt,0.0007269919007666,0.0014503279037526,3.65589778062093e-06,False,False
opioid_ed,65_74,low,176,item_cpt_95886,cpt,0.0007256791714732,0.0014477089459201,3.6493970263075663e-06,False,False
opioid_ed,65_74,low,177,item_cpt_72110,cpt,0.0007222448991053,0.0014403367773894,4.153020821172864e-06,False,False
opioid_ed,65_74,low,178,item_cpt_86900,cpt,0.0007187000402563,0.0014317149212036,5.685159309060971e-06,False,False
opioid_ed,65_74,low,179,item_cpt_90834,cpt,0.0007019970767117,0.001395917764013,8.076389410361118e-06,False,False
opioid_ed,65_74,low,180,item_icd_M79672,icd,0.0006999763189513,0.0013939094821055,6.043155797166398e-06,False,False
opioid_ed,65_74,low,181,item_cpt_71275,cpt,0.0006889093398332,0.0013644754323656,1.3343247300911832e-05,False,False
opioid_ed,65_74,low,182,item_icd_K5730,icd,0.00066024598739,0.0012964975341303,2.399444064973657e-05,False,False
opioid_ed,65_74,low,183,item_icd_J189,icd,0.0006490547598244,0.0012832132543534,1.489626529541056e-05,False,False
opioid_ed,65_74,low,184,item_icd_L309,icd,0.0006391849104159,0.0012728418302983,5.527990533480583e-06,False,False
opioid_ed,65_74,low,185,item_cpt_99215,cpt,0.0006315278254447,0.001228234499057,3.4821151832389175e-05,False,False
opioid_ed,65_74,low,186,item_icd_R0789,icd,0.0006239992399376,0.0012448526110758,3.14586879939388e-06,False,False
opioid_ed,65_74,low,187,item_icd_M1712,icd,0.0006186343856529,0.0012248171358434,1.2451635462472597e-05,False,False
opioid_ed,65_74,low,188,item_cpt_87088,cpt,0.0006175187126497,0.0012265833892991,8.45403600024808e-06,False,False
opioid_ed,65_74,low,189,item_cpt_76770,cpt,0.0006154262446154,0.0012281946662358,2.6578229950545213e-06,False,False
opioid_ed,65_74,low,190,item_cpt_84156,cpt,0.000605492291135,0.0012074920929312,3.492489338836446e-06,False,False
opioid_ed,65_74,low,191,item_cpt_99205,cpt,0.0006029627564979,0.0011848134564788,2.11120565169729e-05,False,False
opioid_ed,65_74,low,192,item_icd_R350,icd,0.0005700587740187,0.0011355874594513,4.53008858616948e-06,False,False
opioid_ed,65_74,low,193,item_cpt_73620,cpt,0.0005693654343009,0.0011346180766336,4.1127919682291626e-06,False,False
opioid_ed,65_74,low,194,item_icd_M1711,icd,0.0005510663259352,0.0010933793845784,8.75326729213035e-06,False,False
opioid_ed,65_74,low,195,item_cpt_95165,cpt,0.0005403509714163,0.0010709508272005,9.75111563204449e-06,False,False
opioid_ed,65_74,low,196,item_drug_ATENOLOL,drug,0.0005347637232769,0.0010656591819677,3.868264586060654e-06,False,False
opioid_ed,65_74,low,197,item_icd_D485,icd,0.0005285799488413,0.0010483747853448,8.785112337795572e-06,False,False
opioid_ed,65_74,low,198,item_drug_FUROSEMIDE,drug,0.0005229631846469,0.0010402479529684,5.678416325330793e-06,False,False
opioid_ed,65_74,low,199,item_cpt_82784,cpt,0.0005167107535841,0.0010240858481176,9.33565905077016e-06,False,False
opioid_ed,65_74,low,200,item_cpt_72100,cpt,0.0004925815479096,0.000978381290768,6.781805051310265e-06,False,False
opioid_ed,65_74,low,201,item_icd_R918,icd,0.0004877157003104,0.0009715411886724,3.890211948403441e-06,False,False
opioid_ed,65_74,low,202,item_cpt_43239,cpt,0.0004868134935261,0.0009704516295009,3.1753575512665668e-06,False,False
opioid_ed,65_74,low,203,item_cpt_51798,cpt,0.000472457252328,0.000938402054764,6.512449892121952e-06,False,False
opioid_ed,65_74,low,204,item_cpt_71260,cpt,0.0004713931012698,0.0009390228312511,3.7633712886697615e-06,False,False
opioid_ed,65_74,low,205,item_icd_L570,icd,0.0004614743873276,0.0009142514206713,8.697353983849204e-06,False,False
opioid_ed,65_74,low,206,item_drug_SIMVASTATIN,drug,0.0004597426409621,0.0009184970069392,9.882749851352984e-07,False,False
opioid_ed,65_74,low,207,item_cpt_72125,cpt,0.000449278662292,0.0008962766879042,2.280636679952828e-06,False,False
opioid_ed,65_74,low,208,item_icd_D649,icd,0.0004381493917895,0.0008689768001928,7.321983386229149e-06,False,False
opioid_ed,65_74,low,209,item_cpt_84153,cpt,0.0004271144030081,0.0008339947909127,2.023401510362921e-05,False,False
opioid_ed,65_74,low,210,item_drug_HYDROCHLOROTHIAZIDE,drug,0.000418652006166,0.000834868577671,2.435434661119126e-06,False,False
opioid_ed,65_74,low,211,item_icd_M6281,icd,0.0004106450521949,0.000819200784845,2.089319544922505e-06,False,False
opioid_ed,65_74,low,212,item_icd_J3089,icd,0.0004020309181509,0.0008017204359591,2.3414003427812544e-06,False,False
opioid_ed,65_74,low,213,item_icd_R911,icd,0.0003965289741164,0.0007878503737369,5.207574495990514e-06,False,False
opioid_ed,65_74,low,214,item_icd_Z471,icd,0.000396362026493,0.0007912875611681,1.4364918180206755e-06,False,False
opioid_ed,65_74,low,215,item_icd_Z1211,icd,0.0003941612453653,0.0007817122173312,6.6102733995026935e-06,False,False
opioid_ed,65_74,low,216,item_cpt_96365,cpt,0.0003785220456973,0.0007553921993971,1.651891997531883e-06,False,False
opioid_ed,65_74,low,217,item_cpt_84460,cpt,0.0003746056578474,0.0007426451420873,6.566173607509767e-06,False,False
opioid_ed,65_74,low,218,item_cpt_45380,cpt,0.0003716125760833,0.0007380624654855,5.162686681127504e-06,False,False
opioid_ed,65_74,low,219,item_cpt_01402,cpt,0.0003622032021387,0.0007220238762749,2.3825280025360463e-06,False,False
opioid_ed,65_74,low,220,item_cpt_99291,cpt,0.0003604363858855,0.0007177069827493,3.165789021765215e-06,False,False
opioid_ed,65_74,low,221,item_cpt_82044,cpt,0.0003595739093406,0.0007144090041139,4.73881456735699e-06,False,False
opioid_ed,65_74,low,222,item_drug_CARVEDILOL,drug,0.0003590810271662,0.0007160636443233,2.098410009190319e-06,False,False
opioid_ed,65_74,low,223,item_drug_MELOXICAM,drug,0.0003420084160413,0.0006797514492965,4.265382786241007e-06,False,False
opioid_ed,65_74,low,224,item_cpt_74177,cpt,0.0003339120196412,0.0006634107353225,4.413303959891697e-06,False,False
opioid_ed,65_74,low,225,item_cpt_97035,cpt,0.0003216987477378,0.0006405599812225,2.837514253147212e-06,False,True
opioid_ed,65_74,low,226,item_icd_H04123,icd,0.0003081828809188,0.0006118254476143,4.540314223341135e-06,False,False
opioid_ed,65_74,low,227,item_icd_M7989,icd,0.0003064643395446,0.0006113552718658,1.5734072235119023e-06,False,False
opioid_ed,65_74,low,228,item_icd_R51,icd,0.0003040110869048,0.0006075912715923,4.309022173013023e-07,False,False
opioid_ed,65_74,low,229,item_icd_R05,icd,0.0003016981890996,0.0006009516826042,2.4446955949477837e-06,False,False
opioid_ed,65_74,low,230,item_cpt_84165,cpt,0.00029740230058,0.0005941613532322,6.432479278029288e-07,False,False
opioid_ed,65_74,low,231,item_cpt_82728,cpt,0.0002949084797763,0.0005865517448876,3.265214665139791e-06,False,False
opioid_ed,65_74,low,232,item_icd_M19012,icd,0.0002905568678574,0.0005802683234161,8.454122986519889e-07,False,False
opioid_ed,65_74,low,233,item_icd_M5412,icd,0.0002812730841573,0.0005617270548589,8.191134556421926e-07,False,False
opioid_ed,65_74,low,234,item_cpt_86803,cpt,0.0002688747906931,0.0005345601732491,3.1894081372195858e-06,False,False
opioid_ed,65_74,low,235,item_drug_FLUCONAZOLE,drug,0.0002644543738525,0.0005285339127697,3.7483493522639707e-07,False,False
opioid_ed,65_74,low,236,item_cpt_76775,cpt,0.0002637452334676,0.0005271166371284,3.73829806869671e-07,False,False
opioid_ed,65_74,low,237,item_cpt_73502,cpt,0.0002534187133273,0.000503068414602,3.769012052569633e-06,False,False
opioid_ed,65_74,low,238,item_cpt_76705,cpt,0.0002482123151652,0.0004960728167237,3.518136067177863e-07,False,False
opioid_ed,65_74,low,239,item_cpt_90715,cpt,0.0002444446158144,0.0004881744448292,7.147867997734531e-07,False,False
opioid_ed,65_74,low,240,item_icd_R739,icd,0.0002394227209565,0.0004783254198188,5.200220943733244e-07,False,False
opioid_ed,65_74,low,241,item_cpt_90732,cpt,0.0002360845922442,0.0004718345605926,3.34623895807346e-07,False,False
opioid_ed,65_74,low,242,item_icd_J449,icd,0.0002357301390964,0.0004704147021901,1.045576002706981e-06,False,False
opioid_ed,65_74,low,243,item_icd_Z5181,icd,0.0002199118029833,0.0004388451970074,9.784089592436965e-07,False,False
opioid_ed,65_74,low,244,item_cpt_99211,cpt,0.0002188752284347,0.0004371081023157,6.423545537971517e-07,False,False
opioid_ed,65_74,low,245,item_cpt_83921,cpt,0.0002135463577272,0.0004267900370227,3.0267843182346625e-07,False,False
opioid_ed,65_74,low,246,item_cpt_92134,cpt,0.0002118223211523,0.0004225399109249,1.1047313796857632e-06,False,False
opioid_ed,65_74,low,247,item_cpt_73630,cpt,0.0002114045426508,0.0004201088743916,2.700210910116997e-06,False,False
opioid_ed,65_74,low,248,item_cpt_77067,cpt,0.0002082795843866,0.0004159468292638,6.123395094562853e-07,False,False
opioid_ed,65_74,low,249,item_cpt_86800,cpt,0.0002030724243512,0.0004055472598904,5.975888120335413e-07,False,False
opioid_ed,65_74,low,250,item_icd_J301,icd,0.0002027966785682,0.0004051511775279,4.421796086595651e-07,False,False
opioid_ed,65_74,low,251,item_icd_G609,icd,0.0001965623645127,0.0003928461235326,2.7860549287487655e-07,False,False
opioid_ed,65_74,low,252,item_icd_R7309,icd,0.0001941175932027,0.0003870700621143,1.165124291110714e-06,False,False
opioid_ed,65_74,low,253,item_icd_E559,icd,0.0001924651373951,0.0003826030078008,2.3272669895380363e-06,False,False
opioid_ed,65_74,low,254,item_cpt_99221,cpt,0.0001900081322443,0.0003787293228783,1.2869416104491111e-06,False,False
opioid_ed,65_74,low,255,item_drug_NITROSTAT,drug,0.0001870130487024,0.000372472604175,1.553493229840682e-06,False,False
opioid_ed,65_74,low,256,item_cpt_93015,cpt,0.0001859138104457,0.0003707089097544,1.1187111370109774e-06,False,False
opioid_ed,65_74,low,257,item_cpt_93458,cpt,0.000179053425895,0.0003578530632884,2.537885016598804e-07,False,False
opioid_ed,65_74,low,258,item_cpt_71250,cpt,0.0001771940876045,0.0003533187961731,1.0693790359645788e-06,False,False
opioid_ed,65_74,low,259,item_cpt_80069,cpt,0.000176768280418,0.0003526054202397,9.311405962289368e-07,False,False
opioid_ed,65_74,low,260,item_drug_LATANOPROST,drug,0.0001749547587333,0.0003488528075028,1.0567099637742809e-06,False,False
opioid_ed,65_74,low,261,item_icd_M461,icd,0.0001623412661615,0.0003240744065205,6.081258024820953e-07,False,False
opioid_ed,65_74,low,262,item_icd_I2510,icd,0.0001594111435726,0.0003178535156639,9.687714813589174e-07,False,False
opioid_ed,65_74,low,263,item_cpt_96375,cpt,0.000158128317051,0.0003156634209246,5.932131773655412e-07,False,False
opioid_ed,65_74,low,264,item_cpt_00810,cpt,0.0001567169700157,0.0003123588125242,1.0751275071949006e-06,False,False
opioid_ed,65_74,low,265,item_icd_E871,icd,0.0001554818797255,0.0003106221394802,3.416199709592847e-07,False,False
opioid_ed,65_74,low,266,item_icd_N401,icd,0.0001547058878196,0.00030919249709,2.192785492455883e-07,False,False
opioid_ed,65_74,low,267,item_drug_LEVEMIR,drug,0.0001537291876633,0.000305687074599,1.7713007276692529e-06,False,False
opioid_ed,65_74,low,268,item_cpt_85651,cpt,0.0001503403398375,0.0003001150336914,5.65645983564792e-07,False,False
opioid_ed,65_74,low,269,item_cpt_82550,cpt,0.0001482811023049,0.0002948485537721,1.7136508377484236e-06,False,False
opioid_ed,65_74,low,270,item_icd_I214,icd,0.0001458436707067,0.000290340077663,1.3472637504564536e-06,False,False
opioid_ed,65_74,low,271,item_icd_R1011,icd,0.0001458250559228,0.0002911004486653,5.496631804147509e-07,False,False
opioid_ed,65_74,low,272,item_cpt_17000,cpt,0.000145357420781,0.0002882425854206,2.4722561415486144e-06,False,False
opioid_ed,65_74,low,273,item_icd_Z136,icd,0.0001362915090964,0.0002715307232371,1.0522949557505865e-06,False,False
opioid_ed,65_74,low,274,item_drug_LOVASTATIN,drug,0.0001350840762402,0.0002690181921139,1.149960366597692e-06,False,False
opioid_ed,65_74,low,275,item_cpt_93224,cpt,0.0001327961714684,0.0002644601615618,1.1321813750324374e-06,False,False
opioid_ed,65_74,low,276,item_drug_CLOPIDOGREL,drug,0.0001312677172921,0.0002622452777381,2.9015684607903044e-07,False,False
opioid_ed,65_74,low,277,item_icd_Z961,icd,0.0001310028680171,0.000260784237852,1.2214981823429806e-06,False,False
opioid_ed,65_74,low,278,item_drug_LEVOFLOXACIN,drug,0.0001299374643928,0.0002596907567474,1.8417203822212173e-07,False,False
opioid_ed,65_74,low,279,item_icd_I119,icd,0.0001293574337204,0.0002581209660059,5.939014350266529e-07,False,False
opioid_ed,65_74,low,280,item_drug_OLANZAPINE,drug,0.0001260972968667,0.0002515143804354,6.802132980078e-07,False,False
opioid_ed,65_74,low,281,item_icd_R319,icd,0.0001233483086062,0.0002460300171532,6.666000592526125e-07,False,False
opioid_ed,65_74,low,282,item_cpt_76514,cpt,0.0001207591097442,0.0002400957975388,1.422421949587063e-06,False,False
opioid_ed,65_74,low,283,item_icd_R7302,icd,0.0001163226356424,0.0002314553180176,1.1899532672610562e-06,False,False
opioid_ed,65_74,low,284,item_icd_R4182,icd,0.0001029371803393,0.000205225092387,6.492682916968865e-07,False,False
opioid_ed,65_74,low,285,item_icd_H04121,icd,0.0001023162077377,0.0002038202211174,8.121943580123533e-07,False,False
opioid_ed,65_74,low,286,item_icd_K760,icd,0.000100988658523,0.0002013390725766,6.382444693934154e-07,False,False
opioid_ed,65_74,low,287,item_drug_METHOTREXATE,drug,0.0001003332594068,0.0002001958584051,4.706604086840324e-07,False,False
opioid_ed,65_74,low,288,item_drug_LORAZEPAM,drug,9.923131636323704e-05,0.0001980778979495,3.847347769116885e-07,False,False
opioid_ed,65_74,low,289,item_drug_FINASTERIDE,drug,9.740366958241916e-05,0.0001946692801959,1.3805896891348686e-07,False,False
opioid_ed,65_74,low,290,item_cpt_73562,cpt,9.137204105339634e-05,0.0001825387168026,2.0536530418303572e-07,False,False
opioid_ed,65_74,low,291,item_drug_NABUMETONE,drug,8.80306545879323e-05,0.0001754963750135,5.649341622734637e-07,False,False
opioid_ed,65_74,low,292,item_cpt_99497,cpt,8.797729674208392e-05,0.0001757564431373,1.981503467832267e-07,False,False
opioid_ed,65_74,low,293,item_cpt_83704,cpt,8.441205423838949e-05,0.0001682090190058,6.150894709419219e-07,False,False
opioid_ed,65_74,low,294,item_cpt_97535,cpt,8.208121328926594e-05,0.000164046085503,1.1634107546939305e-07,False,True
opioid_ed,65_74,low,295,item_icd_R1084,icd,8.109683377235928e-05,0.0001620787217187,1.14945825971029e-07,False,False
opioid_ed,65_74,low,296,item_cpt_96361,cpt,8.08756905593748e-05,0.00016156832404,1.830570786664717e-07,False,False
opioid_ed,65_74,low,297,item_icd_L814,icd,7.794848058413316e-05,0.0001554551851678,4.4177600045433865e-07,False,False
opioid_ed,65_74,low,298,item_drug_CELECOXIB,drug,7.722405297320512e-05,0.0001543386493604,1.0945658592235963e-07,False,False
opioid_ed,65_74,low,299,item_icd_N3001,icd,7.399175620278242e-05,0.0001473714845647,6.120278408021646e-07,False,False
opioid_ed,65_74,low,300,item_icd_K6389,icd,7.356573205460565e-05,0.0001464595542873,6.719098218987521e-07,False,False
opioid_ed,65_74,low,301,item_cpt_93308,cpt,7.16035727436041e-05,0.0001431056553127,1.0149017450660933e-07,False,False
opioid_ed,65_74,low,302,item_drug_HUMALOG,drug,7.064820524161547e-05,0.0001407688931226,5.275173605855974e-07,False,False
opioid_ed,65_74,low,303,item_cpt_11042,cpt,7.035039166431618e-05,0.0001406010694002,9.971392841228755e-08,False,False
opioid_ed,65_74,low,304,item_icd_M25572,icd,6.895366590531735e-05,0.0001375699138937,3.374179168368807e-07,False,False
opioid_ed,65_74,low,305,item_cpt_94729,cpt,6.660023631571452e-05,0.000133106074135,9.439849642791809e-08,False,False
opioid_ed,65_74,low,306,item_cpt_80051,cpt,6.540168427060088e-05,0.0001307106688602,9.269968097007209e-08,False,False
opioid_ed,65_74,low,307,item_cpt_17110,cpt,6.492649482635248e-05,0.0001297038299039,1.4915974878760226e-07,False,False
opioid_ed,65_74,low,308,item_icd_I110,icd,6.228226092878274e-05,0.0001242003263952,3.641954623248888e-07,False,False
opioid_ed,65_74,low,309,item_cpt_99306,cpt,6.193969771748117e-05,0.0001237916027384,8.77926965005431e-08,False,False
opioid_ed,65_74,low,310,item_cpt_78452,cpt,5.6691328319706766e-05,0.0001129950256825,3.876309568440712e-07,False,False
opioid_ed,65_74,low,311,item_icd_J0190,icd,5.5388546448319766e-05,0.000110648204451,1.2888844558524718e-07,False,False
opioid_ed,65_74,low,312,item_icd_B029,icd,5.493407290055714e-05,0.000109690199171,1.7794663009719217e-07,False,False
opioid_ed,65_74,low,313,item_cpt_94010,cpt,5.3002108388969456e-05,0.0001058804003046,1.238164733374053e-07,False,False
opioid_ed,65_74,low,314,item_cpt_84520,cpt,5.290246425611161e-05,0.0001056813238157,1.2360469651188282e-07,False,False
opioid_ed,65_74,low,315,item_drug_CEFDINIR,drug,5.267980376138156e-05,0.000105139651678,2.1995584466372173e-07,False,False
opioid_ed,65_74,low,316,item_cpt_17003,cpt,5.144474141693598e-05,0.0001028165655815,7.291725236320134e-08,False,False
opioid_ed,65_74,low,317,item_cpt_84450,cpt,5.010728386906689e-05,0.0001001435461844,7.102155366092479e-08,False,False
opioid_ed,65_74,low,318,item_icd_M25562,icd,4.846810316754912e-05,9.68675081394636e-05,6.86981956346346e-08,False,False
opioid_ed,65_74,low,319,item_drug_CEPHALEXIN,drug,4.814658107129941e-05,9.617966527496304e-05,1.1349686763577445e-07,False,False
opioid_ed,65_74,low,320,item_icd_I6523,icd,4.796066134310492e-05,9.585334373344732e-05,6.797895276250578e-08,False,False
opioid_ed,65_74,low,321,item_icd_M0579,icd,4.401695916210201e-05,8.797152913473427e-05,6.238918946975399e-08,False,False
opioid_ed,65_74,low,322,item_cpt_72131,cpt,4.287506405599333e-05,8.568935743300663e-05,6.077067898003036e-08,False,False
opioid_ed,65_74,low,323,item_cpt_85379,cpt,4.256753209763575e-05,8.507472940895609e-05,6.033478631540268e-08,False,False
opioid_ed,65_74,low,324,item_icd_R531,icd,4.156143899759213e-05,8.302337673816788e-05,9.95012570163931e-08,False,False
opioid_ed,65_74,low,325,item_icd_M810,icd,4.150159872596575e-05,8.282280923004169e-05,1.8038822188982192e-07,False,False
opioid_ed,65_74,low,326,item_icd_R300,icd,4.038613176658659e-05,8.063552790414598e-05,1.3673562902719896e-07,False,False
opioid_ed,65_74,low,327,item_cpt_82948,cpt,4.017372497448856e-05,8.029050812048986e-05,5.6941828487260334e-08,False,False
opioid_ed,65_74,low,328,item_cpt_51701,cpt,4.005960428853235e-05,7.982567211214766e-05,2.935364649170357e-07,False,False
opioid_ed,65_74,low,329,item_icd_R339,icd,3.997863573573177e-05,7.982169018580416e-05,1.3558128565936925e-07,False,False
opioid_ed,65_74,low,330,item_cpt_64635,cpt,3.966272043118761e-05,7.926922332652149e-05,5.621753585372108e-08,False,False
opioid_ed,65_74,low,331,item_icd_M7501,icd,3.9224388213661456e-05,7.812119223755559e-05,3.2758418976732405e-07,False,False
opioid_ed,65_74,low,332,item_cpt_99220,cpt,3.632858502638544e-05,7.242149954332175e-05,2.356705094491224e-07,False,False
opioid_ed,65_74,low,333,item_cpt_00811,cpt,3.610765651167124e-05,7.212740286264889e-05,8.791016069357998e-08,False,False
opioid_ed,65_74,low,334,item_icd_L918,icd,3.594932771519737e-05,7.166486303748802e-05,2.3379239290672802e-07,False,False
opioid_ed,65_74,low,335,item_cpt_92226,cpt,3.5576015726739416e-05,7.110160637123768e-05,5.042508224115361e-08,False,False
opioid_ed,65_74,low,336,item_cpt_87184,cpt,3.453001293878819e-05,6.89398792983024e-05,1.2014657927397522e-07,False,False
opioid_ed,65_74,low,337,item_icd_D123,icd,3.332640920910769e-05,6.650136801003387e-05,1.514504081815097e-07,False,False
opioid_ed,65_74,low,338,item_icd_I499,icd,3.3040521436661795e-05,6.599965139176349e-05,8.139148156009965e-08,False,False
opioid_ed,65_74,low,339,item_icd_J9601,icd,3.2044705948674294e-05,6.404399205760974e-05,4.5419839738854886e-08,False,False
opioid_ed,65_74,low,340,item_icd_I517,icd,3.0214926868816163e-05,6.03870274081194e-05,4.282632951292928e-08,False,False
opioid_ed,65_74,low,341,item_icd_R001,icd,2.9437219284857968e-05,5.880070530012699e-05,7.37332695889441e-08,False,False
opioid_ed,65_74,low,342,item_cpt_84075,cpt,2.62369767119604e-05,5.243676540043268e-05,3.7188023488123474e-08,False,False
opioid_ed,65_74,low,343,item_icd_I129,icd,2.615310916775503e-05,5.220980161512761e-05,9.641672038245401e-08,False,False
opioid_ed,65_74,low,344,item_icd_K635,icd,2.501119036711148e-05,4.998693012781166e-05,3.5450606411296823e-08,False,False
opioid_ed,65_74,low,345,item_cpt_64494,cpt,2.16990842545902e-05,4.336741244822911e-05,3.075606095128389e-08,False,False
opioid_ed,65_74,low,346,item_cpt_98940,cpt,2.140455749934242e-05,4.262112003663388e-05,1.879949620509643e-07,False,False
opioid_ed,65_74,low,347,item_icd_M109,icd,2.136573053417948e-05,4.270117749957477e-05,3.0283568784195315e-08,False,False
opioid_ed,65_74,low,348,item_cpt_99397,cpt,2.095225159314648e-05,4.187480567834724e-05,2.9697507945715764e-08,False,False
opioid_ed,65_74,low,349,item_icd_R938,icd,2.0433653660245024e-05,4.081270961354466e-05,5.4597706945389985e-08,False,False
opioid_ed,65_74,low,350,item_icd_C61,icd,2.0229201799348887e-05,4.0404240419755496e-05,5.4163178942275936e-08,False,False
opioid_ed,65_74,low,351,item_icd_H43811,icd,1.5134965044053071e-05,3.024847794284836e-05,2.1452145257787922e-08,False,False
opioid_ed,65_74,low,352,item_icd_M797,icd,1.3768781416572754e-05,2.7518047102642577e-05,1.9515730502932887e-08,False,False
opioid_ed,65_74,low,353,item_icd_K2270,icd,1.2093752591050298e-05,2.413091541410889e-05,5.658976799170972e-08,False,False
opioid_ed,65_74,low,354,item_icd_Z1159,icd,7.127587323731121e-06,1.4180279595076529e-05,7.489505238571358e-08,False,False
opioid_ed,65_74,low,355,item_cpt_87040,cpt,6.395529808182498e-06,1.2750611614623185e-05,4.0448001741811976e-08,False,False
opioid_ed,65_74,low,356,item_cpt_74000,cpt,5.087605229576812e-06,1.0138467509605248e-05,3.674294954837639e-08,False,False
opioid_ed,65_74,low,357,item_icd_A419,icd,5.788177571541036e-07,1.1568151039162363e-06,8.20410391970861e-10,False,False
opioid_ed,65_74,medium,1,pgx_num_drugs,pgx,0.999999999412126,0.9999999999554222,0.9999999988688298,True,False
opioid_ed,65_74,medium,2,pgx_num_cpic_drugs,pgx,0.5296087648330452,0.6407025144958999,0.4185150151701906,True,False
opioid_ed,65_74,medium,3,item_icd_Z79891,icd,0.1001624083902714,0.154126778835333,0.0461980379452098,True,False
opioid_ed,65_74,medium,4,item_icd_M545,icd,0.0810681784268433,0.131869647133493,0.0302667097201937,True,False
opioid_ed,65_74,medium,5,item_cpt_85025,cpt,0.0792142306119869,0.1278941702889553,0.0305342909350185,True,False
opioid_ed,65_74,medium,6,item_icd_G8929,icd,0.065645717635665,0.1111758780595705,0.0201155572117596,True,False
opioid_ed,65_74,medium,7,item_icd_Z79899,icd,0.0612219677600192,0.1024216350160097,0.0200223005040287,True,False
opioid_ed,65_74,medium,8,item_cpt_99203,cpt,0.0583820054684478,0.1013707885040053,0.0153932224328902,True,False
opioid_ed,65_74,medium,9,item_icd_G894,icd,0.0553079686529462,0.0946910056431837,0.0159249316627086,True,False
opioid_ed,65_74,medium,10,item_cpt_20610,cpt,0.0493517904507496,0.084879491948302,0.0138240889531972,True,False
opioid_ed,65_74,medium,11,item_cpt_85610,cpt,0.0454630792393631,0.0791081144074609,0.0118180440712653,True,False
opioid_ed,65_74,medium,12,item_cpt_99232,cpt,0.0418037479262583,0.0740199853448067,0.00958751050771,True,False
opioid_ed,65_74,medium,13,item_cpt_99285,cpt,0.0350449309622329,0.062741456985005,0.0073484049394608,True,False
opioid_ed,65_74,medium,14,item_drug_LISINOPRIL,drug,0.034560513125029,0.0630766147045336,0.0060444115455243,True,False
opioid_ed,65_74,medium,15,item_cpt_93010,cpt,0.0328786993307032,0.0572262397921033,0.008531158869303,True,False
opioid_ed,65_74,medium,16,item_cpt_77052,cpt,0.0318215385866375,0.0566281161630834,0.0070149610101917,True,False
opioid_ed,65_74,medium,17,item_cpt_96372,cpt,0.030714063932272,0.0548302801021041,0.0065978477624399,True,False
opioid_ed,65_74,medium,18,item_cpt_84443,cpt,0.0305831989914042,0.0545793407653188,0.0065870572174897,True,False
opioid_ed,65_74,medium,19,item_cpt_83735,cpt,0.0285418172707193,0.0522602841563013,0.0048233503851373,True,False
opioid_ed,65_74,medium,20,item_cpt_97112,cpt,0.0284491137861726,0.0514880730620111,0.0054101545103342,True,True
opioid_ed,65_74,medium,21,item_cpt_99239,cpt,0.0274456932247772,0.0501065093387247,0.0047848771108296,False,False
opioid_ed,65_74,medium,22,item_cpt_92015,cpt,0.0268425275773115,0.0495025678433859,0.004182487311237,False,False
opioid_ed,65_74,medium,23,item_icd_M47817,icd,0.0261253682882838,0.0465933851113859,0.0056573514651817,False,False
opioid_ed,65_74,medium,24,item_cpt_97140,cpt,0.0257955786144262,0.0473854619471028,0.0042056952817495,False,True
opioid_ed,65_74,medium,25,item_cpt_81003,cpt,0.0254609079369683,0.0461089829927398,0.0048128328811969,False,False
opioid_ed,65_74,medium,26,item_drug_PREDNISONE,drug,0.0254369809093826,0.0463938053381024,0.0044801564806628,False,False
opioid_ed,65_74,medium,27,item_cpt_99231,cpt,0.0251244013033058,0.0462731399417549,0.0039756626648567,False,False
opioid_ed,65_74,medium,28,item_cpt_80061,cpt,0.0246201197805391,0.0447733070719981,0.0044669324890801,False,False
opioid_ed,65_74,medium,29,item_cpt_99309,cpt,0.0245786020629374,0.0443398825060037,0.0048173216198712,False,False
opioid_ed,65_74,medium,30,item_cpt_92014,cpt,0.0241453741443183,0.044513495547938,0.0037772527406986,False,False
opioid_ed,65_74,medium,31,item_cpt_99214,cpt,0.0224717633739527,0.041414222097989,0.0035293046499164,False,False
opioid_ed,65_74,medium,32,item_cpt_82607,cpt,0.0224619765640942,0.0418896590282597,0.0030342940999287,False,False
opioid_ed,65_74,medium,33,item_cpt_86140,cpt,0.0224465361191962,0.0420838217817403,0.0028092504566521,False,False
opioid_ed,65_74,medium,34,item_cpt_80048,cpt,0.0221613560215783,0.0403665388006343,0.0039561732425222,False,False
opioid_ed,65_74,medium,35,item_cpt_96374,cpt,0.0213067684182652,0.0396431997847119,0.0029703370518184,False,False
opioid_ed,65_74,medium,36,item_icd_I10,icd,0.0210833419114107,0.0377434124444237,0.0044232713783978,False,False
opioid_ed,65_74,medium,37,item_icd_E119,icd,0.0210461548255671,0.0391453219243111,0.0029469877268232,False,False
opioid_ed,65_74,medium,38,item_icd_M549,icd,0.020007825954296,0.0369332666132269,0.003082385295365,False,False
opioid_ed,65_74,medium,39,item_icd_Z1231,icd,0.0196937546995222,0.0373325173950509,0.0020549920039935,False,False
opioid_ed,65_74,medium,40,item_cpt_99204,cpt,0.019350794839667,0.0352921674261094,0.0034094222532246,False,False
opioid_ed,65_74,medium,41,item_cpt_84550,cpt,0.0193056354202392,0.0352554746659262,0.0033557961745522,False,False
opioid_ed,65_74,medium,42,item_cpt_71020,cpt,0.0182515614879487,0.0336137689115038,0.0028893540643935,False,False
opioid_ed,65_74,medium,43,item_cpt_99238,cpt,0.0174938419263927,0.0329180706467416,0.0020696132060437,False,False
opioid_ed,65_74,medium,44,item_cpt_90471,cpt,0.0171734108834931,0.0318886962053003,0.0024581255616859,False,False
opioid_ed,65_74,medium,45,item_cpt_93306,cpt,0.0169906360564395,0.0321862585242167,0.0017950135886624,False,False
opioid_ed,65_74,medium,46,item_icd_R0602,icd,0.0169297739178122,0.0323101404048316,0.0015494074307928,False,False
opioid_ed,65_74,medium,47,item_cpt_83036,cpt,0.016780770928171,0.0310672898832483,0.0024942519730936,False,False
opioid_ed,65_74,medium,48,item_icd_M47816,icd,0.0167234331397349,0.0311146233231543,0.0023322429563156,False,False
opioid_ed,65_74,medium,49,item_cpt_97162,cpt,0.0167219167787319,0.0312668155039923,0.0021770180534716,False,True
opioid_ed,65_74,medium,50,item_cpt_83970,cpt,0.0164496140489567,0.0308498268223789,0.0020494012755346,False,False
opioid_ed,65_74,medium,51,item_cpt_81001,cpt,0.0158432296821801,0.0299519818362336,0.0017344775281267,False,False
opioid_ed,65_74,medium,52,item_cpt_85652,cpt,0.0150372772289326,0.0282573007713401,0.001817253686525,False,False
opioid_ed,65_74,medium,53,item_cpt_99222,cpt,0.0150286987467225,0.0282789464831986,0.0017784510102464,False,False
opioid_ed,65_74,medium,54,item_cpt_80053,cpt,0.0148889547061463,0.0283189375450732,0.0014589718672194,False,False
opioid_ed,65_74,medium,55,item_icd_M961,icd,0.0146462725841574,0.0271328697872476,0.0021596753810672,False,False
opioid_ed,65_74,medium,56,item_icd_M5416,icd,0.0144760861046049,0.0275522029206566,0.0013999692885532,False,False
opioid_ed,65_74,medium,57,item_cpt_71046,cpt,0.0142588324260651,0.0268840791879165,0.0016335856642136,False,False
opioid_ed,65_74,medium,58,item_cpt_97110,cpt,0.014098243556736,0.0260574115346129,0.0021390755788591,False,True
opioid_ed,65_74,medium,59,item_drug_OMEPRAZOLE,drug,0.0139572525074108,0.0268277390623086,0.0010867659525131,False,False
opioid_ed,65_74,medium,60,item_icd_E039,icd,0.0135441089997498,0.0258832566729754,0.0012049613265241,False,False
opioid_ed,65_74,medium,61,item_icd_M5126,icd,0.0133260182383027,0.0250830802065948,0.0015689562700106,False,False
opioid_ed,65_74,medium,62,item_cpt_82043,cpt,0.0129634432268079,0.0249941876356242,0.0009326988179915,False,False
opioid_ed,65_74,medium,63,item_cpt_82570,cpt,0.0126474233645767,0.0244518670214254,0.000842979707728,False,False
opioid_ed,65_74,medium,64,item_cpt_90670,cpt,0.012476704081501,0.0238270226458038,0.0011263855171983,False,False
opioid_ed,65_74,medium,65,item_cpt_93005,cpt,0.0123532557952202,0.0232285225977722,0.0014779889926683,False,False
opioid_ed,65_74,medium,66,item_icd_E785,icd,0.012212179696903,0.0234171903400205,0.0010071690537856,False,False
opioid_ed,65_74,medium,67,item_cpt_71010,cpt,0.0119391368095194,0.0225401343372404,0.0013381392817983,False,False
opioid_ed,65_74,medium,68,item_icd_E782,icd,0.0118102393647318,0.022546469301451,0.0010740094280126,False,False
opioid_ed,65_74,medium,69,item_icd_B351,icd,0.0117803926610756,0.0226664071702013,0.00089437815195,False,False
opioid_ed,65_74,medium,70,item_cpt_81002,cpt,0.011546166586491,0.0216383423961577,0.0014539907768243,False,False
opioid_ed,65_74,medium,71,item_cpt_36415,cpt,0.0114601297888245,0.0213419561291338,0.0015783034485152,False,False
opioid_ed,65_74,medium,72,item_cpt_84484,cpt,0.0104149909308957,0.0198354104046184,0.0009945714571729,False,False
opioid_ed,65_74,medium,73,item_cpt_76942,cpt,0.0101101010986332,0.0194124728899464,0.00080772930732,False,False
opioid_ed,65_74,medium,74,item_cpt_99233,cpt,0.0097120806848128,0.0187120471673392,0.0007121142022864,False,False
opioid_ed,65_74,medium,75,item_cpt_72148,cpt,0.0096788409812473,0.0185463059622337,0.0008113760002609,False,False
opioid_ed,65_74,medium,76,item_icd_M47812,icd,0.0095348418746214,0.0181466357925352,0.0009230479567076,False,False
opioid_ed,65_74,medium,77,item_cpt_99283,cpt,0.0094556350875793,0.0180631372853997,0.0008481328897589,False,False
opioid_ed,65_74,medium,78,item_icd_N179,icd,0.009408153355413,0.0179358490923215,0.0008804576185046,False,False
opioid_ed,65_74,medium,79,item_cpt_99202,cpt,0.009403178348517,0.0180549470080936,0.0007514096889404,False,False
opioid_ed,65_74,medium,80,item_cpt_82306,cpt,0.0092860961950501,0.0178545047673248,0.0007176876227753,False,False
opioid_ed,65_74,medium,81,item_cpt_88305,cpt,0.0092046977283124,0.017704035166999,0.0007053602896258,False,False
opioid_ed,65_74,medium,82,item_cpt_94640,cpt,0.0089394457223243,0.0173301884010042,0.0005487030436444,False,False
opioid_ed,65_74,medium,83,item_icd_G4733,icd,0.0088970235782461,0.0172063983442608,0.0005876488122314,False,False
opioid_ed,65_74,medium,84,item_cpt_90791,cpt,0.0085151961039723,0.0162332485128198,0.0007971436951249,False,False
opioid_ed,65_74,medium,85,item_cpt_74178,cpt,0.0085029659679691,0.0162209354319763,0.000784996503962,False,False
opioid_ed,65_74,medium,86,item_icd_R7989,icd,0.0083516350718638,0.0159321977697089,0.0007710723740187,False,False
opioid_ed,65_74,medium,87,item_icd_K219,icd,0.0083480260258103,0.0161835355985519,0.0005125164530686,False,False
opioid_ed,65_74,medium,88,item_cpt_92004,cpt,0.0083294112942312,0.0161363117881079,0.0005225108003545,False,False
opioid_ed,65_74,medium,89,item_icd_M546,icd,0.0082691871412376,0.0158718846429693,0.0006664896395058,False,False
opioid_ed,65_74,medium,90,item_cpt_97530,cpt,0.0081831897657072,0.0159797180947379,0.0003866614366764,False,True
opioid_ed,65_74,medium,91,item_icd_J9811,icd,0.0081627026178538,0.0155347940603767,0.0007906111753309,False,False
opioid_ed,65_74,medium,92,item_icd_R079,icd,0.0081392824572253,0.015789715668973,0.0004888492454776,False,False
opioid_ed,65_74,medium,93,item_cpt_83540,cpt,0.0081274987039412,0.0158324449657845,0.000422552442098,False,False
opioid_ed,65_74,medium,94,item_cpt_74176,cpt,0.0076614573215251,0.0148166154283088,0.0005062992147414,False,False
opioid_ed,65_74,medium,95,item_icd_R52,icd,0.0075629650988825,0.0145310620236617,0.0005948681741032,False,False
opioid_ed,65_74,medium,96,item_cpt_84439,cpt,0.0074620342570196,0.0144757540336861,0.0004483144803532,False,False
opioid_ed,65_74,medium,97,item_cpt_83880,cpt,0.0073890824958641,0.0142996458546287,0.0004785191370995,False,False
opioid_ed,65_74,medium,98,item_icd_L821,icd,0.0070788064516663,0.0135589303482572,0.0005986825550754,False,False
opioid_ed,65_74,medium,99,item_cpt_92250,cpt,0.0070746527967508,0.0135371199714754,0.0006121856220263,False,False
opioid_ed,65_74,medium,100,item_cpt_11721,cpt,0.0070723040965741,0.0137338521746674,0.0004107560184808,False,False
opioid_ed,65_74,medium,101,item_cpt_99000,cpt,0.0069397590268993,0.0134531677896671,0.0004263502641315,False,False
opioid_ed,65_74,medium,102,item_cpt_70450,cpt,0.0068554173748571,0.0132484791363032,0.000462355613411,False,False
opioid_ed,65_74,medium,103,item_icd_R748,icd,0.0064519364071954,0.0123833489059857,0.0005205239084051,False,False
opioid_ed,65_74,medium,104,item_icd_M4806,icd,0.006391942120919,0.0123739591793584,0.0004099250624797,False,False
opioid_ed,65_74,medium,105,item_icd_Z01810,icd,0.0063517197573427,0.0123386364195653,0.0003648030951201,False,False
opioid_ed,65_74,medium,106,item_cpt_97150,cpt,0.0063335269128908,0.0122271216251799,0.0004399322006018,False,True
opioid_ed,65_74,medium,107,item_icd_E7800,icd,0.0061386109896507,0.0120497199656251,0.0002275020136764,False,False
opioid_ed,65_74,medium,108,item_drug_AMOXICILLIN,drug,0.0059746737325809,0.01168294304912,0.0002664044160419,False,False
opioid_ed,65_74,medium,109,item_icd_R42,icd,0.005869206470994,0.0111919460929347,0.0005464668490532,False,False
opioid_ed,65_74,medium,110,item_cpt_84100,cpt,0.0058192915012625,0.0114069003313924,0.0002316826711325,False,False
opioid_ed,65_74,medium,111,item_cpt_71045,cpt,0.005788290385103,0.0113859013597826,0.0001906794104234,False,False
opioid_ed,65_74,medium,112,item_cpt_97001,cpt,0.0057211529120863,0.0109879990939174,0.0004543067302551,False,True
opioid_ed,65_74,medium,113,item_cpt_64483,cpt,0.0056972250543822,0.0109985185190406,0.0003959315897238,False,False
opioid_ed,65_74,medium,114,item_icd_Z01818,icd,0.005606679567691,0.0109632864058899,0.0002500727294922,False,False
opioid_ed,65_74,medium,115,item_cpt_96360,cpt,0.0053186799180132,0.0103639336025134,0.000273426233513,False,False
opioid_ed,65_74,medium,116,item_cpt_99223,cpt,0.0050320772885781,0.0098430157495131,0.000221138827643,False,False
opioid_ed,65_74,medium,117,item_cpt_83721,cpt,0.0050053006552651,0.0098490475772248,0.0001615537333055,False,False
opioid_ed,65_74,medium,118,item_cpt_87077,cpt,0.0048855037306592,0.0096403690000606,0.0001306384612577,False,False
opioid_ed,65_74,medium,119,item_cpt_92012,cpt,0.0046685981923113,0.0090217196455377,0.000315476739085,False,False
opioid_ed,65_74,medium,120,item_cpt_85018,cpt,0.0046184635150531,0.0089868072972471,0.000250119732859,False,False
opioid_ed,65_74,medium,121,item_icd_M5136,icd,0.0045850040066703,0.0089809474921408,0.0001890605211997,False,False
opioid_ed,65_74,medium,122,item_cpt_85730,cpt,0.0045291628199203,0.0088964343606562,0.0001618912791844,False,False
opioid_ed,65_74,medium,123,item_cpt_82746,cpt,0.0044071947875251,0.0087148860586743,9.950351637590644e-05,False,False
opioid_ed,65_74,medium,124,item_cpt_93971,cpt,0.0042761560617196,0.0084141629531433,0.0001381491702959,False,False
opioid_ed,65_74,medium,125,item_icd_M542,icd,0.0041198463386302,0.00808950494015,0.0001501877371104,False,False
opioid_ed,65_74,medium,126,item_cpt_87086,cpt,0.0039451561738325,0.0076366099609834,0.0002537023866816,False,False
opioid_ed,65_74,medium,127,item_cpt_85027,cpt,0.0038644823443906,0.0075063793572926,0.0002225853314886,False,False
opioid_ed,65_74,medium,128,item_cpt_82565,cpt,0.0036825317198698,0.0072104654534538,0.0001545979862858,False,False
opioid_ed,65_74,medium,129,item_icd_N183,icd,0.0036185685500533,0.0071452275358377,9.190956426904584e-05,False,False
opioid_ed,65_74,medium,130,item_cpt_93000,cpt,0.0035636362775141,0.0068575731450926,0.0002696994099355,False,False
opioid_ed,65_74,medium,131,item_cpt_99213,cpt,0.0035632552290796,0.0068568396577731,0.0002696708003861,False,False
opioid_ed,65_74,medium,132,item_icd_M25561,icd,0.0035213039734182,0.0069311270092236,0.0001114809376129,False,False
opioid_ed,65_74,medium,133,item_cpt_99284,cpt,0.0034375490693144,0.0065517046653785,0.0003233934732503,False,False
opioid_ed,65_74,medium,134,item_cpt_77063,cpt,0.0032850985963801,0.0065282012123893,4.199598037087666e-05,False,False
opioid_ed,65_74,medium,135,item_cpt_92133,cpt,0.0032456828373674,0.006341636884274,0.0001497287904608,False,False
opioid_ed,65_74,medium,136,item_cpt_87186,cpt,0.0029633442655439,0.0058430320113137,8.365651977411614e-05,False,False
opioid_ed,65_74,medium,137,item_cpt_88342,cpt,0.0029086929620595,0.0057515074503346,6.587847378456529e-05,False,False
opioid_ed,65_74,medium,138,item_cpt_82962,cpt,0.0028653374175477,0.0056859079762245,4.476685887088112e-05,False,False
opioid_ed,65_74,medium,139,item_cpt_73564,cpt,0.0028408789103362,0.0056193915877824,6.236623289004291e-05,False,False
opioid_ed,65_74,medium,140,item_drug_GABAPENTIN,drug,0.0028169239988691,0.0054941102024724,0.0001397377952659,False,False
opioid_ed,65_74,medium,141,item_icd_R55,icd,0.0027815456117553,0.0054156249255511,0.0001474662979594,False,False
opioid_ed,65_74,medium,142,item_cpt_73110,cpt,0.0027593021792122,0.0054464285234769,7.217583494753729e-05,False,False
opioid_ed,65_74,medium,143,item_icd_J40,icd,0.0027158525196944,0.0052895329444141,0.0001421720949747,False,False
opioid_ed,65_74,medium,144,item_cpt_83690,cpt,0.0027016622755927,0.0053553775764887,4.794697469673437e-05,False,False
opioid_ed,65_74,medium,145,item_cpt_82947,cpt,0.0025870761997952,0.0051263969473546,4.775545223581078e-05,False,False
opioid_ed,65_74,medium,146,item_cpt_82248,cpt,0.0025207903421424,0.0049879447226324,5.363596165252454e-05,False,False
opioid_ed,65_74,medium,147,item_icd_M5417,icd,0.0022619929328152,0.0044285736368744,9.541222875614584e-05,False,False
opioid_ed,65_74,medium,148,item_drug_AZITHROMYCIN,drug,0.0021116678400733,0.0041872491717859,3.608650836079088e-05,False,False
opioid_ed,65_74,medium,149,item_cpt_83605,cpt,0.0019217191089248,0.0037929556282161,5.0482589633501525e-05,False,False
opioid_ed,65_74,medium,150,item_icd_E780,icd,0.0019176495582944,0.0038024869902222,3.281212636665205e-05,False,False
opioid_ed,65_74,medium,151,item_cpt_92083,cpt,0.0019116176114936,0.0037918785003583,3.135672262898323e-05,False,False
opioid_ed,65_74,medium,152,item_cpt_99212,cpt,0.0018801790265351,0.0036550701289507,0.0001052879241195,False,False
opioid_ed,65_74,medium,153,item_cpt_83615,cpt,0.0017711093753964,0.0035043646413396,3.785410945324861e-05,False,False
opioid_ed,65_74,medium,154,item_icd_F331,icd,0.0017552736909098,0.0034792319400346,3.1315441785124265e-05,False,False
opioid_ed,65_74,medium,155,item_cpt_99215,cpt,0.0017449201259161,0.003394395291272,9.544496056027996e-05,False,False
opioid_ed,65_74,medium,156,item_icd_N390,icd,0.0016564671317991,0.0032577167461634,5.521751743475333e-05,False,False
opioid_ed,65_74,medium,157,item_icd_E1165,icd,0.0016269308990761,0.0031894190261183,6.444277203391254e-05,False,False
opioid_ed,65_74,medium,158,item_icd_M170,icd,0.0016216485948952,0.0032189370530549,2.4360136735602865e-05,False,False
opioid_ed,65_74,medium,159,item_cpt_73030,cpt,0.0015794776454643,0.0031397205329071,1.923475802158098e-05,False,False
opioid_ed,65_74,medium,160,item_icd_M899,icd,0.0015450116654467,0.0030000630279006,8.996030299290682e-05,False,False
opioid_ed,65_74,medium,161,item_icd_Z125,icd,0.0015066978146067,0.0029821744243894,3.122120482409994e-05,False,False
opioid_ed,65_74,medium,162,item_cpt_72146,cpt,0.0014783328397879,0.0029291671999726,2.749847960329126e-05,False,False
opioid_ed,65_74,medium,163,item_icd_E1140,icd,0.0014659759791244,0.0029119837567052,1.9968201543581164e-05,False,False
opioid_ed,65_74,medium,164,item_cpt_84153,cpt,0.0014552893614261,0.0028427343940689,6.78443287833226e-05,False,False
opioid_ed,65_74,medium,165,item_cpt_71275,cpt,0.0014134065726344,0.002799496902161,2.731624310777492e-05,False,False
opioid_ed,65_74,medium,166,item_cpt_99201,cpt,0.0013561082795042,0.0026564322937404,5.578426526795733e-05,False,False
opioid_ed,65_74,medium,167,item_icd_R002,icd,0.0013390671781469,0.0026417974227619,3.633693353205361e-05,False,False
opioid_ed,65_74,medium,168,item_icd_H2513,icd,0.0013284054781504,0.0026282763944743,2.8534561826602858e-05,False,False
opioid_ed,65_74,medium,169,item_cpt_77080,cpt,0.0012726761643509,0.0025161846106657,2.916771803622893e-05,False,False
opioid_ed,65_74,medium,170,item_cpt_72141,cpt,0.0012372693208411,0.002458517858203,1.6020783479183887e-05,False,False
opioid_ed,65_74,medium,171,item_icd_K5730,icd,0.0012321020569092,0.0024194431220459,4.476099177259347e-05,False,False
opioid_ed,65_74,medium,172,item_icd_I480,icd,0.0012258666163738,0.0024402582619707,1.147497077698175e-05,False,False
opioid_ed,65_74,medium,173,item_cpt_99205,cpt,0.0012242141609593,0.0024056636919662,4.276462995251406e-05,False,False
opioid_ed,65_74,medium,174,item_icd_L570,icd,0.0011852228091265,0.0023483023200953,2.2143298157707604e-05,False,False
opioid_ed,65_74,medium,175,item_icd_G629,icd,0.0011844698237858,0.0023400696257524,2.8870021819235617e-05,False,False
opioid_ed,65_74,medium,176,item_cpt_93880,cpt,0.0011685715238466,0.0023287211370204,8.421910672786946e-06,False,False
opioid_ed,65_74,medium,177,item_cpt_99152,cpt,0.0011435127804565,0.0022738372070475,1.3188353865531112e-05,False,False
opioid_ed,65_74,medium,178,item_icd_E1142,icd,0.0011163148782778,0.0022229652371325,9.664519423245802e-06,False,False
opioid_ed,65_74,medium,179,item_cpt_86900,cpt,0.0010929422582951,0.0021772072792811,8.677237309058709e-06,False,False
opioid_ed,65_74,medium,180,item_icd_Z1211,icd,0.0010884620968841,0.002158885437059,1.8038756709353373e-05,False,False
opioid_ed,65_74,medium,181,item_icd_D485,icd,0.0010713229909882,0.0021248845216274,1.7761460348988762e-05,False,False
opioid_ed,65_74,medium,182,item_cpt_81000,cpt,0.001055264169443,0.0021052001470623,5.328191823744187e-06,False,False
opioid_ed,65_74,medium,183,item_icd_M79672,icd,0.0010544707173201,0.0020998009880324,9.140446607752488e-06,False,False
opioid_ed,65_74,medium,184,item_drug_FUROSEMIDE,drug,0.0010355368344526,0.002059850319832,1.1223349073321197e-05,False,False
opioid_ed,65_74,medium,185,item_cpt_64450,cpt,0.001033241722538,0.0020552843815013,1.1199063574751143e-05,False,False
opioid_ed,65_74,medium,186,item_cpt_72110,cpt,0.0010299794473132,0.0020540088721423,5.950022484079351e-06,False,False
opioid_ed,65_74,medium,187,item_icd_J069,icd,0.0010292565062743,0.0020510756034496,7.437409099002762e-06,False,False
opioid_ed,65_74,medium,188,item_icd_J189,icd,0.0010252242696605,0.0020268334207924,2.361511852859088e-05,False,False
opioid_ed,65_74,medium,189,item_icd_M1712,icd,0.001003445150201,0.0019866313589919,2.0258941410155463e-05,False,False
opioid_ed,65_74,medium,190,item_icd_L309,icd,0.0009760875041207,0.0019436987878207,8.47622042062939e-06,False,False
opioid_ed,65_74,medium,191,item_icd_R350,icd,0.0009723996765761,0.0019370588109025,7.740542249635588e-06,False,False
opioid_ed,65_74,medium,192,item_cpt_87088,cpt,0.0009650213666353,0.0019167794205932,1.3263312677469448e-05,False,False
opioid_ed,65_74,medium,193,item_cpt_76770,cpt,0.0009460133627379,0.0018879278340989,4.098891376878097e-06,False,False
opioid_ed,65_74,medium,194,item_cpt_95886,cpt,0.0009420511353624,0.0018793347053086,4.767565416370967e-06,False,False
opioid_ed,65_74,medium,195,item_cpt_43239,cpt,0.000932363018709,0.0018586505689119,6.075468506039519e-06,False,False
opioid_ed,65_74,medium,196,item_cpt_73620,cpt,0.000892362027468,0.0017782540421176,6.47001281843135e-06,False,False
opioid_ed,65_74,medium,197,item_cpt_82784,cpt,0.000883208204239,0.001750426369046,1.599003943202456e-05,False,False
opioid_ed,65_74,medium,198,item_cpt_90834,cpt,0.0008721403743065,0.0017341542482724,1.0126500340712673e-05,False,False
opioid_ed,65_74,medium,199,item_cpt_51798,cpt,0.0008585834954267,0.0017053282665115,1.1838724341903714e-05,False,False
opioid_ed,65_74,medium,200,item_cpt_45380,cpt,0.0008556424089155,0.0016994854576506,1.1799360180538537e-05,False,False
opioid_ed,65_74,medium,201,item_cpt_95165,cpt,0.0008057738044946,0.0015969183771458,1.4629231843383055e-05,False,False
opioid_ed,65_74,medium,202,item_icd_R918,icd,0.0007841296452593,0.0015619817301104,6.277560408223404e-06,False,False
opioid_ed,65_74,medium,203,item_icd_R0789,icd,0.0007775964637901,0.0015512397351065,3.953192473819628e-06,False,False
opioid_ed,65_74,medium,204,item_icd_M1711,icd,0.0007658232997104,0.0015193826642705,1.2263935150240863e-05,False,False
opioid_ed,65_74,medium,205,item_cpt_72100,cpt,0.0007511718390703,0.001491942575493,1.040110264756232e-05,False,False
opioid_ed,65_74,medium,206,item_icd_D649,icd,0.0007238706503465,0.0014356013278386,1.2139972854543543e-05,False,False
opioid_ed,65_74,medium,207,item_cpt_71260,cpt,0.0006836922004182,0.0013618873053645,5.49709547191517e-06,False,False
opioid_ed,65_74,medium,208,item_cpt_84460,cpt,0.0006673501875131,0.0013229891351814,1.1711239844866144e-05,False,False
opioid_ed,65_74,medium,209,item_icd_R911,icd,0.0006629041139567,0.0013170728414715,8.735386442054467e-06,False,False
opioid_ed,65_74,medium,210,item_cpt_72125,cpt,0.0006543044778734,0.0013052663002459,3.3426555009014948e-06,False,False
opioid_ed,65_74,medium,211,item_cpt_82044,cpt,0.0006280697474346,0.0012478459565537,8.293538315446007e-06,False,False
opioid_ed,65_74,medium,212,item_drug_SIMVASTATIN,drug,0.0006203301764562,0.0012393214381481,1.338914764338989e-06,False,False
opioid_ed,65_74,medium,213,item_icd_H04123,icd,0.0006016111751288,0.0011943818936609,8.840456596735393e-06,False,False
opioid_ed,65_74,medium,214,item_drug_CARVEDILOL,drug,0.0005959822735223,0.0011884698122239,3.494734820842542e-06,False,False
opioid_ed,65_74,medium,215,item_drug_ATENOLOL,drug,0.0005945071339514,0.0011846491151098,4.365152793026665e-06,False,False
opioid_ed,65_74,medium,216,item_cpt_96365,cpt,0.0005922884191628,0.001181979876836,2.596961489521365e-06,False,False
opioid_ed,65_74,medium,217,item_cpt_82728,cpt,0.0005851461016445,0.0011638346189822,6.45758430694584e-06,False,False
opioid_ed,65_74,medium,218,item_icd_M7989,icd,0.0005830979928418,0.0011632059418428,2.9900438408649155e-06,False,False
opioid_ed,65_74,medium,219,item_icd_J3089,icd,0.0005553143973832,0.0011073641336432,3.264661123121411e-06,False,False
opioid_ed,65_74,medium,220,item_icd_Z471,icd,0.0005540712287315,0.0011061196737023,2.022783760836054e-06,False,False
opioid_ed,65_74,medium,221,item_cpt_01402,cpt,0.0005476991312238,0.0010917701428292,3.6281196183927343e-06,False,False
opioid_ed,65_74,medium,222,item_cpt_90715,cpt,0.0005469635636467,0.0010923366751468,1.5904521465449847e-06,False,False
opioid_ed,65_74,medium,223,item_cpt_99291,cpt,0.0005421378599175,0.0010794768265589,4.798893276113535e-06,False,False
opioid_ed,65_74,medium,224,item_cpt_84156,cpt,0.0005390929884262,0.0010750130864314,3.172890421150373e-06,False,False
opioid_ed,65_74,medium,225,item_cpt_97035,cpt,0.0005342151544904,0.0010636985534018,4.731755579115508e-06,False,True
opioid_ed,65_74,medium,226,item_drug_MELOXICAM,drug,0.0005278878062234,0.0010491428970672,6.6327153795644645e-06,False,False
opioid_ed,65_74,medium,227,item_icd_R05,icd,0.000520693848332,0.0010371572054818,4.230491182244545e-06,False,False
opioid_ed,65_74,medium,228,item_cpt_17000,cpt,0.0005130858873207,0.0010178205089829,8.351265658542052e-06,False,False
opioid_ed,65_74,medium,229,item_icd_E559,icd,0.000511188860553,0.0010163237817172,6.053939388940782e-06,False,False
opioid_ed,65_74,medium,230,item_cpt_74177,cpt,0.0005002277446599,0.000993783532077,6.671957242860825e-06,False,False
opioid_ed,65_74,medium,231,item_cpt_73630,cpt,0.0004680781758236,0.0009302403829351,5.915968712209139e-06,False,False
opioid_ed,65_74,medium,232,item_icd_M19012,icd,0.00046447679374,0.0009275967953802,1.3567920997805075e-06,False,False
opioid_ed,65_74,medium,233,item_icd_R51,icd,0.0004467822404022,0.0008929312329414,6.332478630619996e-07,False,False
opioid_ed,65_74,medium,234,item_icd_M5412,icd,0.0004373677935636,0.0008734555866178,1.2800005093699974e-06,False,False
opioid_ed,65_74,medium,235,item_cpt_90732,cpt,0.0004233104613032,0.000846020942525,5.999800815509974e-07,False,False
opioid_ed,65_74,medium,236,item_cpt_73502,cpt,0.0004170689727586,0.0008278965253054,6.241420211927612e-06,False,False
opioid_ed,65_74,medium,237,item_cpt_84165,cpt,0.0004149474635725,0.0008289925072234,9.024199217216248e-07,False,False
opioid_ed,65_74,medium,238,item_cpt_86803,cpt,0.0004022048202095,0.0007995853513576,4.824289061521866e-06,False,False
opioid_ed,65_74,medium,239,item_cpt_92134,cpt,0.0004017573728366,0.0008014226933149,2.0920523584352987e-06,False,False
opioid_ed,65_74,medium,240,item_icd_M6281,icd,0.0004003027858319,0.000798520722362,2.084849301885561e-06,False,False
opioid_ed,65_74,medium,241,item_cpt_77067,cpt,0.0003978089215245,0.000794449900848,1.167942201097682e-06,False,False
opioid_ed,65_74,medium,242,item_cpt_99221,cpt,0.0003849809816178,0.0007673691060772,2.592857158374424e-06,False,False
opioid_ed,65_74,medium,243,item_cpt_99211,cpt,0.0003796789722292,0.0007582413589149,1.116585543478722e-06,False,False
opioid_ed,65_74,medium,244,item_cpt_80069,cpt,0.0003776535969072,0.0007533345023883,1.9726914260726697e-06,False,False
opioid_ed,65_74,medium,245,item_cpt_71250,cpt,0.0003585113730067,0.0007148714747164,2.1512712970574123e-06,False,False
opioid_ed,65_74,medium,246,item_icd_I2510,icd,0.0003549883949428,0.0007078454494202,2.131340465474916e-06,False,False
opioid_ed,65_74,medium,247,item_cpt_76705,cpt,0.0003514931404267,0.0007024880912212,4.981896322821767e-07,False,False
opioid_ed,65_74,medium,248,item_cpt_82550,cpt,0.0003408684330481,0.0006778640816562,3.872784440059511e-06,False,False
opioid_ed,65_74,medium,249,item_drug_FLUCONAZOLE,drug,0.0003408306259324,0.0006811781747726,4.83077092194737e-07,False,False
opioid_ed,65_74,medium,250,item_cpt_76775,cpt,0.0003399306264622,0.0006793794514487,4.818014758213267e-07,False,False
opioid_ed,65_74,medium,251,item_cpt_00810,cpt,0.0003384954297781,0.0006746937576462,2.297101909993097e-06,False,False
opioid_ed,65_74,medium,252,item_icd_R739,icd,0.0003351865198509,0.0006696401337578,7.329059441919108e-07,False,False
opioid_ed,65_74,medium,253,item_cpt_96375,cpt,0.0003021165278215,0.0006031020953363,1.1309603067119105e-06,False,False
opioid_ed,65_74,medium,254,item_drug_LEVOFLOXACIN,drug,0.0002932412953931,0.0005860669645441,4.156262422205113e-07,False,False
opioid_ed,65_74,medium,255,item_drug_NITROSTAT,drug,0.0002884599577951,0.0005744940343209,2.425881269345607e-06,False,False
opioid_ed,65_74,medium,256,item_icd_J301,icd,0.0002794153561812,0.0005582163355046,6.143768578495586e-07,False,False
opioid_ed,65_74,medium,257,item_drug_LEVEMIR,drug,0.0002745586974384,0.0005459462603124,3.1711345644815976e-06,False,False
opioid_ed,65_74,medium,258,item_icd_I214,icd,0.0002730748483018,0.0005436308667622,2.518829841526813e-06,False,False
opioid_ed,65_74,medium,259,item_cpt_83921,cpt,0.0002717651313789,0.0005431450758075,3.851869504605945e-07,False,False
opioid_ed,65_74,medium,260,item_cpt_76514,cpt,0.0002710554311486,0.0005389767971967,3.134065100491177e-06,False,False
opioid_ed,65_74,medium,261,item_icd_Z136,icd,0.0002664535515342,0.000530860216273,2.0468867955531272e-06,False,False
opioid_ed,65_74,medium,262,item_cpt_93458,cpt,0.0002625176581069,0.0005246632361915,3.720800223898562e-07,False,False
opioid_ed,65_74,medium,263,item_cpt_86800,cpt,0.0002621794359613,0.0005235751269932,7.837449295207876e-07,False,False
opioid_ed,65_74,medium,264,item_icd_Z5181,icd,0.0002582749642689,0.000515371201187,1.1787273508314595e-06,False,False
opioid_ed,65_74,medium,265,item_icd_I119,icd,0.0002519201396485,0.000502688534779,1.1517445179844108e-06,False,False
opioid_ed,65_74,medium,266,item_cpt_85651,cpt,0.000248815089404,0.0004966878852448,9.422935632553756e-07,False,False
opioid_ed,65_74,medium,267,item_icd_M461,icd,0.0002485853576701,0.0004962292349396,9.41480400620509e-07,False,False
opioid_ed,65_74,medium,268,item_cpt_93015,cpt,0.0002463753703137,0.0004912338654984,1.516875128962637e-06,False,False
opioid_ed,65_74,medium,269,item_icd_N401,icd,0.000244523400262,0.0004887002247056,3.4657581855807146e-07,False,False
opioid_ed,65_74,medium,270,item_cpt_93224,cpt,0.0002431305137765,0.0004841873858463,2.073641706751905e-06,False,False
opioid_ed,65_74,medium,271,item_icd_R7309,icd,0.0002370969290161,0.0004727294745871,1.4643834450811137e-06,False,False
opioid_ed,65_74,medium,272,item_icd_G609,icd,0.0002304101890904,0.0004604938057554,3.265724253897169e-07,False,False
opioid_ed,65_74,medium,273,item_icd_R1011,icd,0.0002203513694934,0.0004398611961256,8.415428611797955e-07,False,False
opioid_ed,65_74,medium,274,item_icd_R7302,icd,0.0002201597782433,0.000438073978377,2.2455781096146586e-06,False,False
opioid_ed,65_74,medium,275,item_icd_Z961,icd,0.0002192758190905,0.0004364887060068,2.062932174343579e-06,False,False
opioid_ed,65_74,medium,276,item_drug_HYDROCHLOROTHIAZIDE,drug,0.0002148434348488,0.000428348382763,1.3384869347063804e-06,False,False
opioid_ed,65_74,medium,277,item_icd_R319,icd,0.0002127965468066,0.000424436767692,1.1563259211759016e-06,False,False
opioid_ed,65_74,medium,278,item_drug_LORAZEPAM,drug,0.0002127348197522,0.0004246550563216,8.145831828163236e-07,False,False
opioid_ed,65_74,medium,279,item_icd_E871,icd,0.0002090128738241,0.0004175609954596,4.647521887386587e-07,False,False
opioid_ed,65_74,medium,280,item_drug_OLANZAPINE,drug,0.0002066986781434,0.000412271226767,1.1261295199487092e-06,False,False
opioid_ed,65_74,medium,281,item_icd_J449,icd,0.0002052074079097,0.0004094614153799,9.534004396466658e-07,False,False
opioid_ed,65_74,medium,282,item_icd_R4182,icd,0.0002045128971142,0.0004077457510888,1.2800431397093383e-06,False,False
opioid_ed,65_74,medium,283,item_icd_K760,icd,0.000201275535945,0.0004012893437382,1.261728151916262e-06,False,False
opioid_ed,65_74,medium,284,item_drug_CLOPIDOGREL,drug,0.0001971635469691,0.0003938875248333,4.395691049821407e-07,False,False
opioid_ed,65_74,medium,285,item_icd_H04121,icd,0.0001964923551458,0.0003914322203611,1.5524899304588935e-06,False,False
opioid_ed,65_74,medium,286,item_cpt_83704,cpt,0.0001939468976834,0.0003865163552726,1.3774400942044817e-06,False,False
opioid_ed,65_74,medium,287,item_drug_LATANOPROST,drug,0.0001755449790698,0.000349973797569,1.1161605706528194e-06,False,False
opioid_ed,65_74,medium,288,item_drug_LOVASTATIN,drug,0.0001743841545337,0.0003472288717402,1.5394373273723004e-06,False,False
opioid_ed,65_74,medium,289,item_cpt_73562,cpt,0.0001603391006985,0.0003203168943845,3.613070124539821e-07,False,False
opioid_ed,65_74,medium,290,item_icd_N3001,icd,0.0001537212468647,0.0003061922556606,1.2502380688217697e-06,False,False
opioid_ed,65_74,medium,291,item_icd_M25572,icd,0.0001476118031194,0.0002945147589804,7.088472584638751e-07,False,False
opioid_ed,65_74,medium,292,item_cpt_96361,cpt,0.0001462179286646,0.0002921045616974,3.3129563185654586e-07,False,False
opioid_ed,65_74,medium,293,item_drug_FINASTERIDE,drug,0.0001439886781673,0.0002877732736417,2.0408269288520127e-07,False,False
opioid_ed,65_74,medium,294,item_icd_L814,icd,0.000142413970933,0.0002840201476398,8.077942262687928e-07,False,False
opioid_ed,65_74,medium,295,item_cpt_84520,cpt,0.000141627934575,0.0002829343285201,3.215406299889091e-07,False,False
opioid_ed,65_74,medium,296,item_drug_METHOTREXATE,drug,0.0001402512186366,0.0002798248433433,6.775939300688666e-07,False,False
opioid_ed,65_74,medium,297,item_drug_NABUMETONE,drug,0.0001397101535724,0.0002785068778598,9.134292851251066e-07,False,False
opioid_ed,65_74,medium,298,item_cpt_99497,cpt,0.0001384334074956,0.0002765520636113,3.147513799338397e-07,False,False
opioid_ed,65_74,medium,299,item_drug_HUMALOG,drug,0.0001380695337755,0.0002751171362759,1.0219312750670365e-06,False,False
opioid_ed,65_74,medium,300,item_icd_R300,icd,0.0001363597151193,0.0002722920944871,4.273357515506387e-07,False,False
opioid_ed,65_74,medium,301,item_cpt_97535,cpt,0.0001345297631176,0.000268868850158,1.9067607731188203e-07,False,True
opioid_ed,65_74,medium,302,item_cpt_78452,cpt,0.0001337519899407,0.0002666242582022,8.797216793067636e-07,False,False
opioid_ed,65_74,medium,303,item_cpt_17003,cpt,0.0001324902168303,0.000264792648339,1.877853215671431e-07,False,False
opioid_ed,65_74,medium,304,item_icd_I110,icd,0.0001275082101043,0.0002542824387126,7.339814960436298e-07,False,False
opioid_ed,65_74,medium,305,item_cpt_93308,cpt,0.0001264884594026,0.0002527976400888,1.7927871650993398e-07,False,False
opioid_ed,65_74,medium,306,item_icd_J0190,icd,0.0001208050770563,0.0002413328677911,2.772863215915025e-07,False,False
opioid_ed,65_74,medium,307,item_drug_CELECOXIB,drug,0.0001185242498516,0.000236880509078,1.6799062530330093e-07,False,False
opioid_ed,65_74,medium,308,item_cpt_11042,cpt,0.0001154980036466,0.0002308323059252,1.637013681012543e-07,False,False
opioid_ed,65_74,medium,309,item_cpt_99306,cpt,0.0001136628330539,0.000227164565823,1.6110028472965046e-07,False,False
opioid_ed,65_74,medium,310,item_cpt_99220,cpt,0.000112663616602,0.0002246667615401,6.604716639673972e-07,False,False
opioid_ed,65_74,medium,311,item_cpt_94010,cpt,0.0001094910155418,0.0002187287902595,2.53240824135521e-07,False,False
opioid_ed,65_74,medium,312,item_icd_K6389,icd,0.0001091833318067,0.0002173338795172,1.0327840962249643e-06,False,False
opioid_ed,65_74,medium,313,item_cpt_84450,cpt,0.0001090289678286,0.0002179034031924,1.545324649144635e-07,False,False
opioid_ed,65_74,medium,314,item_cpt_80051,cpt,0.0001013202221436,0.0002024968378312,1.436064560212622e-07,False,False
opioid_ed,65_74,medium,315,item_cpt_94729,cpt,9.769583695807632e-05,0.000195253204491,1.3846942512319358e-07,False,False
opioid_ed,65_74,medium,316,item_cpt_17110,cpt,9.564760030037634e-05,0.0001910713808475,2.2381975323680678e-07,False,False
opioid_ed,65_74,medium,317,item_icd_I6523,icd,9.456401712231508e-05,0.0001889940037117,1.340305328863282e-07,False,False
opioid_ed,65_74,medium,318,item_cpt_82948,cpt,9.443880295597526e-05,0.0001887437528516,1.3385306029209884e-07,False,False
opioid_ed,65_74,medium,319,item_icd_R1084,icd,9.13003185453318e-05,0.0001824712323686,1.294047220042924e-07,False,False
opioid_ed,65_74,medium,320,item_icd_B029,icd,9.0810369868597e-05,0.0001813224314909,2.98308246249871e-07,False,False
opioid_ed,65_74,medium,321,item_icd_R531,icd,8.967859190599514e-05,0.0001791460498459,2.111339660879989e-07,False,False
opioid_ed,65_74,medium,322,item_cpt_72131,cpt,8.375330585975896e-05,0.0001673879037737,1.1870794575970007e-07,False,False
opioid_ed,65_74,medium,323,item_drug_CEPHALEXIN,drug,8.373941612428961e-05,0.0001672803206671,1.9851158145925664e-07,False,False
opioid_ed,65_74,medium,324,item_icd_M25562,icd,8.23498082839396e-05,0.0001645828978727,1.1671869515766165e-07,False,False
opioid_ed,65_74,medium,325,item_icd_R001,icd,7.955889023781264e-05,0.0001589281536633,1.8962681232141294e-07,False,False
opioid_ed,65_74,medium,326,item_icd_I517,icd,7.927974707217762e-05,0.0001584471268077,1.1236733665230259e-07,False,False
opioid_ed,65_74,medium,327,item_icd_J9601,icd,7.926523870797257e-05,0.0001584181306427,1.1234677318804964e-07,False,False
opioid_ed,65_74,medium,328,item_icd_I499,icd,7.903279035246015e-05,0.0001578770719997,1.8850870513783518e-07,False,False
opioid_ed,65_74,medium,329,item_cpt_51701,cpt,7.776663992422419e-05,0.000154970288663,5.6299118537984e-07,False,False
opioid_ed,65_74,medium,330,item_cpt_84075,cpt,7.367826219423602e-05,0.0001472520963296,1.0442805883826754e-07,False,False
opioid_ed,65_74,medium,331,item_icd_M810,icd,7.187854820882269e-05,0.0001434410906623,3.160057553297628e-07,False,False
opioid_ed,65_74,medium,332,item_icd_L918,icd,6.942835271998648e-05,0.0001384103330699,4.46372370022164e-07,False,False
opioid_ed,65_74,medium,333,item_cpt_99397,cpt,6.735895094613389e-05,0.0001346224305241,9.547136812405905e-08,False,False
opioid_ed,65_74,medium,334,item_icd_K635,icd,6.700883009896791e-05,0.0001339226850744,9.497512351486937e-08,False,False
opioid_ed,65_74,medium,335,item_cpt_98940,cpt,6.492145882214605e-05,0.0001293525965512,4.903210930460673e-07,False,False
opioid_ed,65_74,medium,336,item_icd_R339,icd,6.404691369573881e-05,0.000127871331914,2.2249547739003958e-07,False,False
opioid_ed,65_74,medium,337,item_icd_D123,icd,6.372943351352003e-05,0.0001271717060266,2.871610003425833e-07,False,False
opioid_ed,65_74,medium,338,item_cpt_92226,cpt,6.279528521940176e-05,0.000125501567393,8.900304573375908e-08,False,False
opioid_ed,65_74,medium,339,item_icd_I129,icd,5.825375177200903e-05,0.0001163014183405,2.060852035055812e-07,False,False
opioid_ed,65_74,medium,340,item_icd_M7501,icd,5.768868849019315e-05,0.0001148668531409,5.105238393879823e-07,False,False
opioid_ed,65_74,medium,341,item_cpt_87184,cpt,5.5394342964613976e-05,0.0001105907005652,1.9798536402331533e-07,False,False
opioid_ed,65_74,medium,342,item_cpt_00811,cpt,5.395492208793948e-05,0.0001077746328491,1.352113267576976e-07,False,False
opioid_ed,65_74,medium,343,item_cpt_64635,cpt,5.1310646576561865e-05,0.000102548567887,7.272526604388264e-08,False,False
opioid_ed,65_74,medium,344,item_icd_M109,icd,4.813127276138463e-05,9.619432654970722e-05,6.821897306204096e-08,False,False
opioid_ed,65_74,medium,345,item_drug_CEFDINIR,drug,4.798598030153286e-05,9.574052541681848e-05,2.314351862472611e-07,False,False
opioid_ed,65_74,medium,346,item_cpt_85379,cpt,4.186824283001191e-05,8.367714360721887e-05,5.934205280495072e-08,False,False
opioid_ed,65_74,medium,347,item_cpt_64494,cpt,4.132043789880049e-05,8.258231017740838e-05,5.85656201926067e-08,False,False
opioid_ed,65_74,medium,348,item_icd_C61,icd,3.842922289252136e-05,7.67562308460125e-05,1.0221493903023335e-07,False,False
opioid_ed,65_74,medium,349,item_icd_M0579,icd,3.69798565351639e-05,7.390729958337687e-05,5.2413486950930025e-08,False,False
opioid_ed,65_74,medium,350,item_icd_R938,icd,3.5197238172474854e-05,7.029913026377957e-05,9.534608117013984e-08,False,False
opioid_ed,65_74,medium,351,item_icd_K2270,icd,3.2519305061672604e-05,6.490542281641865e-05,1.3318730692655246e-07,False,False
opioid_ed,65_74,medium,352,item_icd_Z1159,icd,2.96215036293873e-05,5.903515140745091e-05,2.0785585132368945e-07,False,False
opioid_ed,65_74,medium,353,item_icd_H43811,icd,2.55570484196428e-05,5.10778734963807e-05,3.6223342904899614e-08,False,False
opioid_ed,65_74,medium,354,item_cpt_87040,cpt,2.51366380736584e-05,5.0161001700908575e-05,1.1227444640822223e-07,False,False
opioid_ed,65_74,medium,355,item_cpt_82553,cpt,2.388539748003551e-05,4.77369409355713e-05,3.3854024499721316e-08,False,False
opioid_ed,65_74,medium,356,item_icd_M797,icd,1.0381214327648647e-05,2.0747714816665183e-05,1.4713838632111089e-08,False,False
opioid_ed,65_74,medium,357,item_cpt_74000,cpt,7.951084329833981e-06,1.5838575684191364e-05,6.35929754765989e-08,False,False
opioid_ed,65_74,extreme,1,pgx_num_drugs,pgx,0.9999999993859188,0.999999999903008,0.9999999988688298,True,False
opioid_ed,65_74,extreme,2,pgx_num_cpic_drugs,pgx,0.5969391027041966,0.7221577608387164,0.4717204445696769,True,False
opioid_ed,65_74,extreme,3,item_cpt_99232,cpt,0.3333178051265043,0.5902360133419648,0.0763995969110437,True,False
opioid_ed,65_74,extreme,4,item_cpt_85610,cpt,0.2030900122403585,0.3534119266417211,0.0527680978389959,True,False
opioid_ed,65_74,extreme,5,item_icd_Z79891,icd,0.200955771815311,0.3092355609097014,0.0926759827209206,True,False
opioid_ed,65_74,extreme,6,item_cpt_99309,cpt,0.1964880871035933,0.354503716666989,0.0384724575401976,True,False
opioid_ed,65_74,extreme,7,item_cpt_99231,cpt,0.1854242357811833,0.3415353586190723,0.0293131129432942,True,False
opioid_ed,65_74,extreme,8,item_icd_Z79899,icd,0.1698796644999667,0.2842162048975381,0.0555431241023953,True,False
opioid_ed,65_74,extreme,9,item_cpt_99239,cpt,0.1657072861119247,0.3025495697631346,0.0288650024607149,True,False
opioid_ed,65_74,extreme,10,item_cpt_99285,cpt,0.1592806686045263,0.2851828554412412,0.0333784817678114,True,False
opioid_ed,65_74,extreme,11,item_cpt_20610,cpt,0.1425333021054013,0.2451548711257347,0.039911733085068,True,False
opioid_ed,65_74,extreme,12,item_icd_G8929,icd,0.1344680633269546,0.2277391704494742,0.0411969562044349,True,False
opioid_ed,65_74,extreme,13,item_cpt_96374,cpt,0.1281122593495238,0.2383839077876557,0.0178406109113918,True,False
opioid_ed,65_74,extreme,14,item_cpt_99203,cpt,0.1260440970207506,0.2188622500321097,0.0332259440093915,True,False
opioid_ed,65_74,extreme,15,item_icd_M545,icd,0.1246908227408486,0.202832118125556,0.0465495273561412,True,False
opioid_ed,65_74,extreme,16,item_drug_PREDNISONE,drug,0.1238804760618887,0.2259607858567633,0.021800166267014,True,False
opioid_ed,65_74,extreme,17,item_cpt_97112,cpt,0.1050627565208039,0.1901594014692827,0.0199661115723252,True,True
opioid_ed,65_74,extreme,18,item_cpt_85025,cpt,0.1032958376076616,0.1667758298346086,0.0398158453807147,True,False
opioid_ed,65_74,extreme,19,item_cpt_83735,cpt,0.0998968031665688,0.1829229537250917,0.016870652608046,True,False
opioid_ed,65_74,extreme,20,item_cpt_77052,cpt,0.0996124981833309,0.1772779416154295,0.0219470547512322,True,False
opioid_ed,65_74,extreme,21,item_cpt_96372,cpt,0.0989250040087167,0.1766118741804424,0.0212381338369911,False,False
opioid_ed,65_74,extreme,22,item_icd_G894,icd,0.0987051454849307,0.1689947114845408,0.0284155794853207,False,False
opioid_ed,65_74,extreme,23,item_cpt_93010,cpt,0.0958896601620126,0.1669112455534707,0.0248680747705544,False,False
opioid_ed,65_74,extreme,24,item_cpt_99238,cpt,0.0954382143050623,0.1795999784414875,0.0112764501686371,False,False
opioid_ed,65_74,extreme,25,item_cpt_93005,cpt,0.0923167375028218,0.1736098064008995,0.0110236686047441,False,False
opioid_ed,65_74,extreme,26,item_cpt_84550,cpt,0.091982447453821,0.1679938363823417,0.0159710585253004,False,False
opioid_ed,65_74,extreme,27,item_cpt_97162,cpt,0.0870839673743929,0.1628454288252803,0.0113225059235056,False,True
opioid_ed,65_74,extreme,28,item_drug_LISINOPRIL,drug,0.0857105754837445,0.1564373015599643,0.0149838494075247,False,False
opioid_ed,65_74,extreme,29,item_cpt_80048,cpt,0.0855978947803421,0.1559287355178336,0.0152670540428505,False,False
opioid_ed,65_74,extreme,30,item_icd_I10,icd,0.083365152022364,0.1492568979558059,0.0174734060889221,False,False
opioid_ed,65_74,extreme,31,item_icd_N179,icd,0.082680387453483,0.1576433719603064,0.0077174029466597,False,False
opioid_ed,65_74,extreme,32,item_icd_J9811,icd,0.0784209292630706,0.1492694423145289,0.0075724162116122,False,False
opioid_ed,65_74,extreme,33,item_icd_R0602,icd,0.078018007212603,0.148904692910284,0.0071313215149221,False,False
opioid_ed,65_74,extreme,34,item_cpt_83970,cpt,0.0763147215420125,0.143133869752378,0.0094955733316471,False,False
opioid_ed,65_74,extreme,35,item_drug_OMEPRAZOLE,drug,0.0762448880095013,0.1465624583995749,0.0059273176194276,False,False
opioid_ed,65_74,extreme,36,item_cpt_71010,cpt,0.0720009220692789,0.1359473967059686,0.0080544474325892,False,False
opioid_ed,65_74,extreme,37,item_cpt_92014,cpt,0.0711935924169244,0.1312575804932564,0.0111296043405925,False,False
opioid_ed,65_74,extreme,38,item_cpt_71046,cpt,0.0704233152546432,0.1327906658531188,0.0080559646561677,False,False
opioid_ed,65_74,extreme,39,item_cpt_97140,cpt,0.0698435737509329,0.1283068685580616,0.0113802789438043,False,True
opioid_ed,65_74,extreme,40,item_icd_M549,icd,0.0642070405783235,0.1185312018580009,0.0098828792986461,False,False
opioid_ed,65_74,extreme,41,item_cpt_99222,cpt,0.0631454317752765,0.1188285158308073,0.0074623477197458,False,False
opioid_ed,65_74,extreme,42,item_cpt_99204,cpt,0.0614844975521815,0.1121459205308442,0.0108230745735187,False,False
opioid_ed,65_74,extreme,43,item_cpt_71020,cpt,0.0604853668780203,0.1114049670756012,0.0095657666804394,False,False
opioid_ed,65_74,extreme,44,item_cpt_99233,cpt,0.0565969896100248,0.1090537234345364,0.0041402557855131,False,False
opioid_ed,65_74,extreme,45,item_cpt_84443,cpt,0.0556628965988672,0.0993407151727441,0.0119850780249903,False,False
opioid_ed,65_74,extreme,46,item_cpt_84484,cpt,0.0543387481511742,0.1034993284778117,0.0051781678245368,False,False
opioid_ed,65_74,extreme,47,item_cpt_74176,cpt,0.0538604918244843,0.104172523389346,0.0035484602596226,False,False
opioid_ed,65_74,extreme,48,item_cpt_81003,cpt,0.0528929849935454,0.0957923215642071,0.0099936484228838,False,False
opioid_ed,65_74,extreme,49,item_cpt_85652,cpt,0.0520522460266441,0.097821713706539,0.0062827783467492,False,False
opioid_ed,65_74,extreme,50,item_cpt_99283,cpt,0.0510163816882575,0.0974674432767021,0.004565320099813,False,False
opioid_ed,65_74,extreme,51,item_cpt_90471,cpt,0.0504725670378514,0.0937277418621034,0.0072173922135993,False,False
opioid_ed,65_74,extreme,52,item_cpt_86140,cpt,0.0503891147135242,0.0944755313592971,0.0063026980677513,False,False
opioid_ed,65_74,extreme,53,item_cpt_83880,cpt,0.0498608181188415,0.0965027440776893,0.0032188921599937,False,False
opioid_ed,65_74,extreme,54,item_cpt_81002,cpt,0.0487845437942781,0.0914365274124029,0.0061325601761533,False,False
opioid_ed,65_74,extreme,55,item_icd_M47817,icd,0.0485496399103251,0.0865899573999299,0.0105093224207203,False,False
opioid_ed,65_74,extreme,56,item_cpt_81001,cpt,0.0474475315837778,0.0897061535017139,0.0051889096658416,False,False
opioid_ed,65_74,extreme,57,item_icd_E119,icd,0.0474123518059118,0.0881899016575724,0.0066348019542511,False,False
opioid_ed,65_74,extreme,58,item_cpt_82607,cpt,0.0461420510942665,0.0860541612296215,0.0062299409589115,False,False
opioid_ed,65_74,extreme,59,item_cpt_71045,cpt,0.0455961705715834,0.0896963524295197,0.0014959887136472,False,False
opioid_ed,65_74,extreme,60,item_cpt_83036,cpt,0.0453700137086948,0.0840026263934829,0.0067374010239067,False,False
opioid_ed,65_74,extreme,61,item_icd_M47816,icd,0.044989710881435,0.0837110144019144,0.0062684073609556,False,False
opioid_ed,65_74,extreme,62,item_cpt_83540,cpt,0.0441915845162792,0.0860917816347213,0.0022913873978372,False,False
opioid_ed,65_74,extreme,63,item_icd_Z01810,icd,0.0440687991978516,0.0856157992475971,0.0025217991481062,False,False
opioid_ed,65_74,extreme,64,item_cpt_80061,cpt,0.0437049789735135,0.0794832170578286,0.0079267408891985,False,False
opioid_ed,65_74,extreme,65,item_icd_R42,icd,0.042475625171315,0.0810123553795675,0.0039388949630625,False,False
opioid_ed,65_74,extreme,66,item_cpt_83605,cpt,0.0423017838539514,0.0835070862107132,0.0010964814971897,False,False
opioid_ed,65_74,extreme,67,item_cpt_76942,cpt,0.0417778932872185,0.0802246013294318,0.0033311852450052,False,False
opioid_ed,65_74,extreme,68,item_icd_R748,icd,0.0413459934749204,0.0793681637475199,0.0033238232023209,False,False
opioid_ed,65_74,extreme,69,item_cpt_94640,cpt,0.0391812478557684,0.0759630165787449,0.0023994791327919,False,False
opioid_ed,65_74,extreme,70,item_cpt_92015,cpt,0.0388683044756832,0.0716812784921499,0.0060553304592165,False,False
opioid_ed,65_74,extreme,71,item_icd_M5126,icd,0.0388588095917957,0.0731481955275154,0.0045694236560761,False,False
opioid_ed,65_74,extreme,72,item_icd_B351,icd,0.0375341031953265,0.0722227956503001,0.0028454107403528,False,False
opioid_ed,65_74,extreme,73,item_cpt_90791,cpt,0.0367621556584983,0.0700910719513545,0.003433239365642,False,False
opioid_ed,65_74,extreme,74,item_cpt_84100,cpt,0.0365120979576567,0.0715761339581255,0.0014480619571879,False,False
opioid_ed,65_74,extreme,75,item_cpt_96360,cpt,0.0364874855493433,0.0711073170607567,0.0018676540379299,False,False
opioid_ed,65_74,extreme,76,item_icd_R7989,icd,0.036129171837673,0.0689308138024906,0.0033275298728554,False,False
opioid_ed,65_74,extreme,77,item_cpt_85018,cpt,0.0358233886126063,0.0697166291790054,0.0019301480462073,False,False
opioid_ed,65_74,extreme,78,item_cpt_97530,cpt,0.0350745073699104,0.0684957653051187,0.0016532494347021,False,True
opioid_ed,65_74,extreme,79,item_icd_Z1231,icd,0.0339750002958742,0.0644062600126528,0.0035437405790956,False,False
opioid_ed,65_74,extreme,80,item_icd_M5416,icd,0.0336716114018356,0.0640898824159082,0.0032533403877631,False,False
opioid_ed,65_74,extreme,81,item_icd_R52,icd,0.032274325562188,0.0620168701171074,0.0025317810072686,False,False
opioid_ed,65_74,extreme,82,item_cpt_82570,cpt,0.032177999723763,0.0622137341871085,0.0021422652604175,False,False
opioid_ed,65_74,extreme,83,item_cpt_88305,cpt,0.0315823965796867,0.0607493957143694,0.0024153974450041,False,False
opioid_ed,65_74,extreme,84,item_icd_M546,icd,0.0315248526323359,0.0605147275087619,0.0025349777559098,False,False
opioid_ed,65_74,extreme,85,item_cpt_99202,cpt,0.0308014306194709,0.059146144307609,0.0024567169313328,False,False
opioid_ed,65_74,extreme,86,item_icd_R079,icd,0.030763563200245,0.0596837651119134,0.0018433612885765,False,False
opioid_ed,65_74,extreme,87,item_cpt_97110,cpt,0.0307140913805468,0.0567721434258708,0.0046560393352228,False,True
opioid_ed,65_74,extreme,88,item_cpt_72148,cpt,0.0304283399938585,0.0583104239241943,0.0025462560635227,False,False
opioid_ed,65_74,extreme,89,item_icd_M47812,icd,0.0302022367102036,0.0574859871280957,0.0029184862923114,False,False
opioid_ed,65_74,extreme,90,item_icd_E039,icd,0.0301549627810241,0.0576296770552873,0.0026802485067609,False,False
opioid_ed,65_74,extreme,91,item_icd_E782,icd,0.0298586896839583,0.0570054114783077,0.0027119678896089,False,False
opioid_ed,65_74,extreme,92,item_cpt_70450,cpt,0.0293381894337434,0.0567035042428376,0.0019728746246493,False,False
opioid_ed,65_74,extreme,93,item_icd_E785,icd,0.0292010652012025,0.0559965536023757,0.0024055768000294,False,False
opioid_ed,65_74,extreme,94,item_cpt_97001,cpt,0.0288899774347403,0.0554944371345784,0.0022855177349023,False,True
opioid_ed,65_74,extreme,95,item_cpt_74178,cpt,0.0282201156873512,0.0538404127526631,0.0025998186220393,False,False
opioid_ed,65_74,extreme,96,item_cpt_93306,cpt,0.0281457773711534,0.0533192960162746,0.0029722587260321,False,False
opioid_ed,65_74,extreme,97,item_cpt_11721,cpt,0.0273616029722742,0.0531383658160657,0.0015848401284828,False,False
opioid_ed,65_74,extreme,98,item_icd_M961,icd,0.0268837385741199,0.0498058428816556,0.0039616342665841,False,False
opioid_ed,65_74,extreme,99,item_cpt_93971,cpt,0.0263688383246207,0.051890170445446,0.0008475062037954,False,False
opioid_ed,65_74,extreme,100,item_cpt_90670,cpt,0.0262311360892235,0.050096371496789,0.002365900681658,False,False
opioid_ed,65_74,extreme,101,item_cpt_84439,cpt,0.0261634260273964,0.0507588150059228,0.00156803704887,False,False
opioid_ed,65_74,extreme,102,item_cpt_99223,cpt,0.025652358724,0.050182138797907,0.001122578650093,False,False
opioid_ed,65_74,extreme,103,item_icd_K219,icd,0.0253874294609766,0.0492193560981435,0.0015555028238097,False,False
opioid_ed,65_74,extreme,104,item_cpt_99000,cpt,0.0247808053641007,0.0480432242670671,0.0015183864611342,False,False
opioid_ed,65_74,extreme,105,item_icd_Z01818,icd,0.0237641493523314,0.0464720940212794,0.0010562046833833,False,False
opioid_ed,65_74,extreme,106,item_cpt_92004,cpt,0.0225315905705805,0.0436523534273487,0.0014108277138124,False,False
opioid_ed,65_74,extreme,107,item_cpt_82306,cpt,0.0225275456540274,0.0433166239398366,0.0017384673682182,False,False
opioid_ed,65_74,extreme,108,item_icd_G4733,icd,0.0207490674923369,0.0401296979285654,0.0013684370561083,False,False
opioid_ed,65_74,extreme,109,item_cpt_85730,cpt,0.0207292431420582,0.040720838162321,0.0007376481217955,False,False
opioid_ed,65_74,extreme,110,item_cpt_97150,cpt,0.0194250666694508,0.0375044392435853,0.0013456940953163,False,True
opioid_ed,65_74,extreme,111,item_drug_AMOXICILLIN,drug,0.0192363787396299,0.0376174936926934,0.0008552637865665,False,False
opioid_ed,65_74,extreme,112,item_icd_R55,icd,0.0188695107897066,0.0367468486741974,0.0009921729052158,False,False
opioid_ed,65_74,extreme,113,item_cpt_88342,cpt,0.0187094144043459,0.0369982490269703,0.0004205797817215,False,False
opioid_ed,65_74,extreme,114,item_cpt_64483,cpt,0.0185116093300257,0.0357406897360513,0.0012825289240002,False,False
opioid_ed,65_74,extreme,115,item_cpt_87186,cpt,0.0175979448497762,0.0347027105748311,0.0004931791247213,False,False
opioid_ed,65_74,extreme,116,item_icd_L821,icd,0.0166263337607793,0.0318491699032299,0.0014034976183287,False,False
opioid_ed,65_74,extreme,117,item_drug_GABAPENTIN,drug,0.0165303144668667,0.03224701930856,0.0008136096251733,False,False
opioid_ed,65_74,extreme,118,item_cpt_71275,cpt,0.016407817710937,0.0325038080336026,0.0003118273882714,False,False
opioid_ed,65_74,extreme,119,item_cpt_82746,cpt,0.0162857076845157,0.0322052206183199,0.0003661947507115,False,False
opioid_ed,65_74,extreme,120,item_cpt_82043,cpt,0.0156803027148758,0.0302323636199604,0.0011282418097912,False,False
opioid_ed,65_74,extreme,121,item_cpt_99213,cpt,0.0154436749776037,0.0297251628855594,0.001162187069648,False,False
opioid_ed,65_74,extreme,122,item_cpt_87086,cpt,0.0152429665335245,0.0295104452787494,0.0009754877882996,False,False
opioid_ed,65_74,extreme,123,item_cpt_87077,cpt,0.0148226393984393,0.0292502290294294,0.0003950497674492,False,False
opioid_ed,65_74,extreme,124,item_cpt_83615,cpt,0.014019691899406,0.0277435406749305,0.0002958431238816,False,False
opioid_ed,65_74,extreme,125,item_cpt_92250,cpt,0.0137614468899032,0.026333808175845,0.0011890856039615,False,False
opioid_ed,65_74,extreme,126,item_cpt_99214,cpt,0.0132195478273444,0.0243599359080484,0.0020791597466404,False,False
opioid_ed,65_74,extreme,127,item_icd_M25561,icd,0.0131492338461573,0.0258843431692437,0.0004141245230709,False,False
opioid_ed,65_74,extreme,128,item_icd_M4806,icd,0.0130639837141466,0.0252916016290905,0.0008363657992026,False,False
opioid_ed,65_74,extreme,129,item_icd_E7800,icd,0.0120710329832734,0.0236954460212038,0.0004466199453431,False,False
opioid_ed,65_74,extreme,130,item_icd_N183,icd,0.0120534696771697,0.0238022282909503,0.0003047110633892,False,False
opioid_ed,65_74,extreme,131,item_cpt_82565,cpt,0.0118616239690966,0.0232275873734597,0.0004956605647335,False,False
opioid_ed,65_74,extreme,132,item_cpt_99152,cpt,0.0117338245358545,0.0233349018281217,0.0001327472435873,False,False
opioid_ed,65_74,extreme,133,item_drug_FUROSEMIDE,drug,0.0112871498964935,0.0224545349316153,0.0001197648613716,False,False
opioid_ed,65_74,extreme,134,item_cpt_99284,cpt,0.0112510251592894,0.021448995291987,0.0010530550265918,False,False
opioid_ed,65_74,extreme,135,item_cpt_83721,cpt,0.0112503625369393,0.022138494702094,0.0003622303717846,False,False
opioid_ed,65_74,extreme,136,item_icd_N390,icd,0.0109722944927595,0.0215837283569843,0.0003608606285346,False,False
opioid_ed,65_74,extreme,137,item_icd_M542,icd,0.0109324626048838,0.0214678070784206,0.0003971181313471,False,False
opioid_ed,65_74,extreme,138,item_cpt_82248,cpt,0.0106932541649463,0.0211606904495364,0.0002258178803562,False,False
opioid_ed,65_74,extreme,139,item_drug_AZITHROMYCIN,drug,0.0101998526026766,0.0202270068606896,0.0001726983446637,False,False
opioid_ed,65_74,extreme,140,item_cpt_82962,cpt,0.0101055926090251,0.0200542304936507,0.0001569547243996,False,False
opioid_ed,65_74,extreme,141,item_cpt_80053,cpt,0.0101002475518784,0.0192091810353776,0.0009913140683792,False,False
opioid_ed,65_74,extreme,142,item_icd_J40,icd,0.0100950435126999,0.0196652349980758,0.000524852027324,False,False
opioid_ed,65_74,extreme,143,item_cpt_86900,cpt,0.0097381475987489,0.0194003938084186,7.590138907932662e-05,False,False
opioid_ed,65_74,extreme,144,item_cpt_83690,cpt,0.0097315765567405,0.0192915493221244,0.0001716037913566,False,False
opioid_ed,65_74,extreme,145,item_cpt_36415,cpt,0.0093683467045878,0.0174447789677686,0.0012919144414069,False,False
opioid_ed,65_74,extreme,146,item_cpt_93000,cpt,0.0092556513646783,0.0178137129926886,0.0006975897366681,False,False
opioid_ed,65_74,extreme,147,item_icd_R918,icd,0.008953358435452,0.0178369137207916,6.980315011252032e-05,False,False
opioid_ed,65_74,extreme,148,item_cpt_85027,cpt,0.0088783845589164,0.0172470944460227,0.00050967467181,False,False
opioid_ed,65_74,extreme,149,item_cpt_99221,cpt,0.0085019988448714,0.0169497266211714,5.427106857141032e-05,False,False
opioid_ed,65_74,extreme,150,item_cpt_73564,cpt,0.0083398707955363,0.0164976513742701,0.0001820902168024,False,False
opioid_ed,65_74,extreme,151,item_cpt_73110,cpt,0.0081081583573075,0.0160054310116877,0.0002108857029274,False,False
opioid_ed,65_74,extreme,152,item_cpt_99215,cpt,0.0080915722003357,0.0157457010146566,0.0004374433860148,False,False
opioid_ed,65_74,extreme,153,item_icd_M5136,icd,0.0079239667347614,0.0155217446143577,0.0003261888551651,False,False
opioid_ed,65_74,extreme,154,item_icd_J189,icd,0.0076581715098158,0.0151437396876187,0.0001726033320129,False,False
opioid_ed,65_74,extreme,155,item_cpt_82947,cpt,0.007648803464011,0.0151572517992685,0.0001403551287535,False,False
opioid_ed,65_74,extreme,156,item_cpt_92133,cpt,0.0070758017975565,0.013826384036236,0.0003252195588771,False,False
opioid_ed,65_74,extreme,157,item_icd_L570,icd,0.0069405056138749,0.0137535966618522,0.0001274145658975,False,False
opioid_ed,65_74,extreme,158,item_cpt_92012,cpt,0.0069066569109153,0.0133470438157161,0.0004662700061144,False,False
opioid_ed,65_74,extreme,159,item_icd_F331,icd,0.0064826040070192,0.0128506998119802,0.0001145082020582,False,False
opioid_ed,65_74,extreme,160,item_cpt_99212,cpt,0.0064724113483722,0.0125857976428013,0.000359025053943,False,False
opioid_ed,65_74,extreme,161,item_icd_R002,icd,0.0062805540614949,0.01239319342795,0.0001679146950398,False,False
opioid_ed,65_74,extreme,162,item_cpt_84153,cpt,0.006058431195149,0.0118381720775683,0.0002786903127297,False,False
opioid_ed,65_74,extreme,163,item_cpt_87088,cpt,0.0058395085256548,0.0116004263859761,7.859066533364833e-05,False,False
opioid_ed,65_74,extreme,164,item_icd_E559,icd,0.0058081990992446,0.011550507916065,6.589028242429618e-05,False,False
opioid_ed,65_74,extreme,165,item_icd_M5417,icd,0.0057010857660291,0.0111631818338859,0.0002389896981723,False,False
opioid_ed,65_74,extreme,166,item_cpt_82784,cpt,0.0055097582040647,0.0109221044429788,9.74119651507106e-05,False,False
opioid_ed,65_74,extreme,167,item_icd_M7989,icd,0.0054284969154588,0.0108299841844317,2.7009646485974968e-05,False,False
opioid_ed,65_74,extreme,168,item_cpt_76770,cpt,0.0053913936183055,0.0107597927953949,2.2994441216191265e-05,False,False
opioid_ed,65_74,extreme,169,item_cpt_17000,cpt,0.0053866502588605,0.0106893994611892,8.390105653180591e-05,False,False
opioid_ed,65_74,extreme,170,item_icd_D485,icd,0.0053841958104877,0.0106807451207772,8.76465001983136e-05,False,False
opioid_ed,65_74,extreme,171,item_cpt_77063,cpt,0.0052543998514502,0.0104417434094291,6.705629347136532e-05,False,False
opioid_ed,65_74,extreme,172,item_cpt_73030,cpt,0.0051064659072039,0.0101513541760593,6.157763834855488e-05,False,False
opioid_ed,65_74,extreme,173,item_icd_E780,icd,0.005053638026733,0.0100214274060803,8.584864738582395e-05,False,False
opioid_ed,65_74,extreme,174,item_cpt_71260,cpt,0.0049793081910781,0.0099196937655547,3.892261660148566e-05,False,False
opioid_ed,65_74,extreme,175,item_icd_E1140,icd,0.0049623967374879,0.0098579421006916,6.685137428429041e-05,False,False
opioid_ed,65_74,extreme,176,item_cpt_43239,cpt,0.0048858002032461,0.0097403363618372,3.126404465500355e-05,False,False
opioid_ed,65_74,extreme,177,item_icd_H2513,icd,0.0048151095095677,0.0095281426736668,0.0001020763454686,False,False
opioid_ed,65_74,extreme,178,item_cpt_72141,cpt,0.0046085709379742,0.0091582773251446,5.886455080386381e-05,False,False
opioid_ed,65_74,extreme,179,item_cpt_92083,cpt,0.0046063617370837,0.0091376614952028,7.506197896457702e-05,False,False
opioid_ed,65_74,extreme,180,item_icd_G629,icd,0.0044708328200924,0.0088343366838416,0.0001073289563431,False,False
opioid_ed,65_74,extreme,181,item_cpt_72110,cpt,0.0043841887944923,0.008743420968831,2.495662015364218e-05,False,False
opioid_ed,65_74,extreme,182,item_cpt_72146,cpt,0.0043183027500526,0.0085570984366433,7.95070634619934e-05,False,False
opioid_ed,65_74,extreme,183,item_icd_K5730,icd,0.0042447830056297,0.0083375309780138,0.0001520350332457,False,False
opioid_ed,65_74,extreme,184,item_cpt_71250,cpt,0.0042253205544053,0.0084265832538782,2.4057854932380817e-05,False,False
opioid_ed,65_74,extreme,185,item_cpt_99205,cpt,0.0042029129273197,0.0082610832484522,0.0001447426061872,False,False
opioid_ed,65_74,extreme,186,item_icd_E1142,icd,0.0041902931057611,0.0083448215945798,3.5764616942569106e-05,False,False
opioid_ed,65_74,extreme,187,item_icd_E1165,icd,0.0041102357937464,0.0080590557176636,0.0001614158698293,False,False
opioid_ed,65_74,extreme,188,item_icd_M170,icd,0.0040961774531616,0.0081313180346083,6.103687171498763e-05,False,False
opioid_ed,65_74,extreme,189,item_cpt_96365,cpt,0.0038738154858424,0.007731080132693,1.655083899185724e-05,False,False
opioid_ed,65_74,extreme,190,item_icd_D649,icd,0.0038562557128135,0.0076495853577941,6.292606783295286e-05,False,False
opioid_ed,65_74,extreme,191,item_cpt_80069,cpt,0.0038518065262142,0.0076844110001456,1.9202052282847417e-05,False,False
opioid_ed,65_74,extreme,192,item_cpt_99201,cpt,0.0037885801085915,0.0074230575223454,0.0001541026948375,False,False
opioid_ed,65_74,extreme,193,item_icd_Z1211,icd,0.0036380927842988,0.0072167891430112,5.939642558638385e-05,False,False
opioid_ed,65_74,extreme,194,item_icd_I480,icd,0.0034513872934824,0.0068708198475263,3.195473943852046e-05,False,False
opioid_ed,65_74,extreme,195,item_cpt_72125,cpt,0.0033903624738341,0.0067638079146466,1.691703302161081e-05,False,False
opioid_ed,65_74,extreme,196,item_cpt_74177,cpt,0.0033132939502794,0.0065841527407978,4.243515976092487e-05,False,False
opioid_ed,65_74,extreme,197,item_cpt_72100,cpt,0.0032205692275264,0.006397599753535,4.353870151774268e-05,False,False
opioid_ed,65_74,extreme,198,item_icd_Z125,icd,0.0031231995152313,0.0061821337616876,6.426526877502288e-05,False,False
opioid_ed,65_74,extreme,199,item_cpt_99291,cpt,0.0030337347320689,0.0060415054816439,2.5963982493860637e-05,False,False
opioid_ed,65_74,extreme,200,item_cpt_93880,cpt,0.003028789922028,0.0060359713920759,2.1608451980117413e-05,False,False
opioid_ed,65_74,extreme,201,item_icd_M899,icd,0.0029389750632881,0.0057078801835969,0.0001700699429792,False,False
opioid_ed,65_74,extreme,202,item_cpt_73502,cpt,0.0029096978739466,0.0057779571370381,4.143861085510164e-05,False,False
opioid_ed,65_74,extreme,203,item_cpt_82728,cpt,0.0028398800329257,0.0056493778560975,3.038220975401649e-05,False,False
opioid_ed,65_74,extreme,204,item_cpt_95165,cpt,0.0028148440923679,0.0055796351021122,5.005308262368324e-05,False,False
opioid_ed,65_74,extreme,205,item_icd_M1712,icd,0.0027938468317537,0.0055320999811643,5.559368234311855e-05,False,False
opioid_ed,65_74,extreme,206,item_icd_M79672,icd,0.0027867155347338,0.0055495603188504,2.387075061731868e-05,False,False
opioid_ed,65_74,extreme,207,item_icd_M1711,icd,0.0027000958794462,0.0053578810920664,4.231066682601236e-05,False,False
opioid_ed,65_74,extreme,208,item_cpt_84075,cpt,0.0026768162316604,0.0053498385267248,3.793936596137803e-06,False,False
opioid_ed,65_74,extreme,209,item_cpt_81000,cpt,0.0026120663619852,0.0052110697261181,1.306299785234754e-05,False,False
opioid_ed,65_74,extreme,210,item_cpt_96375,cpt,0.0025816238871727,0.0051540328869909,9.214887354466515e-06,False,False
opioid_ed,65_74,extreme,211,item_icd_R911,icd,0.0025199543491624,0.0050075363179234,3.23723804014338e-05,False,False
opioid_ed,65_74,extreme,212,item_cpt_64450,cpt,0.0025127544902857,0.0049985881670893,2.6920813482171164e-05,False,False
opioid_ed,65_74,extreme,213,item_icd_L309,icd,0.0025006837206434,0.0049799205140704,2.144692721647137e-05,False,False
opioid_ed,65_74,extreme,214,item_icd_M6281,icd,0.0024924739211051,0.0049724770527296,1.2470789480606942e-05,False,False
opioid_ed,65_74,extreme,215,item_icd_R350,icd,0.0024857644070147,0.004951982389889,1.9546424140402872e-05,False,False
opioid_ed,65_74,extreme,216,item_icd_I2510,icd,0.0024318217511474,0.0048497320073137,1.391149498114695e-05,False,False
opioid_ed,65_74,extreme,217,item_cpt_73620,cpt,0.0024142688041232,0.0048112717478941,1.7265860352232438e-05,False,False
opioid_ed,65_74,extreme,218,item_cpt_51798,cpt,0.0023689715066358,0.0047058021217451,3.2140891526615865e-05,False,False
opioid_ed,65_74,extreme,219,item_cpt_01402,cpt,0.0022531293178664,0.0044917442024866,1.4514433246285254e-05,False,False
opioid_ed,65_74,extreme,220,item_icd_I214,icd,0.0021516109393066,0.0042847329817078,1.848889690542528e-05,False,False
opioid_ed,65_74,extreme,221,item_cpt_97035,cpt,0.0020978093052747,0.0041775856267737,1.803298377567401e-05,False,True
opioid_ed,65_74,extreme,222,item_cpt_45380,cpt,0.0020958283140183,0.0041631714933697,2.848513466694716e-05,False,False
opioid_ed,65_74,extreme,223,item_icd_J069,icd,0.0020869027605492,0.004158853034524,1.4952486574411634e-05,False,False
opioid_ed,65_74,extreme,224,item_cpt_11042,cpt,0.0020674749835573,0.0041320196692074,2.9302979072463268e-06,False,False
opioid_ed,65_74,extreme,225,item_drug_SIMVASTATIN,drug,0.0020502337341785,0.0040960845163401,4.3829520169126e-06,False,False
opioid_ed,65_74,extreme,226,item_cpt_84165,cpt,0.0020102419299347,0.0040161859002169,4.297959652514201e-06,False,False
opioid_ed,65_74,extreme,227,item_cpt_82550,cpt,0.0020082191675788,0.0039948561347076,2.1582200450190173e-05,False,False
opioid_ed,65_74,extreme,228,item_cpt_96361,cpt,0.0019509606934505,0.0038977494143739,4.1719725271888765e-06,False,False
opioid_ed,65_74,extreme,229,item_cpt_90834,cpt,0.0019255975691633,0.0038291110232825,2.2084115044113142e-05,False,False
opioid_ed,65_74,extreme,230,item_icd_R05,icd,0.0019209856930637,0.0038268136000088,1.515778611873408e-05,False,False
opioid_ed,65_74,extreme,231,item_cpt_99220,cpt,0.0019002792562812,0.0037910202047305,9.538307831868614e-06,False,False
opioid_ed,65_74,extreme,232,item_icd_R531,icd,0.0018979745604528,0.0037918897568693,4.059364036300346e-06,False,False
opioid_ed,65_74,extreme,233,item_icd_R0789,icd,0.0018368256031851,0.0036644271139211,9.224092449153152e-06,False,False
opioid_ed,65_74,extreme,234,item_cpt_86803,cpt,0.0018362676500406,0.0036514590663144,2.107623376687478e-05,False,False
opioid_ed,65_74,extreme,235,item_cpt_73630,cpt,0.0018325608931136,0.0036427774039089,2.234438231832454e-05,False,False
opioid_ed,65_74,extreme,236,item_cpt_90715,cpt,0.0017741831774284,0.0035432893144667,5.077040390194394e-06,False,False
opioid_ed,65_74,extreme,237,item_cpt_95886,cpt,0.0017727898174079,0.0035366726404053,8.906994410605547e-06,False,False
opioid_ed,65_74,extreme,238,item_icd_M19012,icd,0.0017366519673692,0.003468333207358,4.9707273803930855e-06,False,False
opioid_ed,65_74,extreme,239,item_cpt_76705,cpt,0.0016247522382537,0.0032472016635974,2.3028129101503774e-06,False,False
opioid_ed,65_74,extreme,240,item_cpt_77080,cpt,0.0016090623764531,0.0031812560727426,3.686868016369751e-05,False,False
opioid_ed,65_74,extreme,241,item_cpt_84460,cpt,0.0015821768299575,0.0031370908623033,2.726279761165289e-05,False,False
opioid_ed,65_74,extreme,242,item_icd_M5412,icd,0.0015547761719005,0.0031050968079957,4.4555358052807255e-06,False,False
opioid_ed,65_74,extreme,243,item_cpt_90732,cpt,0.0015410554526626,0.0030799267185256,2.184186799744535e-06,False,False
opioid_ed,65_74,extreme,244,item_icd_R319,icd,0.0015405105416388,0.0030732643098231,7.75677345449832e-06,False,False
opioid_ed,65_74,extreme,245,item_cpt_99211,cpt,0.0014989419120189,0.0029935864474874,4.2973765503920005e-06,False,False
opioid_ed,65_74,extreme,246,item_icd_R51,icd,0.0014923826639896,0.0029826501266675,2.115201311686488e-06,False,False
opioid_ed,65_74,extreme,247,item_icd_Z471,icd,0.0014896802575588,0.002974010635165,5.349879952710197e-06,False,False
opioid_ed,65_74,extreme,248,item_cpt_93308,cpt,0.0014754719279984,0.002948852622808,2.091233188889835e-06,False,False
opioid_ed,65_74,extreme,249,item_icd_H04123,icd,0.0014754699869579,0.0029297003013838,2.1239672531996823e-05,False,False
opioid_ed,65_74,extreme,250,item_cpt_93458,cpt,0.0014537695179699,0.0029054785622655,2.060473674412266e-06,False,False
opioid_ed,65_74,extreme,251,item_cpt_92134,cpt,0.0013619086426601,0.0027169449284644,6.872356855877752e-06,False,False
opioid_ed,65_74,extreme,252,item_cpt_84156,cpt,0.0013433758388903,0.0026789978473562,7.753830424499898e-06,False,False
opioid_ed,65_74,extreme,253,item_icd_J9601,icd,0.0013133135356017,0.0026247656702503,1.861400953113532e-06,False,False
opioid_ed,65_74,extreme,254,item_icd_J3089,icd,0.0013115664126891,0.0026155589504059,7.573874972345056e-06,False,False
opioid_ed,65_74,extreme,255,item_cpt_84450,cpt,0.0012666244821488,0.0025314537372216,1.7952270759384768e-06,False,False
opioid_ed,65_74,extreme,256,item_drug_MELOXICAM,drug,0.0012020064982319,0.0023892249427222,1.4788053741621594e-05,False,False
opioid_ed,65_74,extreme,257,item_cpt_78452,cpt,0.0011496621892049,0.0022926664441263,6.657934283613295e-06,False,False
opioid_ed,65_74,extreme,258,item_icd_R1011,icd,0.0011447131355521,0.0022852974253183,4.128845785964682e-06,False,False
opioid_ed,65_74,extreme,259,item_cpt_99306,cpt,0.0010858931768191,0.0021702472827771,1.5390708612353969e-06,False,False
opioid_ed,65_74,extreme,260,item_cpt_77067,cpt,0.0010422318917923,0.0020814601094431,3.0036741416480914e-06,False,False
opioid_ed,65_74,extreme,261,item_cpt_87040,cpt,0.0010100372166489,0.002017161955598,2.912477699842112e-06,False,False
opioid_ed,65_74,extreme,262,item_icd_M461,icd,0.0010028003154497,0.0020019740950178,3.6265358816576393e-06,False,False
opioid_ed,65_74,extreme,263,item_drug_LEVEMIR,drug,0.0010013781514133,0.0019918277361819,1.0928566644738514e-05,False,False
opioid_ed,65_74,extreme,264,item_drug_CARVEDILOL,drug,0.0009146720907331,0.0018240156565581,5.328524908073014e-06,False,False
opioid_ed,65_74,extreme,265,item_icd_R4182,icd,0.0009055039807764,0.001805731303389,5.276658163850072e-06,False,False
opioid_ed,65_74,extreme,266,item_drug_FLUCONAZOLE,drug,0.0008901134195634,0.0017789652531288,1.261585998042249e-06,False,False
opioid_ed,65_74,extreme,267,item_icd_I110,icd,0.0008894851471443,0.0017744373256667,4.532968622036119e-06,False,False
opioid_ed,65_74,extreme,268,item_cpt_94010,cpt,0.000882694197431,0.0017634867498938,1.9016449683030608e-06,False,False
opioid_ed,65_74,extreme,269,item_icd_E871,icd,0.0008516345944458,0.0017014335531756,1.835635716034888e-06,False,False
opioid_ed,65_74,extreme,270,item_drug_NITROSTAT,drug,0.0008506436460606,0.0016944466463047,6.840645816458657e-06,False,False
opioid_ed,65_74,extreme,271,item_icd_J301,icd,0.0008225874743269,0.0016434010451719,1.773903482029772e-06,False,False
opioid_ed,65_74,extreme,272,item_cpt_76775,cpt,0.0008069907036652,0.0016128376337957,1.1437735348307611e-06,False,False
opioid_ed,65_74,extreme,273,item_icd_J449,icd,0.0008042803043475,0.0016050429462495,3.517662445586056e-06,False,False
opioid_ed,65_74,extreme,274,item_cpt_82553,cpt,0.0008009798621196,0.0016008244700608,1.1352541783489972e-06,False,False
opioid_ed,65_74,extreme,275,item_icd_N401,icd,0.0007946102641644,0.0015880943019839,1.126226345022651e-06,False,False
opioid_ed,65_74,extreme,276,item_icd_K6389,icd,0.0007777841461981,0.0015492938045518,6.274487844428582e-06,False,False
opioid_ed,65_74,extreme,277,item_cpt_85651,cpt,0.0007734627121648,0.0015441106442111,2.8147801186697183e-06,False,False
opioid_ed,65_74,extreme,278,item_cpt_73562,cpt,0.0007628534589272,0.0015240599637638,1.6469540907775269e-06,False,False
opioid_ed,65_74,extreme,279,item_cpt_93224,cpt,0.0007609233825117,0.0015157032944904,6.1434705331159015e-06,False,False
opioid_ed,65_74,extreme,280,item_drug_HUMALOG,drug,0.0007271741885079,0.0014495423944482,4.805982567608936e-06,False,False
opioid_ed,65_74,extreme,281,item_icd_R739,icd,0.0007054475040819,0.0014093700557663,1.524952397552899e-06,False,False
opioid_ed,65_74,extreme,282,item_icd_M109,icd,0.00069978866174,0.0013985854908013,9.918326786634766e-07,False,False
opioid_ed,65_74,extreme,283,item_cpt_86800,cpt,0.000663726167694,0.0013255208377813,1.931497606641142e-06,False,False
opioid_ed,65_74,extreme,284,item_icd_I129,icd,0.0006574774096712,0.0013130410223181,1.9137970243291778e-06,False,False
opioid_ed,65_74,extreme,285,item_icd_K760,icd,0.0006421126656384,0.0012804387566784,3.786574598383056e-06,False,False
opioid_ed,65_74,extreme,286,item_icd_M810,icd,0.0006293552989971,0.0012564058956886,2.3047023056434955e-06,False,False
opioid_ed,65_74,extreme,287,item_cpt_83921,cpt,0.0006234832587196,0.00124608283483,8.836826093469085e-07,False,False
opioid_ed,65_74,extreme,288,item_cpt_51701,cpt,0.0006180866324226,0.0012325226127135,3.6506521317692255e-06,False,False
opioid_ed,65_74,extreme,289,item_cpt_00810,cpt,0.0006092226837262,0.0012143898174137,4.055550038750867e-06,False,False
opioid_ed,65_74,extreme,290,item_cpt_97535,cpt,0.0005841096065684,0.0011673913360542,8.278770825970946e-07,False,True
opioid_ed,65_74,extreme,291,item_cpt_93015,cpt,0.0005817511766272,0.0011600572616799,3.4450915744814124e-06,False,False
opioid_ed,65_74,extreme,292,item_cpt_82044,cpt,0.0005672669443275,0.0011269295426303,7.604346024672359e-06,False,False
opioid_ed,65_74,extreme,293,item_drug_ATENOLOL,drug,0.0005625670620142,0.0011209535495164,4.180574512035415e-06,False,False
opioid_ed,65_74,extreme,294,item_icd_M25562,icd,0.0005564095798957,0.0011120305428357,7.886169557103152e-07,False,False
opioid_ed,65_74,extreme,295,item_icd_N3001,icd,0.0005521756568855,0.0011002441714449,4.107142326226068e-06,False,False
opioid_ed,65_74,extreme,296,item_cpt_83704,cpt,0.0005297336639364,0.0010559175038632,3.5498240096703584e-06,False,False
opioid_ed,65_74,extreme,297,item_icd_Z136,icd,0.0005246837166559,0.0010454545662774,3.91286703446319e-06,False,False
opioid_ed,65_74,extreme,298,item_drug_OLANZAPINE,drug,0.0005149532261779,0.0010272281238553,2.678328500569483e-06,False,False
opioid_ed,65_74,extreme,299,item_icd_Z961,icd,0.0004975007827162,0.0009905295390555,4.472026376976479e-06,False,False
opioid_ed,65_74,extreme,300,item_cpt_98940,cpt,0.0004903539497479,0.0009777798694108,2.9280300850749365e-06,False,False
opioid_ed,65_74,extreme,301,item_drug_CEPHALEXIN,drug,0.0004853072674181,0.0009695574342791,1.0571005572305298e-06,False,False
opioid_ed,65_74,extreme,302,item_icd_H04121,icd,0.0004844189031044,0.0009652094755998,3.6283306090539857e-06,False,False
opioid_ed,65_74,extreme,303,item_drug_LEVOFLOXACIN,drug,0.0004796189666328,0.000958558154083,6.797791825183463e-07,False,False
opioid_ed,65_74,extreme,304,item_icd_R7309,icd,0.0004648201003714,0.000926856623292,2.7835774507914283e-06,False,False
opioid_ed,65_74,extreme,305,item_cpt_17003,cpt,0.0004470091829074,0.0008933848055136,6.33560301145531e-07,False,False
opioid_ed,65_74,extreme,306,item_icd_I499,icd,0.0004215245523066,0.0008421275579244,9.215466889423224e-07,False,False
opioid_ed,65_74,extreme,307,item_drug_LORAZEPAM,drug,0.0004170815741013,0.0008326098029229,1.5533452798136887e-06,False,False
opioid_ed,65_74,extreme,308,item_icd_I517,icd,0.0003952705946042,0.0007899809596505,5.602295579760309e-07,False,False
opioid_ed,65_74,extreme,309,item_cpt_72131,cpt,0.000392803828526,0.0007850509237199,5.567333321284707e-07,False,False
opioid_ed,65_74,extreme,310,item_cpt_99497,cpt,0.0003258394797577,0.0006509607670064,7.181925090712089e-07,False,False
opioid_ed,65_74,extreme,311,item_cpt_76514,cpt,0.000325814770223,0.000647849277019,3.7802634270328543e-06,False,False
opioid_ed,65_74,extreme,312,item_cpt_84520,cpt,0.0003230768000025,0.0006454412788661,7.123211389514499e-07,False,False
opioid_ed,65_74,extreme,313,item_icd_Z5181,icd,0.0003180869303263,0.0006347205642118,1.4532964407761606e-06,False,False
opioid_ed,65_74,extreme,314,item_icd_L814,icd,0.0003177543415137,0.0006338068613155,1.701821711874487e-06,False,False
opioid_ed,65_74,extreme,315,item_icd_R339,icd,0.000316316302289,0.0006316851996336,9.47404944358543e-07,False,False
opioid_ed,65_74,extreme,316,item_icd_I6523,icd,0.000302308378654,0.0006041882860491,4.284712590760846e-07,False,False
opioid_ed,65_74,extreme,317,item_icd_R001,icd,0.0002978183711297,0.0005949781014591,6.586408004051983e-07,False,False
opioid_ed,65_74,extreme,318,item_cpt_80051,cpt,0.0002903351125709,0.0005802587239728,4.115011690748066e-07,False,False
opioid_ed,65_74,extreme,319,item_icd_G609,icd,0.0002832237809099,0.0005660461397667,4.014220530275413e-07,False,False
opioid_ed,65_74,extreme,320,item_icd_A419,icd,0.0002692531832191,0.0005381247453567,3.81621081551826e-07,False,False
opioid_ed,65_74,extreme,321,item_icd_I119,icd,0.0002616709595913,0.0005221281636702,1.213755512543706e-06,False,False
opioid_ed,65_74,extreme,322,item_icd_R300,icd,0.0002583015347563,0.0005158200004513,7.830690612471381e-07,False,False
opioid_ed,65_74,extreme,323,item_drug_CLOPIDOGREL,drug,0.0002507836696379,0.000501008658719,5.586805569465551e-07,False,False
opioid_ed,65_74,extreme,324,item_cpt_85379,cpt,0.00024579978633,0.0004912511928222,3.483798378276989e-07,False,False
opioid_ed,65_74,extreme,325,item_cpt_94729,cpt,0.0002402033002646,0.0004800661527687,3.404477605180114e-07,False,False
opioid_ed,65_74,extreme,326,item_icd_J0190,icd,0.0002385658483008,0.000476598981903,5.327146986194504e-07,False,False
opioid_ed,65_74,extreme,327,item_drug_NABUMETONE,drug,0.0002326022155012,0.0004637345796844,1.46985131797925e-06,False,False
opioid_ed,65_74,extreme,328,item_icd_R1084,icd,0.0002287910770987,0.0004572578813431,3.2427285444861e-07,False,False
opioid_ed,65_74,extreme,329,item_icd_M25572,icd,0.0002227657419497,0.0004444829190559,1.048564843561856e-06,False,False
opioid_ed,65_74,extreme,330,item_cpt_64494,cpt,0.0002161954233774,0.0004320844261202,3.064206346957656e-07,False,False
opioid_ed,65_74,extreme,331,item_drug_LATANOPROST,drug,0.0002060793783018,0.0004108389529203,1.3198036833423654e-06,False,False
opioid_ed,65_74,extreme,332,item_cpt_74000,cpt,0.0001960532619161,0.0003914997827186,6.067411136502493e-07,False,False
opioid_ed,65_74,extreme,333,item_icd_K635,icd,0.0001879589956918,0.0003756515911341,2.664002496302753e-07,False,False
opioid_ed,65_74,extreme,334,item_icd_B029,icd,0.0001753278939434,0.0003501077546126,5.480332743629907e-07,False,False
opioid_ed,65_74,extreme,335,item_cpt_92226,cpt,0.0001731566160897,0.0003460678118122,2.454203672542329e-07,False,False
opioid_ed,65_74,extreme,336,item_drug_FINASTERIDE,drug,0.0001719274927567,0.0003436113072216,2.436782917470805e-07,False,False
opioid_ed,65_74,extreme,337,item_cpt_87184,cpt,0.000162301031741,0.000324090930828,5.11132654137319e-07,False,False
opioid_ed,65_74,extreme,338,item_cpt_17110,cpt,0.0001518302076811,0.0003033120351119,3.4838025026749746e-07,False,False
opioid_ed,65_74,extreme,339,item_icd_D123,icd,0.000150977285295,0.0003013431192121,6.11451377983544e-07,False,False
opioid_ed,65_74,extreme,340,item_icd_K2270,icd,0.0001433745955917,0.0002862916706135,4.575205699900933e-07,False,False
opioid_ed,65_74,extreme,341,item_drug_HYDROCHLOROTHIAZIDE,drug,0.0001421313100227,0.0002833045897393,9.580303062055728e-07,False,False
opioid_ed,65_74,extreme,342,item_cpt_82948,cpt,0.0001384469953874,0.0002766977654546,1.962253202940623e-07,False,False
opioid_ed,65_74,extreme,343,item_drug_LOVASTATIN,drug,0.0001382954734707,0.0002752856341637,1.3053127777463348e-06,False,False
opioid_ed,65_74,extreme,344,item_icd_R938,icd,0.0001346223667982,0.0002689329242165,3.118093800485369e-07,False,False
opioid_ed,65_74,extreme,345,item_icd_C61,icd,0.0001343101212816,0.0002683090967813,3.111457819630726e-07,False,False
opioid_ed,65_74,extreme,346,item_cpt_00811,cpt,0.0001246056242727,0.0002489207271929,2.905213524909831e-07,False,False
opioid_ed,65_74,extreme,347,item_icd_L918,icd,0.0001146787177758,0.000228661221582,6.962139695374974e-07,False,False
opioid_ed,65_74,extreme,348,item_drug_METHOTREXATE,drug,0.000108997618585,0.00021742972919,5.655079800703097e-07,False,False
opioid_ed,65_74,extreme,349,item_cpt_64635,cpt,0.0001057439191455,0.0002113379640786,1.4987421247684957e-07,False,False
opioid_ed,65_74,extreme,350,item_drug_CELECOXIB,drug,0.0001041002917378,0.0002080530388285,1.4754464719006366e-07,False,False
opioid_ed,65_74,extreme,351,item_icd_R7302,icd,9.750060607346756e-05,0.0001938247147784,1.176497368439773e-06,False,False
opioid_ed,65_74,extreme,352,item_drug_CEFDINIR,drug,9.084016699258503e-05,0.0001812817419536,3.985920315339606e-07,False,False
opioid_ed,65_74,extreme,353,item_icd_Z1159,icd,8.293021803074241e-05,0.0001654056096711,4.548263903706348e-07,False,False
opioid_ed,65_74,extreme,354,item_icd_M7501,icd,6.280729902888474e-05,0.0001250354587668,5.791392909233491e-07,False,False
opioid_ed,65_74,extreme,355,item_cpt_99397,cpt,6.119587570071957e-05,0.0001223050165447,8.673485673300738e-08,False,False
opioid_ed,65_74,extreme,356,item_icd_H43811,icd,4.2296711383001005e-05,8.453347429463732e-05,5.99484713646939e-08,False,False
opioid_ed,65_74,extreme,357,item_icd_M0579,icd,3.035166585270128e-05,6.066031332615398e-05,4.3018379248574134e-08,False,False
opioid_ed,65_74,high,1,pgx_num_drugs,pgx,0.9999999994004694,0.9999999999321088,0.9999999988688298,True,False
opioid_ed,65_74,high,2,pgx_num_cpic_drugs,pgx,0.5877825406350007,0.7110811632023882,0.4644839180676131,True,False
opioid_ed,65_74,high,3,item_icd_Z79891,icd,0.1333818655825459,0.2052474559131764,0.0615162752519155,True,False
opioid_ed,65_74,high,4,item_cpt_99232,cpt,0.1264381509433143,0.2238912441950893,0.0289850576915393,True,False
opioid_ed,65_74,high,5,item_icd_M545,icd,0.1137506959875105,0.1850363820894836,0.0424650098855374,True,False
opioid_ed,65_74,high,6,item_cpt_85610,cpt,0.1136390944877229,0.1977486994326343,0.0295294895428114,True,False
opioid_ed,65_74,high,7,item_icd_Z79899,icd,0.1058322272429967,0.1770589090624419,0.0346055454235514,True,False
opioid_ed,65_74,high,8,item_cpt_20610,cpt,0.1025173434888939,0.1763264236066487,0.0287082633711392,True,False
opioid_ed,65_74,high,9,item_cpt_99203,cpt,0.0945345459039302,0.164147978257307,0.0249211135505534,True,False
opioid_ed,65_74,high,10,item_cpt_85025,cpt,0.0831642226223933,0.1342713923519219,0.0320570528928648,True,False
opioid_ed,65_74,high,11,item_icd_G8929,icd,0.0771214196781287,0.1306117887427595,0.023631050613498,True,False
opioid_ed,65_74,high,12,item_cpt_99285,cpt,0.0767400871763201,0.1373956979608812,0.016084476391759,True,False
opioid_ed,65_74,high,13,item_cpt_97112,cpt,0.0694235293500229,0.1256523351338187,0.013194723566227,True,True
opioid_ed,65_74,high,14,item_cpt_99309,cpt,0.0685806067614995,0.123729369940077,0.013431843582922,True,False
opioid_ed,65_74,high,15,item_cpt_99231,cpt,0.0681895486766265,0.1255963329398554,0.0107827644133977,True,False
opioid_ed,65_74,high,16,item_cpt_77052,cpt,0.0680313984748678,0.1210722833689211,0.0149905135808146,True,False
opioid_ed,65_74,high,17,item_icd_G894,icd,0.0660923505752099,0.1131556600718642,0.0190290410785557,True,False
opioid_ed,65_74,high,18,item_cpt_99239,cpt,0.0660084004693749,0.1205156156443277,0.0115011852944221,True,False
opioid_ed,65_74,high,19,item_cpt_83735,cpt,0.0590203007037256,0.108071476075078,0.0099691253323732,True,False
opioid_ed,65_74,high,20,item_cpt_93010,cpt,0.058608780136834,0.1020154642921774,0.0152020959814905,True,False
opioid_ed,65_74,high,21,item_cpt_97140,cpt,0.0577957779581202,0.1061740603101822,0.0094174956060582,False,True
opioid_ed,65_74,high,22,item_cpt_96372,cpt,0.0577596694209678,0.1031167088014358,0.0124026300404997,False,False
opioid_ed,65_74,high,23,item_drug_PREDNISONE,drug,0.056333429644951,0.1027507875892666,0.0099160717006355,False,False
opioid_ed,65_74,high,24,item_drug_LISINOPRIL,drug,0.0559797883985182,0.102171844936224,0.0097877318608124,False,False
opioid_ed,65_74,high,25,item_cpt_92014,cpt,0.0518614074222448,0.095614570648588,0.0081082441959016,False,False
opioid_ed,65_74,high,26,item_cpt_96374,cpt,0.0508294369864707,0.09457810137263,0.0070807726003115,False,False
opioid_ed,65_74,high,27,item_cpt_80048,cpt,0.0464512166062985,0.0846153803297218,0.0082870528828752,False,False
opioid_ed,65_74,high,28,item_cpt_84550,cpt,0.0446466007546083,0.0815387272487156,0.007754474260501,False,False
opioid_ed,65_74,high,29,item_cpt_81003,cpt,0.0432028180184014,0.0782424868973958,0.008163149139407,False,False
opioid_ed,65_74,high,30,item_icd_I10,icd,0.0429280668456522,0.0768556850505944,0.00900044864071,False,False
opioid_ed,65_74,high,31,item_cpt_84443,cpt,0.0413712998892686,0.0738337348148683,0.0089088649636689,False,False
opioid_ed,65_74,high,32,item_cpt_97162,cpt,0.040348168855445,0.0754484372835449,0.0052479004273451,False,True
opioid_ed,65_74,high,33,item_cpt_93005,cpt,0.0400372764924897,0.0752917749810925,0.0047827780038869,False,False
opioid_ed,65_74,high,34,item_cpt_71020,cpt,0.039437087084336,0.0726359532156079,0.0062382209530641,False,False
opioid_ed,65_74,high,35,item_cpt_99238,cpt,0.0393516997550433,0.074051879250141,0.0046515202599456,False,False
opioid_ed,65_74,high,36,item_cpt_99204,cpt,0.0393019525384616,0.0716841453192599,0.0069197597576633,False,False
opioid_ed,65_74,high,37,item_icd_R0602,icd,0.0385524853141007,0.0735798091334431,0.0035251614947584,False,False
opioid_ed,65_74,high,38,item_cpt_82607,cpt,0.0380658831885521,0.0709920229301634,0.0051397434469408,False,False
opioid_ed,65_74,high,39,item_icd_M47817,icd,0.0372177372445966,0.0663783156429305,0.0080571588462628,False,False
opioid_ed,65_74,high,40,item_cpt_86140,cpt,0.0365452332600535,0.0685187202402122,0.0045717462798948,False,False
opioid_ed,65_74,high,41,item_icd_E119,icd,0.0363189260942831,0.0675549241472536,0.0050829280413126,False,False
opioid_ed,65_74,high,42,item_icd_M549,icd,0.0342288901040549,0.0631873402493187,0.0052704399587911,False,False
opioid_ed,65_74,high,43,item_cpt_92015,cpt,0.0335893799801698,0.0619458121396191,0.0052329478207205,False,False
opioid_ed,65_74,high,44,item_cpt_80061,cpt,0.0334207219022388,0.0607792724804433,0.0060621713240342,False,False
opioid_ed,65_74,high,45,item_cpt_83970,cpt,0.0333611306190469,0.06256932502108,0.0041529362170138,False,False
opioid_ed,65_74,high,46,item_cpt_85652,cpt,0.0326939063081135,0.0614405709884726,0.0039472416277545,False,False
opioid_ed,65_74,high,47,item_cpt_99222,cpt,0.0314096232203135,0.0591057742624203,0.0037134721782068,False,False
opioid_ed,65_74,high,48,item_icd_Z1231,icd,0.0311105538836722,0.0589763176819547,0.0032447900853898,False,False
opioid_ed,65_74,high,49,item_drug_OMEPRAZOLE,drug,0.0304129084310399,0.0584602007963285,0.0023656160657513,False,False
opioid_ed,65_74,high,50,item_cpt_71010,cpt,0.0301956237693573,0.0570115882152334,0.0033796593234813,False,False
opioid_ed,65_74,high,51,item_icd_M47816,icd,0.029265473907336,0.054452307968342,0.00407863984633,False,False
opioid_ed,65_74,high,52,item_cpt_90471,cpt,0.0291647673604035,0.0541575905325836,0.0041719441882235,False,False
opioid_ed,65_74,high,53,item_cpt_83036,cpt,0.0291373200772669,0.0539465743578445,0.0043280657966894,False,False
opioid_ed,65_74,high,54,item_cpt_81001,cpt,0.0290644468070227,0.0549493765971298,0.0031795170169156,False,False
opioid_ed,65_74,high,55,item_cpt_97110,cpt,0.0287205911079641,0.0530877110782475,0.0043534711376807,False,True
opioid_ed,65_74,high,56,item_cpt_71046,cpt,0.0285047368513788,0.0537468209764633,0.0032626527262943,False,False
opioid_ed,65_74,high,57,item_icd_N179,icd,0.0284492300388752,0.0542412563648726,0.0026572037128778,False,False
opioid_ed,65_74,high,58,item_cpt_93306,cpt,0.0282787277535779,0.0535716746197024,0.0029857808874535,False,False
opioid_ed,65_74,high,59,item_cpt_81002,cpt,0.0267085442754621,0.0500581950371687,0.0033588935137555,False,False
opioid_ed,65_74,high,60,item_icd_J9811,icd,0.0256494409549158,0.0488202775579445,0.002478604351887,False,False
opioid_ed,65_74,high,61,item_icd_M5416,icd,0.0253493617870315,0.0482490822824972,0.0024496412915659,False,False
opioid_ed,65_74,high,62,item_cpt_84484,cpt,0.0245445806088451,0.0467487911411111,0.0023403700765791,False,False
opioid_ed,65_74,high,63,item_icd_E039,icd,0.0238245581100353,0.0455312872534186,0.002117828966652,False,False
opioid_ed,65_74,high,64,item_cpt_76942,cpt,0.0232558035569013,0.0446564115163097,0.0018551955974929,False,False
opioid_ed,65_74,high,65,item_cpt_99283,cpt,0.0229594448038611,0.0438629797872417,0.0020559098204805,False,False
opioid_ed,65_74,high,66,item_cpt_99233,cpt,0.0229237638391419,0.0441693780753754,0.0016781496029085,False,False
opioid_ed,65_74,high,67,item_icd_B351,icd,0.0224542778049224,0.0432056032396551,0.0017029523701897,False,False
opioid_ed,65_74,high,68,item_cpt_82570,cpt,0.0224143493039859,0.0433360518245687,0.0014926467834032,False,False
opioid_ed,65_74,high,69,item_icd_E782,icd,0.0216067052316169,0.0412504820445874,0.0019629284186464,False,False
opioid_ed,65_74,high,70,item_icd_E785,icd,0.0215678887574076,0.041358645958151,0.0017771315566642,False,False
opioid_ed,65_74,high,71,item_icd_M5126,icd,0.0214498843234491,0.0403761452670379,0.0025236233798603,False,False
opioid_ed,65_74,high,72,item_cpt_90670,cpt,0.0207373036673948,0.0396039774190285,0.0018706299157611,False,False
opioid_ed,65_74,high,73,item_cpt_97530,cpt,0.0205767010776777,0.0401830489440776,0.0009703532112778,False,True
opioid_ed,65_74,high,74,item_icd_Z01810,icd,0.0195388130591303,0.0379586795845951,0.0011189465336656,False,False
opioid_ed,65_74,high,75,item_cpt_83540,cpt,0.01913316621738,0.0372734631407496,0.0009928692940103,False,False
opioid_ed,65_74,high,76,item_cpt_88305,cpt,0.0188155423502649,0.0361913528030005,0.0014397318975294,False,False
opioid_ed,65_74,high,77,item_icd_R7989,icd,0.0187143762110664,0.0357039991749162,0.0017247532472165,False,False
opioid_ed,65_74,high,78,item_cpt_82043,cpt,0.0185107589155005,0.0356904224426115,0.0013310953883896,False,False
opioid_ed,65_74,high,79,item_cpt_72148,cpt,0.0184826701184696,0.0354179338779528,0.0015474063589863,False,False
opioid_ed,65_74,high,80,item_cpt_83880,cpt,0.0184069906453069,0.03562453474718,0.0011894465434337,False,False
opioid_ed,65_74,high,81,item_cpt_94640,cpt,0.0181152916395199,0.0351203197006344,0.0011102635784054,False,False
opioid_ed,65_74,high,82,item_icd_M961,icd,0.0180877501057762,0.0335090418615991,0.0026664583499533,False,False
opioid_ed,65_74,high,83,item_cpt_74176,cpt,0.0175849034880085,0.0340100111935914,0.0011597957824256,False,False
opioid_ed,65_74,high,84,item_cpt_99202,cpt,0.0172836153093528,0.0331878294927553,0.0013794011259503,False,False
opioid_ed,65_74,high,85,item_cpt_92004,cpt,0.0170559254433278,0.0330436456319688,0.0010682052546868,False,False
opioid_ed,65_74,high,86,item_icd_G4733,icd,0.0168598282658853,0.0326075994482259,0.0011120570835448,False,False
opioid_ed,65_74,high,87,item_icd_K219,icd,0.0167278930592089,0.0324304115108823,0.0010253746075355,False,False
opioid_ed,65_74,high,88,item_icd_M47812,icd,0.0165597375038226,0.0315181912348969,0.0016012837727483,False,False
opioid_ed,65_74,high,89,item_cpt_90791,cpt,0.0164261430656066,0.0313168453320894,0.0015354407991238,False,False
opioid_ed,65_74,high,90,item_icd_R079,icd,0.016193073857988,0.0314151365870997,0.0009710111288763,False,False
opioid_ed,65_74,high,91,item_cpt_97001,cpt,0.01610189973166,0.0309290951506135,0.0012747043127065,False,True
opioid_ed,65_74,high,92,item_cpt_84439,cpt,0.0160749157357048,0.0311858923306284,0.0009639391407812,False,False
opioid_ed,65_74,high,93,item_icd_M546,icd,0.0159914181498645,0.030695910333616,0.001286925966113,False,False
opioid_ed,65_74,high,94,item_cpt_82306,cpt,0.0157249793955511,0.0302359935999837,0.0012139651911184,False,False
opioid_ed,65_74,high,95,item_cpt_74178,cpt,0.0153751584617458,0.0293328076502213,0.0014175092732703,False,False
opioid_ed,65_74,high,96,item_icd_R42,icd,0.0153696771805507,0.029312412658773,0.0014269417023284,False,False
opioid_ed,65_74,high,97,item_cpt_99214,cpt,0.0147431138641882,0.0271688611045236,0.0023173666238527,False,False
opioid_ed,65_74,high,98,item_icd_L821,icd,0.0146097497671605,0.0279862740982632,0.0012332254360579,False,False
opioid_ed,65_74,high,99,item_icd_Z01818,icd,0.0142945300697118,0.0279533258219562,0.0006357343174675,False,False
opioid_ed,65_74,high,100,item_cpt_70450,cpt,0.0141595262009594,0.0273659710597663,0.0009530813421525,False,False
opioid_ed,65_74,high,101,item_cpt_71045,cpt,0.0139332656033797,0.0274087512515868,0.0004577799551726,False,False
opioid_ed,65_74,high,102,item_cpt_99000,cpt,0.0138927246943075,0.0269335465779769,0.0008519028106381,False,False
opioid_ed,65_74,high,103,item_cpt_84100,cpt,0.0138247587333614,0.0271005571696867,0.0005489602970361,False,False
opioid_ed,65_74,high,104,item_cpt_97150,cpt,0.0134853613169767,0.0260360914467679,0.0009346311871855,False,True
opioid_ed,65_74,high,105,item_cpt_11721,cpt,0.0128763646966035,0.0250060985427062,0.0007466308505008,False,False
opioid_ed,65_74,high,106,item_icd_R52,icd,0.0128588355706961,0.0247076515687964,0.0010100195725957,False,False
opioid_ed,65_74,high,107,item_cpt_96360,cpt,0.0125724578402351,0.0245004428754153,0.000644472805055,False,False
opioid_ed,65_74,high,108,item_icd_R748,icd,0.0123253886305464,0.0236583139137098,0.000992463347383,False,False
opioid_ed,65_74,high,109,item_cpt_85018,cpt,0.0119819983389488,0.0233174053851226,0.000646591292775,False,False
opioid_ed,65_74,high,110,item_cpt_99223,cpt,0.0119641888396021,0.0234042004600141,0.0005241772191901,False,False
opioid_ed,65_74,high,111,item_cpt_80053,cpt,0.0115479778278793,0.0219635307788196,0.001132424876939,False,False
opioid_ed,65_74,high,112,item_drug_AMOXICILLIN,drug,0.0115204499773726,0.0225282795753617,0.0005126203793835,False,False
opioid_ed,65_74,high,113,item_cpt_93971,cpt,0.0113417183240145,0.0223184261272647,0.0003650105207643,False,False
opioid_ed,65_74,high,114,item_icd_E7800,icd,0.0113365003180843,0.0222536555439851,0.0004193450921835,False,False
opioid_ed,65_74,high,115,item_cpt_92250,cpt,0.0112583455631394,0.0215437523608762,0.0009729387654025,False,False
opioid_ed,65_74,high,116,item_cpt_85730,cpt,0.0105732630541411,0.0207698403121889,0.0003766857960933,False,False
opioid_ed,65_74,high,117,item_cpt_64483,cpt,0.0102763610423279,0.0198399940214567,0.0007127280631991,False,False
opioid_ed,65_74,high,118,item_cpt_36415,cpt,0.0097285811417929,0.0181164385504124,0.0013407237331735,False,False
opioid_ed,65_74,high,119,item_cpt_83605,cpt,0.0096375298255075,0.0190246859371552,0.0002503737138598,False,False
opioid_ed,65_74,high,120,item_icd_M4806,icd,0.0093342634542263,0.0180706046234707,0.0005979222849818,False,False
opioid_ed,65_74,high,121,item_cpt_82746,cpt,0.0089876904672187,0.017773049567846,0.0002023313665915,False,False
opioid_ed,65_74,high,122,item_cpt_83721,cpt,0.0089826356943194,0.017675983925474,0.0002892874631647,False,False
opioid_ed,65_74,high,123,item_cpt_87086,cpt,0.008754493418463,0.0169480816188024,0.0005609052181237,False,False
opioid_ed,65_74,high,124,item_cpt_87077,cpt,0.0085260999722027,0.01682470150844,0.0002274984359654,False,False
opioid_ed,65_74,high,125,item_icd_M25561,icd,0.0079076890697488,0.0155660475933793,0.0002493305461184,False,False
opioid_ed,65_74,high,126,item_cpt_87186,cpt,0.0078286662097652,0.0154375329742802,0.0002197994452502,False,False
opioid_ed,65_74,high,127,item_cpt_88342,cpt,0.0077483505247119,0.0153221792427641,0.0001745218066598,False,False
opioid_ed,65_74,high,128,item_cpt_99213,cpt,0.0072688462770404,0.0139896411464168,0.0005480514076639,False,False
opioid_ed,65_74,high,129,item_icd_N183,icd,0.0070335964884463,0.0138891433457984,0.0001780496310941,False,False
opioid_ed,65_74,high,130,item_cpt_85027,cpt,0.0069118327482554,0.0134267140509001,0.0003969514456106,False,False
opioid_ed,65_74,high,131,item_icd_M5136,icd,0.0068061491000307,0.0133321196731804,0.000280178526881,False,False
opioid_ed,65_74,high,132,item_cpt_99284,cpt,0.0067877519257726,0.0129393320798316,0.0006361717717136,False,False
opioid_ed,65_74,high,133,item_icd_R55,icd,0.0066981492840583,0.0130431648311178,0.0003531337369989,False,False
opioid_ed,65_74,high,134,item_cpt_93000,cpt,0.0066512811319171,0.0128008781518803,0.0005016841119538,False,False
opioid_ed,65_74,high,135,item_icd_M542,icd,0.0066238003101216,0.01300666969605,0.0002409309241932,False,False
opioid_ed,65_74,high,136,item_cpt_77063,cpt,0.0059717750412556,0.0118674510129491,7.609906956217189e-05,False,False
opioid_ed,65_74,high,137,item_cpt_82962,cpt,0.0056227231838216,0.0111579612388368,8.748512880649544e-05,False,False
opioid_ed,65_74,high,138,item_cpt_92133,cpt,0.0056109833663336,0.0109639629225463,0.0002580038101209,False,False
opioid_ed,65_74,high,139,item_drug_GABAPENTIN,drug,0.0054009744754304,0.0105351906999903,0.0002667582508706,False,False
opioid_ed,65_74,high,140,item_cpt_82248,cpt,0.0050081665958181,0.0099102914480274,0.0001060417436087,False,False
opioid_ed,65_74,high,141,item_cpt_73564,cpt,0.0050051489965587,0.0099008241162915,0.0001094738768258,False,False
opioid_ed,65_74,high,142,item_cpt_71275,cpt,0.0049951705718562,0.0098950538832757,9.528726043684848e-05,False,False
opioid_ed,65_74,high,143,item_cpt_92012,cpt,0.0049867134993996,0.0096364398736858,0.0003369871251133,False,False
opioid_ed,65_74,high,144,item_cpt_73110,cpt,0.0049799161766991,0.0098300894384126,0.0001297429149857,False,False
opioid_ed,65_74,high,145,item_cpt_82565,cpt,0.0049733345522713,0.0097382025906902,0.0002084665138524,False,False
opioid_ed,65_74,high,146,item_cpt_83690,cpt,0.0048445111483759,0.0096033822111741,8.564008557786218e-05,False,False
opioid_ed,65_74,high,147,item_icd_N390,icd,0.004815546627087,0.0094722365659921,0.000158856688182,False,False
opioid_ed,65_74,high,148,item_icd_J40,icd,0.0048037192427382,0.0093569824777799,0.0002504560076965,False,False
opioid_ed,65_74,high,149,item_drug_AZITHROMYCIN,drug,0.0045215697182073,0.0089663479547995,7.679148161519432e-05,False,False
opioid_ed,65_74,high,150,item_cpt_83615,cpt,0.0042318259868504,0.0083739532342968,8.969873940396833e-05,False,False
opioid_ed,65_74,high,151,item_icd_E780,icd,0.0041601909635715,0.0082496892878286,7.069263931443789e-05,False,False
opioid_ed,65_74,high,152,item_cpt_99212,cpt,0.0041235697476237,0.0080179673452476,0.0002291721499997,False,False
opioid_ed,65_74,high,153,item_cpt_82947,cpt,0.0040372791957847,0.0080002704730401,7.428791852939414e-05,False,False
opioid_ed,65_74,high,154,item_cpt_99215,cpt,0.0038007529920225,0.007395286263945,0.0002062197200999,False,False
opioid_ed,65_74,high,155,item_cpt_92083,cpt,0.0037685907485493,0.0074757481211536,6.143337594513003e-05,False,False
opioid_ed,65_74,high,156,item_icd_L570,icd,0.0036768596025712,0.007286016198993,6.770300614936445e-05,False,False
opioid_ed,65_74,high,157,item_cpt_99152,cpt,0.0035752190250482,0.007109791480254,4.064656984234043e-05,False,False
opioid_ed,65_74,high,158,item_icd_M5417,icd,0.0033986638270433,0.0066544684136476,0.000142859240439,False,False
opioid_ed,65_74,high,159,item_cpt_84153,cpt,0.0032371102932281,0.0063247864746846,0.0001494341117716,False,False
opioid_ed,65_74,high,160,item_cpt_73030,cpt,0.0032062888596043,0.0063738243767067,3.875334250201865e-05,False,False
opioid_ed,65_74,high,161,item_cpt_86900,cpt,0.0031580130704016,0.0062912880012677,2.4738139535584543e-05,False,False
opioid_ed,65_74,high,162,item_drug_FUROSEMIDE,drug,0.0031140161964271,0.0061947956953951,3.323669745910211e-05,False,False
opioid_ed,65_74,high,163,item_cpt_87088,cpt,0.0028867285908633,0.0057344470080402,3.9010173686415335e-05,False,False
opioid_ed,65_74,high,164,item_icd_R002,icd,0.002876990086457,0.0056766937490825,7.728642383158795e-05,False,False
opioid_ed,65_74,high,165,item_cpt_99205,cpt,0.0028426750707575,0.0055872328836665,9.811725784858944e-05,False,False
opioid_ed,65_74,high,166,item_icd_E1165,icd,0.002823324077193,0.0055355343947147,0.0001111137596714,False,False
opioid_ed,65_74,high,167,item_icd_M170,icd,0.0028175526989657,0.0055930372168352,4.206818109633919e-05,False,False
opioid_ed,65_74,high,168,item_cpt_72146,cpt,0.0027286649735261,0.0054069505788767,5.037936817562012e-05,False,False
opioid_ed,65_74,high,169,item_icd_F331,icd,0.0026632544353204,0.0052792013310665,4.7307539574260455e-05,False,False
opioid_ed,65_74,high,170,item_icd_R918,icd,0.0026164528527084,0.005212375826073,2.052987934390476e-05,False,False
opioid_ed,65_74,high,171,item_icd_Z125,icd,0.00253824180841,0.0050242217556301,5.226186118988708e-05,False,False
opioid_ed,65_74,high,172,item_icd_E1140,icd,0.0024926336985605,0.0049515318546985,3.373554242259845e-05,False,False
opioid_ed,65_74,high,173,item_icd_H2513,icd,0.0024847670876517,0.0049166133534859,5.292082181751141e-05,False,False
opioid_ed,65_74,high,174,item_icd_D485,icd,0.0024735144396444,0.0049065486601429,4.048021914590791e-05,False,False
opioid_ed,65_74,high,175,item_cpt_72141,cpt,0.002427868940687,0.0048245904372963,3.114744407775262e-05,False,False
opioid_ed,65_74,high,176,item_cpt_72110,cpt,0.0023950613269724,0.0047764405231844,1.368213076045461e-05,False,False
opioid_ed,65_74,high,177,item_icd_G629,icd,0.0023720723082734,0.0046869308325494,5.721378399744034e-05,False,False
opioid_ed,65_74,high,178,item_cpt_93880,cpt,0.0023401271204687,0.0046635408401719,1.671340076551474e-05,False,False
opioid_ed,65_74,high,179,item_icd_M79672,icd,0.0023177526028422,0.0046156440754094,1.986113027518668e-05,False,False
opioid_ed,65_74,high,180,item_icd_J189,icd,0.0022988032855572,0.0045453672031546,5.223936795992997e-05,False,False
opioid_ed,65_74,high,181,item_cpt_43239,cpt,0.0022780234318184,0.0045413990192904,1.4647844346365942e-05,False,False
opioid_ed,65_74,high,182,item_cpt_76770,cpt,0.0022740499568098,0.0045383559127884,9.74400083134098e-06,False,False
opioid_ed,65_74,high,183,item_cpt_82784,cpt,0.0022116111839881,0.0043838518289417,3.937053903448481e-05,False,False
opioid_ed,65_74,high,184,item_icd_I480,icd,0.0021870541258869,0.004353795367387,2.0312884386909684e-05,False,False
opioid_ed,65_74,high,185,item_cpt_81000,cpt,0.002147033247701,0.0042833241353322,1.0742360069892644e-05,False,False
opioid_ed,65_74,high,186,item_cpt_17000,cpt,0.0021162759703681,0.0041993504605914,3.320148014491936e-05,False,False
opioid_ed,65_74,high,187,item_icd_M7989,icd,0.0020948137837521,0.0041791437949875,1.048377251680359e-05,False,False
opioid_ed,65_74,high,188,item_icd_E559,icd,0.0020603009768194,0.0040970478983093,2.3554055329531147e-05,False,False
opioid_ed,65_74,high,189,item_cpt_77080,cpt,0.0020390931445058,0.004031774559204,4.6411729807776346e-05,False,False
opioid_ed,65_74,high,190,item_icd_M899,icd,0.0020285721750861,0.0039394116932758,0.0001177326568964,False,False
opioid_ed,65_74,high,191,item_icd_E1142,icd,0.0020011089495009,0.003985040022867,1.7177876134879278e-05,False,False
opioid_ed,65_74,high,192,item_icd_Z1211,icd,0.0019173720962499,0.0038032618506556,3.148234184423424e-05,False,False
opioid_ed,65_74,high,193,item_cpt_71260,cpt,0.0019154453876071,0.003815808160483,1.5082614731260416e-05,False,False
opioid_ed,65_74,high,194,item_cpt_99221,cpt,0.0019102017425391,0.0038080958241162,1.2307660961936136e-05,False,False
opioid_ed,65_74,high,195,item_icd_R350,icd,0.0018894517912379,0.0037640229541781,1.4880628297868254e-05,False,False
opioid_ed,65_74,high,196,item_icd_L309,icd,0.0018325168553449,0.0036492844923851,1.5749218304875653e-05,False,False
opioid_ed,65_74,high,197,item_icd_K5730,icd,0.0018272173684673,0.0035884567116059,6.597802532879746e-05,False,False
opioid_ed,65_74,high,198,item_icd_M1712,icd,0.0017916248724125,0.0035474535750749,3.579616975018201e-05,False,False
opioid_ed,65_74,high,199,item_cpt_99201,cpt,0.001752192497546,0.0034325514491551,7.183354593699479e-05,False,False
opioid_ed,65_74,high,200,item_icd_J069,icd,0.0016830468126956,0.0033540236131185,1.207001227272939e-05,False,False
opioid_ed,65_74,high,201,item_icd_M1711,icd,0.0016243711967828,0.0032231561388266,2.558625473904223e-05,False,False
opioid_ed,65_74,high,202,item_icd_D649,icd,0.00160173507442,0.0031770945269355,2.6375621904593613e-05,False,False
opioid_ed,65_74,high,203,item_cpt_64450,cpt,0.0015653667359713,0.003113883582792,1.6849889150591605e-05,False,False
opioid_ed,65_74,high,204,item_cpt_95165,cpt,0.001536527726567,0.00304554856478,2.7506888354132928e-05,False,False
opioid_ed,65_74,high,205,item_cpt_72100,cpt,0.0014830423635817,0.0029458617222621,2.0223004901388824e-05,False,False
opioid_ed,65_74,high,206,item_cpt_73620,cpt,0.0014753147642994,0.0029400274961022,1.0602032496597084e-05,False,False
opioid_ed,65_74,high,207,item_cpt_95886,cpt,0.0014476523727975,0.002888025676326,7.279069269060549e-06,False,False
opioid_ed,65_74,high,208,item_cpt_90834,cpt,0.0014155057256126,0.0028147324905465,1.627896067874926e-05,False,False
opioid_ed,65_74,high,209,item_cpt_01402,cpt,0.0013923718314072,0.0027757305790601,9.013083754251566e-06,False,False
opioid_ed,65_74,high,210,item_icd_Z471,icd,0.0013748326326795,0.0027447326266767,4.932638682311341e-06,False,False
opioid_ed,65_74,high,211,item_cpt_74177,cpt,0.0013482498982377,0.0026790464598275,1.745333664803262e-05,False,False
opioid_ed,65_74,high,212,item_cpt_51798,cpt,0.0013297773994958,0.0026413831177359,1.817168125572664e-05,False,False
opioid_ed,65_74,high,213,item_cpt_99291,cpt,0.0012855184497496,0.0025599229730155,1.1113926483715712e-05,False,False
opioid_ed,65_74,high,214,item_cpt_72125,cpt,0.0012852367012464,0.0025639986055758,6.474796917072716e-06,False,False
opioid_ed,65_74,high,215,item_cpt_45380,cpt,0.0012649524913214,0.002512600928687,1.7304053955781495e-05,False,False
opioid_ed,65_74,high,216,item_cpt_96365,cpt,0.0012637339005475,0.002522013622678,5.454178417099539e-06,False,False
opioid_ed,65_74,high,217,item_cpt_82728,cpt,0.0012532612872138,0.002492975183545,1.3547390882633084e-05,False,False
opioid_ed,65_74,high,218,item_drug_SIMVASTATIN,drug,0.0012247320251002,0.0024468390606055,2.624989594885941e-06,False,False
opioid_ed,65_74,high,219,item_cpt_97035,cpt,0.0012190736708766,0.0024275964716458,1.0550870107466576e-05,False,True
opioid_ed,65_74,high,220,item_icd_R0789,icd,0.001182686594173,0.0023594062132114,5.966975134699152e-06,False,False
opioid_ed,65_74,high,221,item_icd_R05,icd,0.0011617874206244,0.0023143486183222,9.226222926660914e-06,False,False
opioid_ed,65_74,high,222,item_cpt_71250,cpt,0.0010781256055734,0.0021500194555998,6.231755547065471e-06,False,False
opioid_ed,65_74,high,223,item_icd_I2510,icd,0.0010544741573045,0.0021028503637429,6.097950866183911e-06,False,False
opioid_ed,65_74,high,224,item_icd_R911,icd,0.001044376337518,0.0020751537324122,1.359894262390822e-05,False,False
opioid_ed,65_74,high,225,item_icd_J3089,icd,0.0010390943303832,0.0020721777190681,6.010941698295832e-06,False,False
opioid_ed,65_74,high,226,item_cpt_84165,cpt,0.0010256840131918,0.0020491660667799,2.20195960369374e-06,False,False
opioid_ed,65_74,high,227,item_cpt_90715,cpt,0.0010240247035619,0.0020451044673182,2.9449398056132534e-06,False,False
opioid_ed,65_74,high,228,item_icd_M19012,icd,0.0009906082851177,0.0019783662886091,2.850281626355894e-06,False,False
opioid_ed,65_74,high,229,item_cpt_80069,cpt,0.0009838175436544,0.0019626528994024,4.982187906529134e-06,False,False
opioid_ed,65_74,high,230,item_icd_M5412,icd,0.0009789726485094,0.0019551279754831,2.8173215358639893e-06,False,False
opioid_ed,65_74,high,231,item_cpt_73630,cpt,0.0009626276164605,0.0019133893606542,1.1865872266877757e-05,False,False
opioid_ed,65_74,high,232,item_icd_H04123,icd,0.0009382065854184,0.0018628042472304,1.3608923606414422e-05,False,False
opioid_ed,65_74,high,233,item_cpt_92134,cpt,0.0009154090411481,0.0018261746490597,4.643433236605592e-06,False,False
opioid_ed,65_74,high,234,item_cpt_84460,cpt,0.0008765919747446,0.0017379072751558,1.5276674333436103e-05,False,False
opioid_ed,65_74,high,235,item_cpt_73502,cpt,0.0008748445259557,0.0017369724964109,1.2716555500502454e-05,False,False
opioid_ed,65_74,high,236,item_icd_R51,icd,0.0008714715137168,0.0017417078506792,1.2351767543884686e-06,False,False
opioid_ed,65_74,high,237,item_drug_MELOXICAM,drug,0.0008538071527795,0.0016970525102722,1.0561795286835023e-05,False,False
opioid_ed,65_74,high,238,item_cpt_90732,cpt,0.000804762550238,0.0016083844734112,1.140627064924831e-06,False,False
opioid_ed,65_74,high,239,item_drug_CARVEDILOL,drug,0.0007934264213649,0.0015822317320387,4.621110691106828e-06,False,False
opioid_ed,65_74,high,240,item_cpt_96375,cpt,0.000793250250992,0.0015836264338281,2.874068155940106e-06,False,False
opioid_ed,65_74,high,241,item_cpt_82550,cpt,0.000792997026597,0.0015773168814297,8.677171764249647e-06,False,False
opioid_ed,65_74,high,242,item_cpt_86803,cpt,0.0007853101745558,0.0015614517576141,9.168591497432146e-06,False,False
opioid_ed,65_74,high,243,item_cpt_84156,cpt,0.0007821114021696,0.0015596657067486,4.557097590709025e-06,False,False
opioid_ed,65_74,high,244,item_cpt_93458,cpt,0.0007623466793261,0.0015236128495568,1.080509095555944e-06,False,False
opioid_ed,65_74,high,245,item_icd_M6281,icd,0.0007586023117158,0.0015133376874129,3.8669360187966025e-06,False,False
opioid_ed,65_74,high,246,item_cpt_77067,cpt,0.0007581237687242,0.0015140558111686,2.1917262798553155e-06,False,False
opioid_ed,65_74,high,247,item_cpt_99211,cpt,0.0007460811909795,0.0014900047685056,2.157613453407898e-06,False,False
opioid_ed,65_74,high,248,item_cpt_76705,cpt,0.000739018762578,0.0014769900797924,1.0474453636472035e-06,False,False
opioid_ed,65_74,high,249,item_cpt_82044,cpt,0.0007060378309989,0.0014027682737776,9.307388220262248e-06,False,False
opioid_ed,65_74,high,250,item_icd_I214,icd,0.0006855817437206,0.0013651334545818,6.030032859487195e-06,False,False
opioid_ed,65_74,high,251,item_icd_R319,icd,0.0006554008344924,0.0013074457802932,3.355888691759861e-06,False,False
opioid_ed,65_74,high,252,item_icd_N401,icd,0.0006189671676469,0.0012370570445904,8.772907033373708e-07,False,False
opioid_ed,65_74,high,253,item_cpt_76775,cpt,0.0005821392190595,0.0011634533453651,8.250927539024508e-07,False,False
opioid_ed,65_74,high,254,item_icd_J301,icd,0.0005399395048178,0.0010787093863669,1.169623268711149e-06,False,False
opioid_ed,65_74,high,255,item_icd_R739,icd,0.0005375441985341,0.0010739238644628,1.1645326054768989e-06,False,False
opioid_ed,65_74,high,256,item_icd_R1011,icd,0.0005202000210135,0.0010384924631826,1.907578844448797e-06,False,False
opioid_ed,65_74,high,257,item_drug_ATENOLOL,drug,0.0005114497701793,0.0010191088512691,3.7906890894812944e-06,False,False
opioid_ed,65_74,high,258,item_cpt_78452,cpt,0.0005058971396024,0.0010087998242412,2.99445496360398e-06,False,False
opioid_ed,65_74,high,259,item_cpt_96361,cpt,0.0005001815947404,0.0009992780623505,1.0851271303745547e-06,False,False
opioid_ed,65_74,high,260,item_icd_R531,icd,0.0004848597072914,0.0009686668505405,1.052564042451942e-06,False,False
opioid_ed,65_74,high,261,item_cpt_11042,cpt,0.0004735356602131,0.0009464001565032,6.71163922931479e-07,False,False
opioid_ed,65_74,high,262,item_cpt_85651,cpt,0.0004703614996861,0.0009389918290889,1.7311702834041242e-06,False,False
opioid_ed,65_74,high,263,item_icd_E871,icd,0.0004669386509252,0.0009328628248216,1.0144770289516867e-06,False,False
opioid_ed,65_74,high,264,item_cpt_86800,cpt,0.000466563783694,0.0009317617386344,1.3658287536635367e-06,False,False
opioid_ed,65_74,high,265,item_drug_FLUCONAZOLE,drug,0.0004616702449996,0.0009226861434764,6.543465229108202e-07,False,False
opioid_ed,65_74,high,266,item_cpt_93308,cpt,0.0004603005905469,0.0009199487758453,6.524052485088803e-07,False,False
opioid_ed,65_74,high,267,item_cpt_99220,cpt,0.0004557551690095,0.0009091430823048,2.367255714359111e-06,False,False
opioid_ed,65_74,high,268,item_icd_R4182,icd,0.000449300143186,0.0008959260208091,2.674265563012111e-06,False,False
opioid_ed,65_74,high,269,item_cpt_99306,cpt,0.0004394818650235,0.0008783408321381,6.228979090058855e-07,False,False
opioid_ed,65_74,high,270,item_cpt_73562,cpt,0.0004293233766109,0.0008577122186601,9.345345617583616e-07,False,False
opioid_ed,65_74,high,271,item_cpt_00810,cpt,0.0004217958778885,0.0008407537448527,2.8380109242562825e-06,False,False
opioid_ed,65_74,high,272,item_icd_M461,icd,0.0004195473976313,0.0008375434867084,1.5513085542530964e-06,False,False
opioid_ed,65_74,high,273,item_drug_NITROSTAT,drug,0.0004105246320725,0.0008176608209947,3.388443150258633e-06,False,False
opioid_ed,65_74,high,274,item_cpt_83921,cpt,0.0004102208909773,0.0008198603569732,5.814249814531459e-07,False,False
opioid_ed,65_74,high,275,item_cpt_84450,cpt,0.0004094703840987,0.0008183604069441,5.803612534530577e-07,False,False
opioid_ed,65_74,high,276,item_cpt_84075,cpt,0.0004008898343789,0.0008012114691131,5.681996447406466e-07,False,False
opioid_ed,65_74,high,277,item_cpt_17003,cpt,0.0003991579654731,0.0007977501859592,5.657449870950929e-07,False,False
opioid_ed,65_74,high,278,item_icd_J9601,icd,0.0003984258572067,0.0007962870070771,5.647073362961915e-07,False,False
opioid_ed,65_74,high,279,item_icd_J449,icd,0.0003906993236777,0.0007796513914139,1.7472559416525255e-06,False,False
opioid_ed,65_74,high,280,item_cpt_76514,cpt,0.0003863636176706,0.0007683527956632,4.374439677963291e-06,False,False
opioid_ed,65_74,high,281,item_cpt_93015,cpt,0.0003452251577401,0.0006883648392403,2.085476239964092e-06,False,False
opioid_ed,65_74,high,282,item_icd_Z136,icd,0.0003387426792199,0.0006749151383087,2.570220131126532e-06,False,False
opioid_ed,65_74,high,283,item_icd_Z961,icd,0.0003311408919144,0.0006592553004582,3.02648337075698e-06,False,False
opioid_ed,65_74,high,284,item_cpt_94010,cpt,0.000321929666885,0.0006431530394185,7.062943515505023e-07,False,False
opioid_ed,65_74,high,285,item_drug_LEVOFLOXACIN,drug,0.0003207976117351,0.0006411405422251,4.546812450456038e-07,False,False
opioid_ed,65_74,high,286,item_cpt_97535,cpt,0.0003095927842517,0.000618746768377,4.3880012647026763e-07,False,True
opioid_ed,65_74,high,287,item_drug_LEVEMIR,drug,0.0003031023246435,0.000602711226833,3.493422454122885e-06,False,False
opioid_ed,65_74,high,288,item_icd_K760,icd,0.0003025694360491,0.0006032947144939,1.8441576042613715e-06,False,False
opioid_ed,65_74,high,289,item_icd_M25562,icd,0.000294074143526,0.0005877314822105,4.168048415040497e-07,False,False
opioid_ed,65_74,high,290,item_icd_R7309,icd,0.0002651615448583,0.0005286905618987,1.6325278179445026e-06,False,False
opioid_ed,65_74,high,291,item_icd_I119,icd,0.0002639998950453,0.0005267905024863,1.209287604467461e-06,False,False
opioid_ed,65_74,high,292,item_cpt_93224,cpt,0.000260723046221,0.0005192217009149,2.22439152720102e-06,False,False
opioid_ed,65_74,high,293,item_icd_N3001,icd,0.0002578321515267,0.0005136658532353,1.9984498181355963e-06,False,False
opioid_ed,65_74,high,294,item_icd_L814,icd,0.0002557718523865,0.0005101667540637,1.3769507094133124e-06,False,False
opioid_ed,65_74,high,295,item_drug_LORAZEPAM,drug,0.0002534369931496,0.0005059106425692,9.633437300824974e-07,False,False
opioid_ed,65_74,high,296,item_icd_M810,icd,0.0002459767885981,0.0004910166396258,9.369375704497392e-07,False,False
opioid_ed,65_74,high,297,item_icd_R7302,icd,0.0002455692872361,0.0004886426586687,2.4959158036280914e-06,False,False
opioid_ed,65_74,high,298,item_cpt_83704,cpt,0.0002373152191606,0.0004729661444041,1.6642939171119864e-06,False,False
opioid_ed,65_74,high,299,item_icd_K6389,icd,0.0002354451958869,0.0004688624248875,2.0279668862895792e-06,False,False
opioid_ed,65_74,high,300,item_icd_H04121,icd,0.0002342293817165,0.0004666271072754,1.8316561576986415e-06,False,False
opioid_ed,65_74,high,301,item_icd_G609,icd,0.0002332646704381,0.0004661987241046,3.306167717594008e-07,False,False
opioid_ed,65_74,high,302,item_drug_LATANOPROST,drug,0.0002178845076329,0.0004344039505144,1.3650647515373831e-06,False,False
opioid_ed,65_74,high,303,item_icd_I499,icd,0.0002177534886171,0.0004350220849824,4.848922518631988e-07,False,False
opioid_ed,65_74,high,304,item_cpt_72131,cpt,0.000217202851718,0.0004340978518204,3.0785161557922016e-07,False,False
opioid_ed,65_74,high,305,item_icd_M25572,icd,0.0002081672442028,0.0004153622673662,9.722210394592055e-07,False,False
opioid_ed,65_74,high,306,item_icd_I110,icd,0.0002070119894194,0.0004128884839527,1.135494886236678e-06,False,False
opioid_ed,65_74,high,307,item_icd_R300,icd,0.0002059256878983,0.0004112238526048,6.275231918535051e-07,False,False
opioid_ed,65_74,high,308,item_cpt_87040,cpt,0.0002057996058566,0.0004109720456721,6.271660411756016e-07,False,False
opioid_ed,65_74,high,309,item_drug_HUMALOG,drug,0.0002043689604411,0.0004072832401811,1.454680701029897e-06,False,False
opioid_ed,65_74,high,310,item_icd_Z5181,icd,0.0002035152147163,0.0004060779610045,9.524684281459052e-07,False,False
opioid_ed,65_74,high,311,item_drug_CLOPIDOGREL,drug,0.0002015219291067,0.0004025934623448,4.503958687499994e-07,False,False
opioid_ed,65_74,high,312,item_icd_M109,icd,0.000196559238465,0.0003928398844593,2.7859247077032164e-07,False,False
opioid_ed,65_74,high,313,item_icd_I129,icd,0.000193761158087,0.0003869292512604,5.930649136456905e-07,False,False
opioid_ed,65_74,high,314,item_cpt_84520,cpt,0.0001911326757556,0.0003818370355704,4.283159408397334e-07,False,False
opioid_ed,65_74,high,315,item_cpt_98940,cpt,0.0001885081743393,0.0003758174763251,1.1988723536287357e-06,False,False
opioid_ed,65_74,high,316,item_icd_I6523,icd,0.0001864447486046,0.0003726252404714,2.6425673797657365e-07,False,False
opioid_ed,65_74,high,317,item_cpt_82553,cpt,0.000178920592211,0.0003575875920178,2.535924042289583e-07,False,False
opioid_ed,65_74,high,318,item_cpt_94729,cpt,0.0001782510717712,0.0003562495000805,2.526434620423743e-07,False,False
opioid_ed,65_74,high,319,item_drug_NABUMETONE,drug,0.0001778454114543,0.0003545522736088,1.1385492998804732e-06,False,False
opioid_ed,65_74,high,320,item_drug_OLANZAPINE,drug,0.0001767126952789,0.0003524399359007,9.854546571797974e-07,False,False
opioid_ed,65_74,high,321,item_cpt_99497,cpt,0.0001620500293684,0.0003237335511584,3.665075784900729e-07,False,False
opioid_ed,65_74,high,322,item_icd_J0190,icd,0.0001583057731128,0.0003162529961881,3.585500376151433e-07,False,False
opioid_ed,65_74,high,323,item_drug_LOVASTATIN,drug,0.000154594592332,0.0003077894773236,1.3997073404490135e-06,False,False
opioid_ed,65_74,high,324,item_cpt_17110,cpt,0.0001539408337598,0.0003075323941396,3.492733799969252e-07,False,False
opioid_ed,65_74,high,325,item_icd_I517,icd,0.0001521427920071,0.0003040699450207,2.156389934462252e-07,False,False
opioid_ed,65_74,high,326,item_icd_B029,icd,0.0001490645650016,0.0002976626764477,4.6645355559328906e-07,False,False
opioid_ed,65_74,high,327,item_icd_C61,icd,0.0001482365470368,0.0002961359438208,3.3715025282241524e-07,False,False
opioid_ed,65_74,high,328,item_icd_K635,icd,0.0001438301837613,0.0002874565103721,2.038571505381137e-07,False,False
opioid_ed,65_74,high,329,item_drug_FINASTERIDE,drug,0.0001414221658605,0.0002826438875653,2.0044415574894325e-07,False,False
opioid_ed,65_74,high,330,item_drug_CEPHALEXIN,drug,0.0001374492437543,0.0002745842631458,3.1422436288857e-07,False,False
opioid_ed,65_74,high,331,item_cpt_51701,cpt,0.0001338574875893,0.0002668252812574,8.896939211955166e-07,False,False
opioid_ed,65_74,high,332,item_drug_HYDROCHLOROTHIAZIDE,drug,0.0001323529530312,0.0002638247238301,8.811822324344705e-07,False,False
opioid_ed,65_74,high,333,item_cpt_80051,cpt,0.0001263035426074,0.0002524280693808,1.7901583398892094e-07,False,False
opioid_ed,65_74,high,334,item_icd_R001,icd,0.0001165651707738,0.000232860501397,2.698401506359037e-07,False,False
opioid_ed,65_74,high,335,item_cpt_64494,cpt,0.0001147838959667,0.0002294051034258,1.626885077076159e-07,False,False
opioid_ed,65_74,high,336,item_icd_R339,icd,0.000107207259632,0.0002140666342595,3.478850045824001e-07,False,False
opioid_ed,65_74,high,337,item_drug_METHOTREXATE,drug,0.000106470184843,0.0002123999564181,5.404132680198542e-07,False,False
opioid_ed,65_74,high,338,item_drug_CELECOXIB,drug,9.885865249173251e-05,0.0001975771880575,1.401169259189703e-07,False,False
opioid_ed,65_74,high,339,item_cpt_64635,cpt,9.706903431035556e-05,0.0001940004882031,1.3758041756261566e-07,False,False
opioid_ed,65_74,high,340,item_cpt_92226,cpt,9.685542136880932e-05,0.0001935735650835,1.372776540922308e-07,False,False
opioid_ed,65_74,high,341,item_cpt_85379,cpt,9.591450755126434e-05,0.0001916930710489,1.3594405355908465e-07,False,False
opioid_ed,65_74,high,342,item_cpt_82948,cpt,9.437109631489754e-05,0.0001886084361241,1.337565056569261e-07,False,False
opioid_ed,65_74,high,343,item_icd_L918,icd,8.907899672447948e-05,0.0001776064954424,5.514980064656306e-07,False,False
opioid_ed,65_74,high,344,item_icd_R1084,icd,8.786004076611896e-05,0.0001755955534457,1.2452808644436593e-07,False,False
opioid_ed,65_74,high,345,item_cpt_99397,cpt,8.3442715422433e-05,0.0001667671636372,1.1826720758003995e-07,False,False
opioid_ed,65_74,high,346,item_icd_R938,icd,7.663920044217513e-05,0.0001530934140448,1.849868395387178e-07,False,False
opioid_ed,65_74,high,347,item_icd_D123,icd,7.402204471618935e-05,0.0001477158033251,3.28286107181534e-07,False,False
opioid_ed,65_74,high,348,item_cpt_87184,cpt,7.06376632383626e-05,0.0001410310316105,2.442948662021872e-07,False,False
opioid_ed,65_74,high,349,item_icd_K2270,icd,6.71990830481725e-05,0.0001341636116438,2.3455445250174065e-07,False,False
opioid_ed,65_74,high,350,item_icd_A419,icd,6.669004422472044e-05,0.0001332855655751,9.45228743326182e-08,False,False
opioid_ed,65_74,high,351,item_cpt_00811,cpt,6.570284382296348e-05,0.0001312439434743,1.6174417160175532e-07,False,False
opioid_ed,65_74,high,352,item_icd_M0579,icd,5.480722667330136e-05,0.0001095367725374,7.768080917600413e-08,False,False
opioid_ed,65_74,high,353,item_icd_M7501,icd,4.4133999632528174e-05,8.7832777730841e-05,4.352215342153462e-07,False,False
opioid_ed,65_74,high,354,item_icd_H43811,icd,3.980666406645934e-05,7.95569083127057e-05,5.641982021298407e-08,False,False
opioid_ed,65_74,high,355,item_drug_CEFDINIR,drug,3.4818227262822376e-05,6.944693435373205e-05,1.895201719127038e-07,False,False
opioid_ed,65_74,high,356,item_cpt_74000,cpt,3.139568278673349e-05,6.265823086723844e-05,1.331347062285509e-07,False,False
opioid_ed,65_74,high,357,item_icd_Z1159,icd,2.623673222084137e-05,5.227372403667189e-05,1.99740405010854e-07,False,False
opioid_ed,13_24,low,1,pgx_num_drugs,pgx,0.9999999997975314,0.9999999998734712,0.9999999997215916,True,False
opioid_ed,13_24,low,2,pgx_num_cpic_drugs,pgx,0.1489849183579046,0.2418394048247176,0.0561304318910916,True,False
opioid_ed,13_24,low,3,item_drug_ALPRAZOLAM,drug,0.0256311079451091,0.040888204887675,0.0103740110025432,True,False
opioid_ed,13_24,low,4,item_drug_CLONAZEPAM,drug,0.0242582826304328,0.0380350766462924,0.0104814886145731,True,False
opioid_ed,13_24,low,5,item_drug_GABAPENTIN,drug,0.017873147604241,0.0315076637851222,0.0042386314233597,True,False
opioid_ed,13_24,low,6,item_drug_METRONIDAZOLE,drug,0.0079525102724436,0.014433867070578,0.0014711534743092,True,False
opioid_ed,13_24,low,7,item_drug_IBUPROFEN,drug,0.0078257641886344,0.0143835232535902,0.0012680051236785,True,False
opioid_ed,13_24,low,8,item_drug_AMOXICILLIN,drug,0.004620239541047,0.0082323697507206,0.0010081093313735,True,False
opioid_ed,13_24,low,9,item_drug_MELOXICAM,drug,0.0025142076269494,0.0046194722535497,0.000408943000349,True,False
opioid_ed,13_24,low,10,item_drug_MONONESSA,drug,0.0022590520688883,0.0042424469362801,0.0002756572014965,True,False
opioid_ed,13_24,low,11,item_drug_KETOCONAZOLE,drug,0.001598838215201,0.0030633699696674,0.0001343064607345,True,False
opioid_ed,13_24,low,12,item_drug_NAPROXEN,drug,0.0014539035865131,0.0027664672402146,0.0001413399328116,True,False
opioid_ed,13_24,low,13,item_drug_LORAZEPAM,drug,0.0013328703137263,0.0026217254413751,4.401518607756442e-05,True,False
opioid_ed,13_24,low,14,item_drug_OMEPRAZOLE,drug,0.0013021703669243,0.0024794583111758,0.0001248824226728,True,False
opioid_ed,13_24,low,15,item_drug_IBU,drug,0.001244844477328,0.0023586402235857,0.0001310487310703,True,False
opioid_ed,13_24,low,16,item_drug_FLUCONAZOLE,drug,0.0010896965342748,0.0021058815095506,7.351155899900956e-05,True,False
opioid_ed,13_24,low,17,item_drug_VYVANSE,drug,0.0005791674236505,0.0011493098613616,9.024985939347602e-06,True,False
opioid_ed,13_24,low,18,item_drug_METHOCARBAMOL,drug,0.0005767560939872,0.0011235145721431,2.9997615831446443e-05,True,False
opioid_ed,13_24,low,19,item_drug_LAMOTRIGINE,drug,0.0005025821126319,0.0009706836919205,3.448053334329904e-05,True,False
opioid_ed,13_24,low,20,item_drug_CEPHALEXIN,drug,0.0003334857136011,0.0006466521595408,2.031926766133867e-05,True,False
opioid_ed,13_24,low,21,item_drug_MIRTAZAPINE,drug,0.0003183246378462,0.000632977655254,3.6716204383623e-06,False,False
opioid_ed,13_24,low,22,item_drug_AZITHROMYCIN,drug,0.0002983169138585,0.0005813854143172,1.5248413399836389e-05,False,False
opioid_ed,13_24,low,23,item_drug_PREDNISONE,drug,0.0002878800929813,0.0005649039587015,1.0856227261129871e-05,False,False
opioid_ed,13_24,low,24,item_drug_ARIPIPRAZOLE,drug,7.473796291125992e-05,0.0001492954467556,1.804790668507496e-07,False,False
opioid_ed,13_24,low,25,item_drug_LORATADINE,drug,6.843288740253578e-05,0.0001365186757954,3.470990096028429e-07,False,False
opioid_ed,13_24,low,26,item_drug_CEFDINIR,drug,6.522933586749255e-05,0.0001303169118144,1.4175992055291004e-07,False,False
opioid_ed,13_24,low,27,item_drug_BENZONATATE,drug,2.724362569887975e-05,5.424955227184494e-05,2.3769912591455163e-07,False,False
opioid_ed,13_24,low,28,item_drug_MUPIROCIN,drug,2.4303466899079214e-05,4.8388805597153776e-05,2.181282010046597e-07,False,False
opioid_ed,13_24,low,29,item_drug_DIAZEPAM,drug,1.974094243758993e-05,3.946784323406609e-05,1.4041641113779665e-08,False,False
opioid_ed,13_24,low,30,item_drug_ORSYTHIA,drug,1.3372324023128228e-05,2.6725348342629456e-05,1.9299703626998092e-08,False,False
opioid_ed,13_24,low,31,item_drug_PERMETHRIN,drug,8.63525422414291e-06,1.726021516105001e-05,1.0293287235811974e-08,False,False
opioid_ed,13_24,low,32,item_drug_TRETINOIN,drug,6.467439243951211e-06,1.293045067789665e-05,4.427810005770736e-09,False,False
opioid_ed,13_24,low,33,item_drug_HYDROCORTISONE,drug,4.57387913442951e-06,9.145870099011316e-06,1.8881698477026474e-09,False,False
opioid_ed,13_24,low,34,item_drug_NUVARING,drug,4.372371125171635e-06,8.742951392050469e-06,1.7908582928018903e-09,False,False
opioid_ed,13_24,medium,1,pgx_num_drugs,pgx,0.9999999998009332,0.999999999880275,0.9999999997215916,True,False
opioid_ed,13_24,medium,2,pgx_num_cpic_drugs,pgx,0.1512827031787048,0.2455690508825846,0.0569963554748249,True,False
opioid_ed,13_24,medium,3,item_drug_CLONAZEPAM,drug,0.0305433301489814,0.0478892337897019,0.0131974265082609,True,False
opioid_ed,13_24,medium,4,item_drug_ALPRAZOLAM,drug,0.0268254385969589,0.0427931616482458,0.010857715545672,True,False
opioid_ed,13_24,medium,5,item_drug_GABAPENTIN,drug,0.019984082981949,0.0352287478603083,0.0047394181035897,True,False
opioid_ed,13_24,medium,6,item_drug_METRONIDAZOLE,drug,0.0102646108794719,0.0186302158095078,0.001899005949436,True,False
opioid_ed,13_24,medium,7,item_drug_IBUPROFEN,drug,0.0092170395016266,0.0169405260278504,0.0014935529754028,True,False
opioid_ed,13_24,medium,8,item_drug_AMOXICILLIN,drug,0.0056491072989204,0.010065451482667,0.0012327631151739,True,False
opioid_ed,13_24,medium,9,item_drug_MONONESSA,drug,0.0036199862510254,0.0067981719321156,0.0004418005699352,True,False
opioid_ed,13_24,medium,10,item_drug_MELOXICAM,drug,0.0030674132195093,0.0056357827163197,0.000499043722699,True,False
opioid_ed,13_24,medium,11,item_drug_KETOCONAZOLE,drug,0.0020376229925573,0.0039040200710647,0.0001712259140499,True,False
opioid_ed,13_24,medium,12,item_drug_NAPROXEN,drug,0.0018359796221366,0.0034934056867644,0.0001785535575087,True,False
opioid_ed,13_24,medium,13,item_drug_OMEPRAZOLE,drug,0.0018087166667789,0.0034439051326925,0.0001735282008653,True,False
opioid_ed,13_24,medium,14,item_drug_LORAZEPAM,drug,0.001398180946641,0.0027501650597069,4.619683357517301e-05,True,False
opioid_ed,13_24,medium,15,item_drug_FLUCONAZOLE,drug,0.0013544994836931,0.0026175747552803,9.142421210598398e-05,True,False
opioid_ed,13_24,medium,16,item_drug_IBU,drug,0.0011569948072452,0.0021921034228225,0.0001218861916679,True,False
opioid_ed,13_24,medium,17,item_drug_METHOCARBAMOL,drug,0.0007829736215153,0.0015251881500214,4.0759093009340105e-05,True,False
opioid_ed,13_24,medium,18,item_drug_LAMOTRIGINE,drug,0.0006041166815909,0.0011667363316326,4.149703154926577e-05,True,False
opioid_ed,13_24,medium,19,item_drug_VYVANSE,drug,0.0005479666324298,0.0010873830329682,8.550231891473357e-06,True,False
opioid_ed,13_24,medium,20,item_drug_CEPHALEXIN,drug,0.000473272835203,0.0009176678550701,2.887781533597195e-05,True,False
opioid_ed,13_24,medium,21,item_drug_PREDNISONE,drug,0.0004184482419034,0.0008210916110605,1.5804872746339275e-05,False,False
opioid_ed,13_24,medium,22,item_drug_AZITHROMYCIN,drug,0.0003635821619114,0.0007085427754001,1.8621548422778345e-05,False,False
opioid_ed,13_24,medium,23,item_drug_MIRTAZAPINE,drug,0.0003425518638859,0.0006811449000171,3.958827754757739e-06,False,False
opioid_ed,13_24,medium,24,item_drug_LORATADINE,drug,9.932373168899792e-05,0.0001981413571589,5.061062190518868e-07,False,False
opioid_ed,13_24,medium,25,item_drug_ARIPIPRAZOLE,drug,9.608196051279524e-05,0.0001919313692971,2.3255172844084205e-07,False,False
opioid_ed,13_24,medium,26,item_drug_CEFDINIR,drug,7.26553907864303e-05,0.0001451525071349,1.5827443787720633e-07,False,False
opioid_ed,13_24,medium,27,item_drug_BENZONATATE,drug,3.55371783638259e-05,7.075921498408547e-05,3.1514174356633785e-07,False,False
opioid_ed,13_24,medium,28,item_drug_MUPIROCIN,drug,2.827865787267384e-05,5.62979830751404e-05,2.593326702072749e-07,False,False
opioid_ed,13_24,medium,29,item_drug_DIAZEPAM,drug,2.6456077348849045e-05,5.289403127939362e-05,1.812341830447167e-08,False,False
opioid_ed,13_24,medium,30,item_drug_ORSYTHIA,drug,1.9567919201568384e-05,3.9107762610359536e-05,2.807579277723575e-08,False,False
opioid_ed,13_24,medium,31,item_drug_PERMETHRIN,drug,9.789825101499032e-06,1.956835438139153e-05,1.129582160653126e-08,False,False
opioid_ed,13_24,medium,32,item_drug_TRETINOIN,drug,6.233630219798981e-06,1.2463783861243767e-05,3.4765783541935703e-09,False,False
opioid_ed,13_24,medium,33,item_drug_NUVARING,drug,5.27528855961202e-06,1.05493276985379e-05,1.2494206861404698e-09,False,False
opioid_ed,13_24,medium,34,item_drug_HYDROCORTISONE,drug,4.478926590113836e-06,8.956988335303313e-06,8.648449243581367e-10,False,False
opioid_ed,13_24,extreme,1,pgx_num_drugs,pgx,0.9999999997878708,0.9999999998541502,0.9999999997215916,True,False
opioid_ed,13_24,extreme,2,pgx_num_cpic_drugs,pgx,0.127224356448661,0.2065149979413642,0.0479337149559577,True,False
opioid_ed,13_24,extreme,3,item_drug_ALPRAZOLAM,drug,0.1080243462629572,0.1723251326344207,0.0437235598914938,True,False
opioid_ed,13_24,extreme,4,item_drug_GABAPENTIN,drug,0.0879693241745287,0.1550758180330292,0.0208628303160281,True,False
opioid_ed,13_24,extreme,5,item_drug_METRONIDAZOLE,drug,0.0712763847839782,0.1293667060494893,0.0131860635184671,True,False
opioid_ed,13_24,extreme,6,item_drug_CLONAZEPAM,drug,0.0640613292851696,0.1004412076900804,0.0276814508802588,True,False
opioid_ed,13_24,extreme,7,item_drug_IBUPROFEN,drug,0.0301371638293419,0.0553905148704632,0.0048838127882206,True,False
opioid_ed,13_24,extreme,8,item_drug_MELOXICAM,drug,0.0169336397664219,0.0311123729556413,0.0027549065772025,True,False
opioid_ed,13_24,extreme,9,item_drug_AMOXICILLIN,drug,0.0088986852556857,0.0158546257159814,0.0019427447953899,True,False
opioid_ed,13_24,extreme,10,item_drug_LORAZEPAM,drug,0.0078501533181903,0.0154409427332913,0.0002593639030893,True,False
opioid_ed,13_24,extreme,11,item_drug_OMEPRAZOLE,drug,0.0074144836704929,0.0141175054964285,0.0007114618445573,True,False
opioid_ed,13_24,extreme,12,item_drug_FLUCONAZOLE,drug,0.0071778098362481,0.0138711438644969,0.0004844758079992,True,False
opioid_ed,13_24,extreme,13,item_drug_MONONESSA,drug,0.0069647173077059,0.0130789966402142,0.0008504379751977,True,False
opioid_ed,13_24,extreme,14,item_drug_NAPROXEN,drug,0.0057009471844687,0.0108472413438634,0.000554653025074,True,False
opioid_ed,13_24,extreme,15,item_drug_METHOCARBAMOL,drug,0.0026493446691444,0.00516066836334,0.0001380209749489,True,False
opioid_ed,13_24,extreme,16,item_drug_LAMOTRIGINE,drug,0.0022841156542318,0.0044112247607086,0.000157006547755,True,False
opioid_ed,13_24,extreme,17,item_drug_KETOCONAZOLE,drug,0.0022840277472399,0.0043757538413548,0.000192301653125,True,False
opioid_ed,13_24,extreme,18,item_drug_VYVANSE,drug,0.0018166282642209,0.0036048783199901,2.8378208451644385e-05,True,False
opioid_ed,13_24,extreme,19,item_drug_CEPHALEXIN,drug,0.0017696039324681,0.0034311310936628,0.0001080767712734,True,False
opioid_ed,13_24,extreme,20,item_drug_IBU,drug,0.0013234418915272,0.0025069999846672,0.0001398837983872,True,False
opioid_ed,13_24,extreme,21,item_drug_AZITHROMYCIN,drug,0.0008908917335395,0.0017360016072289,4.578185985011762e-05,False,False
opioid_ed,13_24,extreme,22,item_drug_PREDNISONE,drug,0.0008853083052478,0.0017370528888061,3.356372168958425e-05,False,False
opioid_ed,13_24,extreme,23,item_drug_MIRTAZAPINE,drug,0.0005827183411544,0.0011586612226768,6.775459632023237e-06,False,False
opioid_ed,13_24,extreme,24,item_drug_LORATADINE,drug,0.0003623022514776,0.0007227492385917,1.8552643635494703e-06,False,False
opioid_ed,13_24,extreme,25,item_drug_ARIPIPRAZOLE,drug,0.0003568350296774,0.0007128019379486,8.681214062078495e-07,False,False
opioid_ed,13_24,extreme,26,item_drug_CEFDINIR,drug,0.0002453358514316,0.0004901330279644,5.38674898921828e-07,False,False
opioid_ed,13_24,extreme,27,item_drug_BENZONATATE,drug,0.0001259680908796,0.0002508028631354,1.133318623894301e-06,False,False
opioid_ed,13_24,extreme,28,item_drug_DIAZEPAM,drug,0.0001175455401841,0.0002350081791737,8.290119448257027e-08,False,False
opioid_ed,13_24,extreme,29,item_drug_MUPIROCIN,drug,6.017498638437781e-05,0.0001197704506658,5.795221029390055e-07,False,False
opioid_ed,13_24,extreme,30,item_drug_TRETINOIN,drug,2.202822286220483e-05,4.404272577112962e-05,1.3719953280038256e-08,False,False
opioid_ed,13_24,extreme,31,item_drug_NUVARING,drug,1.9232236572513205e-05,3.845879149630146e-05,5.681648724947005e-09,False,False
opioid_ed,13_24,extreme,32,item_drug_ORSYTHIA,drug,1.3792947736655974e-05,2.756404589589286e-05,2.1849577419087422e-08,False,False
opioid_ed,13_24,extreme,33,item_drug_HYDROCORTISONE,drug,7.466828981774519e-06,1.493365796354904e-05,0.0,False,False
opioid_ed,13_24,extreme,34,item_drug_PERMETHRIN,drug,1.6283566059280146e-06,3.2542413193515498e-06,2.471892504479389e-09,False,False
opioid_ed,13_24,extreme,35,item_drug_ACYCLOVIR,drug,1.6247545264258946e-09,0.0,3.249509052851789e-09,False,False
opioid_ed,13_24,high,1,pgx_num_drugs,pgx,0.9999999998023008,0.99999999988301,0.9999999997215916,True,False
opioid_ed,13_24,high,2,pgx_num_cpic_drugs,pgx,0.1459595400022804,0.236928081473695,0.0549909985308658,True,False
opioid_ed,13_24,high,3,item_drug_CLONAZEPAM,drug,0.0403343851823781,0.0632406748066576,0.0174280955580987,True,False
opioid_ed,13_24,high,4,item_drug_ALPRAZOLAM,drug,0.0381913220732809,0.0609245198826756,0.0154581242638862,True,False
opioid_ed,13_24,high,5,item_drug_GABAPENTIN,drug,0.0298117137320375,0.0525532982824601,0.007070129181615,True,False
opioid_ed,13_24,high,6,item_drug_METRONIDAZOLE,drug,0.0214555001982195,0.0389417439018789,0.00396925649456,True,False
opioid_ed,13_24,high,7,item_drug_IBUPROFEN,drug,0.0150150120728581,0.0275969785693645,0.0024330455763517,True,False
opioid_ed,13_24,high,8,item_drug_AMOXICILLIN,drug,0.0074253604842421,0.0132302992053217,0.0016204217631626,True,False
opioid_ed,13_24,high,9,item_drug_MELOXICAM,drug,0.0045323062121909,0.0083272403770898,0.0007373720472919,True,False
opioid_ed,13_24,high,10,item_drug_MONONESSA,drug,0.0034705467116139,0.0065174624660237,0.0004236309572041,True,False
opioid_ed,13_24,high,11,item_drug_NAPROXEN,drug,0.0031630161706883,0.0060184451646895,0.0003075871766871,True,False
opioid_ed,13_24,high,12,item_drug_OMEPRAZOLE,drug,0.0031525775098322,0.0060027225493475,0.0003024324703169,True,False
opioid_ed,13_24,high,13,item_drug_FLUCONAZOLE,drug,0.0028929693129415,0.005590718527843,0.0001952200980399,True,False
opioid_ed,13_24,high,14,item_drug_LORAZEPAM,drug,0.0022409395424419,0.0044078407334173,7.403835146665019e-05,True,False
opioid_ed,13_24,high,15,item_drug_KETOCONAZOLE,drug,0.0021861775350572,0.0041886088071177,0.0001837462629967,True,False
opioid_ed,13_24,high,16,item_drug_METHOCARBAMOL,drug,0.0014772265229631,0.0028775747846384,7.687826128787704e-05,True,False
opioid_ed,13_24,high,17,item_drug_VYVANSE,drug,0.001141049479975,0.0022643033539264,1.7795606023686107e-05,True,False
opioid_ed,13_24,high,18,item_drug_IBU,drug,0.0011016517709763,0.0020871874702772,0.0001161160716753,True,False
opioid_ed,13_24,high,19,item_drug_LAMOTRIGINE,drug,0.0010846870220488,0.0020948883062705,7.448573782712126e-05,True,False
opioid_ed,13_24,high,20,item_drug_CEPHALEXIN,drug,0.0008187976168077,0.0015876496168989,4.994561671657639e-05,True,False
opioid_ed,13_24,high,21,item_drug_PREDNISONE,drug,0.0006338863539697,0.0012438315807409,2.3941127198483497e-05,False,False
opioid_ed,13_24,high,22,item_drug_AZITHROMYCIN,drug,0.0005212450181981,0.0010157903793311,2.669965706521574e-05,False,False
opioid_ed,13_24,high,23,item_drug_MIRTAZAPINE,drug,0.0005095099181084,0.0010131314465728,5.88838964403693e-06,False,False
opioid_ed,13_24,high,24,item_drug_ARIPIPRAZOLE,drug,0.0002151377574739,0.0004297553882176,5.201267302530203e-07,False,False
opioid_ed,13_24,high,25,item_drug_LORATADINE,drug,0.0001688606734357,0.000336861666965,8.596799063824747e-07,False,False
opioid_ed,13_24,high,26,item_drug_CEFDINIR,drug,0.0001160454056778,0.0002318380694763,2.527418793377451e-07,False,False
opioid_ed,13_24,high,27,item_drug_BENZONATATE,drug,6.178581895273113e-05,0.0001230255697897,5.460681157027335e-07,False,False
opioid_ed,13_24,high,28,item_drug_MUPIROCIN,drug,5.757080317874907e-05,0.0001146178603396,5.237460178949256e-07,False,False
opioid_ed,13_24,high,29,item_drug_DIAZEPAM,drug,5.571343231164849e-05,0.0001113880620661,3.880255710454293e-08,False,False
opioid_ed,13_24,high,30,item_drug_TRETINOIN,drug,1.4858121155410973e-05,2.9707030661615417e-05,9.211649206529366e-09,False,False
opioid_ed,13_24,high,31,item_drug_ORSYTHIA,drug,1.4755467770267616e-05,2.948995626444161e-05,2.0979276093627327e-08,False,False
opioid_ed,13_24,high,32,item_drug_PERMETHRIN,drug,1.286001803967258e-05,2.5705290701763008e-05,1.4745377582152306e-08,False,False
opioid_ed,13_24,high,33,item_drug_HYDROCORTISONE,drug,7.106272344816995e-06,1.421105053602043e-05,1.4941536135608916e-09,False,False
opioid_ed,13_24,high,34,item_drug_NUVARING,drug,6.268521514399121e-06,1.2535953437852413e-05,1.089590945829593e-09,False,False
opioid_ed,55_64,low,1,pgx_num_drugs,pgx,0.9999999993937784,0.9999999999457077,0.9999999988418496,True,False
opioid_ed,55_64,low,2,pgx_num_cpic_drugs,pgx,0.5979682491578551,0.672143929020718,0.5237925692949922,True,False
opioid_ed,55_64,low,3,item_cpt_99213,cpt,0.1766585017262525,0.2666486004089485,0.0866684030435566,True,False
opioid_ed,55_64,low,4,item_cpt_99214,cpt,0.126459083716578,0.1939891852779385,0.0589289821552174,True,False
opioid_ed,55_64,low,5,item_cpt_36415,cpt,0.1038590639846998,0.1702508074907573,0.0374673204786424,True,False
opioid_ed,55_64,low,6,item_cpt_80061,cpt,0.0904167741921242,0.1505897874107384,0.03024376097351,True,False
opioid_ed,55_64,low,7,item_cpt_85025,cpt,0.0752651618331863,0.1287190604098092,0.0218112632565634,True,False
opioid_ed,55_64,low,8,item_cpt_99396,cpt,0.0736457335985145,0.1122443802031308,0.0350470869938982,True,False
opioid_ed,55_64,low,9,item_icd_Z79891,icd,0.0616339835692248,0.0993548858323187,0.023913081306131,True,False
opioid_ed,55_64,low,10,item_icd_G8929,icd,0.0503410657654442,0.0841967922224727,0.0164853393084157,True,False
opioid_ed,55_64,low,11,item_cpt_93010,cpt,0.0481272819168385,0.081529802668956,0.014724761164721,True,False
opioid_ed,55_64,low,12,item_icd_M545,icd,0.0420672428477163,0.0735127098111426,0.0106217758842901,True,False
opioid_ed,55_64,low,13,item_icd_G894,icd,0.0418567770262839,0.0728869001977765,0.0108266538547913,True,False
opioid_ed,55_64,low,14,item_cpt_99284,cpt,0.0411385004734753,0.0725315353112842,0.0097454656356664,True,False
opioid_ed,55_64,low,15,item_icd_M542,icd,0.0407690743706531,0.0701473599888706,0.0113907887524356,True,False
opioid_ed,55_64,low,16,item_cpt_80048,cpt,0.0349579307237676,0.061910536797177,0.0080053246503583,True,False
opioid_ed,55_64,low,17,item_icd_J449,icd,0.0333251435553283,0.0573054532699429,0.0093448338407137,True,False
opioid_ed,55_64,low,18,item_drug_AMOXICILLIN,drug,0.032850380122477,0.05875761698476,0.0069431432601941,True,False
opioid_ed,55_64,low,19,item_cpt_84153,cpt,0.0314867723900077,0.054285878282997,0.0086876664970184,True,False
opioid_ed,55_64,low,20,item_icd_Z79899,icd,0.0247234740103944,0.0458836272830318,0.0035633207377569,True,False
opioid_ed,55_64,low,21,item_icd_I10,icd,0.0246645100119378,0.0433560204659037,0.0059729995579718,False,False
opioid_ed,55_64,low,22,item_cpt_90471,cpt,0.0222930902785895,0.0373470313292859,0.0072391492278931,False,False
opioid_ed,55_64,low,23,item_drug_PREDNISONE,drug,0.0214125805307105,0.0393565016117134,0.0034686594497076,False,False
opioid_ed,55_64,low,24,item_cpt_99233,cpt,0.0212668357774346,0.0390038761654938,0.0035297953893754,False,False
opioid_ed,55_64,low,25,item_cpt_82570,cpt,0.0211278413433389,0.0387010059539922,0.0035546767326856,False,False
opioid_ed,55_64,low,26,item_cpt_96372,cpt,0.0201667073140663,0.0367358348081395,0.0035975798199931,False,False
opioid_ed,55_64,low,27,item_cpt_83036,cpt,0.0200113741197253,0.036475302340691,0.0035474458987595,False,False
opioid_ed,55_64,low,28,item_cpt_80053,cpt,0.0195669922140699,0.0341515895991111,0.0049823948290288,False,False
opioid_ed,55_64,low,29,item_cpt_99285,cpt,0.0185828947338997,0.0333884153107104,0.003777374157089,False,False
opioid_ed,55_64,low,30,item_cpt_99232,cpt,0.0184909389008607,0.0336727182473526,0.0033091595543687,False,False
opioid_ed,55_64,low,31,item_cpt_76942,cpt,0.0171613512959401,0.0312705771820761,0.0030521254098041,False,False
opioid_ed,55_64,low,32,item_cpt_85027,cpt,0.0166385774497373,0.0306385018337709,0.0026386530657037,False,False
opioid_ed,55_64,low,33,item_cpt_99215,cpt,0.01616818478265,0.0299398568807131,0.0023965126845869,False,False
opioid_ed,55_64,low,34,item_cpt_92014,cpt,0.0158069135069854,0.0286700865887206,0.0029437404252502,False,False
opioid_ed,55_64,low,35,item_drug_AZITHROMYCIN,drug,0.0148793387220068,0.0278844601472711,0.0018742172967426,False,False
opioid_ed,55_64,low,36,item_drug_LISINOPRIL,drug,0.0140959233769289,0.0268755872240591,0.0013162595297986,False,False
opioid_ed,55_64,low,37,item_cpt_87522,cpt,0.0135117300031991,0.0245068524353956,0.0025166075710027,False,False
opioid_ed,55_64,low,38,item_cpt_99205,cpt,0.0134752804377202,0.0252051987283916,0.0017453621470489,False,False
opioid_ed,55_64,low,39,item_cpt_99283,cpt,0.0128819427045546,0.0244115283759423,0.0013523570331668,False,False
opioid_ed,55_64,low,40,item_icd_Z1211,icd,0.0127802620525887,0.0238900127706699,0.0016705113345076,False,False
opioid_ed,55_64,low,41,item_cpt_97110,cpt,0.0127411861465353,0.0237869212522228,0.0016954510408478,False,True
opioid_ed,55_64,low,42,item_cpt_80050,cpt,0.012272675591396,0.0228043145242087,0.0017410366585832,False,False
opioid_ed,55_64,low,43,item_icd_M5416,icd,0.0112786428339873,0.0213116976869084,0.0012455879810662,False,False
opioid_ed,55_64,low,44,item_cpt_99223,cpt,0.0107747633208958,0.0207166402003042,0.0008328864414875,False,False
opioid_ed,55_64,low,45,item_cpt_73502,cpt,0.0104573240902772,0.0199186424358623,0.000996005744692,False,False
opioid_ed,55_64,low,46,item_cpt_90834,cpt,0.0099017536162806,0.0183581657249073,0.0014453415076539,False,False
opioid_ed,55_64,low,47,item_cpt_71020,cpt,0.0096281378585362,0.0183332620705173,0.0009230136465551,False,False
opioid_ed,55_64,low,48,item_cpt_99203,cpt,0.0095534077374697,0.0178183249317295,0.0012884905432098,False,False
opioid_ed,55_64,low,49,item_cpt_99212,cpt,0.0090948609889009,0.017278856697834,0.0009108652799679,False,False
opioid_ed,55_64,low,50,item_icd_R0602,icd,0.0090943463646639,0.0171076241632318,0.0010810685660961,False,False
opioid_ed,55_64,low,51,item_icd_F319,icd,0.00904964071795,0.0170506203913775,0.0010486610445224,False,False
opioid_ed,55_64,low,52,item_icd_E785,icd,0.0088432652962427,0.0169532248563669,0.0007333057361185,False,False
opioid_ed,55_64,low,53,item_cpt_85651,cpt,0.0088210683908635,0.0164160845436395,0.0012260522380875,False,False
opioid_ed,55_64,low,54,item_cpt_88305,cpt,0.0087225433223641,0.0165184323793876,0.0009266542653406,False,False
opioid_ed,55_64,low,55,item_cpt_93306,cpt,0.0086921705581249,0.0165829673624688,0.000801373753781,False,False
opioid_ed,55_64,low,56,item_cpt_83690,cpt,0.0086721443488759,0.0164968928625664,0.0008473958351854,False,False
opioid_ed,55_64,low,57,item_icd_M1712,icd,0.0082614473403462,0.0155753756143428,0.0009475190663496,False,False
opioid_ed,55_64,low,58,item_drug_NAPROXEN,drug,0.0081814234498184,0.0154737969239783,0.0008890499756585,False,False
opioid_ed,55_64,low,59,item_cpt_71260,cpt,0.0081198694000819,0.0152695130587597,0.0009702257414041,False,False
opioid_ed,55_64,low,60,item_cpt_92250,cpt,0.0080241912435952,0.0151958247191284,0.000852557768062,False,False
opioid_ed,55_64,low,61,item_cpt_96361,cpt,0.0080231578784784,0.0151647458850616,0.0008815698718953,False,False
opioid_ed,55_64,low,62,item_icd_R109,icd,0.0079708131170342,0.0153103387405252,0.0006312874935432,False,False
opioid_ed,55_64,low,63,item_cpt_92015,cpt,0.0079330551705631,0.0152924156907351,0.000573694650391,False,False
opioid_ed,55_64,low,64,item_icd_G4733,icd,0.0079078708991325,0.0150477694497444,0.0007679723485206,False,False
opioid_ed,55_64,low,65,item_icd_M25551,icd,0.0077474970700364,0.0148428208744393,0.0006521732656335,False,False
opioid_ed,55_64,low,66,item_icd_M25511,icd,0.0076615360415652,0.0145089927287614,0.0008140793543689,False,False
opioid_ed,55_64,low,67,item_drug_SIMVASTATIN,drug,0.0076526274097655,0.0147903612345714,0.0005148935849596,False,False
opioid_ed,55_64,low,68,item_drug_BENZONATATE,drug,0.0073758604850184,0.0138790973117347,0.0008726236583022,False,False
opioid_ed,55_64,low,69,item_drug_GABAPENTIN,drug,0.0073288781199663,0.0141646144163978,0.0004931418235349,False,False
opioid_ed,55_64,low,70,item_cpt_99221,cpt,0.0072784728524146,0.0140031474914725,0.0005537982133567,False,False
opioid_ed,55_64,low,71,item_cpt_74177,cpt,0.00714175917657,0.0138391164933366,0.0004444018598033,False,False
opioid_ed,55_64,low,72,item_cpt_82728,cpt,0.0069628294290183,0.0133958408261833,0.0005298180318534,False,False
opioid_ed,55_64,low,73,item_drug_HYDROCHLOROTHIAZIDE,drug,0.0069483639880159,0.0136250030745559,0.0002717249014759,False,False
opioid_ed,55_64,low,74,item_cpt_99231,cpt,0.0068916814525398,0.0133501256388728,0.0004332372662069,False,False
opioid_ed,55_64,low,75,item_cpt_97530,cpt,0.0067046417570314,0.0128572638819788,0.000552019632084,False,True
opioid_ed,55_64,low,76,item_cpt_81001,cpt,0.0066109376175884,0.0125918309006817,0.000630044334495,False,False
opioid_ed,55_64,low,77,item_icd_E559,icd,0.0063914376566223,0.0122765016826566,0.000506373630588,False,False
opioid_ed,55_64,low,78,item_cpt_83550,cpt,0.006344999183053,0.012100844001471,0.0005891543646351,False,False
opioid_ed,55_64,low,79,item_cpt_84439,cpt,0.0063164161014682,0.0121878026117361,0.0004450295912004,False,False
opioid_ed,55_64,low,80,item_drug_LORAZEPAM,drug,0.0062398874936181,0.0117901092664555,0.0006896657207807,False,False
opioid_ed,55_64,low,81,item_cpt_84550,cpt,0.0062230590260171,0.0117358125800338,0.0007103054720003,False,False
opioid_ed,55_64,low,82,item_cpt_99204,cpt,0.0060876414645931,0.0117348585908747,0.0004404243383115,False,False
opioid_ed,55_64,low,83,item_cpt_85610,cpt,0.0060721161530978,0.0117585832080909,0.0003856490981046,False,False
opioid_ed,55_64,low,84,item_icd_D649,icd,0.0058986778112571,0.0114189630674246,0.0003783925550897,False,False
opioid_ed,55_64,low,85,item_icd_M5136,icd,0.0057380090144902,0.0111921775596533,0.0002838404693272,False,False
opioid_ed,55_64,low,86,item_cpt_96375,cpt,0.0055485016841321,0.0106711632629526,0.0004258401053116,False,False
opioid_ed,55_64,low,87,item_cpt_72131,cpt,0.0051111668135792,0.0095867240313838,0.0006356095957747,False,False
opioid_ed,55_64,low,88,item_cpt_84443,cpt,0.00506251665391,0.0095287185517675,0.0005963147560525,False,False
opioid_ed,55_64,low,89,item_drug_ATENOLOL,drug,0.0048788238043929,0.0093617820315617,0.0003958655772241,False,False
opioid_ed,55_64,low,90,item_icd_M961,icd,0.0046210827496043,0.0089105576513033,0.0003316078479053,False,False
opioid_ed,55_64,low,91,item_drug_ALPRAZOLAM,drug,0.0045816098988662,0.009013808790152,0.0001494110075804,False,False
opioid_ed,55_64,low,92,item_cpt_83735,cpt,0.0044951519007815,0.0088172924317893,0.0001730113697737,False,False
opioid_ed,55_64,low,93,item_icd_E782,icd,0.004474673790449,0.0087221256474904,0.0002272219334076,False,False
opioid_ed,55_64,low,94,item_icd_Z01419,icd,0.0043898908157694,0.0081457601646112,0.0006340214669275,False,False
opioid_ed,55_64,low,95,item_icd_E039,icd,0.0043774873759096,0.0085836326213407,0.0001713421304784,False,False
opioid_ed,55_64,low,96,item_icd_D485,icd,0.0042764956627571,0.0081136725391784,0.0004393187863358,False,False
opioid_ed,55_64,low,97,item_cpt_43239,cpt,0.0042483014987595,0.0082726624522155,0.0002239405453036,False,False
opioid_ed,55_64,low,98,item_cpt_87340,cpt,0.0042280550879306,0.0082359480367953,0.0002201621390659,False,False
opioid_ed,55_64,low,99,item_cpt_85730,cpt,0.0038856123494336,0.0075688484784265,0.0002023762204406,False,False
opioid_ed,55_64,low,100,item_cpt_84403,cpt,0.003816704023233,0.0074939111271006,0.0001394969193653,False,False
opioid_ed,55_64,low,101,item_drug_IBUPROFEN,drug,0.0037357039999034,0.0073716128949437,9.979510486313487e-05,False,False
opioid_ed,55_64,low,102,item_cpt_62323,cpt,0.0036674918724342,0.0069827394982018,0.0003522442466666,False,False
opioid_ed,55_64,low,103,item_cpt_80076,cpt,0.0036593023611276,0.0070835992984814,0.0002350054237738,False,False
opioid_ed,55_64,low,104,item_icd_M25561,icd,0.0036427229599856,0.0071737498381578,0.0001116960818134,False,False
opioid_ed,55_64,low,105,item_icd_M160,icd,0.0036124274270674,0.0069495748299209,0.000275280024214,False,False
opioid_ed,55_64,low,106,item_icd_F419,icd,0.0035973433159104,0.0070678834614179,0.000126803170403,False,False
opioid_ed,55_64,low,107,item_cpt_20611,cpt,0.0035827216340921,0.006939890346655,0.0002255529215293,False,False
opioid_ed,55_64,low,108,item_cpt_73630,cpt,0.0034919958262981,0.0068608909313144,0.0001231007212819,False,False
opioid_ed,55_64,low,109,item_cpt_99152,cpt,0.0032702916005682,0.0063325622391048,0.0002080209620316,False,False
opioid_ed,55_64,low,110,item_cpt_74176,cpt,0.0031989196840485,0.0062641945954829,0.0001336447726141,False,False
opioid_ed,55_64,low,111,item_cpt_99238,cpt,0.0030786065442296,0.0060285779394205,0.0001286351490387,False,False
opioid_ed,55_64,low,112,item_cpt_82043,cpt,0.0030213763481839,0.0059599947244974,8.275797187044058e-05,False,False
opioid_ed,55_64,low,113,item_cpt_73610,cpt,0.0029460392305249,0.005801682970822,9.039549022774625e-05,False,False
opioid_ed,55_64,low,114,item_cpt_93005,cpt,0.0028361907124792,0.005517226205103,0.0001551552198553,False,False
opioid_ed,55_64,low,115,item_cpt_97112,cpt,0.0028348982918744,0.0055201707109262,0.0001496258728227,False,True
opioid_ed,55_64,low,116,item_icd_M47816,icd,0.0028308212035547,0.0055747696231428,8.687278396661948e-05,False,False
opioid_ed,55_64,low,117,item_cpt_77067,cpt,0.0026400564295344,0.0051339534263852,0.0001461594326837,False,False
opioid_ed,55_64,low,118,item_cpt_97140,cpt,0.0025808004135183,0.0051062345419456,5.536628509098685e-05,False,True
opioid_ed,55_64,low,119,item_icd_E1165,icd,0.0025784760105282,0.0050744067603391,8.254526071731914e-05,False,False
opioid_ed,55_64,low,120,item_cpt_92557,cpt,0.0025357760942378,0.0049068757438787,0.0001646764445968,False,False
opioid_ed,55_64,low,121,item_cpt_92012,cpt,0.0022915470584091,0.0044946946335213,8.839948329682832e-05,False,False
opioid_ed,55_64,low,122,item_icd_I2510,icd,0.0022818535327061,0.0045011353526249,6.257171278746296e-05,False,False
opioid_ed,55_64,low,123,item_icd_B182,icd,0.0022583055308586,0.0044576649019974,5.894615971997322e-05,False,False
opioid_ed,55_64,low,124,item_cpt_87624,cpt,0.0022520609771855,0.0044349443377904,6.917761658061753e-05,False,False
opioid_ed,55_64,low,125,item_cpt_90837,cpt,0.0022457140092963,0.0044135988542849,7.782916430767965e-05,False,False
opioid_ed,55_64,low,126,item_cpt_82962,cpt,0.0022444367238388,0.0044406947405362,4.817870714147517e-05,False,False
opioid_ed,55_64,low,127,item_cpt_86140,cpt,0.0022441691116671,0.004431242939304,5.7095284030240416e-05,False,False
opioid_ed,55_64,low,128,item_cpt_94640,cpt,0.0021657474171715,0.0042936442420944,3.785059224877654e-05,False,False
opioid_ed,55_64,low,129,item_cpt_81003,cpt,0.0021483091065876,0.004037658395466,0.0002589598177093,False,False
opioid_ed,55_64,low,130,item_cpt_82550,cpt,0.0021301324919096,0.0041449556362891,0.0001153093475301,False,False
opioid_ed,55_64,low,131,item_cpt_71010,cpt,0.0020214159725162,0.0039753915776095,6.744036742297039e-05,False,False
opioid_ed,55_64,low,132,item_icd_M4806,icd,0.0020077618276122,0.003977744865738,3.777878948630756e-05,False,False
opioid_ed,55_64,low,133,item_cpt_85652,cpt,0.0019296614710761,0.0038153077024403,4.4015239711960816e-05,False,False
opioid_ed,55_64,low,134,item_cpt_80051,cpt,0.0019215539645007,0.0037564063383628,8.670159063868031e-05,False,False
opioid_ed,55_64,low,135,item_icd_R600,icd,0.0018386665644172,0.0036135444276333,6.378870120126118e-05,False,False
opioid_ed,55_64,low,136,item_cpt_82565,cpt,0.001748559741349,0.0034583746831056,3.874479959252279e-05,False,False
opioid_ed,55_64,low,137,item_drug_CARVEDILOL,drug,0.0017057790408741,0.0033590826327709,5.247544897725342e-05,False,False
opioid_ed,55_64,low,138,item_cpt_80047,cpt,0.0016516925595959,0.0032656766744891,3.770844470280396e-05,False,False
opioid_ed,55_64,low,139,item_cpt_99243,cpt,0.001603798014752,0.0031582385752425,4.935745426164123e-05,False,False
opioid_ed,55_64,low,140,item_icd_J189,icd,0.0015763708022478,0.0031198876558422,3.285394865333532e-05,False,False
opioid_ed,55_64,low,141,item_cpt_93000,cpt,0.0015628139367699,0.0029605413609429,0.0001650865125969,False,False
opioid_ed,55_64,low,142,item_cpt_90791,cpt,0.0015383739632444,0.0030385464392986,3.820148719021965e-05,False,False
opioid_ed,55_64,low,143,item_cpt_99386,cpt,0.0015067045178329,0.0029590930032293,5.431603243647381e-05,False,False
opioid_ed,55_64,low,144,item_cpt_90670,cpt,0.0014805151359952,0.0029291754016019,3.1854870388545766e-05,False,False
opioid_ed,55_64,low,145,item_cpt_94010,cpt,0.001456342161119,0.0028794081534743,3.32761687637788e-05,False,False
opioid_ed,55_64,low,146,item_drug_OMEPRAZOLE,drug,0.0013064847926151,0.0025970786347289,1.589095050134011e-05,False,False
opioid_ed,55_64,low,147,item_cpt_72040,cpt,0.0012971879609792,0.0025595415041695,3.4834417788977146e-05,False,False
opioid_ed,55_64,low,148,item_cpt_90715,cpt,0.0012880321717183,0.0025440378162605,3.202652717614607e-05,False,False
opioid_ed,55_64,low,149,item_icd_J0100,icd,0.0012813686971186,0.0025266266645517,3.6110729685519233e-05,False,False
opioid_ed,55_64,low,150,item_cpt_96376,cpt,0.0012807693278139,0.0025322460325885,2.92926230394181e-05,False,False
opioid_ed,55_64,low,151,item_cpt_77052,cpt,0.0012185997384513,0.0024190936186869,1.810585821579302e-05,False,False
opioid_ed,55_64,low,152,item_icd_N390,icd,0.001155146923454,0.0022892509773044,2.104286960366775e-05,False,False
opioid_ed,55_64,low,153,item_cpt_99202,cpt,0.0011505668818207,0.0022452843393594,5.584942428200369e-05,False,False
opioid_ed,55_64,low,154,item_cpt_11100,cpt,0.00112968133808,0.0022304910459966,2.887163016343772e-05,False,False
opioid_ed,55_64,low,155,item_icd_M47817,icd,0.0011261919776408,0.0022296043510757,2.2779604205920684e-05,False,False
opioid_ed,55_64,low,156,item_icd_R739,icd,0.0011225097758159,0.0022275762625931,1.7443289038822145e-05,False,False
opioid_ed,55_64,low,157,item_cpt_82270,cpt,0.0011224393175181,0.002198428739662,4.644989537421465e-05,False,False
opioid_ed,55_64,low,158,item_cpt_97161,cpt,0.0011054366986584,0.002196665903433,1.4207493883947704e-05,False,True
opioid_ed,55_64,low,159,item_cpt_84481,cpt,0.001103132957483,0.0021950624004325,1.1203514533578958e-05,False,False
opioid_ed,55_64,low,160,item_cpt_86200,cpt,0.0011019800571106,0.002159791712059,4.416840216213569e-05,False,False
opioid_ed,55_64,low,161,item_icd_M25552,icd,0.0010945076733166,0.0021720034266154,1.7011920017895364e-05,False,False
opioid_ed,55_64,low,162,item_cpt_99222,cpt,0.0010857226059024,0.0021236624358354,4.778277596943359e-05,False,False
opioid_ed,55_64,low,163,item_icd_R05,icd,0.0010707569256314,0.0021255872018167,1.5926649446069537e-05,False,False
opioid_ed,55_64,low,164,item_icd_Z1231,icd,0.0010361884019848,0.0020355857049981,3.679109897152273e-05,False,False
opioid_ed,55_64,low,165,item_icd_Z01818,icd,0.0010193383493258,0.0020159958305311,2.268086812053853e-05,False,False
opioid_ed,55_64,low,166,item_cpt_45380,cpt,0.0010052578198013,0.0019915061481827,1.900949141996052e-05,False,False
opioid_ed,55_64,low,167,item_cpt_86038,cpt,0.0009965703587958,0.0019836843536384,9.456363953272e-06,False,False
opioid_ed,55_64,low,168,item_drug_MELOXICAM,drug,0.0009705870994813,0.0019326189632788,8.555235683799781e-06,False,False
opioid_ed,55_64,low,169,item_icd_M549,icd,0.0009702735612485,0.001917651918203,2.2895204294038307e-05,False,False
opioid_ed,55_64,low,170,item_drug_CLOPIDOGREL,drug,0.0009257729623555,0.0018415031389666,1.0042785744394393e-05,False,False
opioid_ed,55_64,low,171,item_icd_I4891,icd,0.0008579254864031,0.0016944335076145,2.141746519165934e-05,False,False
opioid_ed,55_64,low,172,item_drug_LYRICA,drug,0.000816641174596,0.0016255182607181,7.764088474029766e-06,False,False
opioid_ed,55_64,low,173,item_cpt_86706,cpt,0.0008147619808312,0.0016245438822662,4.980079396253202e-06,False,False
opioid_ed,55_64,low,174,item_cpt_82607,cpt,0.0008126079826896,0.0016087225689028,1.6493396476473684e-05,False,False
opioid_ed,55_64,low,175,item_cpt_87086,cpt,0.0007977865483853,0.0015783070928156,1.7266003955066953e-05,False,False
opioid_ed,55_64,low,176,item_icd_Z01810,icd,0.0007954911156982,0.0015839566977905,7.025533606005925e-06,False,False
opioid_ed,55_64,low,177,item_cpt_82306,cpt,0.0007950779978379,0.0015519201054172,3.82358902586405e-05,False,False
opioid_ed,55_64,low,178,item_cpt_87088,cpt,0.000789217442914,0.0015677236379772,1.0711247850854487e-05,False,False
opioid_ed,55_64,low,179,item_cpt_84520,cpt,0.0007870634351686,0.0015597315138664,1.4395356470946757e-05,False,False
opioid_ed,55_64,low,180,item_drug_FLUCONAZOLE,drug,0.0007720988432779,0.0015316319515206,1.2565735035297626e-05,False,False
opioid_ed,55_64,low,181,item_icd_K219,icd,0.0007458093422581,0.0014855339325054,6.084752010925084e-06,False,False
opioid_ed,55_64,low,182,item_icd_M4802,icd,0.0007318399587185,0.0014562166782851,7.463239152026247e-06,False,False
opioid_ed,55_64,low,183,item_icd_J209,icd,0.0007234014585303,0.0014389339288649,7.868988195734438e-06,False,False
opioid_ed,55_64,low,184,item_cpt_71046,cpt,0.0007196376829221,0.0014334017418062,5.8736240380737166e-06,False,False
opioid_ed,55_64,low,185,item_icd_V700,icd,0.0006653302677662,0.0012955405264704,3.5120009062117284e-05,False,False
opioid_ed,55_64,low,186,item_icd_R079,icd,0.0006642091524612,0.0013229918253746,5.426479547764665e-06,False,False
opioid_ed,55_64,low,187,item_drug_FUROSEMIDE,drug,0.000634964396797,0.0012660376387486,3.89115484551094e-06,False,False
opioid_ed,55_64,low,188,item_cpt_99282,cpt,0.0006121343060526,0.0012196797759071,4.588836198156508e-06,False,False
opioid_ed,55_64,low,189,item_drug_CEPHALEXIN,drug,0.000599064518319,0.0011928195570937,5.309479544381792e-06,False,False
opioid_ed,55_64,low,190,item_cpt_84132,cpt,0.0005898775662128,0.0011729191108624,6.836021563294547e-06,False,False
opioid_ed,55_64,low,191,item_cpt_84484,cpt,0.0005583767273288,0.001105356461404,1.1396993253582022e-05,False,False
opioid_ed,55_64,low,192,item_cpt_71275,cpt,0.0005262723786824,0.0010496726569401,2.87210042463562e-06,False,False
opioid_ed,55_64,low,193,item_cpt_99239,cpt,0.0005226234879221,0.0010331558102403,1.2091165603831571e-05,False,False
opioid_ed,55_64,low,194,item_cpt_76705,cpt,0.0005194875347845,0.00103542730787,3.54776169899348e-06,False,False
opioid_ed,55_64,low,195,item_icd_E119,icd,0.0005114596380861,0.001002869867186,2.004940898621873e-05,False,False
opioid_ed,55_64,low,196,item_icd_G4730,icd,0.000436633451054,0.0008669852585654,6.281643542668856e-06,False,False
opioid_ed,55_64,low,197,item_cpt_83605,cpt,0.0004352957323448,0.0008682092981627,2.38216652683163e-06,False,False
opioid_ed,55_64,low,198,item_cpt_96374,cpt,0.0004183842982675,0.000821410463022,1.535813351312714e-05,False,False
opioid_ed,55_64,low,199,item_drug_NYSTATIN,drug,0.0004136728327889,0.000821387187041,5.958478536823378e-06,False,False
opioid_ed,55_64,low,200,item_icd_L570,icd,0.000405005974217,0.0008058411201547,4.17082827933578e-06,False,False
opioid_ed,55_64,low,201,item_icd_M797,icd,0.0004027862383439,0.0008033653825973,2.207094090633552e-06,False,False
opioid_ed,55_64,low,202,item_cpt_20610,cpt,0.0003840688494897,0.0007660314031008,2.106295878705457e-06,False,False
opioid_ed,55_64,low,203,item_cpt_72050,cpt,0.0003836418379012,0.0007614851292816,5.798546520876133e-06,False,False
opioid_ed,55_64,low,204,item_cpt_97001,cpt,0.0003759462369771,0.0007487914245297,3.101049424554638e-06,False,True
opioid_ed,55_64,low,205,item_cpt_72125,cpt,0.0003606142469333,0.0007177534438329,3.4750500337684773e-06,False,False
opioid_ed,55_64,low,206,item_drug_TRULICITY,drug,0.0003555976491433,0.0007043490154822,6.846282804424559e-06,False,False
opioid_ed,55_64,low,207,item_drug_LANSOPRAZOLE,drug,0.0003415392413807,0.0006760282849506,7.050197810743853e-06,False,False
opioid_ed,55_64,low,208,item_icd_J069,icd,0.0003370165565086,0.0006698496681704,4.183444846790048e-06,False,False
opioid_ed,55_64,low,209,item_icd_E7800,icd,0.0003173414689195,0.0006333775431185,1.3053947204417253e-06,False,False
opioid_ed,55_64,low,210,item_cpt_92567,cpt,0.0003045602064529,0.0006049079432295,4.21246967639663e-06,False,False
opioid_ed,55_64,low,211,item_cpt_96365,cpt,0.0003041751034473,0.000607947473447,4.02733447735035e-07,False,False
opioid_ed,55_64,low,212,item_icd_R0789,icd,0.0003020670592603,0.0006024694245072,1.6646940134869604e-06,False,False
opioid_ed,55_64,low,213,item_cpt_45378,cpt,0.000293201395959,0.0005833582437274,3.044548190578998e-06,False,False
opioid_ed,55_64,low,214,item_cpt_93971,cpt,0.0002851627497354,0.0005671639044254,3.1615950455144684e-06,False,False
opioid_ed,55_64,low,215,item_icd_H2513,icd,0.0002728228356234,0.0005447112697633,9.344014835966088e-07,False,False
opioid_ed,55_64,low,216,item_cpt_81002,cpt,0.0002686675192842,0.0005341637474636,3.17129110496152e-06,False,False
opioid_ed,55_64,low,217,item_icd_J441,icd,0.0002595154547678,0.0005174136204526,1.617289082953702e-06,False,False
opioid_ed,55_64,low,218,item_cpt_87077,cpt,0.0002532180732363,0.0005057457968597,6.903496129149355e-07,False,False
opioid_ed,55_64,low,219,item_cpt_82947,cpt,0.0002485838281654,0.0004961401575767,1.027498754242452e-06,False,False
opioid_ed,55_64,low,220,item_icd_M25512,icd,0.0002479880221127,0.000494428569787,1.5474744383765985e-06,False,False
opioid_ed,55_64,low,221,item_cpt_72100,cpt,0.0002354062753057,0.0004678561732409,2.956377370582567e-06,False,False
opioid_ed,55_64,low,222,item_cpt_99199,cpt,0.0002311566210895,0.0004615192223554,7.940198236039464e-07,False,False
opioid_ed,55_64,low,223,item_drug_VALSARTAN,drug,0.0002240428718693,0.0004458951789884,2.1905647502101168e-06,False,False
opioid_ed,55_64,low,224,item_cpt_71045,cpt,0.0002199441808104,0.0004360418199699,3.846541650874731e-06,False,False
opioid_ed,55_64,low,225,item_cpt_00810,cpt,0.0002120453379703,0.0004215653952407,2.52528070004899e-06,False,False
opioid_ed,55_64,low,226,item_icd_E291,icd,0.000211471499325,0.000421616682568,1.326316081967962e-06,False,False
opioid_ed,55_64,low,227,item_cpt_82248,cpt,0.0002074387653043,0.0004141634208993,7.141097092862421e-07,False,False
opioid_ed,55_64,low,228,item_icd_E538,icd,0.0001898463788341,0.0003784974117811,1.1953458871136637e-06,False,False
opioid_ed,55_64,low,229,item_icd_B1920,icd,0.0001864662183565,0.0003726884975088,2.4393920429749134e-07,False,False
opioid_ed,55_64,low,230,item_drug_ASPIRIN,drug,0.0001854327672327,0.0003690381066551,1.8274278104301269e-06,False,False
opioid_ed,55_64,low,231,item_icd_R918,icd,0.0001822902571167,0.0003642117627474,3.687514860117288e-07,False,False
opioid_ed,55_64,low,232,item_cpt_84156,cpt,0.0001785040204445,0.000356774843025,2.3319786397672555e-07,False,False
opioid_ed,55_64,low,233,item_cpt_73562,cpt,0.0001784292524142,0.0003562421338656,6.163709629029177e-07,False,False
opioid_ed,55_64,low,234,item_cpt_84154,cpt,0.0001730405923538,0.0003443703081602,1.7108765473574955e-06,False,False
opioid_ed,55_64,low,235,item_cpt_93016,cpt,0.0001714486673824,0.0003426736548693,2.236798955513981e-07,False,False
opioid_ed,55_64,low,236,item_drug_GLIPIZIDE,drug,0.0001685471681963,0.0003357868377252,1.3074986674095933e-06,False,False
opioid_ed,55_64,low,237,item_cpt_73564,cpt,0.0001641118637755,0.0003276555946824,5.681328686495595e-07,False,False
opioid_ed,55_64,low,238,item_cpt_77063,cpt,0.0001576048217557,0.0003142095651149,1.0000783964772996e-06,False,False
opioid_ed,55_64,low,239,item_cpt_72148,cpt,0.000152917354702,0.0003046428288177,1.1918805864502972e-06,False,False
opioid_ed,55_64,low,240,item_cpt_82274,cpt,0.000147138558338,0.000293766170207,5.109464690803555e-07,False,False
opioid_ed,55_64,low,241,item_cpt_92134,cpt,0.000145751273404,0.0002908906637126,6.118830954039749e-07,False,False
opioid_ed,55_64,low,242,item_cpt_74022,cpt,0.0001440699677583,0.00028795319064,1.8674487667186282e-07,False,False
opioid_ed,55_64,low,243,item_cpt_93018,cpt,0.0001431559035118,0.0002856066181748,7.051888487958014e-07,False,False
opioid_ed,55_64,low,244,item_cpt_86803,cpt,0.0001423136470483,0.0002840293047661,5.979893304772479e-07,False,False
opioid_ed,55_64,low,245,item_cpt_87081,cpt,0.0001395357566448,0.0002787892490675,2.8226422206200626e-07,False,False
opioid_ed,55_64,low,246,item_cpt_52000,cpt,0.0001352396574825,0.0002702057412401,2.7357372496582613e-07,False,False
opioid_ed,55_64,low,247,item_cpt_84436,cpt,0.0001336481840833,0.000266928410726,3.679574406324341e-07,False,False
opioid_ed,55_64,low,248,item_icd_R4182,icd,0.000127836581222,0.0002552272481268,4.459143172759444e-07,False,False
opioid_ed,55_64,low,249,item_cpt_87880,cpt,0.0001211689066713,0.0002415584051107,7.794082318737422e-07,False,False
opioid_ed,55_64,low,250,item_cpt_70450,cpt,0.0001148509264989,0.0002281172350512,1.5846179465642422e-06,False,False
opioid_ed,55_64,low,251,item_icd_Z125,icd,0.0001104957861772,0.0002201951228536,7.964495008223212e-07,False,False
opioid_ed,55_64,low,252,item_icd_J439,icd,0.0001069806532617,0.0002135061216339,4.551848895546914e-07,False,False
opioid_ed,55_64,low,253,item_cpt_83615,cpt,0.0001060348310117,0.0002114606546894,6.090073340216031e-07,False,False
opioid_ed,55_64,low,254,item_cpt_99291,cpt,0.0001047928335424,0.0002092955113317,2.9015575319478205e-07,False,False
opioid_ed,55_64,low,255,item_cpt_72110,cpt,0.000104745825991,0.0002088117083557,6.799436264532168e-07,False,False
opioid_ed,55_64,low,256,item_cpt_83540,cpt,9.518116033810008e-05,0.0001902415288597,1.2079181645155457e-07,False,False
opioid_ed,55_64,low,257,item_cpt_71250,cpt,9.446240215060468e-05,0.0001886625021342,2.623021669730705e-07,False,False
opioid_ed,55_64,low,258,item_icd_L821,icd,9.37979976235634e-05,0.0001874770693754,1.189258716960979e-07,False,False
opioid_ed,55_64,low,259,item_cpt_87902,cpt,8.273830667255301e-05,0.0001653726074622,1.040058828111154e-07,False,False
opioid_ed,55_64,low,260,item_cpt_45385,cpt,8.247624821662372e-05,0.0001646594099866,2.930864466293863e-07,False,False
opioid_ed,55_64,low,261,item_cpt_99244,cpt,7.969792952291207e-05,0.0001591733658176,2.2249322814436323e-07,False,False
opioid_ed,55_64,low,262,item_cpt_90472,cpt,7.802262157238043e-05,0.000155527145705,5.180974396851414e-07,False,False
opioid_ed,55_64,low,263,item_drug_MUPIROCIN,drug,7.557411112498441e-05,0.0001510538811686,9.434108128880893e-08,False,False
opioid_ed,55_64,low,264,item_icd_R51,icd,7.543210806250628e-05,0.0001507700666118,9.414951317689764e-08,False,False
opioid_ed,55_64,low,265,item_cpt_85379,cpt,7.073268145292038e-05,0.0001412670423671,1.9832053867538205e-07,False,False
opioid_ed,55_64,low,266,item_cpt_88175,cpt,5.472901278277112e-05,0.0001093918053998,6.622016570899557e-08,False,False
opioid_ed,55_64,low,267,item_icd_R350,icd,5.113449460231375e-05,0.0001019975615499,2.714276547087322e-07,False,False
opioid_ed,55_64,low,268,item_drug_SHINGRIX,drug,4.803332626340429e-05,9.588961104881568e-05,1.7704147799290098e-07,False,False
opioid_ed,55_64,low,269,item_drug_LEVETIRACETAM,drug,3.673610291307554e-05,7.343025885364915e-05,4.19469725019264e-08,False,False
opioid_ed,55_64,low,270,item_cpt_17000,cpt,3.4937952843031684e-05,6.977409724081342e-05,1.0180844524994097e-07,False,False
opioid_ed,55_64,low,271,item_icd_Z86010,icd,3.0796973531722706e-05,6.156001222661245e-05,3.3934836832967065e-08,False,False
opioid_ed,55_64,low,272,item_cpt_88342,cpt,3.0102080206696496e-05,6.014326748919708e-05,6.089292419591295e-08,False,False
opioid_ed,55_64,low,273,item_icd_J9601,icd,2.9263924215853687e-05,5.846865099728706e-05,5.9197434420313065e-08,False,False
opioid_ed,55_64,low,274,item_cpt_92004,cpt,2.854677219610506e-05,5.700896826712714e-05,8.457612508298074e-08,False,False
opioid_ed,55_64,low,275,item_cpt_72170,cpt,2.588041079782894e-05,5.170846860602892e-05,5.235298962895938e-08,False,False
opioid_ed,55_64,low,276,item_icd_Z131,icd,2.1880849726504692e-05,4.371743709922556e-05,4.426235378383618e-08,False,False
opioid_ed,55_64,low,277,item_icd_J029,icd,2.107964105617616e-05,4.213845636628591e-05,2.082574606641283e-08,False,False
opioid_ed,55_64,low,278,item_cpt_87804,cpt,1.6389260302910884e-05,3.274536708359342e-05,3.315352222834837e-08,False,False
opioid_ed,55_64,low,279,item_icd_N179,icd,1.633828580621939e-05,3.264352120554803e-05,3.305040689074889e-08,False,False
opioid_ed,55_64,low,280,item_cpt_73560,cpt,1.405947365560853e-05,2.8090506669983405e-05,2.8440641233656425e-08,False,False
opioid_ed,55_64,low,281,item_cpt_64495,cpt,1.2705047866452976e-05,2.5384394933780936e-05,2.5700799125014e-08,False,False
opioid_ed,55_64,low,282,item_drug_TORSEMIDE,drug,1.0790900034782509e-05,2.155997136359813e-05,2.1828705966888945e-08,False,False
opioid_ed,55_64,low,283,item_cpt_00811,cpt,8.076891417933586e-06,1.6137444246192514e-05,1.6338589674657712e-08,False,False
opioid_ed,55_64,low,284,item_drug_JARDIANCE,drug,7.379655485668817e-06,1.4756967082797062e-05,2.343888540573369e-09,False,False
opioid_ed,55_64,low,285,item_cpt_97035,cpt,6.892830710218424e-06,1.3759470071684804e-05,2.6191348752044186e-08,False,True
opioid_ed,55_64,medium,1,pgx_num_drugs,pgx,0.999999999392345,0.9999999999428404,0.9999999988418496,True,False
opioid_ed,55_64,medium,2,pgx_num_cpic_drugs,pgx,0.7258943443674803,0.8159373622823817,0.6358513264525789,True,False
opioid_ed,55_64,medium,3,item_cpt_99396,cpt,0.1449830144912618,0.2209675217175208,0.0689985072650029,True,False
opioid_ed,55_64,medium,4,item_cpt_99213,cpt,0.1391612127221272,0.2100405165284967,0.0682819089157577,True,False
opioid_ed,55_64,medium,5,item_cpt_80061,cpt,0.1148616485569078,0.1912980276959511,0.0384252694178645,True,False
opioid_ed,55_64,medium,6,item_cpt_99214,cpt,0.1117580061951294,0.1714285952923614,0.0520874170978974,True,False
opioid_ed,55_64,medium,7,item_icd_Z79891,icd,0.0906698436190846,0.1461559546591622,0.0351837325790071,True,False
opioid_ed,55_64,medium,8,item_cpt_36415,cpt,0.087856149619428,0.1440107049569851,0.0317015942818708,True,False
opioid_ed,55_64,medium,9,item_cpt_85025,cpt,0.0770376069372339,0.1317449112365848,0.022330302637883,True,False
opioid_ed,55_64,medium,10,item_icd_G8929,icd,0.0688461235476253,0.1151420435192302,0.0225502035760204,True,False
opioid_ed,55_64,medium,11,item_cpt_93010,cpt,0.0634999035803749,0.1075668757919974,0.0194329313687524,True,False
opioid_ed,55_64,medium,12,item_icd_G894,icd,0.0541133426203064,0.0942255074719042,0.0140011777687085,True,False
opioid_ed,55_64,medium,13,item_icd_M545,icd,0.0532317063230396,0.0930184345145219,0.0134449781315572,True,False
opioid_ed,55_64,medium,14,item_cpt_99284,cpt,0.0531552750862864,0.09371449025113,0.0125960599214429,True,False
opioid_ed,55_64,medium,15,item_icd_M542,icd,0.0523485941564546,0.0900664659107377,0.0146307224021714,True,False
opioid_ed,55_64,medium,16,item_cpt_84153,cpt,0.0511549128451249,0.0881918872492013,0.0141179384410486,True,False
opioid_ed,55_64,medium,17,item_drug_AMOXICILLIN,drug,0.0424838680987845,0.0759849430391826,0.0089827931583864,True,False
opioid_ed,55_64,medium,18,item_cpt_90471,cpt,0.0421692727163304,0.0706417592405058,0.0136967861921551,True,False
opioid_ed,55_64,medium,19,item_icd_J449,icd,0.0410461305062896,0.0705774129373005,0.0115148480752788,True,False
opioid_ed,55_64,medium,20,item_cpt_80048,cpt,0.0400083191371907,0.0708505265630836,0.0091661117112978,True,False
opioid_ed,55_64,medium,21,item_drug_PREDNISONE,drug,0.0370415221884066,0.0680806725972349,0.0060023717795784,False,False
opioid_ed,55_64,medium,22,item_icd_Z79899,icd,0.0338556141872203,0.062829386915469,0.0048818414589716,False,False
opioid_ed,55_64,medium,23,item_icd_I10,icd,0.0329863413521274,0.0579803423866327,0.007992340317622,False,False
opioid_ed,55_64,medium,24,item_cpt_82570,cpt,0.0296361119457081,0.0542833692062116,0.0049888546852047,False,False
opioid_ed,55_64,medium,25,item_cpt_85027,cpt,0.0291122120772812,0.0536056938739882,0.0046187302805743,False,False
opioid_ed,55_64,medium,26,item_cpt_96372,cpt,0.0288273151811606,0.0525092552821399,0.0051453750801814,False,False
opioid_ed,55_64,medium,27,item_cpt_80053,cpt,0.0275499449161502,0.0480806678119781,0.0070192220203223,False,False
opioid_ed,55_64,medium,28,item_drug_AZITHROMYCIN,drug,0.0271204663461205,0.0508233755972654,0.0034175570949757,False,False
opioid_ed,55_64,medium,29,item_cpt_99233,cpt,0.0267339418710664,0.0490277304120754,0.0044401533300574,False,False
opioid_ed,55_64,medium,30,item_cpt_83036,cpt,0.0261436102058922,0.0476496476952533,0.0046375727165312,False,False
opioid_ed,55_64,medium,31,item_cpt_99285,cpt,0.0256660150944736,0.0461115146357817,0.0052205155531656,False,False
opioid_ed,55_64,medium,32,item_cpt_99232,cpt,0.0254066503544749,0.0462635416427023,0.0045497590662476,False,False
opioid_ed,55_64,medium,33,item_cpt_80050,cpt,0.0253683095021727,0.0471365564248647,0.0036000625794807,False,False
opioid_ed,55_64,medium,34,item_cpt_76942,cpt,0.0249135348238586,0.0453934414640342,0.0044336281836829,False,False
opioid_ed,55_64,medium,35,item_drug_LISINOPRIL,drug,0.0234375576741076,0.044685307280572,0.0021898080676433,False,False
opioid_ed,55_64,medium,36,item_cpt_92014,cpt,0.0232120717195201,0.0420984346213078,0.0043257088177324,False,False
opioid_ed,55_64,medium,37,item_cpt_99215,cpt,0.0217863020424972,0.0403408440242477,0.0032317600607467,False,False
opioid_ed,55_64,medium,38,item_cpt_97110,cpt,0.0208040114060953,0.0388378321565403,0.0027701906556504,False,True
opioid_ed,55_64,medium,39,item_icd_Z1211,icd,0.0204047997927341,0.0381406298107196,0.0026689697747486,False,False
opioid_ed,55_64,medium,40,item_cpt_99205,cpt,0.0198329047350427,0.0370949683368081,0.0025708411332774,False,False
opioid_ed,55_64,medium,41,item_cpt_87522,cpt,0.0171986794864302,0.0311906960303787,0.0032066629424817,False,False
opioid_ed,55_64,medium,42,item_cpt_99283,cpt,0.0161912262232391,0.0306807866127582,0.0017016658337201,False,False
opioid_ed,55_64,medium,43,item_icd_M5416,icd,0.0156023779349551,0.0294798191419791,0.0017249367279312,False,False
opioid_ed,55_64,medium,44,item_cpt_99212,cpt,0.0149402847559708,0.0283828890067178,0.0014976805052238,False,False
opioid_ed,55_64,medium,45,item_cpt_88305,cpt,0.013088016194394,0.0247839577477432,0.0013920746410448,False,False
opioid_ed,55_64,medium,46,item_drug_BENZONATATE,drug,0.0129249949098058,0.0243193525734356,0.0015306372461759,False,False
opioid_ed,55_64,medium,47,item_cpt_93306,cpt,0.0128145734843414,0.0244462542436176,0.0011828927250652,False,False
opioid_ed,55_64,medium,48,item_icd_E785,icd,0.0124914520755852,0.0239457178315739,0.0010371863195965,False,False
opioid_ed,55_64,medium,49,item_cpt_92250,cpt,0.0123597697491273,0.0234047300081197,0.0013148094901348,False,False
opioid_ed,55_64,medium,50,item_cpt_99223,cpt,0.0123558936924384,0.0237551834991694,0.0009566038857073,False,False
opioid_ed,55_64,medium,51,item_cpt_73502,cpt,0.0122376340261093,0.0233078714274069,0.0011673966248118,False,False
opioid_ed,55_64,medium,52,item_cpt_90834,cpt,0.0121488432607429,0.0225216206473416,0.0017760658741442,False,False
opioid_ed,55_64,medium,53,item_cpt_83690,cpt,0.0119566498372924,0.0227433101434761,0.0011699895311087,False,False
opioid_ed,55_64,medium,54,item_drug_NAPROXEN,drug,0.0118066487574879,0.0223285458604259,0.0012847516545499,False,False
opioid_ed,55_64,medium,55,item_cpt_99203,cpt,0.011608459880414,0.0216487271646212,0.0015681925962067,False,False
opioid_ed,55_64,medium,56,item_cpt_84550,cpt,0.0114683371419683,0.0216263233773355,0.0013103509066011,False,False
opioid_ed,55_64,medium,57,item_cpt_71260,cpt,0.0114531072634704,0.0215357255074616,0.0013704890194792,False,False
opioid_ed,55_64,medium,58,item_cpt_85651,cpt,0.0112186609079472,0.0208755000884302,0.0015618217274642,False,False
opioid_ed,55_64,medium,59,item_icd_M1712,icd,0.0111952484402076,0.0211045222212574,0.0012859746591578,False,False
opioid_ed,55_64,medium,60,item_icd_G4733,icd,0.0111140871080655,0.0211472168181239,0.0010809573980071,False,False
opioid_ed,55_64,medium,61,item_cpt_92015,cpt,0.0110769390272672,0.0213516233403387,0.0008022547141957,False,False
opioid_ed,55_64,medium,62,item_drug_SIMVASTATIN,drug,0.01106437827963,0.0213832270923473,0.0007455294669127,False,False
opioid_ed,55_64,medium,63,item_icd_M25511,icd,0.0110334701164346,0.0208928478611463,0.0011740923717228,False,False
opioid_ed,55_64,medium,64,item_cpt_82728,cpt,0.0109041163939458,0.0209773867384688,0.0008308460494229,False,False
opioid_ed,55_64,medium,65,item_cpt_96361,cpt,0.0106427069344178,0.0201140861623257,0.0011713277065099,False,False
opioid_ed,55_64,medium,66,item_cpt_84439,cpt,0.0105721623810135,0.0203984928393807,0.0007458319226463,False,False
opioid_ed,55_64,medium,67,item_icd_M25551,icd,0.0105582588304354,0.020226301081555,0.0008902165793157,False,False
opioid_ed,55_64,medium,68,item_cpt_71020,cpt,0.0105471486506355,0.0200812580669551,0.001013039234316,False,False
opioid_ed,55_64,medium,69,item_cpt_81001,cpt,0.0104363134950316,0.0198766084577297,0.0009960185323335,False,False
opioid_ed,55_64,medium,70,item_icd_R0602,icd,0.0103605890616079,0.0194872532349621,0.0012339248882537,False,False
opioid_ed,55_64,medium,71,item_cpt_83550,cpt,0.0103475197579469,0.0197329242653501,0.0009621152505437,False,False
opioid_ed,55_64,medium,72,item_icd_F319,icd,0.0099606517704358,0.0187647489726317,0.0011565545682399,False,False
opioid_ed,55_64,medium,73,item_icd_E559,icd,0.0099061083115686,0.0190261961303497,0.0007860204927875,False,False
opioid_ed,55_64,medium,74,item_drug_HYDROCHLOROTHIAZIDE,drug,0.0097251565359341,0.0190693550575752,0.000380958014293,False,False
opioid_ed,55_64,medium,75,item_cpt_84443,cpt,0.0094466014678201,0.017779118885456,0.0011140840501842,False,False
opioid_ed,55_64,medium,76,item_icd_R109,icd,0.0092786585601924,0.0178209199667143,0.0007363971536706,False,False
opioid_ed,55_64,medium,77,item_cpt_96375,cpt,0.0092756228391349,0.0178383021523506,0.0007129435259191,False,False
opioid_ed,55_64,medium,78,item_cpt_97530,cpt,0.0089668778886959,0.0171940437181214,0.0007397120592703,False,True
opioid_ed,55_64,medium,79,item_cpt_99204,cpt,0.0087307305580458,0.0168286354946555,0.0006328256214361,False,False
opioid_ed,55_64,medium,80,item_drug_LORAZEPAM,drug,0.008612045300799,0.0162703604261745,0.0009537301754235,False,False
opioid_ed,55_64,medium,81,item_cpt_74177,cpt,0.008451399131503,0.0163757185100435,0.0005270797529624,False,False
opioid_ed,55_64,medium,82,item_icd_Z01419,icd,0.0082644810484439,0.0153336843043562,0.0011952777925316,False,False
opioid_ed,55_64,medium,83,item_cpt_99221,cpt,0.0078260674006416,0.0150551256271613,0.0005970091741219,False,False
opioid_ed,55_64,medium,84,item_icd_D649,icd,0.0076920930075229,0.0148896092436594,0.0004945767713865,False,False
opioid_ed,55_64,medium,85,item_icd_D485,icd,0.0074932883500764,0.014215473072822,0.0007711036273308,False,False
opioid_ed,55_64,medium,86,item_icd_E782,icd,0.007473315566437,0.0145664434898641,0.00038018764301,False,False
opioid_ed,55_64,medium,87,item_icd_M5136,icd,0.0073390359752706,0.0143141463859315,0.0003639255646096,False,False
opioid_ed,55_64,medium,88,item_cpt_85610,cpt,0.0070538012961274,0.0136583773180309,0.0004492252742238,False,False
opioid_ed,55_64,medium,89,item_cpt_72131,cpt,0.0070340649486857,0.0131912628072782,0.0008768670900932,False,False
opioid_ed,55_64,medium,90,item_drug_GABAPENTIN,drug,0.0069914408763839,0.0135109894046098,0.000471892348158,False,False
opioid_ed,55_64,medium,91,item_icd_E039,icd,0.0067134955734772,0.0131636217884497,0.0002633693585048,False,False
opioid_ed,55_64,medium,92,item_cpt_99231,cpt,0.0067013120615693,0.0129800079919173,0.0004226161312214,False,False
opioid_ed,55_64,medium,93,item_cpt_83735,cpt,0.0065065880959848,0.0127621301538027,0.0002510460381669,False,False
opioid_ed,55_64,medium,94,item_cpt_43239,cpt,0.006134694061727,0.011945155225731,0.0003242328977231,False,False
opioid_ed,55_64,medium,95,item_drug_ATENOLOL,drug,0.0060208719847712,0.0115516993740393,0.0004900445955031,False,False
opioid_ed,55_64,medium,96,item_cpt_87340,cpt,0.0059519674823676,0.0115931404619838,0.0003107945027514,False,False
opioid_ed,55_64,medium,97,item_icd_M961,icd,0.005788461545361,0.0111602223262735,0.0004167007644485,False,False
opioid_ed,55_64,medium,98,item_cpt_80076,cpt,0.0057338908455698,0.0110985832338042,0.0003691984573353,False,False
opioid_ed,55_64,medium,99,item_cpt_81003,cpt,0.0055781357986414,0.010483434957219,0.0006728366400638,False,False
opioid_ed,55_64,medium,100,item_cpt_85730,cpt,0.0055139391459442,0.0107398333002337,0.0002880449916548,False,False
opioid_ed,55_64,medium,101,item_drug_ALPRAZOLAM,drug,0.0054651939617996,0.010751552424948,0.0001788354986513,False,False
opioid_ed,55_64,medium,102,item_cpt_84403,cpt,0.005438152859078,0.0106769505223888,0.0001993551957672,False,False
opioid_ed,55_64,medium,103,item_drug_IBUPROFEN,drug,0.0053500490779192,0.0105567488769202,0.0001433492789182,False,False
opioid_ed,55_64,medium,104,item_cpt_77067,cpt,0.0051358798742388,0.0099868269264509,0.0002849328220268,False,False
opioid_ed,55_64,medium,105,item_cpt_80051,cpt,0.0047805292315535,0.0093451338411857,0.0002159246219213,False,False
opioid_ed,55_64,medium,106,item_icd_F419,icd,0.0046892780495781,0.0092126427561715,0.0001659133429846,False,False
opioid_ed,55_64,medium,107,item_cpt_99152,cpt,0.0045677008153445,0.0088437817697149,0.000291619860974,False,False
opioid_ed,55_64,medium,108,item_cpt_62323,cpt,0.0045511081388367,0.0086633118130973,0.0004389044645761,False,False
opioid_ed,55_64,medium,109,item_icd_E1165,icd,0.0043711412449328,0.0086019190414769,0.0001403634483887,False,False
opioid_ed,55_64,medium,110,item_cpt_82043,cpt,0.0043619310097913,0.0086039475122768,0.0001199145073058,False,False
opioid_ed,55_64,medium,111,item_icd_M25561,icd,0.0042552706165491,0.0083794814304236,0.0001310598026747,False,False
opioid_ed,55_64,medium,112,item_cpt_73630,cpt,0.0042231638858684,0.008296795359367,0.0001495324123698,False,False
opioid_ed,55_64,medium,113,item_cpt_20611,cpt,0.0041697621084389,0.0080757921691299,0.0002637320477479,False,False
opioid_ed,55_64,medium,114,item_cpt_87624,cpt,0.0041561847277552,0.0081843390005542,0.0001280304549562,False,False
opioid_ed,55_64,medium,115,item_cpt_74176,cpt,0.004080682115013,0.0079901286482886,0.0001712355817374,False,False
opioid_ed,55_64,medium,116,item_cpt_82550,cpt,0.0040694460873624,0.0079179950795462,0.0002208970951787,False,False
opioid_ed,55_64,medium,117,item_icd_M160,icd,0.0039644532904931,0.0076252610859675,0.0003036454950188,False,False
opioid_ed,55_64,medium,118,item_cpt_92557,cpt,0.0039352090088836,0.0076138753516713,0.0002565426660959,False,False
opioid_ed,55_64,medium,119,item_cpt_97112,cpt,0.003919219891405,0.007630688320761,0.0002077514620489,False,True
opioid_ed,55_64,medium,120,item_cpt_73610,cpt,0.0037676094753783,0.0074190683867577,0.0001161505639988,False,False
opioid_ed,55_64,medium,121,item_cpt_99238,cpt,0.0036691223141143,0.0071841449262473,0.0001540997019813,False,False
opioid_ed,55_64,medium,122,item_cpt_85652,cpt,0.0033987917801918,0.0067197700866448,7.781347373888664e-05,False,False
opioid_ed,55_64,medium,123,item_cpt_82565,cpt,0.0033136258649431,0.006553579173298,7.367255658817715e-05,False,False
opioid_ed,55_64,medium,124,item_icd_M47816,icd,0.0032225053381573,0.0063455255527188,9.94851235957836e-05,False,False
opioid_ed,55_64,medium,125,item_cpt_97140,cpt,0.0032151212228435,0.0063608848505024,6.935759518469783e-05,False,True
opioid_ed,55_64,medium,126,item_cpt_93000,cpt,0.0030994620824169,0.0058704048516815,0.0003285193131522,False,False
opioid_ed,55_64,medium,127,item_cpt_99386,cpt,0.0030690733389991,0.0060271529268502,0.0001109937511479,False,False
opioid_ed,55_64,medium,128,item_cpt_92012,cpt,0.0029689255365385,0.0058226349592477,0.0001152161138294,False,False
opioid_ed,55_64,medium,129,item_cpt_93005,cpt,0.0029659433704511,0.0057685030697205,0.0001633836711817,False,False
opioid_ed,55_64,medium,130,item_cpt_82962,cpt,0.0029659364370243,0.0058678397467807,6.403312726793591e-05,False,False
opioid_ed,55_64,medium,131,item_icd_B182,icd,0.002822597999426,0.0055710507946161,7.414520423596037e-05,False,False
opioid_ed,55_64,medium,132,item_cpt_86140,cpt,0.0026800824217379,0.0052915069560575,6.865788741828345e-05,False,False
opioid_ed,55_64,medium,133,item_cpt_77052,cpt,0.002671389811936,0.0053029664279673,3.9813195904749406e-05,False,False
opioid_ed,55_64,medium,134,item_cpt_90837,cpt,0.002636509448932,0.0051809869341626,9.203196370147732e-05,False,False
opioid_ed,55_64,medium,135,item_cpt_90670,cpt,0.002610884023877,0.0051653215200306,5.6446527723520605e-05,False,False
opioid_ed,55_64,medium,136,item_icd_I2510,icd,0.0026018708402477,0.005131868287118,7.187339337744152e-05,False,False
opioid_ed,55_64,medium,137,item_icd_M4806,icd,0.0025309040593583,0.0050138549433791,4.795317533762169e-05,False,False
opioid_ed,55_64,medium,138,item_icd_R600,icd,0.002475215568448,0.0048639625137623,8.646862313369147e-05,False,False
opioid_ed,55_64,medium,139,item_cpt_90715,cpt,0.0024650850448105,0.0048686009360877,6.156915353325576e-05,False,False
opioid_ed,55_64,medium,140,item_cpt_99243,cpt,0.0024493929009245,0.00482293700454,7.584879730911703e-05,False,False
opioid_ed,55_64,medium,141,item_cpt_71010,cpt,0.0024182605635481,0.0047552151233511,8.130600374505964e-05,False,False
opioid_ed,55_64,medium,142,item_drug_CARVEDILOL,drug,0.0023959153052733,0.0047176167809848,7.421382956191194e-05,False,False
opioid_ed,55_64,medium,143,item_cpt_94640,cpt,0.0021842737819563,0.0043300233593936,3.852420451903189e-05,False,False
opioid_ed,55_64,medium,144,item_cpt_99202,cpt,0.0021324673807996,0.0041608474303009,0.0001040873312984,False,False
opioid_ed,55_64,medium,145,item_cpt_11100,cpt,0.0019964841309635,0.0039416212951943,5.1346966732747246e-05,False,False
opioid_ed,55_64,medium,146,item_cpt_80047,cpt,0.001967232001385,0.0038891295718146,4.5334430955498565e-05,False,False
opioid_ed,55_64,medium,147,item_cpt_96376,cpt,0.0019372539111501,0.0038298535303719,4.465429192831994e-05,False,False
opioid_ed,55_64,medium,148,item_cpt_45380,cpt,0.001893958298587,0.0037518880699448,3.602852722929516e-05,False,False
opioid_ed,55_64,medium,149,item_cpt_94010,cpt,0.0018865245688927,0.0037295457866015,4.3503351183865286e-05,False,False
opioid_ed,55_64,medium,150,item_icd_J0100,icd,0.0018442118007881,0.003635998259647,5.242534192927586e-05,False,False
opioid_ed,55_64,medium,151,item_cpt_90791,cpt,0.0018289730728696,0.0036120667278546,4.587941788462318e-05,False,False
opioid_ed,55_64,medium,152,item_icd_J189,icd,0.0017377845606692,0.003438948871975,3.662024936343501e-05,False,False
opioid_ed,55_64,medium,153,item_cpt_84520,cpt,0.0017263023845513,0.0034208808380599,3.1723931042769744e-05,False,False
opioid_ed,55_64,medium,154,item_icd_Z1231,icd,0.0016561808485135,0.0032530423146362,5.931938239086251e-05,False,False
opioid_ed,55_64,medium,155,item_cpt_72040,cpt,0.0016465582000744,0.0032484217699448,4.469463020418407e-05,False,False
opioid_ed,55_64,medium,156,item_cpt_86200,cpt,0.0016442089919413,0.0032218881424131,6.65298414695716e-05,False,False
opioid_ed,55_64,medium,157,item_icd_V700,icd,0.0016407467234689,0.0031946072084222,8.6886238515571e-05,False,False
opioid_ed,55_64,medium,158,item_icd_M47817,icd,0.001638449546423,0.0032434411251618,3.3457967684138e-05,False,False
opioid_ed,55_64,medium,159,item_icd_N390,icd,0.0016193914568535,0.003208989688755,2.9793224952146223e-05,False,False
opioid_ed,55_64,medium,160,item_cpt_82306,cpt,0.0015916944525827,0.0031063503781192,7.70385270462919e-05,False,False
opioid_ed,55_64,medium,161,item_cpt_82270,cpt,0.0015795072181633,0.0030929628064267,6.605162990001295e-05,False,False
opioid_ed,55_64,medium,162,item_drug_FLUCONAZOLE,drug,0.0015361794269633,0.0030471920361853,2.5166817741262345e-05,False,False
opioid_ed,55_64,medium,163,item_cpt_97161,cpt,0.0015062294371888,0.0029928937870361,1.9565087341491824e-05,False,True
opioid_ed,55_64,medium,164,item_icd_R05,icd,0.001494037058505,0.0029656143936945,2.2459723315485452e-05,False,False
opioid_ed,55_64,medium,165,item_drug_CLOPIDOGREL,drug,0.0014870585172321,0.0029578384008294,1.627863363482515e-05,False,False
opioid_ed,55_64,medium,166,item_cpt_84481,cpt,0.0014808314430666,0.0029464623985559,1.5200487577355864e-05,False,False
opioid_ed,55_64,medium,167,item_icd_M25552,icd,0.0014728852458059,0.0029226212922027,2.314919940928176e-05,False,False
opioid_ed,55_64,medium,168,item_cpt_99222,cpt,0.001449040336618,0.0028335425330974,6.453814013863726e-05,False,False
opioid_ed,55_64,medium,169,item_cpt_86038,cpt,0.001410761313237,0.0028079930754225,1.3529551051651105e-05,False,False
opioid_ed,55_64,medium,170,item_icd_E119,icd,0.0014054151361643,0.0027556457459712,5.518452635744676e-05,False,False
opioid_ed,55_64,medium,171,item_drug_MELOXICAM,drug,0.0013983053901388,0.0027841557978117,1.245498246583962e-05,False,False
opioid_ed,55_64,medium,172,item_icd_R739,icd,0.001378472455111,0.0027352500654568,2.169484476521364e-05,False,False
opioid_ed,55_64,medium,173,item_icd_M549,icd,0.0013150489041364,0.0025986708750148,3.142693325817356e-05,False,False
opioid_ed,55_64,medium,174,item_drug_OMEPRAZOLE,drug,0.0012322245026117,0.0024492188728111,1.5230132412271983e-05,False,False
opioid_ed,55_64,medium,175,item_icd_Z01818,icd,0.0011866911439994,0.0023465616997952,2.6820588203555416e-05,False,False
opioid_ed,55_64,medium,176,item_drug_LYRICA,drug,0.0011664474679829,0.0023216631130826,1.123182288321778e-05,False,False
opioid_ed,55_64,medium,177,item_cpt_82607,cpt,0.0011520699238231,0.0022804315839579,2.370826368842746e-05,False,False
opioid_ed,55_64,medium,178,item_icd_J209,icd,0.001145067087991,0.0022775289243094,1.2605251672549371e-05,False,False
opioid_ed,55_64,medium,179,item_cpt_87086,cpt,0.0011150476858585,0.0022056111990158,2.4484172701238677e-05,False,False
opioid_ed,55_64,medium,180,item_icd_I4891,icd,0.0010333087852362,0.002040363254596,2.625431587634628e-05,False,False
opioid_ed,55_64,medium,181,item_cpt_96374,cpt,0.0009968152459836,0.0019568128487452,3.681764322198911e-05,False,False
opioid_ed,55_64,medium,182,item_icd_K219,icd,0.0009935205589092,0.0019788094774914,8.231640327157982e-06,False,False
opioid_ed,55_64,medium,183,item_cpt_87088,cpt,0.0009823841607558,0.0019512017122825,1.3566609229061085e-05,False,False
opioid_ed,55_64,medium,184,item_cpt_71046,cpt,0.0009512251509122,0.0018945598456442,7.890456180122318e-06,False,False
opioid_ed,55_64,medium,185,item_cpt_84484,cpt,0.00094859611884,0.0018775627003142,1.962953736584359e-05,False,False
opioid_ed,55_64,medium,186,item_drug_FUROSEMIDE,drug,0.0009168346421915,0.0018279662841771,5.703000205916669e-06,False,False
opioid_ed,55_64,medium,187,item_icd_Z01810,icd,0.0009074979666035,0.0018068286360873,8.167297119742807e-06,False,False
opioid_ed,55_64,medium,188,item_drug_CEPHALEXIN,drug,0.000892413706772,0.001776791892263,8.035521281124882e-06,False,False
opioid_ed,55_64,medium,189,item_icd_M4802,icd,0.0008922637700735,0.0017752558190974,9.271721049626456e-06,False,False
opioid_ed,55_64,medium,190,item_cpt_84132,cpt,0.0008922605119189,0.0017740134913236,1.050753251411146e-05,False,False
opioid_ed,55_64,medium,191,item_icd_J069,icd,0.0007969553445044,0.0015839367317766,9.973957232129646e-06,False,False
opioid_ed,55_64,medium,192,item_cpt_86706,cpt,0.00074568928148,0.0014867120409145,4.666522045503529e-06,False,False
opioid_ed,55_64,medium,193,item_cpt_99282,cpt,0.0007327866548507,0.0014599579174781,5.615392223382225e-06,False,False
opioid_ed,55_64,medium,194,item_drug_NYSTATIN,drug,0.0007223286990787,0.0014340747910004,1.0582607157130282e-05,False,False
opioid_ed,55_64,medium,195,item_cpt_71275,cpt,0.000702426633518,0.0014009423983153,3.910868720655936e-06,False,False
opioid_ed,55_64,medium,196,item_cpt_76705,cpt,0.0006837212247334,0.0013626704413413,4.772008125427251e-06,False,False
opioid_ed,55_64,medium,197,item_cpt_20610,cpt,0.0006645092294225,0.0013253117767268,3.706682118287853e-06,False,False
opioid_ed,55_64,medium,198,item_cpt_99239,cpt,0.0006636230007413,0.0013114876826334,1.5758318849298256e-05,False,False
opioid_ed,55_64,medium,199,item_cpt_97001,cpt,0.0006540301377867,0.0013025672008553,5.493074718204887e-06,False,True
opioid_ed,55_64,medium,200,item_cpt_83605,cpt,0.0006187529149652,0.0012340455472324,3.4602826980528983e-06,False,False
opioid_ed,55_64,medium,201,item_icd_L570,icd,0.0006135771157657,0.001220689780034,6.464451497456453e-06,False,False
opioid_ed,55_64,medium,202,item_cpt_93971,cpt,0.000612785060674,0.0012186821918971,6.887929450970544e-06,False,False
opioid_ed,55_64,medium,203,item_cpt_72050,cpt,0.0005896185172861,0.0011701078974542,9.129137118165995e-06,False,False
opioid_ed,55_64,medium,204,item_icd_G4730,icd,0.0005834120158873,0.0011581965576658,8.627474108960947e-06,False,False
opioid_ed,55_64,medium,205,item_cpt_72125,cpt,0.0005615134339465,0.0011174843417773,5.5425261157617535e-06,False,False
opioid_ed,55_64,medium,206,item_cpt_81002,cpt,0.0005567446767342,0.0011068096019029,6.679751565558418e-06,False,False
opioid_ed,55_64,medium,207,item_drug_LANSOPRAZOLE,drug,0.0005328901538025,0.0010544837881537,1.12965194513548e-05,False,False
opioid_ed,55_64,medium,208,item_cpt_00810,cpt,0.0005318576766653,0.001057319528706,6.395824624589719e-06,False,False
opioid_ed,55_64,medium,209,item_icd_R079,icd,0.0005223626422869,0.0010402943313546,4.430953219163152e-06,False,False
opioid_ed,55_64,medium,210,item_cpt_45378,cpt,0.0005074496713763,0.001009503935426,5.3954073265973096e-06,False,False
opioid_ed,55_64,medium,211,item_cpt_92567,cpt,0.0005024646273115,0.0009977976164061,7.131638216920381e-06,False,False
opioid_ed,55_64,medium,212,item_icd_E7800,icd,0.0004862240736176,0.0009703993566281,2.0487906071031403e-06,False,False
opioid_ed,55_64,medium,213,item_cpt_72100,cpt,0.0004618214472396,0.0009177159101144,5.926984364842095e-06,False,False
opioid_ed,55_64,medium,214,item_icd_M797,icd,0.0004606283686397,0.0009186479610238,2.6087762556831277e-06,False,False
opioid_ed,55_64,medium,215,item_cpt_71045,cpt,0.0004494699301312,0.0008909144879803,8.025372282241825e-06,False,False
opioid_ed,55_64,medium,216,item_drug_TRULICITY,drug,0.0004251803285765,0.0008418300136061,8.530643546973627e-06,False,False
opioid_ed,55_64,medium,217,item_icd_M25512,icd,0.0004241095908808,0.0008455001873894,2.718994372227968e-06,False,False
opioid_ed,55_64,medium,218,item_cpt_82947,cpt,0.0004116844828338,0.0008216214266508,1.747539016893506e-06,False,False
opioid_ed,55_64,medium,219,item_cpt_96365,cpt,0.000396778122327,0.0007930265780801,5.296665740601667e-07,False,False
opioid_ed,55_64,medium,220,item_cpt_77063,cpt,0.0003840368020093,0.0007655972955732,2.4763084453674225e-06,False,False
opioid_ed,55_64,medium,221,item_icd_H2513,icd,0.0003795734360282,0.0007578066550988,1.3402169577348285e-06,False,False
opioid_ed,55_64,medium,222,item_cpt_86803,cpt,0.00036792279522,0.0007342749141862,1.57067625382628e-06,False,False
opioid_ed,55_64,medium,223,item_drug_ASPIRIN,drug,0.0003649581955486,0.0007262224319648,3.6939591323795513e-06,False,False
opioid_ed,55_64,medium,224,item_cpt_99199,cpt,0.0003581527274561,0.0007150374053815,1.2680495306879244e-06,False,False
opioid_ed,55_64,medium,225,item_drug_VALSARTAN,drug,0.0003573316560344,0.0007110410791813,3.6222328875936818e-06,False,False
opioid_ed,55_64,medium,226,item_cpt_70450,cpt,0.0003320309511528,0.0006594587889108,4.603113394909981e-06,False,False
opioid_ed,55_64,medium,227,item_icd_Z125,icd,0.0003318415311032,0.0006612780669859,2.404995220492909e-06,False,False
opioid_ed,55_64,medium,228,item_drug_GLIPIZIDE,drug,0.000309376791729,0.0006162701355424,2.483447915670624e-06,False,False
opioid_ed,55_64,medium,229,item_cpt_82274,cpt,0.0002875856847189,0.0005741410637657,1.030305672145706e-06,False,False
opioid_ed,55_64,medium,230,item_cpt_84154,cpt,0.0002874097804564,0.0005718549308022,2.964630110566062e-06,False,False
opioid_ed,55_64,medium,231,item_cpt_87880,cpt,0.0002686251133951,0.0005354728662697,1.777360520587988e-06,False,False
opioid_ed,55_64,medium,232,item_icd_R918,icd,0.0002624405849658,0.0005243335405326,5.476293991583274e-07,False,False
opioid_ed,55_64,medium,233,item_cpt_83540,cpt,0.000256527997173,0.0005127155228387,3.404715073867357e-07,False,False
opioid_ed,55_64,medium,234,item_icd_R0789,icd,0.0002526282695161,0.0005037678508876,1.488688144550861e-06,False,False
opioid_ed,55_64,medium,235,item_icd_E538,icd,0.0002508654500202,0.0005000610943093,1.669805731209814e-06,False,False
opioid_ed,55_64,medium,236,item_cpt_73562,cpt,0.0002503287757199,0.0004997527661375,9.047853023071876e-07,False,False
opioid_ed,55_64,medium,237,item_icd_E291,icd,0.0002464511095578,0.0004912591471941,1.6430719216407015e-06,False,False
opioid_ed,55_64,medium,238,item_cpt_92134,cpt,0.0002382643374943,0.0004754820131031,1.046661885578803e-06,False,False
opioid_ed,55_64,medium,239,item_cpt_73564,cpt,0.0002298763317432,0.0004589167834799,8.358800065909073e-07,False,False
opioid_ed,55_64,medium,240,item_cpt_84156,cpt,0.0002144654761207,0.0004286472223695,2.837298719250036e-07,False,False
opioid_ed,55_64,medium,241,item_icd_J441,icd,0.000210219751569,0.0004190158529472,1.4236501907714545e-06,False,False
opioid_ed,55_64,medium,242,item_cpt_72110,cpt,0.0002052320310431,0.0004090706181679,1.393443918314918e-06,False,False
opioid_ed,55_64,medium,243,item_cpt_72148,cpt,0.000199565810941,0.0003974604410063,1.671180875721094e-06,False,False
opioid_ed,55_64,medium,244,item_cpt_93016,cpt,0.0001975046509862,0.0003947484519692,2.60850003271552e-07,False,False
opioid_ed,55_64,medium,245,item_icd_R4182,icd,0.0001964492434149,0.0003921752243378,7.232624920862991e-07,False,False
opioid_ed,55_64,medium,246,item_cpt_87077,cpt,0.000195269414353,0.0003899732550654,5.655736406834236e-07,False,False
opioid_ed,55_64,medium,247,item_cpt_99244,cpt,0.0001928324303574,0.0003851058575435,5.590031713319203e-07,False,False
opioid_ed,55_64,medium,248,item_cpt_71250,cpt,0.0001917933937405,0.000383030585706,5.562017749095313e-07,False,False
opioid_ed,55_64,medium,249,item_icd_B1920,icd,0.0001916922460756,0.0003831314829846,2.5300916652795384e-07,False,False
opioid_ed,55_64,medium,250,item_cpt_90472,cpt,0.0001898574649045,0.0003784145962267,1.3003335823863907e-06,False,False
opioid_ed,55_64,medium,251,item_cpt_84436,cpt,0.0001889044388165,0.000377260464908,5.484127250759129e-07,False,False
opioid_ed,55_64,medium,252,item_cpt_52000,cpt,0.000188159635282,0.0003759218961251,3.973744389966191e-07,False,False
opioid_ed,55_64,medium,253,item_cpt_45385,cpt,0.0001839103663578,0.0003671397143208,6.810183948743205e-07,False,False
opioid_ed,55_64,medium,254,item_cpt_87081,cpt,0.000179015697897,0.0003576525176445,3.788781495259175e-07,False,False
opioid_ed,55_64,medium,255,item_icd_J439,icd,0.0001669578478234,0.0003331572187806,7.584768663191905e-07,False,False
opioid_ed,55_64,medium,256,item_cpt_93018,cpt,0.0001602329223788,0.0003196045840521,8.61260705537551e-07,False,False
opioid_ed,55_64,medium,257,item_cpt_82248,cpt,0.0001495886548694,0.0002986119228881,5.653868506785816e-07,False,False
opioid_ed,55_64,medium,258,item_cpt_88175,cpt,0.0001471429059172,0.0002940928989807,1.9291285379912786e-07,False,False
opioid_ed,55_64,medium,259,item_cpt_83615,cpt,0.000146097711331,0.0002912804054542,9.150172078634018e-07,False,False
opioid_ed,55_64,medium,260,item_cpt_74022,cpt,0.0001378503322383,0.000275520287149,1.803773277536852e-07,False,False
opioid_ed,55_64,medium,261,item_icd_R350,icd,0.0001207981051897,0.0002409208254193,6.753849600469407e-07,False,False
opioid_ed,55_64,medium,262,item_cpt_87902,cpt,0.0001202286175676,0.0002403006292051,1.5660593019978572e-07,False,False
opioid_ed,55_64,medium,263,item_cpt_99291,cpt,9.536990880985954e-05,0.0001904435878239,2.96229795756786e-07,False,False
opioid_ed,55_64,medium,264,item_cpt_17000,cpt,9.389580636749294e-05,0.0001874993573374,2.922553975104294e-07,False,False
opioid_ed,55_64,medium,265,item_drug_SHINGRIX,drug,7.631956984455541e-05,0.0001523206000111,3.185396779757784e-07,False,False
opioid_ed,55_64,medium,266,item_cpt_85379,cpt,7.058601602924253e-05,0.0001409426233039,2.2940875457661002e-07,False,False
opioid_ed,55_64,medium,267,item_icd_L821,icd,6.88958949792722e-05,0.0001377044310102,8.735894833805039e-08,False,False
opioid_ed,55_64,medium,268,item_cpt_88342,cpt,5.2985296028065554e-05,0.000105846647279,1.2394477707184314e-07,False,False
opioid_ed,55_64,medium,269,item_icd_Z86010,icd,5.162643625832558e-05,0.0001031888097784,6.40627381526009e-08,False,False
opioid_ed,55_64,medium,270,item_drug_LEVETIRACETAM,drug,5.122739681463101e-05,0.0001023912691886,6.35244406354171e-08,False,False
opioid_ed,55_64,medium,271,item_cpt_87804,cpt,4.785530863943573e-05,9.559704940266032e-05,1.1356787621112905e-07,False,False
opioid_ed,55_64,medium,272,item_cpt_73560,cpt,4.748198857415503e-05,9.485116442118864e-05,1.1281272712142193e-07,False,False
opioid_ed,55_64,medium,273,item_cpt_72170,cpt,4.7301954267060255e-05,9.44914599790749e-05,1.1244855504560149e-07,False,False
opioid_ed,55_64,medium,274,item_drug_MUPIROCIN,drug,4.274922856908873e-05,8.544636960431644e-05,5.2087533861020535e-08,False,False
opioid_ed,55_64,medium,275,item_icd_J029,icd,3.836016937807503e-05,7.667417198952804e-05,4.616676662202106e-08,False,False
opioid_ed,55_64,medium,276,item_cpt_92004,cpt,3.820331672966227e-05,7.626453325238315e-05,1.4210020694139706e-07,False,False
opioid_ed,55_64,medium,277,item_icd_Z131,icd,3.31931949861916e-05,6.630248051212169e-05,8.390946026151913e-08,False,False
opioid_ed,55_64,medium,278,item_icd_R51,icd,3.2855251088647456e-05,6.567176145312138e-05,3.8740724173529086e-08,False,False
opioid_ed,55_64,medium,279,item_icd_J9601,icd,2.816376397548889e-05,5.62537919868733e-05,7.373596410448426e-08,False,False
opioid_ed,55_64,medium,280,item_icd_N179,icd,1.2365721438329184e-05,2.468966307711772e-05,4.177979954064976e-08,False,False
opioid_ed,55_64,medium,281,item_cpt_64495,cpt,1.175145600825924e-05,2.3462374748584076e-05,4.053726793440693e-08,False,False
opioid_ed,55_64,medium,282,item_drug_TORSEMIDE,drug,1.1358190769806616e-05,2.2676639765718525e-05,3.974177389470757e-08,False,False
opioid_ed,55_64,medium,283,item_cpt_97035,cpt,8.214950002880857e-06,1.6368652871649283e-05,6.124713411243223e-08,False,True
opioid_ed,55_64,medium,284,item_drug_JARDIANCE,drug,4.136788660273275e-06,8.27357732054655e-06,0.0,False,False
opioid_ed,55_64,medium,285,item_cpt_00811,cpt,3.535069500426307e-06,7.046221779278178e-06,2.3917221574436532e-08,False,False
opioid_ed,55_64,medium,286,item_cpt_73080,cpt,8.391741836459835e-09,0.0,1.678348367291967e-08,False,False
opioid_ed,55_64,extreme,1,pgx_num_drugs,pgx,0.999999999364127,0.9999999998864044,0.9999999988418496,True,False
opioid_ed,55_64,extreme,2,pgx_num_cpic_drugs,pgx,0.7334116153005639,0.8243868636209759,0.6424363669801519,True,False
opioid_ed,55_64,extreme,3,item_cpt_93010,cpt,0.4270024706581074,0.7233864821331457,0.1306184591830691,True,False
opioid_ed,55_64,extreme,4,item_cpt_99232,cpt,0.3646899988066966,0.6641505537343789,0.0652294438790142,True,False
opioid_ed,55_64,extreme,5,item_cpt_99396,cpt,0.2969860973875487,0.4526498466558212,0.1413223481192762,True,False
opioid_ed,55_64,extreme,6,item_cpt_80061,cpt,0.2660022813190711,0.4430312945314376,0.0889732681067047,True,False
opioid_ed,55_64,extreme,7,item_drug_PREDNISONE,drug,0.2532425767474635,0.4654793479901374,0.0410058055047894,True,False
opioid_ed,55_64,extreme,8,item_cpt_99233,cpt,0.2480424546783974,0.4549331515847108,0.0411517577720841,True,False
opioid_ed,55_64,extreme,9,item_cpt_99213,cpt,0.1955239383093424,0.2951159457107603,0.0959319309079245,True,False
opioid_ed,55_64,extreme,10,item_cpt_99284,cpt,0.1787434362710175,0.3151483938053041,0.0423384787367309,True,False
opioid_ed,55_64,extreme,11,item_drug_AMOXICILLIN,drug,0.1777297574010745,0.3179019538521518,0.0375575609499973,True,False
opioid_ed,55_64,extreme,12,item_cpt_99285,cpt,0.1736165584466326,0.3119572349356797,0.0352758819575855,True,False
opioid_ed,55_64,extreme,13,item_cpt_36415,cpt,0.1714370684629909,0.2810240172279731,0.0618501196980086,True,False
opioid_ed,55_64,extreme,14,item_cpt_99214,cpt,0.1675574166002757,0.2570272691248754,0.0780875640756759,True,False
opioid_ed,55_64,extreme,15,item_drug_AZITHROMYCIN,drug,0.1635396516571621,0.3064914601240504,0.0205878431902738,True,False
opioid_ed,55_64,extreme,16,item_icd_G8929,icd,0.1581155733741071,0.2644543426059308,0.0517768041422832,True,False
opioid_ed,55_64,extreme,17,item_cpt_71260,cpt,0.156148017101346,0.2936602835351933,0.0186357506674988,True,False
opioid_ed,55_64,extreme,18,item_icd_Z79891,icd,0.1557477091317805,0.2510668921626289,0.0604285261009321,True,False
opioid_ed,55_64,extreme,19,item_icd_M542,icd,0.1552536581243357,0.2671334096675323,0.0433739065811391,True,False
opioid_ed,55_64,extreme,20,item_cpt_99223,cpt,0.1493073052410001,0.2870827428001266,0.0115318676818735,True,False
opioid_ed,55_64,extreme,21,item_cpt_85025,cpt,0.1437476725105877,0.245835809343798,0.0416595356773774,False,False
opioid_ed,55_64,extreme,22,item_icd_J449,icd,0.1412248617746538,0.2428531191492272,0.0395966044000804,False,False
opioid_ed,55_64,extreme,23,item_cpt_85027,cpt,0.1410150485512561,0.2596772761043763,0.0223528209981359,False,False
opioid_ed,55_64,extreme,24,item_cpt_80048,cpt,0.1399191864235139,0.2478003915121241,0.0320379813349036,False,False
opioid_ed,55_64,extreme,25,item_cpt_76942,cpt,0.1380648859488923,0.2515857296622694,0.0245440422355152,False,False
opioid_ed,55_64,extreme,26,item_cpt_99215,cpt,0.1369463651514406,0.2536035402515375,0.0202891900513438,False,False
opioid_ed,55_64,extreme,27,item_cpt_82728,cpt,0.1275135003738373,0.2453372312557373,0.0096897694919374,False,False
opioid_ed,55_64,extreme,28,item_cpt_83550,cpt,0.1264687973998852,0.2412121738214509,0.0117254209783194,False,False
opioid_ed,55_64,extreme,29,item_cpt_99205,cpt,0.1235041843143531,0.2310209526848501,0.0159874159438561,False,False
opioid_ed,55_64,extreme,30,item_icd_G894,icd,0.1234422391165069,0.2149554850061255,0.0319289932268882,False,False
opioid_ed,55_64,extreme,31,item_icd_M545,icd,0.122968434685786,0.2148883631408586,0.0310485062307133,False,False
opioid_ed,55_64,extreme,32,item_icd_I10,icd,0.1202718506454241,0.2114231773018184,0.0291205239890297,False,False
opioid_ed,55_64,extreme,33,item_cpt_93306,cpt,0.1161790770779114,0.2216578210361161,0.0107003331197068,False,False
opioid_ed,55_64,extreme,34,item_cpt_97110,cpt,0.1080874918470525,0.2018003365258104,0.0143746471682945,False,True
opioid_ed,55_64,extreme,35,item_cpt_96372,cpt,0.0979766286887668,0.1784789952117337,0.0174742621658,False,False
opioid_ed,55_64,extreme,36,item_drug_LISINOPRIL,drug,0.096489750271862,0.1839735285596462,0.0090059719840778,False,False
opioid_ed,55_64,extreme,37,item_cpt_84153,cpt,0.094285655208942,0.1625568288064267,0.0260144816114573,False,False
opioid_ed,55_64,extreme,38,item_cpt_90471,cpt,0.0937421631098424,0.1570485472029162,0.0304357790167686,False,False
opioid_ed,55_64,extreme,39,item_cpt_99221,cpt,0.0881005574776399,0.1695054942640922,0.0066956206911876,False,False
opioid_ed,55_64,extreme,40,item_cpt_96361,cpt,0.084171616246411,0.1591038388204433,0.0092393936723786,False,False
opioid_ed,55_64,extreme,41,item_cpt_85730,cpt,0.0829410989002893,0.1615727284473596,0.004309469353219,False,False
opioid_ed,55_64,extreme,42,item_cpt_96375,cpt,0.0793886024191391,0.1526938235394537,0.0060833812988245,False,False
opioid_ed,55_64,extreme,43,item_cpt_82570,cpt,0.0778742885216654,0.1426479363184466,0.0131006407248843,False,False
opioid_ed,55_64,extreme,44,item_icd_Z79899,icd,0.07731236617725,0.1434822354164779,0.0111424969380222,False,False
opioid_ed,55_64,extreme,45,item_icd_D649,icd,0.0768601973757674,0.1487969804470748,0.0049234143044599,False,False
opioid_ed,55_64,extreme,46,item_cpt_80053,cpt,0.076776912741375,0.1340066830196945,0.0195471424630555,False,False
opioid_ed,55_64,extreme,47,item_cpt_99152,cpt,0.0767119238414901,0.148558480042287,0.0048653676406933,False,False
opioid_ed,55_64,extreme,48,item_cpt_83690,cpt,0.0731274105619131,0.1391151148694137,0.0071397062544126,False,False
opioid_ed,55_64,extreme,49,item_cpt_80050,cpt,0.0699523183697247,0.1299853126731183,0.0099193240663312,False,False
opioid_ed,55_64,extreme,50,item_cpt_97530,cpt,0.0698049845342621,0.1338693903258965,0.0057405787426276,False,True
opioid_ed,55_64,extreme,51,item_cpt_99212,cpt,0.0697388601160877,0.1324984625250017,0.0069792577071737,False,False
opioid_ed,55_64,extreme,52,item_cpt_85651,cpt,0.0685982527060881,0.1276693626174108,0.0095271427947653,False,False
opioid_ed,55_64,extreme,53,item_cpt_92250,cpt,0.0680760261012771,0.12892555781899,0.0072264943835642,False,False
opioid_ed,55_64,extreme,54,item_cpt_92014,cpt,0.065838908134482,0.1194190020448387,0.0122588142241253,False,False
opioid_ed,55_64,extreme,55,item_cpt_88305,cpt,0.0644237432195701,0.1220084876619633,0.006838998777177,False,False
opioid_ed,55_64,extreme,56,item_cpt_83735,cpt,0.0615443331480002,0.1207243045411897,0.0023643617548107,False,False
opioid_ed,55_64,extreme,57,item_cpt_99231,cpt,0.0602305283331644,0.1166786653404995,0.0037823913258293,False,False
opioid_ed,55_64,extreme,58,item_cpt_84550,cpt,0.0597463977590439,0.1126816196898552,0.0068111758282325,False,False
opioid_ed,55_64,extreme,59,item_icd_Z1211,icd,0.055951696298208,0.1045918936910159,0.0073114989054001,False,False
opioid_ed,55_64,extreme,60,item_icd_R0602,icd,0.0555233183185815,0.1044504910394112,0.0065961455977518,False,False
opioid_ed,55_64,extreme,61,item_cpt_74177,cpt,0.0536379225271696,0.1039412136590167,0.0033346313953224,False,False
opioid_ed,55_64,extreme,62,item_cpt_99283,cpt,0.0495278082987735,0.0938570636242984,0.0051985529732486,False,False
opioid_ed,55_64,extreme,63,item_drug_LORAZEPAM,drug,0.0485201358301886,0.0916833370949206,0.0053569345654566,False,False
opioid_ed,55_64,extreme,64,item_drug_BENZONATATE,drug,0.0483100966001435,0.0909092969027208,0.0057108962975662,False,False
opioid_ed,55_64,extreme,65,item_icd_G4733,icd,0.0476931288082927,0.0907577254560536,0.0046285321605318,False,False
opioid_ed,55_64,extreme,66,item_icd_M25551,icd,0.0470462890010267,0.0901350724325216,0.0039575055695317,False,False
opioid_ed,55_64,extreme,67,item_icd_M5416,icd,0.0463094608903192,0.0875058776985989,0.0051130440820396,False,False
opioid_ed,55_64,extreme,68,item_cpt_99238,cpt,0.0446906945105929,0.0875191624671072,0.0018622265540786,False,False
opioid_ed,55_64,extreme,69,item_cpt_90834,cpt,0.0444506667533762,0.0824152426362845,0.0064860908704679,False,False
opioid_ed,55_64,extreme,70,item_cpt_71020,cpt,0.0439755256582365,0.0837368565276808,0.0042141947887922,False,False
opioid_ed,55_64,extreme,71,item_cpt_43239,cpt,0.0424978594334016,0.0827594739393222,0.0022362449274809,False,False
opioid_ed,55_64,extreme,72,item_cpt_87340,cpt,0.0419824636707944,0.0817826776900529,0.0021822496515358,False,False
opioid_ed,55_64,extreme,73,item_icd_M25511,icd,0.0418117280506521,0.0791835202700463,0.0044399358312578,False,False
opioid_ed,55_64,extreme,74,item_cpt_87522,cpt,0.0417406391348665,0.075706937115947,0.007774341153786,False,False
opioid_ed,55_64,extreme,75,item_cpt_73502,cpt,0.0414961636387422,0.0790409561086266,0.0039513711688577,False,False
opioid_ed,55_64,extreme,76,item_icd_R109,icd,0.0408092167145923,0.078388109414088,0.0032303240150966,False,False
opioid_ed,55_64,extreme,77,item_cpt_72131,cpt,0.0405974940112507,0.0761530909052452,0.0050418971172561,False,False
opioid_ed,55_64,extreme,78,item_drug_NAPROXEN,drug,0.0393583254863465,0.0744417625500293,0.0042748884226636,False,False
opioid_ed,55_64,extreme,79,item_cpt_74176,cpt,0.0379718736827772,0.0743612665693453,0.0015824807962091,False,False
opioid_ed,55_64,extreme,80,item_cpt_83036,cpt,0.0368043692196057,0.067081861191877,0.0065268772473344,False,False
opioid_ed,55_64,extreme,81,item_cpt_81001,cpt,0.0345557217861217,0.0658203833543126,0.0032910602179307,False,False
opioid_ed,55_64,extreme,82,item_cpt_99203,cpt,0.0334038791205213,0.0623030580097819,0.0045047002312608,False,False
opioid_ed,55_64,extreme,83,item_cpt_82550,cpt,0.0330852723509281,0.0643868122019566,0.0017837324998995,False,False
opioid_ed,55_64,extreme,84,item_cpt_84439,cpt,0.0329572671378476,0.0635941040899909,0.0023204301857044,False,False
opioid_ed,55_64,extreme,85,item_icd_F319,icd,0.0325156479293088,0.0612640204701411,0.0037672753884765,False,False
opioid_ed,55_64,extreme,86,item_icd_M1712,icd,0.0323025299229474,0.0609012217626098,0.003703838083285,False,False
opioid_ed,55_64,extreme,87,item_cpt_92015,cpt,0.0308483710829015,0.0594664723478935,0.0022302698179096,False,False
opioid_ed,55_64,extreme,88,item_icd_D485,icd,0.0302036724512969,0.0573090125401066,0.0030983323624872,False,False
opioid_ed,55_64,extreme,89,item_cpt_80076,cpt,0.0293898899658085,0.0568957384132619,0.0018840415183551,False,False
opioid_ed,55_64,extreme,90,item_drug_SIMVASTATIN,drug,0.0293264123827631,0.0566801499064101,0.0019726748591162,False,False
opioid_ed,55_64,extreme,91,item_cpt_97112,cpt,0.0293202249210856,0.0570970314146992,0.0015434184274721,False,True
opioid_ed,55_64,extreme,92,item_drug_HYDROCHLOROTHIAZIDE,drug,0.0288296613554854,0.056532308693187,0.0011270140177838,False,False
opioid_ed,55_64,extreme,93,item_cpt_93000,cpt,0.0287126438911402,0.0544099454680293,0.0030153423142511,False,False
opioid_ed,55_64,extreme,94,item_icd_E559,icd,0.0271073612327049,0.0520680345511216,0.0021466879142883,False,False
opioid_ed,55_64,extreme,95,item_cpt_96376,cpt,0.0270816912711324,0.0535481777797111,0.0006152047625538,False,False
opioid_ed,55_64,extreme,96,item_cpt_84443,cpt,0.0270056149295553,0.0508330815771195,0.0031781482819912,False,False
opioid_ed,55_64,extreme,97,item_icd_E785,icd,0.0230095583237366,0.0441105838587307,0.0019085327887425,False,False
opioid_ed,55_64,extreme,98,item_cpt_85610,cpt,0.0223853132362272,0.0433492504722227,0.0014213760002317,False,False
opioid_ed,55_64,extreme,99,item_icd_E039,icd,0.0216601052056889,0.0424731258524901,0.0008470845588876,False,False
opioid_ed,55_64,extreme,100,item_cpt_80051,cpt,0.0215443946470207,0.0421205713264757,0.0009682179675658,False,False
opioid_ed,55_64,extreme,101,item_icd_E1165,icd,0.0208563206895951,0.0410466047296598,0.0006660366495303,False,False
opioid_ed,55_64,extreme,102,item_icd_E782,icd,0.0198267341333829,0.0386473498498216,0.0010061184169442,False,False
opioid_ed,55_64,extreme,103,item_cpt_82962,cpt,0.0187892676347438,0.0371763227980249,0.0004022124714627,False,False
opioid_ed,55_64,extreme,104,item_cpt_92012,cpt,0.0183051055624423,0.0359060247453033,0.0007041863795813,False,False
opioid_ed,55_64,extreme,105,item_icd_R600,icd,0.0180899950273937,0.0355548187991942,0.0006251712555931,False,False
opioid_ed,55_64,extreme,106,item_cpt_82565,cpt,0.017988688075153,0.035580366430941,0.000397009719365,False,False
opioid_ed,55_64,extreme,107,item_icd_Z01419,icd,0.0177920288959088,0.0330157834725649,0.0025682743192527,False,False
opioid_ed,55_64,extreme,108,item_cpt_77067,cpt,0.0177494455543023,0.0345183499831826,0.0009805411254219,False,False
opioid_ed,55_64,extreme,109,item_cpt_71045,cpt,0.0176913298609832,0.0350860769945046,0.0002965827274618,False,False
opioid_ed,55_64,extreme,110,item_cpt_85652,cpt,0.0170533010256752,0.0337189185163266,0.0003876835350239,False,False
opioid_ed,55_64,extreme,111,item_cpt_81003,cpt,0.017030311003512,0.0320140706040925,0.0020465514029314,False,False
opioid_ed,55_64,extreme,112,item_cpt_71010,cpt,0.0166550408888028,0.0327561804447452,0.0005539013328605,False,False
opioid_ed,55_64,extreme,113,item_cpt_62323,cpt,0.0161953338717483,0.0308364727613846,0.0015541949821121,False,False
opioid_ed,55_64,extreme,114,item_cpt_99204,cpt,0.0157943899086975,0.0304456107482045,0.0011431690691905,False,False
opioid_ed,55_64,extreme,115,item_icd_M5136,icd,0.0156377080031458,0.0305016033391389,0.0007738126671526,False,False
opioid_ed,55_64,extreme,116,item_cpt_99222,cpt,0.0155155765017405,0.030353502461462,0.000677650542019,False,False
opioid_ed,55_64,extreme,117,item_drug_IBUPROFEN,drug,0.0153778143291436,0.0303450647627583,0.0004105638955288,False,False
opioid_ed,55_64,extreme,118,item_cpt_93005,cpt,0.0149304041584795,0.0290452431408466,0.0008155651761125,False,False
opioid_ed,55_64,extreme,119,item_icd_N390,icd,0.0149195499568784,0.0295690561464732,0.0002700437672836,False,False
opioid_ed,55_64,extreme,120,item_icd_F419,icd,0.0141843842633119,0.0278690413435893,0.0004997271830346,False,False
opioid_ed,55_64,extreme,121,item_icd_M25561,icd,0.0141136972190579,0.0277948275674331,0.0004325668706827,False,False
opioid_ed,55_64,extreme,122,item_cpt_73630,cpt,0.0140912381464153,0.0276860225771009,0.0004964537157297,False,False
opioid_ed,55_64,extreme,123,item_cpt_73610,cpt,0.0134271152110128,0.0264426542411223,0.0004115761809033,False,False
opioid_ed,55_64,extreme,124,item_cpt_97140,cpt,0.0133668133362043,0.0264472779436548,0.0002863487287537,False,True
opioid_ed,55_64,extreme,125,item_icd_M961,icd,0.0132792982219276,0.0256054039030083,0.000953192540847,False,False
opioid_ed,55_64,extreme,126,item_cpt_99239,cpt,0.0132545686780813,0.0262076383657793,0.0003014989903834,False,False
opioid_ed,55_64,extreme,127,item_cpt_86140,cpt,0.0130676590327475,0.0258035250891817,0.0003317929763134,False,False
opioid_ed,55_64,extreme,128,item_icd_I4891,icd,0.0129148662838306,0.0255103332078195,0.0003193993598418,False,False
opioid_ed,55_64,extreme,129,item_cpt_82306,cpt,0.0126237913208236,0.0246469796118694,0.0006006030297777,False,False
opioid_ed,55_64,extreme,130,item_cpt_87086,cpt,0.0124145533051185,0.0245631052011948,0.0002660014090421,False,False
opioid_ed,55_64,extreme,131,item_icd_M160,icd,0.0123070216786263,0.0236763566755828,0.0009376866816698,False,False
opioid_ed,55_64,extreme,132,item_cpt_20611,cpt,0.0122792873981037,0.0237856586580955,0.0007729161381119,False,False
opioid_ed,55_64,extreme,133,item_cpt_90670,cpt,0.0121890179974634,0.0241168536887151,0.0002611823062117,False,False
opioid_ed,55_64,extreme,134,item_cpt_99202,cpt,0.0120987277966415,0.0236139590281209,0.0005834965651621,False,False
opioid_ed,55_64,extreme,135,item_drug_GABAPENTIN,drug,0.011691474336388,0.0225950552559693,0.0007878934168066,False,False
opioid_ed,55_64,extreme,136,item_cpt_96374,cpt,0.0115824644621404,0.0227490753663569,0.0004158535579239,False,False
opioid_ed,55_64,extreme,137,item_cpt_70450,cpt,0.0110506577608224,0.0219600877155171,0.0001412278061277,False,False
opioid_ed,55_64,extreme,138,item_cpt_92557,cpt,0.0110122600992908,0.021310154567834,0.0007143656307475,False,False
opioid_ed,55_64,extreme,139,item_icd_I2510,icd,0.0109784925202028,0.0216563752356389,0.0003006098047667,False,False
opioid_ed,55_64,extreme,140,item_icd_R05,icd,0.0107567348423607,0.0213544315453466,0.0001590381393748,False,False
opioid_ed,55_64,extreme,141,item_cpt_94010,cpt,0.0104690449860038,0.0206997881403131,0.0002383018316946,False,False
opioid_ed,55_64,extreme,142,item_cpt_82043,cpt,0.0102662280856808,0.0202512875986123,0.0002811685727492,False,False
opioid_ed,55_64,extreme,143,item_cpt_83605,cpt,0.0101816216686494,0.0203082671936803,5.49761436185163e-05,False,False
opioid_ed,55_64,extreme,144,item_cpt_90791,cpt,0.0101053042675033,0.0199605066877434,0.0002501018472632,False,False
opioid_ed,55_64,extreme,145,item_cpt_45380,cpt,0.0100388920653502,0.0198892036663518,0.0001885804643485,False,False
opioid_ed,55_64,extreme,146,item_cpt_84403,cpt,0.0095906324434914,0.0188304427965844,0.0003508220903984,False,False
opioid_ed,55_64,extreme,147,item_cpt_99243,cpt,0.0094064430133631,0.018524232791395,0.0002886532353312,False,False
opioid_ed,55_64,extreme,148,item_icd_M4806,icd,0.0092976735938229,0.0184206434268664,0.0001747037607795,False,False
opioid_ed,55_64,extreme,149,item_cpt_90837,cpt,0.009100625311643,0.0178861381091333,0.0003151125141526,False,False
opioid_ed,55_64,extreme,150,item_cpt_94640,cpt,0.0088877869791584,0.0176203743327399,0.0001551996255768,False,False
opioid_ed,55_64,extreme,151,item_drug_ATENOLOL,drug,0.0088295570064576,0.0169414146080471,0.0007176994048682,False,False
opioid_ed,55_64,extreme,152,item_cpt_97161,cpt,0.0087585403221287,0.0174050594507964,0.0001120211934611,False,True
opioid_ed,55_64,extreme,153,item_icd_J189,icd,0.008755602290316,0.0173291955489176,0.0001820090317144,False,False
opioid_ed,55_64,extreme,154,item_icd_M47816,icd,0.0087295326720339,0.0171911071092127,0.0002679582348552,False,False
opioid_ed,55_64,extreme,155,item_cpt_84484,cpt,0.0087112044785492,0.0172471038882834,0.000175305068815,False,False
opioid_ed,55_64,extreme,156,item_cpt_80047,cpt,0.0085617416021619,0.0169284537220833,0.0001950294822405,False,False
opioid_ed,55_64,extreme,157,item_icd_M549,icd,0.0083975421484383,0.0165982177746883,0.0001968665221884,False,False
opioid_ed,55_64,extreme,158,item_cpt_84132,cpt,0.0079719215302947,0.0158525256814093,9.13173791801831e-05,False,False
opioid_ed,55_64,extreme,159,item_cpt_84520,cpt,0.0077867100847952,0.0154321875645844,0.0001412326050061,False,False
opioid_ed,55_64,extreme,160,item_icd_E119,icd,0.0077687463246711,0.0152378510576277,0.0002996415917146,False,False
opioid_ed,55_64,extreme,161,item_icd_Z01818,icd,0.0076519563262619,0.0151345981400527,0.0001693145124711,False,False
opioid_ed,55_64,extreme,162,item_drug_CARVEDILOL,drug,0.0074854907939274,0.0147410571156528,0.0002299244722019,False,False
opioid_ed,55_64,extreme,163,item_drug_CLOPIDOGREL,drug,0.007253067042555,0.0144278836357556,7.825044935449809e-05,False,False
opioid_ed,55_64,extreme,164,item_cpt_87088,cpt,0.007084629957668,0.0140738241727454,9.543574259075736e-05,False,False
opioid_ed,55_64,extreme,165,item_cpt_11100,cpt,0.0068608852723628,0.0135471520660359,0.0001746184786897,False,False
opioid_ed,55_64,extreme,166,item_cpt_82270,cpt,0.0068222674933995,0.0133634436530949,0.000281091333704,False,False
opioid_ed,55_64,extreme,167,item_icd_Z01810,icd,0.0068126521722488,0.0135655184399846,5.978590451300842e-05,False,False
opioid_ed,55_64,extreme,168,item_cpt_96365,cpt,0.0065494385661877,0.013090042112041,8.835020334435859e-06,False,False
opioid_ed,55_64,extreme,169,item_icd_J0100,icd,0.0064228443840788,0.0126651849960924,0.0001805037720651,False,False
opioid_ed,55_64,extreme,170,item_icd_B182,icd,0.006404860048623,0.0126424127027015,0.0001673073945445,False,False
opioid_ed,55_64,extreme,171,item_cpt_72040,cpt,0.0063721901481595,0.012573709117939,0.00017067117838,False,False
opioid_ed,55_64,extreme,172,item_cpt_87624,cpt,0.0062431331638505,0.0122943241260837,0.0001919422016174,False,False
opioid_ed,55_64,extreme,173,item_cpt_72125,cpt,0.0061691775260776,0.0122800397890327,5.831526312247195e-05,False,False
opioid_ed,55_64,extreme,174,item_icd_R739,icd,0.0060435880903571,0.0119935642823336,9.361189838062226e-05,False,False
opioid_ed,55_64,extreme,175,item_cpt_77052,cpt,0.0060321339469115,0.0119748670456131,8.940084820997466e-05,False,False
opioid_ed,55_64,extreme,176,item_icd_J209,icd,0.0059952948599068,0.0119258490977501,6.474062206347371e-05,False,False
opioid_ed,55_64,extreme,177,item_cpt_71275,cpt,0.0059555636466338,0.0118789084655177,3.221882774981788e-05,False,False
opioid_ed,55_64,extreme,178,item_cpt_86200,cpt,0.0056102488751096,0.0109964039180757,0.0002240938321434,False,False
opioid_ed,55_64,extreme,179,item_drug_ALPRAZOLAM,drug,0.0055999786814313,0.0110166221463147,0.000183335216548,False,False
opioid_ed,55_64,extreme,180,item_cpt_86038,cpt,0.0055600153624019,0.0110674444829226,5.258624188124251e-05,False,False
opioid_ed,55_64,extreme,181,item_icd_R918,icd,0.004903814332353,0.0097976846057223,9.94405898370888e-06,False,False
opioid_ed,55_64,extreme,182,item_drug_CEPHALEXIN,drug,0.0048799507185508,0.0097169994608796,4.290197622199462e-05,False,False
opioid_ed,55_64,extreme,183,item_drug_MELOXICAM,drug,0.0048776161053767,0.009712350629529,4.28815812244417e-05,False,False
opioid_ed,55_64,extreme,184,item_cpt_97001,cpt,0.0048644573116511,0.0096894282612522,3.948636205015546e-05,False,True
opioid_ed,55_64,extreme,185,item_icd_M25552,icd,0.004756225555769,0.009438669879385,7.378123215314938e-05,False,False
opioid_ed,55_64,extreme,186,item_cpt_84481,cpt,0.0047116266809849,0.0093754722978798,4.778106408991959e-05,False,False
opioid_ed,55_64,extreme,187,item_cpt_90715,cpt,0.0046848214683837,0.0092532366522897,0.0001164062844776,False,False
opioid_ed,55_64,extreme,188,item_cpt_82607,cpt,0.0045819533577542,0.0090713738114345,9.25329040738405e-05,False,False
opioid_ed,55_64,extreme,189,item_cpt_71046,cpt,0.004349703346614,0.0086640726650504,3.533402817761414e-05,False,False
opioid_ed,55_64,extreme,190,item_cpt_81002,cpt,0.0043298766246677,0.0086099863741789,4.9766875156631873e-05,False,False
opioid_ed,55_64,extreme,191,item_icd_R4182,icd,0.0042240905732531,0.008433875938603,1.4305207903210028e-05,False,False
opioid_ed,55_64,extreme,192,item_cpt_99386,cpt,0.004019871469787,0.0078945891652016,0.0001451537743724,False,False
opioid_ed,55_64,extreme,193,item_cpt_76705,cpt,0.0039684008788037,0.0079099100659996,2.6891691607862265e-05,False,False
opioid_ed,55_64,extreme,194,item_cpt_99282,cpt,0.0038813136483563,0.0077336956250377,2.8931671675005137e-05,False,False
opioid_ed,55_64,extreme,195,item_drug_LYRICA,drug,0.0038401580891923,0.0076439047737433,3.641140464143919e-05,False,False
opioid_ed,55_64,extreme,196,item_icd_M47817,icd,0.0038353917986775,0.0075932157594759,7.756783787911255e-05,False,False
opioid_ed,55_64,extreme,197,item_cpt_72050,cpt,0.0037711017139464,0.0074861286030707,5.6074824822104354e-05,False,False
opioid_ed,55_64,extreme,198,item_icd_Z1231,icd,0.0036621865058871,0.0071944311883634,0.0001299418234109,False,False
opioid_ed,55_64,extreme,199,item_icd_K219,icd,0.0034584989493501,0.0068888528937404,2.814500495979458e-05,False,False
opioid_ed,55_64,extreme,200,item_cpt_83540,cpt,0.0033327119860309,0.0066609282312639,4.495740797907871e-06,False,False
opioid_ed,55_64,extreme,201,item_cpt_83615,cpt,0.0032412583367903,0.0064649143756983,1.760229788240951e-05,False,False
opioid_ed,55_64,extreme,202,item_cpt_93971,cpt,0.0029616681933141,0.0058911801808022,3.215620582616958e-05,False,False
opioid_ed,55_64,extreme,203,item_icd_J069,icd,0.0027289774324039,0.0054246071327201,3.334773208780228e-05,False,False
opioid_ed,55_64,extreme,204,item_icd_G4730,icd,0.0025218318642957,0.0050077043347379,3.595939385353307e-05,False,False
opioid_ed,55_64,extreme,205,item_drug_FLUCONAZOLE,drug,0.0024568631496603,0.0048737080532602,4.00182460604889e-05,False,False
opioid_ed,55_64,extreme,206,item_icd_H2513,icd,0.00243337384479,0.0048584754523369,8.27223724323485e-06,False,False
opioid_ed,55_64,extreme,207,item_cpt_00810,cpt,0.0023859718420415,0.0047443539719173,2.7589712165829523e-05,False,False
opioid_ed,55_64,extreme,208,item_icd_M4802,icd,0.0022514114607285,0.0044798239506909,2.29989707661662e-05,False,False
opioid_ed,55_64,extreme,209,item_cpt_86706,cpt,0.0022011559557687,0.0043888087675362,1.350314400132182e-05,False,False
opioid_ed,55_64,extreme,210,item_cpt_45378,cpt,0.0021277013271471,0.0042336498330722,2.175282122190402e-05,False,False
opioid_ed,55_64,extreme,211,item_cpt_84156,cpt,0.0021040408725207,0.0042052434492539,2.838295787546468e-06,False,False
opioid_ed,55_64,extreme,212,item_drug_NYSTATIN,drug,0.0018644954191181,0.0037022828255123,2.67080127240334e-05,False,False
opioid_ed,55_64,extreme,213,item_cpt_72100,cpt,0.0018581880021355,0.0036935435809912,2.2832423279825616e-05,False,False
opioid_ed,55_64,extreme,214,item_icd_M25512,icd,0.0018422921689256,0.0036732545034457,1.132983440553557e-05,False,False
opioid_ed,55_64,extreme,215,item_icd_V700,icd,0.0018242162677508,0.0035518337993874,9.659873611418728e-05,False,False
opioid_ed,55_64,extreme,216,item_cpt_20610,cpt,0.001816534888601,0.0036231396128699,9.930164332165114e-06,False,False
opioid_ed,55_64,extreme,217,item_cpt_71250,cpt,0.0017820738556025,0.0035592935682529,4.854142952064006e-06,False,False
opioid_ed,55_64,extreme,218,item_drug_FUROSEMIDE,drug,0.0017710813461581,0.0035312641167063,1.089857561008642e-05,False,False
opioid_ed,55_64,extreme,219,item_icd_L570,icd,0.0017155349771973,0.0034134689426833,1.760101171139266e-05,False,False
opioid_ed,55_64,extreme,220,item_drug_TRULICITY,drug,0.0015034144432851,0.0029780451587187,2.8783727851510957e-05,False,False
opioid_ed,55_64,extreme,221,item_icd_J9601,icd,0.0014593001743637,0.0029156237784841,2.976570243293453e-06,False,False
opioid_ed,55_64,extreme,222,item_cpt_72148,cpt,0.0014538067724973,0.0028966379093667,1.0975635627867471e-05,False,False
opioid_ed,55_64,extreme,223,item_icd_M797,icd,0.0014188188196829,0.0028298491754455,7.788463920273952e-06,False,False
opioid_ed,55_64,extreme,224,item_icd_R079,icd,0.0013556982191123,0.00270021396545,1.1182472774654602e-05,False,False
opioid_ed,55_64,extreme,225,item_cpt_92567,cpt,0.0013403650059565,0.0026623153450957,1.8414666817335934e-05,False,False
opioid_ed,55_64,extreme,226,item_icd_R0789,icd,0.0013319647949714,0.0026566088348105,7.320755132432229e-06,False,False
opioid_ed,55_64,extreme,227,item_cpt_74022,cpt,0.0012952950940406,0.0025888428690738,1.7473190074680537e-06,False,False
opioid_ed,55_64,extreme,228,item_icd_N179,icd,0.0012345002312885,0.0024664786127966,2.521849780441039e-06,False,False
opioid_ed,55_64,extreme,229,item_cpt_99291,cpt,0.0012289727357737,0.0024545825605003,3.3629110471350475e-06,False,False
opioid_ed,55_64,extreme,230,item_cpt_99199,cpt,0.0012133011572891,0.0024224405335617,4.161781016555353e-06,False,False
opioid_ed,55_64,extreme,231,item_cpt_88342,cpt,0.0012112327165281,0.0024199906483015,2.474784754816437e-06,False,False
opioid_ed,55_64,extreme,232,item_drug_OMEPRAZOLE,drug,0.0012087246971435,0.0024024596330494,1.4989761237712295e-05,False,False
opioid_ed,55_64,extreme,233,item_cpt_92134,cpt,0.0012034144341853,0.0024018664882385,4.9623801321934586e-06,False,False
opioid_ed,55_64,extreme,234,item_cpt_73562,cpt,0.0011639920495759,0.0023239884417858,3.995657365966067e-06,False,False
opioid_ed,55_64,extreme,235,item_cpt_93016,cpt,0.001134889211868,0.0022682474880439,1.5309356920988963e-06,False,False
opioid_ed,55_64,extreme,236,item_icd_E538,icd,0.0011251959489978,0.0022434048592497,6.987038745988713e-06,False,False
opioid_ed,55_64,extreme,237,item_cpt_84436,cpt,0.0010930425706787,0.0021830887155547,2.996425802819162e-06,False,False
opioid_ed,55_64,extreme,238,item_cpt_86803,cpt,0.0010064398516916,0.0020087133899683,4.166313414905623e-06,False,False
opioid_ed,55_64,extreme,239,item_cpt_93018,cpt,0.0009923429503865,0.0019798850514125,4.800849360615354e-06,False,False
opioid_ed,55_64,extreme,240,item_cpt_87077,cpt,0.000984598416896,0.0019664927874045,2.7040463875073453e-06,False,False
opioid_ed,55_64,extreme,241,item_icd_Z125,icd,0.0009769067876622,0.001947044827243,6.7687480814028085e-06,False,False
opioid_ed,55_64,extreme,242,item_cpt_72110,cpt,0.0009564350193174,0.0019069050304234,5.9650082115215376e-06,False,False
opioid_ed,55_64,extreme,243,item_cpt_77063,cpt,0.0009529525090927,0.0018999611003519,5.943917833594668e-06,False,False
opioid_ed,55_64,extreme,244,item_cpt_73564,cpt,0.000936915400379,0.0018706001704567,3.2306303014421857e-06,False,False
opioid_ed,55_64,extreme,245,item_drug_ASPIRIN,drug,0.0009119137632041,0.0018149555438509,8.871982557391832e-06,False,False
opioid_ed,55_64,extreme,246,item_icd_J439,icd,0.0008404418951975,0.0016773883526161,3.4954377789239444e-06,False,False
opioid_ed,55_64,extreme,247,item_drug_LANSOPRAZOLE,drug,0.0008306498282811,0.0016439628363914,1.7336820170846123e-05,False,False
opioid_ed,55_64,extreme,248,item_icd_E7800,icd,0.0008276920493884,0.0016519401891077,3.443909669202133e-06,False,False
opioid_ed,55_64,extreme,249,item_cpt_99244,cpt,0.0008262747245565,0.0016502722638056,2.277185307573509e-06,False,False
opioid_ed,55_64,extreme,250,item_cpt_87081,cpt,0.0007793344413189,0.0015570677323729,1.6011502648708448e-06,False,False
opioid_ed,55_64,extreme,251,item_cpt_82947,cpt,0.0007631504466713,0.0015231178265758,3.183066766767326e-06,False,False
opioid_ed,55_64,extreme,252,item_cpt_87880,cpt,0.0007483868898877,0.0014920687287194,4.7050510560435625e-06,False,False
opioid_ed,55_64,extreme,253,item_icd_E291,icd,0.0007026827064558,0.0014009371502753,4.428262636421133e-06,False,False
opioid_ed,55_64,extreme,254,item_icd_J441,icd,0.0006794587951609,0.0013546299736661,4.287616655635293e-06,False,False
opioid_ed,55_64,extreme,255,item_cpt_17000,cpt,0.0005624394733582,0.0011233130952503,1.5658514662070869e-06,False,False
opioid_ed,55_64,extreme,256,item_cpt_82274,cpt,0.0005221988040078,0.0010425641685812,1.833439434598878e-06,False,False
opioid_ed,55_64,extreme,257,item_cpt_84154,cpt,0.0005108371910646,0.0010165744266907,5.0999554385671815e-06,False,False
opioid_ed,55_64,extreme,258,item_cpt_45385,cpt,0.0004951982138474,0.0009886539539421,1.742473752729184e-06,False,False
opioid_ed,55_64,extreme,259,item_cpt_52000,cpt,0.0004929694060207,0.0009849169147764,1.021897265006959e-06,False,False
opioid_ed,55_64,extreme,260,item_cpt_73080,cpt,0.0004719852079693,0.0009429909650555,9.794508830373069e-07,False,False
opioid_ed,55_64,extreme,261,item_drug_GLIPIZIDE,drug,0.0004266614122389,0.0008499448847816,3.37793969634825e-06,False,False
opioid_ed,55_64,extreme,262,item_cpt_82248,cpt,0.0004237911353432,0.0008460803692157,1.5019014708698478e-06,False,False
opioid_ed,55_64,extreme,263,item_icd_R350,icd,0.0004208605820056,0.0008396139739411,2.1071900702172903e-06,False,False
opioid_ed,55_64,extreme,264,item_drug_VALSARTAN,drug,0.0004067516147399,0.0008093821734432,4.121056036687718e-06,False,False
opioid_ed,55_64,extreme,265,item_cpt_90472,cpt,0.0003843495291936,0.0007661986485299,2.500409857272844e-06,False,False
opioid_ed,55_64,extreme,266,item_cpt_87804,cpt,0.000372304731978,0.0007438316445839,7.778193721034106e-07,False,False
opioid_ed,55_64,extreme,267,item_cpt_85379,cpt,0.0003682214831674,0.0007354007516018,1.042214733066125e-06,False,False
opioid_ed,55_64,extreme,268,item_icd_Z86010,icd,0.0003202697767733,0.0006401075180429,4.320355037614749e-07,False,False
opioid_ed,55_64,extreme,269,item_cpt_88175,cpt,0.0003106268072356,0.0006208345870797,4.190273915257528e-07,False,False
opioid_ed,55_64,extreme,270,item_cpt_73560,cpt,0.0002871894671119,0.0005737732841687,6.056500552155138e-07,False,False
opioid_ed,55_64,extreme,271,item_cpt_87902,cpt,0.0002646490825539,0.0005289411604573,3.570046504329036e-07,False,False
opioid_ed,55_64,extreme,272,item_icd_B1920,icd,0.0002571221783075,0.0005138975055605,3.468510546094205e-07,False,False
opioid_ed,55_64,extreme,273,item_drug_LEVETIRACETAM,drug,0.0002202690752428,0.0004402410132976,2.971371880431092e-07,False,False
opioid_ed,55_64,extreme,274,item_icd_L821,icd,0.000181248480277,0.0003622524611222,2.4449943192088453e-07,False,False
opioid_ed,55_64,extreme,275,item_cpt_72170,cpt,0.000161280981674,0.000322210998254,3.509650940355285e-07,False,False
opioid_ed,55_64,extreme,276,item_cpt_92004,cpt,0.0001563503025082,0.0003122296222933,4.70982723209183e-07,False,False
opioid_ed,55_64,extreme,277,item_icd_J029,icd,0.0001550603742205,0.0003099115760753,2.0917236576225055e-07,False,False
opioid_ed,55_64,extreme,278,item_icd_R51,icd,0.0001359424883999,0.0002717015939591,1.833828407106492e-07,False,False
opioid_ed,55_64,extreme,279,item_drug_MUPIROCIN,drug,0.0001200589456109,0.0002399559348625,1.619563593251743e-07,False,False
opioid_ed,55_64,extreme,280,item_drug_TORSEMIDE,drug,8.230345422792235e-05,0.0001644156973961,1.912110596529276e-07,False,False
opioid_ed,55_64,extreme,281,item_cpt_97035,cpt,7.665631464458295e-05,0.0001530565118285,2.5611746065077964e-07,False,True
opioid_ed,55_64,extreme,282,item_drug_SHINGRIX,drug,6.473327249251265e-05,0.0001291743186779,2.9222630707590057e-07,False,False
opioid_ed,55_64,extreme,283,item_cpt_64495,cpt,4.823643225323796e-05,9.635056348206777e-05,1.2230102440817264e-07,False,False
opioid_ed,55_64,extreme,284,item_cpt_00811,cpt,4.241400739844157e-05,8.471749124754314e-05,1.1052354933999353e-07,False,False
opioid_ed,55_64,extreme,285,item_icd_Z131,icd,2.4422713068650077e-05,4.8771294989012585e-05,7.413114828756256e-08,False,False
opioid_ed,55_64,high,1,pgx_num_drugs,pgx,0.9999999993832104,0.9999999999245714,0.9999999988418494,True,False
opioid_ed,55_64,high,2,pgx_num_cpic_drugs,pgx,0.8069147535575811,0.9070100193954967,0.7068194877196654,True,False
opioid_ed,55_64,high,3,item_cpt_99396,cpt,0.2600641361406695,0.3963703853894301,0.123757886891909,True,False
opioid_ed,55_64,high,4,item_cpt_80061,cpt,0.1715044339940365,0.2856367998826726,0.0573720681054004,True,False
opioid_ed,55_64,high,5,item_cpt_93010,cpt,0.1517255361902882,0.2570293204288482,0.0464217519517283,True,False
opioid_ed,55_64,high,6,item_cpt_99213,cpt,0.146134566252353,0.2205612510651371,0.0717078814395689,True,False
opioid_ed,55_64,high,7,item_cpt_99214,cpt,0.1204551816907186,0.1847654724106583,0.0561448909707789,True,False
opioid_ed,55_64,high,8,item_icd_Z79891,icd,0.1093614554506652,0.1762843531616786,0.0424385577396518,True,False
opioid_ed,55_64,high,9,item_cpt_85025,cpt,0.1044018154402547,0.1785416467238729,0.0302619841566365,True,False
opioid_ed,55_64,high,10,item_cpt_36415,cpt,0.1038034619888733,0.1701490831781773,0.0374578407995692,True,False
opioid_ed,55_64,high,11,item_icd_G8929,icd,0.0971587948747195,0.1624944420474133,0.0318231477020257,True,False
opioid_ed,55_64,high,12,item_cpt_99284,cpt,0.0922490818439531,0.1626412081169537,0.0218569555709526,True,False
opioid_ed,55_64,high,13,item_icd_M542,icd,0.0897130611021752,0.1543559156803702,0.0250702065239801,True,False
opioid_ed,55_64,high,14,item_icd_M545,icd,0.0853561339137199,0.1491555895454025,0.0215566782820374,True,False
opioid_ed,55_64,high,15,item_drug_PREDNISONE,drug,0.0834614623645143,0.1534032767500222,0.0135196479790064,True,False
opioid_ed,55_64,high,16,item_drug_AMOXICILLIN,drug,0.0793967936020009,0.1420095148187926,0.0167840723852092,True,False
opioid_ed,55_64,high,17,item_cpt_84153,cpt,0.0778725910743171,0.1342551095981589,0.0214900725504754,True,False
opioid_ed,55_64,high,18,item_cpt_90471,cpt,0.0755999146891699,0.1266492599308803,0.0245505694474594,True,False
opioid_ed,55_64,high,19,item_icd_G894,icd,0.0755412346487375,0.1315374178359536,0.0195450514615213,True,False
opioid_ed,55_64,high,20,item_cpt_99232,cpt,0.0752527775980947,0.1370389304984999,0.0134666246976895,True,False
opioid_ed,55_64,high,21,item_cpt_80048,cpt,0.0678209779254996,0.1201063386800024,0.0155356171709967,False,False
opioid_ed,55_64,high,22,item_drug_AZITHROMYCIN,drug,0.0643536508942794,0.1206020144359055,0.0081052873526534,False,False
opioid_ed,55_64,high,23,item_cpt_85027,cpt,0.0632352825012706,0.1164423296878638,0.0100282353146774,False,False
opioid_ed,55_64,high,24,item_icd_J449,icd,0.0627007601309972,0.1078132967496278,0.0175882235123666,False,False
opioid_ed,55_64,high,25,item_cpt_99233,cpt,0.0616973555426136,0.1131527409304233,0.010241970154804,False,False
opioid_ed,55_64,high,26,item_cpt_76942,cpt,0.0600223021810201,0.109369095030894,0.0106755093311462,False,False
opioid_ed,55_64,high,27,item_cpt_99285,cpt,0.0586674240907529,0.1054079249929619,0.0119269231885439,False,False
opioid_ed,55_64,high,28,item_icd_I10,icd,0.0573592873319441,0.1008238030808028,0.0138947715830853,False,False
opioid_ed,55_64,high,29,item_cpt_97110,cpt,0.0571747129786297,0.1067422571489978,0.0076071688082617,False,True
opioid_ed,55_64,high,30,item_cpt_96372,cpt,0.0516033131044834,0.0939984224585468,0.0092082037504199,False,False
opioid_ed,55_64,high,31,item_icd_Z79899,icd,0.0503500850647251,0.0934404344771809,0.0072597356522693,False,False
opioid_ed,55_64,high,32,item_cpt_82570,cpt,0.0498972633540177,0.0913966848411456,0.0083978418668898,False,False
opioid_ed,55_64,high,33,item_cpt_99215,cpt,0.048991963167594,0.0907207573916189,0.0072631689435691,False,False
opioid_ed,55_64,high,34,item_cpt_80050,cpt,0.0480775212077472,0.0893346961789681,0.0068203462365264,False,False
opioid_ed,55_64,high,35,item_cpt_80053,cpt,0.0448429170450093,0.0782627696070232,0.0114230644829955,False,False
opioid_ed,55_64,high,36,item_drug_LISINOPRIL,drug,0.0446230356965306,0.0850784752663072,0.0041675961267539,False,False
opioid_ed,55_64,high,37,item_cpt_92014,cpt,0.0415581028152448,0.0753741162894664,0.0077420893410232,False,False
opioid_ed,55_64,high,38,item_cpt_99205,cpt,0.0408633757340974,0.0764327210583793,0.0052940304098155,False,False
opioid_ed,55_64,high,39,item_cpt_93306,cpt,0.036669938787753,0.069959374742378,0.0033805028331279,False,False
opioid_ed,55_64,high,40,item_icd_Z1211,icd,0.0347455922827537,0.0649477857835879,0.0045433987819195,False,False
opioid_ed,55_64,high,41,item_cpt_83036,cpt,0.034732197959197,0.0633029786752974,0.0061614172430967,False,False
opioid_ed,55_64,high,42,item_cpt_99212,cpt,0.0337757906270589,0.0641686058523503,0.0033829754017675,False,False
opioid_ed,55_64,high,43,item_cpt_99223,cpt,0.0317360474100626,0.0610180286529866,0.0024540661671386,False,False
opioid_ed,55_64,high,44,item_cpt_82728,cpt,0.0302070340249496,0.058115835968696,0.0022982320812032,False,False
opioid_ed,55_64,high,45,item_cpt_83550,cpt,0.0297442752924581,0.0567274126863696,0.0027611378985466,False,False
opioid_ed,55_64,high,46,item_cpt_71260,cpt,0.0295590154092823,0.0555856307023934,0.0035324001161712,False,False
opioid_ed,55_64,high,47,item_cpt_92250,cpt,0.02893346519228,0.0547923429801514,0.0030745874044086,False,False
opioid_ed,55_64,high,48,item_icd_M5416,icd,0.0278077848434231,0.0525426673313402,0.0030729023555059,False,False
opioid_ed,55_64,high,49,item_drug_BENZONATATE,drug,0.0270817922294292,0.0509591597132812,0.0032044247455772,False,False
opioid_ed,55_64,high,50,item_cpt_99283,cpt,0.0270049537669571,0.0511726906650705,0.0028372168688436,False,False
opioid_ed,55_64,high,51,item_cpt_87522,cpt,0.0268818618238911,0.0487527021793906,0.0050110214683916,False,False
opioid_ed,55_64,high,52,item_cpt_88305,cpt,0.0267263351032981,0.050612247835046,0.0028404223715502,False,False
opioid_ed,55_64,high,53,item_cpt_97530,cpt,0.0254775526269057,0.0488572420612905,0.002097863192521,False,True
opioid_ed,55_64,high,54,item_cpt_83690,cpt,0.0252074650050577,0.0479505950681756,0.0024643349419397,False,False
opioid_ed,55_64,high,55,item_cpt_84550,cpt,0.0251112872365304,0.0473563787299413,0.0028661957431195,False,False
opioid_ed,55_64,high,56,item_cpt_85651,cpt,0.0235260232186362,0.0437800422047525,0.00327200423252,False,False
opioid_ed,55_64,high,57,item_cpt_96361,cpt,0.0234555711461005,0.0443325496165365,0.0025785926756644,False,False
opioid_ed,55_64,high,58,item_icd_G4733,icd,0.0230871752060747,0.0439310528515656,0.0022432975605839,False,False
opioid_ed,55_64,high,59,item_drug_NAPROXEN,drug,0.022848696718558,0.0432130118221351,0.0024843816149809,False,False
opioid_ed,55_64,high,60,item_icd_M25511,icd,0.0221827006118918,0.0420070348602994,0.0023583663634842,False,False
opioid_ed,55_64,high,61,item_cpt_90834,cpt,0.0221604134319695,0.0410832039265746,0.0032376229373644,False,False
opioid_ed,55_64,high,62,item_cpt_96375,cpt,0.0221198655281177,0.0425420170810717,0.0016977139751637,False,False
opioid_ed,55_64,high,63,item_icd_M1712,icd,0.0212835958298319,0.0401242863805112,0.0024429052791525,False,False
opioid_ed,55_64,high,64,item_cpt_73502,cpt,0.0206776033445167,0.0393836004248431,0.0019716062641904,False,False
opioid_ed,55_64,high,65,item_cpt_81001,cpt,0.019650722560143,0.0374275340269324,0.0018739110933536,False,False
opioid_ed,55_64,high,66,item_cpt_84439,cpt,0.0195692025947922,0.0377588969799338,0.0013795082096507,False,False
opioid_ed,55_64,high,67,item_drug_SIMVASTATIN,drug,0.0195103403577895,0.0377068506632608,0.0013138300523183,False,False
opioid_ed,55_64,high,68,item_icd_E785,icd,0.0193160361723369,0.0370286318910931,0.0016034404535807,False,False
opioid_ed,55_64,high,69,item_icd_M25551,icd,0.0193055163737236,0.0369844747255688,0.0016265580218784,False,False
opioid_ed,55_64,high,70,item_cpt_71020,cpt,0.0189108976375876,0.0360066664972873,0.001815128777888,False,False
opioid_ed,55_64,high,71,item_icd_R0602,icd,0.0188767027779912,0.0355068810485961,0.0022465245073864,False,False
opioid_ed,55_64,high,72,item_icd_D649,icd,0.0184626707952559,0.0357403286370039,0.0011850129535078,False,False
opioid_ed,55_64,high,73,item_cpt_99203,cpt,0.0182215275736453,0.0339822609120098,0.0024607942352808,False,False
opioid_ed,55_64,high,74,item_cpt_92015,cpt,0.0179528537642697,0.034605981456439,0.0012997260721004,False,False
opioid_ed,55_64,high,75,item_cpt_85730,cpt,0.0178914872631307,0.0348514194432035,0.0009315550830578,False,False
opioid_ed,55_64,high,76,item_cpt_74177,cpt,0.0178300209369347,0.034549484196576,0.0011105576772935,False,False
opioid_ed,55_64,high,77,item_icd_E559,icd,0.0177472151395369,0.0340872525712531,0.0014071777078207,False,False
opioid_ed,55_64,high,78,item_cpt_84443,cpt,0.0177076186832027,0.0333287247765138,0.0020865125898915,False,False
opioid_ed,55_64,high,79,item_icd_R109,icd,0.0173449960915792,0.0333146240846928,0.0013753680984656,False,False
opioid_ed,55_64,high,80,item_cpt_99221,cpt,0.017185405383622,0.033061795358414,0.00130901540883,False,False
opioid_ed,55_64,high,81,item_icd_D485,icd,0.0163342679111364,0.0309902569481717,0.0016782788741011,False,False
opioid_ed,55_64,high,82,item_cpt_83735,cpt,0.0163058101787156,0.0319838378483637,0.0006277825090676,False,False
opioid_ed,55_64,high,83,item_cpt_43239,cpt,0.0156913699891543,0.0305553732132869,0.0008273667650216,False,False
opioid_ed,55_64,high,84,item_drug_HYDROCHLOROTHIAZIDE,drug,0.015450876550262,0.0302967364981919,0.000605016602332,False,False
opioid_ed,55_64,high,85,item_icd_Z01419,icd,0.0151056444612679,0.0280286086029372,0.0021826803195985,False,False
opioid_ed,55_64,high,86,item_cpt_99204,cpt,0.0150825171815262,0.0290725813428718,0.0010924530201807,False,False
opioid_ed,55_64,high,87,item_drug_LORAZEPAM,drug,0.0143646024571689,0.0271393799458839,0.0015898249684538,False,False
opioid_ed,55_64,high,88,item_cpt_99231,cpt,0.0140505013878519,0.0272163235883265,0.0008846791873773,False,False
opioid_ed,55_64,high,89,item_icd_F319,icd,0.0140117021495368,0.0263964952017584,0.0016269090973152,False,False
opioid_ed,55_64,high,90,item_cpt_85610,cpt,0.0132486738863172,0.0256545748449774,0.000842772927657,False,False
opioid_ed,55_64,high,91,item_icd_E782,icd,0.0130459329992743,0.0254287421099597,0.000663123888589,False,False
opioid_ed,55_64,high,92,item_cpt_87340,cpt,0.0126065086340761,0.024555936434496,0.0006570808336561,False,False
opioid_ed,55_64,high,93,item_icd_E039,icd,0.0121967051305941,0.0239154476188847,0.0004779626423034,False,False
opioid_ed,55_64,high,94,item_cpt_99152,cpt,0.0120363546354879,0.0233067888488287,0.000765920422147,False,False
opioid_ed,55_64,high,95,item_cpt_97112,cpt,0.011996836723782,0.0233605464358993,0.0006331270116646,False,True
opioid_ed,55_64,high,96,item_cpt_80076,cpt,0.0116636789200774,0.0225776542437441,0.0007497035964107,False,False
opioid_ed,55_64,high,97,item_cpt_77067,cpt,0.0112614008004768,0.0218994332071817,0.0006233683937718,False,False
opioid_ed,55_64,high,98,item_cpt_82550,cpt,0.0112199638217421,0.0218332347296081,0.0006066929138761,False,False
opioid_ed,55_64,high,99,item_icd_M5136,icd,0.0109337567810466,0.0213254684523826,0.0005420451097106,False,False
opioid_ed,55_64,high,100,item_cpt_72131,cpt,0.0108376688812439,0.0203248722125982,0.0013504655498896,False,False
opioid_ed,55_64,high,101,item_cpt_74176,cpt,0.0106682741196825,0.0208904883889231,0.0004460598504419,False,False
opioid_ed,55_64,high,102,item_cpt_81003,cpt,0.0103130497854153,0.0193838841438009,0.0012422154270297,False,False
opioid_ed,55_64,high,103,item_icd_E1165,icd,0.0100236517176557,0.0197263210885021,0.0003209823468093,False,False
opioid_ed,55_64,high,104,item_drug_IBUPROFEN,drug,0.0095922808756351,0.0189278651607477,0.0002566965905226,False,False
opioid_ed,55_64,high,105,item_cpt_99238,cpt,0.0086765929201486,0.01699005027375,0.0003631355665471,False,False
opioid_ed,55_64,high,106,item_cpt_93000,cpt,0.0086373700284378,0.0163639812460134,0.0009107588108622,False,False
opioid_ed,55_64,high,107,item_cpt_84403,cpt,0.0083764807505899,0.0164460435832843,0.0003069179178954,False,False
opioid_ed,55_64,high,108,item_drug_ATENOLOL,drug,0.0083571553596726,0.0160340668324242,0.0006802438869211,False,False
opioid_ed,55_64,high,109,item_icd_F419,icd,0.0082440507145601,0.0161968042898104,0.0002912971393098,False,False
opioid_ed,55_64,high,110,item_cpt_85652,cpt,0.0081831679643138,0.0161796854658482,0.0001866504627793,False,False
opioid_ed,55_64,high,111,item_cpt_80051,cpt,0.0078910413028054,0.0154260125333544,0.0003560700722563,False,False
opioid_ed,55_64,high,112,item_cpt_92012,cpt,0.0077960974238083,0.0152911373512033,0.0003010574964133,False,False
opioid_ed,55_64,high,113,item_cpt_62323,cpt,0.0077251773581852,0.0147062568675341,0.0007440978488363,False,False
opioid_ed,55_64,high,114,item_cpt_97140,cpt,0.0076542076392271,0.015143932968288,0.0001644823101662,False,True
opioid_ed,55_64,high,115,item_cpt_73630,cpt,0.0076285769364405,0.0149874861217892,0.0002696677510918,False,False
opioid_ed,55_64,high,116,item_icd_M961,icd,0.0076044284163254,0.0146612117532865,0.0005476450793643,False,False
opioid_ed,55_64,high,117,item_cpt_92557,cpt,0.0075752515253734,0.0146577447201953,0.0004927583305515,False,False
opioid_ed,55_64,high,118,item_cpt_87624,cpt,0.0072947539384872,0.0143651262031777,0.0002243816737968,False,False
opioid_ed,55_64,high,119,item_drug_GABAPENTIN,drug,0.0071802362928098,0.0138750091996736,0.000485463385946,False,False
opioid_ed,55_64,high,120,item_icd_M25561,icd,0.007022957253338,0.0138298422365111,0.0002160722701648,False,False
opioid_ed,55_64,high,121,item_cpt_82043,cpt,0.0070226643619672,0.0138524369176662,0.0001928918062682,False,False
opioid_ed,55_64,high,122,item_cpt_20611,cpt,0.0069987642079728,0.0135554157747455,0.0004421126412001,False,False
opioid_ed,55_64,high,123,item_icd_M160,icd,0.0065711578115751,0.0126396348865931,0.0005026807365571,False,False
opioid_ed,55_64,high,124,item_cpt_82565,cpt,0.0064969203478012,0.0128497649011366,0.0001440757944659,False,False
opioid_ed,55_64,high,125,item_cpt_90670,cpt,0.0062571346070749,0.012379638127079,0.0001346310870708,False,False
opioid_ed,55_64,high,126,item_cpt_73610,cpt,0.006173204045345,0.0121563145861928,0.0001900935044971,False,False
opioid_ed,55_64,high,127,item_cpt_96376,cpt,0.0060987267729279,0.0120580933447147,0.000139360201141,False,False
opioid_ed,55_64,high,128,item_cpt_99243,cpt,0.0060751466462952,0.0119631976116589,0.0001870956809315,False,False
opioid_ed,55_64,high,129,item_drug_ALPRAZOLAM,drug,0.0058229823364143,0.0114550652674895,0.0001908994053391,False,False
opioid_ed,55_64,high,130,item_cpt_82962,cpt,0.0058100071193609,0.0114949369130368,0.0001250773256849,False,False
opioid_ed,55_64,high,131,item_cpt_71010,cpt,0.0056909315307545,0.0111915134082901,0.0001903496532189,False,False
opioid_ed,55_64,high,132,item_cpt_77052,cpt,0.0054175819165334,0.0107546889647443,8.047486832255828e-05,False,False
opioid_ed,55_64,high,133,item_cpt_93005,cpt,0.0053739845664973,0.0104526418447785,0.0002953272882162,False,False
opioid_ed,55_64,high,134,item_cpt_86140,cpt,0.0052636916824869,0.0103929732083328,0.0001344101566411,False,False
opioid_ed,55_64,high,135,item_icd_I2510,icd,0.0048650863691012,0.0095961707783111,0.0001340019598913,False,False
opioid_ed,55_64,high,136,item_icd_M4806,icd,0.0046775613641824,0.0092667422915854,8.838043677942776e-05,False,False
opioid_ed,55_64,high,137,item_icd_M47816,icd,0.0046696966422246,0.0091952652039575,0.0001441280804917,False,False
opioid_ed,55_64,high,138,item_cpt_90837,cpt,0.0046511544276276,0.0091403369860248,0.0001619718692304,False,False
opioid_ed,55_64,high,139,item_cpt_99202,cpt,0.0046337203925553,0.0090424429189815,0.0002249978661292,False,False
opioid_ed,55_64,high,140,item_cpt_45380,cpt,0.0045132680378926,0.0089412313912971,8.530468448821171e-05,False,False
opioid_ed,55_64,high,141,item_cpt_11100,cpt,0.0045019052237518,0.0088886906715805,0.000115119775923,False,False
opioid_ed,55_64,high,142,item_cpt_90715,cpt,0.0044326145749303,0.0087548121596983,0.0001104169901623,False,False
opioid_ed,55_64,high,143,item_cpt_94010,cpt,0.0043853947987911,0.0086703002063567,0.0001004893912256,False,False
opioid_ed,55_64,high,144,item_icd_R600,icd,0.0043828818836827,0.0086130448944666,0.0001527188728989,False,False
opioid_ed,55_64,high,145,item_icd_N390,icd,0.0043511368108316,0.0086229181449748,7.935547668840151e-05,False,False
opioid_ed,55_64,high,146,item_cpt_97161,cpt,0.0040428519205189,0.0080336583219481,5.2045519089711015e-05,False,True
opioid_ed,55_64,high,147,item_icd_B182,icd,0.0038841346135839,0.0076662075269498,0.000102061700218,False,False
opioid_ed,55_64,high,148,item_cpt_94640,cpt,0.0038528014741899,0.0076378321521147,6.77707962651701e-05,False,False
opioid_ed,55_64,high,149,item_cpt_99386,cpt,0.0038388620573402,0.0075387067133514,0.000139017401329,False,False
opioid_ed,55_64,high,150,item_cpt_72040,cpt,0.0037677234396253,0.00743390235627,0.0001015445229806,False,False
opioid_ed,55_64,high,151,item_cpt_82306,cpt,0.0036464472294075,0.0071177448443059,0.0001751496145092,False,False
opioid_ed,55_64,high,152,item_cpt_87086,cpt,0.0036121920364199,0.0071462674047967,7.811666804315107e-05,False,False
opioid_ed,55_64,high,153,item_icd_J0100,icd,0.0035825241042865,0.0070636707315755,0.0001013774769975,False,False
opioid_ed,55_64,high,154,item_icd_E119,icd,0.0035208726063236,0.0069048322558703,0.0001369129567768,False,False
opioid_ed,55_64,high,155,item_icd_R05,icd,0.003455095984095,0.0068586421841006,5.154978408947356e-05,False,False
opioid_ed,55_64,high,156,item_cpt_96374,cpt,0.0034515157974445,0.0067778788137917,0.0001251527810973,False,False
opioid_ed,55_64,high,157,item_drug_CARVEDILOL,drug,0.0034404517519776,0.0067743560582308,0.0001065474457244,False,False
opioid_ed,55_64,high,158,item_cpt_90791,cpt,0.0034330099709476,0.0067802575910282,8.576235086704123e-05,False,False
opioid_ed,55_64,high,159,item_cpt_86038,cpt,0.0033567285624562,0.0066815128765744,3.194424833814412e-05,False,False
opioid_ed,55_64,high,160,item_cpt_86200,cpt,0.0033407533949364,0.0065471135233104,0.0001343932665624,False,False
opioid_ed,55_64,high,161,item_cpt_99222,cpt,0.0033240371054171,0.0065012565623616,0.0001468176484725,False,False
opioid_ed,55_64,high,162,item_icd_Z01818,icd,0.0033235380296756,0.0065729014293971,7.417462995413149e-05,False,False
opioid_ed,55_64,high,163,item_cpt_80047,cpt,0.0032882270643086,0.0065008564682974,7.559766031993092e-05,False,False
opioid_ed,55_64,high,164,item_cpt_84481,cpt,0.0031159596302076,0.0062001254665534,3.179379386190341e-05,False,False
opioid_ed,55_64,high,165,item_drug_MELOXICAM,drug,0.003082841487639,0.0061384076600003,2.7275315277706745e-05,False,False
opioid_ed,55_64,high,166,item_cpt_82270,cpt,0.0030247315552123,0.0059236328823201,0.0001258302281045,False,False
opioid_ed,55_64,high,167,item_cpt_84520,cpt,0.0029516147339015,0.0058491473015285,5.408216627456402e-05,False,False
opioid_ed,55_64,high,168,item_icd_J189,icd,0.0027920859658075,0.0055254543735884,5.871755802677464e-05,False,False
opioid_ed,55_64,high,169,item_icd_Z1231,icd,0.0027903017805655,0.0054809656884394,9.963787269152066e-05,False,False
opioid_ed,55_64,high,170,item_icd_M549,icd,0.0027702040329286,0.0054747051878816,6.570287797560728e-05,False,False
opioid_ed,55_64,high,171,item_drug_CLOPIDOGREL,drug,0.0026237362513707,0.0052188531580737,2.8619344667697867e-05,False,False
opioid_ed,55_64,high,172,item_cpt_84484,cpt,0.0026207670992905,0.0051881278923346,5.34063062464904e-05,False,False
opioid_ed,55_64,high,173,item_icd_J209,icd,0.0025753972007864,0.0051226942599722,2.8100141600598948e-05,False,False
opioid_ed,55_64,high,174,item_icd_M25552,icd,0.0025434172343136,0.0050469999820076,3.98344866195993e-05,False,False
opioid_ed,55_64,high,175,item_icd_I4891,icd,0.0023902426943418,0.0047204422581677,6.004313051605455e-05,False,False
opioid_ed,55_64,high,176,item_icd_R739,icd,0.0023767954946006,0.0047163231100016,3.726787919965591e-05,False,False
opioid_ed,55_64,high,177,item_cpt_99239,cpt,0.0023255056166565,0.0045972550858804,5.375614743271994e-05,False,False
opioid_ed,55_64,high,178,item_icd_M47817,icd,0.0022101948816925,0.0043752133453963,4.517641798876235e-05,False,False
opioid_ed,55_64,high,179,item_cpt_97001,cpt,0.0021764379562397,0.0043350066306326,1.78692818468552e-05,False,True
opioid_ed,55_64,high,180,item_cpt_87088,cpt,0.002170982437618,0.004312293298255,2.96715769810334e-05,False,False
opioid_ed,55_64,high,181,item_drug_FLUCONAZOLE,drug,0.0021660062295716,0.0042965214831425,3.54909760007962e-05,False,False
opioid_ed,55_64,high,182,item_icd_J069,icd,0.0021272792082267,0.0042283701869862,2.6188229467255893e-05,False,False
opioid_ed,55_64,high,183,item_cpt_71045,cpt,0.0020381567485731,0.0040414926373093,3.4820859837002625e-05,False,False
opioid_ed,55_64,high,184,item_drug_CEPHALEXIN,drug,0.002024536258097,0.0040310422874508,1.803022874329793e-05,False,False
opioid_ed,55_64,high,185,item_icd_V700,icd,0.0019859963472641,0.0038664859244187,0.0001055067701095,False,False
opioid_ed,55_64,high,186,item_icd_Z01810,icd,0.0019047544582335,0.0037925250711999,1.6983845267081724e-05,False,False
opioid_ed,55_64,high,187,item_cpt_84132,cpt,0.0018748509496951,0.0037278436003783,2.185829901185855e-05,False,False
opioid_ed,55_64,high,188,item_icd_K219,icd,0.0018466123644314,0.0036780159774162,1.5208751446602414e-05,False,False
opioid_ed,55_64,high,189,item_drug_LYRICA,drug,0.0018060111045051,0.0035946617876667,1.7360421343498347e-05,False,False
opioid_ed,55_64,high,190,item_cpt_83605,cpt,0.0017991827276903,0.003588489353703,9.876101677684655e-06,False,False
opioid_ed,55_64,high,191,item_cpt_82607,cpt,0.0017946465855619,0.003552446386501,3.68467846227934e-05,False,False
opioid_ed,55_64,high,192,item_cpt_71275,cpt,0.0016868188191073,0.003364366603886,9.271034328697643e-06,False,False
opioid_ed,55_64,high,193,item_cpt_71046,cpt,0.0016721918749808,0.0033305819573022,1.3801792659487324e-05,False,False
opioid_ed,55_64,high,194,item_cpt_72125,cpt,0.0016583184109553,0.0033006653864717,1.5971435438903264e-05,False,False
opioid_ed,55_64,high,195,item_cpt_81002,cpt,0.0016402243531765,0.0032612671065172,1.918159983584799e-05,False,False
opioid_ed,55_64,high,196,item_cpt_70450,cpt,0.0015386412369322,0.0030571454644212,2.0137009443276128e-05,False,False
opioid_ed,55_64,high,197,item_icd_L570,icd,0.0014622395656832,0.0029093431589044,1.5135972462064252e-05,False,False
opioid_ed,55_64,high,198,item_icd_M4802,icd,0.0014460266603578,0.0028770806598606,1.4972660855053748e-05,False,False
opioid_ed,55_64,high,199,item_cpt_76705,cpt,0.0014291043547289,0.0028483452768675,9.86343259033656e-06,False,False
opioid_ed,55_64,high,200,item_cpt_20610,cpt,0.0013985589072434,0.0027893990282322,7.718786254647326e-06,False,False
opioid_ed,55_64,high,201,item_cpt_72050,cpt,0.0013192557626002,0.0026184418945704,2.0069630630035887e-05,False,False
opioid_ed,55_64,high,202,item_cpt_99282,cpt,0.0013149602123012,0.0026199122058316,1.0008218770762897e-05,False,False
opioid_ed,55_64,high,203,item_cpt_93971,cpt,0.0012406247438706,0.0024674859527793,1.3763534962019477e-05,False,False
opioid_ed,55_64,high,204,item_cpt_00810,cpt,0.0012258556879136,0.0024372570331794,1.4454342647909413e-05,False,False
opioid_ed,55_64,high,205,item_drug_OMEPRAZOLE,drug,0.0011884749986397,0.0023620981698125,1.4851827467037292e-05,False,False
opioid_ed,55_64,high,206,item_drug_FUROSEMIDE,drug,0.0011827268958529,0.0023580721601786,7.381631527322508e-06,False,False
opioid_ed,55_64,high,207,item_drug_NYSTATIN,drug,0.001167902242191,0.0023187736971907,1.7030787191323564e-05,False,False
opioid_ed,55_64,high,208,item_icd_G4730,icd,0.0011333831738587,0.0022502213736723,1.6544974045105264e-05,False,False
opioid_ed,55_64,high,209,item_cpt_96365,cpt,0.0010701358117061,0.0021388290967989,1.442526613339568e-06,False,False
opioid_ed,55_64,high,210,item_cpt_72100,cpt,0.0009942670530551,0.0019760274101629,1.250669594727876e-05,False,False
opioid_ed,55_64,high,211,item_cpt_45378,cpt,0.0009146162833051,0.0018196127700888,9.619796521566935e-06,False,False
opioid_ed,55_64,high,212,item_cpt_92567,cpt,0.0008966637202659,0.0017807420252505,1.2585415281336207e-05,False,False
opioid_ed,55_64,high,213,item_icd_M25512,icd,0.0008397090091218,0.0016741136905851,5.304327658589408e-06,False,False
opioid_ed,55_64,high,214,item_icd_E7800,icd,0.0008263563719321,0.0016492482422909,3.4645015733897827e-06,False,False
opioid_ed,55_64,high,215,item_icd_H2513,icd,0.0008202080990811,0.0016375595209787,2.8566771835922285e-06,False,False
opioid_ed,55_64,high,216,item_cpt_86706,cpt,0.0008061487313136,0.0016071963747927,5.101087834593455e-06,False,False
opioid_ed,55_64,high,217,item_cpt_83540,cpt,0.0007850666826645,0.0015690753817509,1.0579835780819934e-06,False,False
opioid_ed,55_64,high,218,item_cpt_77063,cpt,0.0007721900677796,0.0015394847001582,4.895435401105416e-06,False,False
opioid_ed,55_64,high,219,item_icd_R4182,icd,0.0007622295577404,0.0015217977655748,2.661349906147289e-06,False,False
opioid_ed,55_64,high,220,item_icd_R918,icd,0.0007516273741287,0.0015017039247707,1.550823486685503e-06,False,False
opioid_ed,55_64,high,221,item_drug_LANSOPRAZOLE,drug,0.0007461712196739,0.0014765122621145,1.5830177233429324e-05,False,False
opioid_ed,55_64,high,222,item_cpt_86803,cpt,0.0007262896833544,0.0014495192734712,3.06009323762853e-06,False,False
opioid_ed,55_64,high,223,item_icd_M797,icd,0.0007252073360974,0.0014463218104495,4.092861745367435e-06,False,False
opioid_ed,55_64,high,224,item_icd_R079,icd,0.0007072777075908,0.0014085370800213,6.0183351603261984e-06,False,False
opioid_ed,55_64,high,225,item_icd_Z125,icd,0.0006683322635431,0.0013319184929684,4.74603411775878e-06,False,False
opioid_ed,55_64,high,226,item_cpt_72148,cpt,0.0006440856386093,0.0012831253541368,5.045923081828412e-06,False,False
opioid_ed,55_64,high,227,item_drug_TRULICITY,drug,0.0006339774111977,0.0012552747374745,1.2680084921044267e-05,False,False
opioid_ed,55_64,high,228,item_cpt_99199,cpt,0.0006156957390055,0.0012292237944029,2.167683608147378e-06,False,False
opioid_ed,55_64,high,229,item_cpt_84156,cpt,0.0005880007633286,0.001175209374483,7.921521742326792e-07,False,False
opioid_ed,55_64,high,230,item_cpt_73562,cpt,0.0005570316659391,0.0011120932850752,1.9700468030308767e-06,False,False
opioid_ed,55_64,high,231,item_cpt_92134,cpt,0.0005457739825449,0.0010892174058778,2.330559212062774e-06,False,False
opioid_ed,55_64,high,232,item_cpt_82947,cpt,0.000539669175985,0.0010770324646512,2.305887318787002e-06,False,False
opioid_ed,55_64,high,233,item_cpt_99244,cpt,0.0005276598045441,0.0010538350337559,1.4845753322777629e-06,False,False
opioid_ed,55_64,high,234,item_cpt_93016,cpt,0.0005189411675589,0.0010371833406512,6.98994466626026e-07,False,False
opioid_ed,55_64,high,235,item_drug_ASPIRIN,drug,0.0005177297422488,0.0010302147921744,5.244692323205965e-06,False,False
opioid_ed,55_64,high,236,item_icd_E538,icd,0.0004937248794273,0.0009842406985246,3.2090603301601525e-06,False,False
opioid_ed,55_64,high,237,item_cpt_52000,cpt,0.000481135481862,0.0009612672744053,1.0036893186921608e-06,False,False
opioid_ed,55_64,high,238,item_cpt_87880,cpt,0.0004716629567812,0.0009402504594349,3.075454127576185e-06,False,False
opioid_ed,55_64,high,239,item_cpt_83615,cpt,0.0004660302528215,0.000929363284123,2.697221520017592e-06,False,False
opioid_ed,55_64,high,240,item_cpt_72110,cpt,0.0004658837260887,0.0009287269968612,3.0404553163183337e-06,False,False
opioid_ed,55_64,high,241,item_cpt_93018,cpt,0.0004642001911933,0.0009260561394828,2.3442429039050795e-06,False,False
opioid_ed,55_64,high,242,item_cpt_71250,cpt,0.0004592690088948,0.0009172378291573,1.3001886322819166e-06,False,False
opioid_ed,55_64,high,243,item_cpt_73564,cpt,0.0004491255680749,0.0008966446204711,1.606515678788536e-06,False,False
opioid_ed,55_64,high,244,item_cpt_90472,cpt,0.0004296983622763,0.0008565754064858,2.8213180667847257e-06,False,False
opioid_ed,55_64,high,245,item_drug_VALSARTAN,drug,0.0004283516518133,0.0008522991735872,4.404130039380556e-06,False,False
opioid_ed,55_64,high,246,item_icd_R0789,icd,0.0004117659457422,0.0008211268773186,2.405014165866792e-06,False,False
opioid_ed,55_64,high,247,item_icd_E291,icd,0.0004074981222301,0.0008123093702412,2.686874219047648e-06,False,False
opioid_ed,55_64,high,248,item_cpt_82274,cpt,0.0003967666665661,0.0007921032123998,1.4301207325683467e-06,False,False
opioid_ed,55_64,high,249,item_cpt_84154,cpt,0.0003947056574226,0.000785323610831,4.087704014291579e-06,False,False
opioid_ed,55_64,high,250,item_drug_GLIPIZIDE,drug,0.0003866148875681,0.0007700883004387,3.141474697553596e-06,False,False
opioid_ed,55_64,high,251,item_cpt_84436,cpt,0.0003647051606234,0.0007283650838218,1.045237424942785e-06,False,False
opioid_ed,55_64,high,252,item_cpt_87081,cpt,0.0003507420994228,0.000700744261147,7.399376985793809e-07,False,False
opioid_ed,55_64,high,253,item_cpt_45385,cpt,0.0003180021967844,0.0006348396270362,1.1647665327887236e-06,False,False
opioid_ed,55_64,high,254,item_cpt_17000,cpt,0.0003166733593142,0.0006324309785321,9.157400963303742e-07,False,False
opioid_ed,55_64,high,255,item_cpt_88175,cpt,0.0003121405693068,0.000623861107113,4.200315006524788e-07,False,False
opioid_ed,55_64,high,256,item_cpt_87077,cpt,0.0003093621569353,0.0006178282853226,8.960285479143718e-07,False,False
opioid_ed,55_64,high,257,item_icd_J439,icd,0.0003032599276117,0.0006051693894545,1.350465768897736e-06,False,False
opioid_ed,55_64,high,258,item_icd_R350,icd,0.0002896709124804,0.0005778202023444,1.5216226163902148e-06,False,False
opioid_ed,55_64,high,259,item_cpt_74022,cpt,0.0002883917632528,0.0005763955308764,3.87995629232668e-07,False,False
opioid_ed,55_64,high,260,item_cpt_88342,cpt,0.0002799697512032,0.0005593427186099,5.967837964953851e-07,False,False
opioid_ed,55_64,high,261,item_icd_B1920,icd,0.0002768698452187,0.0005533672372605,3.724531769590033e-07,False,False
opioid_ed,55_64,high,262,item_icd_J441,icd,0.0002558418194336,0.0005099151897121,1.7684491552147e-06,False,False
opioid_ed,55_64,high,263,item_cpt_99291,cpt,0.0002370396217748,0.0004733782019655,7.010415841429494e-07,False,False
opioid_ed,55_64,high,264,item_cpt_73560,cpt,0.0002196981011911,0.000438921332329,4.748700533270151e-07,False,False
opioid_ed,55_64,high,265,item_cpt_87902,cpt,0.0001752142350423,0.0003501931448983,2.3532518621643882e-07,False,False
opioid_ed,55_64,high,266,item_cpt_87804,cpt,0.0001686692528783,0.0003369668536823,3.716520742912609e-07,False,False
opioid_ed,55_64,high,267,item_icd_J9601,icd,0.0001642284355871,0.0003280942017088,3.6266946540988964e-07,False,False
opioid_ed,55_64,high,268,item_cpt_82248,cpt,0.000161815216058,0.0003229918529798,6.385791363456613e-07,False,False
opioid_ed,55_64,high,269,item_cpt_85379,cpt,0.0001445997031918,0.0002887475897335,4.5181665009161683e-07,False,False
opioid_ed,55_64,high,270,item_icd_Z86010,icd,0.000142641789871,0.0002850921930453,1.9138669672083454e-07,False,False
opioid_ed,55_64,high,271,item_icd_N179,icd,0.0001355053989741,0.000270706227654,3.045702942747215e-07,False,False
opioid_ed,55_64,high,272,item_icd_J029,icd,9.381950271374638e-05,0.0001875134773895,1.2552803796391472e-07,False,False
opioid_ed,55_64,high,273,item_drug_SHINGRIX,drug,8.826015185077872e-05,0.0001761295284957,3.9077520575908613e-07,False,False
opioid_ed,55_64,high,274,item_icd_L821,icd,8.238001121742465e-05,0.0001646499256601,1.1009677468897649e-07,False,False
opioid_ed,55_64,high,275,item_cpt_72170,cpt,7.505565607938225e-05,0.0001499290158428,1.8229631590518002e-07,False,False
opioid_ed,55_64,high,276,item_cpt_92004,cpt,7.3103863257204e-05,0.0001459486679959,2.5905851847726624e-07,False,False
opioid_ed,55_64,high,277,item_drug_LEVETIRACETAM,drug,6.236388391426626e-05,0.0001246446717409,8.309608761656321e-08,False,False
opioid_ed,55_64,high,278,item_cpt_73080,cpt,5.616957701623352e-05,0.000112195059302,1.4409473038525408e-07,False,False
opioid_ed,55_64,high,279,item_cpt_97035,cpt,3.639644751978001e-05,7.263280245924653e-05,1.6009258031348566e-07,False,True
opioid_ed,55_64,high,280,item_drug_MUPIROCIN,drug,3.4176950198717024e-05,6.830882697850146e-05,4.5073418932581095e-08,False,False
opioid_ed,55_64,high,281,item_icd_R51,icd,2.786728591612959e-05,5.56980098135713e-05,3.65620186878772e-08,False,False
opioid_ed,55_64,high,282,item_drug_TORSEMIDE,drug,2.6252135305099677e-05,5.242069101925854e-05,8.357959094080806e-08,False,False
opioid_ed,55_64,high,283,item_icd_Z131,icd,1.735179433178349e-05,3.463801212851256e-05,6.557653505441845e-08,False,False
opioid_ed,55_64,high,284,item_cpt_00811,cpt,1.4351940843262084e-05,2.864437306843684e-05,5.9508618087332986e-08,False,False
opioid_ed,55_64,high,285,item_drug_JARDIANCE,drug,7.631600635426723e-07,1.5263201270853449e-06,0.0,False,False
opioid_ed,55_64,high,286,item_cpt_64495,cpt,1.525463066702938e-08,0.0,3.050926133405876e-08,False,False
opioid_ed,85_114,low,1,event_rate_delta_per30,utilization_temporal,0.9999999993716828,0.9999999999381683,0.9999999988051976,True,False
opioid_ed,85_114,low,2,pgx_cpic_fraction,pgx,0.6721765672509716,0.6768782947042362,0.6674748397977069,True,False
opioid_ed,85_114,low,3,event_burstiness,utilization_temporal,0.5506317329268335,0.5544275553255993,0.5468359105280677,True,False
opioid_ed,85_114,low,4,pgx_non_cpic_drugs,pgx,0.386937898517819,0.3909115725545466,0.3829642244810913,True,False
opioid_ed,85_114,low,5,std_inter_event_days,utilization_temporal,0.3082433800556545,0.3844793221667012,0.2320074379446077,True,False
opioid_ed,85_114,low,6,item_cpt_99214,cpt,0.2013744828184508,0.2931054643452296,0.109643501291672,True,False
opioid_ed,85_114,low,7,recent90_event_count,utilization_temporal,0.1371901582679741,0.1762055883970345,0.0981747281389137,True,False
opioid_ed,85_114,low,8,item_icd_M545,icd,0.1114234472940259,0.1632323263284657,0.0596145682595861,True,False
opioid_ed,85_114,low,9,recent30_event_count,utilization_temporal,0.1077410641035146,0.1586600948775363,0.0568220333294929,True,False
opioid_ed,85_114,low,10,recent30_event_fraction,utilization_temporal,0.0968922037889632,0.1269009291913898,0.0668834783865367,True,False
opioid_ed,85_114,low,11,item_cpt_71020,cpt,0.0965402352857256,0.1563642881213108,0.0367161824501404,True,False
opioid_ed,85_114,low,12,item_cpt_83036,cpt,0.0920739920979378,0.1428084031661672,0.0413395810297085,True,False
opioid_ed,85_114,low,13,event_span_days,utilization_temporal,0.0895915754234974,0.1300848904138179,0.049098260433177,True,False
opioid_ed,85_114,low,14,item_cpt_81003,cpt,0.0846378899312117,0.1355080602624694,0.033767719599954,True,False
opioid_ed,85_114,low,15,item_cpt_20610,cpt,0.0728469572959142,0.1109126948836337,0.0347812197081947,True,False
opioid_ed,85_114,low,16,event_rate_ratio_late_vs_early,utilization_temporal,0.0673163437833067,0.1173540767014351,0.0172786108651784,True,False
opioid_ed,85_114,low,17,item_icd_I10,icd,0.0657733998647085,0.1118803545034395,0.0196664452259775,True,False
opioid_ed,85_114,low,18,pgx_num_drugs,pgx,0.0638167704935873,0.1035228786101264,0.0241106623770483,True,False
opioid_ed,85_114,low,19,item_cpt_99283,cpt,0.0533762540719006,0.0874120341970503,0.019340473946751,True,False
opioid_ed,85_114,low,20,item_cpt_80048,cpt,0.0527349519242142,0.0913487055712476,0.0141211982771808,True,False
opioid_ed,85_114,low,21,recent90_event_fraction,utilization_temporal,0.0526753224980002,0.0816416032844532,0.0237090417115472,False,False
opioid_ed,85_114,low,22,item_cpt_85025,cpt,0.0484069187123605,0.085791827739632,0.011022009685089,False,False
opioid_ed,85_114,low,23,mean_inter_event_days,utilization_temporal,0.0362876570169377,0.0636227031737819,0.0089526108600935,False,False
opioid_ed,85_114,low,24,item_cpt_99217,cpt,0.0304799174878075,0.0510700674036507,0.0098897675719643,False,False
opioid_ed,85_114,low,25,event_rate_per30,utilization_temporal,0.0277939491147437,0.0462819712497234,0.009305926979764,False,False
opioid_ed,85_114,low,26,item_cpt_99213,cpt,0.0245664419549524,0.0466772481546921,0.0024556357552128,False,False
opioid_ed,85_114,low,27,item_cpt_93010,cpt,0.0203723958576555,0.0387036034994182,0.0020411882158928,False,False
opioid_ed,85_114,low,28,item_cpt_99285,cpt,0.0194583209430898,0.0372207633498519,0.0016958785363277,False,False
opioid_ed,85_114,low,29,item_cpt_97110,cpt,0.0184771938592415,0.0337124114776806,0.0032419762408025,False,True
opioid_ed,85_114,low,30,item_cpt_99204,cpt,0.0167671411893742,0.0312762102933599,0.0022580720853885,False,False
opioid_ed,85_114,low,31,item_cpt_99222,cpt,0.0165811647884365,0.0311391054812111,0.0020232240956619,False,False
opioid_ed,85_114,low,32,item_icd_L570,icd,0.0119601626661728,0.0223492542875152,0.0015710710448303,False,False
opioid_ed,85_114,low,33,item_cpt_93005,cpt,0.0099400609675545,0.0188698369149038,0.0010102850202051,False,False
opioid_ed,85_114,low,34,item_cpt_99212,cpt,0.0090018438419071,0.0172062483203234,0.0007974393634908,False,False
opioid_ed,85_114,low,35,item_icd_R05,icd,0.0086500758563118,0.0168088585300728,0.0004912931825508,False,False
opioid_ed,85_114,low,36,item_cpt_80061,cpt,0.0081461834239311,0.0157911447102375,0.0005012221376246,False,False
opioid_ed,85_114,low,37,early_event_rate_per30,utilization_temporal,0.0081175860349306,0.0156982405168019,0.0005369315530594,False,False
opioid_ed,85_114,low,38,item_cpt_93306,cpt,0.0079524739033136,0.015342075524162,0.0005628722824652,False,False
opioid_ed,85_114,low,39,item_cpt_88305,cpt,0.0073331962856426,0.014179689206527,0.0004867033647581,False,False
opioid_ed,85_114,low,40,pgx_num_drugs_log1p,pgx,0.0065739489066654,0.0127403763242382,0.0004075214890927,False,False
opioid_ed,85_114,low,41,item_cpt_86900,cpt,0.0063157944507361,0.0117026083989239,0.0009289805025483,False,False
opioid_ed,85_114,low,42,pgx_num_cpic_drugs,pgx,0.0060941814816062,0.0117809995808314,0.000407363382381,False,False
opioid_ed,85_114,low,43,item_cpt_85730,cpt,0.0059250620750821,0.0113170473668079,0.0005330767833563,False,False
opioid_ed,85_114,low,44,item_cpt_36415,cpt,0.0058836559965798,0.0115403450851694,0.0002269669079901,False,False
opioid_ed,85_114,low,45,item_cpt_83735,cpt,0.0056893046329819,0.0111862380637138,0.00019237120225,False,False
opioid_ed,85_114,low,46,item_cpt_97140,cpt,0.0053185984351215,0.0103295984059225,0.0003075984643205,False,True
opioid_ed,85_114,low,47,item_cpt_85018,cpt,0.0052107967952,0.0099738504989293,0.0004477430914707,False,False
opioid_ed,85_114,low,48,item_cpt_82306,cpt,0.005151261483171,0.0100041513135384,0.0002983716528036,False,False
opioid_ed,85_114,low,49,item_cpt_97116,cpt,0.0048676876984593,0.0093836631954,0.0003517122015186,False,True
opioid_ed,85_114,low,50,item_cpt_84484,cpt,0.00476418142061,0.0093198713186025,0.0002084915226176,False,False
opioid_ed,85_114,low,51,item_cpt_87086,cpt,0.004701538737215,0.0092199675389312,0.0001831099354987,False,False
opioid_ed,85_114,low,52,item_icd_N183,icd,0.0043477417755643,0.0083999529693313,0.0002955305817974,False,False
opioid_ed,85_114,low,53,item_cpt_99223,cpt,0.0042924268979882,0.0084379345664829,0.0001469192294934,False,False
opioid_ed,85_114,low,54,item_cpt_71010,cpt,0.0042690131334115,0.0083294413067006,0.0002085849601225,False,False
opioid_ed,85_114,low,55,item_cpt_84443,cpt,0.0042469272733346,0.008085273616266,0.0004085809304032,False,False
opioid_ed,85_114,low,56,item_cpt_99220,cpt,0.0039363684311369,0.0075847754165014,0.0002879614457724,False,False
opioid_ed,85_114,low,57,item_cpt_99203,cpt,0.0035270627228204,0.0068453106758389,0.0002088147698018,False,False
opioid_ed,85_114,low,58,item_icd_Z01818,icd,0.0031895070448402,0.0061267734363042,0.0002522406533761,False,False
opioid_ed,85_114,low,59,item_cpt_17000,cpt,0.0031266656767444,0.0060665941226465,0.0001867372308423,False,False
opioid_ed,85_114,low,60,item_icd_I2510,icd,0.0030616828828217,0.006031962285453,9.140348019045728e-05,False,False
opioid_ed,85_114,low,61,pgx_has_any_drug,pgx,0.0028674839986795,0.005648993329495,8.597466786407505e-05,False,False
opioid_ed,85_114,low,62,late_event_rate_per30,utilization_temporal,0.0028053361991571,0.0054139093460506,0.0001967630522637,False,False
opioid_ed,85_114,low,63,item_cpt_85027,cpt,0.002804273064933,0.005553118544871,5.542758499498422e-05,False,False
opioid_ed,85_114,low,64,item_cpt_11100,cpt,0.0027891141059458,0.0054101032760904,0.0001681249358012,False,False
opioid_ed,85_114,low,65,item_cpt_92014,cpt,0.0025268230227084,0.0049771945244732,7.645152094364394e-05,False,False
opioid_ed,85_114,low,66,item_cpt_82948,cpt,0.002076659384046,0.0040138227804607,0.0001394959876313,False,False
opioid_ed,85_114,low,67,item_cpt_99225,cpt,0.0017339889198317,0.0033856676083041,8.231023135937326e-05,False,False
opioid_ed,85_114,low,68,item_icd_D485,icd,0.0017218093307472,0.0033618156046057,8.180305688867812e-05,False,False
opioid_ed,85_114,low,69,item_cpt_86901,cpt,0.0014706877385505,0.0028700294610631,7.13460160379517e-05,False,False
opioid_ed,85_114,low,70,item_cpt_99239,cpt,0.0014465338185265,0.0028794616110778,1.3606025975362249e-05,False,False
opioid_ed,85_114,low,71,item_cpt_99232,cpt,0.001436255837834,0.0027556881767481,0.0001168234989199,False,False
opioid_ed,85_114,low,72,item_cpt_99215,cpt,0.0014132432743418,0.0027811650493724,4.532149931119911e-05,False,False
opioid_ed,85_114,low,73,item_icd_J209,icd,0.0014023190276745,0.002743930349323,6.0707706026060925e-05,False,False
opioid_ed,85_114,low,74,item_cpt_82550,cpt,0.0013727819857326,0.0027247770965416,2.078687492369292e-05,False,False
opioid_ed,85_114,low,75,item_icd_G894,icd,0.0013425492275958,0.0026493787329572,3.57197222344087e-05,False,False
opioid_ed,85_114,low,76,item_drug_LEVOFLOXACIN,drug,0.0013318776759139,0.0026358966682391,2.785868358879956e-05,False,False
opioid_ed,85_114,low,77,item_cpt_92250,cpt,0.0013184543211877,0.0026017515399231,3.515710245241331e-05,False,False
opioid_ed,85_114,low,78,item_drug_FUROSEMIDE,drug,0.001206555355474,0.0023946636133337,1.8447097614248934e-05,False,False
opioid_ed,85_114,low,79,item_cpt_80053,cpt,0.00112528823892,0.0022265859426185,2.3990535221505796e-05,False,False
opioid_ed,85_114,low,80,item_cpt_99231,cpt,0.0011106290316287,0.0022108115411921,1.0446522065224546e-05,False,False
opioid_ed,85_114,low,81,item_cpt_85610,cpt,0.0010546134671698,0.0020802305565339,2.8996377805667883e-05,False,False
opioid_ed,85_114,low,82,item_icd_M25562,icd,0.001037844085678,0.0020470833611953,2.8604810160650212e-05,False,False
opioid_ed,85_114,low,83,item_cpt_84550,cpt,0.0009437142890173,0.0018668378051054,2.0590772929304657e-05,False,False
opioid_ed,85_114,low,84,item_icd_M6281,icd,0.0009362460427593,0.0018636858012728,8.806284245804322e-06,False,False
opioid_ed,85_114,low,85,item_cpt_81001,cpt,0.0009116842766933,0.0018147932959049,8.575257481815473e-06,False,False
opioid_ed,85_114,low,86,item_icd_E039,icd,0.000847889257526,0.001676981955053,1.8796559999047192e-05,False,False
opioid_ed,85_114,low,87,item_cpt_96372,cpt,0.0008042396841447,0.0015905000960881,1.797927220125455e-05,False,False
opioid_ed,85_114,low,88,item_cpt_99308,cpt,0.0007857642969913,0.0015641377336389,7.390860343843748e-06,False,False
opioid_ed,85_114,low,89,item_drug_MIRTAZAPINE,drug,0.000706132485834,0.0014056231242248,6.64184744335382e-06,False,False
opioid_ed,85_114,low,90,item_cpt_87088,cpt,0.0006934721600197,0.00137571929278,1.1225027259378487e-05,False,False
opioid_ed,85_114,low,91,item_cpt_97535,cpt,0.000687327080933,0.0013681891971365,6.464964729459311e-06,False,True
opioid_ed,85_114,low,92,item_drug_PREDNISONE,drug,0.0006350349269522,0.0012640967466044,5.9731073001638325e-06,False,False
opioid_ed,85_114,low,93,item_icd_I480,icd,0.0005830211039659,0.0011605583400934,5.48386783851708e-06,False,False
opioid_ed,85_114,low,94,item_cpt_92134,cpt,0.0004920107276601,0.0009793936266067,4.627828713690397e-06,False,False
opioid_ed,85_114,low,95,item_cpt_70450,cpt,0.0004919131886568,0.000979199466047,4.626911266620578e-06,False,False
opioid_ed,85_114,low,96,item_icd_R609,icd,0.000489690892189,0.0009747757759228,4.606008455308465e-06,False,False
opioid_ed,85_114,low,97,item_icd_H6123,icd,0.0004741338529698,0.00094013004677,8.137659169628986e-06,False,False
opioid_ed,85_114,low,98,item_cpt_94760,cpt,0.0003344031491793,0.0006626354644183,6.170833940404904e-06,False,False
opioid_ed,85_114,low,99,item_cpt_96360,cpt,0.000317663197034,0.0006293911887999,5.935205268091938e-06,False,False
opioid_ed,85_114,low,100,item_icd_M170,icd,0.0003080784302676,0.0006074676341952,8.689226340123336e-06,False,False
opioid_ed,85_114,low,101,item_icd_I639,icd,0.0002905516750235,0.0005783704352774,2.7329147697235807e-06,False,False
opioid_ed,85_114,low,102,item_cpt_87186,cpt,0.0002656794344279,0.0005288599011584,2.4989676975743618e-06,False,False
opioid_ed,85_114,low,103,item_cpt_11720,cpt,0.0002507214013257,0.0004990845294778,2.3582731736560426e-06,False,False
opioid_ed,85_114,low,104,item_cpt_80047,cpt,0.000212843139248,0.0004236842863931,2.0019921029125327e-06,False,False
opioid_ed,85_114,low,105,item_drug_MUPIROCIN,drug,0.0001940763640616,0.000386327255385,1.825472738215287e-06,False,False
opioid_ed,85_114,low,106,item_cpt_11056,cpt,0.0001811570439158,0.0003606101335835,1.703954248127502e-06,False,False
opioid_ed,85_114,low,107,item_cpt_83880,cpt,0.0001601987684609,0.0003166787737272,3.718763194722064e-06,False,False
opioid_ed,85_114,low,108,item_icd_Z043,icd,0.0001205787545519,0.000240023351267,1.134157836822482e-06,False,False
opioid_ed,85_114,low,109,item_icd_I4891,icd,9.955758041440918e-05,0.0001981787271223,9.364337064324018e-07,False,False
opioid_ed,85_114,low,110,item_cpt_99284,cpt,9.311212613223966e-05,0.0001815600214442,4.664230820197177e-06,False,False
opioid_ed,85_114,medium,1,event_rate_delta_per30,utilization_temporal,0.9999999993651956,0.9999999999252,0.9999999988051914,True,False
opioid_ed,85_114,medium,2,pgx_cpic_fraction,pgx,0.6739718179342428,0.6785155040064063,0.6694281318620793,True,False
opioid_ed,85_114,medium,3,event_burstiness,utilization_temporal,0.6101889243773905,0.6142229307115913,0.6061549180431897,True,False
opioid_ed,85_114,medium,4,pgx_non_cpic_drugs,pgx,0.5625507053709013,0.5682378153345143,0.5568635954072882,True,False
opioid_ed,85_114,medium,5,std_inter_event_days,utilization_temporal,0.3443361298740833,0.429296603340252,0.2593756564079146,True,False
opioid_ed,85_114,medium,6,recent90_event_count,utilization_temporal,0.2343251424861039,0.3008543379033574,0.1677959470688504,True,False
opioid_ed,85_114,medium,7,item_icd_M545,icd,0.1586971398845483,0.2323390030253844,0.0850552767437122,True,False
opioid_ed,85_114,medium,8,item_cpt_99214,cpt,0.1570693772570093,0.2283583749736188,0.0857803795403998,True,False
opioid_ed,85_114,medium,9,item_cpt_83036,cpt,0.1372942732010794,0.2128268484456026,0.0617616979565563,True,False
opioid_ed,85_114,medium,10,recent30_event_count,utilization_temporal,0.1230106825917908,0.1809401327483755,0.0650812324352061,True,False
opioid_ed,85_114,medium,11,item_cpt_81003,cpt,0.1178113495540564,0.1884972810748836,0.0471254180332291,True,False
opioid_ed,85_114,medium,12,item_cpt_71020,cpt,0.1177883160642316,0.1906431756261749,0.0449334565022883,True,False
opioid_ed,85_114,medium,13,item_cpt_20610,cpt,0.104870051006515,0.1595214342071105,0.0502186678059195,True,False
opioid_ed,85_114,medium,14,event_span_days,utilization_temporal,0.1041448764443181,0.1509964386836516,0.0572933142049846,True,False
opioid_ed,85_114,medium,15,recent30_event_fraction,utilization_temporal,0.0992085273730586,0.1296195106864834,0.0687975440596338,True,False
opioid_ed,85_114,medium,16,item_cpt_99283,cpt,0.0814737288596154,0.1333194579432025,0.0296279997760283,True,False
opioid_ed,85_114,medium,17,item_icd_I10,icd,0.0698039041158484,0.1186043901126595,0.0210034181190373,True,False
opioid_ed,85_114,medium,18,item_cpt_80048,cpt,0.0691818180805647,0.1197412657837505,0.0186223703773788,True,False
opioid_ed,85_114,medium,19,item_cpt_99217,cpt,0.0606660882173769,0.1015931400784934,0.0197390363562603,True,False
opioid_ed,85_114,medium,20,event_rate_ratio_late_vs_early,utilization_temporal,0.0605436798808803,0.1054203452652562,0.0156670144965044,True,False
opioid_ed,85_114,medium,21,pgx_num_drugs,pgx,0.0599552988171797,0.0970726389729191,0.0228379586614403,False,False
opioid_ed,85_114,medium,22,recent90_event_fraction,utilization_temporal,0.0583687442813706,0.0902647624408873,0.0264727261218538,False,False
opioid_ed,85_114,medium,23,mean_inter_event_days,utilization_temporal,0.0427194745491164,0.0747948128988134,0.0106441361994194,False,False
opioid_ed,85_114,medium,24,item_cpt_85025,cpt,0.0402693298677516,0.0712491251509278,0.0092895345845755,False,False
opioid_ed,85_114,medium,25,item_cpt_97110,cpt,0.0286905956748275,0.0522917623054733,0.0050894290441818,False,True
opioid_ed,85_114,medium,26,event_rate_per30,utilization_temporal,0.0271880656329111,0.0451043445013221,0.0092717867645002,False,False
opioid_ed,85_114,medium,27,item_cpt_93010,cpt,0.0247743434367859,0.0470265028787199,0.0025221839948519,False,False
opioid_ed,85_114,medium,28,item_cpt_99222,cpt,0.024113593735283,0.0452435620347567,0.0029836254358092,False,False
opioid_ed,85_114,medium,29,item_cpt_99204,cpt,0.0220839826249609,0.0411423075561531,0.0030256576937688,False,False
opioid_ed,85_114,medium,30,item_icd_L570,icd,0.0192499529681142,0.0359319759985819,0.0025679299376465,False,False
opioid_ed,85_114,medium,31,item_cpt_99285,cpt,0.0190232173576786,0.0363481138332133,0.001698320882144,False,False
opioid_ed,85_114,medium,32,item_cpt_99213,cpt,0.018642760133588,0.0353686284802381,0.0019168917869378,False,False
opioid_ed,85_114,medium,33,item_cpt_93005,cpt,0.0161937842539768,0.0307124325520954,0.0016751359558582,False,False
opioid_ed,85_114,medium,34,item_cpt_99212,cpt,0.0135607796725642,0.0258920981128336,0.0012294612322948,False,False
opioid_ed,85_114,medium,35,item_icd_R05,icd,0.0124529932536691,0.0241809126875218,0.0007250738198164,False,False
opioid_ed,85_114,medium,36,item_cpt_85730,cpt,0.0122555140262725,0.0233936022207726,0.0011174258317723,False,False
opioid_ed,85_114,medium,37,item_cpt_93306,cpt,0.0118552307707858,0.0228492487190809,0.0008612128224907,False,False
opioid_ed,85_114,medium,38,item_cpt_86900,cpt,0.0109669148218577,0.0202813818432861,0.0016524478004293,False,False
opioid_ed,85_114,medium,39,item_cpt_88305,cpt,0.0103223238726496,0.0199375894813763,0.0007070582639229,False,False
opioid_ed,85_114,medium,40,item_cpt_97116,cpt,0.0101207843488453,0.0194989591378639,0.0007426095598268,False,True
opioid_ed,85_114,medium,41,item_cpt_80061,cpt,0.0098623874324518,0.0190946576117432,0.0006301172531604,False,False
opioid_ed,85_114,medium,42,pgx_num_drugs_log1p,pgx,0.0090504133565956,0.0175190503192023,0.0005817763939889,False,False
opioid_ed,85_114,medium,43,item_cpt_99220,cpt,0.0086034875272891,0.0165681198403396,0.0006388552142386,False,False
opioid_ed,85_114,medium,44,item_cpt_85018,cpt,0.0085866477125459,0.0164117037719476,0.0007615916531441,False,False
opioid_ed,85_114,medium,45,item_cpt_97140,cpt,0.00808589568085,0.0156872637865369,0.0004845275751631,False,True
opioid_ed,85_114,medium,46,item_cpt_87086,cpt,0.0080686027100804,0.0158144688759176,0.0003227365442431,False,False
opioid_ed,85_114,medium,47,item_cpt_84484,cpt,0.0073828283678684,0.0144309583094553,0.0003346984262814,False,False
opioid_ed,85_114,medium,48,item_cpt_84443,cpt,0.007144432702132,0.0135756242958787,0.0007132411083854,False,False
opioid_ed,85_114,medium,49,item_cpt_82306,cpt,0.0069521142852098,0.0134821513647367,0.0004220772056828,False,False
opioid_ed,85_114,medium,50,pgx_num_cpic_drugs,pgx,0.0064394986414974,0.0124203160401799,0.0004586812428149,False,False
opioid_ed,85_114,medium,51,item_cpt_99232,cpt,0.0063123966766751,0.0121426053307326,0.0004821880226177,False,False
opioid_ed,85_114,medium,52,early_event_rate_per30,utilization_temporal,0.0062224721340564,0.0120001458024538,0.0004447984656589,False,False
opioid_ed,85_114,medium,53,item_icd_N183,icd,0.0060478457392934,0.0116620635346888,0.0004336279438981,False,False
opioid_ed,85_114,medium,54,item_cpt_83735,cpt,0.0057380725059295,0.0112698361000622,0.0002063089117968,False,False
opioid_ed,85_114,medium,55,item_cpt_99203,cpt,0.0049766119694441,0.0096399603457794,0.0003132635931088,False,False
opioid_ed,85_114,medium,56,item_icd_Z01818,icd,0.0049240767110399,0.0094355055096431,0.0004126479124366,False,False
opioid_ed,85_114,medium,57,item_cpt_82948,cpt,0.0049229302853976,0.0095098137928254,0.0003360467779697,False,False
opioid_ed,85_114,medium,58,item_cpt_17000,cpt,0.0048534307856654,0.0094003829814594,0.0003064785898714,False,False
opioid_ed,85_114,medium,59,item_icd_I2510,icd,0.0047979288004538,0.0094459976837888,0.0001498599171187,False,False
opioid_ed,85_114,medium,60,item_cpt_99223,cpt,0.0041880559805473,0.0082201845717962,0.0001559273892984,False,False
opioid_ed,85_114,medium,61,late_event_rate_per30,utilization_temporal,0.0041533138834277,0.0079941894595598,0.0003124383072956,False,False
opioid_ed,85_114,medium,62,item_cpt_11100,cpt,0.0039300043404652,0.0076043937962781,0.0002556148846524,False,False
opioid_ed,85_114,medium,63,item_cpt_99215,cpt,0.0037819252922924,0.0074423628570194,0.0001214877275654,False,False
opioid_ed,85_114,medium,64,item_cpt_99225,cpt,0.0036571894933317,0.0071346579158166,0.0001797210708468,False,False
opioid_ed,85_114,medium,65,item_cpt_71010,cpt,0.0036022224209038,0.0070068759825316,0.0001975688592761,False,False
opioid_ed,85_114,medium,66,item_icd_J209,icd,0.0034378667346983,0.0067246176735253,0.0001511157958712,False,False
opioid_ed,85_114,medium,67,item_cpt_92014,cpt,0.003363612526639,0.0066174188297471,0.0001098062235308,False,False
opioid_ed,85_114,medium,68,pgx_has_any_drug,pgx,0.0032858279507893,0.0064640218346522,0.0001076340669264,False,False
opioid_ed,85_114,medium,69,item_cpt_36415,cpt,0.0030018697181861,0.0058687822240738,0.0001349572122984,False,False
opioid_ed,85_114,medium,70,item_cpt_85027,cpt,0.0028599443968032,0.0056584213430007,6.146745060573416e-05,False,False
opioid_ed,85_114,medium,71,item_icd_D485,icd,0.0026529648201916,0.00516798183027,0.0001379478101132,False,False
opioid_ed,85_114,medium,72,item_cpt_92250,cpt,0.0024008694741788,0.0047338027621912,6.793618616637665e-05,False,False
opioid_ed,85_114,medium,73,item_cpt_86901,cpt,0.0022836685626678,0.0044447511254488,0.0001225859998867,False,False
opioid_ed,85_114,medium,74,item_cpt_82550,cpt,0.0017308165241207,0.0034332993730566,2.8333675184796e-05,False,False
opioid_ed,85_114,medium,75,item_cpt_99239,cpt,0.0016972800228738,0.0033786125893994,1.5947456348321878e-05,False,False
opioid_ed,85_114,medium,76,item_cpt_99231,cpt,0.0016801604085344,0.0033445342147333,1.578660233560853e-05,False,False
opioid_ed,85_114,medium,77,item_icd_M25562,icd,0.0016434822700588,0.0032366946779163,5.026986220132497e-05,False,False
opioid_ed,85_114,medium,78,item_cpt_81001,cpt,0.0016043535849398,0.0031936328401178,1.5074329761909492e-05,False,False
opioid_ed,85_114,medium,79,item_drug_LEVOFLOXACIN,drug,0.0015624348736807,0.0030876707981078,3.719894925359027e-05,False,False
opioid_ed,85_114,medium,80,item_icd_G894,icd,0.0014956378886087,0.0029444544374164,4.682133980102177e-05,False,False
opioid_ed,85_114,medium,81,item_cpt_85610,cpt,0.0014069427322646,0.0027691329705676,4.475249396155877e-05,False,False
opioid_ed,85_114,medium,82,item_cpt_96372,cpt,0.0013982881447296,0.0027624475258517,3.412876360754467e-05,False,False
opioid_ed,85_114,medium,83,item_cpt_84550,cpt,0.0012112114073375,0.0023917931175278,3.0629697147184105e-05,False,False
opioid_ed,85_114,medium,84,item_cpt_96360,cpt,0.0010989466687486,0.0021784442620895,1.9449075407772948e-05,False,False
opioid_ed,85_114,medium,85,item_cpt_97535,cpt,0.0010731215524167,0.0021361601727993,1.0082932034180822e-05,False,True
opioid_ed,85_114,medium,86,item_cpt_80053,cpt,0.0010031011304565,0.0019794650396559,2.6737221257122092e-05,False,False
opioid_ed,85_114,medium,87,item_icd_M6281,icd,0.000924324029664,0.0018399632124459,8.684846882138786e-06,False,False
opioid_ed,85_114,medium,88,item_drug_PREDNISONE,drug,0.0007921485400318,0.0015768541395392,7.442940524424987e-06,False,False
opioid_ed,85_114,medium,89,item_icd_H6123,icd,0.0007873375209966,0.0015596074425192,1.5067599473925802e-05,False,False
opioid_ed,85_114,medium,90,item_icd_M170,icd,0.0007552855750519,0.001488469048693,2.210210141079809e-05,False,False
opioid_ed,85_114,medium,91,item_icd_E039,icd,0.0007031508059551,0.0013851746345288,2.112697738143974e-05,False,False
opioid_ed,85_114,medium,92,item_drug_MIRTAZAPINE,drug,0.0007009238879336,0.0013952619721367,6.585803730483388e-06,False,False
opioid_ed,85_114,medium,93,item_icd_I480,icd,0.0006962739437452,0.0013860057741239,6.542113366508228e-06,False,False
opioid_ed,85_114,medium,94,item_cpt_83880,cpt,0.0006958883297674,0.0013779949094445,1.3781750090393024e-05,False,False
opioid_ed,85_114,medium,95,item_icd_R609,icd,0.000690356059196,0.0013742256088176,6.486509574411399e-06,False,False
opioid_ed,85_114,medium,96,item_cpt_94760,cpt,0.0006781848519271,0.0013428368789403,1.3532824913893928e-05,False,False
opioid_ed,85_114,medium,97,item_cpt_87088,cpt,0.0006334840173012,0.0012540637394752,1.2904295127303994e-05,False,False
opioid_ed,85_114,medium,98,item_drug_FUROSEMIDE,drug,0.0006216390160494,0.0012305402872422,1.273774485656932e-05,False,False
opioid_ed,85_114,medium,99,item_cpt_70450,cpt,0.0005793806540598,0.0011533175112416,5.443796878040657e-06,False,False
opioid_ed,85_114,medium,100,item_cpt_99284,cpt,0.0005412100261312,0.001064322000653,1.809805160934469e-05,False,False
opioid_ed,85_114,medium,101,item_cpt_87186,cpt,0.0004827792490853,0.000961022357465,4.536140705661393e-06,False,False
opioid_ed,85_114,medium,102,item_cpt_92134,cpt,0.0004641805783748,0.0009239997671077,4.361389642021684e-06,False,False
opioid_ed,85_114,medium,103,item_icd_I639,icd,0.0003905706332375,0.0007774715077785,3.669758696591463e-06,False,False
opioid_ed,85_114,medium,104,item_icd_I4891,icd,0.0001837198022822,0.0003657133935163,1.7262110481082654e-06,False,False
opioid_ed,85_114,medium,105,item_cpt_99308,cpt,0.0001713106880006,0.0003410117596256,1.6096163756558987e-06,False,False
opioid_ed,85_114,medium,106,item_drug_MUPIROCIN,drug,0.0001162909799937,0.0002314893027346,1.092657252875811e-06,False,False
opioid_ed,85_114,medium,107,item_cpt_80047,cpt,6.091609383984419e-05,0.0001212598267643,5.723609153051254e-07,False,False
opioid_ed,85_114,medium,108,item_cpt_11720,cpt,3.621579714099449e-05,7.20913146367671e-05,3.402796452218706e-07,False,False
opioid_ed,85_114,medium,109,item_icd_Z043,icd,3.545864139075102e-05,7.058411728840189e-05,3.331654931001465e-07,False,False
opioid_ed,85_114,medium,110,item_icd_R001,icd,5.665084532840623e-06,1.127694055472284e-05,5.3228510958407664e-08,False,False
opioid_ed,85_114,extreme,1,pgx_non_cpic_drugs,pgx,0.9999999993524034,0.9999999999255862,0.9999999987792206,True,False
opioid_ed,85_114,extreme,2,event_rate_delta_per30,utilization_temporal,0.6581222579614532,0.6508524812161927,0.6653920347067137,True,False
opioid_ed,85_114,extreme,3,event_burstiness,utilization_temporal,0.5365595494965066,0.5343667401652723,0.538752358827741,True,False
opioid_ed,85_114,extreme,4,std_inter_event_days,utilization_temporal,0.4254265838592873,0.5263405854859098,0.3245125822326649,True,False
opioid_ed,85_114,extreme,5,pgx_cpic_fraction,pgx,0.3818881142867379,0.3801689912916512,0.3836072372818246,True,False
opioid_ed,85_114,extreme,6,recent90_event_count,utilization_temporal,0.3241284823149271,0.4132949475870526,0.2349620170428016,True,False
opioid_ed,85_114,extreme,7,item_icd_M545,icd,0.2150855529919092,0.3133388626663348,0.1168322433174837,True,False
opioid_ed,85_114,extreme,8,item_cpt_83036,cpt,0.1715188038233158,0.2647778769026664,0.0782597307439652,True,False
opioid_ed,85_114,extreme,9,item_cpt_81003,cpt,0.1469422732978173,0.2342617313397819,0.0596228152558527,True,False
opioid_ed,85_114,extreme,10,item_cpt_20610,cpt,0.1244221264020668,0.1884721019655812,0.0603721508385524,True,False
opioid_ed,85_114,extreme,11,recent30_event_count,utilization_temporal,0.1237117189592771,0.181060791733965,0.0663626461845893,True,False
opioid_ed,85_114,extreme,12,item_cpt_99283,cpt,0.1151536936426084,0.1879019664396668,0.04240542084555,True,False
opioid_ed,85_114,extreme,13,item_cpt_71020,cpt,0.114167911166564,0.1841019338865935,0.0442338884465346,True,False
opioid_ed,85_114,extreme,14,item_cpt_99217,cpt,0.1048830783095477,0.1752966472133882,0.0344695094057071,True,False
opioid_ed,85_114,extreme,15,event_span_days,utilization_temporal,0.0985711006115921,0.1421796423796091,0.0549625588435752,True,False
opioid_ed,85_114,extreme,16,item_cpt_99214,cpt,0.0941975108535932,0.1360970193703989,0.0522980023367874,True,False
opioid_ed,85_114,extreme,17,recent30_event_fraction,utilization_temporal,0.0859646416623555,0.111578401480655,0.0603508818440561,True,False
opioid_ed,85_114,extreme,18,item_cpt_80048,cpt,0.0712423803476629,0.1230232806411254,0.0194614800542005,True,False
opioid_ed,85_114,extreme,19,item_icd_L570,icd,0.0652800784324748,0.1219550325656458,0.0086051242993038,True,False
opioid_ed,85_114,extreme,20,item_icd_I10,icd,0.0535059382407476,0.090637432805522,0.0163744436759732,True,False
opioid_ed,85_114,extreme,21,item_cpt_97110,cpt,0.0468389521020668,0.0853405142597239,0.0083373899444097,False,True
opioid_ed,85_114,extreme,22,recent90_event_fraction,utilization_temporal,0.0440398809183991,0.067802407430554,0.0202773544062442,False,False
opioid_ed,85_114,extreme,23,mean_inter_event_days,utilization_temporal,0.0418567051814256,0.0731488009466692,0.0105646094161819,False,False
opioid_ed,85_114,extreme,24,event_rate_ratio_late_vs_early,utilization_temporal,0.0381644736624511,0.0662577480516582,0.010071199273244,False,False
opioid_ed,85_114,extreme,25,item_cpt_85730,cpt,0.0336168479838464,0.0642433909655629,0.0029903050021298,False,False
opioid_ed,85_114,extreme,26,item_cpt_99222,cpt,0.0330456814795462,0.0619867557159404,0.004104607243152,False,False
opioid_ed,85_114,extreme,27,item_cpt_86900,cpt,0.0325951718114139,0.0604437737280513,0.0047465698947764,False,False
opioid_ed,85_114,extreme,28,item_cpt_97116,cpt,0.0292841053260411,0.0564892034641079,0.0020790071879743,False,True
opioid_ed,85_114,extreme,29,item_cpt_93010,cpt,0.0279956048637688,0.0531184459142871,0.0028727638132506,False,False
opioid_ed,85_114,extreme,30,item_cpt_99204,cpt,0.0278564286841486,0.0518829506653099,0.0038299067029872,False,False
opioid_ed,85_114,extreme,31,item_cpt_85025,cpt,0.0274283652339987,0.0484110133738291,0.0064457170941684,False,False
opioid_ed,85_114,extreme,32,event_rate_per30,utilization_temporal,0.0266925774163658,0.044207487639851,0.0091776671928806,False,False
opioid_ed,85_114,extreme,33,item_cpt_93005,cpt,0.0259114019846239,0.0491601539390476,0.0026626500302003,False,False
opioid_ed,85_114,extreme,34,item_cpt_17000,cpt,0.0256781730139101,0.0498854078111806,0.0014709382166397,False,False
opioid_ed,85_114,extreme,35,pgx_num_drugs,pgx,0.0246515396801658,0.0396682458053319,0.0096348335549997,False,False
opioid_ed,85_114,extreme,36,item_cpt_93306,cpt,0.0205145826865938,0.0395627637170273,0.0014664016561603,False,False
opioid_ed,85_114,extreme,37,item_icd_D485,icd,0.0201080011965788,0.0393430577526717,0.0008729446404858,False,False
opioid_ed,85_114,extreme,38,item_cpt_85018,cpt,0.0193897832131302,0.0371247081463386,0.0016548582799218,False,False
opioid_ed,85_114,extreme,39,item_cpt_11100,cpt,0.0176624183106732,0.0343050098319212,0.0010198267894251,False,False
opioid_ed,85_114,extreme,40,item_cpt_84443,cpt,0.0174119593318383,0.0331751861841749,0.0016487324795016,False,False
opioid_ed,85_114,extreme,41,item_cpt_99212,cpt,0.0173316195452931,0.033100626960366,0.0015626121302203,False,False
opioid_ed,85_114,extreme,42,item_cpt_88305,cpt,0.0167928069428313,0.0324573434771146,0.001128270408548,False,False
opioid_ed,85_114,extreme,43,item_cpt_99220,cpt,0.0152684154839535,0.0294369066197249,0.001099924348182,False,False
opioid_ed,85_114,extreme,44,item_cpt_99285,cpt,0.0150325644280788,0.0287040702144475,0.0013610586417102,False,False
opioid_ed,85_114,extreme,45,item_icd_R05,icd,0.0149283268713955,0.0289906964188087,0.0008659573239823,False,False
opioid_ed,85_114,extreme,46,item_cpt_84484,cpt,0.0139957151591005,0.0273783043136385,0.0006131260045624,False,False
opioid_ed,85_114,extreme,47,item_cpt_82306,cpt,0.0123462524860995,0.0239718618830266,0.0007206430891724,False,False
opioid_ed,85_114,extreme,48,item_cpt_99215,cpt,0.0109336673726544,0.0215448061264394,0.0003225286188694,False,False
opioid_ed,85_114,extreme,49,item_cpt_97140,cpt,0.010927116861637,0.0212134568875816,0.0006407768356924,False,True
opioid_ed,85_114,extreme,50,item_cpt_87086,cpt,0.0107778345452423,0.0211318312509381,0.0004238378395465,False,False
opioid_ed,85_114,extreme,51,item_icd_Z01818,icd,0.0105304481307561,0.0202422495108094,0.0008186467507029,False,False
opioid_ed,85_114,extreme,52,item_icd_N183,icd,0.0103046814921212,0.0199050999667518,0.0007042630174906,False,False
opioid_ed,85_114,extreme,53,item_cpt_80061,cpt,0.0101309551552395,0.0196173568457827,0.0006445534646962,False,False
opioid_ed,85_114,extreme,54,item_cpt_86901,cpt,0.0100116519472008,0.0195795308721441,0.0004437730222574,False,False
opioid_ed,85_114,extreme,55,item_cpt_99232,cpt,0.0093169360608472,0.0179496955133804,0.0006841766083139,False,False
opioid_ed,85_114,extreme,56,item_icd_J209,icd,0.0092866129669524,0.0182058665872766,0.0003673593466283,False,False
opioid_ed,85_114,extreme,57,item_cpt_99213,cpt,0.0092143312895679,0.0174492866316559,0.0009793759474799,False,False
opioid_ed,85_114,extreme,58,item_cpt_92250,cpt,0.0085908347429639,0.016968984264967,0.0002126852209608,False,False
opioid_ed,85_114,extreme,59,item_icd_I2510,icd,0.0075366016533661,0.0148476289871571,0.0002255743195751,False,False
opioid_ed,85_114,extreme,60,early_event_rate_per30,utilization_temporal,0.0061769190437325,0.0119193296855321,0.000434508401933,False,False
opioid_ed,85_114,extreme,61,pgx_num_drugs_log1p,pgx,0.0051965316098114,0.0100486475906627,0.0003444156289602,False,False
opioid_ed,85_114,extreme,62,item_icd_I480,icd,0.0049973443407573,0.0099466896363481,4.799904516652434e-05,False,False
opioid_ed,85_114,extreme,63,item_cpt_99203,cpt,0.0048545655817809,0.0094101059627572,0.0002990252008047,False,False
opioid_ed,85_114,extreme,64,item_cpt_82948,cpt,0.0045129888353033,0.0087231387419611,0.0003028389286455,False,False
opioid_ed,85_114,extreme,65,item_cpt_99225,cpt,0.0044414333817436,0.0086758703875776,0.0002069963759097,False,False
opioid_ed,85_114,extreme,66,late_event_rate_per30,utilization_temporal,0.0044239339072986,0.0085279192589416,0.0003199485556556,False,False
opioid_ed,85_114,extreme,67,item_icd_M25562,icd,0.0044210798152664,0.0087288836045495,0.0001132760259833,False,False
opioid_ed,85_114,extreme,68,item_cpt_85027,cpt,0.0042157420851736,0.0083456249607103,8.585920963692017e-05,False,False
opioid_ed,85_114,extreme,69,item_cpt_85610,cpt,0.0040958673967675,0.0080862120061185,0.0001055227874165,False,False
opioid_ed,85_114,extreme,70,item_cpt_96372,cpt,0.0040867709853465,0.0080901484315278,8.339353916532777e-05,False,False
opioid_ed,85_114,extreme,71,item_drug_PREDNISONE,drug,0.0040503810673608,0.0080618585870497,3.8903547671967656e-05,False,False
opioid_ed,85_114,extreme,72,item_icd_I4891,icd,0.0036967314717727,0.0073579561685901,3.55067749554445e-05,False,False
opioid_ed,85_114,extreme,73,item_cpt_96360,cpt,0.0036343444864118,0.0072138154594284,5.4873513395236176e-05,False,False
opioid_ed,85_114,extreme,74,item_cpt_97535,cpt,0.0033797082656332,0.0067269547358348,3.2461795431776164e-05,False,True
opioid_ed,85_114,extreme,75,item_cpt_99223,cpt,0.0033747064621615,0.0066242478022425,0.0001251651220805,False,False
opioid_ed,85_114,extreme,76,pgx_num_cpic_drugs,pgx,0.0032726388618839,0.0063005677886123,0.0002447099351554,False,False
opioid_ed,85_114,extreme,77,item_cpt_83735,cpt,0.0031252336517967,0.0061335892597681,0.0001168780438254,False,False
opioid_ed,85_114,extreme,78,item_cpt_92014,cpt,0.0030063519291077,0.005916425591157,9.62782670584792e-05,False,False
opioid_ed,85_114,extreme,79,item_cpt_99231,cpt,0.0029937113271051,0.0059586683248291,2.87543293811688e-05,False,False
opioid_ed,85_114,extreme,80,item_cpt_84550,cpt,0.0029020863702272,0.0057434280108098,6.074472964469541e-05,False,False
opioid_ed,85_114,extreme,81,item_icd_Z043,icd,0.0027610988846128,0.0054956776615375,2.652010768817449e-05,False,False
opioid_ed,85_114,extreme,82,item_cpt_81001,cpt,0.0027490234548693,0.0054716427854725,2.64041242661521e-05,False,False
opioid_ed,85_114,extreme,83,item_cpt_99239,cpt,0.002314434598095,0.0046066392590005,2.2229937189418048e-05,False,False
opioid_ed,85_114,extreme,84,pgx_has_any_drug,pgx,0.0022777601902034,0.0044800365598955,7.548382051127586e-05,False,False
opioid_ed,85_114,extreme,85,item_icd_G894,icd,0.0022710061732861,0.0044799952299488,6.20171166235025e-05,False,False
opioid_ed,85_114,extreme,86,item_icd_R001,icd,0.0022448862914059,0.0044682106508841,2.1561931927744104e-05,False,False
opioid_ed,85_114,extreme,87,item_cpt_94760,cpt,0.0020591902983418,0.0040861465433088,3.2234053374965645e-05,False,False
opioid_ed,85_114,extreme,88,item_cpt_71010,cpt,0.0020157204210946,0.0039157083955132,0.000115732446676,False,False
opioid_ed,85_114,extreme,89,item_cpt_99284,cpt,0.0019800964617017,0.0039170748038723,4.311811953122193e-05,False,False
opioid_ed,85_114,extreme,90,item_icd_R609,icd,0.001820194597239,0.0036229063882659,1.7482806212129106e-05,False,False
opioid_ed,85_114,extreme,91,item_cpt_87088,cpt,0.0018160234908456,0.0036033079291602,2.8739052531071856e-05,False,False
opioid_ed,85_114,extreme,92,item_cpt_87186,cpt,0.0017342067296946,0.0034517565589495,1.6656900439661772e-05,False,False
opioid_ed,85_114,extreme,93,item_cpt_83880,cpt,0.0016427803907461,0.0032593117266186,2.624905487357441e-05,False,False
opioid_ed,85_114,extreme,94,item_cpt_82550,cpt,0.0015988459405608,0.0031720742896541,2.561759146763306e-05,False,False
opioid_ed,85_114,extreme,95,item_drug_LEVOFLOXACIN,drug,0.0012347595871896,0.002440650410908,2.886876347131541e-05,False,False
opioid_ed,85_114,extreme,96,item_icd_M6281,icd,0.0011851535054307,0.0023589237175046,1.1383293356930505e-05,False,False
opioid_ed,85_114,extreme,97,item_icd_I639,icd,0.001163885519951,0.0023165920236424,1.1179016259729947e-05,False,False
opioid_ed,85_114,extreme,98,item_icd_H6123,icd,0.0011442146706244,0.0022693460983153,1.908324293360054e-05,False,False
opioid_ed,85_114,extreme,99,item_cpt_36415,cpt,0.0011108056590735,0.0021639023158149,5.7709002332103145e-05,False,False
opioid_ed,85_114,extreme,100,item_cpt_80047,cpt,0.0011062185437542,0.0022018119573943,1.0625130114139964e-05,False,False
opioid_ed,85_114,extreme,101,item_cpt_11056,cpt,0.0010687875223799,0.0021273094362562,1.0265608503647348e-05,False,False
opioid_ed,85_114,extreme,102,item_cpt_92134,cpt,0.0009598759381689,0.0019105323538536,9.21952248410542e-06,False,False
opioid_ed,85_114,extreme,103,item_icd_E039,icd,0.0009453726765051,0.0018674090907078,2.3336262302472296e-05,False,False
opioid_ed,85_114,extreme,104,item_drug_MUPIROCIN,drug,0.0008306188780313,0.0016532597360737,7.978019989063809e-06,False,False
opioid_ed,85_114,extreme,105,item_cpt_80053,cpt,0.0007966754159936,0.0015728573650471,2.049346694024454e-05,False,False
opioid_ed,85_114,extreme,106,item_cpt_70450,cpt,0.0007519946270937,0.0014967664130924,7.22284109511405e-06,False,False
opioid_ed,85_114,extreme,107,item_icd_M170,icd,0.0006236492282122,0.0012301129054638,1.71855509606409e-05,False,False
opioid_ed,85_114,extreme,108,item_cpt_11720,cpt,0.0005903778158448,0.0011750851056031,5.670526086613152e-06,False,False
opioid_ed,85_114,extreme,109,item_drug_MIRTAZAPINE,drug,0.0003259624705826,0.0006487941008065,3.130840358644389e-06,False,False
opioid_ed,85_114,extreme,110,item_drug_FUROSEMIDE,drug,0.0001781980719131,0.0003511973157207,5.198828105461663e-06,False,False
opioid_ed,85_114,high,1,pgx_non_cpic_drugs,pgx,0.9999999993438236,0.9999999999084308,0.999999998779216,True,False
opioid_ed,85_114,high,2,event_rate_delta_per30,utilization_temporal,0.9231811797171404,0.9131729467866154,0.9331894126476652,True,False
opioid_ed,85_114,high,3,event_burstiness,utilization_temporal,0.7398942499379075,0.736978107957982,0.742810391917833,True,False
opioid_ed,85_114,high,4,pgx_cpic_fraction,pgx,0.6573866366052143,0.6546917041493596,0.6600815690610692,True,False
opioid_ed,85_114,high,5,std_inter_event_days,utilization_temporal,0.4096300871109415,0.5066391680447208,0.3126210061771623,True,False
opioid_ed,85_114,high,6,recent90_event_count,utilization_temporal,0.3837350181099802,0.4892317251745144,0.278238311045446,True,False
opioid_ed,85_114,high,7,item_icd_M545,icd,0.2076931174903218,0.302416938158033,0.1129692968226106,True,False
opioid_ed,85_114,high,8,item_cpt_83036,cpt,0.1855509457215578,0.2863380376368392,0.0847638538062764,True,False
opioid_ed,85_114,high,9,item_cpt_81003,cpt,0.1658719320424133,0.2643571392711551,0.0673867248136714,True,False
opioid_ed,85_114,high,10,recent30_event_count,utilization_temporal,0.1608518278071637,0.235351054449049,0.0863526011652785,True,False
opioid_ed,85_114,high,11,item_cpt_71020,cpt,0.1497796084472709,0.2414833437707211,0.0580758731238207,True,False
opioid_ed,85_114,high,12,item_cpt_99214,cpt,0.1411364462976239,0.2038982262140189,0.0783746663812288,True,False
opioid_ed,85_114,high,13,item_cpt_20610,cpt,0.1352291880794091,0.2047205774529441,0.0657377987058742,True,False
opioid_ed,85_114,high,14,item_cpt_99283,cpt,0.129334913455303,0.2109585415736452,0.0477112853369607,True,False
opioid_ed,85_114,high,15,event_span_days,utilization_temporal,0.1288142549884673,0.1857245375187186,0.0719039724582161,True,False
opioid_ed,85_114,high,16,item_cpt_99217,cpt,0.1061223676899673,0.1772699234008018,0.0349748119791329,True,False
opioid_ed,85_114,high,17,recent30_event_fraction,utilization_temporal,0.103000008238736,0.1335356272803949,0.0724643891970772,True,False
opioid_ed,85_114,high,18,item_cpt_80048,cpt,0.0889759297250064,0.1535972559488739,0.0243546035011389,True,False
opioid_ed,85_114,high,19,item_icd_I10,icd,0.0725961898559824,0.1229348910554985,0.0222574886564663,True,False
opioid_ed,85_114,high,20,recent90_event_fraction,utilization_temporal,0.0606721095405467,0.0933466495453357,0.0279975695357578,True,False
opioid_ed,85_114,high,21,event_rate_ratio_late_vs_early,utilization_temporal,0.0539921488303167,0.0937066442794277,0.0142776533812057,False,False
opioid_ed,85_114,high,22,mean_inter_event_days,utilization_temporal,0.0525377402864707,0.0917652727223132,0.0133102078506282,False,False
opioid_ed,85_114,high,23,item_cpt_97110,cpt,0.0442295352484339,0.0805223581800259,0.0079367123168419,False,True
opioid_ed,85_114,high,24,pgx_num_drugs,pgx,0.043938962025241,0.0707329177627029,0.0171450062877792,False,False
opioid_ed,85_114,high,25,item_cpt_85025,cpt,0.0391561671830037,0.0690838309240477,0.0092285034419597,False,False
opioid_ed,85_114,high,26,item_cpt_99222,cpt,0.0371865355659814,0.0697217959337249,0.004651275198238,False,False
opioid_ed,85_114,high,27,item_icd_L570,icd,0.0364575236681222,0.0680364053272146,0.0048786420090299,False,False
opioid_ed,85_114,high,28,event_rate_per30,utilization_temporal,0.0363884401262761,0.0602129681121025,0.0125639121404497,False,False
opioid_ed,85_114,high,29,item_cpt_93010,cpt,0.0308563847099531,0.0585187367616285,0.0031940326582777,False,False
opioid_ed,85_114,high,30,item_cpt_99204,cpt,0.0295584667098124,0.0550118107924044,0.0041051226272205,False,False
opioid_ed,85_114,high,31,item_cpt_85730,cpt,0.0261012534650438,0.0498426899160819,0.0023598170140057,False,False
opioid_ed,85_114,high,32,item_cpt_93005,cpt,0.0247875275473039,0.046992396250434,0.0025826588441738,False,False
opioid_ed,85_114,high,33,item_cpt_99285,cpt,0.0208409794374775,0.039782963108075,0.0018989957668799,False,False
opioid_ed,85_114,high,34,item_cpt_86900,cpt,0.0207525292988105,0.0384067599662479,0.0030982986313731,False,False
opioid_ed,85_114,high,35,item_cpt_99212,cpt,0.0206949214555996,0.0395036424133508,0.0018862004978485,False,False
opioid_ed,85_114,high,36,item_cpt_97116,cpt,0.0206910275381196,0.0398811925962507,0.0015008624799885,False,True
opioid_ed,85_114,high,37,item_cpt_93306,cpt,0.0191455253678217,0.0368980717040843,0.001392979031559,False,False
opioid_ed,85_114,high,38,item_cpt_99213,cpt,0.0166082360155449,0.0314577911660347,0.0017586808650551,False,False
opioid_ed,85_114,high,39,item_icd_R05,icd,0.0163854331219759,0.0318056186236837,0.0009652476202681,False,False
opioid_ed,85_114,high,40,item_cpt_88305,cpt,0.0156187952400632,0.0301653320164182,0.0010722584637083,False,False
opioid_ed,85_114,high,41,item_cpt_99220,cpt,0.0144513193474193,0.027837337710488,0.0010653009843506,False,False
opioid_ed,85_114,high,42,item_cpt_85018,cpt,0.013848067050118,0.0264750888997646,0.0012210452004714,False,False
opioid_ed,85_114,high,43,item_cpt_84443,cpt,0.0129259213667785,0.0245852515876954,0.0012665911458615,False,False
opioid_ed,85_114,high,44,item_cpt_87086,cpt,0.0125531890090341,0.0246047718963506,0.0005016061217175,False,False
opioid_ed,85_114,high,45,item_cpt_17000,cpt,0.0123900013290427,0.0240394436814652,0.0007405589766201,False,False
opioid_ed,85_114,high,46,item_cpt_80061,cpt,0.0123880965453685,0.0239751839867328,0.0008010091040042,False,False
opioid_ed,85_114,high,47,item_cpt_84484,cpt,0.012382281232372,0.0242077441680683,0.0005568182966756,False,False
opioid_ed,85_114,high,48,item_cpt_82306,cpt,0.0119771007598294,0.023236862578736,0.0007173389409228,False,False
opioid_ed,85_114,high,49,item_icd_Z01818,icd,0.0114775357398283,0.0220417191336776,0.000913352345979,False,False
opioid_ed,85_114,high,50,item_cpt_99232,cpt,0.0105490680421417,0.0203052309176436,0.0007929051666399,False,False
opioid_ed,85_114,high,51,item_cpt_97140,cpt,0.0101631968974515,0.0197110622513449,0.0006153315435581,False,True
opioid_ed,85_114,high,52,item_cpt_11100,cpt,0.0100464207630858,0.0194840770503551,0.0006087644758165,False,False
opioid_ed,85_114,high,53,item_icd_N183,icd,0.00939497268325,0.0181241217014695,0.0006658236650305,False,False
opioid_ed,85_114,high,54,pgx_num_drugs_log1p,pgx,0.0086815143593266,0.0167873069098811,0.0005757218087721,False,False
opioid_ed,85_114,high,55,item_cpt_99215,cpt,0.0086373562757644,0.0170106167201141,0.0002640958314147,False,False
opioid_ed,85_114,high,56,item_icd_I2510,icd,0.008510752538448,0.0167610198759899,0.000260485200906,False,False
opioid_ed,85_114,high,57,item_icd_J209,icd,0.0083323376437676,0.0163228099907125,0.0003418652968226,False,False
opioid_ed,85_114,high,58,item_icd_D485,icd,0.0072460233246457,0.0141533954042828,0.0003386512450086,False,False
opioid_ed,85_114,high,59,item_cpt_99203,cpt,0.0071826594933708,0.0139176020944584,0.0004477168922832,False,False
opioid_ed,85_114,high,60,early_event_rate_per30,utilization_temporal,0.0068995614951827,0.0132962573683353,0.0005028656220301,False,False
opioid_ed,85_114,high,61,pgx_num_cpic_drugs,pgx,0.0068112248966652,0.0131253528234923,0.0004970969698382,False,False
opioid_ed,85_114,high,62,item_cpt_99225,cpt,0.0067732548266066,0.01322793966409,0.0003185699891232,False,False
opioid_ed,85_114,high,63,item_cpt_82948,cpt,0.0063112500014453,0.0121908436483214,0.0004316563545693,False,False
opioid_ed,85_114,high,64,item_cpt_86901,cpt,0.0053165447823065,0.0103763946100399,0.0002566949545731,False,False
opioid_ed,85_114,high,65,late_event_rate_per30,utilization_temporal,0.00524245338924,0.0100902554240126,0.0003946513544673,False,False
opioid_ed,85_114,high,66,item_cpt_83735,cpt,0.0051869966707184,0.0101796644245116,0.0001943289169252,False,False
opioid_ed,85_114,high,67,item_cpt_92250,cpt,0.0051091888151915,0.0100833075175422,0.0001350701128408,False,False
opioid_ed,85_114,high,68,item_icd_M25562,icd,0.0044800224317294,0.0088399631120134,0.0001200817514454,False,False
opioid_ed,85_114,high,69,item_cpt_99223,cpt,0.0043376463051634,0.008509156562263,0.0001661360480638,False,False
opioid_ed,85_114,high,70,item_cpt_85027,cpt,0.004198433148063,0.008307735920925,8.91303752010849e-05,False,False
opioid_ed,85_114,high,71,item_cpt_92014,cpt,0.0041110695995472,0.0080871291996688,0.0001350099994256,False,False
opioid_ed,85_114,high,72,item_cpt_71010,cpt,0.003617427869108,0.0070293346345462,0.0002055211036698,False,False
opioid_ed,85_114,high,73,item_cpt_99231,cpt,0.0034515486005418,0.0068699705465958,3.3126654487802856e-05,False,False
opioid_ed,85_114,high,74,item_icd_I480,icd,0.0034025325852909,0.0067724089532194,3.2656217362470315e-05,False,False
opioid_ed,85_114,high,75,item_cpt_85610,cpt,0.0032272236538957,0.0063642104452838,9.023686250753956e-05,False,False
opioid_ed,85_114,high,76,item_cpt_84550,cpt,0.0031942759656659,0.006318604540259,6.994739107291568e-05,False,False
opioid_ed,85_114,high,77,pgx_has_any_drug,pgx,0.0031456289819908,0.006183781506788,0.0001074764571937,False,False
opioid_ed,85_114,high,78,item_cpt_96372,cpt,0.0030913053835225,0.0061146304813989,6.798028564604261e-05,False,False
opioid_ed,85_114,high,79,item_cpt_97535,cpt,0.0027491000178523,0.0054718152163139,2.638481939078371e-05,False,True
opioid_ed,85_114,high,80,item_cpt_96360,cpt,0.0027146271290534,0.0053857935171555,4.3460740951354926e-05,False,False
opioid_ed,85_114,high,81,item_cpt_81001,cpt,0.0026805608781285,0.0053353947495363,2.572700672079384e-05,False,False
opioid_ed,85_114,high,82,item_drug_PREDNISONE,drug,0.002618236481435,0.0052113441220725,2.512884079750249e-05,False,False
opioid_ed,85_114,high,83,item_cpt_99239,cpt,0.0024037727215773,0.00478447494419,2.3070498964550847e-05,False,False
opioid_ed,85_114,high,84,item_cpt_82550,cpt,0.0021994173415828,0.0043627733702131,3.606131295265389e-05,False,False
opioid_ed,85_114,high,85,item_cpt_87088,cpt,0.0020688980841665,0.0041036093691633,3.418679916975858e-05,False,False
opioid_ed,85_114,high,86,item_cpt_36415,cpt,0.0017986607700406,0.0035027274317195,9.459410836181972e-05,False,False
opioid_ed,85_114,high,87,item_cpt_87186,cpt,0.0016996765987504,0.0033830403460988,1.631285140211326e-05,False,False
opioid_ed,85_114,high,88,item_cpt_83880,cpt,0.0016903374618105,0.0033519250011108,2.87499225102153e-05,False,False
opioid_ed,85_114,high,89,item_cpt_99284,cpt,0.0016522745402518,0.0032640594171529,4.048966335072632e-05,False,False
opioid_ed,85_114,high,90,item_drug_LEVOFLOXACIN,drug,0.0015943773770262,0.0031493711330453,3.93836210072656e-05,False,False
opioid_ed,85_114,high,91,item_icd_R609,icd,0.0015872955905044,0.003159356919904,1.5234261104826837e-05,False,False
opioid_ed,85_114,high,92,item_icd_I4891,icd,0.0015549978107005,0.0030950713421381,1.4924279263018858e-05,False,False
opioid_ed,85_114,high,93,item_icd_G894,icd,0.0015304933735718,0.0030111703637026,4.981638344109965e-05,False,False
opioid_ed,85_114,high,94,item_cpt_70450,cpt,0.0014017080246488,0.0027899629872668,1.345306203077443e-05,False,False
opioid_ed,85_114,high,95,item_icd_M170,icd,0.0013161254745038,0.0025981829318951,3.4068017112485657e-05,False,False
opioid_ed,85_114,high,96,item_icd_M6281,icd,0.0013053065726495,0.0025980853078449,1.2527837454188552e-05,False,False
opioid_ed,85_114,high,97,item_icd_H6123,icd,0.0012500358435074,0.0024776453635541,2.2426323460708784e-05,False,False
opioid_ed,85_114,high,98,item_cpt_92134,cpt,0.0011144452104601,0.0022181943984373,1.0696022482982114e-05,False,False
opioid_ed,85_114,high,99,item_cpt_80053,cpt,0.0010795061450509,0.0021294645462304,2.9547743871520852e-05,False,False
opioid_ed,85_114,high,100,item_drug_MIRTAZAPINE,drug,0.0010517586828613,0.002093422984758,1.0094380964597934e-05,False,False
opioid_ed,85_114,high,101,item_cpt_94760,cpt,0.0009463714886859,0.0018746778725524,1.8065104819453817e-05,False,False
opioid_ed,85_114,high,102,item_icd_Z043,icd,0.0009429834355028,0.0018769164736128,9.05039739284552e-06,False,False
opioid_ed,85_114,high,103,item_icd_I639,icd,0.0008831935311053,0.0017579105056453,8.476556565420514e-06,False,False
opioid_ed,85_114,high,104,item_icd_E039,icd,0.0008552538066862,0.0016852438890976,2.5263724274821014e-05,False,False
opioid_ed,85_114,high,105,item_cpt_11056,cpt,0.0006565007151729,0.0013067005854559,6.300844890063871e-06,False,False
opioid_ed,85_114,high,106,item_cpt_80047,cpt,0.0006327578186288,0.0012594426676843,6.0729695733919405e-06,False,False
opioid_ed,85_114,high,107,item_icd_R001,icd,0.0006128635170453,0.001219845002479,5.882031611594181e-06,False,False
opioid_ed,85_114,high,108,item_drug_FUROSEMIDE,drug,0.0006084735036313,0.0012037347834873,1.3212223775418051e-05,False,False
opioid_ed,85_114,high,109,item_cpt_11720,cpt,0.0004506411686632,0.0008969572542927,4.325083033726568e-06,False,False
opioid_ed,85_114,high,110,item_drug_MUPIROCIN,drug,0.0002781510945895,0.0005536326004605,2.669588718648388e-06,False,False
opioid_ed,25_44,low,1,pgx_num_drugs,pgx,0.9999999991897764,0.999999999908616,0.9999999984709368,True,False
opioid_ed,25_44,low,2,item_drug_GABAPENTIN,drug,0.2137919270418593,0.222197773051447,0.2053860810322715,True,False
opioid_ed,25_44,low,3,pgx_num_cpic_drugs,pgx,0.0632574124800942,0.1165509513153447,0.0099638736448437,True,False
opioid_ed,25_44,low,4,item_drug_CLONAZEPAM,drug,0.0529446841186797,0.0688329322580549,0.0370564359793044,True,False
opioid_ed,25_44,low,5,item_drug_ALPRAZOLAM,drug,0.0392928732992075,0.0566075452456143,0.0219782013528007,True,False
opioid_ed,25_44,low,6,item_drug_AMOXICILLIN,drug,0.0316772384269666,0.0410691641655507,0.0222853126883826,True,False
opioid_ed,25_44,low,7,item_drug_AZITHROMYCIN,drug,0.030391250059929,0.0422954237376851,0.0184870763821729,True,False
opioid_ed,25_44,low,8,item_drug_BENZONATATE,drug,0.0286284918210175,0.0434939558503933,0.0137630277916418,True,False
opioid_ed,25_44,low,9,item_drug_OMEPRAZOLE,drug,0.019752627748593,0.0279040816685715,0.0116011738286144,True,False
opioid_ed,25_44,low,10,item_drug_CEPHALEXIN,drug,0.016482729817407,0.023391655105522,0.0095738045292919,True,False
opioid_ed,25_44,low,11,item_drug_DIAZEPAM,drug,0.0164745229108384,0.0256599577067589,0.007289088114918,True,False
opioid_ed,25_44,low,12,item_drug_IBUPROFEN,drug,0.015858057031617,0.0206514965574136,0.0110646175058204,True,False
opioid_ed,25_44,low,13,item_drug_LAMOTRIGINE,drug,0.0121307294888503,0.0194352169729365,0.0048262420047641,True,False
opioid_ed,25_44,low,14,item_drug_MIRTAZAPINE,drug,0.0108195739769379,0.0187847869195081,0.0028543610343677,True,False
opioid_ed,25_44,low,15,item_drug_RISPERIDONE,drug,0.0104277893432458,0.0179002207619903,0.0029553579245013,True,False
opioid_ed,25_44,low,16,item_drug_METHOCARBAMOL,drug,0.0103759369601276,0.0167756807623522,0.0039761931579029,True,False
opioid_ed,25_44,low,17,item_drug_TOPIRAMATE,drug,0.0096313455439809,0.0162968101055591,0.0029658809824027,True,False
opioid_ed,25_44,low,18,item_drug_ARIPIPRAZOLE,drug,0.0092325253473295,0.0152683499950632,0.0031967006995959,True,False
opioid_ed,25_44,low,19,item_drug_PREDNISONE,drug,0.0090900138167241,0.01182431060567,0.0063557170277783,True,False
opioid_ed,25_44,low,20,item_drug_KETOCONAZOLE,drug,0.008945092244347,0.0154502364209307,0.0024399480677633,True,False
opioid_ed,25_44,low,21,item_drug_FLUCONAZOLE,drug,0.0072309917767352,0.0110889883772878,0.0033729951761825,False,False
opioid_ed,25_44,low,22,item_drug_LYRICA,drug,0.0068790959581131,0.011803035626167,0.0019551562900593,False,False
opioid_ed,25_44,low,23,item_drug_BACLOFEN,drug,0.0068656145714726,0.0115758358603037,0.0021553932826416,False,False
opioid_ed,25_44,low,24,item_drug_NUVARING,drug,0.0063942289840409,0.011281051378485,0.0015074065895968,False,False
opioid_ed,25_44,low,25,item_drug_LORAZEPAM,drug,0.005890685492984,0.009477995321726,0.0023033756642421,False,False
opioid_ed,25_44,low,26,item_drug_SPIRONOLACTONE,drug,0.004653125037815,0.0083616532933882,0.0009445967822417,False,False
opioid_ed,25_44,low,27,item_drug_LISINOPRIL,drug,0.0045979157224889,0.0077951201797603,0.0014007112652175,False,False
opioid_ed,25_44,low,28,item_drug_LEVOFLOXACIN,drug,0.0044880001254662,0.007899227095266,0.0010767731556664,False,False
opioid_ed,25_44,low,29,item_drug_LIDOCAINE,drug,0.0038777949988758,0.0064154323162424,0.0013401576815091,False,False
opioid_ed,25_44,low,30,item_drug_IBU,drug,0.0038348140765579,0.0064955735558204,0.0011740545972954,False,False
opioid_ed,25_44,low,31,item_drug_OXYCONTIN,drug,0.0037607578812308,0.0063697969786669,0.0011517187837947,False,False
opioid_ed,25_44,low,32,item_drug_METRONIDAZOLE,drug,0.0036306367211807,0.0058884739350241,0.0013727995073373,False,False
opioid_ed,25_44,low,33,item_drug_LEVETIRACETAM,drug,0.0035574500178915,0.0063627011439289,0.000752198891854,False,False
opioid_ed,25_44,low,34,item_drug_ACYCLOVIR,drug,0.0035548536233248,0.0063914592654958,0.0007182479811538,False,False
opioid_ed,25_44,low,35,item_drug_HYDROCHLOROTHIAZIDE,drug,0.0035438979304749,0.0062434327784057,0.0008443630825441,False,False
opioid_ed,25_44,low,36,item_drug_MELOXICAM,drug,0.0032518694365972,0.0052994564077758,0.0012042824654186,False,False
opioid_ed,25_44,low,37,item_drug_FUROSEMIDE,drug,0.0030501841909263,0.0054459417530811,0.0006544266287715,False,False
opioid_ed,25_44,low,38,item_drug_ERYTHROMYCIN,drug,0.0029834439575707,0.0052937359252043,0.0006731519899371,False,False
opioid_ed,25_44,low,39,item_drug_CEFDINIR,drug,0.0028232360378759,0.0049408392942658,0.0007056327814859,False,False
opioid_ed,25_44,low,40,item_drug_TRETINOIN,drug,0.0028210353145408,0.0052458445804297,0.0003962260486519,False,False
opioid_ed,25_44,low,41,item_drug_PERMETHRIN,drug,0.00278729069178,0.0050722575617299,0.0005023238218302,False,False
opioid_ed,25_44,low,42,item_drug_OLANZAPINE,drug,0.0027808952645108,0.004935818551223,0.0006259719777985,False,False
opioid_ed,25_44,low,43,item_drug_SYMBICORT,drug,0.002731490986504,0.0047398600854992,0.0007231218875089,False,False
opioid_ed,25_44,low,44,item_drug_FLUOCINONIDE,drug,0.002701814434289,0.0047321711494493,0.0006714577191286,False,False
opioid_ed,25_44,low,45,item_drug_OFLOXACIN,drug,0.0025637096505165,0.0047035017997548,0.0004239175012782,False,False
opioid_ed,25_44,low,46,item_drug_LORATADINE,drug,0.0025463091191196,0.0045464822655243,0.0005461359727149,False,False
opioid_ed,25_44,low,47,item_drug_LATUDA,drug,0.0025053130900826,0.0044348859998659,0.0005757401802992,False,False
opioid_ed,25_44,low,48,item_drug_SUCRALFATE,drug,0.0022565062823347,0.0038167256910261,0.0006962868736432,False,False
opioid_ed,25_44,low,49,item_drug_NYSTATIN,drug,0.0022478676443157,0.0041784431724206,0.0003172921162109,False,False
opioid_ed,25_44,low,50,item_drug_FEROSUL,drug,0.0021926530389474,0.003881658529201,0.0005036475486939,False,False
opioid_ed,25_44,low,51,item_drug_HALOPERIDOL,drug,0.0020382095762145,0.003675774933836,0.000400644218593,False,False
opioid_ed,25_44,low,52,item_drug_TAMIFLU,drug,0.0019271664907653,0.0036339714179271,0.0002203615636035,False,False
opioid_ed,25_44,low,53,item_drug_OXCARBAZEPINE,drug,0.001907659892658,0.0035555682741053,0.0002597515112106,False,False
opioid_ed,25_44,low,54,item_drug_ESTRADIOL,drug,0.0017753191127246,0.0033150717315224,0.0002355664939267,False,False
opioid_ed,25_44,low,55,item_drug_NAPROXEN,drug,0.0016815622588704,0.0027037233178495,0.0006594011998912,False,False
opioid_ed,25_44,low,56,item_drug_VYVANSE,drug,0.0015444208761237,0.0028129910644923,0.000275850687755,False,False
opioid_ed,25_44,low,57,item_drug_AMITIZA,drug,0.0014242000921732,0.0026049249939553,0.0002434751903911,False,False
opioid_ed,25_44,low,58,item_drug_CARVEDILOL,drug,0.0012758681042663,0.0023373441391914,0.0002143920693413,False,False
opioid_ed,25_44,low,59,item_drug_ORSYTHIA,drug,0.0010739074690106,0.0019952696248854,0.0001525453131358,False,False
opioid_ed,25_44,low,60,item_drug_LANSOPRAZOLE,drug,0.0010705441987599,0.0019869525069375,0.0001541358905823,False,False
opioid_ed,25_44,low,61,item_drug_SIMVASTATIN,drug,0.0010578157859609,0.0019207023369932,0.0001949292349285,False,False
opioid_ed,25_44,low,62,item_drug_TRIAZOLAM,drug,0.0010380718312821,0.0019000135163065,0.0001761301462576,False,False
opioid_ed,25_44,low,63,item_drug_LINZESS,drug,0.001016326813545,0.0018320048427802,0.0002006487843098,False,False
opioid_ed,25_44,low,64,item_drug_VOLTAREN,drug,0.0009709819090902,0.0017684970558516,0.0001734667623287,False,False
opioid_ed,25_44,low,65,item_drug_MISOPROSTOL,drug,0.0008920234828497,0.0016638450386675,0.0001202019270318,False,False
opioid_ed,25_44,low,66,item_drug_PROGESTERONE,drug,0.000889698495135,0.0016629650095087,0.0001164319807614,False,False
opioid_ed,25_44,low,67,item_drug_VALSARTAN,drug,0.0008488368361231,0.0015730494419498,0.0001246242302964,False,False
opioid_ed,25_44,low,68,item_drug_FENOFIBRATE,drug,0.0008102848834097,0.0015219333644659,9.863640235352072e-05,False,False
opioid_ed,25_44,low,69,item_drug_ATENOLOL,drug,0.0008091628810898,0.0015279013810149,9.042438116483913e-05,False,False
opioid_ed,25_44,low,70,item_drug_CLARITHROMYCIN,drug,0.0007786553249561,0.0013531647262753,0.000204145923637,False,False
opioid_ed,25_44,low,71,item_drug_NORETHINDRONE,drug,0.000735242885078,0.0014424833839176,2.800238623841706e-05,False,False
opioid_ed,25_44,low,72,item_drug_MUPIROCIN,drug,0.0007150304636557,0.0013086419788011,0.0001214189485104,False,False
opioid_ed,25_44,low,73,item_drug_METAXALONE,drug,0.0006572261709286,0.0012392548427328,7.519749912443667e-05,False,False
opioid_ed,25_44,low,74,item_drug_ESZOPICLONE,drug,0.0006245187420145,0.0011216367792472,0.0001274007047817,False,False
opioid_ed,25_44,low,75,item_drug_HUMALOG,drug,0.000614110292218,0.0011444940779637,8.37265064722568e-05,False,False
opioid_ed,25_44,low,76,item_drug_COLCHICINE,drug,0.0005652201712516,0.0010899868859689,4.045345653438384e-05,False,False
opioid_ed,25_44,low,77,item_drug_EPINEPHRINE,drug,0.0005651465192648,0.001073634608464,5.665843006557557e-05,False,False
opioid_ed,25_44,low,78,item_drug_TRINESSA,drug,0.0005596311099137,0.0010737708725781,4.5491347249313385e-05,False,False
opioid_ed,25_44,low,79,item_drug_STRATTERA,drug,0.0004797203368566,0.0009193595521626,4.008112155070083e-05,False,False
opioid_ed,25_44,low,80,item_drug_CAMILA,drug,0.0004785831784978,0.000922910653393,3.425570360274609e-05,False,False
opioid_ed,25_44,low,81,item_drug_ETODOLAC,drug,0.0004721862730058,0.000916264401551,2.8108144460618797e-05,False,False
opioid_ed,25_44,low,82,item_drug_ALLOPURINOL,drug,0.0004646050963947,0.0008994463505105,2.976384227886108e-05,False,False
opioid_ed,25_44,low,83,item_drug_CELECOXIB,drug,0.0004320417511836,0.0008361971496127,2.7886352754462075e-05,False,False
opioid_ed,25_44,low,84,item_drug_IMIQUIMOD,drug,0.0004270081193552,0.0008249889961689,2.902724254144991e-05,False,False
opioid_ed,25_44,low,85,item_drug_TERCONAZOLE,drug,0.0004220293510039,0.0008106424726812,3.341622932667743e-05,False,False
opioid_ed,25_44,low,86,item_drug_NEXIUM,drug,0.0004029156858132,0.000777359585895,2.8471785731531595e-05,False,False
opioid_ed,25_44,low,87,item_drug_INDOMETHACIN,drug,0.0003725595749372,0.0007301013648888,1.5017784985594685e-05,False,False
opioid_ed,25_44,low,88,item_drug_CRESTOR,drug,0.000319921255175,0.0006165625184417,2.3279991908254764e-05,False,False
opioid_ed,25_44,low,89,item_drug_HYDROCORTISONE,drug,0.0003088920118435,0.0006017316535663,1.605237012070467e-05,False,False
opioid_ed,25_44,low,90,item_drug_GLIPIZIDE,drug,0.0002701519142741,0.0005233739453985,1.6929883149772947e-05,False,False
opioid_ed,25_44,low,91,item_drug_PRISTIQ,drug,0.0002271940948374,0.0004371890268317,1.719916284312693e-05,False,False
opioid_ed,25_44,low,92,item_drug_VIIBRYD,drug,0.0002233200647419,0.0004372494360858,9.39069339805441e-06,False,False
opioid_ed,25_44,low,93,item_drug_NABUMETONE,drug,0.0001747277520256,0.0003396469787767,9.8085252746178e-06,False,False
opioid_ed,25_44,low,94,item_drug_TRINTELLIX,drug,0.0001724010812171,0.0003341738196739,1.0628342760250206e-05,False,False
opioid_ed,25_44,low,95,item_drug_CYANOCOBALAMIN,drug,0.0001617360338634,0.0003131340622076,1.0338005519301862e-05,False,False
opioid_ed,25_44,low,96,item_drug_CHLORTHALIDONE,drug,0.0001606029451043,0.0003120161084268,9.18978178187379e-06,False,False
opioid_ed,25_44,low,97,item_drug_CIPRODEX,drug,0.0001602020141082,0.0003172203847674,3.1836434489311865e-06,False,False
opioid_ed,25_44,low,98,item_drug_FAMOTIDINE,drug,0.0001415282807566,0.0002651342131266,1.7922348386590226e-05,False,False
opioid_ed,25_44,low,99,item_drug_DEXILANT,drug,0.0001172166576862,0.0002250459064685,9.387408904048976e-06,False,False
opioid_ed,25_44,low,100,item_drug_TACROLIMUS,drug,0.0001128222903076,0.0002197529193619,5.891661253444575e-06,False,False
opioid_ed,25_44,low,101,item_drug_DEXAMETHASONE,drug,0.0001050274160806,0.0001959385365454,1.4116295615863424e-05,False,False
opioid_ed,25_44,low,102,item_drug_XARELTO,drug,0.0001005419388525,0.0001985590217709,2.5248559342384603e-06,False,False
opioid_ed,25_44,low,103,item_drug_CARBAMAZEPINE,drug,9.34608541038353e-05,0.000183283915407,3.637792800574963e-06,False,False
opioid_ed,25_44,low,104,item_drug_DOCQLACE,drug,8.321719192222854e-05,0.0001622057591835,4.22862466087485e-06,False,False
opioid_ed,25_44,low,105,item_drug_CARISOPRODOL,drug,7.47750694082362e-05,0.0001479157975673,1.6343412490759786e-06,False,False
opioid_ed,25_44,low,106,item_drug_VIGAMOX,drug,5.543409971070755e-05,0.0001092985478905,1.5696515308854202e-06,False,False
opioid_ed,25_44,low,107,item_drug_LANTUS,drug,5.036430626691893e-05,8.736220274396191e-05,1.3366409789875934e-05,False,False
opioid_ed,25_44,low,108,item_drug_XULANE,drug,3.066712286475224e-05,6.019927613789169e-05,1.1349695916127886e-06,False,False
opioid_ed,25_44,low,109,item_drug_QVAR,drug,3.0232498782750706e-05,5.988930254731917e-05,5.756950181822353e-07,False,False
opioid_ed,25_44,low,110,item_drug_GLIMEPIRIDE,drug,2.5613335579166777e-06,3.850839280775676e-06,1.2718278350576788e-06,False,False
opioid_ed,25_44,low,111,item_drug_TEMAZEPAM,drug,1.8716594753072907e-06,3.743318950614581e-06,0.0,False,False
opioid_ed,25_44,low,112,item_drug_JANUVIA,drug,2.702257764013108e-07,0.0,5.404515528026215e-07,False,False
opioid_ed,25_44,medium,1,pgx_num_drugs,pgx,0.9999999991928438,0.9999999999147507,0.9999999984709368,True,False
opioid_ed,25_44,medium,2,item_drug_GABAPENTIN,drug,0.2308262020513355,0.2398958701586024,0.2217565339440686,True,False
opioid_ed,25_44,medium,3,pgx_num_cpic_drugs,pgx,0.069405998864974,0.1278786195127097,0.0109333782172383,True,False
opioid_ed,25_44,medium,4,item_drug_CLONAZEPAM,drug,0.0577559321909811,0.0750825054617672,0.040429358920195,True,False
opioid_ed,25_44,medium,5,item_drug_ALPRAZOLAM,drug,0.0459463895378701,0.0661910976604308,0.0257016814153093,True,False
opioid_ed,25_44,medium,6,item_drug_AMOXICILLIN,drug,0.0371513367892466,0.0481638611223666,0.0261388124561266,True,False
opioid_ed,25_44,medium,7,item_drug_AZITHROMYCIN,drug,0.0351382025575683,0.0488990815670171,0.0213773235481196,True,False
opioid_ed,25_44,medium,8,item_drug_BENZONATATE,drug,0.0337412239527239,0.0512600388832523,0.0162224090221954,True,False
opioid_ed,25_44,medium,9,item_drug_OMEPRAZOLE,drug,0.0254043575887059,0.0358899294284058,0.0149187857490061,True,False
opioid_ed,25_44,medium,10,item_drug_CEPHALEXIN,drug,0.0203069801924229,0.0288187495169047,0.0117952108679411,True,False
opioid_ed,25_44,medium,11,item_drug_IBUPROFEN,drug,0.0198434181640213,0.0258421178810609,0.0138447184469818,True,False
opioid_ed,25_44,medium,12,item_drug_DIAZEPAM,drug,0.0190759910175904,0.0297098792709799,0.0084421027642008,True,False
opioid_ed,25_44,medium,13,item_drug_PREDNISONE,drug,0.0157388500007891,0.0204932543225738,0.0109844456790045,True,False
opioid_ed,25_44,medium,14,item_drug_LAMOTRIGINE,drug,0.0134313086579432,0.0215159229069912,0.0053466944088952,True,False
opioid_ed,25_44,medium,15,item_drug_METHOCARBAMOL,drug,0.0122274262084788,0.019767815147353,0.0046870372696046,True,False
opioid_ed,25_44,medium,16,item_drug_MIRTAZAPINE,drug,0.0119317766864176,0.0207137245614954,0.0031498288113398,True,False
opioid_ed,25_44,medium,17,item_drug_TOPIRAMATE,drug,0.0116078206038447,0.019640531712946,0.0035751094947434,True,False
opioid_ed,25_44,medium,18,item_drug_RISPERIDONE,drug,0.0115396441552256,0.0198066684743769,0.0032726198360744,True,False
opioid_ed,25_44,medium,19,item_drug_KETOCONAZOLE,drug,0.0109794673539058,0.0189638918938028,0.0029950428140088,True,False
opioid_ed,25_44,medium,20,item_drug_ARIPIPRAZOLE,drug,0.0108904707633623,0.0180090029476535,0.0037719385790712,True,False
opioid_ed,25_44,medium,21,item_drug_FLUCONAZOLE,drug,0.0102581000765043,0.0157360129278911,0.0047801872251175,False,False
opioid_ed,25_44,medium,22,item_drug_LYRICA,drug,0.0090136177660963,0.0154665604543466,0.0025606750778459,False,False
opioid_ed,25_44,medium,23,item_drug_NUVARING,drug,0.0084334092375902,0.0148797434980213,0.0019870749771591,False,False
opioid_ed,25_44,medium,24,item_drug_BACLOFEN,drug,0.0079209757710383,0.0133536795907103,0.0024882719513664,False,False
opioid_ed,25_44,medium,25,item_drug_LORAZEPAM,drug,0.0070003852313304,0.0112623058866106,0.0027384645760503,False,False
opioid_ed,25_44,medium,26,item_drug_SPIRONOLACTONE,drug,0.0068976191679968,0.012397769128267,0.0013974692077265,False,False
opioid_ed,25_44,medium,27,item_drug_LISINOPRIL,drug,0.0060898072586358,0.0103258667059369,0.0018537478113346,False,False
opioid_ed,25_44,medium,28,item_drug_LEVOFLOXACIN,drug,0.0054468044765269,0.0095864193521379,0.0013071896009159,False,False
opioid_ed,25_44,medium,29,item_drug_OXYCONTIN,drug,0.0051259917632388,0.0086842901127337,0.0015676934137438,False,False
opioid_ed,25_44,medium,30,item_drug_METRONIDAZOLE,drug,0.0049750741750602,0.0080717872916723,0.001878361058448,False,False
opioid_ed,25_44,medium,31,item_drug_HYDROCHLOROTHIAZIDE,drug,0.0048318845804626,0.0085141725961462,0.0011495965647791,False,False
opioid_ed,25_44,medium,32,item_drug_LIDOCAINE,drug,0.0045584928605039,0.0075402767028492,0.0015767090181585,False,False
opioid_ed,25_44,medium,33,item_drug_MELOXICAM,drug,0.0045003920899991,0.0073371408723345,0.0016636433076638,False,False
opioid_ed,25_44,medium,34,item_drug_ACYCLOVIR,drug,0.0044015197305973,0.0079136812866329,0.0008893581745617,False,False
opioid_ed,25_44,medium,35,item_drug_LEVETIRACETAM,drug,0.0040087897151776,0.0071685757614024,0.0008490036689527,False,False
opioid_ed,25_44,medium,36,item_drug_FUROSEMIDE,drug,0.0037624943604836,0.0067176287283651,0.0008073599926021,False,False
opioid_ed,25_44,medium,37,item_drug_IBU,drug,0.0037522237042788,0.0063510810052137,0.0011533664033438,False,False
opioid_ed,25_44,medium,38,item_drug_LORATADINE,drug,0.0036738462542104,0.0065621274176294,0.0007855650907915,False,False
opioid_ed,25_44,medium,39,item_drug_TRETINOIN,drug,0.0034460338042342,0.0064078916572327,0.0004841759512356,False,False
opioid_ed,25_44,medium,40,item_drug_CEFDINIR,drug,0.0033562133089682,0.0058728293954765,0.00083959722246,False,False
opioid_ed,25_44,medium,41,item_drug_NAPROXEN,drug,0.0032839372613402,0.0052957960935211,0.0012720784291593,False,False
opioid_ed,25_44,medium,42,item_drug_SYMBICORT,drug,0.0031737277344585,0.0055060571981027,0.0008413982708142,False,False
opioid_ed,25_44,medium,43,item_drug_OLANZAPINE,drug,0.0031094616436953,0.0055174202543271,0.0007015030330636,False,False
opioid_ed,25_44,medium,44,item_drug_PERMETHRIN,drug,0.0029557544492746,0.0053769942256032,0.0005345146729461,False,False
opioid_ed,25_44,medium,45,item_drug_OFLOXACIN,drug,0.0028159346088787,0.0051649211046798,0.0004669481130776,False,False
opioid_ed,25_44,medium,46,item_drug_TAMIFLU,drug,0.0027527177154309,0.0051918108052847,0.0003136246255771,False,False
opioid_ed,25_44,medium,47,item_drug_ERYTHROMYCIN,drug,0.002739277680417,0.0048563766941493,0.0006221786666847,False,False
opioid_ed,25_44,medium,48,item_drug_SUCRALFATE,drug,0.0026862803704578,0.0045427556318434,0.0008298051090722,False,False
opioid_ed,25_44,medium,49,item_drug_LATUDA,drug,0.0026854537166903,0.0047515694917298,0.0006193379416509,False,False
opioid_ed,25_44,medium,50,item_drug_FEROSUL,drug,0.002678636332831,0.004741726135183,0.000615546530479,False,False
opioid_ed,25_44,medium,51,item_drug_NYSTATIN,drug,0.0026659949906913,0.0049552344146198,0.0003767555667628,False,False
opioid_ed,25_44,medium,52,item_drug_FLUOCINONIDE,drug,0.002494630596383,0.0043648245457692,0.0006244366469968,False,False
opioid_ed,25_44,medium,53,item_drug_HALOPERIDOL,drug,0.0024761104448534,0.0044651935896428,0.0004870273000641,False,False
opioid_ed,25_44,medium,54,item_drug_ESTRADIOL,drug,0.0023196818694048,0.0043320178373242,0.0003073459014854,False,False
opioid_ed,25_44,medium,55,item_drug_OXCARBAZEPINE,drug,0.0020674040631477,0.003852120254431,0.0002826878718645,False,False
opioid_ed,25_44,medium,56,item_drug_AMITIZA,drug,0.0018779796437163,0.0034356076391552,0.0003203516482774,False,False
opioid_ed,25_44,medium,57,item_drug_VYVANSE,drug,0.0016948813955355,0.0030856102504519,0.0003041525406192,False,False
opioid_ed,25_44,medium,58,item_drug_CARVEDILOL,drug,0.0016495084379075,0.0030222879040787,0.0002767289717362,False,False
opioid_ed,25_44,medium,59,item_drug_SIMVASTATIN,drug,0.0016195909486534,0.0029435877733473,0.0002955941239595,False,False
opioid_ed,25_44,medium,60,item_drug_ORSYTHIA,drug,0.0015426155753901,0.0028675631067099,0.0002176680440703,False,False
opioid_ed,25_44,medium,61,item_drug_LANSOPRAZOLE,drug,0.0015423721793525,0.002864184755999,0.0002205596027059,False,False
opioid_ed,25_44,medium,62,item_drug_VOLTAREN,drug,0.0015284691810364,0.0027870397036295,0.0002698986584432,False,False
opioid_ed,25_44,medium,63,item_drug_VALSARTAN,drug,0.0015277459580186,0.0028354864322097,0.0002200054838276,False,False
opioid_ed,25_44,medium,64,item_drug_LINZESS,drug,0.0013710945493576,0.0024726243630501,0.0002695647356651,False,False
opioid_ed,25_44,medium,65,item_drug_MUPIROCIN,drug,0.00124069537083,0.0022750781327934,0.0002063126088665,False,False
opioid_ed,25_44,medium,66,item_drug_FENOFIBRATE,drug,0.0012181973038814,0.0022897373876453,0.0001466572201174,False,False
opioid_ed,25_44,medium,67,item_drug_ATENOLOL,drug,0.0011477749517457,0.002168285869225,0.0001272640342664,False,False
opioid_ed,25_44,medium,68,item_drug_HUMALOG,drug,0.0009902132954256,0.001847988170758,0.0001324384200932,False,False
opioid_ed,25_44,medium,69,item_drug_CLARITHROMYCIN,drug,0.0009666022212957,0.0016797559753366,0.0002534484672547,False,False
opioid_ed,25_44,medium,70,item_drug_NORETHINDRONE,drug,0.0009036018230245,0.0017727504412498,3.4453204799264445e-05,False,False
opioid_ed,25_44,medium,71,item_drug_TRINESSA,drug,0.0008981201613981,0.0017246531354037,7.15871873926374e-05,False,False
opioid_ed,25_44,medium,72,item_drug_METAXALONE,drug,0.0008787068265163,0.0016574104565015,0.0001000031965311,False,False
opioid_ed,25_44,medium,73,item_drug_TRIAZOLAM,drug,0.0008772685587324,0.0016020599075666,0.0001524772098981,False,False
opioid_ed,25_44,medium,74,item_drug_EPINEPHRINE,drug,0.0008395577636811,0.0015961419018608,8.297362550149182e-05,False,False
opioid_ed,25_44,medium,75,item_drug_ESZOPICLONE,drug,0.0008239869606834,0.00148068768427,0.0001672862370968,False,False
opioid_ed,25_44,medium,76,item_drug_MISOPROSTOL,drug,0.0008062574864781,0.0015014583568593,0.0001110566160969,False,False
opioid_ed,25_44,medium,77,item_drug_PROGESTERONE,drug,0.0008040631248021,0.0015005620499299,0.0001075641996743,False,False
opioid_ed,25_44,medium,78,item_drug_COLCHICINE,drug,0.0007259698728098,0.0014001097784725,5.18299671471403e-05,False,False
opioid_ed,25_44,medium,79,item_drug_CELECOXIB,drug,0.0006284172924821,0.0012168881982243,3.994638674006819e-05,False,False
opioid_ed,25_44,medium,80,item_drug_ALLOPURINOL,drug,0.0006079882322855,0.0011772079138624,3.8768550708610616e-05,False,False
opioid_ed,25_44,medium,81,item_drug_TERCONAZOLE,drug,0.0005991970404382,0.0011515951024141,4.6798978462369153e-05,False,False
opioid_ed,25_44,medium,82,item_drug_IMIQUIMOD,drug,0.000561425570821,0.0010848982104692,3.7952931172808e-05,False,False
opioid_ed,25_44,medium,83,item_drug_ETODOLAC,drug,0.0005492560936346,0.0010655826889005,3.292949836876475e-05,False,False
opioid_ed,25_44,medium,84,item_drug_CAMILA,drug,0.0005465508489062,0.001053625151118,3.9476546694432914e-05,False,False
opioid_ed,25_44,medium,85,item_drug_STRATTERA,drug,0.0004674486379962,0.0008947488486694,4.014842732312325e-05,False,False
opioid_ed,25_44,medium,86,item_drug_NEXIUM,drug,0.0004402839407561,0.000848950045576,3.161783593615378e-05,False,False
opioid_ed,25_44,medium,87,item_drug_GLIPIZIDE,drug,0.0004218145601966,0.000818034487116,2.559463327725513e-05,False,False
opioid_ed,25_44,medium,88,item_drug_INDOMETHACIN,drug,0.0004104763776935,0.0008041536782192,1.6799077167874978e-05,False,False
opioid_ed,25_44,medium,89,item_drug_HYDROCORTISONE,drug,0.0004042784067301,0.000787677779993,2.087903346725927e-05,False,False
opioid_ed,25_44,medium,90,item_drug_CRESTOR,drug,0.0003769835519491,0.00072630897298,2.765813091815892e-05,False,False
opioid_ed,25_44,medium,91,item_drug_CHLORTHALIDONE,drug,0.0002508902961941,0.0004880966411247,1.368395126360948e-05,False,False
opioid_ed,25_44,medium,92,item_drug_VIIBRYD,drug,0.0002492223319024,0.0004877431446353,1.0701519169688803e-05,False,False
opioid_ed,25_44,medium,93,item_drug_CYANOCOBALAMIN,drug,0.0002348118334447,0.0004551108111398,1.451285574965467e-05,False,False
opioid_ed,25_44,medium,94,item_drug_NABUMETONE,drug,0.00022652214937,0.0004404277752038,1.2616523536328164e-05,False,False
opioid_ed,25_44,medium,95,item_drug_PRISTIQ,drug,0.0002213085156671,0.0004249855327624,1.7631498571814944e-05,False,False
opioid_ed,25_44,medium,96,item_drug_DEXILANT,drug,0.0001905898916712,0.0003669961188366,1.418366450583819e-05,False,False
opioid_ed,25_44,medium,97,item_drug_FAMOTIDINE,drug,0.0001819025860118,0.0003409665623656,2.283860965804729e-05,False,False
opioid_ed,25_44,medium,98,item_drug_CARBAMAZEPINE,drug,0.000145501125111,0.0002856806086685,5.321641553410919e-06,False,False
opioid_ed,25_44,medium,99,item_drug_TRINTELLIX,drug,0.0001396010475395,0.0002695445892748,9.65750580429698e-06,False,False
opioid_ed,25_44,medium,100,item_drug_DEXAMETHASONE,drug,0.0001375521487489,0.0002569230837055,1.8181213792344933e-05,False,False
opioid_ed,25_44,medium,101,item_drug_CIPRODEX,drug,0.0001286674483623,0.0002545256054137,2.8092913109487243e-06,False,False
opioid_ed,25_44,medium,102,item_drug_CARISOPRODOL,drug,0.0001245223418704,0.0002465070801222,2.537603618612184e-06,False,False
opioid_ed,25_44,medium,103,item_drug_DOCQLACE,drug,0.0001127691559744,0.0002199601924267,5.578119522197873e-06,False,False
opioid_ed,25_44,medium,104,item_drug_LANTUS,drug,0.0001087001706725,0.0001949690308259,2.243131051918701e-05,False,False
opioid_ed,25_44,medium,105,item_drug_XARELTO,drug,9.397213641151792e-05,0.0001853651615143,2.579111308697792e-06,False,False
opioid_ed,25_44,medium,106,item_drug_TACROLIMUS,drug,8.599961274891013e-05,0.0001666562017335,5.343023764287531e-06,False,False
opioid_ed,25_44,medium,107,item_drug_VIGAMOX,drug,5.4500538442585565e-05,0.0001072862246554,1.7148522296734754e-06,False,False
opioid_ed,25_44,medium,108,item_drug_GLIMEPIRIDE,drug,3.1185833686087965e-05,5.99979474313244e-05,2.373719940851533e-06,False,False
opioid_ed,25_44,medium,109,item_drug_XULANE,drug,9.892861879141493e-06,1.885375277595166e-05,9.319709823313192e-07,False,False
opioid_ed,25_44,medium,110,item_drug_QVAR,drug,9.451211866573412e-06,1.8490479739349328e-05,4.119439937974938e-07,False,False
opioid_ed,25_44,medium,111,item_drug_JANUVIA,drug,7.043231026206216e-06,1.3287196589297756e-05,7.992654631146768e-07,False,False
opioid_ed,25_44,extreme,1,pgx_num_drugs,pgx,0.9999999991774786,0.9999999998840216,0.9999999984709356,True,False
opioid_ed,25_44,extreme,2,item_drug_GABAPENTIN,drug,0.740393609485324,0.7696333176498313,0.7111539013208166,True,False
opioid_ed,25_44,extreme,3,item_drug_CLONAZEPAM,drug,0.2129032393113119,0.2768943697322992,0.1489121088903246,True,False
opioid_ed,25_44,extreme,4,item_drug_OMEPRAZOLE,drug,0.1596753305143175,0.2257918470567858,0.0935588139718491,True,False
opioid_ed,25_44,extreme,5,item_drug_AMOXICILLIN,drug,0.1430128002624909,0.1855328839779432,0.1004927165470385,True,False
opioid_ed,25_44,extreme,6,item_drug_ALPRAZOLAM,drug,0.1404672469023129,0.2024288835313092,0.0785056102733166,True,False
opioid_ed,25_44,extreme,7,item_drug_BENZONATATE,drug,0.1328711019283142,0.2019495888897127,0.0637926149669156,True,False
opioid_ed,25_44,extreme,8,item_drug_PREDNISONE,drug,0.1010630389153466,0.1318477538927943,0.0702783239378988,True,False
opioid_ed,25_44,extreme,9,item_drug_CEPHALEXIN,drug,0.0907233834787464,0.1288806615154226,0.0525661054420702,True,False
opioid_ed,25_44,extreme,10,item_drug_AZITHROMYCIN,drug,0.0902540430259444,0.125651991942365,0.0548560941095238,True,False
opioid_ed,25_44,extreme,11,item_drug_IBUPROFEN,drug,0.0891673027190828,0.1162803000125652,0.0620543054256004,True,False
opioid_ed,25_44,extreme,12,item_drug_DIAZEPAM,drug,0.077297498467792,0.1204723398841012,0.0341226570514828,True,False
opioid_ed,25_44,extreme,13,item_drug_TOPIRAMATE,drug,0.0684776027123527,0.1159643705225137,0.0209908349021916,True,False
opioid_ed,25_44,extreme,14,item_drug_BACLOFEN,drug,0.0645160071441188,0.1089168257431958,0.0201151885450418,True,False
opioid_ed,25_44,extreme,15,pgx_num_cpic_drugs,pgx,0.0604617600354044,0.1113937455988205,0.0095297744719883,True,False
opioid_ed,25_44,extreme,16,item_drug_LYRICA,drug,0.0570090957122748,0.0979225799620828,0.0160956114624668,True,False
opioid_ed,25_44,extreme,17,item_drug_ARIPIPRAZOLE,drug,0.0567093959445446,0.0938722294032403,0.0195465624858489,True,False
opioid_ed,25_44,extreme,18,item_drug_FLUCONAZOLE,drug,0.0549598192994615,0.0844418580034496,0.0254777805954734,True,False
opioid_ed,25_44,extreme,19,item_drug_LORAZEPAM,drug,0.0500374665950324,0.0806620272796296,0.0194129059104352,True,False
opioid_ed,25_44,extreme,20,item_drug_MIRTAZAPINE,drug,0.0499698347803187,0.086801045000882,0.0131386245597554,True,False
opioid_ed,25_44,extreme,21,item_drug_LEVOFLOXACIN,drug,0.0463502970036281,0.0816975238319848,0.0110030701752715,False,False
opioid_ed,25_44,extreme,22,item_drug_RISPERIDONE,drug,0.0435560025846704,0.0748078538860619,0.012304151283279,False,False
opioid_ed,25_44,extreme,23,item_drug_METHOCARBAMOL,drug,0.042865748046707,0.0693581643758104,0.0163733317176035,False,False
opioid_ed,25_44,extreme,24,item_drug_KETOCONAZOLE,drug,0.0424857252787723,0.0734301436769361,0.0115413068806085,False,False
opioid_ed,25_44,extreme,25,item_drug_SPIRONOLACTONE,drug,0.041998108668097,0.0755544044277683,0.0084418129084257,False,False
opioid_ed,25_44,extreme,26,item_drug_LAMOTRIGINE,drug,0.0389007058208034,0.062358713755925,0.0154426978856818,False,False
opioid_ed,25_44,extreme,27,item_drug_LEVETIRACETAM,drug,0.0372831705814893,0.0667874752523383,0.0077788659106404,False,False
opioid_ed,25_44,extreme,28,item_drug_FUROSEMIDE,drug,0.0367746672958007,0.0657839073190763,0.007765427272525,False,False
opioid_ed,25_44,extreme,29,item_drug_METRONIDAZOLE,drug,0.0340209896677667,0.0553433502045676,0.0126986291309658,False,False
opioid_ed,25_44,extreme,30,item_drug_MELOXICAM,drug,0.0333158258914748,0.0544735664963378,0.0121580852866119,False,False
opioid_ed,25_44,extreme,31,item_drug_OXYCONTIN,drug,0.0318927094052095,0.0541361866600959,0.0096492321503232,False,False
opioid_ed,25_44,extreme,32,item_drug_HYDROCHLOROTHIAZIDE,drug,0.0312630891452079,0.0551730975366743,0.0073530807537415,False,False
opioid_ed,25_44,extreme,33,item_drug_SUCRALFATE,drug,0.0311632508548189,0.0529207569542712,0.0094057447553665,False,False
opioid_ed,25_44,extreme,34,item_drug_LISINOPRIL,drug,0.0269818135836013,0.0458157886134552,0.0081478385537475,False,False
opioid_ed,25_44,extreme,35,item_drug_NYSTATIN,drug,0.025381537980534,0.0472544817429214,0.0035085942181466,False,False
opioid_ed,25_44,extreme,36,item_drug_SYMBICORT,drug,0.0252457005413899,0.0439201374603716,0.0065712636224082,False,False
opioid_ed,25_44,extreme,37,item_drug_LIDOCAINE,drug,0.0236804535082573,0.0392631745364698,0.0080977324800449,False,False
opioid_ed,25_44,extreme,38,item_drug_NAPROXEN,drug,0.0226972819719684,0.0367531286671775,0.0086414352767592,False,False
opioid_ed,25_44,extreme,39,item_drug_CARVEDILOL,drug,0.0213953062960454,0.0393324122008132,0.0034582003912777,False,False
opioid_ed,25_44,extreme,40,item_drug_AMITIZA,drug,0.0211676394144847,0.03883891152156,0.0034963673074093,False,False
opioid_ed,25_44,extreme,41,item_drug_TRETINOIN,drug,0.0174620366912186,0.0325060207761519,0.0024180526062853,False,False
opioid_ed,25_44,extreme,42,item_drug_HALOPERIDOL,drug,0.017348666096041,0.0313610482503606,0.0033362839417215,False,False
opioid_ed,25_44,extreme,43,item_drug_CEFDINIR,drug,0.0169702784578808,0.0297591647975202,0.0041813921182414,False,False
opioid_ed,25_44,extreme,44,item_drug_LORATADINE,drug,0.0169699267366492,0.0303592442976635,0.0035806091756349,False,False
opioid_ed,25_44,extreme,45,item_drug_MUPIROCIN,drug,0.0165358201073844,0.0304540104428772,0.0026176297718917,False,False
opioid_ed,25_44,extreme,46,item_drug_FEROSUL,drug,0.0144521794511462,0.0256469439761721,0.0032574149261203,False,False
opioid_ed,25_44,extreme,47,item_drug_ACYCLOVIR,drug,0.0141238559683222,0.0254193808499035,0.0028283310867409,False,False
opioid_ed,25_44,extreme,48,item_drug_HUMALOG,drug,0.0128606665137655,0.0241019528212657,0.0016193802062652,False,False
opioid_ed,25_44,extreme,49,item_drug_ESTRADIOL,drug,0.0124974001307376,0.0233747603963741,0.0016200398651011,False,False
opioid_ed,25_44,extreme,50,item_drug_OLANZAPINE,drug,0.0118971833228769,0.0211483357711548,0.0026460308745991,False,False
opioid_ed,25_44,extreme,51,item_drug_OFLOXACIN,drug,0.0118919942955473,0.0218441989878247,0.0019397896032698,False,False
opioid_ed,25_44,extreme,52,item_drug_NUVARING,drug,0.0112480811935007,0.0198446021401797,0.0026515602468217,False,False
opioid_ed,25_44,extreme,53,item_drug_OXCARBAZEPINE,drug,0.0101040260664106,0.0188587032695265,0.0013493488632947,False,False
opioid_ed,25_44,extreme,54,item_drug_SIMVASTATIN,drug,0.0100840177334465,0.0183871938334169,0.0017808416334762,False,False
opioid_ed,25_44,extreme,55,item_drug_LATUDA,drug,0.0096990153986372,0.0171964416591002,0.0022015891381741,False,False
opioid_ed,25_44,extreme,56,item_drug_PERMETHRIN,drug,0.009669366863386,0.0176134614358528,0.0017252722909192,False,False
opioid_ed,25_44,extreme,57,item_drug_VOLTAREN,drug,0.0094511395624226,0.017290329025161,0.0016119500996841,False,False
opioid_ed,25_44,extreme,58,item_drug_VALSARTAN,drug,0.009309918475751,0.0173243580798501,0.0012954788716519,False,False
opioid_ed,25_44,extreme,59,item_drug_FENOFIBRATE,drug,0.0084240239567348,0.0158773941507326,0.0009706537627371,False,False
opioid_ed,25_44,extreme,60,item_drug_METAXALONE,drug,0.0080508626491657,0.0152418841161956,0.0008598411821357,False,False
opioid_ed,25_44,extreme,61,item_drug_LINZESS,drug,0.007807008898962,0.0141359064787307,0.0014781113191932,False,False
opioid_ed,25_44,extreme,62,item_drug_TAMIFLU,drug,0.0075355430927313,0.0142229191729619,0.0008481670125006,False,False
opioid_ed,25_44,extreme,63,item_drug_LANSOPRAZOLE,drug,0.0072981117654292,0.0135844666732715,0.0010117568575869,False,False
opioid_ed,25_44,extreme,64,item_drug_ATENOLOL,drug,0.0062253626124535,0.0117894919279538,0.0006612332969531,False,False
opioid_ed,25_44,extreme,65,item_drug_CELECOXIB,drug,0.0059163097935615,0.0114866024786968,0.0003460171084261,False,False
opioid_ed,25_44,extreme,66,item_drug_IBU,drug,0.005628195269634,0.0095280745523524,0.0017283159869156,False,False
opioid_ed,25_44,extreme,67,item_drug_NEXIUM,drug,0.0051792086392148,0.0100289997201929,0.0003294175582366,False,False
opioid_ed,25_44,extreme,68,item_drug_EPINEPHRINE,drug,0.0049196560680405,0.0093809566465571,0.0004583554895239,False,False
opioid_ed,25_44,extreme,69,item_drug_CLARITHROMYCIN,drug,0.0048068617347835,0.0084154259713957,0.0011982974981712,False,False
opioid_ed,25_44,extreme,70,item_drug_DEXAMETHASONE,drug,0.0041404778578025,0.0079059447485515,0.0003750109670535,False,False
opioid_ed,25_44,extreme,71,item_drug_TERCONAZOLE,drug,0.0038891843334602,0.0074985262495099,0.0002798424174105,False,False
opioid_ed,25_44,extreme,72,item_drug_GLIPIZIDE,drug,0.0037392397334009,0.0072769097785965,0.0002015696882053,False,False
opioid_ed,25_44,extreme,73,item_drug_NORETHINDRONE,drug,0.0035272568261192,0.0069256409145548,0.0001288727376837,False,False
opioid_ed,25_44,extreme,74,item_drug_ERYTHROMYCIN,drug,0.0035232226659622,0.006244159812485,0.0008022855194394,False,False
opioid_ed,25_44,extreme,75,item_drug_ESZOPICLONE,drug,0.0033976605192901,0.0061414628905728,0.0006538581480074,False,False
opioid_ed,25_44,extreme,76,item_drug_FLUOCINONIDE,drug,0.0032934025495237,0.0057607112178692,0.0008260938811782,False,False
opioid_ed,25_44,extreme,77,item_drug_CRESTOR,drug,0.003165297890858,0.00612714892328,0.000203446858436,False,False
opioid_ed,25_44,extreme,78,item_drug_CYANOCOBALAMIN,drug,0.003134361247399,0.0061118714386904,0.0001568510561075,False,False
opioid_ed,25_44,extreme,79,item_drug_DEXILANT,drug,0.0031014757583508,0.0060255221995281,0.0001774293171736,False,False
opioid_ed,25_44,extreme,80,item_drug_LANTUS,drug,0.0030924654112535,0.0057834074823712,0.0004015233401357,False,False
opioid_ed,25_44,extreme,81,item_drug_COLCHICINE,drug,0.0028927955059032,0.0055904082422777,0.0001951827695287,False,False
opioid_ed,25_44,extreme,82,item_drug_ORSYTHIA,drug,0.0028567424393518,0.0053146690727701,0.0003988158059336,False,False
opioid_ed,25_44,extreme,83,item_drug_HYDROCORTISONE,drug,0.0027468350732411,0.0053670563341742,0.0001266138123081,False,False
opioid_ed,25_44,extreme,84,item_drug_FAMOTIDINE,drug,0.0026614395723588,0.0050709989200807,0.000251880224637,False,False
opioid_ed,25_44,extreme,85,item_drug_INDOMETHACIN,drug,0.0025208636409021,0.0049488816211172,9.284566068698182e-05,False,False
opioid_ed,25_44,extreme,86,item_drug_ALLOPURINOL,drug,0.0024454672787126,0.0047450160966192,0.000145918460806,False,False
opioid_ed,25_44,extreme,87,item_drug_XARELTO,drug,0.0024379740081286,0.004829904093386,4.604392287134094e-05,False,False
opioid_ed,25_44,extreme,88,item_drug_ETODOLAC,drug,0.0023860957447091,0.0046395099714347,0.0001326815179836,False,False
opioid_ed,25_44,extreme,89,item_drug_DOCQLACE,drug,0.0019237504110313,0.0037821587761055,6.534204595708029e-05,False,False
opioid_ed,25_44,extreme,90,item_drug_VYVANSE,drug,0.0015650457602157,0.0028433292685301,0.0002867622519012,False,False
opioid_ed,25_44,extreme,91,item_drug_CHLORTHALIDONE,drug,0.0013286035501722,0.0025955554705195,6.165162982491704e-05,False,False
opioid_ed,25_44,extreme,92,item_drug_TRINESSA,drug,0.0013226360761116,0.0025404226040502,0.000104849548173,False,False
opioid_ed,25_44,extreme,93,item_drug_NABUMETONE,drug,0.0013096824882466,0.0025585421167931,6.082285970016016e-05,False,False
opioid_ed,25_44,extreme,94,item_drug_CAMILA,drug,0.0012652728497168,0.0024432670215704,8.727867786318931e-05,False,False
opioid_ed,25_44,extreme,95,item_drug_STRATTERA,drug,0.0011329042291925,0.0021738421371661,9.196632121890756e-05,False,False
opioid_ed,25_44,extreme,96,item_drug_TRIAZOLAM,drug,0.0011148414621592,0.0020343728746487,0.0001953100496696,False,False
opioid_ed,25_44,extreme,97,item_drug_IMIQUIMOD,drug,0.001072606351972,0.0020749716776459,7.024102629819705e-05,False,False
opioid_ed,25_44,extreme,98,item_drug_MISOPROSTOL,drug,0.0010096569131372,0.0018789753385955,0.0001403384876789,False,False
opioid_ed,25_44,extreme,99,item_drug_PROGESTERONE,drug,0.0009918551585573,0.0018496513024561,0.0001340590146585,False,False
opioid_ed,25_44,extreme,100,item_drug_VIIBRYD,drug,0.000989323968172,0.0019417301335279,3.691780281620557e-05,False,False
opioid_ed,25_44,extreme,101,item_drug_PRISTIQ,drug,0.0008505874273843,0.0016434498149208,5.7725039847855146e-05,False,False
opioid_ed,25_44,extreme,102,item_drug_GLIMEPIRIDE,drug,0.0008308312304249,0.0016368815383805,2.478092246938425e-05,False,False
opioid_ed,25_44,extreme,103,item_drug_CARBAMAZEPINE,drug,0.0007924665005532,0.0015621269748693,2.280602623716991e-05,False,False
opioid_ed,25_44,extreme,104,item_drug_CIPRODEX,drug,0.0007216057074767,0.0014307388769567,1.247253799673808e-05,False,False
opioid_ed,25_44,extreme,105,item_drug_JANUVIA,drug,0.0006421172879389,0.0012730756213277,1.1158954550141e-05,False,False
opioid_ed,25_44,extreme,106,item_drug_TEMAZEPAM,drug,0.0004759432099358,0.0009488695114523,3.016908419362391e-06,False,False
opioid_ed,25_44,extreme,107,item_drug_CARISOPRODOL,drug,0.0004101706329771,0.0008135450034057,6.7962625485812905e-06,False,False
opioid_ed,25_44,extreme,108,item_drug_TRINTELLIX,drug,0.000162152081535,0.0003126756958417,1.1628467228425543e-05,False,False
opioid_ed,25_44,extreme,109,item_drug_TACROLIMUS,drug,9.877497969155836e-05,0.0001912044917774,6.3454676056940924e-06,False,False
opioid_ed,25_44,extreme,110,item_drug_VIGAMOX,drug,8.622514039595686e-05,0.0001702802356645,2.1700451274066435e-06,False,False
opioid_ed,25_44,extreme,111,item_drug_XULANE,drug,3.00567699615169e-06,5.301747905097022e-06,7.096060872063579e-07,False,False
opioid_ed,25_44,high,1,pgx_num_drugs,pgx,0.9999999991898324,0.9999999999087288,0.999999998470936,True,False
opioid_ed,25_44,high,2,item_drug_GABAPENTIN,drug,0.2979917257913667,0.3097116952623964,0.286271756320337,True,False
opioid_ed,25_44,high,3,item_drug_CLONAZEPAM,drug,0.0819232459575805,0.106512700229196,0.0573337916859649,True,False
opioid_ed,25_44,high,4,item_drug_ALPRAZOLAM,drug,0.0690089174221601,0.0994289328344664,0.0385889020098537,True,False
opioid_ed,25_44,high,5,pgx_num_cpic_drugs,pgx,0.068652195068176,0.1264881146352354,0.0108162755011166,True,False
opioid_ed,25_44,high,6,item_drug_AMOXICILLIN,drug,0.0630367646399991,0.0817491797360079,0.0443243495439903,True,False
opioid_ed,25_44,high,7,item_drug_BENZONATATE,drug,0.0563112209929063,0.0855660538932488,0.0270563880925638,True,False
opioid_ed,25_44,high,8,item_drug_AZITHROMYCIN,drug,0.0505567573369493,0.0703675942285152,0.0307459204453834,True,False
opioid_ed,25_44,high,9,item_drug_OMEPRAZOLE,drug,0.0458137972379091,0.0647501133446427,0.0268774811311754,True,False
opioid_ed,25_44,high,10,item_drug_IBUPROFEN,drug,0.0400297800932639,0.0521733966324205,0.0278861635541074,True,False
opioid_ed,25_44,high,11,item_drug_CEPHALEXIN,drug,0.0383606041090535,0.0544696620459064,0.0222515461722005,True,False
opioid_ed,25_44,high,12,item_drug_PREDNISONE,drug,0.0355952918499778,0.0464027906110675,0.0247877930888881,True,False
opioid_ed,25_44,high,13,item_drug_DIAZEPAM,drug,0.0306083292519472,0.0476846386323732,0.0135320198715213,True,False
opioid_ed,25_44,high,14,item_drug_TOPIRAMATE,drug,0.0221399707927745,0.0374772258756465,0.0068027157099026,True,False
opioid_ed,25_44,high,15,item_drug_FLUCONAZOLE,drug,0.0208942124912958,0.0320807214817685,0.009707703500823,True,False
opioid_ed,25_44,high,16,item_drug_METHOCARBAMOL,drug,0.019387173151073,0.0313541023092362,0.0074202439929097,True,False
opioid_ed,25_44,high,17,item_drug_LAMOTRIGINE,drug,0.0192952637798205,0.0309169704936294,0.0076735570660117,True,False
opioid_ed,25_44,high,18,item_drug_MIRTAZAPINE,drug,0.0177152627118101,0.0307598504137795,0.0046706750098407,True,False
opioid_ed,25_44,high,19,item_drug_KETOCONAZOLE,drug,0.0173561462134736,0.0299857508820305,0.0047265415449167,True,False
opioid_ed,25_44,high,20,item_drug_ARIPIPRAZOLE,drug,0.016442539904378,0.0271984685631414,0.0056866112456147,True,False
opioid_ed,25_44,high,21,item_drug_RISPERIDONE,drug,0.0164271664946256,0.028200712444366,0.0046536205448853,False,False
opioid_ed,25_44,high,22,item_drug_LYRICA,drug,0.0159408969119255,0.027365222039472,0.0045165717843789,False,False
opioid_ed,25_44,high,23,item_drug_BACLOFEN,drug,0.0153262708519989,0.0258550419489624,0.0047974997550353,False,False
opioid_ed,25_44,high,24,item_drug_LORAZEPAM,drug,0.0138181884404356,0.0222531584610377,0.0053832184198334,False,False
opioid_ed,25_44,high,25,item_drug_SPIRONOLACTONE,drug,0.0135738093190574,0.0244089798285331,0.0027386388095817,False,False
opioid_ed,25_44,high,26,item_drug_METRONIDAZOLE,drug,0.0123651224933319,0.0200969064157124,0.0046333385709515,False,False
opioid_ed,25_44,high,27,item_drug_LEVOFLOXACIN,drug,0.0108579360791176,0.0191239891766485,0.0025918829815868,False,False
opioid_ed,25_44,high,28,item_drug_MELOXICAM,drug,0.0106642082013309,0.0174175342722314,0.0039108821304304,False,False
opioid_ed,25_44,high,29,item_drug_NUVARING,drug,0.0104343927241543,0.0184113606533846,0.0024574247949239,False,False
opioid_ed,25_44,high,30,item_drug_LISINOPRIL,drug,0.0102937950742492,0.0174652883846592,0.0031223017638393,False,False
opioid_ed,25_44,high,31,item_drug_HYDROCHLOROTHIAZIDE,drug,0.009777914505116,0.017243769095414,0.002312059914818,False,False
opioid_ed,25_44,high,32,item_drug_OXYCONTIN,drug,0.0092475411115674,0.0156805211339466,0.0028145610891883,False,False
opioid_ed,25_44,high,33,item_drug_FUROSEMIDE,drug,0.0076941107116651,0.0137503488613628,0.0016378725619673,False,False
opioid_ed,25_44,high,34,item_drug_LIDOCAINE,drug,0.0076457267225518,0.0126591790681581,0.0026322743769455,False,False
opioid_ed,25_44,high,35,item_drug_NAPROXEN,drug,0.0075568754489301,0.0122172223167608,0.0028965285810994,False,False
opioid_ed,25_44,high,36,item_drug_SUCRALFATE,drug,0.0075077404253805,0.0127313369224952,0.0022841439282659,False,False
opioid_ed,25_44,high,37,item_drug_LEVETIRACETAM,drug,0.007486101386548,0.0133971057738842,0.0015750969992118,False,False
opioid_ed,25_44,high,38,item_drug_SYMBICORT,drug,0.0068935091280871,0.0119780050908408,0.0018090131653334,False,False
opioid_ed,25_44,high,39,item_drug_TRETINOIN,drug,0.0067077677697305,0.0124806885434183,0.0009348469960427,False,False
opioid_ed,25_44,high,40,item_drug_NYSTATIN,drug,0.0066104834561677,0.0122995167457735,0.000921450166562,False,False
opioid_ed,25_44,high,41,item_drug_ACYCLOVIR,drug,0.0065314240481626,0.0117475974638658,0.0013152506324595,False,False
opioid_ed,25_44,high,42,item_drug_LORATADINE,drug,0.0063122459935478,0.0112829670191113,0.0013415249679843,False,False
opioid_ed,25_44,high,43,item_drug_CEFDINIR,drug,0.005589617927796,0.0097895574461671,0.001389678409425,False,False
opioid_ed,25_44,high,44,item_drug_HALOPERIDOL,drug,0.0054832806387353,0.0099022612447508,0.0010643000327198,False,False
opioid_ed,25_44,high,45,item_drug_OLANZAPINE,drug,0.005158845392119,0.0091615223939934,0.0011561683902447,False,False
opioid_ed,25_44,high,46,item_drug_FEROSUL,drug,0.0050368384436043,0.0089275458732878,0.0011461310139208,False,False
opioid_ed,25_44,high,47,item_drug_TAMIFLU,drug,0.0046083463433638,0.0086956940733561,0.0005209986133715,False,False
opioid_ed,25_44,high,48,item_drug_IBU,drug,0.0044651393973379,0.0075580509011661,0.0013722278935097,False,False
opioid_ed,25_44,high,49,item_drug_PERMETHRIN,drug,0.0044327233385574,0.008068020417105,0.0007974262600098,False,False
opioid_ed,25_44,high,50,item_drug_OFLOXACIN,drug,0.0043148073990463,0.0079183363672704,0.0007112784308222,False,False
opioid_ed,25_44,high,51,item_drug_ESTRADIOL,drug,0.0043131171710344,0.0080610870087891,0.0005651473332798,False,False
opioid_ed,25_44,high,52,item_drug_OXCARBAZEPINE,drug,0.0040890981884562,0.0076266595269738,0.0005515368499387,False,False
opioid_ed,25_44,high,53,item_drug_LATUDA,drug,0.0040629792667282,0.0071944003072681,0.0009315582261882,False,False
opioid_ed,25_44,high,54,item_drug_VOLTAREN,drug,0.0037596264669929,0.0068708090856707,0.000648443848315,False,False
opioid_ed,25_44,high,55,item_drug_CARVEDILOL,drug,0.0034739262980493,0.0063757423149905,0.000572110281108,False,False
opioid_ed,25_44,high,56,item_drug_AMITIZA,drug,0.0034007809859913,0.0062289536399255,0.000572608332057,False,False
opioid_ed,25_44,high,57,item_drug_MUPIROCIN,drug,0.0032677744926904,0.0060084515675919,0.0005270974177888,False,False
opioid_ed,25_44,high,58,item_drug_SIMVASTATIN,drug,0.0031423760194771,0.0057208126048811,0.000563939434073,False,False
opioid_ed,25_44,high,59,item_drug_FENOFIBRATE,drug,0.0029389299548247,0.0055339892045913,0.0003438707050581,False,False
opioid_ed,25_44,high,60,item_drug_ERYTHROMYCIN,drug,0.0028887231397113,0.0051194784155445,0.0006579678638782,False,False
opioid_ed,25_44,high,61,item_drug_FLUOCINONIDE,drug,0.0026403361839553,0.0046177571683569,0.0006629151995536,False,False
opioid_ed,25_44,high,62,item_drug_LANSOPRAZOLE,drug,0.0025389947539514,0.0047195894177782,0.0003584000901246,False,False
opioid_ed,25_44,high,63,item_drug_LINZESS,drug,0.0023720898524516,0.0042852699811434,0.0004589097237597,False,False
opioid_ed,25_44,high,64,item_drug_HUMALOG,drug,0.0022923969630613,0.0042882793772162,0.0002965145489064,False,False
opioid_ed,25_44,high,65,item_drug_CLARITHROMYCIN,drug,0.0022278141415795,0.0038912319549364,0.0005643963282226,False,False
opioid_ed,25_44,high,66,item_drug_VALSARTAN,drug,0.0021702890457873,0.0040305782729522,0.0003099998186225,False,False
opioid_ed,25_44,high,67,item_drug_NORETHINDRONE,drug,0.0018538930581535,0.0036392663051254,6.851981118161474e-05,False,False
opioid_ed,25_44,high,68,item_drug_ATENOLOL,drug,0.001769946251215,0.0033464990209182,0.0001933934815118,False,False
opioid_ed,25_44,high,69,item_drug_VYVANSE,drug,0.0016971715115033,0.0030877887281638,0.0003065542948428,False,False
opioid_ed,25_44,high,70,item_drug_METAXALONE,drug,0.0016631561852634,0.0031424542159425,0.0001838581545844,False,False
opioid_ed,25_44,high,71,item_drug_EPINEPHRINE,drug,0.0015956354262327,0.0030383169944002,0.0001529538580653,False,False
opioid_ed,25_44,high,72,item_drug_ORSYTHIA,drug,0.0015779411473357,0.0029319735272775,0.000223908767394,False,False
opioid_ed,25_44,high,73,item_drug_TERCONAZOLE,drug,0.0015411972901404,0.0029687910922324,0.0001136034880484,False,False
opioid_ed,25_44,high,74,item_drug_ALLOPURINOL,drug,0.0014645817768402,0.002840647904262,8.85156494183297e-05,False,False
opioid_ed,25_44,high,75,item_drug_TRIAZOLAM,drug,0.0013554468527605,0.0024796335408134,0.0002312601647076,False,False
opioid_ed,25_44,high,76,item_drug_CELECOXIB,drug,0.0013189372756074,0.0025577557978444,8.011875337038013e-05,False,False
opioid_ed,25_44,high,77,item_drug_ESZOPICLONE,drug,0.0013174212562471,0.0023730918035891,0.0002617507089052,False,False
opioid_ed,25_44,high,78,item_drug_GLIPIZIDE,drug,0.0011997516522947,0.0023325975567034,6.690574788610312e-05,False,False
opioid_ed,25_44,high,79,item_drug_TRINESSA,drug,0.0010464932894918,0.0020097891823771,8.319739660650108e-05,False,False
opioid_ed,25_44,high,80,item_drug_ETODOLAC,drug,0.001027104744057,0.0019953067914265,5.890269668759964e-05,False,False
opioid_ed,25_44,high,81,item_drug_CAMILA,drug,0.0009931096441628,0.0019174769975497,6.874229077592786e-05,False,False
opioid_ed,25_44,high,82,item_drug_NEXIUM,drug,0.0008843956016893,0.0017089606517553,5.983055162332832e-05,False,False
opioid_ed,25_44,high,83,item_drug_COLCHICINE,drug,0.0008706202205307,0.0016794646692794,6.177577178201948e-05,False,False
opioid_ed,25_44,high,84,item_drug_MISOPROSTOL,drug,0.0008398681507319,0.0015630608762148,0.000116675425249,False,False
opioid_ed,25_44,high,85,item_drug_PROGESTERONE,drug,0.0008334114642108,0.0015543405788339,0.0001124823495876,False,False
opioid_ed,25_44,high,86,item_drug_HYDROCORTISONE,drug,0.0008227788192396,0.0016057534873588,3.980415112047727e-05,False,False
opioid_ed,25_44,high,87,item_drug_STRATTERA,drug,0.000816203522059,0.0015654266764751,6.698036764281724e-05,False,False
opioid_ed,25_44,high,88,item_drug_CRESTOR,drug,0.0007354429184174,0.0014203726490246,5.051318781014842e-05,False,False
opioid_ed,25_44,high,89,item_drug_INDOMETHACIN,drug,0.0006809729085687,0.0013354159601097,2.652985702784984e-05,False,False
opioid_ed,25_44,high,90,item_drug_IMIQUIMOD,drug,0.0006542798415169,0.0012645761332695,4.39835497643806e-05,False,False
opioid_ed,25_44,high,91,item_drug_CYANOCOBALAMIN,drug,0.0005723478603695,0.0011134862723303,3.1209448408674814e-05,False,False
opioid_ed,25_44,high,92,item_drug_FAMOTIDINE,drug,0.000540356437654,0.0010242495975354,5.646327777261911e-05,False,False
opioid_ed,25_44,high,93,item_drug_CHLORTHALIDONE,drug,0.0005342129557455,0.001042168964446,2.625694704508692e-05,False,False
opioid_ed,25_44,high,94,item_drug_DOCQLACE,drug,0.0004949310786893,0.0009717523505991,1.810980677966021e-05,False,False
opioid_ed,25_44,high,95,item_drug_PRISTIQ,drug,0.0004657449830328,0.0008983886770275,3.310128903823932e-05,False,False
opioid_ed,25_44,high,96,item_drug_DEXILANT,drug,0.0004325463223294,0.0008371012978521,2.7991346806689757e-05,False,False
opioid_ed,25_44,high,97,item_drug_NABUMETONE,drug,0.0003939652105303,0.0007678167498739,2.011367118664087e-05,False,False
opioid_ed,25_44,high,98,item_drug_VIIBRYD,drug,0.0003938406809493,0.0007719151091187,1.576625278004044e-05,False,False
opioid_ed,25_44,high,99,item_drug_DEXAMETHASONE,drug,0.0003548140015447,0.0006713922185376,3.823578455192466e-05,False,False
opioid_ed,25_44,high,100,item_drug_XARELTO,drug,0.0003222341426879,0.0006378505595647,6.617725811039847e-06,False,False
opioid_ed,25_44,high,101,item_drug_LANTUS,drug,0.0003213564006781,0.0005921634098008,5.054939155540625e-05,False,False
opioid_ed,25_44,high,102,item_drug_CIPRODEX,drug,0.0002929967502834,0.0005806988164088,5.294684158052615e-06,False,False
opioid_ed,25_44,high,103,item_drug_CARISOPRODOL,drug,0.0002535113398958,0.0005027306842399,4.291995551733122e-06,False,False
opioid_ed,25_44,high,104,item_drug_CARBAMAZEPINE,drug,0.0001929403502781,0.0003793751127506,6.505587805726538e-06,False,False
opioid_ed,25_44,high,105,item_drug_GLIMEPIRIDE,drug,0.0001543329293772,0.0003029460366718,5.719822082693552e-06,False,False
opioid_ed,25_44,high,106,item_drug_TRINTELLIX,drug,0.0001349941925368,0.0002603309429913,9.657442082273398e-06,False,False
opioid_ed,25_44,high,107,item_drug_VIGAMOX,drug,0.0001233308393906,0.0002439543975978,2.7072811834828604e-06,False,False
opioid_ed,25_44,high,108,item_drug_JANUVIA,drug,0.0001141442526557,0.0002259495499337,2.3389553776705843e-06,False,False
opioid_ed,25_44,high,109,item_drug_TACROLIMUS,drug,8.041379500205359e-05,0.0001556282166536,5.199373350504349e-06,False,False
opioid_ed,25_44,high,110,item_drug_TEMAZEPAM,drug,7.36919101666454e-05,0.0001472122987837,1.71521549542201e-07,False,False
opioid_ed,25_44,high,111,item_drug_XULANE,drug,6.91251999139624e-07,8.275334987118183e-07,5.549704995674295e-07,False,False
