cohort,age_band,bin,rank,feature,feature_type,combined_importance,shap_norm,ffa_norm,is_top20,is_pt_like
non_opioid_ed,45_54,low,1,pgx_num_drugs,pgx,0.999999999832094,0.9999999998723316,0.999999999791856,True,False
non_opioid_ed,45_54,low,2,pgx_num_cpic_drugs,pgx,0.0199326076567459,0.0330261840866889,0.0068390312268028,True,False
non_opioid_ed,45_54,low,3,item_drug_IBUPROFEN,drug,0.0130324002147254,0.0238489565719565,0.0022158438574943,True,False
non_opioid_ed,45_54,low,4,item_drug_AZITHROMYCIN,drug,0.0110873260650833,0.0205267679971628,0.0016478841330039,True,False
non_opioid_ed,45_54,low,5,item_drug_LISINOPRIL,drug,0.0109797797578634,0.0201795971427616,0.0017799623729652,True,False
non_opioid_ed,45_54,low,6,item_drug_ERYTHROMYCIN,drug,0.0102741693702154,0.0189230003259289,0.0016253384145019,True,False
non_opioid_ed,45_54,low,7,item_drug_KETOCONAZOLE,drug,0.0064515048464032,0.0123236404981799,0.0005793691946266,True,False
non_opioid_ed,45_54,low,8,item_drug_AMOXICILLIN,drug,0.0043611653118328,0.0081809576070643,0.0005413730166013,True,False
non_opioid_ed,45_54,low,9,item_drug_METRONIDAZOLE,drug,0.0041494489175373,0.0079125494939962,0.0003863483410785,True,False
non_opioid_ed,45_54,low,10,item_drug_PREDNISONE,drug,0.003690587966102,0.0072063650151679,0.0001748109170361,True,False
non_opioid_ed,45_54,low,11,item_drug_HYDROCHLOROTHIAZIDE,drug,0.0033244056599154,0.0064621108208663,0.0001867004989644,True,False
non_opioid_ed,45_54,low,12,item_drug_SIMVASTATIN,drug,0.0030564330919019,0.0059644183707043,0.0001484478130994,True,False
non_opioid_ed,45_54,low,13,item_drug_OMEPRAZOLE,drug,0.0025534919996892,0.0049499506760773,0.0001570333233011,True,False
non_opioid_ed,45_54,low,14,item_drug_GABAPENTIN,drug,0.0021834111616464,0.0042697450236113,9.70772996816184e-05,True,False
non_opioid_ed,45_54,low,15,item_drug_ALPRAZOLAM,drug,0.001544907457354,0.0030434274336884,4.638748101967181e-05,True,False
non_opioid_ed,45_54,low,16,item_drug_NAPROXEN,drug,0.0009176883310677,0.0018004049994231,3.497166271245253e-05,True,False
non_opioid_ed,45_54,low,17,item_drug_MUPIROCIN,drug,0.0008508234074617,0.0016838340567424,1.781275818102129e-05,True,False
non_opioid_ed,45_54,low,18,item_drug_ATENOLOL,drug,0.0007236496315746,0.0014129426206896,3.435664245960014e-05,True,False
non_opioid_ed,45_54,low,19,item_drug_CEPHALEXIN,drug,0.0007093039471048,0.0014020039090518,1.6603985157826783e-05,True,False
non_opioid_ed,45_54,low,20,item_drug_FENOFIBRATE,drug,0.0005912762619695,0.0011700236573435,1.252886659552317e-05,True,False
non_opioid_ed,45_54,medium,1,pgx_num_drugs,pgx,0.9999999998129911,0.9999999998341262,0.999999999791856,True,False
non_opioid_ed,45_54,medium,2,pgx_num_cpic_drugs,pgx,0.0328982703880835,0.0545077362077467,0.0112888045684203,True,False
non_opioid_ed,45_54,medium,3,item_drug_AZITHROMYCIN,drug,0.0234171297109404,0.0433534608992646,0.0034807985226161,True,False
non_opioid_ed,45_54,medium,4,item_drug_IBUPROFEN,drug,0.0212986766891212,0.038975438543808,0.0036219148344343,True,False
non_opioid_ed,45_54,medium,5,item_drug_LISINOPRIL,drug,0.0187189282066587,0.0344027363107782,0.0030351201025393,True,False
non_opioid_ed,45_54,medium,6,item_drug_AMOXICILLIN,drug,0.0113013622711109,0.0211996384324138,0.001403086109808,True,False
non_opioid_ed,45_54,medium,7,item_drug_ERYTHROMYCIN,drug,0.0107026758710457,0.0197114624152213,0.0016938893268701,True,False
non_opioid_ed,45_54,medium,8,item_drug_METRONIDAZOLE,drug,0.0089632651483228,0.0170917448980084,0.0008347853986373,True,False
non_opioid_ed,45_54,medium,9,item_drug_KETOCONAZOLE,drug,0.0068821943620893,0.0131459112784891,0.0006184774456895,True,False
non_opioid_ed,45_54,medium,10,item_drug_OMEPRAZOLE,drug,0.0042306169549147,0.0082008416898247,0.0002603922200047,True,False
non_opioid_ed,45_54,medium,11,item_drug_HYDROCHLOROTHIAZIDE,drug,0.0040461958234715,0.0078649022683588,0.0002274893785842,True,False
non_opioid_ed,45_54,medium,12,item_drug_PREDNISONE,drug,0.0038217209399263,0.0074621884569178,0.0001812534229348,True,False
non_opioid_ed,45_54,medium,13,item_drug_SIMVASTATIN,drug,0.0034396960818039,0.0067121015874665,0.0001672905761414,True,False
non_opioid_ed,45_54,medium,14,item_drug_ALPRAZOLAM,drug,0.0023567655919764,0.0046426509189407,7.088026501209191e-05,True,False
non_opioid_ed,45_54,medium,15,item_drug_ATENOLOL,drug,0.0022740609128267,0.0044401336053829,0.0001079882202705,True,False
non_opioid_ed,45_54,medium,16,item_drug_GABAPENTIN,drug,0.0020863664564737,0.0040797453001459,9.29876128015414e-05,True,False
non_opioid_ed,45_54,medium,17,item_drug_MUPIROCIN,drug,0.0018521424143654,0.0036654560884912,3.8828740239709205e-05,True,False
non_opioid_ed,45_54,medium,18,item_drug_NAPROXEN,drug,0.0017838674828016,0.0034996405550193,6.809441058401518e-05,True,False
non_opioid_ed,45_54,medium,19,item_drug_TOPIRAMATE,drug,0.0012273307005485,0.0024362063692307,1.8455031866403903e-05,True,False
non_opioid_ed,45_54,medium,20,item_drug_CLARITHROMYCIN,drug,0.001120131880065,0.0022054350580667,3.482870206342521e-05,True,False
non_opioid_ed,45_54,extreme,1,pgx_num_drugs,pgx,0.9999999998291368,0.9999999998664172,0.999999999791856,True,False
non_opioid_ed,45_54,extreme,2,item_drug_LISINOPRIL,drug,0.0242166321327958,0.044507777394361,0.0039254868712306,True,False
non_opioid_ed,45_54,extreme,3,pgx_num_cpic_drugs,pgx,0.0227336699293364,0.0376671872977338,0.007800152560939,True,False
non_opioid_ed,45_54,extreme,4,item_drug_AZITHROMYCIN,drug,0.0207577356936514,0.0384305012727342,0.0030849701145686,True,False
non_opioid_ed,45_54,extreme,5,item_drug_IBUPROFEN,drug,0.0200138658408266,0.0366249727542938,0.0034027589273595,True,False
non_opioid_ed,45_54,extreme,6,item_drug_AMOXICILLIN,drug,0.0124446210930634,0.0233448564998389,0.0015443856862878,True,False
non_opioid_ed,45_54,extreme,7,item_drug_OMEPRAZOLE,drug,0.0123284415207035,0.023899180154602,0.000757702886805,True,False
non_opioid_ed,45_54,extreme,8,item_drug_GABAPENTIN,drug,0.0112756535506474,0.0220503434610957,0.000500963640199,True,False
non_opioid_ed,45_54,extreme,9,item_drug_METRONIDAZOLE,drug,0.0101518422039559,0.0193587028422718,0.00094498156564,True,False
non_opioid_ed,45_54,extreme,10,item_drug_CLONAZEPAM,drug,0.0088230303845108,0.017444803389446,0.0002012573795757,True,False
non_opioid_ed,45_54,extreme,11,item_drug_KETOCONAZOLE,drug,0.0085710831021367,0.0163724708655369,0.0007696953387365,True,False
non_opioid_ed,45_54,extreme,12,item_drug_ERYTHROMYCIN,drug,0.0081342258215695,0.0149815012959142,0.0012869503472249,True,False
non_opioid_ed,45_54,extreme,13,item_drug_DIAZEPAM,drug,0.0058840204830685,0.011617577148996,0.000150463817141,True,False
non_opioid_ed,45_54,extreme,14,item_drug_PREDNISONE,drug,0.0056742744064376,0.011079808112135,0.0002687407007401,True,False
non_opioid_ed,45_54,extreme,15,item_drug_ATENOLOL,drug,0.005220940983045,0.0101946019601312,0.0002472800059587,True,False
non_opioid_ed,45_54,extreme,16,item_drug_ALPRAZOLAM,drug,0.0045146268216952,0.0088938030731898,0.0001354505702006,True,False
non_opioid_ed,45_54,extreme,17,item_drug_HYDROCHLOROTHIAZIDE,drug,0.0041440055327427,0.0080552837442768,0.0002327273212087,True,False
non_opioid_ed,45_54,extreme,18,item_drug_SIMVASTATIN,drug,0.0035120692780929,0.0068535530097976,0.0001705855463882,True,False
non_opioid_ed,45_54,extreme,19,item_drug_MUPIROCIN,drug,0.0030978422362415,0.0061309326324943,6.475183998876849e-05,True,False
non_opioid_ed,45_54,extreme,20,item_drug_CARVEDILOL,drug,0.0024559299388462,0.0048622149220721,4.964495562033053e-05,True,False
non_opioid_ed,45_54,high,1,pgx_num_drugs,pgx,0.9999999998116038,0.9999999998313516,0.999999999791856,True,False
non_opioid_ed,45_54,high,2,pgx_num_cpic_drugs,pgx,0.0350039223923436,0.0579963823014005,0.0120114624832866,True,False
non_opioid_ed,45_54,high,3,item_drug_AZITHROMYCIN,drug,0.026584864003848,0.0492180900270917,0.0039516379806042,True,False
non_opioid_ed,45_54,high,4,item_drug_IBUPROFEN,drug,0.025274776393671,0.0462515762039618,0.0042979765833802,True,False
non_opioid_ed,45_54,high,5,item_drug_LISINOPRIL,drug,0.0235810737033094,0.0433388381922553,0.0038233092143635,True,False
non_opioid_ed,45_54,high,6,item_drug_AMOXICILLIN,drug,0.01600959496354,0.0300318329565787,0.0019873569705013,True,False
non_opioid_ed,45_54,high,7,item_drug_METRONIDAZOLE,drug,0.011342833734671,0.0216293614106106,0.0010563060587314,True,False
non_opioid_ed,45_54,high,8,item_drug_ERYTHROMYCIN,drug,0.0106666654075963,0.0196450051306724,0.0016883256845201,True,False
non_opioid_ed,45_54,high,9,item_drug_OMEPRAZOLE,drug,0.0080790183040946,0.0156611227980865,0.0004969138101028,True,False
non_opioid_ed,45_54,high,10,item_drug_KETOCONAZOLE,drug,0.0075682205267235,0.0144563013881776,0.0006801396652694,True,False
non_opioid_ed,45_54,high,11,item_drug_GABAPENTIN,drug,0.0050710642746932,0.0099165285686981,0.0002255999806882,True,False
non_opioid_ed,45_54,high,12,item_drug_ATENOLOL,drug,0.0050430404472278,0.0098469712441513,0.0002391096503043,True,False
non_opioid_ed,45_54,high,13,item_drug_HYDROCHLOROTHIAZIDE,drug,0.0045592343553695,0.0088621380333699,0.000256330677369,True,False
non_opioid_ed,45_54,high,14,item_drug_PREDNISONE,drug,0.0045120679965572,0.0088101621858687,0.0002139738072457,True,False
non_opioid_ed,45_54,high,15,item_drug_ALPRAZOLAM,drug,0.0041924956730183,0.008259041016179,0.0001259503298576,True,False
non_opioid_ed,45_54,high,16,item_drug_SIMVASTATIN,drug,0.0040876602384704,0.0079765399697059,0.000198780507235,True,False
non_opioid_ed,45_54,high,17,item_drug_CLONAZEPAM,drug,0.0038593117601924,0.007630437259872,8.818626051297146e-05,True,False
non_opioid_ed,45_54,high,18,item_drug_DIAZEPAM,drug,0.0033425916321371,0.006599543926084,8.563933819027506e-05,True,False
non_opioid_ed,45_54,high,19,item_drug_MUPIROCIN,drug,0.0024979721423042,0.0049436099640065,5.2334320602035375e-05,True,False
non_opioid_ed,45_54,high,20,item_drug_NAPROXEN,drug,0.002384199566791,0.004677447172245,9.095196133711009e-05,True,False
non_opioid_ed,75_84,low,1,pgx_num_drugs,pgx,0.9999999998690904,0.999999999924453,0.9999999998137276,True,False
non_opioid_ed,75_84,low,2,pgx_num_cpic_drugs,pgx,0.0572033000014591,0.0878012999624947,0.0266053000404236,True,False
non_opioid_ed,75_84,low,3,item_drug_LISINOPRIL,drug,0.0151112889665443,0.0278255589191099,0.0023970190139787,True,False
non_opioid_ed,75_84,low,4,item_drug_SIMVASTATIN,drug,0.0150254667497506,0.0279909701086021,0.0020599633908991,True,False
non_opioid_ed,75_84,low,5,item_drug_AZITHROMYCIN,drug,0.013132265862522,0.0244139385513675,0.0018505931736766,True,False
non_opioid_ed,75_84,low,6,item_drug_LORAZEPAM,drug,0.0079478261855245,0.0149733431387293,0.0009223092323196,True,False
non_opioid_ed,75_84,low,7,item_drug_ALPRAZOLAM,drug,0.0065130787851312,0.0122911823830238,0.0007349751872387,True,False
non_opioid_ed,75_84,low,8,item_drug_LEVOFLOXACIN,drug,0.0050713081144249,0.0097726491365117,0.0003699670923381,True,False
non_opioid_ed,75_84,low,9,item_drug_FUROSEMIDE,drug,0.0047041375967234,0.0091111225127248,0.0002971526807221,True,False
non_opioid_ed,75_84,low,10,item_drug_OMEPRAZOLE,drug,0.004003686953162,0.0075880958060621,0.0004192781002619,True,False
non_opioid_ed,75_84,low,11,item_drug_ATENOLOL,drug,0.002497799834746,0.0049095731456181,8.602652387388124e-05,True,False
non_opioid_ed,75_84,low,12,item_drug_CEPHALEXIN,drug,0.0012684909848571,0.0024548948881123,8.208708160204001e-05,True,False
non_opioid_ed,75_84,low,13,item_drug_FINASTERIDE,drug,0.0006513434773042,0.0012925252750936,1.0161679514814674e-05,True,False
non_opioid_ed,75_84,low,14,item_drug_AMOXICILLIN,drug,0.0003737119967481,0.0007434601134384,3.9638800577421095e-06,True,False
non_opioid_ed,75_84,low,15,item_drug_PREDNISONE,drug,0.0001759975221574,0.0003514908986404,5.041456744897005e-07,True,False
non_opioid_ed,75_84,low,16,item_drug_GABAPENTIN,drug,0.0001410073457185,0.0002795807946388,2.433896798353169e-06,True,False
non_opioid_ed,75_84,low,17,item_drug_CLOPIDOGREL,drug,9.81660442768334e-05,0.0001954211969101,9.108916435120156e-07,True,False
non_opioid_ed,75_84,low,18,item_drug_HYDROCHLOROTHIAZIDE,drug,3.363689955135592e-05,6.712557279382576e-05,1.4822630888607378e-07,True,False
non_opioid_ed,75_84,medium,1,pgx_num_drugs,pgx,0.9999999998294972,0.9999999998452668,0.9999999998137276,True,False
non_opioid_ed,75_84,medium,2,pgx_num_cpic_drugs,pgx,0.0999100428197672,0.1533487491337383,0.046471336505796,True,False
non_opioid_ed,75_84,medium,3,item_drug_LISINOPRIL,drug,0.0441767126598834,0.0813478137696017,0.0070056115501651,True,False
non_opioid_ed,75_84,medium,4,item_drug_SIMVASTATIN,drug,0.03572486231868,0.0665522164323026,0.0048975082050573,True,False
non_opioid_ed,75_84,medium,5,item_drug_AZITHROMYCIN,drug,0.0283249103975633,0.0526580197832386,0.003991801011888,True,False
non_opioid_ed,75_84,medium,6,item_drug_ALPRAZOLAM,drug,0.0271773411289729,0.0512915042407626,0.0030631780171832,True,False
non_opioid_ed,75_84,medium,7,item_drug_LORAZEPAM,drug,0.0259290101981392,0.0488510442871686,0.0030069761091099,True,False
non_opioid_ed,75_84,medium,8,item_drug_LEVOFLOXACIN,drug,0.0147576651554433,0.0284394734903994,0.0010758568204871,True,False
non_opioid_ed,75_84,medium,9,item_drug_OMEPRAZOLE,drug,0.011140190550328,0.0211145927981798,0.0011657883024762,True,False
non_opioid_ed,75_84,medium,10,item_drug_FUROSEMIDE,drug,0.0101416239658667,0.019642450907396,0.0006407970243373,True,False
non_opioid_ed,75_84,medium,11,item_drug_ATENOLOL,drug,0.0060125719769271,0.0118181147408105,0.0002070292130437,True,False
non_opioid_ed,75_84,medium,12,item_drug_CEPHALEXIN,drug,0.004688197839002,0.0090745052653649,0.0003018904126391,True,False
non_opioid_ed,75_84,medium,13,item_drug_FINASTERIDE,drug,0.0022694474119947,0.0045037773731275,3.5117450861863336e-05,True,False
non_opioid_ed,75_84,medium,14,item_drug_AMOXICILLIN,drug,0.0010466368723363,0.0020822482327819,1.1025511890716962e-05,True,False
non_opioid_ed,75_84,medium,15,item_drug_GABAPENTIN,drug,0.000745058439504,0.0014780065520106,1.2110326997568852e-05,True,False
non_opioid_ed,75_84,medium,16,item_drug_PREDNISONE,drug,0.0004064999358173,0.0008118345482537,1.1653233808894216e-06,True,False
non_opioid_ed,75_84,medium,17,item_drug_CLOPIDOGREL,drug,0.0003124444749053,0.0006220959571295,2.792992681137863e-06,True,False
non_opioid_ed,75_84,medium,18,item_drug_HYDROCHLOROTHIAZIDE,drug,0.0001001633885949,0.0001999122520229,4.1452516696843117e-07,True,False
non_opioid_ed,75_84,extreme,1,pgx_num_drugs,pgx,0.9999999997918412,0.9999999997699548,0.9999999998137276,True,False
non_opioid_ed,75_84,extreme,2,pgx_num_cpic_drugs,pgx,0.2221802371101466,0.3410128804780988,0.1033475937421944,True,False
non_opioid_ed,75_84,extreme,3,item_drug_LORAZEPAM,drug,0.0869842925797706,0.163883371006705,0.0100852141528361,True,False
non_opioid_ed,75_84,extreme,4,item_drug_LISINOPRIL,drug,0.0791106267545883,0.1456687174720322,0.0125525360371444,True,False
non_opioid_ed,75_84,extreme,5,item_drug_SIMVASTATIN,drug,0.0607447139298034,0.1131549727630303,0.0083344550965764,True,False
non_opioid_ed,75_84,extreme,6,item_drug_LEVOFLOXACIN,drug,0.0573928913529375,0.1106044104460872,0.0041813722597877,True,False
non_opioid_ed,75_84,extreme,7,item_drug_AZITHROMYCIN,drug,0.0555856113684334,0.1033317773200367,0.0078394454168301,True,False
non_opioid_ed,75_84,extreme,8,item_drug_ALPRAZOLAM,drug,0.0393409612247605,0.0742405067510457,0.0044414156984753,True,False
non_opioid_ed,75_84,extreme,9,item_drug_FUROSEMIDE,drug,0.0393059724973886,0.0761304739966844,0.0024814709980929,True,False
non_opioid_ed,75_84,extreme,10,item_drug_OMEPRAZOLE,drug,0.0232820050945212,0.0441232922688463,0.0024407179201961,True,False
non_opioid_ed,75_84,extreme,11,item_drug_CEPHALEXIN,drug,0.0173609462519487,0.0336053747220923,0.0011165177818052,True,False
non_opioid_ed,75_84,extreme,12,item_drug_ATENOLOL,drug,0.0072940354210203,0.0143342440755798,0.0002538267664608,True,False
non_opioid_ed,75_84,extreme,13,item_drug_FINASTERIDE,drug,0.0036764766318618,0.0072951356645262,5.7817599197366494e-05,True,False
non_opioid_ed,75_84,extreme,14,item_drug_AMOXICILLIN,drug,0.0031764498815327,0.0063193725393442,3.352722372129811e-05,True,False
non_opioid_ed,75_84,extreme,15,item_drug_GABAPENTIN,drug,0.0025314911211874,0.0050219460515775,4.103619079732004e-05,True,False
non_opioid_ed,75_84,extreme,16,item_drug_PREDNISONE,drug,0.0019448096163889,0.0038841675483053,5.451684472529235e-06,True,False
non_opioid_ed,75_84,extreme,17,item_drug_CLOPIDOGREL,drug,0.0005941787938537,0.0011826591323012,5.698455406381482e-06,True,False
non_opioid_ed,75_84,extreme,18,item_drug_HYDROCHLOROTHIAZIDE,drug,0.000105427649825,0.0002102061367103,6.491629396932937e-07,True,False
non_opioid_ed,75_84,high,1,pgx_num_drugs,pgx,0.999999999799312,0.9999999997848962,0.9999999998137276,True,False
non_opioid_ed,75_84,high,2,pgx_num_cpic_drugs,pgx,0.161437357072078,0.2477848670429132,0.0750898471012427,True,False
non_opioid_ed,75_84,high,3,item_drug_LISINOPRIL,drug,0.0743292200471507,0.1368709669111245,0.011787473183177,True,False
non_opioid_ed,75_84,high,4,item_drug_SIMVASTATIN,drug,0.0552992003970011,0.1030163587895205,0.0075820420044817,True,False
non_opioid_ed,75_84,high,5,item_drug_AZITHROMYCIN,drug,0.0517003548121622,0.0961150409771557,0.0072856686471688,True,False
non_opioid_ed,75_84,high,6,item_drug_LORAZEPAM,drug,0.0480961841848446,0.0906151285847853,0.0055772397849039,True,False
non_opioid_ed,75_84,high,7,item_drug_ALPRAZOLAM,drug,0.0348935285965318,0.0658519505410644,0.0039351066519991,True,False
non_opioid_ed,75_84,high,8,item_drug_LEVOFLOXACIN,drug,0.0262028251509628,0.0504953793603834,0.0019102709415423,True,False
non_opioid_ed,75_84,high,9,item_drug_FUROSEMIDE,drug,0.0211586463861381,0.0409811096242588,0.0013361831480174,True,False
non_opioid_ed,75_84,high,10,item_drug_OMEPRAZOLE,drug,0.0193177523806562,0.0366136724261485,0.0020218323351639,True,False
non_opioid_ed,75_84,high,11,item_drug_CEPHALEXIN,drug,0.0091772340571608,0.0177638672164981,0.0005906008978235,True,False
non_opioid_ed,75_84,high,12,item_drug_ATENOLOL,drug,0.0080649673913878,0.0158515891628987,0.000278345619877,True,False
non_opioid_ed,75_84,high,13,item_drug_FINASTERIDE,drug,0.0030098583041774,0.0059728484637723,4.686814458248697e-05,True,False
non_opioid_ed,75_84,high,14,item_drug_AMOXICILLIN,drug,0.0020142671856672,0.0040073518201658,2.1182551168658245e-05,True,False
non_opioid_ed,75_84,high,15,item_drug_GABAPENTIN,drug,0.0018705657727371,0.0037111318987092,2.9999646764936036e-05,True,False
non_opioid_ed,75_84,high,16,item_drug_PREDNISONE,drug,0.0011107700351083,0.0022184266081244,3.1134620923374525e-06,True,False
non_opioid_ed,75_84,high,17,item_drug_CLOPIDOGREL,drug,0.0006421948119413,0.0012787145330228,5.675090859831923e-06,True,False
non_opioid_ed,75_84,high,18,item_drug_HYDROCHLOROTHIAZIDE,drug,0.0001619043907163,0.000323117507072,6.912743605829391e-07,True,False
non_opioid_ed,0_12,low,1,pgx_num_drugs,pgx,0.9999999998318264,0.9999999999451352,0.9999999997185174,True,False
non_opioid_ed,0_12,low,2,pgx_num_cpic_drugs,pgx,0.0523992550117262,0.0743100404743919,0.0304884695490606,True,False
non_opioid_ed,0_12,low,3,item_drug_AMOXICILLIN,drug,0.01919507108122,0.033267053929767,0.0051230882326731,True,False
non_opioid_ed,0_12,low,4,item_drug_CEPHALEXIN,drug,0.0045997228858438,0.0084756839360117,0.0007237618356759,True,False
non_opioid_ed,0_12,low,5,item_drug_CEFDINIR,drug,0.0035326671589708,0.006528917690194,0.0005364166277477,True,False
non_opioid_ed,0_12,low,6,item_drug_AZITHROMYCIN,drug,0.0027588489747416,0.0050500157945845,0.0004676821548986,True,False
non_opioid_ed,0_12,low,7,item_drug_NYSTATIN,drug,0.0026972567751942,0.0050964777332483,0.0002980358171401,True,False
non_opioid_ed,0_12,low,8,item_drug_LORATADINE,drug,0.0021069648029405,0.0039163231579652,0.0002976064479157,True,False
non_opioid_ed,0_12,low,9,item_drug_VYVANSE,drug,0.0019421351718683,0.0037326939986598,0.0001515763450769,True,False
non_opioid_ed,0_12,low,10,item_drug_IBUPROFEN,drug,0.0017826593693483,0.0033164543078767,0.0002488644308198,True,False
non_opioid_ed,0_12,low,11,item_drug_MUPIROCIN,drug,0.0017410645731069,0.0033048846128938,0.00017724453332,True,False
non_opioid_ed,0_12,low,12,item_drug_OFLOXACIN,drug,0.0014454920485224,0.0027931652968239,9.781880022082392e-05,True,False
non_opioid_ed,0_12,low,13,item_drug_CIPRODEX,drug,0.0013138822456851,0.0025189713597793,0.0001087931315908,True,False
non_opioid_ed,0_12,low,14,item_drug_TAMIFLU,drug,0.0011739985572324,0.002261468752864,8.652836160084598e-05,True,False
non_opioid_ed,0_12,low,15,item_drug_PREDNISONE,drug,0.0011705466180613,0.0022325099876215,0.0001085832485011,True,False
non_opioid_ed,0_12,low,16,item_drug_PREDNISOLONE,drug,0.0011389068591348,0.0021980764943225,7.973722394724054e-05,True,False
non_opioid_ed,0_12,low,17,item_drug_ERYTHROMYCIN,drug,0.0011312302247482,0.0021943231992012,6.813725029532283e-05,True,False
non_opioid_ed,0_12,low,18,item_drug_BENZONATATE,drug,0.0005265851518174,0.0010091803787952,4.398992483956373e-05,True,False
non_opioid_ed,0_12,low,19,item_drug_ACYCLOVIR,drug,0.0003419390525166,0.0006669735892249,1.6904515808303153e-05,True,False
non_opioid_ed,0_12,low,20,item_drug_HYDROCORTISONE,drug,0.0003190864816427,0.000610547972484,2.7624990801378945e-05,True,False
non_opioid_ed,0_12,medium,1,pgx_num_drugs,pgx,0.9999999998326158,0.9999999999467142,0.9999999997185174,True,False
non_opioid_ed,0_12,medium,2,pgx_num_cpic_drugs,pgx,0.0549527863376012,0.0779311798104525,0.0319743928647498,True,False
non_opioid_ed,0_12,medium,3,item_drug_AMOXICILLIN,drug,0.0201641576708394,0.0349465082897027,0.0053818070519762,True,False
non_opioid_ed,0_12,medium,4,item_drug_CEPHALEXIN,drug,0.0048799935250521,0.0089920813673659,0.0007679056827384,True,False
non_opioid_ed,0_12,medium,5,item_drug_CEFDINIR,drug,0.0037752826105129,0.0069772673614797,0.0005732978595461,True,False
non_opioid_ed,0_12,medium,6,item_drug_AZITHROMYCIN,drug,0.0036038498496088,0.0065967514151687,0.0006109482840489,True,False
non_opioid_ed,0_12,medium,7,item_drug_LORATADINE,drug,0.0023501955575031,0.0043683941406812,0.000331996974325,True,False
non_opioid_ed,0_12,medium,8,item_drug_IBUPROFEN,drug,0.0022826141729589,0.0042465491604046,0.0003186791855133,True,False
non_opioid_ed,0_12,medium,9,item_drug_NYSTATIN,drug,0.0022322619917657,0.0042178213138208,0.0002467026697106,True,False
non_opioid_ed,0_12,medium,10,item_drug_MUPIROCIN,drug,0.0018820366226341,0.0035724503849319,0.0001916228603363,True,False
non_opioid_ed,0_12,medium,11,item_drug_VYVANSE,drug,0.0018149043114102,0.0034881343046991,0.0001416743181212,True,False
non_opioid_ed,0_12,medium,12,item_drug_PREDNISOLONE,drug,0.0013218630495992,0.0025511646284728,9.256147072574308e-05,True,False
non_opioid_ed,0_12,medium,13,item_drug_OFLOXACIN,drug,0.0013120512777539,0.0025352886135271,8.881394198070872e-05,True,False
non_opioid_ed,0_12,medium,14,item_drug_PREDNISONE,drug,0.0012844052036909,0.0024496415997767,0.0001191688076052,True,False
non_opioid_ed,0_12,medium,15,item_drug_TAMIFLU,drug,0.0012776041851738,0.0024610246201049,9.41837502427572e-05,True,False
non_opioid_ed,0_12,medium,16,item_drug_CIPRODEX,drug,0.0012738877581482,0.0024422662658637,0.0001055092504327,True,False
non_opioid_ed,0_12,medium,17,item_drug_ERYTHROMYCIN,drug,0.0011582874536193,0.0022467897868388,6.978512039990452e-05,True,False
non_opioid_ed,0_12,medium,18,item_drug_BENZONATATE,drug,0.0006299953453846,0.0012073458835877,5.264480718157192e-05,True,False
non_opioid_ed,0_12,medium,19,item_drug_HYDROCORTISONE,drug,0.0005894748804728,0.00112793426668,5.10154942656888e-05,True,False
non_opioid_ed,0_12,medium,20,item_drug_TRETINOIN,drug,0.0003936542924771,0.0007707180926671,1.6590492287078156e-05,True,False
non_opioid_ed,0_12,extreme,1,pgx_num_drugs,pgx,0.9999999998277936,0.9999999999370696,0.9999999997185174,True,False
non_opioid_ed,0_12,extreme,2,pgx_num_cpic_drugs,pgx,0.0619383601048721,0.0878374524567957,0.0360392677529486,True,False
non_opioid_ed,0_12,extreme,3,item_drug_AMOXICILLIN,drug,0.0218327365097369,0.037838162784127,0.0058273102353468,True,False
non_opioid_ed,0_12,extreme,4,item_drug_CEFDINIR,drug,0.0127106586251286,0.0234913676652054,0.0019299495850517,True,False
non_opioid_ed,0_12,extreme,5,item_drug_AZITHROMYCIN,drug,0.0083548519868748,0.0152934283700581,0.0014162756036914,True,False
non_opioid_ed,0_12,extreme,6,item_drug_CEPHALEXIN,drug,0.0074313638623473,0.0136933122275911,0.0011694154971036,True,False
non_opioid_ed,0_12,extreme,7,item_drug_NYSTATIN,drug,0.0058509427408506,0.0110553497463819,0.0006465357353193,True,False
non_opioid_ed,0_12,extreme,8,item_drug_BUDESONIDE,drug,0.0052431510556946,0.0102033282193304,0.0002829738920588,True,False
non_opioid_ed,0_12,extreme,9,item_drug_HYDROCORTISONE,drug,0.0048056422409636,0.0091959080023919,0.0004153764795353,True,False
non_opioid_ed,0_12,extreme,10,item_drug_VYVANSE,drug,0.0047510237999997,0.0091312398861078,0.0003708077138915,True,False
non_opioid_ed,0_12,extreme,11,item_drug_IBUPROFEN,drug,0.0045096416036105,0.0083897166863581,0.0006295665208629,True,False
non_opioid_ed,0_12,extreme,12,item_drug_LORATADINE,drug,0.0039338169541099,0.0073119202415055,0.0005557136667144,True,False
non_opioid_ed,0_12,extreme,13,item_drug_MUPIROCIN,drug,0.0036017096075697,0.0068367215910507,0.0003666976240888,True,False
non_opioid_ed,0_12,extreme,14,item_drug_PREDNISOLONE,drug,0.003287871613584,0.006345564279972,0.0002301789471961,True,False
non_opioid_ed,0_12,extreme,15,item_drug_BENZONATATE,drug,0.0025926055848988,0.0049687500652508,0.0002164611045468,True,False
non_opioid_ed,0_12,extreme,16,item_drug_PREDNISONE,drug,0.0023902428290185,0.0045587262802232,0.0002217593778139,True,False
non_opioid_ed,0_12,extreme,17,item_drug_RISPERIDONE,drug,0.0021368485290759,0.0041871040360025,8.659302214928898e-05,True,False
non_opioid_ed,0_12,extreme,18,item_drug_ERYTHROMYCIN,drug,0.0020215371143854,0.0039212798213046,0.0001217944074661,True,False
non_opioid_ed,0_12,extreme,19,item_drug_OFLOXACIN,drug,0.0019047665115196,0.0036805791934074,0.0001289538296318,True,False
non_opioid_ed,0_12,extreme,20,item_drug_CIPRODEX,drug,0.0018375396635491,0.0035228624795124,0.0001522168475857,True,False
non_opioid_ed,0_12,high,1,pgx_num_drugs,pgx,0.9999999998309036,0.99999999994329,0.9999999997185174,True,False
non_opioid_ed,0_12,high,2,pgx_num_cpic_drugs,pgx,0.0610282881226011,0.0865472997855642,0.035509276459638,True,False
non_opioid_ed,0_12,high,3,item_drug_AMOXICILLIN,drug,0.0229085245396923,0.0397028534185434,0.0061141956608412,True,False
non_opioid_ed,0_12,high,4,item_drug_CEFDINIR,drug,0.0063663189148076,0.0117660029116033,0.0009666349180119,True,False
non_opioid_ed,0_12,high,5,item_drug_AZITHROMYCIN,drug,0.0060185599312451,0.0110169525746026,0.0010201672878876,True,False
non_opioid_ed,0_12,high,6,item_drug_CEPHALEXIN,drug,0.0057930962348787,0.0106746595770485,0.0009115328927088,True,False
non_opioid_ed,0_12,high,7,item_drug_NYSTATIN,drug,0.003892232766556,0.0073544059738574,0.0004300595592546,True,False
non_opioid_ed,0_12,high,8,item_drug_IBUPROFEN,drug,0.0032604178474932,0.0060657261277869,0.0004551095671995,True,False
non_opioid_ed,0_12,high,9,item_drug_LORATADINE,drug,0.0028343626438065,0.0052683867327137,0.0004003385548993,True,False
non_opioid_ed,0_12,high,10,item_drug_VYVANSE,drug,0.0026543449869652,0.0051015360104792,0.0002071539634512,True,False
non_opioid_ed,0_12,high,11,item_drug_MUPIROCIN,drug,0.0025285830051086,0.0047997657009809,0.0002574003092363,True,False
non_opioid_ed,0_12,high,12,item_drug_PREDNISOLONE,drug,0.0020168820329763,0.0038925825370564,0.0001411815288962,True,False
non_opioid_ed,0_12,high,13,item_drug_HYDROCORTISONE,drug,0.0016947504240406,0.0032429992363342,0.0001465016117471,True,False
non_opioid_ed,0_12,high,14,item_drug_PREDNISONE,drug,0.001569106543171,0.0029926658652229,0.000145547221119,True,False
non_opioid_ed,0_12,high,15,item_drug_ERYTHROMYCIN,drug,0.0014949598498806,0.002899878166671,9.004153309020677e-05,True,False
non_opioid_ed,0_12,high,16,item_drug_OFLOXACIN,drug,0.0013609970096542,0.0026298817895883,9.211222972003602e-05,True,False
non_opioid_ed,0_12,high,17,item_drug_CIPRODEX,drug,0.0013276849245617,0.0025454234882718,0.0001099463608516,True,False
non_opioid_ed,0_12,high,18,item_drug_TAMIFLU,drug,0.0011707455053348,0.0022551926103192,8.629840035051657e-05,True,False
non_opioid_ed,0_12,high,19,item_drug_BUDESONIDE,drug,0.0009685630227627,0.001884828016462,5.229802906351294e-05,True,False
non_opioid_ed,0_12,high,20,item_drug_BENZONATATE,drug,0.0009498583002897,0.0018203982423799,7.931835819948527e-05,True,False
non_opioid_ed,65_74,low,1,pgx_num_drugs,pgx,0.9999999998867932,0.9999999999325097,0.9999999998410768,True,False
non_opioid_ed,65_74,low,2,pgx_num_cpic_drugs,pgx,0.026040520450226,0.0421728381857034,0.0099082027147486,True,False
non_opioid_ed,65_74,low,3,item_drug_FUROSEMIDE,drug,0.0081169072817572,0.0148690417977642,0.0013647727657502,True,False
non_opioid_ed,65_74,low,4,item_drug_AMOXICILLIN,drug,0.0072011979267992,0.0136822699974504,0.000720125856148,True,False
non_opioid_ed,65_74,low,5,item_drug_SIMVASTATIN,drug,0.0028054553969473,0.0054242209719791,0.0001866898219154,True,False
non_opioid_ed,65_74,low,6,item_drug_LISINOPRIL,drug,0.0020982615954835,0.0041027695978522,9.375359311495616e-05,True,False
non_opioid_ed,65_74,low,7,item_drug_ALPRAZOLAM,drug,0.0019429051630946,0.0037742706762811,0.0001115396499081,True,False
non_opioid_ed,65_74,low,8,item_drug_LATANOPROST,drug,0.0009719522435847,0.0019175493668775,2.6355120291870927e-05,True,False
non_opioid_ed,65_74,low,9,item_drug_OFLOXACIN,drug,0.0009226345723929,0.0018034145037162,4.185464106956941e-05,True,False
non_opioid_ed,65_74,low,10,item_drug_AZITHROMYCIN,drug,0.0008802738518339,0.0017403635304119,2.018417325596928e-05,True,False
non_opioid_ed,65_74,low,11,item_drug_OMEPRAZOLE,drug,0.0007318462955108,0.0014461237951728,1.7568795848783822e-05,True,False
non_opioid_ed,65_74,low,12,item_drug_MELOXICAM,drug,0.0006698860757159,0.0013300746884596,9.697462972301962e-06,True,False
non_opioid_ed,65_74,low,13,item_drug_GABAPENTIN,drug,0.0005882805234932,0.0011682920291301,8.269017856406308e-06,True,False
non_opioid_ed,65_74,low,14,item_drug_CARVEDILOL,drug,0.0004288184247798,0.0008519506378918,5.686211667967583e-06,True,False
non_opioid_ed,65_74,low,15,item_drug_PREDNISONE,drug,0.0004154157827554,0.0008230611252393,7.770440271518077e-06,True,False
non_opioid_ed,65_74,low,16,item_drug_CEPHALEXIN,drug,0.0002582876665944,0.000514900474411,1.674858777928868e-06,True,False
non_opioid_ed,65_74,low,17,item_drug_ALLOPURINOL,drug,0.0001854388461591,0.0003690522012451,1.82549107322262e-06,True,False
non_opioid_ed,65_74,low,18,item_drug_BENZONATATE,drug,0.0001401347377352,0.0002793146850923,9.547903780217105e-07,True,False
non_opioid_ed,65_74,low,19,item_drug_METRONIDAZOLE,drug,0.0001379830287662,0.0002749473385032,1.018719029324077e-06,True,False
non_opioid_ed,65_74,low,20,item_drug_LEVOFLOXACIN,drug,0.000126355058631,0.0002516245800066,1.0855372554189691e-06,True,False
non_opioid_ed,65_74,medium,1,pgx_num_drugs,pgx,0.9999999998594482,0.9999999998778194,0.9999999998410768,True,False
non_opioid_ed,65_74,medium,2,pgx_num_cpic_drugs,pgx,0.0382038258783653,0.0618675369415792,0.0145401148151514,True,False
non_opioid_ed,65_74,medium,3,item_drug_FUROSEMIDE,drug,0.0185283649016399,0.0339431980353258,0.0031135317679541,True,False
non_opioid_ed,65_74,medium,4,item_drug_AMOXICILLIN,drug,0.0158698643208898,0.0301535845504076,0.001586144091372,True,False
non_opioid_ed,65_74,medium,5,item_drug_SIMVASTATIN,drug,0.0077216413346556,0.0149309176322771,0.0005123650370341,True,False
non_opioid_ed,65_74,medium,6,item_drug_ALPRAZOLAM,drug,0.0054312485700759,0.0105520119607862,0.0003104851793656,True,False
non_opioid_ed,65_74,medium,7,item_drug_LISINOPRIL,drug,0.0031672853449301,0.0061926138262396,0.0001419568636207,True,False
non_opioid_ed,65_74,medium,8,item_drug_OFLOXACIN,drug,0.0024171094355583,0.004725377523095,0.0001088413480216,True,False
non_opioid_ed,65_74,medium,9,item_drug_LATANOPROST,drug,0.0023195589991775,0.0045765369260895,6.258107226556349e-05,True,False
non_opioid_ed,65_74,medium,10,item_drug_OMEPRAZOLE,drug,0.0014035533393371,0.0027734217652883,3.3684913385867345e-05,True,False
non_opioid_ed,65_74,medium,11,item_drug_CARVEDILOL,drug,0.0010604652633369,0.0021070261683514,1.390435832254812e-05,True,False
non_opioid_ed,65_74,medium,12,item_drug_MELOXICAM,drug,0.0010384895261719,0.0020618351357107,1.5143916633248312e-05,True,False
non_opioid_ed,65_74,medium,13,item_drug_GABAPENTIN,drug,0.0009999654526393,0.0019858141089499,1.4116796328744531e-05,True,False
non_opioid_ed,65_74,medium,14,item_drug_AZITHROMYCIN,drug,0.0009063966252596,0.0017915410670637,2.1252183455635705e-05,True,False
non_opioid_ed,65_74,medium,15,item_drug_PREDNISONE,drug,0.00086120821804,0.0017063777007612,1.603873531879988e-05,True,False
non_opioid_ed,65_74,medium,16,item_drug_CEPHALEXIN,drug,0.0004929991791424,0.0009828020752591,3.196283025803181e-06,True,False
non_opioid_ed,65_74,medium,17,item_drug_METRONIDAZOLE,drug,0.0004135644354189,0.0008241994990879,2.92937174991516e-06,True,False
non_opioid_ed,65_74,medium,18,item_drug_ALLOPURINOL,drug,0.0004114258914447,0.0008188571042255,3.994678663977663e-06,True,False
non_opioid_ed,65_74,medium,19,item_drug_BENZONATATE,drug,0.0003760974340565,0.0007497109938182,2.4838742948301115e-06,True,False
non_opioid_ed,65_74,medium,20,item_drug_LEVOFLOXACIN,drug,0.0002870653877805,0.0005717154957377,2.415279823294693e-06,True,False
non_opioid_ed,65_74,extreme,1,pgx_num_drugs,pgx,0.9999999998342818,0.9999999998274868,0.9999999998410768,True,False
non_opioid_ed,65_74,extreme,2,pgx_num_cpic_drugs,pgx,0.1248043190314765,0.2021549106735218,0.0474537273894313,True,False
non_opioid_ed,65_74,extreme,3,item_drug_FUROSEMIDE,drug,0.0879900491372346,0.161226819368907,0.0147532789055623,True,False
non_opioid_ed,65_74,extreme,4,item_drug_ALPRAZOLAM,drug,0.0219038723714221,0.0425643741184068,0.0012433706244374,True,False
non_opioid_ed,65_74,extreme,5,item_drug_AMOXICILLIN,drug,0.0157099268309332,0.0298502945285467,0.0015695591333198,True,False
non_opioid_ed,65_74,extreme,6,item_drug_SIMVASTATIN,drug,0.0118451072404811,0.0229064066077996,0.0007838078731627,True,False
non_opioid_ed,65_74,extreme,7,item_drug_CARVEDILOL,drug,0.0032543230489636,0.0064671352262174,4.151087170992577e-05,True,False
non_opioid_ed,65_74,extreme,8,item_drug_LATANOPROST,drug,0.0031956919208254,0.006305796206766,8.558763488496207e-05,True,False
non_opioid_ed,65_74,extreme,9,item_drug_OFLOXACIN,drug,0.0028363122315541,0.0055455642895712,0.000127060173537,True,False
non_opioid_ed,65_74,extreme,10,item_drug_GABAPENTIN,drug,0.0027279995582634,0.0054185549908945,3.744412563231668e-05,True,False
non_opioid_ed,65_74,extreme,11,item_drug_OMEPRAZOLE,drug,0.0025748955080961,0.0050890304590744,6.07605571178292e-05,True,False
non_opioid_ed,65_74,extreme,12,item_drug_LISINOPRIL,drug,0.0025067457702115,0.0049009798346531,0.0001125117057699,True,False
non_opioid_ed,65_74,extreme,13,item_drug_CEPHALEXIN,drug,0.0017801949590205,0.0035493750224486,1.1014895592359174e-05,True,False
non_opioid_ed,65_74,extreme,14,item_drug_LEVOFLOXACIN,drug,0.0017320925678374,0.0034509744670796,1.3210668595199804e-05,True,False
non_opioid_ed,65_74,extreme,15,item_drug_PREDNISONE,drug,0.0017011983792303,0.0033715874965621,3.080926189847564e-05,True,False
non_opioid_ed,65_74,extreme,16,item_drug_MELOXICAM,drug,0.0016644773520423,0.0033051223174329,2.38323866517408e-05,True,False
non_opioid_ed,65_74,extreme,17,item_drug_METRONIDAZOLE,drug,0.0016280598001785,0.0032452504223778,1.0869177979248256e-05,True,False
non_opioid_ed,65_74,extreme,18,item_drug_ALLOPURINOL,drug,0.0013448670235587,0.0026774820756023,1.2251971515113642e-05,True,False
non_opioid_ed,65_74,extreme,19,item_drug_ATENOLOL,drug,0.0009150671692962,0.0018230474714742,7.086867118122498e-06,True,False
non_opioid_ed,65_74,extreme,20,item_drug_LORAZEPAM,drug,0.0008196243839647,0.0016373240334048,1.9247345245836805e-06,True,False
non_opioid_ed,65_74,high,1,pgx_num_drugs,pgx,0.9999999998372736,0.9999999998334708,0.9999999998410768,True,False
non_opioid_ed,65_74,high,2,pgx_num_cpic_drugs,pgx,0.0617585493366718,0.1000183465322543,0.0234987521410894,True,False
non_opioid_ed,65_74,high,3,item_drug_FUROSEMIDE,drug,0.041147525601981,0.0753882929422005,0.0069067582617614,True,False
non_opioid_ed,65_74,high,4,item_drug_AMOXICILLIN,drug,0.0202403760398459,0.0384575654848344,0.0020231865948574,True,False
non_opioid_ed,65_74,high,5,item_drug_ALPRAZOLAM,drug,0.0141398563762163,0.0274749477035781,0.0008047650488545,True,False
non_opioid_ed,65_74,high,6,item_drug_SIMVASTATIN,drug,0.0140011882053647,0.0270749295345149,0.0009274468762146,True,False
non_opioid_ed,65_74,high,7,item_drug_LISINOPRIL,drug,0.0034782094363238,0.0068000281117676,0.00015639076088,True,False
non_opioid_ed,65_74,high,8,item_drug_OFLOXACIN,drug,0.0034429889032688,0.0067311417573402,0.0001548360491974,True,False
non_opioid_ed,65_74,high,9,item_drug_LATANOPROST,drug,0.0029683588129855,0.0058565685851062,8.014904086488982e-05,True,False
non_opioid_ed,65_74,high,10,item_drug_OMEPRAZOLE,drug,0.0025089049709244,0.0049580849644656,5.972497738334627e-05,True,False
non_opioid_ed,65_74,high,11,item_drug_MELOXICAM,drug,0.0023176336726248,0.0046020078912203,3.3259454029312574e-05,True,False
non_opioid_ed,65_74,high,12,item_drug_CARVEDILOL,drug,0.0020743226644782,0.0041217761772422,2.6869151714222087e-05,True,False
non_opioid_ed,65_74,high,13,item_drug_GABAPENTIN,drug,0.0016303620219369,0.0032378789258259,2.2845118047984035e-05,True,False
non_opioid_ed,65_74,high,14,item_drug_CEPHALEXIN,drug,0.0014733218875513,0.0029374096690074,9.234106095122925e-06,True,False
non_opioid_ed,65_74,high,15,item_drug_PREDNISONE,drug,0.0013588748383639,0.0026926359243956,2.5113752332133283e-05,True,False
non_opioid_ed,65_74,high,16,item_drug_METRONIDAZOLE,drug,0.0009499165354773,0.001893312793541,6.520277413576883e-06,True,False
non_opioid_ed,65_74,high,17,item_drug_AZITHROMYCIN,drug,0.0008700850622635,0.0017193880038679,2.078212065910875e-05,True,False
non_opioid_ed,65_74,high,18,item_drug_ALLOPURINOL,drug,0.0007981017191432,0.001588658042208,7.5453960785895165e-06,True,False
non_opioid_ed,65_74,high,19,item_drug_BENZONATATE,drug,0.0007840674423575,0.0015631010085252,5.033876189746705e-06,True,False
non_opioid_ed,65_74,high,20,item_drug_ATENOLOL,drug,0.0007209459292679,0.0014361368821499,5.7549763859368855e-06,True,False
non_opioid_ed,13_24,low,1,pgx_num_drugs,pgx,0.9999999998324646,0.9999999998824576,0.9999999997824714,True,False
non_opioid_ed,13_24,low,2,pgx_num_cpic_drugs,pgx,0.0947077570275416,0.142697849237272,0.0467176648178112,True,False
non_opioid_ed,13_24,low,3,item_drug_CEPHALEXIN,drug,0.0181854736423585,0.0317762241984747,0.0045947230862424,True,False
non_opioid_ed,13_24,low,4,item_drug_AMOXICILLIN,drug,0.0141189738270805,0.0249488670116751,0.0032890806424859,True,False
non_opioid_ed,13_24,low,5,item_drug_IBUPROFEN,drug,0.003230134762538,0.0061549191264562,0.0003053503986198,True,False
non_opioid_ed,13_24,low,6,item_drug_AZITHROMYCIN,drug,0.0024340583953836,0.0046951186503995,0.0001729981403677,True,False
non_opioid_ed,13_24,low,7,item_drug_NUVARING,drug,0.0017886567872635,0.0034632686635388,0.0001140449109882,True,False
non_opioid_ed,13_24,low,8,item_drug_FLUCONAZOLE,drug,0.0014131649455201,0.002669974750678,0.0001563551403622,True,False
non_opioid_ed,13_24,low,9,item_drug_NAPROXEN,drug,0.0013027225282808,0.0025543191945891,5.1125861972543245e-05,True,False
non_opioid_ed,13_24,low,10,item_drug_PREDNISONE,drug,0.0008386037843954,0.0016306601768435,4.654739194727133e-05,True,False
non_opioid_ed,13_24,low,11,item_drug_METRONIDAZOLE,drug,0.0008340127924199,0.0016061472882247,6.187829661507619e-05,True,False
non_opioid_ed,13_24,low,12,item_drug_ERYTHROMYCIN,drug,0.0008115641106383,0.0016033634159912,1.9764805285397697e-05,True,False
non_opioid_ed,13_24,low,13,item_drug_OFLOXACIN,drug,0.0007579700254074,0.0014829884919185,3.295155889638641e-05,True,False
non_opioid_ed,13_24,low,14,item_drug_LORYNA,drug,0.0007214633857552,0.0014072669615514,3.5659809959110224e-05,True,False
non_opioid_ed,13_24,low,15,item_drug_MELOXICAM,drug,0.0004710843309897,0.0009335956096591,8.573052320442252e-06,True,False
non_opioid_ed,13_24,low,16,item_drug_DIFFERIN,drug,0.0004597288969431,0.0009044060360022,1.5051757883963771e-05,True,False
non_opioid_ed,13_24,low,17,item_drug_NORETHINDRONE,drug,0.0003784263430095,0.0007501849522803,6.66773373880417e-06,True,False
non_opioid_ed,13_24,low,18,item_drug_NEXPLANON,drug,0.0003165539695556,0.0006266423264208,6.465612690481201e-06,True,False
non_opioid_ed,13_24,low,19,item_drug_MUPIROCIN,drug,0.000225292459964,0.0004429535106285,7.631409299561722e-06,True,False
non_opioid_ed,13_24,low,20,item_drug_MISOPROSTOL,drug,0.0002031534463884,0.0004041179303283,2.188962448498034e-06,True,False
non_opioid_ed,13_24,medium,1,pgx_num_drugs,pgx,0.9999999998266764,0.9999999998708816,0.9999999997824714,True,False
non_opioid_ed,13_24,medium,2,pgx_num_cpic_drugs,pgx,0.1087663741700616,0.1638800856051148,0.0536526627350083,True,False
non_opioid_ed,13_24,medium,3,item_drug_AMOXICILLIN,drug,0.0193416127695571,0.0341774605440163,0.0045057649950978,True,False
non_opioid_ed,13_24,medium,4,item_drug_CEPHALEXIN,drug,0.019239123953925,0.0336172181841859,0.004861029723664,True,False
non_opioid_ed,13_24,medium,5,item_drug_AZITHROMYCIN,drug,0.0033349546930998,0.0064328660739047,0.000237043312295,True,False
non_opioid_ed,13_24,medium,6,item_drug_IBUPROFEN,drug,0.0030997067599917,0.0059063521199788,0.0002930614000046,True,False
non_opioid_ed,13_24,medium,7,item_drug_FLUCONAZOLE,drug,0.0021806050157505,0.0041199308152434,0.0002412792162577,True,False
non_opioid_ed,13_24,medium,8,item_drug_NUVARING,drug,0.0019168462765815,0.0037114506646404,0.0001222418885226,True,False
non_opioid_ed,13_24,medium,9,item_drug_NAPROXEN,drug,0.0015174608371463,0.00297535574725,5.956592704255994e-05,True,False
non_opioid_ed,13_24,medium,10,item_drug_PREDNISONE,drug,0.0014512578629089,0.0028219614157048,8.055431011299106e-05,True,False
non_opioid_ed,13_24,medium,11,item_drug_METRONIDAZOLE,drug,0.0012026981324836,0.0023161510856119,8.924517935528796e-05,True,False
non_opioid_ed,13_24,medium,12,item_drug_OFLOXACIN,drug,0.0009597431238938,0.0018777513194683,4.173492831931121e-05,True,False
non_opioid_ed,13_24,medium,13,item_drug_LORYNA,drug,0.0009567654364154,0.0018662291630412,4.730170978973488e-05,True,False
non_opioid_ed,13_24,medium,14,item_drug_ERYTHROMYCIN,drug,0.0008090477575015,0.0015983820154526,1.971349955035433e-05,True,False
non_opioid_ed,13_24,medium,15,item_drug_DIFFERIN,drug,0.0005663342181164,0.0011141170320166,1.85514042161364e-05,True,False
non_opioid_ed,13_24,medium,16,item_drug_MELOXICAM,drug,0.0004584708579444,0.0009085905360954,8.351179793400581e-06,True,False
non_opioid_ed,13_24,medium,17,item_drug_EPIDUO,drug,0.0004047811038531,0.0007992883663848,1.0273841321445068e-05,True,False
non_opioid_ed,13_24,medium,18,item_drug_NEXPLANON,drug,0.0003281585868244,0.0006496066078425,6.710565806354898e-06,True,False
non_opioid_ed,13_24,medium,19,item_drug_NORETHINDRONE,drug,0.0002860713737292,0.0005670928152254,5.049932232928052e-06,True,False
non_opioid_ed,13_24,medium,20,item_drug_MUPIROCIN,drug,0.0002786607412084,0.0005478727468193,9.448735597598889e-06,True,False
non_opioid_ed,13_24,extreme,1,pgx_num_drugs,pgx,0.999999999823534,0.9999999998645964,0.9999999997824714,True,False
non_opioid_ed,13_24,extreme,2,pgx_num_cpic_drugs,pgx,0.0917445724580788,0.1382330115878041,0.0452561333283535,True,False
non_opioid_ed,13_24,extreme,3,item_drug_AMOXICILLIN,drug,0.0327354493479758,0.0578451118610065,0.0076257868349451,True,False
non_opioid_ed,13_24,extreme,4,item_drug_CEPHALEXIN,drug,0.0236536198757113,0.0413308973908416,0.0059763423605811,True,False
non_opioid_ed,13_24,extreme,5,item_drug_METRONIDAZOLE,drug,0.0110137444503215,0.0212107993113585,0.0008166895892845,True,False
non_opioid_ed,13_24,extreme,6,item_drug_FLUCONAZOLE,drug,0.0105358137069115,0.0199062698844806,0.0011653575293423,True,False
non_opioid_ed,13_24,extreme,7,item_drug_IBUPROFEN,drug,0.0058669750373118,0.0111793434128673,0.0005546066617563,True,False
non_opioid_ed,13_24,extreme,8,item_drug_AZITHROMYCIN,drug,0.0038327898418919,0.007393165637199,0.0002724140465849,True,False
non_opioid_ed,13_24,extreme,9,item_drug_NAPROXEN,drug,0.0031062199167585,0.0060905505174719,0.0001218893160452,True,False
non_opioid_ed,13_24,extreme,10,item_drug_PREDNISONE,drug,0.0020882268639534,0.0040605700355734,0.0001158836923334,True,False
non_opioid_ed,13_24,extreme,11,item_drug_MELOXICAM,drug,0.0017966524368955,0.0035606293457677,3.267552802337186e-05,True,False
non_opioid_ed,13_24,extreme,12,item_drug_NUVARING,drug,0.0017201388631886,0.0033305782973488,0.0001096994290284,True,False
non_opioid_ed,13_24,extreme,13,item_drug_OFLOXACIN,drug,0.0014817136461981,0.0028990193014351,6.44079909610833e-05,True,False
non_opioid_ed,13_24,extreme,14,item_drug_LORATADINE,drug,0.0011013476113639,0.0021857474901448,1.694773258308072e-05,True,False
non_opioid_ed,13_24,extreme,15,item_drug_DEXAMETHASONE,drug,0.0009994382957729,0.0019825021940438,1.637439750202779e-05,True,False
non_opioid_ed,13_24,extreme,16,item_drug_OMEPRAZOLE,drug,0.000990599055149,0.001969146261569,1.2051848729040102e-05,True,False
non_opioid_ed,13_24,extreme,17,item_drug_EPIDUO,drug,0.0009496689581664,0.0018752678745295,2.4070041803335927e-05,True,False
non_opioid_ed,13_24,extreme,18,item_drug_LEVOFLOXACIN,drug,0.0009264225510952,0.0018486706470974,4.174455093082122e-06,True,False
non_opioid_ed,13_24,extreme,19,item_drug_ARIPIPRAZOLE,drug,0.0007012955963667,0.0013954575645729,7.133628160608296e-06,True,False
non_opioid_ed,13_24,extreme,20,item_drug_NEXPLANON,drug,0.0006515249279565,0.0012897469297645,1.330292614856108e-05,True,False
non_opioid_ed,13_24,high,1,pgx_num_drugs,pgx,0.999999999816405,0.9999999998503384,0.9999999997824714,True,False
non_opioid_ed,13_24,high,2,pgx_num_cpic_drugs,pgx,0.1169524542137845,0.1762141275101163,0.0576907809174527,True,False
non_opioid_ed,13_24,high,3,item_drug_AMOXICILLIN,drug,0.0293130802918656,0.051797534023438,0.0068286265602933,True,False
non_opioid_ed,13_24,high,4,item_drug_CEPHALEXIN,drug,0.0224017670317567,0.0391434016962634,0.0056601323672499,True,False
non_opioid_ed,13_24,high,5,item_drug_FLUCONAZOLE,drug,0.0056039549053234,0.0105879829081649,0.0006199269024818,True,False
non_opioid_ed,13_24,high,6,item_drug_AZITHROMYCIN,drug,0.0045341796885756,0.0087460847791876,0.0003222745979637,True,False
non_opioid_ed,13_24,high,7,item_drug_METRONIDAZOLE,drug,0.0043385289027513,0.0083552864325328,0.0003217713729698,True,False
non_opioid_ed,13_24,high,8,item_drug_IBUPROFEN,drug,0.0042135728013255,0.0080287841257042,0.0003983614769469,True,False
non_opioid_ed,13_24,high,9,item_drug_NUVARING,drug,0.0022294428068494,0.0043167037390165,0.0001421818746824,True,False
non_opioid_ed,13_24,high,10,item_drug_NAPROXEN,drug,0.0021963996222627,0.0043065899395643,8.620930496108304e-05,True,False
non_opioid_ed,13_24,high,11,item_drug_PREDNISONE,drug,0.0021536853871967,0.0041878396266209,0.0001195311477725,True,False
non_opioid_ed,13_24,high,12,item_drug_OFLOXACIN,drug,0.0014610596806688,0.0028585957525833,6.352360875444598e-05,True,False
non_opioid_ed,13_24,high,13,item_drug_EPIDUO,drug,0.0010446294631295,0.0020627767600269,2.648216623208018e-05,True,False
non_opioid_ed,13_24,high,14,item_drug_LORYNA,drug,0.0010206809016283,0.0019908918136947,5.046998956190191e-05,True,False
non_opioid_ed,13_24,high,15,item_drug_ERYTHROMYCIN,drug,0.0009739092734537,0.0019240870132513,2.3731533656141955e-05,True,False
non_opioid_ed,13_24,high,16,item_drug_MELOXICAM,drug,0.0007941879692659,0.0015739178747775,1.4458063754286372e-05,True,False
non_opioid_ed,13_24,high,17,item_drug_LORATADINE,drug,0.0005860597778054,0.0011630903323691,9.02922324178113e-06,True,False
non_opioid_ed,13_24,high,18,item_drug_DEXAMETHASONE,drug,0.0005834530850112,0.0011573363105455,9.569859476831698e-06,True,False
non_opioid_ed,13_24,high,19,item_drug_DIFFERIN,drug,0.000562933940838,0.0011074200868381,1.8447794837997887e-05,True,False
non_opioid_ed,13_24,high,20,item_drug_OCELLA,drug,0.0005211400636789,0.0010326637595112,9.616367846606135e-06,True,False
non_opioid_ed,55_64,low,1,pgx_num_drugs,pgx,0.9999999998391472,0.999999999890703,0.9999999997875916,True,False
non_opioid_ed,55_64,low,2,pgx_num_cpic_drugs,pgx,0.0317175251933738,0.0493525291020409,0.0140825212847068,True,False
non_opioid_ed,55_64,low,3,item_drug_AMOXICILLIN,drug,0.0278504112592066,0.0499417478911594,0.0057590746272539,True,False
non_opioid_ed,55_64,low,4,item_drug_LISINOPRIL,drug,0.0170386623950604,0.0302901249969137,0.0037871997932071,True,False
non_opioid_ed,55_64,low,5,item_drug_CEPHALEXIN,drug,0.0096782279059556,0.0180577642458094,0.0012986915661019,True,False
non_opioid_ed,55_64,low,6,item_drug_AZITHROMYCIN,drug,0.0087548136489425,0.0162702989363758,0.0012393283615092,True,False
non_opioid_ed,55_64,low,7,item_drug_OMEPRAZOLE,drug,0.0029514819269798,0.0056668388436923,0.0002361250102673,True,False
non_opioid_ed,55_64,low,8,item_drug_IBUPROFEN,drug,0.0028820374143754,0.0054305790710272,0.0003334957577236,True,False
non_opioid_ed,55_64,low,9,item_drug_SIMVASTATIN,drug,0.002336571099478,0.0044526615955864,0.0002204806033696,True,False
non_opioid_ed,55_64,low,10,item_drug_MUPIROCIN,drug,0.0020477544326849,0.0039819211467796,0.0001135877185902,True,False
non_opioid_ed,55_64,low,11,item_drug_CARVEDILOL,drug,0.0019019856810412,0.0037112783083903,9.269305369218708e-05,True,False
non_opioid_ed,55_64,low,12,item_drug_PREDNISONE,drug,0.0017979475894336,0.0034523992609333,0.000143495917934,True,False
non_opioid_ed,55_64,low,13,item_drug_MELOXICAM,drug,0.001718477821795,0.0033912932832185,4.5662360371524e-05,True,False
non_opioid_ed,55_64,low,14,item_drug_VIAGRA,drug,0.0013360404885019,0.002644006826977,2.807415002691101e-05,True,False
non_opioid_ed,55_64,low,15,item_drug_HYDROCHLOROTHIAZIDE,drug,0.0010146668117914,0.0019913843549899,3.794926859290064e-05,True,False
non_opioid_ed,55_64,low,16,item_drug_ALLOPURINOL,drug,0.0009360931255339,0.0018555190095666,1.6667241501242596e-05,True,False
non_opioid_ed,55_64,low,17,item_drug_NAPROXEN,drug,0.0008050544716144,0.001585336617298,2.4772325930811155e-05,True,False
non_opioid_ed,55_64,low,18,item_drug_ZOSTAVAX,drug,0.0007866109432489,0.0015625396888617,1.0682197636046933e-05,True,False
non_opioid_ed,55_64,low,19,item_drug_GLIPIZIDE,drug,0.0007381792860744,0.0014365627120317,3.97958601171209e-05,True,False
non_opioid_ed,55_64,low,20,item_drug_BENZONATATE,drug,0.0006187204710028,0.0012178298369529,1.9611105052824545e-05,True,False
non_opioid_ed,55_64,medium,1,pgx_num_drugs,pgx,0.999999999818946,0.9999999998503004,0.9999999997875916,True,False
non_opioid_ed,55_64,medium,2,item_drug_AMOXICILLIN,drug,0.0365672201206557,0.0655723962898277,0.0075620439514836,True,False
non_opioid_ed,55_64,medium,3,pgx_num_cpic_drugs,pgx,0.0336334849403078,0.0523326121217778,0.0149343577588378,True,False
non_opioid_ed,55_64,medium,4,item_drug_LISINOPRIL,drug,0.0313766226239954,0.0557788040329132,0.0069744412150777,True,False
non_opioid_ed,55_64,medium,5,item_drug_CEPHALEXIN,drug,0.0193642707897071,0.0361299339070609,0.0025986076723533,True,False
non_opioid_ed,55_64,medium,6,item_drug_AZITHROMYCIN,drug,0.0187598091313262,0.0348638286508332,0.0026557896118192,True,False
non_opioid_ed,55_64,medium,7,item_drug_IBUPROFEN,drug,0.0068581923491006,0.0129226899326702,0.000793694765531,True,False
non_opioid_ed,55_64,medium,8,item_drug_OMEPRAZOLE,drug,0.0058919224168787,0.011312367283313,0.0004714775504445,True,False
non_opioid_ed,55_64,medium,9,item_drug_MUPIROCIN,drug,0.0056700211347016,0.0110255133045023,0.0003145289649009,True,False
non_opioid_ed,55_64,medium,10,item_drug_SIMVASTATIN,drug,0.0052930560301585,0.0100865601205819,0.000499551939735,True,False
non_opioid_ed,55_64,medium,11,item_drug_PREDNISONE,drug,0.0048716897718488,0.0093545348184585,0.0003888447252391,True,False
non_opioid_ed,55_64,medium,12,item_drug_CARVEDILOL,drug,0.0035573319121933,0.0069412209567422,0.0001734428676444,True,False
non_opioid_ed,55_64,medium,13,item_drug_GLIPIZIDE,drug,0.0029299724540806,0.0057020623685005,0.0001578825396608,True,False
non_opioid_ed,55_64,medium,14,item_drug_NAPROXEN,drug,0.0025200331425756,0.0049625285012179,7.753778393339967e-05,True,False
non_opioid_ed,55_64,medium,15,item_drug_MELOXICAM,drug,0.0024811205172267,0.0048962563675539,6.598466689955856e-05,True,False
non_opioid_ed,55_64,medium,16,item_drug_HYDROCHLOROTHIAZIDE,drug,0.0022705314627241,0.0044561037589853,8.495916646288614e-05,True,False
non_opioid_ed,55_64,medium,17,item_drug_VIAGRA,drug,0.0021256500840016,0.0042065926563257,4.470751167756548e-05,True,False
non_opioid_ed,55_64,medium,18,item_drug_METHOCARBAMOL,drug,0.0014113616601695,0.0027803113879145,4.241193242454189e-05,True,False
non_opioid_ed,55_64,medium,19,item_drug_BENZONATATE,drug,0.0013411281950344,0.0026397108406036,4.2545549465145285e-05,True,False
non_opioid_ed,55_64,medium,20,item_drug_ALLOPURINOL,drug,0.0013102071533603,0.0025970460985269,2.33682081938242e-05,True,False
non_opioid_ed,55_64,extreme,1,pgx_num_drugs,pgx,0.99999999983026,0.9999999998729284,0.9999999997875916,True,False
non_opioid_ed,55_64,extreme,2,pgx_num_cpic_drugs,pgx,0.0653410749355411,0.1016694312297588,0.0290127186413234,True,False
non_opioid_ed,55_64,extreme,3,item_drug_LISINOPRIL,drug,0.0297005224594793,0.0527986221773636,0.006602422741595,True,False
non_opioid_ed,55_64,extreme,4,item_drug_CEPHALEXIN,drug,0.0249445956893076,0.0465415887457865,0.0033476026328287,True,False
non_opioid_ed,55_64,extreme,5,item_drug_AMOXICILLIN,drug,0.0228258294002104,0.0409305145991181,0.0047211442013027,True,False
non_opioid_ed,55_64,extreme,6,item_drug_IBUPROFEN,drug,0.0186885675165681,0.0352149014715649,0.0021622335615713,True,False
non_opioid_ed,55_64,extreme,7,item_drug_AZITHROMYCIN,drug,0.0175018237372873,0.0325255849056237,0.0024780625689509,True,False
non_opioid_ed,55_64,extreme,8,item_drug_OMEPRAZOLE,drug,0.0120380730671699,0.0231130172226971,0.0009631289116426,True,False
non_opioid_ed,55_64,extreme,9,item_drug_GLIPIZIDE,drug,0.0119486770590619,0.0232540740828648,0.0006432800352591,True,False
non_opioid_ed,55_64,extreme,10,item_drug_CARVEDILOL,drug,0.0078457619377299,0.0153091282859339,0.0003823955895259,True,False
non_opioid_ed,55_64,extreme,11,item_drug_PREDNISONE,drug,0.0072474535069543,0.0139164150383252,0.0005784919755833,True,False
non_opioid_ed,55_64,extreme,12,item_drug_MUPIROCIN,drug,0.0070593033152411,0.0137269398044343,0.0003916668260479,True,False
non_opioid_ed,55_64,extreme,13,item_drug_METHOCARBAMOL,drug,0.0050076948897249,0.0098651599296165,0.0001502298498332,True,False
non_opioid_ed,55_64,extreme,14,item_drug_SIMVASTATIN,drug,0.0038097756020769,0.0072596563743049,0.0003598948298489,True,False
non_opioid_ed,55_64,extreme,15,item_drug_LEVOFLOXACIN,drug,0.0032181321815602,0.0063320949820518,0.0001041693810687,True,False
non_opioid_ed,55_64,extreme,16,item_drug_FUROSEMIDE,drug,0.0027722026523206,0.0055144446891553,2.99606154860183e-05,True,False
non_opioid_ed,55_64,extreme,17,item_drug_HYDROCHLOROTHIAZIDE,drug,0.0021754595614392,0.0042694232485504,8.149587432802737e-05,True,False
non_opioid_ed,55_64,extreme,18,item_drug_BENZONATATE,drug,0.0021694075076689,0.0042700019841945,6.881303114342345e-05,True,False
non_opioid_ed,55_64,extreme,19,item_drug_MELOXICAM,drug,0.0016903135951925,0.0033355758744311,4.505131595394592e-05,True,False
non_opioid_ed,55_64,extreme,20,item_drug_NAPROXEN,drug,0.001379047348558,0.0027155325488798,4.256214823628504e-05,True,False
non_opioid_ed,55_64,high,1,pgx_num_drugs,pgx,0.9999999998172188,0.999999999846846,0.9999999997875916,True,False
non_opioid_ed,55_64,high,2,pgx_num_cpic_drugs,pgx,0.0451466185123312,0.070244965290919,0.0200482717337434,True,False
non_opioid_ed,55_64,high,3,item_drug_LISINOPRIL,drug,0.0363093827893592,0.0645468258615681,0.0080719397171503,True,False
non_opioid_ed,55_64,high,4,item_drug_AMOXICILLIN,drug,0.0316637954832258,0.0567783373483723,0.0065492536180793,True,False
non_opioid_ed,55_64,high,5,item_drug_CEPHALEXIN,drug,0.0258025789570545,0.0481420164124571,0.0034631415016519,True,False
non_opioid_ed,55_64,high,6,item_drug_AZITHROMYCIN,drug,0.0213939552831851,0.0397585195279793,0.0030293910383909,True,False
non_opioid_ed,55_64,high,7,item_drug_IBUPROFEN,drug,0.0141588397900487,0.0266789660916724,0.001638713488425,True,False
non_opioid_ed,55_64,high,8,item_drug_OMEPRAZOLE,drug,0.0088912395014591,0.0170707180730305,0.0007117609298876,True,False
non_opioid_ed,55_64,high,9,item_drug_GLIPIZIDE,drug,0.0083877494431383,0.0163236459346723,0.0004518529516042,True,False
non_opioid_ed,55_64,high,10,item_drug_PREDNISONE,drug,0.0073340239820339,0.0140823897171244,0.0005856582469434,True,False
non_opioid_ed,55_64,high,11,item_drug_MUPIROCIN,drug,0.0066388598037071,0.0129091756858278,0.0003685439215865,True,False
non_opioid_ed,55_64,high,12,item_drug_SIMVASTATIN,drug,0.0066384222115428,0.0126498896783628,0.0006269547447228,True,False
non_opioid_ed,55_64,high,13,item_drug_CARVEDILOL,drug,0.0047228623959754,0.009215247899785,0.0002304768921658,True,False
non_opioid_ed,55_64,high,14,item_drug_METHOCARBAMOL,drug,0.0038179817308852,0.0075212789781957,0.0001146844835748,True,False
non_opioid_ed,55_64,high,15,item_drug_HYDROCHLOROTHIAZIDE,drug,0.0030848992441436,0.0060542128697056,0.0001155856185816,True,False
non_opioid_ed,55_64,high,16,item_drug_NAPROXEN,drug,0.0028095349225018,0.0055324659604753,8.66038845284297e-05,True,False
non_opioid_ed,55_64,high,17,item_drug_MELOXICAM,drug,0.0026071777653818,0.0051448742319372,6.94812988264754e-05,True,False
non_opioid_ed,55_64,high,18,item_drug_BENZONATATE,drug,0.0021114230221868,0.0041557618717391,6.708417263445966e-05,True,False
non_opioid_ed,55_64,high,19,item_drug_LEVOFLOXACIN,drug,0.0018972601303,0.0037329124442908,6.160781630914678e-05,True,False
non_opioid_ed,55_64,high,20,item_drug_VIAGRA,drug,0.0016360285942703,0.0032375086428914,3.454854564919264e-05,True,False
non_opioid_ed,85_114,low,1,pgx_num_drugs,pgx,0.9999999997728414,0.9999999998422616,0.999999999703421,True,False
non_opioid_ed,85_114,low,2,pgx_num_cpic_drugs,pgx,0.3339982940641068,0.4902278400628738,0.1777687480653397,True,False
non_opioid_ed,85_114,low,3,item_drug_FUROSEMIDE,drug,0.1765527480946579,0.3120372230569919,0.0410682731323238,True,False
non_opioid_ed,85_114,low,4,item_drug_CEPHALEXIN,drug,0.1746064184222304,0.2863193977970529,0.062893439047408,True,False
non_opioid_ed,85_114,low,5,item_drug_MIRTAZAPINE,drug,0.1160044662732225,0.1930848292235067,0.0389241033229383,True,False
non_opioid_ed,85_114,low,6,item_drug_LORAZEPAM,drug,0.0643670706486696,0.115062521251292,0.0136716200460471,True,False
non_opioid_ed,85_114,low,7,item_drug_LISINOPRIL,drug,0.05621722720806,0.1023831229137521,0.0100513315023679,True,False
non_opioid_ed,85_114,low,8,item_drug_AZITHROMYCIN,drug,0.0470606596078017,0.0831446340971922,0.0109766851184111,True,False
non_opioid_ed,85_114,low,9,item_drug_LATANOPROST,drug,0.0457898584753488,0.0851440190910988,0.0064356978595989,True,False
non_opioid_ed,85_114,low,10,item_drug_PREDNISONE,drug,0.0438996493138122,0.0810658171582889,0.0067334814693355,True,False
non_opioid_ed,85_114,low,11,item_drug_ALPRAZOLAM,drug,0.0405955897099397,0.0747169347460392,0.0064742446738402,True,False
non_opioid_ed,85_114,low,12,item_drug_NYSTATIN,drug,0.0384872447808503,0.0717933984915993,0.0051810910701012,True,False
non_opioid_ed,85_114,low,13,item_drug_CARVEDILOL,drug,0.0271081325205042,0.0516352786638872,0.0025809863771211,True,False
non_opioid_ed,85_114,low,14,item_drug_GABAPENTIN,drug,0.0233963852794024,0.0446279917332675,0.0021647788255374,True,False
non_opioid_ed,85_114,low,15,item_drug_CLOPIDOGREL,drug,0.0233748522497743,0.0446036885301167,0.0021460159694318,True,False
non_opioid_ed,85_114,low,16,item_drug_OMEPRAZOLE,drug,0.0218252143579564,0.0419133898235049,0.0017370388924079,True,False
non_opioid_ed,85_114,low,17,item_drug_METRONIDAZOLE,drug,0.015941442007969,0.0304674815292527,0.0014154024866853,True,False
non_opioid_ed,85_114,low,18,item_drug_HYDROCHLOROTHIAZIDE,drug,0.0149594385291861,0.0292340738386865,0.0006848032196857,True,False
non_opioid_ed,85_114,low,19,item_drug_LEVOFLOXACIN,drug,0.0084495711362283,0.0163506878099417,0.0005484544625149,True,False
non_opioid_ed,85_114,low,20,item_drug_FLUCONAZOLE,drug,0.0064193564016469,0.0125165921541402,0.0003221206491535,True,False
non_opioid_ed,85_114,medium,1,pgx_num_drugs,pgx,0.9999999998011913,0.9999999998989612,0.999999999703421,True,False
non_opioid_ed,85_114,medium,2,pgx_num_cpic_drugs,pgx,0.1742175977444795,0.2555998311988472,0.0928353642901117,True,False
non_opioid_ed,85_114,medium,3,item_drug_CEPHALEXIN,drug,0.1567260319040218,0.2569725621325951,0.0564795016754484,True,False
non_opioid_ed,85_114,medium,4,item_drug_FUROSEMIDE,drug,0.1275121623372755,0.2253320220985807,0.0296923025759703,True,False
non_opioid_ed,85_114,medium,5,item_drug_MIRTAZAPINE,drug,0.095431014633994,0.1588060121610551,0.0320560171069329,True,False
non_opioid_ed,85_114,medium,6,item_drug_LORAZEPAM,drug,0.0528386363411804,0.0944314447986699,0.011245827883691,True,False
non_opioid_ed,85_114,medium,7,item_drug_AZITHROMYCIN,drug,0.0483851806736512,0.0854760524558235,0.0112943088914789,True,False
non_opioid_ed,85_114,medium,8,item_drug_LISINOPRIL,drug,0.0442432516728405,0.080554706435142,0.0079317969105391,True,False
non_opioid_ed,85_114,medium,9,item_drug_PREDNISONE,drug,0.0405116516948952,0.0747982793413663,0.0062250240484241,True,False
non_opioid_ed,85_114,medium,10,item_drug_NYSTATIN,drug,0.0371873096473437,0.0693606675245227,0.0050139517701647,True,False
non_opioid_ed,85_114,medium,11,item_drug_ALPRAZOLAM,drug,0.0352726698380784,0.0649053514257944,0.0056399882503624,True,False
non_opioid_ed,85_114,medium,12,item_drug_LATANOPROST,drug,0.0335254568714953,0.0623195705199461,0.0047313432230445,True,False
non_opioid_ed,85_114,medium,13,item_drug_CARVEDILOL,drug,0.0240776899616741,0.0458548831955044,0.0023004967278438,True,False
non_opioid_ed,85_114,medium,14,item_drug_OMEPRAZOLE,drug,0.0199659518581299,0.0383368604024917,0.001595043313768,True,False
non_opioid_ed,85_114,medium,15,item_drug_CLOPIDOGREL,drug,0.0198358697018809,0.0378416682868697,0.001830071116892,True,False
non_opioid_ed,85_114,medium,16,item_drug_GABAPENTIN,drug,0.0192028099459941,0.0366189616677951,0.0017866582241931,True,False
non_opioid_ed,85_114,medium,17,item_drug_METRONIDAZOLE,drug,0.0145726522335287,0.0278446968911377,0.0013006075759196,True,False
non_opioid_ed,85_114,medium,18,item_drug_HYDROCHLOROTHIAZIDE,drug,0.0119386781601266,0.0233258447342413,0.0005515115860119,True,False
non_opioid_ed,85_114,medium,19,item_drug_LEVOFLOXACIN,drug,0.0072724329666807,0.0140669269985301,0.0004779389348312,True,False
non_opioid_ed,85_114,medium,20,item_drug_FLUCONAZOLE,drug,0.0054247225130792,0.0105725723538354,0.000276872672323,True,False
non_opioid_ed,85_114,extreme,1,pgx_num_drugs,pgx,0.9999999997962732,0.9999999998891256,0.9999999997034208,True,False
non_opioid_ed,85_114,extreme,2,item_drug_CEPHALEXIN,drug,0.3282666797345337,0.538369441793289,0.1181639176757784,True,False
non_opioid_ed,85_114,extreme,3,item_drug_FUROSEMIDE,drug,0.216170724730202,0.3820484940644267,0.0502929553959772,True,False
non_opioid_ed,85_114,extreme,4,pgx_num_cpic_drugs,pgx,0.1758795540739262,0.2579852390330564,0.0937738691147959,True,False
non_opioid_ed,85_114,extreme,5,item_drug_MIRTAZAPINE,drug,0.1138957646308928,0.1895212578572044,0.0382702714045812,True,False
non_opioid_ed,85_114,extreme,6,item_drug_AZITHROMYCIN,drug,0.1059191397335793,0.1871971977419594,0.0246410817251992,True,False
non_opioid_ed,85_114,extreme,7,item_drug_PREDNISONE,drug,0.0720798714237084,0.1331124835365014,0.0110472593109155,True,False
non_opioid_ed,85_114,extreme,8,item_drug_LORAZEPAM,drug,0.0715756627898494,0.1279219014255986,0.0152294241541002,True,False
non_opioid_ed,85_114,extreme,9,item_drug_GABAPENTIN,drug,0.0568240918528504,0.1084191961176432,0.0052289875880577,True,False
non_opioid_ed,85_114,extreme,10,item_drug_LATANOPROST,drug,0.0479482530822857,0.0891359058888849,0.0067606002756866,True,False
non_opioid_ed,85_114,extreme,11,item_drug_LISINOPRIL,drug,0.0445182307488499,0.0810334086924487,0.008003052805251,True,False
non_opioid_ed,85_114,extreme,12,item_drug_NYSTATIN,drug,0.0438876035872942,0.0818505917005969,0.0059246154739914,True,False
non_opioid_ed,85_114,extreme,13,item_drug_CARVEDILOL,drug,0.0379388172367463,0.0722619685238642,0.0036156659496283,True,False
non_opioid_ed,85_114,extreme,14,item_drug_ALPRAZOLAM,drug,0.0348091392192627,0.0640313463367142,0.0055869321018111,True,False
non_opioid_ed,85_114,extreme,15,item_drug_CLOPIDOGREL,drug,0.0283907022753446,0.054165622922167,0.0026157816285222,True,False
non_opioid_ed,85_114,extreme,16,item_drug_OMEPRAZOLE,drug,0.0278596125713758,0.0534955564813703,0.0022236686613812,True,False
non_opioid_ed,85_114,extreme,17,item_drug_METRONIDAZOLE,drug,0.0257162994802707,0.0491519334281985,0.0022806655323429,True,False
non_opioid_ed,85_114,extreme,18,item_drug_LEVOFLOXACIN,drug,0.0151428038240925,0.0293079951702811,0.000977612477904,True,False
non_opioid_ed,85_114,extreme,19,item_drug_HYDROCHLOROTHIAZIDE,drug,0.0105897548902732,0.0206828310327615,0.0004966787477849,True,False
non_opioid_ed,85_114,extreme,20,item_drug_FLUCONAZOLE,drug,0.0070387932007224,0.0137175195412997,0.000360066860145,True,False
non_opioid_ed,85_114,high,1,pgx_num_drugs,pgx,0.9999999998014638,0.9999999998995064,0.9999999997034212,True,False
non_opioid_ed,85_114,high,2,item_drug_CEPHALEXIN,drug,0.1894059308764901,0.3106102977540083,0.068201563998972,True,False
non_opioid_ed,85_114,high,3,item_drug_FUROSEMIDE,drug,0.1585874623170451,0.2802855707324979,0.0368893539015923,True,False
non_opioid_ed,85_114,high,4,pgx_num_cpic_drugs,pgx,0.1541937271407107,0.2262394749515272,0.0821479793298942,True,False
non_opioid_ed,85_114,high,5,item_drug_MIRTAZAPINE,drug,0.1399865595017015,0.2330385544689372,0.0469345645344658,True,False
non_opioid_ed,85_114,high,6,item_drug_AZITHROMYCIN,drug,0.0593016990810034,0.104802373848362,0.0138010243136447,True,False
non_opioid_ed,85_114,high,7,item_drug_LORAZEPAM,drug,0.0549830628751042,0.0982863572966441,0.0116797684535643,True,False
non_opioid_ed,85_114,high,8,item_drug_LISINOPRIL,drug,0.0466394053431869,0.0849374534440865,0.0083413572422874,True,False
non_opioid_ed,85_114,high,9,item_drug_PREDNISONE,drug,0.0432670576465198,0.0799036733607193,0.0066304419323204,True,False
non_opioid_ed,85_114,high,10,item_drug_ALPRAZOLAM,drug,0.0380709843117048,0.0700741005255247,0.0060678680978849,True,False
non_opioid_ed,85_114,high,11,item_drug_LATANOPROST,drug,0.0349263278511939,0.0649388293916764,0.0049138263107115,True,False
non_opioid_ed,85_114,high,12,item_drug_NYSTATIN,drug,0.0334417130281622,0.0623816281168595,0.0045017979394648,True,False
non_opioid_ed,85_114,high,13,item_drug_CARVEDILOL,drug,0.0254372478326539,0.0484548988934705,0.0024195967718372,True,False
non_opioid_ed,85_114,high,14,item_drug_GABAPENTIN,drug,0.0230559300868184,0.0439822730086302,0.0021295871650067,True,False
non_opioid_ed,85_114,high,15,item_drug_OMEPRAZOLE,drug,0.022088836806733,0.042423501473111,0.001754172140355,True,False
non_opioid_ed,85_114,high,16,item_drug_CLOPIDOGREL,drug,0.0198207108623347,0.037821225489138,0.0018201962355313,True,False
non_opioid_ed,85_114,high,17,item_drug_METRONIDAZOLE,drug,0.0124259635808737,0.0237462624638852,0.0011056646978623,True,False
non_opioid_ed,85_114,high,18,item_drug_HYDROCHLOROTHIAZIDE,drug,0.0122757591031556,0.0239889739994549,0.0005625442068563,True,False
non_opioid_ed,85_114,high,19,item_drug_LEVOFLOXACIN,drug,0.0097236259030657,0.018822042447645,0.0006252093584864,True,False
non_opioid_ed,85_114,high,20,item_drug_FLUCONAZOLE,drug,0.005016907779632,0.0097808669104678,0.0002529486487962,True,False
non_opioid_ed,25_44,low,1,pgx_num_drugs,pgx,0.9999999998333456,0.999999999873983,0.999999999792708,True,False
non_opioid_ed,25_44,low,2,pgx_num_cpic_drugs,pgx,0.0641749703076335,0.1006497225004955,0.0277002181147715,True,False
non_opioid_ed,25_44,low,3,item_drug_CEPHALEXIN,drug,0.0190609156239984,0.0341720626316695,0.0039497686163273,True,False
non_opioid_ed,25_44,low,4,item_drug_PREDNISONE,drug,0.0081782011468899,0.0146849282557762,0.0016714740380035,True,False
non_opioid_ed,25_44,low,5,item_drug_ERYTHROMYCIN,drug,0.0081137786222572,0.0150665366119998,0.0011610206325146,True,False
non_opioid_ed,25_44,low,6,item_drug_NAPROXEN,drug,0.0066112817856862,0.012502910574555,0.0007196529968175,True,False
non_opioid_ed,25_44,low,7,item_drug_OFLOXACIN,drug,0.004430342662653,0.0083634391629291,0.0004972461623769,True,False
non_opioid_ed,25_44,low,8,item_drug_FLUCONAZOLE,drug,0.0040354043783398,0.0076536769872973,0.0004171317693822,True,False
non_opioid_ed,25_44,low,9,item_drug_METRONIDAZOLE,drug,0.0031634557982381,0.0061482078046425,0.0001787037918336,True,False
non_opioid_ed,25_44,low,10,item_drug_DIAZEPAM,drug,0.0022637036796507,0.0043791072285031,0.0001483001307983,True,False
non_opioid_ed,25_44,low,11,item_drug_MELOXICAM,drug,0.0020147764452775,0.0039251172700004,0.0001044356205547,True,False
non_opioid_ed,25_44,low,12,item_drug_ALPRAZOLAM,drug,0.0017757221503132,0.0034927943723744,5.864992825200797e-05,True,False
non_opioid_ed,25_44,low,13,item_drug_METHOCARBAMOL,drug,0.0016336889596401,0.0032132182645629,5.41596547172799e-05,True,False
non_opioid_ed,25_44,low,14,item_drug_AZITHROMYCIN,drug,0.001270690946703,0.0024532518221442,8.813007126175648e-05,True,False
non_opioid_ed,25_44,low,15,item_drug_AMOXICILLIN,drug,0.0010285422991899,0.0020172181582474,3.9866440132457424e-05,True,False
non_opioid_ed,25_44,low,16,item_drug_ACYCLOVIR,drug,0.0008178233064015,0.0016219220251405,1.3724587662615038e-05,True,False
non_opioid_ed,25_44,low,17,item_drug_NUVARING,drug,0.0007287929202356,0.0014415627158389,1.6023124632337954e-05,True,False
non_opioid_ed,25_44,low,18,item_drug_OCELLA,drug,0.0005540387735417,0.0010978484989562,1.022904812730656e-05,True,False
non_opioid_ed,25_44,low,19,item_drug_OMEPRAZOLE,drug,0.0004490678899242,0.0008899822010965,8.153578751990181e-06,True,False
non_opioid_ed,25_44,low,20,item_drug_KETOCONAZOLE,drug,0.0003872852182821,0.0007683552771917,6.215159372539247e-06,True,False
non_opioid_ed,25_44,medium,1,pgx_num_drugs,pgx,0.9999999998186948,0.9999999998446816,0.999999999792708,True,False
non_opioid_ed,25_44,medium,2,pgx_num_cpic_drugs,pgx,0.0847822952555578,0.1329692955282395,0.0365952949828761,True,False
non_opioid_ed,25_44,medium,3,item_drug_PREDNISONE,drug,0.0202310374231363,0.0363272312700057,0.0041348435762668,True,False
non_opioid_ed,25_44,medium,4,item_drug_CEPHALEXIN,drug,0.0200618333264586,0.0359663402246364,0.0041573264282807,True,False
non_opioid_ed,25_44,medium,5,item_drug_NAPROXEN,drug,0.0090279468535154,0.0170731195010068,0.0009827742060241,True,False
non_opioid_ed,25_44,medium,6,item_drug_ERYTHROMYCIN,drug,0.0078101081440838,0.0145025361623302,0.0011176801258373,True,False
non_opioid_ed,25_44,medium,7,item_drug_FLUCONAZOLE,drug,0.0061848725777799,0.0117303773281268,0.000639367827433,True,False
non_opioid_ed,25_44,medium,8,item_drug_OFLOXACIN,drug,0.0057960364696864,0.0109414784319129,0.0006505945074599,True,False
non_opioid_ed,25_44,medium,9,item_drug_METRONIDAZOLE,drug,0.003557906411191,0.0069147867700571,0.000201026052325,True,False
non_opioid_ed,25_44,medium,10,item_drug_AZITHROMYCIN,drug,0.0033624548977686,0.0064917110518772,0.00023319874366,True,False
non_opioid_ed,25_44,medium,11,item_drug_MELOXICAM,drug,0.0031357137661042,0.0061088638196454,0.000162563712563,True,False
non_opioid_ed,25_44,medium,12,item_drug_DIAZEPAM,drug,0.0029970379673178,0.0057976943414143,0.0001963815932213,True,False
non_opioid_ed,25_44,medium,13,item_drug_AMOXICILLIN,drug,0.0017498153785617,0.0034317923179537,6.783843916972402e-05,True,False
non_opioid_ed,25_44,medium,14,item_drug_METHOCARBAMOL,drug,0.0017093670104399,0.003362040772774,5.669324810581888e-05,True,False
non_opioid_ed,25_44,medium,15,item_drug_ALPRAZOLAM,drug,0.0016387667031398,0.0032233801240339,5.415328224576745e-05,True,False
non_opioid_ed,25_44,medium,16,item_drug_BENZONATATE,drug,0.0009877838347747,0.0019501811730692,2.538649648030812e-05,True,False
non_opioid_ed,25_44,medium,17,item_drug_OMEPRAZOLE,drug,0.0009420046031255,0.0018669021926351,1.7107013615942288e-05,True,False
non_opioid_ed,25_44,medium,18,item_drug_NUVARING,drug,0.0009218846651333,0.0018234871077701,2.028222249659377e-05,True,False
non_opioid_ed,25_44,medium,19,item_drug_ACYCLOVIR,drug,0.0008749424576839,0.0017351895053831,1.4695409984620091e-05,True,False
non_opioid_ed,25_44,medium,20,item_drug_KETOCONAZOLE,drug,0.0007347775534472,0.0014577587216485,1.1796385245983796e-05,True,False
non_opioid_ed,25_44,extreme,1,pgx_num_drugs,pgx,0.9999999998255424,0.9999999998583768,0.999999999792708,True,False
non_opioid_ed,25_44,extreme,2,pgx_num_cpic_drugs,pgx,0.0524560452244137,0.0822696517169086,0.0226424387319189,True,False
non_opioid_ed,25_44,extreme,3,item_drug_PREDNISONE,drug,0.0382378086094286,0.0686606817659458,0.0078149354529114,True,False
non_opioid_ed,25_44,extreme,4,item_drug_CEPHALEXIN,drug,0.0366798384992656,0.0657588122298218,0.0076008647687095,True,False
non_opioid_ed,25_44,extreme,5,item_drug_FLUCONAZOLE,drug,0.0159094658548441,0.0301744420701186,0.0016444896395695,True,False
non_opioid_ed,25_44,extreme,6,item_drug_NAPROXEN,drug,0.0128498187246668,0.0243008305181434,0.0013988069311902,True,False
non_opioid_ed,25_44,extreme,7,item_drug_AZITHROMYCIN,drug,0.0120271401347837,0.0232203574849582,0.0008339227846092,True,False
non_opioid_ed,25_44,extreme,8,item_drug_ERYTHROMYCIN,drug,0.0087364042271322,0.0162225280124269,0.0012502804418374,True,False
non_opioid_ed,25_44,extreme,9,item_drug_METRONIDAZOLE,drug,0.006206562302242,0.0120624764182249,0.0003506481862591,True,False
non_opioid_ed,25_44,extreme,10,item_drug_DIAZEPAM,drug,0.0054900570974947,0.0106204193969902,0.0003596947979992,True,False
non_opioid_ed,25_44,extreme,11,item_drug_METHOCARBAMOL,drug,0.0053865193748072,0.0105944669050287,0.0001785718445858,True,False
non_opioid_ed,25_44,extreme,12,item_drug_OFLOXACIN,drug,0.0049026112075337,0.0092548405832159,0.0005503818318514,True,False
non_opioid_ed,25_44,extreme,13,item_drug_MELOXICAM,drug,0.0047116428313087,0.0091790327750584,0.000244252887559,True,False
non_opioid_ed,25_44,extreme,14,item_drug_GABAPENTIN,drug,0.0040559874479266,0.0080557749796228,5.619991623032591e-05,True,False
non_opioid_ed,25_44,extreme,15,item_drug_ALPRAZOLAM,drug,0.0031981277158113,0.0062905993194597,0.0001056561121629,True,False
non_opioid_ed,25_44,extreme,16,item_drug_BENZONATATE,drug,0.0026806845031225,0.0052925202997779,6.884870646711604e-05,True,False
non_opioid_ed,25_44,extreme,17,item_drug_IBUPROFEN,drug,0.0023328376108226,0.0046010214776521,6.465374399317264e-05,True,False
non_opioid_ed,25_44,extreme,18,item_drug_AMOXICILLIN,drug,0.0022157459347594,0.0043455860930958,8.590577642296734e-05,True,False
non_opioid_ed,25_44,extreme,19,item_drug_KETOCONAZOLE,drug,0.0017873808947475,0.0035460893459629,2.8672443532216416e-05,True,False
non_opioid_ed,25_44,extreme,20,item_drug_OMEPRAZOLE,drug,0.0014442114155407,0.0028622002301927,2.622260088872812e-05,True,False
non_opioid_ed,25_44,high,1,pgx_num_drugs,pgx,0.9999999998087852,0.9999999998248624,0.999999999792708,True,False
non_opioid_ed,25_44,high,2,pgx_num_cpic_drugs,pgx,0.0840510056365823,0.1318219598772429,0.0362800513959217,True,False
non_opioid_ed,25_44,high,3,item_drug_PREDNISONE,drug,0.0369323020763583,0.0663163522940285,0.0075482518586882,True,False
non_opioid_ed,25_44,high,4,item_drug_CEPHALEXIN,drug,0.0247664083482266,0.0444004320922825,0.0051323846041708,True,False
non_opioid_ed,25_44,high,5,item_drug_NAPROXEN,drug,0.0129737814766489,0.0245351968945976,0.0014123660587001,True,False
non_opioid_ed,25_44,high,6,item_drug_FLUCONAZOLE,drug,0.0122067907060834,0.0231517148299527,0.0012618665822141,True,False
non_opioid_ed,25_44,high,7,item_drug_ERYTHROMYCIN,drug,0.0096312598544152,0.0178841127102214,0.0013784069986091,True,False
non_opioid_ed,25_44,high,8,item_drug_AZITHROMYCIN,drug,0.0082143580831764,0.0158590778178584,0.0005696383484944,True,False
non_opioid_ed,25_44,high,9,item_drug_OFLOXACIN,drug,0.0070741938427513,0.0133542356235238,0.0007941520619788,True,False
non_opioid_ed,25_44,high,10,item_drug_METRONIDAZOLE,drug,0.0052107757898065,0.0101271107329009,0.0002944408467121,True,False
non_opioid_ed,25_44,high,11,item_drug_MELOXICAM,drug,0.0044821694967291,0.008731945451126,0.0002323935423321,True,False
non_opioid_ed,25_44,high,12,item_drug_DIAZEPAM,drug,0.0039322130487902,0.0076067238791814,0.000257702218399,True,False
non_opioid_ed,25_44,high,13,item_drug_METHOCARBAMOL,drug,0.0028331545471103,0.0055723372674268,9.397182679391576e-05,True,False
non_opioid_ed,25_44,high,14,item_drug_ALPRAZOLAM,drug,0.002473262724277,0.0048647829321415,8.174251641259172e-05,True,False
non_opioid_ed,25_44,high,15,item_drug_AMOXICILLIN,drug,0.0024110361337854,0.0047285768463095,9.34954212614314e-05,True,False
non_opioid_ed,25_44,high,16,item_drug_BENZONATATE,drug,0.0021161712908302,0.0041779669957599,5.437558590052222e-05,True,False
non_opioid_ed,25_44,high,17,item_drug_GABAPENTIN,drug,0.0014417152491712,0.0028634299613527,2.0000536989813508e-05,True,False
non_opioid_ed,25_44,high,18,item_drug_OMEPRAZOLE,drug,0.0013876022149059,0.0027499971882361,2.5207241575722023e-05,True,False
non_opioid_ed,25_44,high,19,item_drug_KETOCONAZOLE,drug,0.0013310852001514,0.0026408006099899,2.1369790312937636e-05,True,False
non_opioid_ed,25_44,high,20,item_drug_IBUPROFEN,drug,0.0013049083382642,0.0025736129887251,3.6203687803329176e-05,True,False
opioid_ed,45_54,low,1,pgx_num_drugs,pgx,0.999999999141803,0.9999999999240116,0.9999999983595944,True,False
opioid_ed,45_54,low,2,item_drug_GABAPENTIN,drug,0.2140535270846381,0.2176833345699671,0.2104237195993092,True,False
opioid_ed,45_54,low,3,item_drug_AZITHROMYCIN,drug,0.0543149809001475,0.0727234448577282,0.0359065169425668,True,False
opioid_ed,45_54,low,4,pgx_num_cpic_drugs,pgx,0.0406143520818712,0.0732022648806948,0.0080264392830475,True,False
opioid_ed,45_54,low,5,item_drug_ALPRAZOLAM,drug,0.040342955987919,0.0548490460425009,0.0258368659333372,True,False
opioid_ed,45_54,low,6,item_drug_CLONAZEPAM,drug,0.0363029218722339,0.0542420081032177,0.01836383564125,True,False
opioid_ed,45_54,low,7,item_drug_OMEPRAZOLE,drug,0.0277273118156401,0.0390032197009504,0.0164514039303297,True,False
opioid_ed,45_54,low,8,item_drug_SIMVASTATIN,drug,0.0237527672740169,0.0379492193002537,0.0095563152477802,True,False
opioid_ed,45_54,low,9,item_drug_DIAZEPAM,drug,0.0230477568881899,0.0338060045511541,0.0122895092252257,True,False
opioid_ed,45_54,low,10,item_drug_AMOXICILLIN,drug,0.0213737865455187,0.0322194695345147,0.0105281035565227,True,False
opioid_ed,45_54,low,11,item_drug_LORAZEPAM,drug,0.0202629712740377,0.0325866193503181,0.0079393231977573,True,False
opioid_ed,45_54,low,12,item_drug_LYRICA,drug,0.0198562649931592,0.0329583832349065,0.0067541467514119,True,False
opioid_ed,45_54,low,13,item_drug_OXYCONTIN,drug,0.0192207905794851,0.030768630541602,0.0076729506173682,True,False
opioid_ed,45_54,low,14,item_drug_FUROSEMIDE,drug,0.0189917773388459,0.0298706402893215,0.0081129143883702,True,False
opioid_ed,45_54,low,15,item_drug_CEPHALEXIN,drug,0.0177534098691637,0.0242199870030041,0.0112868327353233,True,False
opioid_ed,45_54,low,16,item_drug_HYDROCHLOROTHIAZIDE,drug,0.0175525709922515,0.0270256952132481,0.0080794467712549,True,False
opioid_ed,45_54,low,17,item_drug_NAPROXEN,drug,0.0170764482359841,0.0262537138946709,0.0078991825772973,True,False
opioid_ed,45_54,low,18,item_drug_BENZONATATE,drug,0.0159471658349828,0.0260423625957296,0.0058519690742361,True,False
opioid_ed,45_54,low,19,item_drug_BACLOFEN,drug,0.0143519363271114,0.0234726830506808,0.0052311896035421,True,False
opioid_ed,45_54,low,20,item_drug_ARIPIPRAZOLE,drug,0.0131915174457562,0.021495717557629,0.0048873173338834,True,False
opioid_ed,45_54,medium,1,pgx_num_drugs,pgx,0.9999999991439312,0.9999999999282678,0.9999999983595944,True,False
opioid_ed,45_54,medium,2,item_drug_GABAPENTIN,drug,0.2476502195547552,0.2518558710345359,0.2434445680749745,True,False
opioid_ed,45_54,medium,3,item_drug_AZITHROMYCIN,drug,0.0607470232993843,0.0813389608028687,0.0401550857959,True,False
opioid_ed,45_54,medium,4,item_drug_ALPRAZOLAM,drug,0.0512224152767984,0.0696468527790874,0.0327979777745094,True,False
opioid_ed,45_54,medium,5,pgx_num_cpic_drugs,pgx,0.0495013537246496,0.0892216028966509,0.0097811045526484,True,False
opioid_ed,45_54,medium,6,item_drug_CLONAZEPAM,drug,0.0420991305100414,0.0629057628213634,0.0212924981987194,True,False
opioid_ed,45_54,medium,7,item_drug_OMEPRAZOLE,drug,0.0358640702696375,0.0504553724890142,0.0212727680502607,True,False
opioid_ed,45_54,medium,8,item_drug_SIMVASTATIN,drug,0.0323346127995509,0.0516653918006992,0.0130038337984026,True,False
opioid_ed,45_54,medium,9,item_drug_DIAZEPAM,drug,0.028033276056775,0.0411231546129035,0.0149433975006466,True,False
opioid_ed,45_54,medium,10,item_drug_AMOXICILLIN,drug,0.0252249561378521,0.038028428681111,0.0124214835945932,True,False
opioid_ed,45_54,medium,11,item_drug_LORAZEPAM,drug,0.0251376801744982,0.0404296345643255,0.0098457257846709,True,False
opioid_ed,45_54,medium,12,item_drug_LYRICA,drug,0.0240002575877771,0.0398395484536862,0.008160966721868,True,False
opioid_ed,45_54,medium,13,item_drug_OXYCONTIN,drug,0.0238428617845162,0.0381712862958703,0.0095144372731622,True,False
opioid_ed,45_54,medium,14,item_drug_FUROSEMIDE,drug,0.0236377639599358,0.0371819004971191,0.0100936274227525,True,False
opioid_ed,45_54,medium,15,item_drug_CEPHALEXIN,drug,0.0217531394904457,0.0296821408670471,0.0138241381138443,True,False
opioid_ed,45_54,medium,16,item_drug_HYDROCHLOROTHIAZIDE,drug,0.0202693642535872,0.0312117414327363,0.0093269870744381,True,False
opioid_ed,45_54,medium,17,item_drug_NAPROXEN,drug,0.0197650946747006,0.0303903521541119,0.0091398371952893,True,False
opioid_ed,45_54,medium,18,item_drug_BACLOFEN,drug,0.0194068225013364,0.0317445629617374,0.0070690820409355,True,False
opioid_ed,45_54,medium,19,item_drug_BENZONATATE,drug,0.0184918248361743,0.0302003316744369,0.0067833179979116,True,False
opioid_ed,45_54,medium,20,item_drug_LISINOPRIL,drug,0.0152986089666512,0.0210981002362262,0.0094991176970763,True,False
opioid_ed,45_54,extreme,1,item_drug_GABAPENTIN,drug,0.9999999990863288,0.9999999998700368,0.9999999983026208,True,False
opioid_ed,45_54,extreme,2,pgx_num_drugs,pgx,0.9662873411208824,0.9497909356944146,0.9827837465473502,True,False
opioid_ed,45_54,extreme,3,item_drug_ALPRAZOLAM,drug,0.2383979053709797,0.3206430409557671,0.1561527697861923,True,False
opioid_ed,45_54,extreme,4,item_drug_FUROSEMIDE,drug,0.1965889643373921,0.3070417195366128,0.0861362091381715,True,False
opioid_ed,45_54,extreme,5,item_drug_AZITHROMYCIN,drug,0.1729496767345357,0.2289723488561588,0.1169270046129125,True,False
opioid_ed,45_54,extreme,6,item_drug_LIDOCAINE,drug,0.1482088468767634,0.2402049966556662,0.0562126970978607,True,False
opioid_ed,45_54,extreme,7,item_drug_CLONAZEPAM,drug,0.1391963003595366,0.2062058632303261,0.0721867374887471,True,False
opioid_ed,45_54,extreme,8,item_drug_LORAZEPAM,drug,0.1383073845395888,0.2209863294159988,0.0556284396631787,True,False
opioid_ed,45_54,extreme,9,item_drug_DIAZEPAM,drug,0.129520364412956,0.1883034308472077,0.0707372979787042,True,False
opioid_ed,45_54,extreme,10,item_drug_PREDNISONE,drug,0.1237171527626417,0.1617462557567178,0.0856880497685655,True,False
opioid_ed,45_54,extreme,11,item_drug_OXYCONTIN,drug,0.1223486304210298,0.1945680002928697,0.0501292605491899,True,False
opioid_ed,45_54,extreme,12,item_drug_LYRICA,drug,0.1134559875586467,0.1872586170880059,0.0396533580292876,True,False
opioid_ed,45_54,extreme,13,item_drug_CEPHALEXIN,drug,0.11060955437356,0.14934371532238,0.07187539342474,True,False
opioid_ed,45_54,extreme,14,item_drug_AMOXICILLIN,drug,0.108895581750207,0.1628150652303418,0.0549760982700722,True,False
opioid_ed,45_54,extreme,15,item_drug_OMEPRAZOLE,drug,0.1055765631393077,0.1470387789246035,0.0641143473540119,True,False
opioid_ed,45_54,extreme,16,item_drug_METRONIDAZOLE,drug,0.09483044831309,0.1598003327784893,0.0298605638476906,True,False
opioid_ed,45_54,extreme,17,item_drug_SIMVASTATIN,drug,0.0916971983044129,0.1455150818683594,0.0378793147404665,True,False
opioid_ed,45_54,extreme,18,item_drug_BACLOFEN,drug,0.0903354543249378,0.1468692251206122,0.0338016835292635,True,False
opioid_ed,45_54,extreme,19,item_drug_OLANZAPINE,drug,0.0818415292540547,0.1339864634025159,0.0296965951055935,True,False
opioid_ed,45_54,extreme,20,item_drug_ARIPIPRAZOLE,drug,0.0815523117912131,0.1320946031842165,0.0310100203982097,True,False
opioid_ed,45_54,high,1,pgx_num_drugs,pgx,0.9999999991402276,0.999999999920861,0.9999999983595944,True,False
opioid_ed,45_54,high,2,item_drug_GABAPENTIN,drug,0.3695522884716362,0.3758405807193367,0.3632639962239358,True,False
opioid_ed,45_54,high,3,item_drug_AZITHROMYCIN,drug,0.0908163971483722,0.121609157599955,0.0600236366967894,True,False
opioid_ed,45_54,high,4,item_drug_ALPRAZOLAM,drug,0.0890931277352182,0.1211517323426046,0.0570345231278318,True,False
opioid_ed,45_54,high,5,item_drug_CLONAZEPAM,drug,0.0594330320971807,0.0888113844523677,0.0300546797419937,True,False
opioid_ed,45_54,high,6,item_drug_OMEPRAZOLE,drug,0.0530492781515252,0.0746391589716782,0.0314593973313722,True,False
opioid_ed,45_54,high,7,pgx_num_cpic_drugs,pgx,0.0490487529968575,0.0884052904926949,0.0096922155010202,True,False
opioid_ed,45_54,high,8,item_drug_DIAZEPAM,drug,0.0484733811034295,0.0711175369567106,0.0258292252501483,True,False
opioid_ed,45_54,high,9,item_drug_SIMVASTATIN,drug,0.0470234555376785,0.0751400297659846,0.0189068813093724,True,False
opioid_ed,45_54,high,10,item_drug_FUROSEMIDE,drug,0.0437514847336785,0.0688299932326653,0.0186729762346917,True,False
opioid_ed,45_54,high,11,item_drug_AMOXICILLIN,drug,0.038991485308534,0.0587890030890142,0.0191939675280538,True,False
opioid_ed,45_54,high,12,item_drug_LYRICA,drug,0.0385367221345138,0.0639746414562978,0.0130988028127298,True,False
opioid_ed,45_54,high,13,item_drug_CEPHALEXIN,drug,0.0371319545993905,0.0506779622518864,0.0235859469468947,True,False
opioid_ed,45_54,high,14,item_drug_LORAZEPAM,drug,0.0350586036595553,0.0563892044037767,0.0137280029153339,True,False
opioid_ed,45_54,high,15,item_drug_PREDNISONE,drug,0.0347793987560476,0.0459924555281801,0.0235663419839151,True,False
opioid_ed,45_54,high,16,item_drug_OXYCONTIN,drug,0.0323351732940352,0.0517701582575793,0.0129001883304911,True,False
opioid_ed,45_54,high,17,item_drug_BACLOFEN,drug,0.0321877272006002,0.0526568395438397,0.0117186148573607,True,False
opioid_ed,45_54,high,18,item_drug_LIDOCAINE,drug,0.0297118975796077,0.0484548389906392,0.0109689561685762,True,False
opioid_ed,45_54,high,19,item_drug_NAPROXEN,drug,0.029675539521616,0.0456339498150204,0.0137171292282116,True,False
opioid_ed,45_54,high,20,item_drug_METRONIDAZOLE,drug,0.0249559252559404,0.0422711929424724,0.0076406575694085,True,False
opioid_ed,75_84,low,1,pgx_num_drugs,pgx,0.9999999994678817,0.9999999999525656,0.9999999989831976,True,False
opioid_ed,75_84,low,2,n_event_bin_ordinal,utilization_temporal,0.4659480603265786,0.4642778711855412,0.4676182494676161,True,False
opioid_ed,75_84,low,3,pgx_num_cpic_drugs,pgx,0.1957007813881578,0.2910322316911234,0.1003693310851921,True,False
opioid_ed,75_84,low,4,item_cpt_99214,cpt,0.084445475930337,0.1402636305563773,0.0286273213042967,True,False
opioid_ed,75_84,low,5,item_cpt_99213,cpt,0.0689108937476235,0.1149118323444478,0.0229099551507992,True,False
opioid_ed,75_84,low,6,item_icd_G8929,icd,0.0472176620542778,0.0728772525532706,0.0215580715552849,True,False
opioid_ed,75_84,low,7,item_drug_LISINOPRIL,drug,0.0351273975255018,0.0619106682393244,0.0083441268116793,True,False
opioid_ed,75_84,low,8,item_icd_M545,icd,0.0268671544855814,0.0460474055885577,0.0076869033826052,True,False
opioid_ed,75_84,low,9,item_drug_AMOXICILLIN,drug,0.0243128027408987,0.0418919479305127,0.0067336575512848,True,False
opioid_ed,75_84,low,10,item_icd_Z79891,icd,0.0234944255356284,0.0400426504464486,0.0069462006248083,True,False
opioid_ed,75_84,low,11,item_drug_FUROSEMIDE,drug,0.021871846148692,0.0397421391067624,0.0040015531906215,True,False
opioid_ed,75_84,low,12,item_drug_PREDNISONE,drug,0.0194821328484132,0.0358193468463284,0.003144918850498,True,False
opioid_ed,75_84,low,13,item_cpt_92014,cpt,0.0191311523562083,0.0343494603898897,0.003912844322527,True,False
opioid_ed,75_84,low,14,item_cpt_71010,cpt,0.0171558903586206,0.0317422628792327,0.0025695178380085,True,False
opioid_ed,75_84,low,15,item_cpt_99203,cpt,0.016668990435516,0.0300783704094661,0.003259610461566,True,False
opioid_ed,75_84,low,16,item_cpt_83735,cpt,0.0149959316652383,0.0268183587597197,0.003173504570757,True,False
opioid_ed,75_84,low,17,item_cpt_36415,cpt,0.0142972914160323,0.0269536405279774,0.0016409423040872,True,False
opioid_ed,75_84,low,18,item_drug_SIMVASTATIN,drug,0.0137895691657017,0.0259804498776219,0.0015986884537815,True,False
opioid_ed,75_84,low,19,item_drug_OMEPRAZOLE,drug,0.013162559923747,0.0249101669043055,0.0014149529431886,True,False
opioid_ed,75_84,low,20,item_drug_AZITHROMYCIN,drug,0.0127153364524925,0.0235046588816833,0.0019260140233017,True,False
opioid_ed,75_84,medium,1,pgx_num_drugs,pgx,0.9999999994651004,0.9999999999470032,0.9999999989831976,True,False
opioid_ed,75_84,medium,2,n_event_bin_ordinal,utilization_temporal,0.3914768059550848,0.3900697573999773,0.3928838545101923,True,False
opioid_ed,75_84,medium,3,pgx_num_cpic_drugs,pgx,0.2354929263259486,0.350207599079784,0.1207782535721132,True,False
opioid_ed,75_84,medium,4,item_icd_G8929,icd,0.0685518585161385,0.1058048868313918,0.0312988302008851,True,False
opioid_ed,75_84,medium,5,item_drug_LISINOPRIL,drug,0.0416197353054827,0.0733525364188853,0.0098869341920801,True,False
opioid_ed,75_84,medium,6,item_icd_M545,icd,0.0403461548597067,0.0691488622108801,0.0115434475085333,True,False
opioid_ed,75_84,medium,7,item_cpt_99214,cpt,0.0352819196790092,0.05860033291663,0.0119635064413883,True,False
opioid_ed,75_84,medium,8,item_cpt_99213,cpt,0.034294984151075,0.0571857754451794,0.0114041928569706,True,False
opioid_ed,75_84,medium,9,item_drug_AMOXICILLIN,drug,0.0315068317194357,0.054287026129013,0.0087266373098584,True,False
opioid_ed,75_84,medium,10,item_cpt_83735,cpt,0.0314720239938759,0.0562846371004145,0.0066594108873374,True,False
opioid_ed,75_84,medium,11,item_icd_Z79891,icd,0.0304343043004417,0.0518700449732327,0.0089985636276507,True,False
opioid_ed,75_84,medium,12,item_cpt_71010,cpt,0.030233800077485,0.0559395672784984,0.0045280328764716,True,False
opioid_ed,75_84,medium,13,item_cpt_92014,cpt,0.0298996633124442,0.0536840355168345,0.0061152911080538,True,False
opioid_ed,75_84,medium,14,item_drug_FUROSEMIDE,drug,0.0288559301904698,0.0524322198227435,0.005279640558196,True,False
opioid_ed,75_84,medium,15,item_cpt_99203,cpt,0.0265307296648736,0.0478734361312831,0.0051880231984641,True,False
opioid_ed,75_84,medium,16,item_drug_PREDNISONE,drug,0.0249071203337498,0.045793256216578,0.0040209844509215,True,False
opioid_ed,75_84,medium,17,item_cpt_84439,cpt,0.0208469795963412,0.0385595819409604,0.0031343772517221,True,False
opioid_ed,75_84,medium,18,item_cpt_99239,cpt,0.0184988309842133,0.0349226310198498,0.0020750309485768,True,False
opioid_ed,75_84,medium,19,item_drug_AZITHROMYCIN,drug,0.0172919467388167,0.0319644210247476,0.0026194724528858,True,False
opioid_ed,75_84,medium,20,item_cpt_86140,cpt,0.0171916751245523,0.0315222093305948,0.0028611409185097,True,False
opioid_ed,75_84,extreme,1,n_event_bin_ordinal,utilization_temporal,0.9999999994775997,0.9999999999647554,0.999999998990444,True,False
opioid_ed,75_84,extreme,2,pgx_num_drugs,pgx,0.4175996356065375,0.4190902238903226,0.4161090473227524,True,False
opioid_ed,75_84,extreme,3,pgx_num_cpic_drugs,pgx,0.0885384892980383,0.1319082611187698,0.0451687174773068,True,False
opioid_ed,75_84,extreme,4,item_drug_FUROSEMIDE,drug,0.0492962704294224,0.0896340720533858,0.008958468805459,True,False
opioid_ed,75_84,extreme,5,item_drug_PREDNISONE,drug,0.0415379920541335,0.0764163266600155,0.0066596574482515,True,False
opioid_ed,75_84,extreme,6,item_icd_G8929,icd,0.0355270022397885,0.0549231245739932,0.0161308799055839,True,False
opioid_ed,75_84,extreme,7,item_cpt_71010,cpt,0.0304929924719845,0.0564502259744469,0.0045357589695221,True,False
opioid_ed,75_84,extreme,8,item_drug_AMOXICILLIN,drug,0.0300064528010818,0.0517545381589146,0.0082583674432491,True,False
opioid_ed,75_84,extreme,9,item_drug_LISINOPRIL,drug,0.0298372532870085,0.052631845483565,0.0070426610904519,True,False
opioid_ed,75_84,extreme,10,item_cpt_83735,cpt,0.0280280269517974,0.0501642982444902,0.0058917556591045,True,False
opioid_ed,75_84,extreme,11,item_drug_AZITHROMYCIN,drug,0.0256828941385516,0.0475026685913609,0.0038631196857422,True,False
opioid_ed,75_84,extreme,12,item_cpt_92014,cpt,0.0254915774466457,0.0458037881595776,0.0051793667337138,True,False
opioid_ed,75_84,extreme,13,item_drug_OMEPRAZOLE,drug,0.0219058129734933,0.0414734446844829,0.0023381812625037,True,False
opioid_ed,75_84,extreme,14,item_cpt_99203,cpt,0.0199901042975622,0.0360970593087807,0.0038831492863438,True,False
opioid_ed,75_84,extreme,15,item_icd_M545,icd,0.0185684756419712,0.0318568924725481,0.0052800588113943,True,False
opioid_ed,75_84,extreme,16,item_icd_A419,icd,0.0184532556184607,0.0354588386880619,0.0014476725488595,True,False
opioid_ed,75_84,extreme,17,item_cpt_99239,cpt,0.0178520937335321,0.0337158621319637,0.0019883253351006,True,False
opioid_ed,75_84,extreme,18,item_icd_F0390,icd,0.01639369937241,0.030353099577559,0.0024342991672609,True,False
opioid_ed,75_84,extreme,19,item_cpt_99152,cpt,0.0157750874840321,0.0300830899978251,0.001467084970239,True,False
opioid_ed,75_84,extreme,20,item_cpt_86140,cpt,0.0152613529569334,0.028000301158024,0.0025224047558428,True,False
opioid_ed,75_84,high,1,n_event_bin_ordinal,utilization_temporal,0.9999999994774718,0.9999999999644996,0.999999998990444,True,False
opioid_ed,75_84,high,2,pgx_num_drugs,pgx,0.4686013858986064,0.4702710624787414,0.4669317093184714,True,False
opioid_ed,75_84,high,3,pgx_num_cpic_drugs,pgx,0.0982856172594906,0.1464272796898175,0.0501439548291636,True,False
opioid_ed,75_84,high,4,item_drug_FUROSEMIDE,drug,0.0328292179329023,0.0596910434598688,0.0059673924059358,True,False
opioid_ed,75_84,high,5,item_cpt_71010,cpt,0.028692502188273,0.0531160803166036,0.0042689240599424,True,False
opioid_ed,75_84,high,6,item_icd_G8929,icd,0.0272347705289837,0.0421002881838485,0.0123692528741189,True,False
opioid_ed,75_84,high,7,item_drug_LISINOPRIL,drug,0.0259745677822103,0.0458165522254995,0.0061325833389212,True,False
opioid_ed,75_84,high,8,item_drug_PREDNISONE,drug,0.0258718116013825,0.0475943659014596,0.0041492573013055,True,False
opioid_ed,75_84,high,9,item_cpt_92014,cpt,0.0232371238140332,0.0417515505395636,0.0047226970885029,True,False
opioid_ed,75_84,high,10,item_cpt_83735,cpt,0.0229659872473279,0.0411027763763511,0.0048291981183048,True,False
opioid_ed,75_84,high,11,item_drug_AMOXICILLIN,drug,0.0215191678084096,0.037113688340857,0.0059246472759623,True,False
opioid_ed,75_84,high,12,item_cpt_99203,cpt,0.0201524543634517,0.0363889770955801,0.0039159316313233,True,False
opioid_ed,75_84,high,13,item_icd_M545,icd,0.0192079528987138,0.0329522123565386,0.005463693440889,True,False
opioid_ed,75_84,high,14,item_drug_AZITHROMYCIN,drug,0.0171948544250801,0.0318021156256964,0.0025875932244637,True,False
opioid_ed,75_84,high,15,item_cpt_99214,cpt,0.0161914985490586,0.0269231840881327,0.0054598130099845,True,False
opioid_ed,75_84,high,16,item_icd_Z79891,icd,0.0154651323602415,0.0263838154748734,0.0045464492456097,True,False
opioid_ed,75_84,high,17,item_drug_OMEPRAZOLE,drug,0.0152587384194663,0.0288879445610359,0.0016295322778967,True,False
opioid_ed,75_84,high,18,item_cpt_84439,cpt,0.0148656408150056,0.0275104667645576,0.0022208148654536,True,False
opioid_ed,75_84,high,19,item_cpt_99239,cpt,0.0142831505133308,0.0269746468404866,0.0015916541861751,True,False
opioid_ed,75_84,high,20,item_icd_F0390,icd,0.0138025632152819,0.0255545054667173,0.0020506209638465,True,False
opioid_ed,0_12,low,1,pgx_num_drugs,pgx,0.8663739727327842,0.9999999999296384,0.7327479455359298,True,False
opioid_ed,0_12,low,2,n_event_bin_ordinal,utilization_temporal,0.7136565590719167,0.4273131190817849,0.9999999990620486,True,False
opioid_ed,0_12,low,3,item_cpt_99214,cpt,0.579108146145304,0.4264191228769811,0.731797169413627,True,False
opioid_ed,0_12,low,4,item_cpt_99283,cpt,0.2514316270373762,0.2223945607253083,0.2804686933494441,True,False
opioid_ed,0_12,low,5,item_cpt_99213,cpt,0.2036537354010731,0.1478574407556103,0.2594500300465359,True,False
opioid_ed,0_12,low,6,pgx_num_cpic_drugs,pgx,0.1441054841140615,0.2308655550099566,0.0573454132181664,True,False
opioid_ed,0_12,low,7,item_drug_AMOXICILLIN,drug,0.1118412276841889,0.1430728636302206,0.0806095917381572,True,False
opioid_ed,0_12,low,8,item_icd_Z23,icd,0.0364962793599495,0.0610194790185044,0.0119730797013945,True,False
opioid_ed,0_12,low,9,item_cpt_99284,cpt,0.0257921640020359,0.0455872336230491,0.0059970943810227,True,False
opioid_ed,0_12,low,10,item_cpt_99285,cpt,0.0133185139321697,0.0247464627891327,0.0018905650752066,True,False
opioid_ed,0_12,low,11,item_icd_J069,icd,0.0106199767001892,0.0198993690549033,0.001340584345475,True,False
opioid_ed,0_12,low,12,item_cpt_90460,cpt,0.0105668640932369,0.0192652047873413,0.0018685233991326,True,False
opioid_ed,0_12,low,13,item_cpt_99215,cpt,0.0056587191912454,0.0110022396133816,0.0003151987691093,True,False
opioid_ed,0_12,low,14,item_cpt_36416,cpt,0.0046686120453282,0.0089819992756279,0.0003552248150285,True,False
opioid_ed,0_12,low,15,item_cpt_90670,cpt,0.0046312279987584,0.0090960639723046,0.0001663920252123,True,False
opioid_ed,0_12,low,16,item_cpt_87804,cpt,0.0031394053669228,0.0061660173198516,0.000112793413994,True,False
opioid_ed,0_12,low,17,item_cpt_90734,cpt,0.002523552344245,0.0047340789610343,0.0003130257274557,True,False
opioid_ed,0_12,low,18,item_cpt_90471,cpt,0.0022481266473893,0.0044154819861985,8.077130858017686e-05,True,False
opioid_ed,0_12,low,19,item_cpt_87880,cpt,0.0017431088653579,0.0033801621004783,0.0001060556302376,True,False
opioid_ed,0_12,low,20,item_cpt_96110,cpt,0.0007002789922233,0.001350202665227,5.03553192197697e-05,True,False
opioid_ed,0_12,medium,1,n_event_bin_ordinal,utilization_temporal,0.8504366972091777,0.7008733949906877,0.9999999994276676,True,False
opioid_ed,0_12,medium,2,pgx_num_drugs,pgx,0.723545076852979,0.9999999999322868,0.447090153773671,True,False
opioid_ed,0_12,medium,3,item_cpt_99214,cpt,0.4016930026406144,0.3920175615519295,0.4113684437292993,True,False
opioid_ed,0_12,medium,4,pgx_num_cpic_drugs,pgx,0.1743395439684856,0.3027562136180413,0.0459228743189298,True,False
opioid_ed,0_12,medium,5,item_cpt_99213,cpt,0.1557728504433033,0.1499537556768411,0.1615919452097655,True,False
opioid_ed,0_12,medium,6,item_cpt_99283,cpt,0.1007904728670699,0.1131690618678299,0.0884118838663099,True,False
opioid_ed,0_12,medium,7,item_drug_AMOXICILLIN,drug,0.0763233326521805,0.1132708461933678,0.0393758191109933,True,False
opioid_ed,0_12,medium,8,item_icd_Z23,icd,0.0456085468404665,0.0814192404235376,0.0097978532573955,True,False
opioid_ed,0_12,medium,9,item_cpt_99284,cpt,0.0239140198472193,0.044214459486365,0.0036135802080737,True,False
opioid_ed,0_12,medium,10,item_cpt_99285,cpt,0.0188940515060496,0.0361039438651449,0.0016841591469544,True,False
opioid_ed,0_12,medium,11,item_icd_J069,icd,0.0162674101263698,0.0312559118514737,0.0012789084012659,True,False
opioid_ed,0_12,medium,12,item_cpt_90460,cpt,0.0126523196631217,0.023870273215554,0.0014343661106893,True,False
opioid_ed,0_12,medium,13,item_cpt_99215,cpt,0.0084768621252037,0.0166748690228065,0.0002788552276008,True,False
opioid_ed,0_12,medium,14,item_cpt_87804,cpt,0.0066220157635537,0.0131126636333912,0.0001313678937161,True,False
opioid_ed,0_12,medium,15,item_cpt_90670,cpt,0.0046524944591394,0.0092170521157815,8.793680249729464e-05,True,False
opioid_ed,0_12,medium,16,item_cpt_90734,cpt,0.0038863495328172,0.0074781199586674,0.0002945791069671,True,False
opioid_ed,0_12,medium,17,item_cpt_36416,cpt,0.0035800142552156,0.0069893620441836,0.0001706664662476,True,False
opioid_ed,0_12,medium,18,item_cpt_90471,cpt,0.0030508850981922,0.0060491514389859,5.26187573985475e-05,True,False
opioid_ed,0_12,medium,19,item_cpt_87880,cpt,0.0016889645586361,0.003322368865206,5.556025206638312e-05,True,False
opioid_ed,0_12,medium,20,item_cpt_99173,cpt,0.0007426849725159,0.0014836506879255,1.7192571063167268e-06,True,False
opioid_ed,0_12,high,1,pgx_num_drugs,pgx,0.9999999993334272,0.999999999946942,0.9999999987199122,True,False
opioid_ed,0_12,high,2,n_event_bin_ordinal,utilization_temporal,0.5228665984390611,0.248176572344801,0.7975566245333212,True,False
opioid_ed,0_12,high,3,item_cpt_99214,cpt,0.40603081782041,0.2418813115155988,0.5701803241252211,True,False
opioid_ed,0_12,high,4,item_cpt_99213,cpt,0.2254044576953375,0.1319280204987617,0.3188808948919133,True,False
opioid_ed,0_12,high,5,pgx_num_cpic_drugs,pgx,0.1955614483097792,0.2919894321561063,0.0991334644634521,True,False
opioid_ed,0_12,high,6,item_cpt_99283,cpt,0.1398494460741889,0.1015953453217231,0.1781035468266547,True,False
opioid_ed,0_12,high,7,item_drug_AMOXICILLIN,drug,0.0761650499081803,0.0853902760113858,0.0669398238049749,True,False
opioid_ed,0_12,high,8,item_icd_Z23,icd,0.0474343273932868,0.0746743233021222,0.0201943314844514,True,False
opioid_ed,0_12,high,9,item_cpt_99284,cpt,0.0280206675320102,0.0473674015429913,0.008673933521029,True,False
opioid_ed,0_12,high,10,item_cpt_99285,cpt,0.026725102941027,0.0484182945144793,0.0050319113675746,True,False
opioid_ed,0_12,high,11,item_icd_J069,icd,0.0164113495813087,0.0300328310132987,0.0027898681493186,True,False
opioid_ed,0_12,high,12,item_cpt_90460,cpt,0.0142664653564396,0.0251292915213375,0.0034036391915416,True,False
opioid_ed,0_12,high,13,item_cpt_87804,cpt,0.0067468993853357,0.0131662960959078,0.0003275026747636,True,False
opioid_ed,0_12,high,14,item_cpt_99215,cpt,0.0063608252088482,0.0122310370587824,0.0004906133589139,True,False
opioid_ed,0_12,high,15,item_cpt_90734,cpt,0.0056368959594652,0.0103635765469489,0.0009102153719816,True,False
opioid_ed,0_12,high,16,item_cpt_90670,cpt,0.0054077247642219,0.0105531037293068,0.000262345799137,True,False
opioid_ed,0_12,high,17,item_cpt_36416,cpt,0.0048222147664096,0.0091224060181233,0.0005220235146959,True,False
opioid_ed,0_12,high,18,item_cpt_87880,cpt,0.0046080850402382,0.0088519375254614,0.000364232555015,True,False
opioid_ed,0_12,high,19,item_cpt_90471,cpt,0.0022690278691767,0.0044284216767266,0.0001096340616268,True,False
opioid_ed,0_12,high,20,item_cpt_96110,cpt,1.6581795687922952e-05,0.0,3.3163591375845904e-05,True,False
opioid_ed,65_74,low,1,pgx_num_drugs,pgx,0.9999999994158904,0.999999999962951,0.9999999988688298,True,False
opioid_ed,65_74,low,2,pgx_num_cpic_drugs,pgx,0.4159985836417327,0.5032610905617575,0.3287360767217078,True,False
opioid_ed,65_74,low,3,item_cpt_85025,cpt,0.0983460643018481,0.1587901553177928,0.0379019732859034,True,False
opioid_ed,65_74,low,4,item_icd_Z79891,icd,0.0701014179712471,0.1078712929545569,0.0323315429879373,True,False
opioid_ed,65_74,low,5,item_icd_M545,icd,0.0659718869608309,0.1073156309878146,0.0246281429338473,True,False
opioid_ed,65_74,low,6,item_cpt_99203,cpt,0.0459720700369125,0.0798245440967378,0.0121195959770873,True,False
opioid_ed,65_74,low,7,item_icd_G8929,icd,0.0450717252557725,0.0763332550281949,0.01381019548335,True,False
opioid_ed,65_74,low,8,item_icd_Z79899,icd,0.0431044221430317,0.0721129879114887,0.0140958563745746,True,False
opioid_ed,65_74,low,9,item_cpt_99214,cpt,0.0421346216525251,0.0776576303783203,0.0066116129267299,True,False
opioid_ed,65_74,low,10,item_icd_G894,icd,0.0407494529376171,0.0697671748137,0.0117317310615341,True,False
opioid_ed,65_74,low,11,item_cpt_20610,cpt,0.0297761199824438,0.0512118473910707,0.0083403925738168,True,False
opioid_ed,65_74,low,12,item_cpt_85610,cpt,0.0297135584319512,0.0517037777983036,0.0077233390655987,True,False
opioid_ed,65_74,low,13,item_cpt_99285,cpt,0.0274980725160204,0.049231523384198,0.0057646216478429,True,False
opioid_ed,65_74,low,14,item_drug_LISINOPRIL,drug,0.0262528407913773,0.0479152036676537,0.0045904779151008,True,False
opioid_ed,65_74,low,15,item_cpt_99232,cpt,0.026006669457169,0.0460491992178019,0.005964139696536,True,False
opioid_ed,65_74,low,16,item_cpt_93010,cpt,0.0256492812592435,0.0446448632942094,0.0066536992242776,True,False
opioid_ed,65_74,low,17,item_cpt_80053,cpt,0.024891871922074,0.047347677908619,0.0024360659355291,True,False
opioid_ed,65_74,low,18,item_cpt_84443,cpt,0.0237867714282315,0.0424516418005527,0.0051219010559103,True,False
opioid_ed,65_74,low,19,item_cpt_96372,cpt,0.0220498540591128,0.0393640301804391,0.0047356779377865,True,False
opioid_ed,65_74,low,20,item_cpt_92015,cpt,0.0216945095862706,0.0400097752573599,0.0033792439151813,True,False
opioid_ed,65_74,medium,1,pgx_num_drugs,pgx,0.999999999412126,0.9999999999554222,0.9999999988688298,True,False
opioid_ed,65_74,medium,2,pgx_num_cpic_drugs,pgx,0.5296087648330452,0.6407025144958999,0.4185150151701906,True,False
opioid_ed,65_74,medium,3,item_icd_Z79891,icd,0.1001624083902714,0.154126778835333,0.0461980379452098,True,False
opioid_ed,65_74,medium,4,item_icd_M545,icd,0.0810681784268433,0.131869647133493,0.0302667097201937,True,False
opioid_ed,65_74,medium,5,item_cpt_85025,cpt,0.0792142306119869,0.1278941702889553,0.0305342909350185,True,False
opioid_ed,65_74,medium,6,item_icd_G8929,icd,0.065645717635665,0.1111758780595705,0.0201155572117596,True,False
opioid_ed,65_74,medium,7,item_icd_Z79899,icd,0.0612219677600192,0.1024216350160097,0.0200223005040287,True,False
opioid_ed,65_74,medium,8,item_cpt_99203,cpt,0.0583820054684478,0.1013707885040053,0.0153932224328902,True,False
opioid_ed,65_74,medium,9,item_icd_G894,icd,0.0553079686529462,0.0946910056431837,0.0159249316627086,True,False
opioid_ed,65_74,medium,10,item_cpt_20610,cpt,0.0493517904507496,0.084879491948302,0.0138240889531972,True,False
opioid_ed,65_74,medium,11,item_cpt_85610,cpt,0.0454630792393631,0.0791081144074609,0.0118180440712653,True,False
opioid_ed,65_74,medium,12,item_cpt_99232,cpt,0.0418037479262583,0.0740199853448067,0.00958751050771,True,False
opioid_ed,65_74,medium,13,item_cpt_99285,cpt,0.0350449309622329,0.062741456985005,0.0073484049394608,True,False
opioid_ed,65_74,medium,14,item_drug_LISINOPRIL,drug,0.034560513125029,0.0630766147045336,0.0060444115455243,True,False
opioid_ed,65_74,medium,15,item_cpt_93010,cpt,0.0328786993307032,0.0572262397921033,0.008531158869303,True,False
opioid_ed,65_74,medium,16,item_cpt_77052,cpt,0.0318215385866375,0.0566281161630834,0.0070149610101917,True,False
opioid_ed,65_74,medium,17,item_cpt_96372,cpt,0.030714063932272,0.0548302801021041,0.0065978477624399,True,False
opioid_ed,65_74,medium,18,item_cpt_84443,cpt,0.0305831989914042,0.0545793407653188,0.0065870572174897,True,False
opioid_ed,65_74,medium,19,item_cpt_83735,cpt,0.0285418172707193,0.0522602841563013,0.0048233503851373,True,False
opioid_ed,65_74,medium,20,item_cpt_97112,cpt,0.0284491137861726,0.0514880730620111,0.0054101545103342,True,True
opioid_ed,65_74,extreme,1,pgx_num_drugs,pgx,0.9999999993859188,0.999999999903008,0.9999999988688298,True,False
opioid_ed,65_74,extreme,2,pgx_num_cpic_drugs,pgx,0.5969391027041966,0.7221577608387164,0.4717204445696769,True,False
opioid_ed,65_74,extreme,3,item_cpt_99232,cpt,0.3333178051265043,0.5902360133419648,0.0763995969110437,True,False
opioid_ed,65_74,extreme,4,item_cpt_85610,cpt,0.2030900122403585,0.3534119266417211,0.0527680978389959,True,False
opioid_ed,65_74,extreme,5,item_icd_Z79891,icd,0.200955771815311,0.3092355609097014,0.0926759827209206,True,False
opioid_ed,65_74,extreme,6,item_cpt_99309,cpt,0.1964880871035933,0.354503716666989,0.0384724575401976,True,False
opioid_ed,65_74,extreme,7,item_cpt_99231,cpt,0.1854242357811833,0.3415353586190723,0.0293131129432942,True,False
opioid_ed,65_74,extreme,8,item_icd_Z79899,icd,0.1698796644999667,0.2842162048975381,0.0555431241023953,True,False
opioid_ed,65_74,extreme,9,item_cpt_99239,cpt,0.1657072861119247,0.3025495697631346,0.0288650024607149,True,False
opioid_ed,65_74,extreme,10,item_cpt_99285,cpt,0.1592806686045263,0.2851828554412412,0.0333784817678114,True,False
opioid_ed,65_74,extreme,11,item_cpt_20610,cpt,0.1425333021054013,0.2451548711257347,0.039911733085068,True,False
opioid_ed,65_74,extreme,12,item_icd_G8929,icd,0.1344680633269546,0.2277391704494742,0.0411969562044349,True,False
opioid_ed,65_74,extreme,13,item_cpt_96374,cpt,0.1281122593495238,0.2383839077876557,0.0178406109113918,True,False
opioid_ed,65_74,extreme,14,item_cpt_99203,cpt,0.1260440970207506,0.2188622500321097,0.0332259440093915,True,False
opioid_ed,65_74,extreme,15,item_icd_M545,icd,0.1246908227408486,0.202832118125556,0.0465495273561412,True,False
opioid_ed,65_74,extreme,16,item_drug_PREDNISONE,drug,0.1238804760618887,0.2259607858567633,0.021800166267014,True,False
opioid_ed,65_74,extreme,17,item_cpt_97112,cpt,0.1050627565208039,0.1901594014692827,0.0199661115723252,True,True
opioid_ed,65_74,extreme,18,item_cpt_85025,cpt,0.1032958376076616,0.1667758298346086,0.0398158453807147,True,False
opioid_ed,65_74,extreme,19,item_cpt_83735,cpt,0.0998968031665688,0.1829229537250917,0.016870652608046,True,False
opioid_ed,65_74,extreme,20,item_cpt_77052,cpt,0.0996124981833309,0.1772779416154295,0.0219470547512322,True,False
opioid_ed,65_74,high,1,pgx_num_drugs,pgx,0.9999999994004694,0.9999999999321088,0.9999999988688298,True,False
opioid_ed,65_74,high,2,pgx_num_cpic_drugs,pgx,0.5877825406350007,0.7110811632023882,0.4644839180676131,True,False
opioid_ed,65_74,high,3,item_icd_Z79891,icd,0.1333818655825459,0.2052474559131764,0.0615162752519155,True,False
opioid_ed,65_74,high,4,item_cpt_99232,cpt,0.1264381509433143,0.2238912441950893,0.0289850576915393,True,False
opioid_ed,65_74,high,5,item_icd_M545,icd,0.1137506959875105,0.1850363820894836,0.0424650098855374,True,False
opioid_ed,65_74,high,6,item_cpt_85610,cpt,0.1136390944877229,0.1977486994326343,0.0295294895428114,True,False
opioid_ed,65_74,high,7,item_icd_Z79899,icd,0.1058322272429967,0.1770589090624419,0.0346055454235514,True,False
opioid_ed,65_74,high,8,item_cpt_20610,cpt,0.1025173434888939,0.1763264236066487,0.0287082633711392,True,False
opioid_ed,65_74,high,9,item_cpt_99203,cpt,0.0945345459039302,0.164147978257307,0.0249211135505534,True,False
opioid_ed,65_74,high,10,item_cpt_85025,cpt,0.0831642226223933,0.1342713923519219,0.0320570528928648,True,False
opioid_ed,65_74,high,11,item_icd_G8929,icd,0.0771214196781287,0.1306117887427595,0.023631050613498,True,False
opioid_ed,65_74,high,12,item_cpt_99285,cpt,0.0767400871763201,0.1373956979608812,0.016084476391759,True,False
opioid_ed,65_74,high,13,item_cpt_97112,cpt,0.0694235293500229,0.1256523351338187,0.013194723566227,True,True
opioid_ed,65_74,high,14,item_cpt_99309,cpt,0.0685806067614995,0.123729369940077,0.013431843582922,True,False
opioid_ed,65_74,high,15,item_cpt_99231,cpt,0.0681895486766265,0.1255963329398554,0.0107827644133977,True,False
opioid_ed,65_74,high,16,item_cpt_77052,cpt,0.0680313984748678,0.1210722833689211,0.0149905135808146,True,False
opioid_ed,65_74,high,17,item_icd_G894,icd,0.0660923505752099,0.1131556600718642,0.0190290410785557,True,False
opioid_ed,65_74,high,18,item_cpt_99239,cpt,0.0660084004693749,0.1205156156443277,0.0115011852944221,True,False
opioid_ed,65_74,high,19,item_cpt_83735,cpt,0.0590203007037256,0.108071476075078,0.0099691253323732,True,False
opioid_ed,65_74,high,20,item_cpt_93010,cpt,0.058608780136834,0.1020154642921774,0.0152020959814905,True,False
opioid_ed,13_24,low,1,pgx_num_drugs,pgx,0.9999999997975314,0.9999999998734712,0.9999999997215916,True,False
opioid_ed,13_24,low,2,pgx_num_cpic_drugs,pgx,0.1489849183579046,0.2418394048247176,0.0561304318910916,True,False
opioid_ed,13_24,low,3,item_drug_ALPRAZOLAM,drug,0.0256311079451091,0.040888204887675,0.0103740110025432,True,False
opioid_ed,13_24,low,4,item_drug_CLONAZEPAM,drug,0.0242582826304328,0.0380350766462924,0.0104814886145731,True,False
opioid_ed,13_24,low,5,item_drug_GABAPENTIN,drug,0.017873147604241,0.0315076637851222,0.0042386314233597,True,False
opioid_ed,13_24,low,6,item_drug_METRONIDAZOLE,drug,0.0079525102724436,0.014433867070578,0.0014711534743092,True,False
opioid_ed,13_24,low,7,item_drug_IBUPROFEN,drug,0.0078257641886344,0.0143835232535902,0.0012680051236785,True,False
opioid_ed,13_24,low,8,item_drug_AMOXICILLIN,drug,0.004620239541047,0.0082323697507206,0.0010081093313735,True,False
opioid_ed,13_24,low,9,item_drug_MELOXICAM,drug,0.0025142076269494,0.0046194722535497,0.000408943000349,True,False
opioid_ed,13_24,low,10,item_drug_MONONESSA,drug,0.0022590520688883,0.0042424469362801,0.0002756572014965,True,False
opioid_ed,13_24,low,11,item_drug_KETOCONAZOLE,drug,0.001598838215201,0.0030633699696674,0.0001343064607345,True,False
opioid_ed,13_24,low,12,item_drug_NAPROXEN,drug,0.0014539035865131,0.0027664672402146,0.0001413399328116,True,False
opioid_ed,13_24,low,13,item_drug_LORAZEPAM,drug,0.0013328703137263,0.0026217254413751,4.401518607756442e-05,True,False
opioid_ed,13_24,low,14,item_drug_OMEPRAZOLE,drug,0.0013021703669243,0.0024794583111758,0.0001248824226728,True,False
opioid_ed,13_24,low,15,item_drug_IBU,drug,0.001244844477328,0.0023586402235857,0.0001310487310703,True,False
opioid_ed,13_24,low,16,item_drug_FLUCONAZOLE,drug,0.0010896965342748,0.0021058815095506,7.351155899900956e-05,True,False
opioid_ed,13_24,low,17,item_drug_VYVANSE,drug,0.0005791674236505,0.0011493098613616,9.024985939347602e-06,True,False
opioid_ed,13_24,low,18,item_drug_METHOCARBAMOL,drug,0.0005767560939872,0.0011235145721431,2.9997615831446443e-05,True,False
opioid_ed,13_24,low,19,item_drug_LAMOTRIGINE,drug,0.0005025821126319,0.0009706836919205,3.448053334329904e-05,True,False
opioid_ed,13_24,low,20,item_drug_CEPHALEXIN,drug,0.0003334857136011,0.0006466521595408,2.031926766133867e-05,True,False
opioid_ed,13_24,medium,1,pgx_num_drugs,pgx,0.9999999998009332,0.999999999880275,0.9999999997215916,True,False
opioid_ed,13_24,medium,2,pgx_num_cpic_drugs,pgx,0.1512827031787048,0.2455690508825846,0.0569963554748249,True,False
opioid_ed,13_24,medium,3,item_drug_CLONAZEPAM,drug,0.0305433301489814,0.0478892337897019,0.0131974265082609,True,False
opioid_ed,13_24,medium,4,item_drug_ALPRAZOLAM,drug,0.0268254385969589,0.0427931616482458,0.010857715545672,True,False
opioid_ed,13_24,medium,5,item_drug_GABAPENTIN,drug,0.019984082981949,0.0352287478603083,0.0047394181035897,True,False
opioid_ed,13_24,medium,6,item_drug_METRONIDAZOLE,drug,0.0102646108794719,0.0186302158095078,0.001899005949436,True,False
opioid_ed,13_24,medium,7,item_drug_IBUPROFEN,drug,0.0092170395016266,0.0169405260278504,0.0014935529754028,True,False
opioid_ed,13_24,medium,8,item_drug_AMOXICILLIN,drug,0.0056491072989204,0.010065451482667,0.0012327631151739,True,False
opioid_ed,13_24,medium,9,item_drug_MONONESSA,drug,0.0036199862510254,0.0067981719321156,0.0004418005699352,True,False
opioid_ed,13_24,medium,10,item_drug_MELOXICAM,drug,0.0030674132195093,0.0056357827163197,0.000499043722699,True,False
opioid_ed,13_24,medium,11,item_drug_KETOCONAZOLE,drug,0.0020376229925573,0.0039040200710647,0.0001712259140499,True,False
opioid_ed,13_24,medium,12,item_drug_NAPROXEN,drug,0.0018359796221366,0.0034934056867644,0.0001785535575087,True,False
opioid_ed,13_24,medium,13,item_drug_OMEPRAZOLE,drug,0.0018087166667789,0.0034439051326925,0.0001735282008653,True,False
opioid_ed,13_24,medium,14,item_drug_LORAZEPAM,drug,0.001398180946641,0.0027501650597069,4.619683357517301e-05,True,False
opioid_ed,13_24,medium,15,item_drug_FLUCONAZOLE,drug,0.0013544994836931,0.0026175747552803,9.142421210598398e-05,True,False
opioid_ed,13_24,medium,16,item_drug_IBU,drug,0.0011569948072452,0.0021921034228225,0.0001218861916679,True,False
opioid_ed,13_24,medium,17,item_drug_METHOCARBAMOL,drug,0.0007829736215153,0.0015251881500214,4.0759093009340105e-05,True,False
opioid_ed,13_24,medium,18,item_drug_LAMOTRIGINE,drug,0.0006041166815909,0.0011667363316326,4.149703154926577e-05,True,False
opioid_ed,13_24,medium,19,item_drug_VYVANSE,drug,0.0005479666324298,0.0010873830329682,8.550231891473357e-06,True,False
opioid_ed,13_24,medium,20,item_drug_CEPHALEXIN,drug,0.000473272835203,0.0009176678550701,2.887781533597195e-05,True,False
opioid_ed,13_24,extreme,1,pgx_num_drugs,pgx,0.9999999997878708,0.9999999998541502,0.9999999997215916,True,False
opioid_ed,13_24,extreme,2,pgx_num_cpic_drugs,pgx,0.127224356448661,0.2065149979413642,0.0479337149559577,True,False
opioid_ed,13_24,extreme,3,item_drug_ALPRAZOLAM,drug,0.1080243462629572,0.1723251326344207,0.0437235598914938,True,False
opioid_ed,13_24,extreme,4,item_drug_GABAPENTIN,drug,0.0879693241745287,0.1550758180330292,0.0208628303160281,True,False
opioid_ed,13_24,extreme,5,item_drug_METRONIDAZOLE,drug,0.0712763847839782,0.1293667060494893,0.0131860635184671,True,False
opioid_ed,13_24,extreme,6,item_drug_CLONAZEPAM,drug,0.0640613292851696,0.1004412076900804,0.0276814508802588,True,False
opioid_ed,13_24,extreme,7,item_drug_IBUPROFEN,drug,0.0301371638293419,0.0553905148704632,0.0048838127882206,True,False
opioid_ed,13_24,extreme,8,item_drug_MELOXICAM,drug,0.0169336397664219,0.0311123729556413,0.0027549065772025,True,False
opioid_ed,13_24,extreme,9,item_drug_AMOXICILLIN,drug,0.0088986852556857,0.0158546257159814,0.0019427447953899,True,False
opioid_ed,13_24,extreme,10,item_drug_LORAZEPAM,drug,0.0078501533181903,0.0154409427332913,0.0002593639030893,True,False
opioid_ed,13_24,extreme,11,item_drug_OMEPRAZOLE,drug,0.0074144836704929,0.0141175054964285,0.0007114618445573,True,False
opioid_ed,13_24,extreme,12,item_drug_FLUCONAZOLE,drug,0.0071778098362481,0.0138711438644969,0.0004844758079992,True,False
opioid_ed,13_24,extreme,13,item_drug_MONONESSA,drug,0.0069647173077059,0.0130789966402142,0.0008504379751977,True,False
opioid_ed,13_24,extreme,14,item_drug_NAPROXEN,drug,0.0057009471844687,0.0108472413438634,0.000554653025074,True,False
opioid_ed,13_24,extreme,15,item_drug_METHOCARBAMOL,drug,0.0026493446691444,0.00516066836334,0.0001380209749489,True,False
opioid_ed,13_24,extreme,16,item_drug_LAMOTRIGINE,drug,0.0022841156542318,0.0044112247607086,0.000157006547755,True,False
opioid_ed,13_24,extreme,17,item_drug_KETOCONAZOLE,drug,0.0022840277472399,0.0043757538413548,0.000192301653125,True,False
opioid_ed,13_24,extreme,18,item_drug_VYVANSE,drug,0.0018166282642209,0.0036048783199901,2.8378208451644385e-05,True,False
opioid_ed,13_24,extreme,19,item_drug_CEPHALEXIN,drug,0.0017696039324681,0.0034311310936628,0.0001080767712734,True,False
opioid_ed,13_24,extreme,20,item_drug_IBU,drug,0.0013234418915272,0.0025069999846672,0.0001398837983872,True,False
opioid_ed,13_24,high,1,pgx_num_drugs,pgx,0.9999999998023008,0.99999999988301,0.9999999997215916,True,False
opioid_ed,13_24,high,2,pgx_num_cpic_drugs,pgx,0.1459595400022804,0.236928081473695,0.0549909985308658,True,False
opioid_ed,13_24,high,3,item_drug_CLONAZEPAM,drug,0.0403343851823781,0.0632406748066576,0.0174280955580987,True,False
opioid_ed,13_24,high,4,item_drug_ALPRAZOLAM,drug,0.0381913220732809,0.0609245198826756,0.0154581242638862,True,False
opioid_ed,13_24,high,5,item_drug_GABAPENTIN,drug,0.0298117137320375,0.0525532982824601,0.007070129181615,True,False
opioid_ed,13_24,high,6,item_drug_METRONIDAZOLE,drug,0.0214555001982195,0.0389417439018789,0.00396925649456,True,False
opioid_ed,13_24,high,7,item_drug_IBUPROFEN,drug,0.0150150120728581,0.0275969785693645,0.0024330455763517,True,False
opioid_ed,13_24,high,8,item_drug_AMOXICILLIN,drug,0.0074253604842421,0.0132302992053217,0.0016204217631626,True,False
opioid_ed,13_24,high,9,item_drug_MELOXICAM,drug,0.0045323062121909,0.0083272403770898,0.0007373720472919,True,False
opioid_ed,13_24,high,10,item_drug_MONONESSA,drug,0.0034705467116139,0.0065174624660237,0.0004236309572041,True,False
opioid_ed,13_24,high,11,item_drug_NAPROXEN,drug,0.0031630161706883,0.0060184451646895,0.0003075871766871,True,False
opioid_ed,13_24,high,12,item_drug_OMEPRAZOLE,drug,0.0031525775098322,0.0060027225493475,0.0003024324703169,True,False
opioid_ed,13_24,high,13,item_drug_FLUCONAZOLE,drug,0.0028929693129415,0.005590718527843,0.0001952200980399,True,False
opioid_ed,13_24,high,14,item_drug_LORAZEPAM,drug,0.0022409395424419,0.0044078407334173,7.403835146665019e-05,True,False
opioid_ed,13_24,high,15,item_drug_KETOCONAZOLE,drug,0.0021861775350572,0.0041886088071177,0.0001837462629967,True,False
opioid_ed,13_24,high,16,item_drug_METHOCARBAMOL,drug,0.0014772265229631,0.0028775747846384,7.687826128787704e-05,True,False
opioid_ed,13_24,high,17,item_drug_VYVANSE,drug,0.001141049479975,0.0022643033539264,1.7795606023686107e-05,True,False
opioid_ed,13_24,high,18,item_drug_IBU,drug,0.0011016517709763,0.0020871874702772,0.0001161160716753,True,False
opioid_ed,13_24,high,19,item_drug_LAMOTRIGINE,drug,0.0010846870220488,0.0020948883062705,7.448573782712126e-05,True,False
opioid_ed,13_24,high,20,item_drug_CEPHALEXIN,drug,0.0008187976168077,0.0015876496168989,4.994561671657639e-05,True,False
opioid_ed,55_64,low,1,pgx_num_drugs,pgx,0.9999999993937784,0.9999999999457077,0.9999999988418496,True,False
opioid_ed,55_64,low,2,pgx_num_cpic_drugs,pgx,0.5979682491578551,0.672143929020718,0.5237925692949922,True,False
opioid_ed,55_64,low,3,item_cpt_99213,cpt,0.1766585017262525,0.2666486004089485,0.0866684030435566,True,False
opioid_ed,55_64,low,4,item_cpt_99214,cpt,0.126459083716578,0.1939891852779385,0.0589289821552174,True,False
opioid_ed,55_64,low,5,item_cpt_36415,cpt,0.1038590639846998,0.1702508074907573,0.0374673204786424,True,False
opioid_ed,55_64,low,6,item_cpt_80061,cpt,0.0904167741921242,0.1505897874107384,0.03024376097351,True,False
opioid_ed,55_64,low,7,item_cpt_85025,cpt,0.0752651618331863,0.1287190604098092,0.0218112632565634,True,False
opioid_ed,55_64,low,8,item_cpt_99396,cpt,0.0736457335985145,0.1122443802031308,0.0350470869938982,True,False
opioid_ed,55_64,low,9,item_icd_Z79891,icd,0.0616339835692248,0.0993548858323187,0.023913081306131,True,False
opioid_ed,55_64,low,10,item_icd_G8929,icd,0.0503410657654442,0.0841967922224727,0.0164853393084157,True,False
opioid_ed,55_64,low,11,item_cpt_93010,cpt,0.0481272819168385,0.081529802668956,0.014724761164721,True,False
opioid_ed,55_64,low,12,item_icd_M545,icd,0.0420672428477163,0.0735127098111426,0.0106217758842901,True,False
opioid_ed,55_64,low,13,item_icd_G894,icd,0.0418567770262839,0.0728869001977765,0.0108266538547913,True,False
opioid_ed,55_64,low,14,item_cpt_99284,cpt,0.0411385004734753,0.0725315353112842,0.0097454656356664,True,False
opioid_ed,55_64,low,15,item_icd_M542,icd,0.0407690743706531,0.0701473599888706,0.0113907887524356,True,False
opioid_ed,55_64,low,16,item_cpt_80048,cpt,0.0349579307237676,0.061910536797177,0.0080053246503583,True,False
opioid_ed,55_64,low,17,item_icd_J449,icd,0.0333251435553283,0.0573054532699429,0.0093448338407137,True,False
opioid_ed,55_64,low,18,item_drug_AMOXICILLIN,drug,0.032850380122477,0.05875761698476,0.0069431432601941,True,False
opioid_ed,55_64,low,19,item_cpt_84153,cpt,0.0314867723900077,0.054285878282997,0.0086876664970184,True,False
opioid_ed,55_64,low,20,item_icd_Z79899,icd,0.0247234740103944,0.0458836272830318,0.0035633207377569,True,False
opioid_ed,55_64,medium,1,pgx_num_drugs,pgx,0.999999999392345,0.9999999999428404,0.9999999988418496,True,False
opioid_ed,55_64,medium,2,pgx_num_cpic_drugs,pgx,0.7258943443674803,0.8159373622823817,0.6358513264525789,True,False
opioid_ed,55_64,medium,3,item_cpt_99396,cpt,0.1449830144912618,0.2209675217175208,0.0689985072650029,True,False
opioid_ed,55_64,medium,4,item_cpt_99213,cpt,0.1391612127221272,0.2100405165284967,0.0682819089157577,True,False
opioid_ed,55_64,medium,5,item_cpt_80061,cpt,0.1148616485569078,0.1912980276959511,0.0384252694178645,True,False
opioid_ed,55_64,medium,6,item_cpt_99214,cpt,0.1117580061951294,0.1714285952923614,0.0520874170978974,True,False
opioid_ed,55_64,medium,7,item_icd_Z79891,icd,0.0906698436190846,0.1461559546591622,0.0351837325790071,True,False
opioid_ed,55_64,medium,8,item_cpt_36415,cpt,0.087856149619428,0.1440107049569851,0.0317015942818708,True,False
opioid_ed,55_64,medium,9,item_cpt_85025,cpt,0.0770376069372339,0.1317449112365848,0.022330302637883,True,False
opioid_ed,55_64,medium,10,item_icd_G8929,icd,0.0688461235476253,0.1151420435192302,0.0225502035760204,True,False
opioid_ed,55_64,medium,11,item_cpt_93010,cpt,0.0634999035803749,0.1075668757919974,0.0194329313687524,True,False
opioid_ed,55_64,medium,12,item_icd_G894,icd,0.0541133426203064,0.0942255074719042,0.0140011777687085,True,False
opioid_ed,55_64,medium,13,item_icd_M545,icd,0.0532317063230396,0.0930184345145219,0.0134449781315572,True,False
opioid_ed,55_64,medium,14,item_cpt_99284,cpt,0.0531552750862864,0.09371449025113,0.0125960599214429,True,False
opioid_ed,55_64,medium,15,item_icd_M542,icd,0.0523485941564546,0.0900664659107377,0.0146307224021714,True,False
opioid_ed,55_64,medium,16,item_cpt_84153,cpt,0.0511549128451249,0.0881918872492013,0.0141179384410486,True,False
opioid_ed,55_64,medium,17,item_drug_AMOXICILLIN,drug,0.0424838680987845,0.0759849430391826,0.0089827931583864,True,False
opioid_ed,55_64,medium,18,item_cpt_90471,cpt,0.0421692727163304,0.0706417592405058,0.0136967861921551,True,False
opioid_ed,55_64,medium,19,item_icd_J449,icd,0.0410461305062896,0.0705774129373005,0.0115148480752788,True,False
opioid_ed,55_64,medium,20,item_cpt_80048,cpt,0.0400083191371907,0.0708505265630836,0.0091661117112978,True,False
opioid_ed,55_64,extreme,1,pgx_num_drugs,pgx,0.999999999364127,0.9999999998864044,0.9999999988418496,True,False
opioid_ed,55_64,extreme,2,pgx_num_cpic_drugs,pgx,0.7334116153005639,0.8243868636209759,0.6424363669801519,True,False
opioid_ed,55_64,extreme,3,item_cpt_93010,cpt,0.4270024706581074,0.7233864821331457,0.1306184591830691,True,False
opioid_ed,55_64,extreme,4,item_cpt_99232,cpt,0.3646899988066966,0.6641505537343789,0.0652294438790142,True,False
opioid_ed,55_64,extreme,5,item_cpt_99396,cpt,0.2969860973875487,0.4526498466558212,0.1413223481192762,True,False
opioid_ed,55_64,extreme,6,item_cpt_80061,cpt,0.2660022813190711,0.4430312945314376,0.0889732681067047,True,False
opioid_ed,55_64,extreme,7,item_drug_PREDNISONE,drug,0.2532425767474635,0.4654793479901374,0.0410058055047894,True,False
opioid_ed,55_64,extreme,8,item_cpt_99233,cpt,0.2480424546783974,0.4549331515847108,0.0411517577720841,True,False
opioid_ed,55_64,extreme,9,item_cpt_99213,cpt,0.1955239383093424,0.2951159457107603,0.0959319309079245,True,False
opioid_ed,55_64,extreme,10,item_cpt_99284,cpt,0.1787434362710175,0.3151483938053041,0.0423384787367309,True,False
opioid_ed,55_64,extreme,11,item_drug_AMOXICILLIN,drug,0.1777297574010745,0.3179019538521518,0.0375575609499973,True,False
opioid_ed,55_64,extreme,12,item_cpt_99285,cpt,0.1736165584466326,0.3119572349356797,0.0352758819575855,True,False
opioid_ed,55_64,extreme,13,item_cpt_36415,cpt,0.1714370684629909,0.2810240172279731,0.0618501196980086,True,False
opioid_ed,55_64,extreme,14,item_cpt_99214,cpt,0.1675574166002757,0.2570272691248754,0.0780875640756759,True,False
opioid_ed,55_64,extreme,15,item_drug_AZITHROMYCIN,drug,0.1635396516571621,0.3064914601240504,0.0205878431902738,True,False
opioid_ed,55_64,extreme,16,item_icd_G8929,icd,0.1581155733741071,0.2644543426059308,0.0517768041422832,True,False
opioid_ed,55_64,extreme,17,item_cpt_71260,cpt,0.156148017101346,0.2936602835351933,0.0186357506674988,True,False
opioid_ed,55_64,extreme,18,item_icd_Z79891,icd,0.1557477091317805,0.2510668921626289,0.0604285261009321,True,False
opioid_ed,55_64,extreme,19,item_icd_M542,icd,0.1552536581243357,0.2671334096675323,0.0433739065811391,True,False
opioid_ed,55_64,extreme,20,item_cpt_99223,cpt,0.1493073052410001,0.2870827428001266,0.0115318676818735,True,False
opioid_ed,55_64,high,1,pgx_num_drugs,pgx,0.9999999993832104,0.9999999999245714,0.9999999988418494,True,False
opioid_ed,55_64,high,2,pgx_num_cpic_drugs,pgx,0.8069147535575811,0.9070100193954967,0.7068194877196654,True,False
opioid_ed,55_64,high,3,item_cpt_99396,cpt,0.2600641361406695,0.3963703853894301,0.123757886891909,True,False
opioid_ed,55_64,high,4,item_cpt_80061,cpt,0.1715044339940365,0.2856367998826726,0.0573720681054004,True,False
opioid_ed,55_64,high,5,item_cpt_93010,cpt,0.1517255361902882,0.2570293204288482,0.0464217519517283,True,False
opioid_ed,55_64,high,6,item_cpt_99213,cpt,0.146134566252353,0.2205612510651371,0.0717078814395689,True,False
opioid_ed,55_64,high,7,item_cpt_99214,cpt,0.1204551816907186,0.1847654724106583,0.0561448909707789,True,False
opioid_ed,55_64,high,8,item_icd_Z79891,icd,0.1093614554506652,0.1762843531616786,0.0424385577396518,True,False
opioid_ed,55_64,high,9,item_cpt_85025,cpt,0.1044018154402547,0.1785416467238729,0.0302619841566365,True,False
opioid_ed,55_64,high,10,item_cpt_36415,cpt,0.1038034619888733,0.1701490831781773,0.0374578407995692,True,False
opioid_ed,55_64,high,11,item_icd_G8929,icd,0.0971587948747195,0.1624944420474133,0.0318231477020257,True,False
opioid_ed,55_64,high,12,item_cpt_99284,cpt,0.0922490818439531,0.1626412081169537,0.0218569555709526,True,False
opioid_ed,55_64,high,13,item_icd_M542,icd,0.0897130611021752,0.1543559156803702,0.0250702065239801,True,False
opioid_ed,55_64,high,14,item_icd_M545,icd,0.0853561339137199,0.1491555895454025,0.0215566782820374,True,False
opioid_ed,55_64,high,15,item_drug_PREDNISONE,drug,0.0834614623645143,0.1534032767500222,0.0135196479790064,True,False
opioid_ed,55_64,high,16,item_drug_AMOXICILLIN,drug,0.0793967936020009,0.1420095148187926,0.0167840723852092,True,False
opioid_ed,55_64,high,17,item_cpt_84153,cpt,0.0778725910743171,0.1342551095981589,0.0214900725504754,True,False
opioid_ed,55_64,high,18,item_cpt_90471,cpt,0.0755999146891699,0.1266492599308803,0.0245505694474594,True,False
opioid_ed,55_64,high,19,item_icd_G894,icd,0.0755412346487375,0.1315374178359536,0.0195450514615213,True,False
opioid_ed,55_64,high,20,item_cpt_99232,cpt,0.0752527775980947,0.1370389304984999,0.0134666246976895,True,False
opioid_ed,85_114,low,1,event_rate_delta_per30,utilization_temporal,0.9999999993716828,0.9999999999381683,0.9999999988051976,True,False
opioid_ed,85_114,low,2,pgx_cpic_fraction,pgx,0.6721765672509716,0.6768782947042362,0.6674748397977069,True,False
opioid_ed,85_114,low,3,event_burstiness,utilization_temporal,0.5506317329268335,0.5544275553255993,0.5468359105280677,True,False
opioid_ed,85_114,low,4,pgx_non_cpic_drugs,pgx,0.386937898517819,0.3909115725545466,0.3829642244810913,True,False
opioid_ed,85_114,low,5,std_inter_event_days,utilization_temporal,0.3082433800556545,0.3844793221667012,0.2320074379446077,True,False
opioid_ed,85_114,low,6,item_cpt_99214,cpt,0.2013744828184508,0.2931054643452296,0.109643501291672,True,False
opioid_ed,85_114,low,7,recent90_event_count,utilization_temporal,0.1371901582679741,0.1762055883970345,0.0981747281389137,True,False
opioid_ed,85_114,low,8,item_icd_M545,icd,0.1114234472940259,0.1632323263284657,0.0596145682595861,True,False
opioid_ed,85_114,low,9,recent30_event_count,utilization_temporal,0.1077410641035146,0.1586600948775363,0.0568220333294929,True,False
opioid_ed,85_114,low,10,recent30_event_fraction,utilization_temporal,0.0968922037889632,0.1269009291913898,0.0668834783865367,True,False
opioid_ed,85_114,low,11,item_cpt_71020,cpt,0.0965402352857256,0.1563642881213108,0.0367161824501404,True,False
opioid_ed,85_114,low,12,item_cpt_83036,cpt,0.0920739920979378,0.1428084031661672,0.0413395810297085,True,False
opioid_ed,85_114,low,13,event_span_days,utilization_temporal,0.0895915754234974,0.1300848904138179,0.049098260433177,True,False
opioid_ed,85_114,low,14,item_cpt_81003,cpt,0.0846378899312117,0.1355080602624694,0.033767719599954,True,False
opioid_ed,85_114,low,15,item_cpt_20610,cpt,0.0728469572959142,0.1109126948836337,0.0347812197081947,True,False
opioid_ed,85_114,low,16,event_rate_ratio_late_vs_early,utilization_temporal,0.0673163437833067,0.1173540767014351,0.0172786108651784,True,False
opioid_ed,85_114,low,17,item_icd_I10,icd,0.0657733998647085,0.1118803545034395,0.0196664452259775,True,False
opioid_ed,85_114,low,18,pgx_num_drugs,pgx,0.0638167704935873,0.1035228786101264,0.0241106623770483,True,False
opioid_ed,85_114,low,19,item_cpt_99283,cpt,0.0533762540719006,0.0874120341970503,0.019340473946751,True,False
opioid_ed,85_114,low,20,item_cpt_80048,cpt,0.0527349519242142,0.0913487055712476,0.0141211982771808,True,False
opioid_ed,85_114,medium,1,event_rate_delta_per30,utilization_temporal,0.9999999993651956,0.9999999999252,0.9999999988051914,True,False
opioid_ed,85_114,medium,2,pgx_cpic_fraction,pgx,0.6739718179342428,0.6785155040064063,0.6694281318620793,True,False
opioid_ed,85_114,medium,3,event_burstiness,utilization_temporal,0.6101889243773905,0.6142229307115913,0.6061549180431897,True,False
opioid_ed,85_114,medium,4,pgx_non_cpic_drugs,pgx,0.5625507053709013,0.5682378153345143,0.5568635954072882,True,False
opioid_ed,85_114,medium,5,std_inter_event_days,utilization_temporal,0.3443361298740833,0.429296603340252,0.2593756564079146,True,False
opioid_ed,85_114,medium,6,recent90_event_count,utilization_temporal,0.2343251424861039,0.3008543379033574,0.1677959470688504,True,False
opioid_ed,85_114,medium,7,item_icd_M545,icd,0.1586971398845483,0.2323390030253844,0.0850552767437122,True,False
opioid_ed,85_114,medium,8,item_cpt_99214,cpt,0.1570693772570093,0.2283583749736188,0.0857803795403998,True,False
opioid_ed,85_114,medium,9,item_cpt_83036,cpt,0.1372942732010794,0.2128268484456026,0.0617616979565563,True,False
opioid_ed,85_114,medium,10,recent30_event_count,utilization_temporal,0.1230106825917908,0.1809401327483755,0.0650812324352061,True,False
opioid_ed,85_114,medium,11,item_cpt_81003,cpt,0.1178113495540564,0.1884972810748836,0.0471254180332291,True,False
opioid_ed,85_114,medium,12,item_cpt_71020,cpt,0.1177883160642316,0.1906431756261749,0.0449334565022883,True,False
opioid_ed,85_114,medium,13,item_cpt_20610,cpt,0.104870051006515,0.1595214342071105,0.0502186678059195,True,False
opioid_ed,85_114,medium,14,event_span_days,utilization_temporal,0.1041448764443181,0.1509964386836516,0.0572933142049846,True,False
opioid_ed,85_114,medium,15,recent30_event_fraction,utilization_temporal,0.0992085273730586,0.1296195106864834,0.0687975440596338,True,False
opioid_ed,85_114,medium,16,item_cpt_99283,cpt,0.0814737288596154,0.1333194579432025,0.0296279997760283,True,False
opioid_ed,85_114,medium,17,item_icd_I10,icd,0.0698039041158484,0.1186043901126595,0.0210034181190373,True,False
opioid_ed,85_114,medium,18,item_cpt_80048,cpt,0.0691818180805647,0.1197412657837505,0.0186223703773788,True,False
opioid_ed,85_114,medium,19,item_cpt_99217,cpt,0.0606660882173769,0.1015931400784934,0.0197390363562603,True,False
opioid_ed,85_114,medium,20,event_rate_ratio_late_vs_early,utilization_temporal,0.0605436798808803,0.1054203452652562,0.0156670144965044,True,False
opioid_ed,85_114,extreme,1,pgx_non_cpic_drugs,pgx,0.9999999993524034,0.9999999999255862,0.9999999987792206,True,False
opioid_ed,85_114,extreme,2,event_rate_delta_per30,utilization_temporal,0.6581222579614532,0.6508524812161927,0.6653920347067137,True,False
opioid_ed,85_114,extreme,3,event_burstiness,utilization_temporal,0.5365595494965066,0.5343667401652723,0.538752358827741,True,False
opioid_ed,85_114,extreme,4,std_inter_event_days,utilization_temporal,0.4254265838592873,0.5263405854859098,0.3245125822326649,True,False
opioid_ed,85_114,extreme,5,pgx_cpic_fraction,pgx,0.3818881142867379,0.3801689912916512,0.3836072372818246,True,False
opioid_ed,85_114,extreme,6,recent90_event_count,utilization_temporal,0.3241284823149271,0.4132949475870526,0.2349620170428016,True,False
opioid_ed,85_114,extreme,7,item_icd_M545,icd,0.2150855529919092,0.3133388626663348,0.1168322433174837,True,False
opioid_ed,85_114,extreme,8,item_cpt_83036,cpt,0.1715188038233158,0.2647778769026664,0.0782597307439652,True,False
opioid_ed,85_114,extreme,9,item_cpt_81003,cpt,0.1469422732978173,0.2342617313397819,0.0596228152558527,True,False
opioid_ed,85_114,extreme,10,item_cpt_20610,cpt,0.1244221264020668,0.1884721019655812,0.0603721508385524,True,False
opioid_ed,85_114,extreme,11,recent30_event_count,utilization_temporal,0.1237117189592771,0.181060791733965,0.0663626461845893,True,False
opioid_ed,85_114,extreme,12,item_cpt_99283,cpt,0.1151536936426084,0.1879019664396668,0.04240542084555,True,False
opioid_ed,85_114,extreme,13,item_cpt_71020,cpt,0.114167911166564,0.1841019338865935,0.0442338884465346,True,False
opioid_ed,85_114,extreme,14,item_cpt_99217,cpt,0.1048830783095477,0.1752966472133882,0.0344695094057071,True,False
opioid_ed,85_114,extreme,15,event_span_days,utilization_temporal,0.0985711006115921,0.1421796423796091,0.0549625588435752,True,False
opioid_ed,85_114,extreme,16,item_cpt_99214,cpt,0.0941975108535932,0.1360970193703989,0.0522980023367874,True,False
opioid_ed,85_114,extreme,17,recent30_event_fraction,utilization_temporal,0.0859646416623555,0.111578401480655,0.0603508818440561,True,False
opioid_ed,85_114,extreme,18,item_cpt_80048,cpt,0.0712423803476629,0.1230232806411254,0.0194614800542005,True,False
opioid_ed,85_114,extreme,19,item_icd_L570,icd,0.0652800784324748,0.1219550325656458,0.0086051242993038,True,False
opioid_ed,85_114,extreme,20,item_icd_I10,icd,0.0535059382407476,0.090637432805522,0.0163744436759732,True,False
opioid_ed,85_114,high,1,pgx_non_cpic_drugs,pgx,0.9999999993438236,0.9999999999084308,0.999999998779216,True,False
opioid_ed,85_114,high,2,event_rate_delta_per30,utilization_temporal,0.9231811797171404,0.9131729467866154,0.9331894126476652,True,False
opioid_ed,85_114,high,3,event_burstiness,utilization_temporal,0.7398942499379075,0.736978107957982,0.742810391917833,True,False
opioid_ed,85_114,high,4,pgx_cpic_fraction,pgx,0.6573866366052143,0.6546917041493596,0.6600815690610692,True,False
opioid_ed,85_114,high,5,std_inter_event_days,utilization_temporal,0.4096300871109415,0.5066391680447208,0.3126210061771623,True,False
opioid_ed,85_114,high,6,recent90_event_count,utilization_temporal,0.3837350181099802,0.4892317251745144,0.278238311045446,True,False
opioid_ed,85_114,high,7,item_icd_M545,icd,0.2076931174903218,0.302416938158033,0.1129692968226106,True,False
opioid_ed,85_114,high,8,item_cpt_83036,cpt,0.1855509457215578,0.2863380376368392,0.0847638538062764,True,False
opioid_ed,85_114,high,9,item_cpt_81003,cpt,0.1658719320424133,0.2643571392711551,0.0673867248136714,True,False
opioid_ed,85_114,high,10,recent30_event_count,utilization_temporal,0.1608518278071637,0.235351054449049,0.0863526011652785,True,False
opioid_ed,85_114,high,11,item_cpt_71020,cpt,0.1497796084472709,0.2414833437707211,0.0580758731238207,True,False
opioid_ed,85_114,high,12,item_cpt_99214,cpt,0.1411364462976239,0.2038982262140189,0.0783746663812288,True,False
opioid_ed,85_114,high,13,item_cpt_20610,cpt,0.1352291880794091,0.2047205774529441,0.0657377987058742,True,False
opioid_ed,85_114,high,14,item_cpt_99283,cpt,0.129334913455303,0.2109585415736452,0.0477112853369607,True,False
opioid_ed,85_114,high,15,event_span_days,utilization_temporal,0.1288142549884673,0.1857245375187186,0.0719039724582161,True,False
opioid_ed,85_114,high,16,item_cpt_99217,cpt,0.1061223676899673,0.1772699234008018,0.0349748119791329,True,False
opioid_ed,85_114,high,17,recent30_event_fraction,utilization_temporal,0.103000008238736,0.1335356272803949,0.0724643891970772,True,False
opioid_ed,85_114,high,18,item_cpt_80048,cpt,0.0889759297250064,0.1535972559488739,0.0243546035011389,True,False
opioid_ed,85_114,high,19,item_icd_I10,icd,0.0725961898559824,0.1229348910554985,0.0222574886564663,True,False
opioid_ed,85_114,high,20,recent90_event_fraction,utilization_temporal,0.0606721095405467,0.0933466495453357,0.0279975695357578,True,False
opioid_ed,25_44,low,1,pgx_num_drugs,pgx,0.9999999991897764,0.999999999908616,0.9999999984709368,True,False
opioid_ed,25_44,low,2,item_drug_GABAPENTIN,drug,0.2137919270418593,0.222197773051447,0.2053860810322715,True,False
opioid_ed,25_44,low,3,pgx_num_cpic_drugs,pgx,0.0632574124800942,0.1165509513153447,0.0099638736448437,True,False
opioid_ed,25_44,low,4,item_drug_CLONAZEPAM,drug,0.0529446841186797,0.0688329322580549,0.0370564359793044,True,False
opioid_ed,25_44,low,5,item_drug_ALPRAZOLAM,drug,0.0392928732992075,0.0566075452456143,0.0219782013528007,True,False
opioid_ed,25_44,low,6,item_drug_AMOXICILLIN,drug,0.0316772384269666,0.0410691641655507,0.0222853126883826,True,False
opioid_ed,25_44,low,7,item_drug_AZITHROMYCIN,drug,0.030391250059929,0.0422954237376851,0.0184870763821729,True,False
opioid_ed,25_44,low,8,item_drug_BENZONATATE,drug,0.0286284918210175,0.0434939558503933,0.0137630277916418,True,False
opioid_ed,25_44,low,9,item_drug_OMEPRAZOLE,drug,0.019752627748593,0.0279040816685715,0.0116011738286144,True,False
opioid_ed,25_44,low,10,item_drug_CEPHALEXIN,drug,0.016482729817407,0.023391655105522,0.0095738045292919,True,False
opioid_ed,25_44,low,11,item_drug_DIAZEPAM,drug,0.0164745229108384,0.0256599577067589,0.007289088114918,True,False
opioid_ed,25_44,low,12,item_drug_IBUPROFEN,drug,0.015858057031617,0.0206514965574136,0.0110646175058204,True,False
opioid_ed,25_44,low,13,item_drug_LAMOTRIGINE,drug,0.0121307294888503,0.0194352169729365,0.0048262420047641,True,False
opioid_ed,25_44,low,14,item_drug_MIRTAZAPINE,drug,0.0108195739769379,0.0187847869195081,0.0028543610343677,True,False
opioid_ed,25_44,low,15,item_drug_RISPERIDONE,drug,0.0104277893432458,0.0179002207619903,0.0029553579245013,True,False
opioid_ed,25_44,low,16,item_drug_METHOCARBAMOL,drug,0.0103759369601276,0.0167756807623522,0.0039761931579029,True,False
opioid_ed,25_44,low,17,item_drug_TOPIRAMATE,drug,0.0096313455439809,0.0162968101055591,0.0029658809824027,True,False
opioid_ed,25_44,low,18,item_drug_ARIPIPRAZOLE,drug,0.0092325253473295,0.0152683499950632,0.0031967006995959,True,False
opioid_ed,25_44,low,19,item_drug_PREDNISONE,drug,0.0090900138167241,0.01182431060567,0.0063557170277783,True,False
opioid_ed,25_44,low,20,item_drug_KETOCONAZOLE,drug,0.008945092244347,0.0154502364209307,0.0024399480677633,True,False
opioid_ed,25_44,medium,1,pgx_num_drugs,pgx,0.9999999991928438,0.9999999999147507,0.9999999984709368,True,False
opioid_ed,25_44,medium,2,item_drug_GABAPENTIN,drug,0.2308262020513355,0.2398958701586024,0.2217565339440686,True,False
opioid_ed,25_44,medium,3,pgx_num_cpic_drugs,pgx,0.069405998864974,0.1278786195127097,0.0109333782172383,True,False
opioid_ed,25_44,medium,4,item_drug_CLONAZEPAM,drug,0.0577559321909811,0.0750825054617672,0.040429358920195,True,False
opioid_ed,25_44,medium,5,item_drug_ALPRAZOLAM,drug,0.0459463895378701,0.0661910976604308,0.0257016814153093,True,False
opioid_ed,25_44,medium,6,item_drug_AMOXICILLIN,drug,0.0371513367892466,0.0481638611223666,0.0261388124561266,True,False
opioid_ed,25_44,medium,7,item_drug_AZITHROMYCIN,drug,0.0351382025575683,0.0488990815670171,0.0213773235481196,True,False
opioid_ed,25_44,medium,8,item_drug_BENZONATATE,drug,0.0337412239527239,0.0512600388832523,0.0162224090221954,True,False
opioid_ed,25_44,medium,9,item_drug_OMEPRAZOLE,drug,0.0254043575887059,0.0358899294284058,0.0149187857490061,True,False
opioid_ed,25_44,medium,10,item_drug_CEPHALEXIN,drug,0.0203069801924229,0.0288187495169047,0.0117952108679411,True,False
opioid_ed,25_44,medium,11,item_drug_IBUPROFEN,drug,0.0198434181640213,0.0258421178810609,0.0138447184469818,True,False
opioid_ed,25_44,medium,12,item_drug_DIAZEPAM,drug,0.0190759910175904,0.0297098792709799,0.0084421027642008,True,False
opioid_ed,25_44,medium,13,item_drug_PREDNISONE,drug,0.0157388500007891,0.0204932543225738,0.0109844456790045,True,False
opioid_ed,25_44,medium,14,item_drug_LAMOTRIGINE,drug,0.0134313086579432,0.0215159229069912,0.0053466944088952,True,False
opioid_ed,25_44,medium,15,item_drug_METHOCARBAMOL,drug,0.0122274262084788,0.019767815147353,0.0046870372696046,True,False
opioid_ed,25_44,medium,16,item_drug_MIRTAZAPINE,drug,0.0119317766864176,0.0207137245614954,0.0031498288113398,True,False
opioid_ed,25_44,medium,17,item_drug_TOPIRAMATE,drug,0.0116078206038447,0.019640531712946,0.0035751094947434,True,False
opioid_ed,25_44,medium,18,item_drug_RISPERIDONE,drug,0.0115396441552256,0.0198066684743769,0.0032726198360744,True,False
opioid_ed,25_44,medium,19,item_drug_KETOCONAZOLE,drug,0.0109794673539058,0.0189638918938028,0.0029950428140088,True,False
opioid_ed,25_44,medium,20,item_drug_ARIPIPRAZOLE,drug,0.0108904707633623,0.0180090029476535,0.0037719385790712,True,False
opioid_ed,25_44,extreme,1,pgx_num_drugs,pgx,0.9999999991774786,0.9999999998840216,0.9999999984709356,True,False
opioid_ed,25_44,extreme,2,item_drug_GABAPENTIN,drug,0.740393609485324,0.7696333176498313,0.7111539013208166,True,False
opioid_ed,25_44,extreme,3,item_drug_CLONAZEPAM,drug,0.2129032393113119,0.2768943697322992,0.1489121088903246,True,False
opioid_ed,25_44,extreme,4,item_drug_OMEPRAZOLE,drug,0.1596753305143175,0.2257918470567858,0.0935588139718491,True,False
opioid_ed,25_44,extreme,5,item_drug_AMOXICILLIN,drug,0.1430128002624909,0.1855328839779432,0.1004927165470385,True,False
opioid_ed,25_44,extreme,6,item_drug_ALPRAZOLAM,drug,0.1404672469023129,0.2024288835313092,0.0785056102733166,True,False
opioid_ed,25_44,extreme,7,item_drug_BENZONATATE,drug,0.1328711019283142,0.2019495888897127,0.0637926149669156,True,False
opioid_ed,25_44,extreme,8,item_drug_PREDNISONE,drug,0.1010630389153466,0.1318477538927943,0.0702783239378988,True,False
opioid_ed,25_44,extreme,9,item_drug_CEPHALEXIN,drug,0.0907233834787464,0.1288806615154226,0.0525661054420702,True,False
opioid_ed,25_44,extreme,10,item_drug_AZITHROMYCIN,drug,0.0902540430259444,0.125651991942365,0.0548560941095238,True,False
opioid_ed,25_44,extreme,11,item_drug_IBUPROFEN,drug,0.0891673027190828,0.1162803000125652,0.0620543054256004,True,False
opioid_ed,25_44,extreme,12,item_drug_DIAZEPAM,drug,0.077297498467792,0.1204723398841012,0.0341226570514828,True,False
opioid_ed,25_44,extreme,13,item_drug_TOPIRAMATE,drug,0.0684776027123527,0.1159643705225137,0.0209908349021916,True,False
opioid_ed,25_44,extreme,14,item_drug_BACLOFEN,drug,0.0645160071441188,0.1089168257431958,0.0201151885450418,True,False
opioid_ed,25_44,extreme,15,pgx_num_cpic_drugs,pgx,0.0604617600354044,0.1113937455988205,0.0095297744719883,True,False
opioid_ed,25_44,extreme,16,item_drug_LYRICA,drug,0.0570090957122748,0.0979225799620828,0.0160956114624668,True,False
opioid_ed,25_44,extreme,17,item_drug_ARIPIPRAZOLE,drug,0.0567093959445446,0.0938722294032403,0.0195465624858489,True,False
opioid_ed,25_44,extreme,18,item_drug_FLUCONAZOLE,drug,0.0549598192994615,0.0844418580034496,0.0254777805954734,True,False
opioid_ed,25_44,extreme,19,item_drug_LORAZEPAM,drug,0.0500374665950324,0.0806620272796296,0.0194129059104352,True,False
opioid_ed,25_44,extreme,20,item_drug_MIRTAZAPINE,drug,0.0499698347803187,0.086801045000882,0.0131386245597554,True,False
opioid_ed,25_44,high,1,pgx_num_drugs,pgx,0.9999999991898324,0.9999999999087288,0.999999998470936,True,False
opioid_ed,25_44,high,2,item_drug_GABAPENTIN,drug,0.2979917257913667,0.3097116952623964,0.286271756320337,True,False
opioid_ed,25_44,high,3,item_drug_CLONAZEPAM,drug,0.0819232459575805,0.106512700229196,0.0573337916859649,True,False
opioid_ed,25_44,high,4,item_drug_ALPRAZOLAM,drug,0.0690089174221601,0.0994289328344664,0.0385889020098537,True,False
opioid_ed,25_44,high,5,pgx_num_cpic_drugs,pgx,0.068652195068176,0.1264881146352354,0.0108162755011166,True,False
opioid_ed,25_44,high,6,item_drug_AMOXICILLIN,drug,0.0630367646399991,0.0817491797360079,0.0443243495439903,True,False
opioid_ed,25_44,high,7,item_drug_BENZONATATE,drug,0.0563112209929063,0.0855660538932488,0.0270563880925638,True,False
opioid_ed,25_44,high,8,item_drug_AZITHROMYCIN,drug,0.0505567573369493,0.0703675942285152,0.0307459204453834,True,False
opioid_ed,25_44,high,9,item_drug_OMEPRAZOLE,drug,0.0458137972379091,0.0647501133446427,0.0268774811311754,True,False
opioid_ed,25_44,high,10,item_drug_IBUPROFEN,drug,0.0400297800932639,0.0521733966324205,0.0278861635541074,True,False
opioid_ed,25_44,high,11,item_drug_CEPHALEXIN,drug,0.0383606041090535,0.0544696620459064,0.0222515461722005,True,False
opioid_ed,25_44,high,12,item_drug_PREDNISONE,drug,0.0355952918499778,0.0464027906110675,0.0247877930888881,True,False
opioid_ed,25_44,high,13,item_drug_DIAZEPAM,drug,0.0306083292519472,0.0476846386323732,0.0135320198715213,True,False
opioid_ed,25_44,high,14,item_drug_TOPIRAMATE,drug,0.0221399707927745,0.0374772258756465,0.0068027157099026,True,False
opioid_ed,25_44,high,15,item_drug_FLUCONAZOLE,drug,0.0208942124912958,0.0320807214817685,0.009707703500823,True,False
opioid_ed,25_44,high,16,item_drug_METHOCARBAMOL,drug,0.019387173151073,0.0313541023092362,0.0074202439929097,True,False
opioid_ed,25_44,high,17,item_drug_LAMOTRIGINE,drug,0.0192952637798205,0.0309169704936294,0.0076735570660117,True,False
opioid_ed,25_44,high,18,item_drug_MIRTAZAPINE,drug,0.0177152627118101,0.0307598504137795,0.0046706750098407,True,False
opioid_ed,25_44,high,19,item_drug_KETOCONAZOLE,drug,0.0173561462134736,0.0299857508820305,0.0047265415449167,True,False
opioid_ed,25_44,high,20,item_drug_ARIPIPRAZOLE,drug,0.016442539904378,0.0271984685631414,0.0056866112456147,True,False
