feature,scaled_importance_mean,scaled_importance_std,scaled_importance_count,importance_mean,importance_std,recall_mean,logloss_mean
item_H0020,0.07081191747382505,0.0026973431231686784,25,0.10386296515062017,0.0037030342950406733,0.681741592920354,0.16649919005294486
item_80307,0.056377930154880324,0.0023733667111934674,25,0.0827028942705257,0.003587694214042344,0.681741592920354,0.16649919005294486
item_S0109,0.024201516917656787,0.0025211677866563004,25,0.035501476668635575,0.0037011683322708596,0.681741592920354,0.16649919005294486
item_SUBOXONE,0.02218971987726661,0.0020440530798114874,25,0.03255286473715297,0.0030484926605886093,0.681741592920354,0.16649919005294486
item_G0483,0.015013566533722919,0.0012981616944541083,25,0.022020082693443577,0.001867231773109456,0.681741592920354,0.16649919005294486
item_80305,0.007575376798791487,0.0013058574239752088,25,0.011113998818665096,0.0019296904741185484,0.681741592920354,0.16649919005294486
item_Z79899,0.006913687071700763,0.0008904036368261358,25,0.010140578854105149,0.0013002199405441968,0.681741592920354,0.16649919005294486
item_BUPRENORPHINE HCL/NALOXON,0.004616260395485851,0.0009166325828410718,25,0.006771411695215615,0.0013450800520032093,0.681741592920354,0.16649919005294486
item_99396,0.0034742720938377076,0.0010138741273364971,25,0.005093916125221485,0.001480726851201162,0.681741592920354,0.16649919005294486
item_G9012,0.003104514685665604,0.0010083665172222873,25,0.00455995274660367,0.0015055262566533321,0.681741592920354,0.16649919005294486
item_99213,0.0029714675211307256,0.0016579925547371538,25,0.004352037802717055,0.0024202185994619285,0.681741592920354,0.16649919005294486
item_GABAPENTIN,0.002855287728230254,0.0009725834596335086,25,0.004186650915534567,0.0014213214966967277,0.681741592920354,0.16649919005294486
item_NARCAN,0.0028509504518867373,0.0010957682703385896,25,0.004177200236266981,0.001594393711422682,0.681741592920354,0.16649919005294486
item_G0481,0.0028477506024285424,0.0008766187394092761,25,0.004172474896633211,0.0012676297891101248,0.681741592920354,0.16649919005294486
item_90853,0.0026906585680757126,0.0008529136112046787,25,0.003945658594211432,0.0012441462711541248,0.681741592920354,0.16649919005294486
item_87522,0.0024451918101082606,0.0006281982793442309,25,0.0035865327820437188,0.0009200518601895022,0.681741592920354,0.16649919005294486
item_G0463,0.0021449044216424614,0.0009841298534422657,25,0.0031423508564677903,0.0014306676215463492,0.681741592920354,0.16649919005294486
item_99214,0.0021244926271110996,0.0013877287719155482,25,0.0031139988186650713,0.002031838806503468,0.681741592920354,0.16649919005294486
item_90792,0.0020384078114464017,0.0005784086244049629,25,0.0029911399881866487,0.000852364040522032,0.681741592920354,0.16649919005294486
item_QUETIAPINE FUMARATE,0.0018641071773936443,0.0007130527287511387,25,0.0027312463083284167,0.001035112764187333,0.681741592920354,0.16649919005294486
item_F1121,0.001756315907772245,0.0006380369877382891,25,0.0025753101004134704,0.0009333044216964951,0.681741592920354,0.16649919005294486
item_Z79891,0.0017198580307251643,0.0008183610339397531,25,0.0025186060248080368,0.001193927761914643,0.681741592920354,0.16649919005294486
item_A9270,0.0016890404528798902,0.0007819497109839309,25,0.002476077968103949,0.001143049629777562,0.681741592920354,0.16649919005294486
item_B182,0.0015559330716275732,0.0004761453551638529,25,0.0022823390431187195,0.0007003167494126142,0.681741592920354,0.16649919005294486
item_90471,0.0015517881542426212,0.0006737021655382628,25,0.0022728883638511643,0.0009784895618392356,0.681741592920354,0.16649919005294486
item_G0444,0.0015074218149694902,0.0004522058328348082,25,0.0022114589486119172,0.0006643542967974205,0.681741592920354,0.16649919005294486
item_G0482,0.0015043975976038668,0.0007087295103904534,25,0.0022067336089781307,0.001040379863263046,0.681741592920354,0.16649919005294486
item_90791,0.0014895742489898552,0.0006792638614762879,25,0.002183106910809216,0.000993726679022472,0.681741592920354,0.16649919005294486
item_J0574,0.0014625821053897059,0.0005911329720021708,25,0.0021453041937389197,0.0008712294893085674,0.681741592920354,0.16649919005294486
item_F1123,0.001460063039376078,0.0005697634621793312,25,0.002140578854105124,0.0008334622665644028,0.681741592920354,0.16649919005294486
item_F1110,0.0013461999174110902,0.0003185898117014624,25,0.001975191966922609,0.0004694722626560793,0.681741592920354,0.16649919005294486
item_99284,0.0013005272099064949,0.0010227910366200097,25,0.0019043118724158426,0.001497129364375404,0.681741592920354,0.16649919005294486
item_TRAZODONE HYDROCHLORIDE,0.0012114767209070077,0.0008444451609618939,25,0.0017767277023035932,0.0012326330197737555,0.681741592920354,0.16649919005294486
item_CLONAZEPAM,0.001179215614529383,0.0007205132404166188,25,0.0017294743059657546,0.001056001523378014,0.681741592920354,0.16649919005294486
item_77067,0.0011729698027797804,0.0007467929360677951,25,0.001720023626698146,0.0010955673870179994,0.681741592920354,0.16649919005294486
item_86592,0.0011706029512464273,0.000613136765743058,25,0.001715298287064404,0.0008971666349647087,0.681741592920354,0.16649919005294486
item_80053,0.0011446294737832547,0.0009853923589459859,25,0.0016774955699940986,0.001442406214403811,0.681741592920354,0.16649919005294486
item_99204,0.0011401082019141717,0.0009199323717654636,25,0.0016680448907265078,0.0013423104713188015,0.681741592920354,0.16649919005294486
item_82075,0.0011366440679738076,0.000439308888500437,25,0.00166804489072653,0.0006473312884594091,0.681741592920354,0.16649919005294486
item_G894,0.0011178045988427118,0.0006933215147020605,25,0.0016396928529238063,0.0010129674176356212,0.681741592920354,0.16649919005294486
item_H0005,0.0011031736091872376,0.0005163019209876213,25,0.0016160661547548827,0.0007515803339341956,0.681741592920354,0.16649919005294486
item_ZUBSOLV,0.0010273540711623526,0.0002577963596780018,25,0.0015073833431777795,0.00038017454673242067,0.681741592920354,0.16649919005294486
item_G0008,0.0009941512422311657,0.0008447188228044289,25,0.0014554046072061588,0.0012341605050740056,0.681741592920354,0.16649919005294486
item_90837,0.0009870439968846225,0.0004629241502728812,25,0.0014459539279385724,0.0006737062288274377,0.681741592920354,0.16649919005294486
item_99429,0.0009407390138467189,0.00036927387427787366,25,0.001379799173065579,0.0005410548271694037,0.681741592920354,0.16649919005294486
item_CLONIDINE HYDROCHLORIDE,0.0009371393922920489,0.0005357769117884389,25,0.0013750738334317746,0.000785002750353296,0.681741592920354,0.16649919005294486
item_96127,0.0009293530361875261,0.0006572134144574494,25,0.0013608978145304151,0.0009603993673771013,0.681741592920354,0.16649919005294486
item_Q9967,0.0008842473694389705,0.0006074589046062864,25,0.0012947430596574128,0.0008895904197351359,0.681741592920354,0.16649919005294486
item_G0439,0.0008390379961214636,0.0007468206070382683,25,0.0012285883047844148,0.001093931433990094,0.681741592920354,0.16649919005294486
item_99283,0.0008125242408877763,0.000889813455440396,25,0.001190785587714114,0.0013074625678902185,0.681741592920354,0.16649919005294486
item_H0004,0.0007750794787490409,0.0004813234001064781,25,0.001138806851742471,0.0007127931152893445,0.681741592920354,0.16649919005294486
item_88175,0.0007601423874464843,0.0003307362000633396,25,0.001115180153573534,0.0004847793155034493,0.681741592920354,0.16649919005294486
item_80353,0.0007568739578378495,0.0003779642945922955,25,0.0011104548139397607,0.0005540951872207101,0.681741592920354,0.16649919005294486
item_F1020,0.0007506850174325272,0.000436808529075977,25,0.0011010041346721745,0.0006413752880381733,0.681741592920354,0.16649919005294486
item_B1920,0.0007353648808994886,0.0005035919772696046,25,0.0010773774365032507,0.0007356280388457734,0.681741592920354,0.16649919005294486
item_99244,0.0007089046516368922,0.0002188675007444013,25,0.0010395747194329762,0.00031990700549856604,0.681741592920354,0.16649919005294486
item_90832,0.0007004743111928949,0.0005761273531763966,25,0.0010253987005316124,0.0008455145511417435,0.681741592920354,0.16649919005294486
item_99221,0.0006957807526044298,0.0004295937280582242,25,0.0010206733608978213,0.0006296267560473762,0.681741592920354,0.16649919005294486
item_BUPRENORPHINE HYDROCHLORI,0.0006551160687683233,0.0005819698220838664,25,0.0009592439456585877,0.0008534548575034638,0.681741592920354,0.16649919005294486
item_80367,0.000654232890245622,0.00047298269934956593,25,0.0009592439456585922,0.0006924678506675887,0.681741592920354,0.16649919005294486
item_99282,0.0006381416451918046,0.0005474626575872702,25,0.0009356172474896551,0.000801162255419946,0.681741592920354,0.16649919005294486
item_VENTOLIN HFA,0.0006335819015310401,0.0006297791566359901,25,0.0009261665682221043,0.0009192931378359126,0.681741592920354,0.16649919005294486
item_G8929,0.0006300508601268073,0.000585514261329627,25,0.0009214412285883,0.0008566375238356725,0.681741592920354,0.16649919005294486
item_M545,0.0006287495099551018,0.0006540377112662526,25,0.0009214412285883089,0.0009597210164956832,0.681741592920354,0.16649919005294486
item_J449,0.0006178402479757959,0.0005544666278876713,25,0.0009025398700531717,0.0008061979670477244,0.681741592920354,0.16649919005294486
item_99203,0.0006136668949187085,0.0006419490104079763,25,0.0008978145304193985,0.000940132812468066,0.681741592920354,0.16649919005294486
item_96375,0.0006133591205850268,0.0006522814107846101,25,0.0008978145304193808,0.0009542524761608625,0.681741592920354,0.16649919005294486
item_99215,0.0006025820008467925,0.0007477609568785368,25,0.0008836385115180079,0.0010939952182199735,0.681741592920354,0.16649919005294486
item_DOXEPIN HYDROCHLORIDE,0.000600205113193836,0.0003781250291915011,25,0.0008789131718842258,0.0005541791346777837,0.681741592920354,0.16649919005294486
item_R079,0.0005512338677218595,0.0006264821368951357,25,0.0008080330773774458,0.0009167595282947239,0.681741592920354,0.16649919005294486
item_Z1231,0.0005494206754517622,0.0005451148960045324,25,0.0008033077377436593,0.0007946617865962308,0.681741592920354,0.16649919005294486
item_87521,0.0005480106006513054,0.00037928707756693477,25,0.0008033077377436549,0.0005551436180299946,0.681741592920354,0.16649919005294486
item_99238,0.0005447956970137315,0.0004231731010017878,25,0.0007985823981098639,0.000618821068101993,0.681741592920354,0.16649919005294486
item_OXYCODONE HYDROCHLORIDE,0.0005326185385946315,0.0006077673687222559,25,0.0007796810395747222,0.0008899302524110526,0.681741592920354,0.16649919005294486
item_Z01419,0.0005149867491858699,0.00037043623944711386,25,0.0007560543414057852,0.0005456352219157769,0.681741592920354,0.16649919005294486
item_99231,0.0005064627382924885,0.0005471413076324554,25,0.0007418783225044124,0.0008001454963417589,0.681741592920354,0.16649919005294486
item_F17210,0.0004993822559315121,0.0004473458485564141,25,0.0007324276432368704,0.0006559689406953106,0.681741592920354,0.16649919005294486
item_99243,0.000496429964089521,0.00019212217655092614,25,0.0007277023036030883,0.00028055149644508874,0.681741592920354,0.16649919005294486
item_E291,0.0004931029904500132,0.0003676416726078619,25,0.0007229769639692974,0.0005384693321550222,0.681741592920354,0.16649919005294486
item_M47816,0.00047449267938256726,0.0004153945353434306,25,0.0006946249261665649,0.0006074788153288223,0.681741592920354,0.16649919005294486
item_F1420,0.0004350323298956149,0.00028312478232032706,25,0.0006379208505611356,0.0004148711853850349,0.681741592920354,0.16649919005294486
item_TRUE METRIX SELF MONITORI,0.0004226728486375446,0.0002990412624699024,25,0.0006190194920259895,0.0004370939161252122,0.681741592920354,0.16649919005294486
item_J441,0.0004127889435415906,0.0003512007452295115,25,0.0006048434731246166,0.0005141634940655664,0.681741592920354,0.16649919005294486
item_87389,0.00039978213257086553,0.00043444856629005026,25,0.0005859421145894838,0.0006366069030269223,0.681741592920354,0.16649919005294486
item_80348,0.0003970489626729696,0.0006434244657049494,25,0.000581216774955724,0.0009413195995753043,0.681741592920354,0.16649919005294486
item_99233,0.00039407325321862195,0.0005591467129984867,25,0.0005764914353219242,0.0008193901067388036,0.681741592920354,0.16649919005294486
item_99406,0.00039281372021180496,0.0003614314441833411,25,0.0005764914353219153,0.0005319506188002051,0.681741592920354,0.16649919005294486
item_NALTREXONE HCL,0.000392591252894536,0.0002732824954700925,25,0.0005764914353219197,0.0004010743650801011,0.681741592920354,0.16649919005294486
item_G8419,0.0003869358995133533,0.00048210568874343705,25,0.0005670407560543423,0.0007063355430065775,0.681741592920354,0.16649919005294486
item_Z5181,0.0003833981673627425,0.00041539724906536216,25,0.0005623154164205468,0.0006093520435218744,0.681741592920354,0.16649919005294486
item_OMEPRAZOLE,0.0003820466365931589,0.0006480521346802873,25,0.0005623154164205601,0.0009532038065499536,0.681741592920354,0.16649919005294486
item_72100,0.00038059641731439124,0.00046441205745260147,25,0.0005575900767867603,0.000680781076631961,0.681741592920354,0.16649919005294486
item_97110,0.00037716740979254357,0.00041843313328599515,25,0.000552864737152996,0.0006135743279816775,0.681741592920354,0.16649919005294486
item_F1910,0.0003702659048973151,0.00036938870548691255,25,0.0005434140578854141,0.0005413556639050012,0.681741592920354,0.16649919005294486
item_92014,0.00035733771019658546,0.00044623550330486443,25,0.0005245126993502547,0.0006551529041603421,0.681741592920354,0.16649919005294486
item_R1084,0.00035220423503335216,0.0005784414829000035,25,0.0005150620200826594,0.0008456245797128634,0.681741592920354,0.16649919005294486
item_METHADONE HCL,0.00034829349377184764,0.00022226986313375464,25,0.0005103366804488952,0.00032481339834299674,0.681741592920354,0.16649919005294486
item_R0602,0.00034704734225780783,0.0005721607742651957,25,0.0005056113408151131,0.0008356918225213832,0.681741592920354,0.16649919005294486
item_G0103,0.0003329516123130608,0.0003995681514718135,25,0.00048670998227997144,0.0005840543363035633,0.681741592920354,0.16649919005294486
item_R634,0.0003302535688336573,0.0004947457649596054,25,0.00048198464264617605,0.0007209369909999402,0.681741592920354,0.16649919005294486
item_TIZANIDINE HCL,0.0003286377535818948,0.0002659916021203499,25,0.00048198464264618044,0.0003901983358514651,0.681741592920354,0.16649919005294486
item_80362,0.00032839521402547355,0.00029542839372763267,25,0.0004819846426461849,0.000433942975040958,0.681741592920354,0.16649919005294486
item_87624,0.00032631606458661947,0.0003615557645780069,25,0.00047725930301241616,0.0005266333959907322,0.681741592920354,0.16649919005294486
item_F1010,0.00032227652645719644,0.000327874159300232,25,0.0004725339633786163,0.0004798605082478466,0.681741592920354,0.16649919005294486
item_OXYCODONE/ACETAMINOPHEN,0.00031587013679440225,0.0006455727146713675,25,0.0004630832841110477,0.0009450187031874923,0.681741592920354,0.16649919005294486
item_80324,0.00031583166500268137,0.00029689595025039414,25,0.00046308328411102993,0.00043528090438892624,0.681741592920354,0.16649919005294486
item_80360,0.00031541182066707773,0.0003714817554369484,25,0.00046308328411102993,0.0005455499597507154,0.681741592920354,0.16649919005294486
item_99386,0.00030957581713353285,0.0003106957827009063,25,0.00045363260484346577,0.0004545709596601925,0.681741592920354,0.16649919005294486
item_97014,0.0003029001249287838,0.00023776519620474223,25,0.0004441819255759061,0.0003482434252329037,0.681741592920354,0.16649919005294486
item_77063,0.0003024869713395673,0.0004672649845526255,25,0.0004441819255759105,0.0006865307602976242,0.681741592920354,0.16649919005294486
item_VITAMIN D,0.0003006018535458407,0.0003260846408598721,25,0.000439456585942124,0.00047684585164704135,0.681741592920354,0.16649919005294486
item_G0009,0.0002969503787066906,0.00034191831553934853,25,0.00043473124630831526,0.0005020325897430693,0.681741592920354,0.16649919005294486
item_ONDANSETRON HYDROCHLORIDE,0.00029322530565735477,0.0004562945716213093,25,0.00043000590667456427,0.0006690292205982456,0.681741592920354,0.16649919005294486
item_F419,0.00029093037964757944,0.0004488901989568416,25,0.0004252805670407467,0.0006586229054411423,0.681741592920354,0.16649919005294486
item_CITALOPRAM HYDROBROMIDE,0.00029022450590405764,0.00040996697684171624,25,0.0004252805670407511,0.0006004312140963486,0.681741592920354,0.16649919005294486
item_98941,0.00027696010119754083,0.00017068160859188088,25,0.00040637920850561393,0.0002507845375560515,0.681741592920354,0.16649919005294486
item_IBUPROFEN,0.0002726111160478671,0.0005528727101063116,25,0.00039692852923804977,0.0008069189068364547,0.681741592920354,0.16649919005294486
item_G0467,0.0002717195740921829,0.0004732075477713056,25,0.00039692852923804977,0.0006929379350891438,0.681741592920354,0.16649919005294486
item_SUPREP BOWEL PREP KIT,0.0002708999576601279,0.0001821368255382907,25,0.00039692852923804977,0.0002660845978582739,0.681741592920354,0.16649919005294486
item_I10,0.0002683808916464997,0.0009208393081383688,25,0.0003922031896042544,0.0013476713646607239,0.681741592920354,0.16649919005294486
item_99205,0.0002648230872567304,0.00047042081827462393,25,0.0003874778499704501,0.0006892695232510803,0.681741592920354,0.16649919005294486
item_TIZANIDINE HYDROCHLORIDE,0.00026150782242341286,0.0004901647332973287,25,0.00038275251033668576,0.0007155613807871339,0.681741592920354,0.16649919005294486
item_Z0000,0.00025571698142795184,0.00047279214010450215,25,0.0003733018310691083,0.0006910893354563252,0.681741592920354,0.16649919005294486
item_88142,0.00025480871260631627,0.00019303270011195123,25,0.00037330183106912165,0.00028261652870246887,0.681741592920354,0.16649919005294486
item_PENICILLIN V POTASSIUM,0.00025448253872008134,0.000257222082095189,25,0.0003733018310691083,0.00037771940612310226,0.681741592920354,0.16649919005294486
item_FLUOXETINE HYDROCHLORIDE,0.00025422494498428657,0.000342047287125319,25,0.0003733018310690994,0.0005019862575395808,0.681741592920354,0.16649919005294486
item_87340,0.000252072197335198,0.00043931905195592196,25,0.00036857649143531737,0.000642824234396356,0.681741592920354,0.16649919005294486
item_M542,0.00024919517639003747,0.00046682923010777863,25,0.0003638511518015486,0.0006819758195814182,0.681741592920354,0.16649919005294486
item_99051,0.00024804604069856147,0.00020667708586205287,25,0.00036385115180154415,0.00030295348506269824,0.681741592920354,0.16649919005294486
item_ACETAMINOPHEN/CODEINE,0.00024516232900699254,0.0002522693969379892,25,0.00035912581216773987,0.00036962759237240333,0.681741592920354,0.16649919005294486
item_M5417,0.0002444096200387819,0.0003634678877654834,25,0.0003591258121677443,0.0005343065175913137,0.681741592920354,0.16649919005294486
item_SULFAMETHOXAZOLE/TRIMETHO,0.00024276035105509552,0.0005318799552762006,25,0.0003544004725339578,0.0007739021069908835,0.681741592920354,0.16649919005294486
item_G9902,0.00023581368362178033,0.0003110762620047525,25,0.00034494979326638476,0.0004548778603092937,0.681741592920354,0.16649919005294486
item_F1220,0.00023543063839128936,0.00035190291939687473,25,0.00034494979326638476,0.000513710925107117,0.681741592920354,0.16649919005294486
item_80365,0.0002311686329445974,0.0004246646979381446,25,0.00034022445363258937,0.0006263303551948669,0.681741592920354,0.16649919005294486
item_F1320,0.00022585450762901404,0.0002867771516424595,25,0.0003307737743650252,0.00042044017531132417,0.681741592920354,0.16649919005294486
item_87902,0.00022251917055652896,0.00029268087671012114,25,0.0003260484347312387,0.0004290376797952712,0.681741592920354,0.16649919005294486
item_CLINDAMYCIN HYDROCHLORIDE,0.0002219588205468588,0.00037865956151608807,25,0.0003260484347312387,0.0005575266682004122,0.681741592920354,0.16649919005294486
item_E1169,0.00021944811796621673,0.0002953358354786915,25,0.00032132309509745214,0.0004334066468480622,0.681741592920354,0.16649919005294486
item_OLANZAPINE,0.00021555410357066657,0.0002526590772398726,25,0.000316597755463679,0.0003715731793529707,0.681741592920354,0.16649919005294486
item_TRIAMCINOLONE ACETONIDE,0.00021546210580788487,0.0003566274066239768,25,0.000316597755463679,0.0005235770848606,0.681741592920354,0.16649919005294486
item_80354,0.00020679591655384415,0.0003629755798664967,25,0.00030242173656231053,0.0005316882078894808,0.681741592920354,0.16649919005294486
item_T401X1A,0.0002064647246078361,0.00021022800851747228,25,0.0003024217365623194,0.0003070713402619618,0.681741592920354,0.16649919005294486
item_M47817,0.0002054544219038337,0.0002493600953705939,25,0.0003024217365623194,0.00036583254736449386,0.681741592920354,0.16649919005294486
item_AMITRIPTYLINE HCL,0.0002029955726076686,0.00040459317089680915,25,0.00029769639692853287,0.0005937309804195406,0.681741592920354,0.16649919005294486
item_99407,0.0001997505606113692,0.0003110936719829972,25,0.00029297105729474636,0.00045513345276657134,0.681741592920354,0.16649919005294486
item_99220,0.00019967528971454176,0.00034260490889018993,25,0.0002929710572947375,0.0005036515316741438,0.681741592920354,0.16649919005294486
item_84295,0.00019742887161608772,0.0003973169484064961,25,0.0002882457176609732,0.0005808196595390393,0.681741592920354,0.16649919005294486
item_87880,0.00019686684891982148,0.0003925954555282746,25,0.0002882457176609732,0.0005737689046464903,0.681741592920354,0.16649919005294486
item_METHOCARBAMOL,0.00019664772697572334,0.00040961011178971814,25,0.00028824571766094653,0.0006014762171611894,0.681741592920354,0.16649919005294486
item_82570,0.00019513561829292365,0.0005100829836129461,25,0.00028352037802717775,0.0007455836278307394,0.681741592920354,0.16649919005294486
item_F331,0.0001938125231954604,0.0003615831597173685,25,0.00028352037802717336,0.0005305057525224556,0.681741592920354,0.16649919005294486
item_73502,0.00019284905571614688,0.0003910268739550577,25,0.00028352037802717336,0.0005747005126728206,0.681741592920354,0.16649919005294486
item_J1885,0.00018382491153056156,0.00042317361055455634,25,0.0002693443591258138,0.0006199851489337169,0.681741592920354,0.16649919005294486
item_J0572,0.000183298015252815,0.00023953465629365445,25,0.0002693443591258182,0.0003519637963309091,0.681741592920354,0.16649919005294486
item_99222,0.0001832076901766203,0.0005788389782444661,25,0.0002693443591258049,0.0008501782078673842,0.681741592920354,0.16649919005294486
item_92004,0.0001779838899372256,0.000328549802508695,25,0.0002598936798582452,0.0004798605082478439,0.681741592920354,0.16649919005294486
item_84153,0.00017768949709632122,0.0002768012262028175,25,0.00025989367985824075,0.0004063746296623389,0.681741592920354,0.16649919005294486
item_J1071,0.00017727132544731662,0.00023457463951906545,25,0.0002598936798582452,0.00034441535114266745,0.681741592920354,0.16649919005294486
item_K047,0.00017693344275491543,0.0002101055200419638,25,0.00025989367985824075,0.0003088085674612785,0.681741592920354,0.16649919005294486
item_EVZIO,0.00017431401554552845,0.00020794800169997456,25,0.0002551683402244498,0.0003044087117950377,0.681741592920354,0.16649919005294486
item_Z23,0.00017203247102854567,0.0005469891861051818,25,0.0002504430005906677,0.0008014525210921031,0.681741592920354,0.16649919005294486
item_R600,0.0001706357777208692,0.00025670258706307815,25,0.00025044300059068103,0.0003771647970214249,0.681741592920354,0.16649919005294486
item_K0889,0.00017060734204873065,0.00023898525218864794,25,0.00025044300059067214,0.0003499756588132479,0.681741592920354,0.16649919005294486
item_80373,0.00016157985248995633,0.0002906451779961628,25,0.00023626698168931703,0.0004245689831235903,0.681741592920354,0.16649919005294486
item_FLUCELVAX QUADRIVALENT 20,0.00016134233099332606,0.0002884393533933615,25,0.00023626698168932592,0.0004218209349404998,0.681741592920354,0.16649919005294486
item_G8420,0.0001604273714252883,0.00028320362031804405,25,0.00023626698168931258,0.0004176649623074691,0.681741592920354,0.16649919005294486
item_J324,0.00015818764407319713,0.0001984034252697154,25,0.0002315416420555172,0.0002903297277600515,0.681741592920354,0.16649919005294486
item_ACAMPROSATE CALCIUM DR,0.00015815419034128256,0.0002115114072861873,25,0.00023154164205552608,0.0003097110785939922,0.681741592920354,0.16649919005294486
item_AMLODIPINE BESYLATE,0.00015524371566419235,0.0002575916098703923,25,0.000226816302421744,0.0003765476066275134,0.681741592920354,0.16649919005294486
item_ARIPIPRAZOLE,0.00015458300445875424,0.00027115601831091614,25,0.0002268163024217351,0.0003975796045983289,0.681741592920354,0.16649919005294486
item_82274,0.00014514068862416435,0.00018885999353931526,25,0.00021264028352038,0.00027704759361036696,0.681741592920354,0.16649919005294486
item_B86,0.00014507210847372403,0.00022917211419981644,25,0.00021264028352037555,0.0003358677320187387,0.681741592920354,0.16649919005294486
item_F314,0.00014455190294235856,0.00022793206101451896,25,0.00021264028352037555,0.00033586773201874033,0.681741592920354,0.16649919005294486
item_CHLORHEXIDINE GLUCONATE,0.00014212985275131225,0.00029746184652121104,25,0.0002079149438865979,0.0004357615533470261,0.681741592920354,0.16649919005294486
item_METFORMIN HYDROCHLORIDE E,0.00014189902200105998,0.0003305377220081531,25,0.0002079149438865979,0.00048621655350873335,0.681741592920354,0.16649919005294486
item_F4312,0.0001385486307492077,0.00019800061952926428,25,0.00020318960425280697,0.00029040982976951123,0.681741592920354,0.16649919005294486
item_SIMVASTATIN,0.00013850514089770786,0.00017335261732012505,25,0.00020318960425280252,0.00025410144996890373,0.681741592920354,0.16649919005294486
item_72141,0.00013609647219942368,0.0003327113841963793,25,0.00019846426461901602,0.0004867424774629198,0.681741592920354,0.16649919005294486
item_73110,0.00013574688070085029,0.0003031169907519905,25,0.00019846426461901157,0.0004429612110868854,0.681741592920354,0.16649919005294486
item_80366,0.00013526514696119349,0.0002523544982239416,25,0.00019846426461901157,0.000370004956015726,0.681741592920354,0.16649919005294486
item_M461,0.00013216565869874874,0.00020239740731084867,25,0.00019373892498522505,0.0002970612988783904,0.681741592920354,0.16649919005294486
item_R110,0.00013184115749912483,0.00023440280682049305,25,0.00019373892498523394,0.0003442126942547785,0.681741592920354,0.16649919005294486
item_82043,0.0001289858814796975,0.00029695310175728866,25,0.00018901358535144296,0.00043405016115472136,0.681741592920354,0.16649919005294486
item_80306,0.00012868312520582513,0.0003108368994714841,25,0.0001890135853514563,0.0004562563585846193,0.681741592920354,0.16649919005294486
item_M549,0.00012617242262518005,0.0002812479027314483,25,0.00018428824571766533,0.00041217134422145193,0.681741592920354,0.16649919005294486
item_M25552,0.0001253243705209896,0.00036389123068108125,25,0.00018428824571766088,0.000536044952370397,0.681741592920354,0.16649919005294486
item_CEPHALEXIN,0.00012188365419296064,0.0003976776379489912,25,0.00017956290608388324,0.0005868353739696974,0.681741592920354,0.16649919005294486
item_86803,0.00011987977565091287,0.00032959199567422634,25,0.0001748375664500923,0.000481215775646169,0.681741592920354,0.16649919005294486
item_MIRTAZAPINE,0.00011955192907808783,0.0005714645319683288,25,0.00017483756645008785,0.0008368043728675682,0.681741592920354,0.16649919005294486
item_MELOXICAM,0.00011632197126116179,0.0002976818585444948,25,0.00017011222681631466,0.0004354945916400725,0.681741592920354,0.16649919005294486
item_93306,0.00011619819245304337,0.0002292790987820285,25,0.0001701122268162969,0.00033600620563089894,0.681741592920354,0.16649919005294486
item_J7620,0.00011591216304512219,0.00022174205431841964,25,0.0001701122268162969,0.0003254572312806995,0.681741592920354,0.16649919005294486
item_E039,0.00011571478602679663,0.0002190498560289174,25,0.00017011222681630577,0.0003218640848500943,0.681741592920354,0.16649919005294486
item_L02413,0.00011291470866504132,0.00021848744584774152,25,0.00016538688718251927,0.0003199070054985634,0.681741592920354,0.16649919005294486
item_PROGESTERONE,0.00011267049642202693,0.00010655599150346777,25,0.00016538688718252813,0.00015627591914145193,0.681741592920354,0.16649919005294486
item_J7030,0.00011248482820986453,0.0003852380664224058,25,0.0001653868871825237,0.000565521032342796,0.681741592920354,0.16649919005294486
item_95913,0.0001102668457835248,0.0002412390244137861,25,0.00016066154754873274,0.0003525580513581226,0.681741592920354,0.16649919005294486
item_R748,0.00010975667637173549,0.00010384030167412274,25,0.00016066154754873274,0.00015205146348736142,0.681741592920354,0.16649919005294486
item_HYDROCODONE POLISTIREX/CH,0.00010952751830808238,0.00012068374442973573,25,0.00016066154754873718,0.00017680601945772487,0.681741592920354,0.16649919005294486
item_86376,0.00010942715711230234,0.00014488866386323996,25,0.00016066154754871054,0.00021264028352037924,0.681741592920354,0.16649919005294486
item_20552,0.00010631428735710145,0.00022259699125479567,25,0.0001559362079149418,0.0003265986893442507,0.681741592920354,0.16649919005294486
item_E559,0.00010372162313325701,0.0002984871463017756,25,0.0001512108682811597,0.0004374130793047527,0.681741592920354,0.16649919005294486
item_D485,0.0001028668802826824,0.0001280636445336712,25,0.00015121086828115527,0.00018839730205009222,0.681741592920354,0.16649919005294486
item_K861,0.00010047326576376246,0.00023714406486557497,25,0.00014648552864736874,0.00034656965112326015,0.681741592920354,0.16649919005294486
item_84443,0.00010035115964225832,0.00045356963721718757,25,0.00014648552864737763,0.0006623908219197344,0.681741592920354,0.16649919005294486
item_LEVOFLOXACIN,0.00010032272397012272,0.0001948824384243576,25,0.00014648552864737318,0.00028588955650223795,0.681741592920354,0.16649919005294486
item_BENZONATATE,0.00010023741695372827,0.00017379065591095386,25,0.00014648552864737763,0.0002535516445285239,0.681741592920354,0.16649919005294486
item_82533,0.00010016716411668586,0.00021559993685078043,25,0.0001464855286473643,0.00031676521388756884,0.681741592920354,0.16649919005294486
item_SYMBICORT,9.988782545515787e-05,0.00026490368103373996,25,0.00014648552864737763,0.00038924342873422873,0.681741592920354,0.16649919005294486
item_80061,9.904479141074042e-05,0.0007191140164718405,25,0.00014648552864735098,0.0010567721426921822,0.681741592920354,0.16649919005294486
item_83735,9.805121557270408e-05,0.0005923384977355506,25,0.00014176018901357335,0.0008701074933642293,0.681741592920354,0.16649919005294486
item_80355,9.728177973853907e-05,0.00036590639628203983,25,0.00014176018901358668,0.0005370420042128702,0.681741592920354,0.16649919005294486
item_RANITIDINE HYDROCHLORIDE,9.722323570766591e-05,0.0002657442983378482,25,0.0001417601890135689,0.0003903175349792991,0.681741592920354,0.16649919005294486
item_80371,9.692717018017453e-05,0.00014324140040331365,25,0.0001417601890135778,0.0002102200876556683,0.681741592920354,0.16649919005294486
item_72070,9.689204376167002e-05,0.00021071655336869975,25,0.00014176018901359554,0.00030880856746127886,0.681741592920354,0.16649919005294486
item_80051,9.686528077612747e-05,0.00018897798575410156,25,0.00014176018901358668,0.00027704759361034924,0.681741592920354,0.16649919005294486
item_F319,9.643038226116857e-05,0.00021086971624990244,25,0.0001417601890136,0.0003106858404815802,0.681741592920354,0.16649919005294486
item_F411,9.636347479732136e-05,0.00022912837224508487,25,0.0001417601890135911,0.0003375945697870218,0.681741592920354,0.16649919005294486
item_70450,9.598879299980748e-05,0.0005776969734757034,25,0.00014176018901358668,0.0008477672825993448,0.681741592920354,0.16649919005294486
item_94640,9.354332519640768e-05,0.0002208769136760287,25,0.0001370348493797957,0.0003247417825559273,0.681741592920354,0.16649919005294486
item_Z720,9.345801818000705e-05,0.00023679340497018286,25,0.00013703484937979126,0.0003472401289237764,0.681741592920354,0.16649919005294486
item_SERTRALINE HYDROCHLORIDE,9.041707394842637e-05,0.00027004832097363813,25,0.00013230950974600918,0.0003952325970505962,0.681741592920354,0.16649919005294486
item_84480,9.038529290310181e-05,0.0002445524022214967,25,0.00013230950974600918,0.0003581867703490166,0.681741592920354,0.16649919005294486
item_R410,9.027322290117081e-05,0.0001804385683536549,25,0.00013230950974601363,0.00026485799127072936,0.681741592920354,0.16649919005294486
item_83605,8.832287033019901e-05,0.0004672850379247778,25,0.00012758417011222712,0.000685377895067233,0.681741592920354,0.16649919005294486
item_HYDROXYZINE PAMOATE,8.781102823181065e-05,0.00031130904740271187,25,0.00012758417011222268,0.0004561543904620887,0.681741592920354,0.16649919005294486
item_84439,8.754507106305692e-05,0.0003569985967616281,25,0.00012758417011224488,0.0005237991559928275,0.681741592920354,0.16649919005294486
item_M25512,8.741292882196138e-05,0.00023492136246879122,25,0.00012758417011223154,0.0003442802598053768,0.681741592920354,0.16649919005294486
item_M792,8.697301224719631e-05,0.0002205155219205418,25,0.00012758417011221823,0.00032337806918917444,0.681741592920354,0.16649919005294486
item_BUSPIRONE HYDROCHLORIDE,8.661171194245677e-05,0.00023296776328002363,25,0.00012758417011222268,0.00034258712344949264,0.681741592920354,0.16649919005294486
item_ALPRAZOLAM,8.45559801159411e-05,0.00025708778963010124,25,0.00012285883047844504,0.0003758675266580945,0.681741592920354,0.16649919005294486
item_AMOXICILLIN/CLAVULANATE P,8.394712219498293e-05,0.0002169079397407472,25,0.0001228588304784406,0.0003171321376916947,0.681741592920354,0.16649919005294486
item_J439,8.377650816218478e-05,0.00020540627296830314,25,0.00012285883047843615,0.00030210778151316026,0.681741592920354,0.16649919005294486
item_PROAIR HFA,8.119555274451857e-05,0.00025048388655980476,25,0.00011813349084466296,0.000367291949324225,0.681741592920354,0.16649919005294486
item_FUROSEMIDE,8.104333826426469e-05,0.0005407695670695872,25,0.00011813349084464076,0.000791729445279884,0.681741592920354,0.16649919005294486
item_G0101,8.092625020255163e-05,0.00022161505831561637,25,0.00011813349084465408,0.0003235218886622326,0.681741592920354,0.16649919005294486
item_M5412,8.051476929992508e-05,0.00015761452375085918,25,0.00011813349084464964,0.00023129238284052482,0.681741592920354,0.16649919005294486
item_L03113,8.03140469084075e-05,0.00020066191014478512,25,0.00011813349084465851,0.00029533372711164075,0.681741592920354,0.16649919005294486
item_POTASSIUM CHLORIDE ER,7.785352492564034e-05,0.0003124587947846824,25,0.00011340815121086312,0.0004581386752431113,0.681741592920354,0.16649919005294486
item_20551,7.767789283306014e-05,0.0001829546321849596,25,0.00011340815121086755,0.0002673925752528472,0.681741592920354,0.16649919005294486
item_M79673,7.713594237595533e-05,0.00016641796642747746,25,0.00011340815121088088,0.00024468180953584283,0.681741592920354,0.16649919005294486
item_CLINDAMYCIN HCL,7.448640680783678e-05,0.00027168508551699634,25,0.00010868281157708548,0.00039903947440174446,0.681741592920354,0.16649919005294486
item_ONETOUCH VERIO TEST STRIP,7.43843729254819e-05,0.00017580391027610198,25,0.00010868281157708992,0.00025728523290284637,0.681741592920354,0.16649919005294486
item_R7989,7.437433680589364e-05,0.0001789410292196737,25,0.00010868281157707216,0.0002617663296652026,0.681741592920354,0.16649919005294486
item_HYDROCODONE/ACETAMINOPHEN,7.419368665352537e-05,0.0002652615539649636,25,0.0001086828115770766,0.0003887052625872027,0.681741592920354,0.16649919005294486
item_M5137,7.40565263526569e-05,0.00016900004369606612,25,0.00010868281157708548,0.0002480803307737832,0.681741592920354,0.16649919005294486
item_99000,7.177999989545615e-05,0.00025198876600335057,25,0.00010395747194329452,0.00036937580243012855,0.681741592920354,0.16649919005294486
item_VENLAFAXINE HCL ER,7.148226168135664e-05,0.00027177808818254164,25,0.00010395747194328563,0.0003981641948340762,0.681741592920354,0.16649919005294486
item_MORPHINE SULFATE ER,7.146386212880939e-05,0.0002907560845925662,25,0.00010395747194329896,0.00042500702191239413,0.681741592920354,0.16649919005294486
item_LEVETIRACETAM,7.101725480766625e-05,0.00015854033004339773,25,0.00010395747194329452,0.0002320954838084946,0.681741592920354,0.16649919005294486
item_B351,7.095871077680817e-05,0.0001634687877773454,25,0.00010395747194329896,0.00023949361999660946,0.681741592920354,0.16649919005294486
item_Z1389,7.094700197063294e-05,0.00023380204174306565,25,0.00010395747194329452,0.0003432653801488046,0.681741592920354,0.16649919005294486
item_76942,7.078140599761988e-05,0.00020954057771989566,25,0.00010395747194328563,0.0003075254760885017,0.681741592920354,0.16649919005294486
item_71046,6.99316812068423e-05,0.0006786426531543602,25,9.923213230950801e-05,0.0009946390955601666,0.681741592920354,0.16649919005294486
item_FLUOXETINE HCL,6.795623833692711e-05,0.00022655381313919747,25,9.923213230950356e-05,0.00033182686131571533,0.681741592920354,0.16649919005294486
item_97012,6.500394649493915e-05,0.00013887875320172147,25,9.450679267572593e-05,0.0002046132082184232,0.681741592920354,0.16649919005294486
item_DIAZEPAM,6.472628051999809e-05,0.0003513201919894245,25,9.450679267572593e-05,0.0005149319484395413,0.681741592920354,0.16649919005294486
item_M170,6.468446335509728e-05,0.00020876161475806776,25,9.450679267572593e-05,0.0003050193617804675,0.681741592920354,0.16649919005294486
item_87186,6.46677364891339e-05,0.00026374311084984275,25,9.450679267572148e-05,0.00038732655193750087,0.681741592920354,0.16649919005294486
item_J2060,6.462591932423922e-05,0.00018608875816247708,25,9.450679267573037e-05,0.0002728176109578934,0.681741592920354,0.16649919005294486
item_ROSUVASTATIN CALCIUM,6.450715857591803e-05,0.0001209749434515452,25,9.450679267572593e-05,0.00017720023626698766,0.681741592920354,0.16649919005294486
item_F330,6.437334364823864e-05,0.00015054046652271502,25,9.450679267573037e-05,0.00022100752432216246,0.681741592920354,0.16649919005294486
item_M4326,6.416425782372873e-05,0.00016059696031608923,25,9.450679267572148e-05,0.00023626698168930648,0.681741592920354,0.16649919005294486
item_F332,6.17204627069341e-05,0.0002725707804555777,25,8.978145304194384e-05,0.0004010163686420657,0.681741592920354,0.16649919005294486
item_90715,6.162679225755632e-05,0.00021357749236750563,25,8.978145304194384e-05,0.0003112094476625947,0.681741592920354,0.16649919005294486
item_Z952,6.149966807625194e-05,0.0001619806926483214,25,8.978145304193497e-05,0.0002369550916846682,0.681741592920354,0.16649919005294486
item_DEXILANT,6.130898180430444e-05,0.00010498392141874963,25,8.978145304193497e-05,0.00015357353809804589,0.681741592920354,0.16649919005294486
item_87491,6.127887344557894e-05,0.0001712831712414447,25,8.978145304193941e-05,0.0002512478384083411,0.681741592920354,0.16649919005294486
item_70491,6.092259120062745e-05,0.00014520956387212636,25,8.978145304194384e-05,0.00021373131317366234,0.681741592920354,0.16649919005294486
item_K5900,5.8211166228458734e-05,0.00033000530067681393,25,8.505611340815288e-05,0.00048290451118653845,0.681741592920354,0.16649919005294486
item_METOPROLOL TARTRATE,5.8164331003773e-05,0.0002610427341355278,25,8.505611340815733e-05,0.00038358534473165515,0.681741592920354,0.16649919005294486
item_Z1239,5.8070660554395244e-05,6.367434503105634e-05,25,8.505611340815733e-05,9.351716548169933e-05,0.681741592920354,0.16649919005294486
item_80164,5.793015488032867e-05,7.167639626159473e-05,25,8.505611340815733e-05,0.00010522062780774444,0.681741592920354,0.16649919005294486
item_DICLOFENAC SODIUM DR,5.55432311077778e-05,0.0002796597404770219,25,8.03307737743486e-05,0.0004088283638288817,0.681741592920354,0.16649919005294486
item_80358,5.53609082688256e-05,0.0003277097680398156,25,8.033077377437081e-05,0.0004795210929012095,0.681741592920354,0.16649919005294486
item_G8431,5.4822303184900706e-05,0.00017649983105753195,25,8.033077377436637e-05,0.00025908697223226275,0.681741592920354,0.16649919005294486
item_BUPROPION HYDROCHLORIDE E,5.206237030145324e-05,0.0004608494694328243,25,7.560543414058429e-05,0.0006742238937058274,0.681741592920354,0.16649919005294486
item_I2699,5.1702742683300554e-05,0.00014355241161374593,25,7.560543414057541e-05,0.00020988789873968547,0.681741592920354,0.16649919005294486
item_ZOLPIDEM TARTRATE,5.166928895138604e-05,0.00016117198699286736,25,7.560543414058429e-05,0.0002359714631475303,0.681741592920354,0.16649919005294486
item_NYSTATIN,4.924891144692057e-05,0.00025443002655463733,25,7.088009450678445e-05,0.00037201109721779154,0.681741592920354,0.16649919005294486
item_N179,4.883408517110801e-05,0.0001739306241486903,25,7.08800945067889e-05,0.0002529086942048584,0.681741592920354,0.16649919005294486
item_80357,4.876885039386587e-05,0.00020062115766783213,25,7.088009450679334e-05,0.0002933582285046606,0.681741592920354,0.16649919005294486
item_M159,4.8549728449788905e-05,0.00014390411477790036,25,7.088009450679777e-05,0.0002102200876556662,0.681741592920354,0.16649919005294486
item_90836,4.8533001583819485e-05,0.00013414003582072327,25,7.088009450678445e-05,0.00019590223215327913,0.681741592920354,0.16649919005294486
item_H9202,4.8499547851901897e-05,0.00013404894383016672,25,7.08800945067889e-05,0.0001959022321532914,0.681741592920354,0.16649919005294486
item_99343,4.844936725402404e-05,0.00013390748040320076,25,7.088009450679334e-05,0.0001959022321533036,0.681741592920354,0.16649919005294486
item_83721,4.842929501486562e-05,9.886534964242619e-05,25,7.088009450678445e-05,0.00014468338705157788,0.681741592920354,0.16649919005294486
item_82977,4.8419258895295486e-05,0.00012951441923963705,25,7.088009450679334e-05,0.00018987302148047158,0.681741592920354,0.16649919005294486
item_J2001,4.834064262528209e-05,0.00013776500283596145,25,7.088009450679334e-05,0.0002017513440826881,0.681741592920354,0.16649919005294486
item_90833,4.832057038613277e-05,0.000223056959353449,25,7.088009450679777e-05,0.00032709682468667873,0.681741592920354,0.16649919005294486
item_DOXYCYCLINE HYCLATE,4.812988411418528e-05,0.00022456323047015514,25,7.088009450679777e-05,0.0003306331093472326,0.681741592920354,0.16649919005294486
item_R062,4.802617754523438e-05,0.00015376137232221883,25,7.088009450680222e-05,0.00022620841293712716,0.681741592920354,0.16649919005294486
item_J1040,4.80245048586353e-05,0.00015174563621764688,25,7.088009450679777e-05,0.00022362308902542556,0.681741592920354,0.16649919005294486
item_KETOROLAC TROMETHAMINE,4.800108724629389e-05,0.00017268660405692077,25,7.088009450680222e-05,0.00025290869420487825,0.681741592920354,0.16649919005294486
item_VENLAFAXINE HCL,4.546696705329532e-05,0.00013674239272451602,25,6.615475487299794e-05,0.00019908209741702112,0.681741592920354,0.16649919005294486
item_77080,4.524784510922445e-05,7.754428026479785e-05,25,6.615475487301126e-05,0.00011351474940261906,0.681741592920354,0.16649919005294486
item_PROMETHAZINE HYDROCHLORID,4.5229445556674126e-05,0.00044475006557671403,25,6.615475487302013e-05,0.0006507000285372962,0.681741592920354,0.16649919005294486
item_J2250,4.517424689900216e-05,0.00024712604186948186,25,6.61547548730157e-05,0.00036263967300153254,0.681741592920354,0.16649919005294486
item_J00,4.5160865406227814e-05,6.626205945520299e-05,25,6.615475487300681e-05,9.69366696207208e-05,0.681741592920354,0.16649919005294486
item_E7800,4.5134102420688276e-05,0.00016151418356022233,25,6.615475487300238e-05,0.00023646378887186918,0.681741592920354,0.16649919005294486
item_G0145,4.5105666748561855e-05,0.00012539651334026288,25,6.615475487301126e-05,0.00018389910500234624,0.681741592920354,0.16649919005294486
item_R609,4.5050468090886755e-05,0.00015592673630296779,25,6.615475487300238e-05,0.00022896777728066914,0.681741592920354,0.16649919005294486
item_DULOXETINE HYDROCHLORIDE,4.4960143014692106e-05,0.0004472984658952758,25,6.615475487298906e-05,0.0006586935314565991,0.681741592920354,0.16649919005294486
item_M5440,4.488319943128675e-05,0.0001369258328283513,25,6.615475487300681e-05,0.00020198178544173767,0.681741592920354,0.16649919005294486
item_RISPERIDONE,4.221693699721086e-05,0.00013836108901402622,25,6.142941523921585e-05,0.00020209690758583542,0.681741592920354,0.16649919005294486
item_74177,4.195097982844506e-05,0.00018069326432169276,25,6.14294152392203e-05,0.00026441853851859624,0.681741592920354,0.16649919005294486
item_FINASTERIDE,4.1905817290349214e-05,6.198369082752854e-05,25,6.142941523921585e-05,9.099602290443535e-05,0.681741592920354,0.16649919005294486
item_11750,4.1823855647146746e-05,0.0001375639049525913,25,6.14294152392203e-05,0.00020209690758584748,0.681741592920354,0.16649919005294486
item_82728,4.160975176285179e-05,0.0001813659657159053,25,6.142941523921585e-05,0.00026660855884717307,0.681741592920354,0.16649919005294486
item_G43709,3.890334485048327e-05,0.00013339039357702115,25,5.670407560544266e-05,0.00019625809481198906,0.681741592920354,0.16649919005294486
item_82150,3.8789602161947154e-05,0.00012389553797590051,25,5.670407560543378e-05,0.00018083815716802207,0.681741592920354,0.16649919005294486
item_76775,3.87661845495967e-05,0.00015779537137123603,25,5.67040756054249e-05,0.0002315938720619301,0.681741592920354,0.16649919005294486
item_R112,3.8660805294055885e-05,0.0001317856607491174,25,5.670407560543822e-05,0.00019327255273570126,0.681741592920354,0.16649919005294486
item_H0015,3.8620660815751124e-05,0.00018614015928677854,25,5.670407560543822e-05,0.00027307325768987056,0.681741592920354,0.16649919005294486
item_M5116,3.8620660815748095e-05,0.00016778312433374354,25,5.670407560543378e-05,0.0002461980552445926,0.681741592920354,0.16649919005294486
item_86200,3.857549827765526e-05,5.7416425661064475e-05,25,5.670407560543378e-05,8.436418698810488e-05,0.681741592920354,0.16649919005294486
item_OXYCONTIN,3.8458410215933125e-05,0.00012925517221818182,25,5.670407560543378e-05,0.0001902401626962978,0.681741592920354,0.16649919005294486
item_00812,3.824096095844919e-05,0.000125269670329969,25,5.670407560543378e-05,0.00018402553960302666,0.681741592920354,0.16649919005294486
item_R5383,3.6300644507053577e-05,0.00022303579008189954,25,5.197873597164726e-05,0.00032723900979432676,0.681741592920354,0.16649919005294486
item_F4310,3.592763539613874e-05,0.00015522724561857338,25,5.197873597164726e-05,0.00022641396355919615,0.681741592920354,0.16649919005294486
item_64450,3.5864073305492604e-05,0.00021865221313178477,25,5.19787359716517e-05,0.0003200523847405576,0.681741592920354,0.16649919005294486
item_G8918,3.568007777992924e-05,0.00017015857705975255,25,5.19787359716517e-05,0.00024845507468945126,0.681741592920354,0.16649919005294486
item_Unknown,3.56232064356612e-05,0.00011226936654707675,25,5.197873597164726e-05,0.00016383259746182425,0.681741592920354,0.16649919005294486
item_S9083,3.5541244792455746e-05,7.043452637876291e-05,25,5.197873597164726e-05,0.00010276029415790863,0.681741592920354,0.16649919005294486
item_81000,3.543753822350484e-05,0.00011214960251881388,25,5.19787359716517e-05,0.00016383259746183276,0.681741592920354,0.16649919005294486
item_92083,3.540742986477932e-05,0.0001630612032064493,25,5.1978735971656146e-05,0.000238910199836462,0.681741592920354,0.16649919005294486
item_86707,3.534888583391522e-05,0.00011138544408410181,25,5.19787359716517e-05,0.0001638325974618328,0.681741592920354,0.16649919005294486
item_95117,3.533884971433904e-05,5.7234329491803004e-05,25,5.19787359716517e-05,8.408803506227272e-05,0.681741592920354,0.16649919005294486
item_99253,3.531877747518361e-05,4.662623575005797e-05,25,5.197873597164726e-05,6.88830702285333e-05,0.681741592920354,0.16649919005294486
item_99232,3.28950545975322e-05,0.0002477178437374886,25,4.72533963378563e-05,0.0003625113730955151,0.681741592920354,0.16649919005294486
item_CHANTIX STARTING MONTH PA,3.254546309896483e-05,0.00014599326054763365,25,4.725339633786074e-05,0.00021296817929496682,0.681741592920354,0.16649919005294486
item_ESOMEPRAZOLE MAGNESIUM,3.2440083843414905e-05,0.00014645630677957147,25,4.725339633786074e-05,0.00021296817929497192,0.681741592920354,0.16649919005294486
item_F259,3.240830279809336e-05,0.00016320327307520527,25,4.7253396337865186e-05,0.00023871540958814435,0.681741592920354,0.16649919005294486
item_M069,3.2356449513613405e-05,0.000194150428064411,25,4.725339633786074e-05,0.00028327415967587644,0.681741592920354,0.16649919005294486
item_M6281,3.2299578169345316e-05,0.00011179211353026881,25,4.72533963378563e-05,0.0001635484123433178,0.681741592920354,0.16649919005294486
item_J2310,3.2299578169345316e-05,0.00011179211353026881,25,4.72533963378563e-05,0.00016354841234331784,0.681741592920354,0.16649919005294486
item_M7662,3.2276160556997867e-05,4.03462232129492e-05,25,4.7253396337851864e-05,5.906674542231484e-05,0.681741592920354,0.16649919005294486
item_GENTAMICIN SULFATE,3.225776100445062e-05,0.00011164829847986444,25,4.7253396337865186e-05,0.00016354841234334855,0.681741592920354,0.16649919005294486
item_87801,3.224103413848426e-05,0.00011158991614448854,25,4.72533963378563e-05,0.0001635484123433178,0.681741592920354,0.16649919005294486
item_R200,3.2241034138484254e-05,0.0001115960862526874,25,4.72533963378563e-05,0.00016354841234331784,0.681741592920354,0.16649919005294486
item_80171,3.223267070551016e-05,0.00011156303922165701,25,4.7253396337865186e-05,0.00016354841234334855,0.681741592920354,0.16649919005294486
item_R339,3.223267070550713e-05,0.00016116335352753562,25,4.725339633786074e-05,0.0002362669816893037,0.681741592920354,0.16649919005294486
item_Z87898,3.2182490107626214e-05,0.00011138686177563174,25,4.725339633786074e-05,0.0001635484123433332,0.681741592920354,0.16649919005294486
item_B373,3.2132309509748326e-05,0.00011121318245433797,25,4.7253396337865186e-05,0.00016354841234334855,0.681741592920354,0.16649919005294486
item_G0249,3.212394607676817e-05,0.00011118695954939589,25,4.7253396337865186e-05,0.00016354841234334855,0.681741592920354,0.16649919005294486
item_CLARITHROMYCIN,3.210721921080786e-05,0.00011112657637398717,25,4.7253396337865186e-05,0.00016354841234334855,0.681741592920354,0.16649919005294486
item_R58,3.209885577782469e-05,0.00011109719949040553,25,4.725339633786074e-05,0.00016354841234333318,0.681741592920354,0.16649919005294486
item_K7030,3.209885577782168e-05,0.00011109949489038528,25,4.72533963378563e-05,0.00016354841234331782,0.681741592920354,0.16649919005294486
item_R52,3.2097183091228615e-05,0.0001332462041564606,25,4.725339633786074e-05,0.0001959022321533031,0.681741592920354,0.16649919005294486
item_BELBUCA,3.2065402045901066e-05,0.00011098298870799577,25,4.72533963378563e-05,0.00016354841234331784,0.681741592920354,0.16649919005294486
item_99202,3.20336210005765e-05,0.00028660184628851956,25,4.72533963378563e-05,0.00042044017531133864,0.681741592920354,0.16649919005294486
item_M79609,3.200685801504603e-05,0.00011077941578409755,25,4.7253396337865186e-05,0.00016354841234334853,0.681741592920354,0.16649919005294486
item_64495,3.197340428312542e-05,0.00011067126725700911,25,4.7253396337865186e-05,0.00016354841234334855,0.681741592920354,0.16649919005294486
item_L0390,3.1944968610989895e-05,0.00014377937137434948,25,4.725339633786074e-05,0.00021296817929497195,0.681741592920354,0.16649919005294486
item_C1769,3.162715815775011e-05,0.00022647149354135994,25,4.7253396337869625e-05,0.00033063310934726333,0.681741592920354,0.16649919005294486
item_G0475,2.9139873189449535e-05,0.00011417337890851338,25,4.2528056704078665e-05,0.00016664779657017404,0.681741592920354,0.16649919005294486
item_D229,2.9111437517317012e-05,3.961650899653811e-05,25,4.2528056704078665e-05,5.787335482063449e-05,0.681741592920354,0.16649919005294486
item_C1713,2.910474677092682e-05,0.0001625569823226345,25,4.252805670406978e-05,0.00023842292582351167,0.681741592920354,0.16649919005294486
item_M79621,2.907463841220434e-05,3.9566737101308376e-05,25,4.2528056704078665e-05,5.787335482063449e-05,0.681741592920354,0.16649919005294486
item_84146,2.9071293039006184e-05,0.00010653778628572703,25,4.252805670406978e-05,0.00015582877682543641,0.681741592920354,0.16649919005294486
item_CONSTULOSE,2.901107632155518e-05,0.00011371232493372962,25,4.2528056704078665e-05,0.00016664779657019375,0.681741592920354,0.16649919005294486
item_G43809,2.898765870920771e-05,0.00011358560362311012,25,4.2528056704074226e-05,0.0001666477965701785,0.681741592920354,0.16649919005294486
item_BD PEN NEEDLE/SHORT/ULTRA,2.891071512578728e-05,0.00019368030464709306,25,4.252805670406978e-05,0.0002830277271284377,0.681741592920354,0.16649919005294486
item_R509,2.8895660946429064e-05,5.619955097844705e-05,25,4.2528056704078665e-05,8.269344359126407e-05,0.681741592920354,0.16649919005294486
item_E1142,2.8872243334078592e-05,8.272403872118399e-05,25,4.252805670406978e-05,0.00012238842502790452,0.681741592920354,0.16649919005294486
item_96415,2.8865552587700518e-05,0.00011898907198625571,25,4.2528056704078665e-05,0.00017348604663841127,0.681741592920354,0.16649919005294486
item_D696,2.8858861841316385e-05,0.0001006078638775705,25,4.2528056704078665e-05,0.00014817789109846923,0.681741592920354,0.16649919005294486
item_86800,2.8857189154714324e-05,9.832156792526633e-05,25,4.252805670406978e-05,0.00014420030260759844,0.681741592920354,0.16649919005294486
item_Z5111,2.88203900496077e-05,0.00012347225373883554,25,4.2528056704078665e-05,0.00018006479015827276,0.681741592920354,0.16649919005294486
item_82247,2.599522238890896e-05,0.0003301720848599742,25,3.7802717070287705e-05,0.0004831452772737773,0.681741592920354,0.16649919005294486
item_CODEINE/GUAIFENESIN,2.5966786716776382e-05,7.982304355038858e-05,25,3.7802717070287705e-05,0.00011674713195805208,0.681741592920354,0.16649919005294486
item_J1020,2.5926642238471662e-05,0.00012876584976199938,25,3.7802717070287705e-05,0.00018901358535144432,0.681741592920354,0.16649919005294486
item_VICTOZA,2.5856389401438365e-05,6.063941158399163e-05,25,3.7802717070287705e-05,8.840300972884841e-05,0.681741592920354,0.16649919005294486
item_M9901,2.5843007908673174e-05,4.4963842146873094e-05,25,3.7802717070292143e-05,6.57739440381621e-05,0.681741592920354,0.16649919005294486
item_TESTOSTERONE CYPIONATE,2.5831299102500956e-05,0.00011996382800976088,25,3.7802717070292143e-05,0.00017627902567907857,0.681741592920354,0.16649919005294486
item_L03116,2.5774427758229863e-05,0.00011552723857283179,25,3.7802717070283267e-05,0.00016955345651985593,0.681741592920354,0.16649919005294486
item_J2785,2.5767737011848763e-05,0.00010330591275361465,25,3.7802717070287705e-05,0.00015143835025027485,0.681741592920354,0.16649919005294486
item_T1017,2.576439163865973e-05,4.4820515903459385e-05,25,3.7802717070292143e-05,6.577394403816212e-05,0.681741592920354,0.16649919005294486
item_LIDOCAINE HCL,2.5759373578874658e-05,0.00011776841427814274,25,3.780271707029659e-05,0.00017294893684582317,0.681741592920354,0.16649919005294486
item_J101,2.5724247160358037e-05,7.628429250454442e-05,25,3.780271707029659e-05,0.0001116554194034793,0.681741592920354,0.16649919005294486
item_F29,2.569915686141454e-05,0.0001031373062893183,25,3.7802717070292143e-05,0.00015143835025029174,0.681741592920354,0.16649919005294486
item_L400,2.5653994323321708e-05,4.446327614242169e-05,25,3.7802717070292143e-05,6.57739440381621e-05,0.681741592920354,0.16649919005294486
item_L03114,2.560214103884476e-05,0.0001151046881633615,25,3.7802717070292143e-05,0.00016955345651988607,0.681741592920354,0.16649919005294486
item_E1140,2.554192432138466e-05,0.00010239296880155178,25,3.7802717070287705e-05,0.00015143835025027485,0.681741592920354,0.16649919005294486
item_76856,2.535458342262923e-05,0.00016765540274216574,25,3.7802717070287705e-05,0.00024525150020113614,0.681741592920354,0.16649919005294486
item_N390,2.297769576966966e-05,0.00012551337007849636,25,3.307737743650119e-05,0.00018528514047677283,0.681741592920354,0.16649919005294486
item_84075,2.2802063677092505e-05,0.000179982282708973,25,3.307737743651007e-05,0.0002630957761526188,0.681741592920354,0.16649919005294486
item_ACCU-CHEK AVIVA PLUS,2.277697337814598e-05,0.00010590300811847984,25,3.307737743650119e-05,0.00015447958453185525,0.681741592920354,0.16649919005294486
item_ATORVASTATIN CALCIUM,2.2756901138987537e-05,0.00035948286900641115,25,3.307737743649231e-05,0.0005255723471035846,0.681741592920354,0.16649919005294486
item_J3301,2.2688320988562455e-05,0.00016360208502052225,25,3.307737743651007e-05,0.0002399787199872671,0.681741592920354,0.16649919005294486
item_HYDROXYZINE HYDROCHLORIDE,2.2676612182396292e-05,0.0003963999226674613,25,3.307737743651895e-05,0.0005812599929187222,0.681741592920354,0.16649919005294486
item_IPRATROPIUM BROMIDE,2.263479501748644e-05,0.00021631100987756915,25,3.307737743650563e-05,0.00031720547152030336,0.681741592920354,0.16649919005294486
item_87497,2.2629776957695287e-05,5.4835207625543005e-05,25,3.307737743650119e-05,8.012203169669628e-05,0.681741592920354,0.16649919005294486
item_97530,2.2623086211314234e-05,0.00019629680751800122,25,3.307737743650563e-05,0.0002863772842776326,0.681741592920354,0.16649919005294486
item_88304,2.261472277832802e-05,0.0001030597546578271,25,3.3077377436496745e-05,0.00015066845024380704,0.681741592920354,0.16649919005294486
item_80377,2.2604686658757878e-05,4.3765941942883656e-05,25,3.307737743650563e-05,6.398140109971683e-05,0.681741592920354,0.16649919005294486
item_82248,2.258461441961158e-05,0.00011760274458587732,25,3.307737743651451e-05,0.00017227519475666785,0.681741592920354,0.16649919005294486
item_G43009,2.2571232926837267e-05,3.6941424615071136e-05,25,3.307737743650563e-05,5.413556639050407e-05,0.681741592920354,0.16649919005294486
item_T8484XA,2.256621486704612e-05,4.352080776536377e-05,25,3.307737743650119e-05,6.398140109971068e-05,0.681741592920354,0.16649919005294486
item_R222,2.254948800108887e-05,0.00011752708571132428,25,3.307737743650563e-05,0.000172275194756676,0.681741592920354,0.16649919005294486
item_99254,2.2537779194916652e-05,4.353178830174025e-05,25,3.307737743650563e-05,6.398140109971683e-05,0.681741592920354,0.16649919005294486
item_Z113,2.2532761135128564e-05,3.6878967407692814e-05,25,3.307737743650563e-05,5.413556639050408e-05,0.681741592920354,0.16649919005294486
item_Z111,2.247087173107543e-05,5.906925795139636e-05,25,3.307737743650563e-05,8.707755222483785e-05,0.681741592920354,0.16649919005294486
item_45380,2.243072725277372e-05,0.00012427114905002855,25,3.307737743651007e-05,0.0001821198043685143,0.681741592920354,0.16649919005294486
item_J1644,2.218484232315114e-05,9.917636491293429e-05,25,3.307737743650119e-05,0.00014675837884296297,0.681741592920354,0.16649919005294486
item_R569,1.9667448996125036e-05,0.0001082597752285764,25,2.835203780271467e-05,0.0001573143087650129,0.681741592920354,0.16649919005294486
item_95819,1.949516227673387e-05,0.00012221097027046544,25,2.835203780271467e-05,0.00017811668246343548,0.681741592920354,0.16649919005294486
item_PERMETHRIN,1.947509003758458e-05,0.00012185349497367456,25,2.835203780271911e-05,0.00017811668246346844,0.681741592920354,0.16649919005294486
item_ALBUTEROL SULFATE,1.9424909439703655e-05,0.00011031615460791224,25,2.835203780271911e-05,0.00016096817039549637,0.681741592920354,0.16649919005294486
item_80341,1.940985526033633e-05,3.525341947769156e-05,25,2.835203780271467e-05,5.149319484394925e-05,0.681741592920354,0.16649919005294486
item_KETOCONAZOLE,1.9406509887144266e-05,0.00013866214358220185,25,2.835203780271467e-05,0.00020255674187221321,0.681741592920354,0.16649919005294486
item_BUSPIRONE HCL,1.940650988714426e-05,0.00022408476548055827,25,2.835203780271467e-05,0.0003275942025720397,0.681741592920354,0.16649919005294486
item_NICOTINE TRANSDERMAL SYST,1.9383092274802895e-05,6.715395987029933e-05,25,2.835203780271911e-05,9.812904740600913e-05,0.681741592920354,0.16649919005294486
item_I119,1.9381419588206864e-05,3.520137943454094e-05,25,2.835203780271911e-05,5.1493194843957324e-05,0.681741592920354,0.16649919005294486
item_J0100,1.934963854288228e-05,0.00012163091241885133,25,2.835203780271911e-05,0.00017811668246346847,0.681741592920354,0.16649919005294486
item_WARFARIN SODIUM,1.9344620483094192e-05,4.212366786041426e-05,25,2.835203780271911e-05,6.17617134922593e-05,0.681741592920354,0.16649919005294486
item_HYDROXYZINE HCL,1.934127510990213e-05,3.512826066379985e-05,25,2.835203780271911e-05,5.149319484395732e-05,0.681741592920354,0.16649919005294486
item_T50901A,1.9324548243938783e-05,0.00010728447204002801,25,2.835203780271467e-05,0.0001573143087650129,0.681741592920354,0.16649919005294486
item_DIVALPROEX SODIUM ER,1.932120287074672e-05,3.509172275506948e-05,25,2.835203780271467e-05,5.1493194843949246e-05,0.681741592920354,0.16649919005294486
item_77427,1.931618481096167e-05,3.508472994302692e-05,25,2.835203780271911e-05,5.149319484395732e-05,0.681741592920354,0.16649919005294486
item_KLOR-CON 10,1.9312839437769608e-05,3.50769699275419e-05,25,2.835203780271911e-05,5.1493194843957324e-05,0.681741592920354,0.16649919005294486
item_98940,1.9312839437766565e-05,3.5077642930075244e-05,25,2.835203780271467e-05,5.149319484394926e-05,0.681741592920354,0.16649919005294486
item_LAMOTRIGINE,1.9306148691382484e-05,0.00010700472524492886,25,2.835203780271467e-05,0.0001573143087650129,0.681741592920354,0.16649919005294486
item_72197,1.929778525840533e-05,4.206743072088899e-05,25,2.835203780271911e-05,6.176171349225931e-05,0.681741592920354,0.16649919005294486
item_31575,1.9291094512012114e-05,3.503777025944379e-05,25,2.835203780270579e-05,5.149319484393313e-05,0.681741592920354,0.16649919005294486
item_J1170,1.9284403765637085e-05,0.00011205125980157811,25,2.835203780271911e-05,0.0001645409129023641,0.681741592920354,0.16649919005294486
item_77263,1.9281058392445024e-05,4.202167160026792e-05,25,2.835203780271911e-05,6.17617134922593e-05,0.681741592920354,0.16649919005294486
item_87661,1.926934958626977e-05,4.207116803791205e-05,25,2.835203780271467e-05,6.176171349225258e-05,0.681741592920354,0.16649919005294486
item_74220,1.925596809350457e-05,3.4974378042496546e-05,25,2.835203780271911e-05,5.149319484395732e-05,0.681741592920354,0.16649919005294486
item_TAMSULOSIN HYDROCHLORIDE,1.9247604660521337e-05,0.00013589942609556054,25,2.835203780271467e-05,0.00019966540396277663,0.681741592920354,0.16649919005294486
item_F329,1.921916898838886e-05,0.00016815015616767492,25,2.835203780271467e-05,0.00024657565984569763,0.681741592920354,0.16649919005294486
item_E6601,1.9215823615202875e-05,0.0001314964455349998,25,2.835203780272355e-05,0.00019375333097291917,0.681741592920354,0.16649919005294486
item_CETIRIZINE HYDROCHLORIDE,1.92108055554087e-05,7.399971022580797e-05,25,2.835203780271467e-05,0.00010933997540394043,0.681741592920354,0.16649919005294486
item_CHANTIX CONTINUING MONTH,1.9200769435838604e-05,0.00013429699462618009,25,2.835203780272355e-05,0.00019673157703165663,0.681741592920354,0.16649919005294486
item_93017,1.9179024510084162e-05,0.00011447475679997867,25,2.835203780271467e-05,0.000168037710520596,0.681741592920354,0.16649919005294486
item_METHYLPREDNISOLONE DOSE P,1.720358164016582e-05,0.0003530429982418856,25,2.3626698168919268e-05,0.0005183085875600696,0.681741592920354,0.16649919005294486
item_FLOVENT HFA,1.6467599537915417e-05,0.00015413332428952702,25,2.362669816892371e-05,0.00022620841293712475,0.681741592920354,0.16649919005294486
item_E782,1.6378947148328803e-05,0.00026924076059722335,25,2.362669816892815e-05,0.00039476152108217387,0.681741592920354,0.16649919005294486
item_86709,1.6291967445335235e-05,8.145983722667619e-05,25,2.362669816892815e-05,0.00011813349084464075,0.681741592920354,0.16649919005294486
item_72132,1.6291967445335235e-05,8.145983722667619e-05,25,2.362669816892815e-05,0.00011813349084464075,0.681741592920354,0.16649919005294486
item_N6002,1.6291967445335235e-05,8.145983722667619e-05,25,2.362669816892815e-05,0.00011813349084464075,0.681741592920354,0.16649919005294486
item_N281,1.6258513713417683e-05,8.12925685670884e-05,25,2.3626698168932593e-05,0.00011813349084466297,0.681741592920354,0.16649919005294486
item_DOK,1.6258513713417683e-05,8.12925685670884e-05,25,2.3626698168932593e-05,0.00011813349084466297,0.681741592920354,0.16649919005294486
item_MORPHINE SULFATE,1.6258513713417683e-05,8.12925685670884e-05,25,2.3626698168932593e-05,0.00011813349084466297,0.681741592920354,0.16649919005294486
item_99217,1.6258513713417683e-05,8.12925685670884e-05,25,2.3626698168932593e-05,0.00011813349084466297,0.681741592920354,0.16649919005294486
item_I872,1.6250150280434474e-05,8.125075140217237e-05,25,2.362669816892815e-05,0.00011813349084464075,0.681741592920354,0.16649919005294486
item_E8342,1.6250150280434474e-05,8.125075140217237e-05,25,2.362669816892815e-05,0.00011813349084464075,0.681741592920354,0.16649919005294486
item_R9431,1.6241786847460373e-05,0.00010158890819365622,25,2.362669816893703e-05,0.00014864804952293288,0.681741592920354,0.16649919005294486
item_84481,1.623175072788122e-05,0.00010221562279842123,25,2.3626698168932593e-05,0.00014864804952295567,0.681741592920354,0.16649919005294486
item_73564,1.623175072787814e-05,8.449393386907809e-05,25,2.362669816892815e-05,0.00012295723564476795,0.681741592920354,0.16649919005294486
item_K635,1.6225059981497072e-05,8.112529990748537e-05,25,2.3626698168932593e-05,0.00011813349084466294,0.681741592920354,0.16649919005294486
item_64493,1.6208333115536716e-05,0.00014126843825254512,25,2.3626698168932593e-05,0.00020743559269250164,0.681741592920354,0.16649919005294486
item_83519,1.6199969682556614e-05,8.099984841278306e-05,25,2.3626698168932593e-05,0.00011813349084466297,0.681741592920354,0.16649919005294486
item_E0590,1.6199969682556614e-05,8.099984841278306e-05,25,2.3626698168932593e-05,0.00011813349084466297,0.681741592920354,0.16649919005294486
item_ALPRAZOLAM ER,1.6199969682556614e-05,8.099984841278306e-05,25,2.3626698168932593e-05,0.00011813349084466297,0.681741592920354,0.16649919005294486
item_PEG 3350/ELECTROLYTES,1.6199969682556614e-05,8.099984841278306e-05,25,2.3626698168932593e-05,0.00011813349084466297,0.681741592920354,0.16649919005294486
item_12002,1.6199969682556614e-05,8.099984841278306e-05,25,2.3626698168932593e-05,0.00011813349084466297,0.681741592920354,0.16649919005294486
item_K6389,1.6199969682556614e-05,8.099984841278306e-05,25,2.3626698168932593e-05,0.00011813349084466297,0.681741592920354,0.16649919005294486
item_M064,1.6199969682556614e-05,8.099984841278306e-05,25,2.3626698168932593e-05,0.00011813349084466297,0.681741592920354,0.16649919005294486
item_ASPIRIN EC,1.6193278936169436e-05,4.053089973642328e-05,25,2.362669816892815e-05,5.906674542231482e-05,0.681741592920354,0.16649919005294486
item_CLONIDINE HCL,1.6183242816593266e-05,8.091621408296634e-05,25,2.362669816892815e-05,0.00011813349084464073,0.681741592920354,0.16649919005294486
item_M47814,1.6183242816593266e-05,8.091621408296634e-05,25,2.362669816892815e-05,0.00011813349084464073,0.681741592920354,0.16649919005294486
item_M79601,1.6183242816593266e-05,8.091621408296634e-05,25,2.362669816892815e-05,0.00011813349084464073,0.681741592920354,0.16649919005294486
item_1036F,1.618157013000025e-05,0.00013955346516727598,25,2.3626698168932593e-05,0.00020461320821840232,0.681741592920354,0.16649919005294486
item_Z0389,1.6181570129997235e-05,0.0001114149933157299,25,2.362669816892815e-05,0.00016354841234333248,0.681741592920354,0.16649919005294486
item_M79672,1.6178224756811232e-05,0.000145215107295942,25,2.362669816893703e-05,0.00021296817929498065,0.681741592920354,0.16649919005294486
item_85046,1.6174879383616152e-05,8.087439691808077e-05,25,2.3626698168932593e-05,0.00011813349084466296,0.681741592920354,0.16649919005294486
item_71100,1.6174879383616152e-05,8.087439691808079e-05,25,2.3626698168932593e-05,0.00011813349084466297,0.681741592920354,0.16649919005294486
item_CEFTRIAXONE SODIUM,1.6174879383616152e-05,8.087439691808077e-05,25,2.3626698168932593e-05,0.00011813349084466296,0.681741592920354,0.16649919005294486
item_M25551,1.6174879383616152e-05,8.087439691808077e-05,25,2.3626698168932593e-05,0.00011813349084466296,0.681741592920354,0.16649919005294486
item_82044,1.6174879383613113e-05,8.087439691806557e-05,25,2.362669816892815e-05,0.00011813349084464075,0.681741592920354,0.16649919005294486
item_M9903,1.6174879383613113e-05,8.087439691806557e-05,25,2.362669816892815e-05,0.00011813349084464075,0.681741592920354,0.16649919005294486
item_M5441,1.617320669702012e-05,0.00014309896012896703,25,2.3626698168932593e-05,0.00021022008765568182,0.681741592920354,0.16649919005294486
item_J0171,1.617153401042409e-05,4.0530459734601164e-05,25,2.3626698168932593e-05,5.906674542233147e-05,0.681741592920354,0.16649919005294486
item_S0119,1.616986132382806e-05,3.300693690239022e-05,25,2.3626698168932593e-05,4.822779568386207e-05,0.681741592920354,0.16649919005294486
item_F200,1.6154807144463786e-05,3.2976269875975026e-05,25,2.3626698168932593e-05,4.822779568386207e-05,0.681741592920354,0.16649919005294486
item_73630,1.6149789084675694e-05,4.654291312365564e-05,25,2.3626698168932593e-05,6.820440273947634e-05,0.681741592920354,0.16649919005294486
item_AMMONIUM LACTATE,1.6149789084672658e-05,8.074894542336329e-05,25,2.362669816892815e-05,0.00011813349084464076,0.681741592920354,0.16649919005294486
item_PRAZOSIN HYDROCHLORIDE,1.6149789084672658e-05,8.074894542336329e-05,25,2.362669816892815e-05,0.00011813349084464076,0.681741592920354,0.16649919005294486
item_80372,1.6146443711480597e-05,8.406359762749298e-05,25,2.362669816892815e-05,0.00012295723564476795,0.681741592920354,0.16649919005294486
item_82378,1.6129716845523327e-05,3.292525431700052e-05,25,2.3626698168932593e-05,4.8227795683862064e-05,0.681741592920354,0.16649919005294486
item_R7309,1.6129716845523327e-05,6.598794501695578e-05,25,2.3626698168932593e-05,9.645559136772414e-05,0.681741592920354,0.16649919005294486
item_CEFDINIR,1.61263714723343e-05,0.0001705398000952987,25,2.362669816893703e-05,0.0002505989773844759,0.681741592920354,0.16649919005294486
item_ROPINIROLE HYDROCHLORIDE,1.6124698785732203e-05,8.062349392866102e-05,25,2.362669816892815e-05,0.00011813349084464076,0.681741592920354,0.16649919005294486
item_F39,1.6124698785732203e-05,8.062349392866102e-05,25,2.362669816892815e-05,0.00011813349084464076,0.681741592920354,0.16649919005294486
item_G8997,1.611633535275205e-05,8.058167676376026e-05,25,2.362669816892815e-05,0.00011813349084464073,0.681741592920354,0.16649919005294486
item_LOVASTATIN,1.611633535275205e-05,8.058167676376026e-05,25,2.362669816892815e-05,0.00011813349084464073,0.681741592920354,0.16649919005294486
item_88141,1.611466266615602e-05,5.2029434996263015e-05,25,2.362669816892815e-05,7.625484044510094e-05,0.681741592920354,0.16649919005294486
item_Z136,1.6112989979560023e-05,4.033461686648253e-05,25,2.362669816892815e-05,5.906674542232407e-05,0.681741592920354,0.16649919005294486
item_H2022,1.6106299233178896e-05,3.2877141277181926e-05,25,2.3626698168932593e-05,4.822779568386207e-05,0.681741592920354,0.16649919005294486
item_97164,1.6104626546579823e-05,3.287372296113702e-05,25,2.362669816892815e-05,4.822779568385301e-05,0.681741592920354,0.16649919005294486
item_87536,1.609124505381462e-05,8.045622526907312e-05,25,2.3626698168932593e-05,0.00011813349084466297,0.681741592920354,0.16649919005294486
item_D519,1.609124505381462e-05,3.2846746405181054e-05,25,2.3626698168932593e-05,4.822779568386207e-05,0.681741592920354,0.16649919005294486
item_R310,1.609124505381462e-05,8.04562252690731e-05,25,2.3626698168932593e-05,0.00011813349084466296,0.681741592920354,0.16649919005294486
item_H04123,1.608622699402349e-05,3.283758767490396e-05,25,2.362669816892815e-05,4.8227795683853e-05,0.681741592920354,0.16649919005294486
item_73140,1.6066154754871144e-05,8.033077377435572e-05,25,2.362669816892815e-05,0.00011813349084464075,0.681741592920354,0.16649919005294486
item_80375,1.6066154754871144e-05,8.033077377435572e-05,25,2.362669816892815e-05,0.00011813349084464075,0.681741592920354,0.16649919005294486
item_H524,1.605946400849004e-05,5.6755237536348536e-05,25,2.3626698168932593e-05,8.353299246150011e-05,0.681741592920354,0.16649919005294486
item_94729,1.6057791321894007e-05,8.028895660947005e-05,25,2.3626698168932593e-05,0.00011813349084466297,0.681741592920354,0.16649919005294486
item_METOLAZONE,1.6032701022953552e-05,8.016350511476776e-05,25,2.3626698168932593e-05,0.00011813349084466296,0.681741592920354,0.16649919005294486
item_00790,1.6024337589973396e-05,5.1734530225170556e-05,25,2.3626698168932593e-05,7.6254840445121e-05,0.681741592920354,0.16649919005294486
item_S3991XA,1.6015974156993246e-05,8.007987078496623e-05,25,2.3626698168932593e-05,0.00011813349084466297,0.681741592920354,0.16649919005294486
item_99024,1.6015974156990234e-05,8.007987078495116e-05,25,2.362669816892815e-05,0.00011813349084464075,0.681741592920354,0.16649919005294486
item_R161,1.6015974156990234e-05,8.007987078495116e-05,25,2.362669816892815e-05,0.00011813349084464075,0.681741592920354,0.16649919005294486
item_M25511,1.6002592664225002e-05,0.00013792513081453832,25,2.3626698168932593e-05,0.00020175134408267022,0.681741592920354,0.16649919005294486
item_99201,1.597917505188062e-05,8.420183942067303e-05,25,2.3626698168932593e-05,0.00012295723564476705,0.681741592920354,0.16649919005294486
item_J0131,1.597415699208946e-05,0.00014213601191388135,25,2.362669816892815e-05,0.00020743559269251536,0.681741592920354,0.16649919005294486
item_S300XXA,1.5949066693152018e-05,7.974533346576008e-05,25,2.3626698168932593e-05,0.00011813349084466296,0.681741592920354,0.16649919005294486
item_OFLOXACIN,1.5949066693152018e-05,7.974533346576008e-05,25,2.3626698168932593e-05,0.00011813349084466296,0.681741592920354,0.16649919005294486
item_M4696,1.594906669314902e-05,7.974533346574509e-05,25,2.362669816892815e-05,0.00011813349084464075,0.681741592920354,0.16649919005294486
item_00160,1.594906669314902e-05,7.974533346574509e-05,25,2.362669816892815e-05,0.00011813349084464075,0.681741592920354,0.16649919005294486
item_J301,1.5873795796327617e-05,0.0001097174292983723,25,2.362669816892815e-05,0.0001599535027492825,0.681741592920354,0.16649919005294486
item_Z125,1.5857068930373373e-05,9.231573651796577e-05,25,2.362669816893703e-05,0.0001364088054789439,0.681741592920354,0.16649919005294486
item_93010,1.5831978631429916e-05,0.00014103653225197173,25,2.3626698168932593e-05,0.00020743559269250164,0.681741592920354,0.16649919005294486
item_90686,1.3220914855029073e-05,0.00021637360297214648,25,1.8901358535150514e-05,0.00031749863745306336,0.681741592920354,0.16649919005294486
item_LORATADINE,1.3167388883950034e-05,0.0001487295920579444,25,1.8901358535141633e-05,0.0002175068238573215,0.681741592920354,0.16649919005294486
item_97112,1.3125571719052323e-05,0.00010261892883345907,25,1.8901358535146072e-05,0.00015128468369600257,0.681741592920354,0.16649919005294486
item_D649,1.3113862912877065e-05,0.00014874847604741813,25,1.8901358535141633e-05,0.0002175068238573215,0.681741592920354,0.16649919005294486
item_AMITRIPTYLINE HYDROCHLORI,1.3050300822227907e-05,0.0001727694968205798,25,1.8901358535141633e-05,0.0002544673269762096,0.681741592920354,0.16649919005294486
item_INCRUSE ELLIPTA,1.3046955449035819e-05,8.372035921938925e-05,25,1.8901358535141633e-05,0.000121434486671452,0.681741592920354,0.16649919005294486
item_METHOTREXATE,1.3023537836694454e-05,5.044616462383922e-05,25,1.8901358535146072e-05,7.377434138687357e-05,0.681741592920354,0.16649919005294486
item_B1710,1.3023537836691413e-05,8.30876454460459e-05,25,1.8901358535141633e-05,0.00012143448667145199,0.681741592920354,0.16649919005294486
item_R399,1.3015174403714298e-05,0.00011818667072788877,25,1.8901358535146072e-05,0.0001728143985626562,0.681741592920354,0.16649919005294486
item_J8597,1.300012022434697e-05,6.500060112173486e-05,25,1.8901358535141633e-05,9.450679267570816e-05,0.681741592920354,0.16649919005294486
item_ASPIRIN LOW DOSE,1.298506604498575e-05,8.308146645169304e-05,25,1.8901358535146072e-05,0.0001214344866714738,0.681741592920354,0.16649919005294486
item_84402,1.2971684552214452e-05,6.877468133172081e-05,25,1.8901358535141633e-05,0.00010047135910355118,0.681741592920354,0.16649919005294486
item_B20,1.295997574604225e-05,8.316154582212824e-05,25,1.8901358535141633e-05,0.00012143448667145202,0.681741592920354,0.16649919005294486
item_70544,1.2938230820296892e-05,3.025709085665943e-05,25,1.8901358535146072e-05,4.42015048644325e-05,0.681741592920354,0.16649919005294486
item_82435,1.293823082029386e-05,0.00011335480584593196,25,1.8901358535141633e-05,0.00016594847415400644,0.681741592920354,0.16649919005294486
item_87040,1.2936558133697824e-05,8.298568513132204e-05,25,1.8901358535141633e-05,0.000121434486671452,0.681741592920354,0.16649919005294486
item_94664,1.29332127605088e-05,3.8229610156522085e-05,25,1.8901358535146072e-05,5.5827709701747775e-05,0.681741592920354,0.16649919005294486
item_Z1283,1.2924849327528648e-05,3.812577800824084e-05,25,1.8901358535146072e-05,5.582770970174777e-05,0.681741592920354,0.16649919005294486
item_GUAIFENESIN/CODEINE,1.2918158581141483e-05,3.0209812028749955e-05,25,1.8901358535141633e-05,4.4201504864422105e-05,0.681741592920354,0.16649919005294486
item_I2510,1.2916485894548493e-05,3.0205912783890288e-05,25,1.8901358535146072e-05,4.42015048644325e-05,0.681741592920354,0.16649919005294486
item_H25813,1.2914813207952465e-05,3.020209737546584e-05,25,1.8901358535146072e-05,4.420150486443249e-05,0.681741592920354,0.16649919005294486
item_Q2035,1.2909795148164371e-05,3.0190321869998554e-05,25,1.8901358535146072e-05,4.420150486443249e-05,0.681741592920354,0.16649919005294486
item_A9500,1.2904777088376281e-05,5.003965615053387e-05,25,1.8901358535146072e-05,7.377434138687357e-05,0.681741592920354,0.16649919005294486
item_Q9965,1.2893068282198014e-05,3.0151765309801663e-05,25,1.890135853513719e-05,4.420150486441172e-05,0.681741592920354,0.16649919005294486
item_17110,1.2888050222415972e-05,3.807951338423924e-05,25,1.8901358535146072e-05,5.582770970174777e-05,0.681741592920354,0.16649919005294486
item_J020,1.2883032162627882e-05,3.012768067394666e-05,25,1.8901358535146072e-05,4.420150486443249e-05,0.681741592920354,0.16649919005294486
item_99211,1.288303216262788e-05,0.000144078398824015,25,1.8901358535146072e-05,0.00021209266405976094,0.681741592920354,0.16649919005294486
item_Z131,1.288303216262788e-05,3.0129823320360905e-05,25,1.8901358535146072e-05,4.42015048644325e-05,0.681741592920354,0.16649919005294486
item_82553,1.2881359476031848e-05,3.81193420126383e-05,25,1.8901358535146072e-05,5.582770970174777e-05,0.681741592920354,0.16649919005294486
item_17000,1.2872996043051697e-05,6.436498021525849e-05,25,1.8901358535146072e-05,9.450679267573036e-05,0.681741592920354,0.16649919005294486
item_00811,1.2841214997727115e-05,3.799318977597421e-05,25,1.8901358535146072e-05,5.5827709701747775e-05,0.681741592920354,0.16649919005294486
item_M79602,1.2832851564746962e-05,8.254822066200929e-05,25,1.8901358535146072e-05,0.0001214344866714738,0.681741592920354,0.16649919005294486
item_I259,1.2832851564746962e-05,8.254822066200929e-05,25,1.8901358535146072e-05,0.0001214344866714738,0.681741592920354,0.16649919005294486
item_HYDROXYCHLOROQUINE SULFAT,1.2817797385382687e-05,2.9976488943766103e-05,25,1.8901358535146072e-05,4.420150486443249e-05,0.681741592920354,0.16649919005294486
item_M19072,1.2809433952402535e-05,2.995661105785875e-05,25,1.8901358535146072e-05,4.42015048644325e-05,0.681741592920354,0.16649919005294486
item_PROMETHAZINE HCL,1.2806088579210474e-05,6.403044289605236e-05,25,1.8901358535146072e-05,9.450679267573036e-05,0.681741592920354,0.16649919005294486
item_ZIPRASIDONE HCL,1.2782670966866046e-05,8.87057000783416e-05,25,1.8901358535146072e-05,0.00013066083892922427,0.681741592920354,0.16649919005294486
item_R0683,1.2779325593670973e-05,8.235702187709883e-05,25,1.8901358535141633e-05,0.000121434486671452,0.681741592920354,0.16649919005294486
item_G5603,1.2759253354521615e-05,6.379626677260808e-05,25,1.8901358535146072e-05,9.450679267573036e-05,0.681741592920354,0.16649919005294486
item_F17290,1.2638819919607408e-05,6.319409959803704e-05,25,1.8901358535146072e-05,9.450679267573036e-05,0.681741592920354,0.16649919005294486
item_85014,1.2633801859813252e-05,0.0001394724783419602,25,1.890135853513719e-05,0.00020370178627884017,0.681741592920354,0.16649919005294486
item_R29898,1.2617074993859041e-05,0.0001674508777539076,25,1.8901358535146072e-05,0.0002475171510898506,0.681741592920354,0.16649919005294486
item_73610,1.2096869462490473e-05,0.00016998696414169363,25,1.8901358535141633e-05,0.0002521718865380808,0.681741592920354,0.16649919005294486
item_K7460,1.0164916444078077e-05,0.00020836885540209948,25,1.4176018901359555e-05,0.0003037202630167093,0.681741592920354,0.16649919005294486
item_80346,9.87052360317672e-06,0.00015681249425141788,25,1.4176018901359555e-05,0.00022957646540102373,0.681741592920354,0.16649919005294486
item_84681,9.810306885716567e-06,6.757101783631018e-05,25,1.4176018901355114e-05,9.836578851580988e-05,0.681741592920354,0.16649919005294486
item_73030,9.773507780603927e-06,0.00015860367327904314,25,1.4176018901355114e-05,0.0002320954838084601,0.681741592920354,0.16649919005294486
item_M7989,9.768489720815793e-06,0.00010313724194571396,25,1.4176018901355114e-05,0.00014989459587063113,0.681741592920354,0.16649919005294486
item_J2710,9.753435541454581e-06,8.829972640496773e-05,25,1.4176018901359555e-05,0.0001290487860458761,0.681741592920354,0.16649919005294486
item_17003,9.751762854855494e-06,3.572918866770375e-05,25,1.4176018901355114e-05,5.194292560846168e-05,0.681741592920354,0.16649919005294486
item_87147,9.750090168259464e-06,4.875045084129732e-05,25,1.4176018901355114e-05,7.088009450677559e-05,0.681741592920354,0.16649919005294486
item_Z01811,9.741726735282349e-06,8.521539433449053e-05,25,1.4176018901359555e-05,0.00012446135561549045,0.681741592920354,0.16649919005294486
item_Z1151,9.74005404868328e-06,3.570480682786728e-05,25,1.4176018901355114e-05,5.194292560846168e-05,0.681741592920354,0.16649919005294486
item_M5126,9.7350359888952e-06,8.522281352613187e-05,25,1.4176018901355114e-05,0.00012446135561549536,0.681741592920354,0.16649919005294486
item_90670,9.731690615703128e-06,2.6897297926924918e-05,25,1.4176018901355114e-05,3.918044643065091e-05,0.681741592920354,0.16649919005294486
item_86039,9.728345242514121e-06,3.572062858051759e-05,25,1.4176018901359555e-05,5.1942925608481475e-05,0.681741592920354,0.16649919005294486
item_BYSTOLIC,9.72834524251412e-06,2.6888173857078105e-05,25,1.4176018901359555e-05,3.918044643066319e-05,0.681741592920354,0.16649919005294486
item_97597,9.721654496129997e-06,2.6869348382933826e-05,25,1.4176018901359555e-05,3.918044643066318e-05,0.681741592920354,0.16649919005294486
item_Z1331,9.718309122931856e-06,0.00011518180797438383,25,1.4176018901350673e-05,0.00016817607012451703,0.681741592920354,0.16649919005294486
item_93970,9.711618376553814e-06,4.245183291002359e-05,25,1.4176018901359555e-05,6.213716809632067e-05,0.681741592920354,0.16649919005294486
item_BUTALBITAL/ACETAMINOPHEN/,9.708273003358698e-06,2.6832423788393707e-05,25,1.4176018901355114e-05,3.918044643065091e-05,0.681741592920354,0.16649919005294486
item_L718,9.704927630169692e-06,2.682325016179997e-05,25,1.4176018901359555e-05,3.918044643066318e-05,0.681741592920354,0.16649919005294486
item_I5022,9.686528077613354e-06,2.677247678552545e-05,25,1.4176018901359555e-05,3.918044643066318e-05,0.681741592920354,0.16649919005294486
item_MOXIFLOXACIN HYDROCHLORID,9.678164644630204e-06,2.6750189800982327e-05,25,1.4176018901355114e-05,3.918044643065091e-05,0.681741592920354,0.16649919005294486
item_N132,9.674819271441142e-06,2.6740093044503127e-05,25,1.4176018901359555e-05,3.918044643066318e-05,0.681741592920354,0.16649919005294486
item_86141,9.67314658484511e-06,2.6735492746352114e-05,25,1.4176018901359555e-05,3.918044643066318e-05,0.681741592920354,0.16649919005294486
item_64405,9.671473898249079e-06,2.6731098702940232e-05,25,1.4176018901359555e-05,3.918044643066319e-05,0.681741592920354,0.16649919005294486
item_TOUJEO SOLOSTAR,9.661437778669855e-06,2.670349188243102e-05,25,1.4176018901355114e-05,3.918044643065091e-05,0.681741592920354,0.16649919005294486
item_ENOXAPARIN SODIUM,9.651401659096712e-06,2.66756340484805e-05,25,1.4176018901359555e-05,3.918044643066318e-05,0.681741592920354,0.16649919005294486
item_99245,9.651401659096712e-06,2.6675322668588075e-05,25,1.4176018901359555e-05,3.918044643066318e-05,0.681741592920354,0.16649919005294486
item_97032,9.65140165909066e-06,2.6675360908403018e-05,25,1.4176018901350673e-05,3.918044643063864e-05,0.681741592920354,0.16649919005294486
item_R0902,9.64471091271259e-06,8.791051793329333e-05,25,1.4176018901359555e-05,0.0001290487860458761,0.681741592920354,0.16649919005294486
item_I313,9.641365539520529e-06,2.664765565835537e-05,25,1.4176018901359555e-05,3.918044643066318e-05,0.681741592920354,0.16649919005294486
item_83835,9.633002106540375e-06,2.6624324441874406e-05,25,1.4176018901359555e-05,3.918044643066318e-05,0.681741592920354,0.16649919005294486
item_99199,9.62129330036816e-06,2.6592075487829016e-05,25,1.4176018901359555e-05,3.918044643066318e-05,0.681741592920354,0.16649919005294486
item_86003,9.612929867388008e-06,2.657026570446312e-05,25,1.4176018901359555e-05,3.918044643066319e-05,0.681741592920354,0.16649919005294486
item_94660,9.609584494192948e-06,2.655963111821211e-05,25,1.4176018901355114e-05,3.918044643065091e-05,0.681741592920354,0.16649919005294486
item_80359,9.596203001424662e-06,5.868536670439781e-05,25,1.4176018901355114e-05,8.573160487134233e-05,0.681741592920354,0.16649919005294486
item_TERBINAFINE HCL,9.59453031483167e-06,2.6517933116678357e-05,25,1.4176018901359555e-05,3.918044643066318e-05,0.681741592920354,0.16649919005294486
item_00840,9.584494195255485e-06,0.0001051479369382738,25,1.4176018901359555e-05,0.0001537249166839499,0.681741592920354,0.16649919005294486
item_27096,9.574458075679305e-06,6.681308702727071e-05,25,1.4176018901359555e-05,9.836578851583143e-05,0.681741592920354,0.16649919005294486
item_Z13820,9.569440015891212e-06,2.6449427541721004e-05,25,1.4176018901359555e-05,3.918044643066319e-05,0.681741592920354,0.16649919005294486
item_MOMETASONE FUROATE,9.567767329298205e-06,4.214189153747072e-05,25,1.4176018901363996e-05,6.213716809631082e-05,0.681741592920354,0.16649919005294486
item_OSELTAMIVIR PHOSPHATE,9.53598628397054e-06,0.00030052525317185533,25,1.4176018901359555e-05,0.0004411195873388411,0.681741592920354,0.16649919005294486
item_G8907,9.500859865450957e-06,6.64981635020291e-05,25,1.4176018901355114e-05,9.836578851580987e-05,0.681741592920354,0.16649919005294486
item_M79641,9.17803135242307e-06,0.00018042342063324373,25,1.4176018901363996e-05,0.000264857991270741,0.681741592920354,0.16649919005294486
item_90834,7.3564756493305596e-06,0.0004079497863764872,25,9.450679267555274e-06,0.0005984134739238641,0.681741592920354,0.16649919005294486
item_PREDNISONE,7.010229523967339e-06,0.00047363577075795136,25,9.450679267577478e-06,0.0006954842778280025,0.681741592920354,0.16649919005294486
item_METRONIDAZOLE,6.9065229550104645e-06,0.0003197422292960262,25,9.450679267573036e-06,0.00046748633047629924,0.681741592920354,0.16649919005294486
item_J0696,6.774380713924032e-06,0.00012329359264741027,25,9.450679267573036e-06,0.0001801939151588639,0.681741592920354,0.16649919005294486
item_82306,6.760999221158831e-06,0.00027655143659112614,25,9.450679267577478e-06,0.00040482631174848857,0.681741592920354,0.16649919005294486
item_72040,6.6037666811289116e-06,5.645242651027959e-05,25,9.450679267573036e-06,8.29742370770112e-05,0.681741592920354,0.16649919005294486
item_ADVAIR DISKUS,6.521805037926428e-06,3.996732364983405e-05,25,9.450679267577478e-06,5.827386724531299e-05,0.681741592920354,0.16649919005294486
item_86704,6.508423545155166e-06,2.2526281186594873e-05,25,9.450679267573036e-06,3.2709682468669707e-05,0.681741592920354,0.16649919005294486
item_R0781,6.506750858562159e-06,9.01418474794428e-05,25,9.450679267577478e-06,0.00013172458108823284,0.681741592920354,0.16649919005294486
item_82040,6.50006011218408e-06,0.00012735986933067506,25,9.45067926758636e-06,0.00018653623598861312,0.681741592920354,0.16649919005294486
item_E038,6.500060112175013e-06,3.250030056087507e-05,25,9.450679267573036e-06,4.725339633786518e-05,0.681741592920354,0.16649919005294486
item_77065,6.500060112175013e-06,3.250030056087507e-05,25,9.450679267573036e-06,4.725339633786518e-05,0.681741592920354,0.16649919005294486
item_CIALIS,6.500060112171959e-06,3.2500300560859794e-05,25,9.450679267568596e-06,4.725339633784298e-05,0.681741592920354,0.16649919005294486
item_99306,6.500060112171959e-06,3.2500300560859794e-05,25,9.450679267568596e-06,4.725339633784298e-05,0.681741592920354,0.16649919005294486
item_77003,6.495042052386921e-06,2.2479953668901213e-05,25,9.450679267573036e-06,3.2709682468669707e-05,0.681741592920354,0.16649919005294486
item_78306,6.49504205238692e-06,2.248008331553836e-05,25,9.450679267573036e-06,3.2709682468669707e-05,0.681741592920354,0.16649919005294486
item_K2960,6.495042052383879e-06,2.248008331552787e-05,25,9.450679267568596e-06,3.270968246865434e-05,0.681741592920354,0.16649919005294486
item_RIZATRIPTAN BENZOATE ODT,6.493369365790889e-06,2.2474315909914766e-05,25,9.450679267573036e-06,3.2709682468669707e-05,0.681741592920354,0.16649919005294486
item_92002,6.49002399259578e-06,3.24501199629789e-05,25,9.450679267568596e-06,4.725339633784298e-05,0.681741592920354,0.16649919005294486
item_92567,6.49002399259578e-06,3.24501199629789e-05,25,9.450679267568596e-06,4.725339633784298e-05,0.681741592920354,0.16649919005294486
item_L219,6.488351305999756e-06,2.245685478032788e-05,25,9.450679267568596e-06,3.270968246865434e-05,0.681741592920354,0.16649919005294486
item_82390,6.485005932807683e-06,2.244527616555912e-05,25,9.450679267568596e-06,3.270968246865434e-05,0.681741592920354,0.16649919005294486
item_PREDNISOLONE ACETATE,6.481660559618675e-06,2.243365208077424e-05,25,9.450679267573036e-06,3.2709682468669707e-05,0.681741592920354,0.16649919005294486
item_87625,6.4816605596186744e-06,2.2433769003604085e-05,25,9.450679267573036e-06,3.2709682468669707e-05,0.681741592920354,0.16649919005294486
item_47562,6.479987873022645e-06,3.239993936511323e-05,25,9.450679267573036e-06,4.725339633786518e-05,0.681741592920354,0.16649919005294486
item_MOVIPREP,6.479987873022645e-06,2.2427871695615427e-05,25,9.450679267573036e-06,3.2709682468669707e-05,0.681741592920354,0.16649919005294486
item_01936,6.4783151864235725e-06,8.714418908176327e-05,25,9.450679267568596e-06,0.0001272336634881039,0.681741592920354,0.16649919005294486
item_QVAR,6.476642499830584e-06,2.2416731859057877e-05,25,9.450679267573036e-06,3.270968246866971e-05,0.681741592920354,0.16649919005294486
item_83883,6.476642499830584e-06,2.2416267059001517e-05,25,9.450679267573036e-06,3.270968246866971e-05,0.681741592920354,0.16649919005294486
item_F315,6.476642499830584e-06,2.2416731859057877e-05,25,9.450679267573036e-06,3.270968246866971e-05,0.681741592920354,0.16649919005294486
item_R1013,6.473297126635481e-06,3.23664856331774e-05,25,9.450679267568596e-06,4.7253396337842973e-05,0.681741592920354,0.16649919005294486
item_M25521,6.471624440042491e-06,2.239918940833643e-05,25,9.450679267573036e-06,3.270968246866971e-05,0.681741592920354,0.16649919005294486
item_99224,6.4699517534464614e-06,3.234975876723231e-05,25,9.450679267573036e-06,4.725339633786518e-05,0.681741592920354,0.16649919005294486
item_N200,6.4699517534434214e-06,3.2349758767217105e-05,25,9.450679267568596e-06,4.7253396337842973e-05,0.681741592920354,0.16649919005294486
item_J7512,6.461588320466308e-06,2.2365046850830548e-05,25,9.450679267573036e-06,3.2709682468669707e-05,0.681741592920354,0.16649919005294486
item_A9502,6.459915633870278e-06,2.2358399894495764e-05,25,9.450679267573036e-06,3.2709682468669707e-05,0.681741592920354,0.16649919005294486
item_MEGESTROL ACETATE,6.459915633870277e-06,3.229957816935139e-05,25,9.450679267573036e-06,4.725339633786518e-05,0.681741592920354,0.16649919005294486
item_MIDODRINE HCL,6.458242947274247e-06,2.2353175303307702e-05,25,9.450679267573036e-06,3.2709682468669707e-05,0.681741592920354,0.16649919005294486
item_FARXIGA,6.458242947274247e-06,2.2353175303307702e-05,25,9.450679267573036e-06,3.2709682468669707e-05,0.681741592920354,0.16649919005294486
item_97016,6.458242947271207e-06,2.235262117157917e-05,25,9.450679267568596e-06,3.2709682468654345e-05,0.681741592920354,0.16649919005294486
item_R918,6.456570260681255e-06,0.00011909020215424091,25,9.450679267577478e-06,0.00017362006446188744,0.681741592920354,0.16649919005294486
item_J3089,6.456570260678215e-06,2.23468734287259e-05,25,9.450679267573036e-06,3.2709682468669707e-05,0.681741592920354,0.16649919005294486
item_80364,6.45657026067518e-06,8.69728094221267e-05,25,9.450679267568596e-06,0.0001272336634881039,0.681741592920354,0.16649919005294486
item_ACETAMINOPHEN/CODEINE PHO,6.454897574082186e-06,2.234168827725645e-05,25,9.450679267573036e-06,3.2709682468669707e-05,0.681741592920354,0.16649919005294486
item_METOCLOPRAMIDE HCL,6.449879514294093e-06,2.2323794548445832e-05,25,9.450679267573036e-06,3.2709682468669707e-05,0.681741592920354,0.16649919005294486
item_99441,6.446534141102032e-06,3.223267070551015e-05,25,9.450679267573036e-06,4.725339633786518e-05,0.681741592920354,0.16649919005294486
item_M7711,6.443188767909971e-06,2.2300741968537788e-05,25,9.450679267573036e-06,3.2709682468669707e-05,0.681741592920354,0.16649919005294486
item_Z940,6.441516081313941e-06,2.2294786857749453e-05,25,9.450679267573036e-06,3.2709682468669707e-05,0.681741592920354,0.16649919005294486
item_J8540,6.441516081313941e-06,2.2294924117295376e-05,25,9.450679267573036e-06,3.2709682468669707e-05,0.681741592920354,0.16649919005294486
item_J45909,6.4398433947179115e-06,0.0001202313638659779,25,9.450679267573036e-06,0.00017693752265140846,0.681741592920354,0.16649919005294486
item_F902,6.43984339471791e-06,2.2289225566727944e-05,25,9.450679267573036e-06,3.2709682468669707e-05,0.681741592920354,0.16649919005294486
item_GLIMEPIRIDE,6.43817070812188e-06,2.2283404447150795e-05,25,9.450679267573036e-06,3.2709682468669707e-05,0.681741592920354,0.16649919005294486
item_84165,6.436498021525849e-06,2.2277480286290512e-05,25,9.450679267573036e-06,3.2709682468669707e-05,0.681741592920354,0.16649919005294486
item_I340,6.436498021525849e-06,3.218249010762924e-05,25,9.450679267573036e-06,4.725339633786518e-05,0.681741592920354,0.16649919005294486
item_84300,6.436498021525849e-06,2.2277320024679832e-05,25,9.450679267573036e-06,3.2709682468669707e-05,0.681741592920354,0.16649919005294486
item_ENTRESTO,6.436498021525849e-06,2.2277647087966984e-05,25,9.450679267573036e-06,3.2709682468669707e-05,0.681741592920354,0.16649919005294486
item_88184,6.436498021525849e-06,3.218249010762924e-05,25,9.450679267573036e-06,4.725339633786518e-05,0.681741592920354,0.16649919005294486
item_LANSOPRAZOLE,6.434825334929819e-06,2.2272421350338513e-05,25,9.450679267573036e-06,3.2709682468669707e-05,0.681741592920354,0.16649919005294486
item_L309,6.431479961737757e-06,2.226018853976418e-05,25,9.450679267573036e-06,3.2709682468669707e-05,0.681741592920354,0.16649919005294486
item_93271,6.424789215353635e-06,2.223739190987918e-05,25,9.450679267573036e-06,3.2709682468669707e-05,0.681741592920354,0.16649919005294486
item_95810,6.416425782373482e-06,2.2207877660686412e-05,25,9.450679267573036e-06,3.2709682468669707e-05,0.681741592920354,0.16649919005294486
item_CLOTRIMAZOLE/BETAMETHASON,6.414753095777451e-06,2.220207931926984e-05,25,9.450679267573036e-06,3.2709682468669707e-05,0.681741592920354,0.16649919005294486
item_H6691,6.414753095777451e-06,2.220242061769195e-05,25,9.450679267573036e-06,3.2709682468669707e-05,0.681741592920354,0.16649919005294486
item_94799,6.413080409181421e-06,3.2065402045907104e-05,25,9.450679267573036e-06,4.725339633786518e-05,0.681741592920354,0.16649919005294486
item_67028,6.413080409181421e-06,3.2065402045907104e-05,25,9.450679267573036e-06,4.725339633786518e-05,0.681741592920354,0.16649919005294486
item_INDOMETHACIN,6.413080409181421e-06,3.2065402045907104e-05,25,9.450679267573036e-06,4.725339633786518e-05,0.681741592920354,0.16649919005294486
item_C50911,6.409735035989359e-06,2.2187084970428852e-05,25,9.450679267573036e-06,3.2709682468669707e-05,0.681741592920354,0.16649919005294486
item_ELIQUIS,6.408062349396384e-06,8.957609616239633e-05,25,9.450679267577478e-06,0.00013172458108823284,0.681741592920354,0.16649919005294486
item_H5213,6.4080623493933284e-06,2.2179138863346256e-05,25,9.450679267573036e-06,3.2709682468669707e-05,0.681741592920354,0.16649919005294486
item_ERYTHROMYCIN,6.406389662797298e-06,3.2031948313986486e-05,25,9.450679267573036e-06,4.725339633786518e-05,0.681741592920354,0.16649919005294486
item_PRAZOSIN HCL,6.3980262298171434e-06,8.650014575100794e-05,25,9.450679267573036e-06,0.00012723366348812504,0.681741592920354,0.16649919005294486
item_PREMPRO,6.393008170026055e-06,2.2126850278507513e-05,25,9.450679267568596e-06,3.2709682468654345e-05,0.681741592920354,0.16649919005294486
item_87077,6.391335483433021e-06,8.975839227347686e-05,25,9.450679267573036e-06,0.00013172458108823734,0.681741592920354,0.16649919005294486
item_ATENOLOL,6.389662796836991e-06,2.2116671827648895e-05,25,9.450679267573036e-06,3.2709682468669707e-05,0.681741592920354,0.16649919005294486
item_LACTULOSE,6.3863174236449296e-06,7.294619027245823e-05,25,9.450679267573036e-06,0.00010740840084258189,0.681741592920354,0.16649919005294486
item_72170,6.384644737048898e-06,3.2059377310484024e-05,25,9.450679267573036e-06,4.725339633786518e-05,0.681741592920354,0.16649919005294486
item_99242,6.377953990664776e-06,2.2075704482796495e-05,25,9.450679267573036e-06,3.2709682468669707e-05,0.681741592920354,0.16649919005294486
item_80347,6.372935930876685e-06,2.2058171322969162e-05,25,9.450679267573036e-06,3.2709682468669707e-05,0.681741592920354,0.16649919005294486
item_82525,6.362899811300501e-06,2.2023148881471515e-05,25,9.450679267573036e-06,3.2709682468669707e-05,0.681741592920354,0.16649919005294486
item_INVOKANA,6.36289981129749e-06,2.202314888146102e-05,25,9.450679267568596e-06,3.270968246865434e-05,0.681741592920354,0.16649919005294486
item_R202,6.329446079376849e-06,0.00018197885718083652,25,9.450679267568596e-06,0.0002661719963161263,0.681741592920354,0.16649919005294486
item_SYNTHROID,6.306028467038443e-06,9.211996672935635e-05,25,9.450679267577478e-06,0.000136067356118674,0.681741592920354,0.16649919005294486
item_BUPROPION HCL,6.292646974267214e-06,8.597950464683606e-05,25,9.450679267573036e-06,0.00012723366348812502,0.681741592920354,0.16649919005294486
item_Z1211,6.227412197025077e-06,8.056765775211775e-05,25,9.450679267577478e-06,0.00011773905404784189,0.681741592920354,0.16649919005294486
item_PAROXETINE HCL,6.117014881687023e-06,0.0001583494659325384,25,9.450679267577478e-06,0.00023359385627036268,0.681741592920354,0.16649919005294486
item_LISINOPRIL,4.37240276202094e-06,0.00043320991473108633,25,4.725339633782078e-06,0.0006356928415856842,0.681741592920354,0.16649919005294486
item_R45851,3.5410775237968113e-06,0.00022524297462561517,25,4.725339633786518e-06,0.0003297173239681539,0.681741592920354,0.16649919005294486
item_92133,3.5042784186841298e-06,0.00014776688705360225,25,4.725339633786518e-06,0.00021697148752046155,0.681741592920354,0.16649919005294486
item_76937,3.4959149857070166e-06,0.00019486506749566345,25,4.725339633790959e-06,0.0002862960540152493,0.681741592920354,0.16649919005294486
item_S0990XA,3.4724973733595836e-06,0.0002928062368381465,25,4.725339633786518e-06,0.0004293086566932348,0.681741592920354,0.16649919005294486
item_G8417,3.4172987156905533e-06,0.0001614229891889276,25,4.725339633786518e-06,0.0002374453779355073,0.681741592920354,0.16649919005294486
item_JANUVIA,3.296865280773367e-06,3.641287648634631e-05,25,4.725339633782078e-06,5.370420042128118e-05,0.681741592920354,0.16649919005294486
item_J029,3.291847220988267e-06,9.149786680932058e-05,25,4.725339633786518e-06,0.00013417385341522685,0.681741592920354,0.16649919005294486
item_J9600,3.2901745343922406e-06,2.8470372326088553e-05,25,4.725339633786518e-06,4.14871185385056e-05,0.681741592920354,0.16649919005294486
item_I499,3.2818111014120875e-06,5.4485011308298174e-05,25,4.725339633786518e-06,7.983120666554342e-05,0.681741592920354,0.16649919005294486
item_H6123,3.266756922047813e-06,7.184416543486736e-05,25,4.725339633786518e-06,0.00010499934338235356,0.681741592920354,0.16649919005294486
item_PRAVASTATIN SODIUM,3.2583934890676593e-06,1.6291967445338294e-05,25,4.725339633786518e-06,2.362669816893259e-05,0.681741592920354,0.16649919005294486
item_93227,3.2583934890676593e-06,1.6291967445338294e-05,25,4.725339633786518e-06,2.362669816893259e-05,0.681741592920354,0.16649919005294486
item_C50919,3.2583934890676593e-06,1.6291967445338294e-05,25,4.725339633786518e-06,2.362669816893259e-05,0.681741592920354,0.16649919005294486
item_90656,3.2583934890676593e-06,1.6291967445338294e-05,25,4.725339633786518e-06,2.362669816893259e-05,0.681741592920354,0.16649919005294486
item_M5124,3.2583934890676593e-06,1.6291967445338294e-05,25,4.725339633786518e-06,2.362669816893259e-05,0.681741592920354,0.16649919005294486
item_87081,3.2583934890676593e-06,1.6291967445338294e-05,25,4.725339633786518e-06,2.362669816893259e-05,0.681741592920354,0.16649919005294486
item_M65312,3.2583934890676593e-06,1.6291967445338294e-05,25,4.725339633786518e-06,2.362669816893259e-05,0.681741592920354,0.16649919005294486
item_CARAFATE,3.2583934890676593e-06,1.6291967445338294e-05,25,4.725339633786518e-06,2.362669816893259e-05,0.681741592920354,0.16649919005294486
item_PIROXICAM,3.2583934890676593e-06,1.6291967445338294e-05,25,4.725339633786518e-06,2.362669816893259e-05,0.681741592920354,0.16649919005294486
item_TRAMADOL HCL,3.251702742686591e-06,0.0001583799529960804,25,4.725339633790959e-06,0.00023249599400078873,0.681741592920354,0.16649919005294486
item_64484,3.251702742686578e-06,8.882282161677204e-05,25,4.725339633790959e-06,0.00012976772634992322,0.681741592920354,0.16649919005294486
item_G459,3.2517027426835362e-06,1.6258513713417683e-05,25,4.725339633786518e-06,2.362669816893259e-05,0.681741592920354,0.16649919005294486
item_R269,3.2517027426835362e-06,1.6258513713417683e-05,25,4.725339633786518e-06,2.362669816893259e-05,0.681741592920354,0.16649919005294486
item_R945,3.2517027426835362e-06,1.6258513713417683e-05,25,4.725339633786518e-06,2.362669816893259e-05,0.681741592920354,0.16649919005294486
item_DEXAMETHASONE,3.2517027426835362e-06,1.6258513713417683e-05,25,4.725339633786518e-06,2.362669816893259e-05,0.681741592920354,0.16649919005294486
item_SAVELLA,3.2517027426835362e-06,1.6258513713417683e-05,25,4.725339633786518e-06,2.362669816893259e-05,0.681741592920354,0.16649919005294486
item_BENZTROPINE MESYLATE,3.2500300560875065e-06,1.6250150280437534e-05,25,4.725339633786518e-06,2.362669816893259e-05,0.681741592920354,0.16649919005294486
item_J1453,3.2500300560875065e-06,1.6250150280437534e-05,25,4.725339633786518e-06,2.362669816893259e-05,0.681741592920354,0.16649919005294486
item_86695,3.2500300560875065e-06,1.6250150280437534e-05,25,4.725339633786518e-06,2.362669816893259e-05,0.681741592920354,0.16649919005294486
item_90658,3.2500300560875065e-06,1.6250150280437534e-05,25,4.725339633786518e-06,2.362669816893259e-05,0.681741592920354,0.16649919005294486
item_94727,3.2500300560875065e-06,1.6250150280437534e-05,25,4.725339633786518e-06,2.362669816893259e-05,0.681741592920354,0.16649919005294486
item_77290,3.2500300560844517e-06,1.6250150280422257e-05,25,4.725339633782078e-06,2.3626698168910384e-05,0.681741592920354,0.16649919005294486
item_M546,3.250030056081438e-06,0.00014244564832240788,25,4.725339633777637e-06,0.00020877678506493725,0.681741592920354,0.16649919005294486
item_R1033,3.245011996299415e-06,1.6225059981497072e-05,25,4.725339633786518e-06,2.362669816893259e-05,0.681741592920354,0.16649919005294486
item_99140,3.245011996299415e-06,1.6225059981497072e-05,25,4.725339633786518e-06,2.362669816893259e-05,0.681741592920354,0.16649919005294486
item_POLYMYXIN B SULFATE/TRIME,3.245011996299415e-06,1.6225059981497072e-05,25,4.725339633786518e-06,2.362669816893259e-05,0.681741592920354,0.16649919005294486
item_H52203,3.245011996299415e-06,1.6225059981497072e-05,25,4.725339633786518e-06,2.362669816893259e-05,0.681741592920354,0.16649919005294486
item_82330,3.2399939365113224e-06,1.6199969682556614e-05,25,4.725339633786518e-06,2.362669816893259e-05,0.681741592920354,0.16649919005294486
item_87481,3.2399939365113224e-06,1.6199969682556614e-05,25,4.725339633786518e-06,2.362669816893259e-05,0.681741592920354,0.16649919005294486
item_OXYBUTYNIN CHLORIDE ER,3.2399939365113224e-06,1.6199969682556614e-05,25,4.725339633786518e-06,2.362669816893259e-05,0.681741592920354,0.16649919005294486
item_95024,3.2399939365113224e-06,1.6199969682556614e-05,25,4.725339633786518e-06,2.362669816893259e-05,0.681741592920354,0.16649919005294486
item_CALCIUM ACETATE,3.2399939365113224e-06,1.6199969682556614e-05,25,4.725339633786518e-06,2.362669816893259e-05,0.681741592920354,0.16649919005294486
item_97035,3.2399939365113224e-06,1.6199969682556614e-05,25,4.725339633786518e-06,2.362669816893259e-05,0.681741592920354,0.16649919005294486
item_G0500,3.2399939365113224e-06,1.6199969682556614e-05,25,4.725339633786518e-06,2.362669816893259e-05,0.681741592920354,0.16649919005294486
item_R7303,3.2399939365113224e-06,1.6199969682556614e-05,25,4.725339633786518e-06,2.362669816893259e-05,0.681741592920354,0.16649919005294486
item_L98499,3.2399939365113224e-06,1.6199969682556614e-05,25,4.725339633786518e-06,2.362669816893259e-05,0.681741592920354,0.16649919005294486
item_K828,3.2399939365113224e-06,1.6199969682556614e-05,25,4.725339633786518e-06,2.362669816893259e-05,0.681741592920354,0.16649919005294486
item_G0180,3.2383212499152774e-06,7.912777552855769e-05,25,4.725339633786518e-06,0.00011554558575404028,0.681741592920354,0.16649919005294486
item_Q9957,3.236648563319261e-06,1.6183242816596305e-05,25,4.725339633786518e-06,2.362669816893259e-05,0.681741592920354,0.16649919005294486
item_FREESTYLE LANCETS,3.236648563319261e-06,1.6183242816596305e-05,25,4.725339633786518e-06,2.362669816893259e-05,0.681741592920354,0.16649919005294486
item_F321,3.236648563319261e-06,1.6183242816596305e-05,25,4.725339633786518e-06,2.362669816893259e-05,0.681741592920354,0.16649919005294486
item_73660,3.236648563319261e-06,1.6183242816596305e-05,25,4.725339633786518e-06,2.362669816893259e-05,0.681741592920354,0.16649919005294486
item_HUMULIN 70/30,3.236648563316219e-06,1.6183242816581096e-05,25,4.725339633782078e-06,2.3626698168910384e-05,0.681741592920354,0.16649919005294486
item_A9552,3.236648563316219e-06,1.6183242816581096e-05,25,4.725339633782078e-06,2.3626698168910384e-05,0.681741592920354,0.16649919005294486
item_CALCIPOTRIENE,3.236648563316219e-06,1.6183242816581096e-05,25,4.725339633782078e-06,2.3626698168910384e-05,0.681741592920354,0.16649919005294486
item_E109,3.2349758767232307e-06,1.6174879383616156e-05,25,4.725339633786518e-06,2.362669816893259e-05,0.681741592920354,0.16649919005294486
item_97163,3.2349758767232307e-06,1.6174879383616156e-05,25,4.725339633786518e-06,2.362669816893259e-05,0.681741592920354,0.16649919005294486
item_86300,3.2349758767232307e-06,1.6174879383616156e-05,25,4.725339633786518e-06,2.362669816893259e-05,0.681741592920354,0.16649919005294486
item_82565,3.2349758767232307e-06,1.6174879383616156e-05,25,4.725339633786518e-06,2.362669816893259e-05,0.681741592920354,0.16649919005294486
item_C1725,3.2349758767232307e-06,1.6174879383616156e-05,25,4.725339633786518e-06,2.362669816893259e-05,0.681741592920354,0.16649919005294486
item_TEMAZEPAM,3.2349758767201907e-06,1.6174879383600953e-05,25,4.725339633782078e-06,2.3626698168910384e-05,0.681741592920354,0.16649919005294486
item_J2543,3.2299578169351386e-06,1.6149789084675694e-05,25,4.725339633786518e-06,2.362669816893259e-05,0.681741592920354,0.16649919005294486
item_NEOMYCIN/POLYMYXIN/HYDROC,3.2299578169351386e-06,1.6149789084675694e-05,25,4.725339633786518e-06,2.362669816893259e-05,0.681741592920354,0.16649919005294486
item_NYSTOP,3.2299578169351386e-06,1.6149789084675694e-05,25,4.725339633786518e-06,2.362669816893259e-05,0.681741592920354,0.16649919005294486
item_82270,3.2299578169351386e-06,1.6149789084675694e-05,25,4.725339633786518e-06,2.362669816893259e-05,0.681741592920354,0.16649919005294486
item_C1874,3.2299578169351386e-06,1.6149789084675694e-05,25,4.725339633786518e-06,2.362669816893259e-05,0.681741592920354,0.16649919005294486
item_PRASUGREL,3.2299578169351386e-06,1.6149789084675694e-05,25,4.725339633786518e-06,2.362669816893259e-05,0.681741592920354,0.16649919005294486
item_77001,3.2299578169351386e-06,1.6149789084675694e-05,25,4.725339633786518e-06,2.362669816893259e-05,0.681741592920354,0.16649919005294486
item_00300,3.2299578169351386e-06,1.6149789084675694e-05,25,4.725339633786518e-06,2.362669816893259e-05,0.681741592920354,0.16649919005294486
item_74183,3.224939757147047e-06,1.6124698785735236e-05,25,4.725339633786518e-06,2.362669816893259e-05,0.681741592920354,0.16649919005294486
item_80331,3.224939757147047e-06,1.6124698785735236e-05,25,4.725339633786518e-06,2.362669816893259e-05,0.681741592920354,0.16649919005294486
item_HYDROMORPHONE HCL,3.224939757147047e-06,1.6124698785735236e-05,25,4.725339633786518e-06,2.362669816893259e-05,0.681741592920354,0.16649919005294486
item_ENALAPRIL MALEATE,3.224939757147047e-06,1.6124698785735236e-05,25,4.725339633786518e-06,2.362669816893259e-05,0.681741592920354,0.16649919005294486
item_64615,3.224939757147047e-06,1.6124698785735236e-05,25,4.725339633786518e-06,2.362669816893259e-05,0.681741592920354,0.16649919005294486
item_87088,3.224939757147047e-06,1.6124698785735236e-05,25,4.725339633786518e-06,2.362669816893259e-05,0.681741592920354,0.16649919005294486
item_01400,3.224939757147047e-06,1.6124698785735236e-05,25,4.725339633786518e-06,2.362669816893259e-05,0.681741592920354,0.16649919005294486
item_76641,3.223267070551016e-06,1.6116335352755076e-05,25,4.725339633786518e-06,2.362669816893259e-05,0.681741592920354,0.16649919005294486
item_73718,3.223267070551016e-06,1.6116335352755076e-05,25,4.725339633786518e-06,2.362669816893259e-05,0.681741592920354,0.16649919005294486
item_99307,3.223267070551016e-06,1.6116335352755076e-05,25,4.725339633786518e-06,2.362669816893259e-05,0.681741592920354,0.16649919005294486
item_L821,3.223267070551016e-06,1.6116335352755076e-05,25,4.725339633786518e-06,2.362669816893259e-05,0.681741592920354,0.16649919005294486
item_DESONIDE,3.219921697358955e-06,1.6099608486794774e-05,25,4.725339633786518e-06,2.362669816893259e-05,0.681741592920354,0.16649919005294486
item_G2581,3.219921697358955e-06,1.6099608486794774e-05,25,4.725339633786518e-06,2.362669816893259e-05,0.681741592920354,0.16649919005294486
item_NIFEDIPINE ER,3.219921697358955e-06,1.6099608486794774e-05,25,4.725339633786518e-06,2.362669816893259e-05,0.681741592920354,0.16649919005294486
item_L723,3.219921697358955e-06,1.6099608486794774e-05,25,4.725339633786518e-06,2.362669816893259e-05,0.681741592920354,0.16649919005294486
item_R29810,3.219921697358955e-06,1.6099608486794774e-05,25,4.725339633786518e-06,2.362669816893259e-05,0.681741592920354,0.16649919005294486
item_Z008,3.219921697358955e-06,1.6099608486794774e-05,25,4.725339633786518e-06,2.362669816893259e-05,0.681741592920354,0.16649919005294486
item_N3090,3.219921697358955e-06,1.6099608486794774e-05,25,4.725339633786518e-06,2.362669816893259e-05,0.681741592920354,0.16649919005294486
item_R252,3.2182490107629243e-06,1.609124505381462e-05,25,4.725339633786518e-06,2.362669816893259e-05,0.681741592920354,0.16649919005294486
item_G959,3.2182490107629243e-06,1.609124505381462e-05,25,4.725339633786518e-06,2.362669816893259e-05,0.681741592920354,0.16649919005294486
item_83874,3.2182490107629243e-06,1.609124505381462e-05,25,4.725339633786518e-06,2.362669816893259e-05,0.681741592920354,0.16649919005294486
item_I6523,3.2182490107629243e-06,1.609124505381462e-05,25,4.725339633786518e-06,2.362669816893259e-05,0.681741592920354,0.16649919005294486
item_89051,3.2182490107629243e-06,1.609124505381462e-05,25,4.725339633786518e-06,2.362669816893259e-05,0.681741592920354,0.16649919005294486
item_74300,3.2182490107629243e-06,1.609124505381462e-05,25,4.725339633786518e-06,2.362669816893259e-05,0.681741592920354,0.16649919005294486
item_A9503,3.2182490107629243e-06,1.609124505381462e-05,25,4.725339633786518e-06,2.362669816893259e-05,0.681741592920354,0.16649919005294486
item_92226,3.2182490107629243e-06,1.609124505381462e-05,25,4.725339633786518e-06,2.362669816893259e-05,0.681741592920354,0.16649919005294486
item_83002,3.2182490107629243e-06,1.609124505381462e-05,25,4.725339633786518e-06,2.362669816893259e-05,0.681741592920354,0.16649919005294486
item_R220,3.2182490107629243e-06,1.609124505381462e-05,25,4.725339633786518e-06,2.362669816893259e-05,0.681741592920354,0.16649919005294486
item_LABETALOL HYDROCHLORIDE,3.2182490107629243e-06,1.609124505381462e-05,25,4.725339633786518e-06,2.362669816893259e-05,0.681741592920354,0.16649919005294486
item_70553,3.2165763241668946e-06,4.906569413197309e-05,25,4.725339633786518e-06,7.218075518733876e-05,0.681741592920354,0.16649919005294486
item_84244,3.2132309509748327e-06,1.6066154754874163e-05,25,4.725339633786518e-06,2.3626698168932593e-05,0.681741592920354,0.16649919005294486
item_Z139,3.2132309509748327e-06,1.6066154754874163e-05,25,4.725339633786518e-06,2.3626698168932593e-05,0.681741592920354,0.16649919005294486
item_84702,3.211558264378802e-06,1.605779132189401e-05,25,4.725339633786518e-06,2.362669816893259e-05,0.681741592920354,0.16649919005294486
item_J7644,3.211558264378802e-06,1.605779132189401e-05,25,4.725339633786518e-06,2.362669816893259e-05,0.681741592920354,0.16649919005294486
item_LATANOPROST,3.211558264378802e-06,1.605779132189401e-05,25,4.725339633786518e-06,2.362669816893259e-05,0.681741592920354,0.16649919005294486
item_88331,3.211558264378802e-06,1.605779132189401e-05,25,4.725339633786518e-06,2.362669816893259e-05,0.681741592920354,0.16649919005294486
item_Z7189,3.211558264378802e-06,1.605779132189401e-05,25,4.725339633786518e-06,2.362669816893259e-05,0.681741592920354,0.16649919005294486
item_R1909,3.2065402045907105e-06,1.6032701022953552e-05,25,4.725339633786518e-06,2.362669816893259e-05,0.681741592920354,0.16649919005294486
item_J2550,3.2065402045907105e-06,1.6032701022953552e-05,25,4.725339633786518e-06,2.362669816893259e-05,0.681741592920354,0.16649919005294486
item_H539,3.2065402045907105e-06,1.6032701022953552e-05,25,4.725339633786518e-06,2.362669816893259e-05,0.681741592920354,0.16649919005294486
item_OMEPRAZOLE DR,3.2065402045907105e-06,1.6032701022953552e-05,25,4.725339633786518e-06,2.362669816893259e-05,0.681741592920354,0.16649919005294486
item_90662,3.2065402045907105e-06,1.6032701022953552e-05,25,4.725339633786518e-06,2.362669816893259e-05,0.681741592920354,0.16649919005294486
item_73700,3.203194831398649e-06,1.6015974156993243e-05,25,4.725339633786518e-06,2.362669816893259e-05,0.681741592920354,0.16649919005294486
item_95951,3.203194831398649e-06,1.6015974156993243e-05,25,4.725339633786518e-06,2.362669816893259e-05,0.681741592920354,0.16649919005294486
item_86255,3.203194831398649e-06,1.6015974156993243e-05,25,4.725339633786518e-06,2.3626698168932593e-05,0.681741592920354,0.16649919005294486
item_82272,3.203194831398649e-06,1.6015974156993243e-05,25,4.725339633786518e-06,2.362669816893259e-05,0.681741592920354,0.16649919005294486
item_80202,3.203194831398649e-06,1.6015974156993243e-05,25,4.725339633786518e-06,2.3626698168932593e-05,0.681741592920354,0.16649919005294486
item_R0981,3.2015221448026184e-06,1.600761072401309e-05,25,4.725339633786518e-06,2.362669816893259e-05,0.681741592920354,0.16649919005294486
item_51741,3.2015221448026184e-06,1.600761072401309e-05,25,4.725339633786518e-06,2.362669816893259e-05,0.681741592920354,0.16649919005294486
item_80185,3.2015221448026184e-06,1.600761072401309e-05,25,4.725339633786518e-06,2.362669816893259e-05,0.681741592920354,0.16649919005294486
item_N189,3.2015221448026184e-06,1.600761072401309e-05,25,4.725339633786518e-06,2.362669816893259e-05,0.681741592920354,0.16649919005294486
item_AFLURIA QUADRIVALENT 2018,3.2015221448026184e-06,1.600761072401309e-05,25,4.725339633786518e-06,2.362669816893259e-05,0.681741592920354,0.16649919005294486
item_84450,3.1981767716075215e-06,7.548757549659175e-05,25,4.725339633782078e-06,0.00011039847031994256,0.681741592920354,0.16649919005294486
item_L720,3.1898133386304037e-06,1.5949066693152024e-05,25,4.725339633786518e-06,2.362669816893259e-05,0.681741592920354,0.16649919005294486
item_00731,3.1898133386304037e-06,1.594906669315202e-05,25,4.725339633786518e-06,2.362669816893259e-05,0.681741592920354,0.16649919005294486
item_52356,3.1898133386304037e-06,1.594906669315202e-05,25,4.725339633786518e-06,2.362669816893259e-05,0.681741592920354,0.16649919005294486
item_D179,3.1898133386304037e-06,1.5949066693152024e-05,25,4.725339633786518e-06,2.362669816893259e-05,0.681741592920354,0.16649919005294486
item_VIAGRA,3.1898133386304037e-06,1.5949066693152024e-05,25,4.725339633786518e-06,2.362669816893259e-05,0.681741592920354,0.16649919005294486
item_01610,3.1898133386304037e-06,1.5949066693152024e-05,25,4.725339633786518e-06,2.362669816893259e-05,0.681741592920354,0.16649919005294486
item_R87610,3.1898133386304037e-06,1.5949066693152024e-05,25,4.725339633786518e-06,2.362669816893259e-05,0.681741592920354,0.16649919005294486
item_93350,3.1898133386304037e-06,1.594906669315202e-05,25,4.725339633786518e-06,2.362669816893259e-05,0.681741592920354,0.16649919005294486
item_D689,3.189813338627406e-06,1.594906669313703e-05,25,4.725339633782078e-06,2.3626698168910384e-05,0.681741592920354,0.16649919005294486
item_Z041,3.159704979901852e-06,1.579852489950926e-05,25,4.725339633786518e-06,2.362669816893259e-05,0.681741592920354,0.16649919005294486
item_99255,3.159704979901852e-06,1.579852489950926e-05,25,4.725339633786518e-06,2.362669816893259e-05,0.681741592920354,0.16649919005294486
item_PROPRANOLOL HCL,3.159704979901852e-06,1.579852489950926e-05,25,4.725339633786518e-06,2.362669816893259e-05,0.681741592920354,0.16649919005294486
item_N3946,3.159704979901852e-06,1.579852489950926e-05,25,4.725339633786518e-06,2.362669816893259e-05,0.681741592920354,0.16649919005294486
item_NITROFURANTOIN MONOHYDRAT,3.0927975160666794e-06,0.00013056030631749404,25,4.7253396337954e-06,0.00019133735953149724,0.681741592920354,0.16649919005294486
item_99225,3.092797516063674e-06,0.00011752372687270384,25,4.725339633790959e-06,0.000172140129902689,0.681741592920354,0.16649919005294486
item_86738,3.076070650097312e-06,9.113649288563793e-05,25,4.725339633782078e-06,0.00013417385341523515,0.681741592920354,0.16649919005294486
item_77061,3.0743979635042896e-06,7.905778071273578e-05,25,4.725339633786518e-06,0.00011554558575406392,0.681741592920354,0.16649919005294486
item_CHLORTHALIDONE,3.0727252769112847e-06,9.073770586330931e-05,25,4.725339633790959e-06,0.00013417385341524702,0.681741592920354,0.16649919005294486
item_PHENAZOPYRIDINE HCL,3.0576710975439743e-06,0.0001604354290351266,25,4.725339633786518e-06,0.00023498371723309355,0.681741592920354,0.16649919005294486
item_SPIRONOLACTONE,2.8368764668770877e-06,0.00018137650828131395,25,4.725339633799841e-06,0.00026520902918655766,0.681741592920354,0.16649919005294486
item_M25562,3.077743336665946e-07,0.0002195641423182551,25,-4.440892098500626e-18,0.0003217195242836759,0.681741592920354,0.16649919005294486
item_85730,2.8937478111631703e-07,0.0003389769087690529,25,4.440892098500626e-18,0.0004965355468760912,0.681741592920354,0.16649919005294486
item_81479,1.7563209258321616e-07,5.1566679960551616e-05,25,0.0,7.6254840445121e-05,0.681741592920354,0.16649919005294486
item_Z760,1.3046955449038906e-07,9.043958805059111e-05,25,0.0,0.00013207725797400772,0.681741592920354,0.16649919005294486
item_82607,1.1039731534711239e-07,0.00013793759693856485,25,1.3322676295501878e-17,0.0002017513440826757,0.681741592920354,0.16649919005294486
item_92557,8.36343298015168e-08,0.00011643070751660754,25,0.0,0.00017051100684865883,0.681741592920354,0.16649919005294486
item_90472,8.028895661250175e-08,0.0001495379638482522,25,4.440892098500626e-18,0.00021836063214036617,0.681741592920354,0.16649919005294486
item_C1894,7.527089681531526e-08,9.576760966386721e-05,25,-8.881784197001253e-18,0.00014060697831350599,0.681741592920354,0.16649919005294486
item_R319,4.68352246888571e-08,2.319006349049037e-05,25,0.0,3.410220136973817e-05,0.681741592920354,0.16649919005294486
item_G0470,4.516253809282709e-08,2.318398809438799e-05,25,0.0,3.410220136973817e-05,0.681741592920354,0.16649919005294486
item_CLOTRIMAZOLE,4.5162538089786985e-08,2.3183988094376947e-05,25,-4.440892098500626e-18,3.410220136972215e-05,0.681741592920354,0.16649919005294486
item_M19011,3.8471791708703796e-08,2.3328700061525592e-05,25,0.0,3.410220136973817e-05,0.681741592920354,0.16649919005294486
item_84144,3.345373192061214e-08,2.323807169608322e-05,25,0.0,3.410220136973817e-05,0.681741592920354,0.16649919005294486
item_OXYMORPHONE HYDROCHLORIDE,3.0108358728551576e-08,2.291208766836114e-05,25,0.0,3.410220136973817e-05,0.681741592920354,0.16649919005294486
item_M25572,2.843567213252048e-08,3.291908451684145e-05,25,0.0,4.8227795683862064e-05,0.681741592920354,0.16649919005294486
item_N898,2.341761234442828e-08,2.3431068627152697e-05,25,0.0,3.410220136973818e-05,0.681741592920354,0.16649919005294486
item_Z09,2.341761234138655e-08,2.3274139088164588e-05,25,-4.440892098500626e-18,3.410220136972215e-05,0.681741592920354,0.16649919005294486
item_R8290,1.8399552556336622e-08,2.3171477077974164e-05,25,0.0,3.410220136973817e-05,0.681741592920354,0.16649919005294486
item_J3370,8.36343298013921e-09,7.345601924762375e-05,25,0.0,0.00010784062955406117,0.681741592920354,0.16649919005294486
item_ACYCLOVIR,6.690746387140629e-09,2.320158006366961e-05,25,4.440892098500626e-18,3.410220136972215e-05,0.681741592920354,0.16649919005294486
item_86703,0.0,0.0,25,0.0,0.0,0.681741592920354,0.16649919005294486
item_86301,0.0,0.0,25,0.0,0.0,0.681741592920354,0.16649919005294486
item_86304,0.0,0.0,25,0.0,0.0,0.681741592920354,0.16649919005294486
item_86308,0.0,0.0,25,0.0,0.0,0.681741592920354,0.16649919005294486
item_86317,0.0,0.0,25,0.0,0.0,0.681741592920354,0.16649919005294486
item_86334,0.0,0.0,25,0.0,0.0,0.681741592920354,0.16649919005294486
item_86335,0.0,0.0,25,0.0,0.0,0.681741592920354,0.16649919005294486
item_86787,0.0,0.0,25,0.0,0.0,0.681741592920354,0.16649919005294486
item_86617,0.0,0.0,25,0.0,0.0,0.681741592920354,0.16649919005294486
item_86644,0.0,0.0,25,0.0,0.0,0.681741592920354,0.16649919005294486
item_86645,0.0,0.0,25,0.0,0.0,0.681741592920354,0.16649919005294486
item_86663,0.0,0.0,25,0.0,0.0,0.681741592920354,0.16649919005294486
item_77062,0.0,0.0,25,0.0,0.0,0.681741592920354,0.16649919005294486
item_77073,0.0,0.0,25,0.0,0.0,0.681741592920354,0.16649919005294486
item_77280,0.0,0.0,25,0.0,0.0,0.681741592920354,0.16649919005294486
item_Z0289,0.0,0.0,25,0.0,0.0,0.681741592920354,0.16649919005294486
item_Z08,0.0,0.0,25,0.0,0.0,0.681741592920354,0.16649919005294486
item_86920,0.0,0.0,25,0.0,0.0,0.681741592920354,0.16649919005294486
item_87015,0.0,0.0,25,0.0,0.0,0.681741592920354,0.16649919005294486
item_87045,0.0,0.0,25,0.0,0.0,0.681741592920354,0.16649919005294486
item_87046,0.0,0.0,25,0.0,0.0,0.681741592920354,0.16649919005294486
item_87075,0.0,0.0,25,0.0,0.0,0.681741592920354,0.16649919005294486
item_86705,0.0,0.0,25,0.0,0.0,0.681741592920354,0.16649919005294486
item_86710,0.0,0.0,25,0.0,0.0,0.681741592920354,0.16649919005294486
item_86735,0.0,0.0,25,0.0,0.0,0.681741592920354,0.16649919005294486
item_86753,0.0,0.0,25,0.0,0.0,0.681741592920354,0.16649919005294486
item_86762,0.0,0.0,25,0.0,0.0,0.681741592920354,0.16649919005294486
item_86765,0.0,0.0,25,0.0,0.0,0.681741592920354,0.16649919005294486
item_86780,0.0,0.0,25,0.0,0.0,0.681741592920354,0.16649919005294486
item_87101,0.0,0.0,25,0.0,0.0,0.681741592920354,0.16649919005294486
item_87102,0.0,0.0,25,0.0,0.0,0.681741592920354,0.16649919005294486
item_87116,0.0,0.0,25,0.0,0.0,0.681741592920354,0.16649919005294486
item_87177,0.0,0.0,25,0.0,0.0,0.681741592920354,0.16649919005294486
item_87184,0.0,0.0,25,0.0,0.0,0.681741592920354,0.16649919005294486
item_87205,0.0,0.0,25,0.0,0.0,0.681741592920354,0.16649919005294486
item_87206,0.0,0.0,25,0.0,0.0,0.681741592920354,0.16649919005294486
item_87209,0.0,0.0,25,0.0,0.0,0.681741592920354,0.16649919005294486
item_87210,0.0,0.0,25,0.0,0.0,0.681741592920354,0.16649919005294486
item_87220,0.0,0.0,25,0.0,0.0,0.681741592920354,0.16649919005294486
item_87255,0.0,0.0,25,0.0,0.0,0.681741592920354,0.16649919005294486
item_86812,0.0,0.0,25,0.0,0.0,0.681741592920354,0.16649919005294486
item_86880,0.0,0.0,25,0.0,0.0,0.681741592920354,0.16649919005294486
item_86885,0.0,0.0,25,0.0,0.0,0.681741592920354,0.16649919005294486
item_T82858A,0.0,0.0,25,0.0,0.0,0.681741592920354,0.16649919005294486
item_T82868A,0.0,0.0,25,0.0,0.0,0.681741592920354,0.16649919005294486
item_T82898A,0.0,0.0,25,0.0,0.0,0.681741592920354,0.16649919005294486
item_TACROLIMUS,0.0,0.0,25,0.0,0.0,0.681741592920354,0.16649919005294486
item_TADALAFIL,0.0,0.0,25,0.0,0.0,0.681741592920354,0.16649919005294486
item_87324,0.0,0.0,25,0.0,0.0,0.681741592920354,0.16649919005294486
item_87328,0.0,0.0,25,0.0,0.0,0.681741592920354,0.16649919005294486
item_87329,0.0,0.0,25,0.0,0.0,0.681741592920354,0.16649919005294486
item_87338,0.0,0.0,25,0.0,0.0,0.681741592920354,0.16649919005294486
item_87341,0.0,0.0,25,0.0,0.0,0.681741592920354,0.16649919005294486
item_87427,0.0,0.0,25,0.0,0.0,0.681741592920354,0.16649919005294486
item_87430,0.0,0.0,25,0.0,0.0,0.681741592920354,0.16649919005294486
item_87449,0.0,0.0,25,0.0,0.0,0.681741592920354,0.16649919005294486
item_87480,0.0,0.0,25,0.0,0.0,0.681741592920354,0.16649919005294486
item_87493,0.0,0.0,25,0.0,0.0,0.681741592920354,0.16649919005294486
item_T63441A,0.0,0.0,25,0.0,0.0,0.681741592920354,0.16649919005294486
item_T783XXA,0.0,0.0,25,0.0,0.0,0.681741592920354,0.16649919005294486
item_T7840XA,0.0,0.0,25,0.0,0.0,0.681741592920354,0.16649919005294486
item_T8131XA,0.0,0.0,25,0.0,0.0,0.681741592920354,0.16649919005294486
item_86146,0.0,0.0,25,0.0,0.0,0.681741592920354,0.16649919005294486
item_86147,0.0,0.0,25,0.0,0.0,0.681741592920354,0.16649919005294486
item_86160,0.0,0.0,25,0.0,0.0,0.681741592920354,0.16649919005294486
item_86162,0.0,0.0,25,0.0,0.0,0.681741592920354,0.16649919005294486
item_86225,0.0,0.0,25,0.0,0.0,0.681741592920354,0.16649919005294486
item_86235,0.0,0.0,25,0.0,0.0,0.681741592920354,0.16649919005294486
item_86256,0.0,0.0,25,0.0,0.0,0.681741592920354,0.16649919005294486
item_85300,0.0,0.0,25,0.0,0.0,0.681741592920354,0.16649919005294486
item_85303,0.0,0.0,25,0.0,0.0,0.681741592920354,0.16649919005294486
item_86359,0.0,0.0,25,0.0,0.0,0.681741592920354,0.16649919005294486
item_86360,0.0,0.0,25,0.0,0.0,0.681741592920354,0.16649919005294486
item_86361,0.0,0.0,25,0.0,0.0,0.681741592920354,0.16649919005294486
item_86430,0.0,0.0,25,0.0,0.0,0.681741592920354,0.16649919005294486
item_86480,0.0,0.0,25,0.0,0.0,0.681741592920354,0.16649919005294486
item_Z1159,0.0,0.0,25,0.0,0.0,0.681741592920354,0.16649919005294486
item_Z1212,0.0,0.0,25,0.0,0.0,0.681741592920354,0.16649919005294486
item_76831,0.0,0.0,25,0.0,0.0,0.681741592920354,0.16649919005294486
item_76857,0.0,0.0,25,0.0,0.0,0.681741592920354,0.16649919005294486
item_76881,0.0,0.0,25,0.0,0.0,0.681741592920354,0.16649919005294486
item_76882,0.0,0.0,25,0.0,0.0,0.681741592920354,0.16649919005294486
item_T814XXA,0.0,0.0,25,0.0,0.0,0.681741592920354,0.16649919005294486
item_T8189XA,0.0,0.0,25,0.0,0.0,0.681741592920354,0.16649919005294486
item_87900,0.0,0.0,25,0.0,0.0,0.681741592920354,0.16649919005294486
item_88108,0.0,0.0,25,0.0,0.0,0.681741592920354,0.16649919005294486
item_88112,0.0,0.0,25,0.0,0.0,0.681741592920354,0.16649919005294486
item_88172,0.0,0.0,25,0.0,0.0,0.681741592920354,0.16649919005294486
item_88173,0.0,0.0,25,0.0,0.0,0.681741592920354,0.16649919005294486
item_87502,0.0,0.0,25,0.0,0.0,0.681741592920354,0.16649919005294486
item_87510,0.0,0.0,25,0.0,0.0,0.681741592920354,0.16649919005294486
item_87512,0.0,0.0,25,0.0,0.0,0.681741592920354,0.16649919005294486
item_87517,0.0,0.0,25,0.0,0.0,0.681741592920354,0.16649919005294486
item_87529,0.0,0.0,25,0.0,0.0,0.681741592920354,0.16649919005294486
item_87650,0.0,0.0,25,0.0,0.0,0.681741592920354,0.16649919005294486
item_87660,0.0,0.0,25,0.0,0.0,0.681741592920354,0.16649919005294486
item_T1490XA,0.0,0.0,25,0.0,0.0,0.681741592920354,0.16649919005294486
item_STRATTERA,0.0,0.0,25,0.0,0.0,0.681741592920354,0.16649919005294486
item_SUCRALFATE,0.0,0.0,25,0.0,0.0,0.681741592920354,0.16649919005294486
item_SULFASALAZINE,0.0,0.0,25,0.0,0.0,0.681741592920354,0.16649919005294486
item_SULINDAC,0.0,0.0,25,0.0,0.0,0.681741592920354,0.16649919005294486
item_T148,0.0,0.0,25,0.0,0.0,0.681741592920354,0.16649919005294486
item_T148XXA,0.0,0.0,25,0.0,0.0,0.681741592920354,0.16649919005294486
item_T1490,0.0,0.0,25,0.0,0.0,0.681741592920354,0.16649919005294486
item_88271,0.0,0.0,25,0.0,0.0,0.681741592920354,0.16649919005294486
item_88300,0.0,0.0,25,0.0,0.0,0.681741592920354,0.16649919005294486
item_88302,0.0,0.0,25,0.0,0.0,0.681741592920354,0.16649919005294486
item_88309,0.0,0.0,25,0.0,0.0,0.681741592920354,0.16649919005294486
item_88321,0.0,0.0,25,0.0,0.0,0.681741592920354,0.16649919005294486
item_87899,0.0,0.0,25,0.0,0.0,0.681741592920354,0.16649919005294486
item_90747,0.0,0.0,25,0.0,0.0,0.681741592920354,0.16649919005294486
item_90750,0.0,0.0,25,0.0,0.0,0.681741592920354,0.16649919005294486
item_88333,0.0,0.0,25,0.0,0.0,0.681741592920354,0.16649919005294486
item_88360,0.0,0.0,25,0.0,0.0,0.681741592920354,0.16649919005294486
item_89055,0.0,0.0,25,0.0,0.0,0.681741592920354,0.16649919005294486
item_89060,0.0,0.0,25,0.0,0.0,0.681741592920354,0.16649919005294486
item_89240,0.0,0.0,25,0.0,0.0,0.681741592920354,0.16649919005294486
item_90632,0.0,0.0,25,0.0,0.0,0.681741592920354,0.16649919005294486
item_90636,0.0,0.0,25,0.0,0.0,0.681741592920354,0.16649919005294486
item_STIOLTO RESPIMAT,0.0,0.0,25,0.0,0.0,0.681741592920354,0.16649919005294486
item_76499,0.0,0.0,25,0.0,0.0,0.681741592920354,0.16649919005294486
item_76512,0.0,0.0,25,0.0,0.0,0.681741592920354,0.16649919005294486
item_76514,0.0,0.0,25,0.0,0.0,0.681741592920354,0.16649919005294486
item_76604,0.0,0.0,25,0.0,0.0,0.681741592920354,0.16649919005294486
item_76700,0.0,0.0,25,0.0,0.0,0.681741592920354,0.16649919005294486
item_76770,0.0,0.0,25,0.0,0.0,0.681741592920354,0.16649919005294486
item_74160,0.0,0.0,25,0.0,0.0,0.681741592920354,0.16649919005294486
item_90970,0.0,0.0,25,0.0,0.0,0.681741592920354,0.16649919005294486
item_90682,0.0,0.0,25,0.0,0.0,0.681741592920354,0.16649919005294486
item_90685,0.0,0.0,25,0.0,0.0,0.681741592920354,0.16649919005294486
item_90691,0.0,0.0,25,0.0,0.0,0.681741592920354,0.16649919005294486
item_90734,0.0,0.0,25,0.0,0.0,0.681741592920354,0.16649919005294486
item_90736,0.0,0.0,25,0.0,0.0,0.681741592920354,0.16649919005294486
item_90746,0.0,0.0,25,0.0,0.0,0.681741592920354,0.16649919005294486
item_92225,0.0,0.0,25,0.0,0.0,0.681741592920354,0.16649919005294486
item_90838,0.0,0.0,25,0.0,0.0,0.681741592920354,0.16649919005294486
item_90847,0.0,0.0,25,0.0,0.0,0.681741592920354,0.16649919005294486
item_85651,0.0,0.0,25,0.0,0.0,0.681741592920354,0.16649919005294486
item_85660,0.0,0.0,25,0.0,0.0,0.681741592920354,0.16649919005294486
item_85670,0.0,0.0,25,0.0,0.0,0.681741592920354,0.16649919005294486
item_85732,0.0,0.0,25,0.0,0.0,0.681741592920354,0.16649919005294486
item_85004,0.0,0.0,25,0.0,0.0,0.681741592920354,0.16649919005294486
item_85008,0.0,0.0,25,0.0,0.0,0.681741592920354,0.16649919005294486
item_85018,0.0,0.0,25,0.0,0.0,0.681741592920354,0.16649919005294486
item_TOBRAMYCIN SULFATE,0.0,0.0,25,0.0,0.0,0.681741592920354,0.16649919005294486
item_86021,0.0,0.0,25,0.0,0.0,0.681741592920354,0.16649919005294486
item_86060,0.0,0.0,25,0.0,0.0,0.681741592920354,0.16649919005294486
item_90935,0.0,0.0,25,0.0,0.0,0.681741592920354,0.16649919005294486
item_90961,0.0,0.0,25,0.0,0.0,0.681741592920354,0.16649919005294486
item_90962,0.0,0.0,25,0.0,0.0,0.681741592920354,0.16649919005294486
item_77014,0.0,0.0,25,0.0,0.0,0.681741592920354,0.16649919005294486
item_77051,0.0,0.0,25,0.0,0.0,0.681741592920354,0.16649919005294486
item_75561,0.0,0.0,25,0.0,0.0,0.681741592920354,0.16649919005294486
item_75710,0.0,0.0,25,0.0,0.0,0.681741592920354,0.16649919005294486
item_76098,0.0,0.0,25,0.0,0.0,0.681741592920354,0.16649919005294486
item_76376,0.0,0.0,25,0.0,0.0,0.681741592920354,0.16649919005294486
item_76377,0.0,0.0,25,0.0,0.0,0.681741592920354,0.16649919005294486
item_SILVER SULFADIAZINE,0.0,0.0,25,0.0,0.0,0.681741592920354,0.16649919005294486
item_SODIUM CHLORIDE,0.0,0.0,25,0.0,0.0,0.681741592920354,0.16649919005294486
item_SODIUM SULFACETAMIDE,0.0,0.0,25,0.0,0.0,0.681741592920354,0.16649919005294486
item_SODIUM SULFACETAMIDE/SULF,0.0,0.0,25,0.0,0.0,0.681741592920354,0.16649919005294486
item_SOOLANTRA,0.0,0.0,25,0.0,0.0,0.681741592920354,0.16649919005294486
item_SPIRIVA RESPIMAT,0.0,0.0,25,0.0,0.0,0.681741592920354,0.16649919005294486
item_SPRINTEC 28,0.0,0.0,25,0.0,0.0,0.681741592920354,0.16649919005294486
item_SSD,0.0,0.0,25,0.0,0.0,0.681741592920354,0.16649919005294486
item_91000,0.0,0.0,25,0.0,0.0,0.681741592920354,0.16649919005294486
item_91200,0.0,0.0,25,0.0,0.0,0.681741592920354,0.16649919005294486
item_92025,0.0,0.0,25,0.0,0.0,0.681741592920354,0.16649919005294486
item_92082,0.0,0.0,25,0.0,0.0,0.681741592920354,0.16649919005294486
item_92136,0.0,0.0,25,0.0,0.0,0.681741592920354,0.16649919005294486
item_92285,0.0,0.0,25,0.0,0.0,0.681741592920354,0.16649919005294486
item_92310,0.0,0.0,25,0.0,0.0,0.681741592920354,0.16649919005294486
item_92504,0.0,0.0,25,0.0,0.0,0.681741592920354,0.16649919005294486
item_92507,0.0,0.0,25,0.0,0.0,0.681741592920354,0.16649919005294486
item_92537,0.0,0.0,25,0.0,0.0,0.681741592920354,0.16649919005294486
item_92540,0.0,0.0,25,0.0,0.0,0.681741592920354,0.16649919005294486
item_92550,0.0,0.0,25,0.0,0.0,0.681741592920354,0.16649919005294486
item_92551,0.0,0.0,25,0.0,0.0,0.681741592920354,0.16649919005294486
item_92553,0.0,0.0,25,0.0,0.0,0.681741592920354,0.16649919005294486
item_92556,0.0,0.0,25,0.0,0.0,0.681741592920354,0.16649919005294486
item_SERTRALINE HCL,0.0,0.0,25,0.0,0.0,0.681741592920354,0.16649919005294486
item_SEVELAMER CARBONATE,0.0,0.0,25,0.0,0.0,0.681741592920354,0.16649919005294486
item_SHINGRIX,0.0,0.0,25,0.0,0.0,0.681741592920354,0.16649919005294486
item_SILDENAFIL CITRATE,0.0,0.0,25,0.0,0.0,0.681741592920354,0.16649919005294486
item_93308,0.0,0.0,25,0.0,0.0,0.681741592920354,0.16649919005294486
item_93312,0.0,0.0,25,0.0,0.0,0.681741592920354,0.16649919005294486
item_93320,0.0,0.0,25,0.0,0.0,0.681741592920354,0.16649919005294486
item_93325,0.0,0.0,25,0.0,0.0,0.681741592920354,0.16649919005294486
item_92610,0.0,0.0,25,0.0,0.0,0.681741592920354,0.16649919005294486
item_92928,0.0,0.0,25,0.0,0.0,0.681741592920354,0.16649919005294486
item_92941,0.0,0.0,25,0.0,0.0,0.681741592920354,0.16649919005294486
item_92960,0.0,0.0,25,0.0,0.0,0.681741592920354,0.16649919005294486
item_93015,0.0,0.0,25,0.0,0.0,0.681741592920354,0.16649919005294486
item_93040,0.0,0.0,25,0.0,0.0,0.681741592920354,0.16649919005294486
item_93224,0.0,0.0,25,0.0,0.0,0.681741592920354,0.16649919005294486
item_93225,0.0,0.0,25,0.0,0.0,0.681741592920354,0.16649919005294486
item_93226,0.0,0.0,25,0.0,0.0,0.681741592920354,0.16649919005294486
item_92227,0.0,0.0,25,0.0,0.0,0.681741592920354,0.16649919005294486
item_92235,0.0,0.0,25,0.0,0.0,0.681741592920354,0.16649919005294486
item_74250,0.0,0.0,25,0.0,0.0,0.681741592920354,0.16649919005294486
item_74420,0.0,0.0,25,0.0,0.0,0.681741592920354,0.16649919005294486
item_73620,0.0,0.0,25,0.0,0.0,0.681741592920354,0.16649919005294486
item_93229,0.0,0.0,25,0.0,0.0,0.681741592920354,0.16649919005294486
item_93270,0.0,0.0,25,0.0,0.0,0.681741592920354,0.16649919005294486
item_93272,0.0,0.0,25,0.0,0.0,0.681741592920354,0.16649919005294486
item_93282,0.0,0.0,25,0.0,0.0,0.681741592920354,0.16649919005294486
item_93284,0.0,0.0,25,0.0,0.0,0.681741592920354,0.16649919005294486
item_93295,0.0,0.0,25,0.0,0.0,0.681741592920354,0.16649919005294486
item_93296,0.0,0.0,25,0.0,0.0,0.681741592920354,0.16649919005294486
item_93503,0.0,0.0,25,0.0,0.0,0.681741592920354,0.16649919005294486
item_93613,0.0,0.0,25,0.0,0.0,0.681741592920354,0.16649919005294486
item_93662,0.0,0.0,25,0.0,0.0,0.681741592920354,0.16649919005294486
item_93798,0.0,0.0,25,0.0,0.0,0.681741592920354,0.16649919005294486
item_93880,0.0,0.0,25,0.0,0.0,0.681741592920354,0.16649919005294486
item_93923,0.0,0.0,25,0.0,0.0,0.681741592920354,0.16649919005294486
item_93925,0.0,0.0,25,0.0,0.0,0.681741592920354,0.16649919005294486
item_93926,0.0,0.0,25,0.0,0.0,0.681741592920354,0.16649919005294486
item_74170,0.0,0.0,25,0.0,0.0,0.681741592920354,0.16649919005294486
item_74175,0.0,0.0,25,0.0,0.0,0.681741592920354,0.16649919005294486
item_74178,0.0,0.0,25,0.0,0.0,0.681741592920354,0.16649919005294486
item_74181,0.0,0.0,25,0.0,0.0,0.681741592920354,0.16649919005294486
item_74230,0.0,0.0,25,0.0,0.0,0.681741592920354,0.16649919005294486
item_74241,0.0,0.0,25,0.0,0.0,0.681741592920354,0.16649919005294486
item_74247,0.0,0.0,25,0.0,0.0,0.681741592920354,0.16649919005294486
item_SEROQUEL XR,0.0,0.0,25,0.0,0.0,0.681741592920354,0.16649919005294486
item_93975,0.0,0.0,25,0.0,0.0,0.681741592920354,0.16649919005294486
item_93978,0.0,0.0,25,0.0,0.0,0.681741592920354,0.16649919005294486
item_93990,0.0,0.0,25,0.0,0.0,0.681741592920354,0.16649919005294486
item_94060,0.0,0.0,25,0.0,0.0,0.681741592920354,0.16649919005294486
item_94150,0.0,0.0,25,0.0,0.0,0.681741592920354,0.16649919005294486
item_94375,0.0,0.0,25,0.0,0.0,0.681741592920354,0.16649919005294486
item_94618,0.0,0.0,25,0.0,0.0,0.681741592920354,0.16649919005294486
item_94620,0.0,0.0,25,0.0,0.0,0.681741592920354,0.16649919005294486
item_93454,0.0,0.0,25,0.0,0.0,0.681741592920354,0.16649919005294486
item_93458,0.0,0.0,25,0.0,0.0,0.681741592920354,0.16649919005294486
item_93460,0.0,0.0,25,0.0,0.0,0.681741592920354,0.16649919005294486
item_95816,0.0,0.0,25,0.0,0.0,0.681741592920354,0.16649919005294486
item_S92351A,0.0,0.0,25,0.0,0.0,0.681741592920354,0.16649919005294486
item_S93401A,0.0,0.0,25,0.0,0.0,0.681741592920354,0.16649919005294486
item_S93402A,0.0,0.0,25,0.0,0.0,0.681741592920354,0.16649919005294486
item_85060,0.0,0.0,25,0.0,0.0,0.681741592920354,0.16649919005294486
item_85097,0.0,0.0,25,0.0,0.0,0.681741592920354,0.16649919005294486
item_TOBRAMYCIN/DEXAMETHASONE,0.0,0.0,25,0.0,0.0,0.681741592920354,0.16649919005294486
item_TOLTERODINE TARTRATE ER,0.0,0.0,25,0.0,0.0,0.681741592920354,0.16649919005294486
item_TORSEMIDE,0.0,0.0,25,0.0,0.0,0.681741592920354,0.16649919005294486
item_TRADJENTA,0.0,0.0,25,0.0,0.0,0.681741592920354,0.16649919005294486
item_TRAMADOL HCL ER,0.0,0.0,25,0.0,0.0,0.681741592920354,0.16649919005294486
item_TRANEXAMIC ACID,0.0,0.0,25,0.0,0.0,0.681741592920354,0.16649919005294486
item_TRANSDERM-SCOP,0.0,0.0,25,0.0,0.0,0.681741592920354,0.16649919005294486
item_85306,0.0,0.0,25,0.0,0.0,0.681741592920354,0.16649919005294486
item_85347,0.0,0.0,25,0.0,0.0,0.681741592920354,0.16649919005294486
item_85380,0.0,0.0,25,0.0,0.0,0.681741592920354,0.16649919005294486
item_85384,0.0,0.0,25,0.0,0.0,0.681741592920354,0.16649919005294486
item_85613,0.0,0.0,25,0.0,0.0,0.681741592920354,0.16649919005294486
item_S93491A,0.0,0.0,25,0.0,0.0,0.681741592920354,0.16649919005294486
item_S99912A,0.0,0.0,25,0.0,0.0,0.681741592920354,0.16649919005294486
item_S99921A,0.0,0.0,25,0.0,0.0,0.681741592920354,0.16649919005294486
item_S99922A,0.0,0.0,25,0.0,0.0,0.681741592920354,0.16649919005294486
item_SANTYL,0.0,0.0,25,0.0,0.0,0.681741592920354,0.16649919005294486
item_SAPHRIS,0.0,0.0,25,0.0,0.0,0.681741592920354,0.16649919005294486
item_SAXENDA,0.0,0.0,25,0.0,0.0,0.681741592920354,0.16649919005294486
item_SCOPOLAMINE,0.0,0.0,25,0.0,0.0,0.681741592920354,0.16649919005294486
item_SELENIUM SULFIDE,0.0,0.0,25,0.0,0.0,0.681741592920354,0.16649919005294486
item_SENSIPAR,0.0,0.0,25,0.0,0.0,0.681741592920354,0.16649919005294486
item_95912,0.0,0.0,25,0.0,0.0,0.681741592920354,0.16649919005294486
item_95930,0.0,0.0,25,0.0,0.0,0.681741592920354,0.16649919005294486
item_95938,0.0,0.0,25,0.0,0.0,0.681741592920354,0.16649919005294486
item_95939,0.0,0.0,25,0.0,0.0,0.681741592920354,0.16649919005294486
item_95941,0.0,0.0,25,0.0,0.0,0.681741592920354,0.16649919005294486
item_94761,0.0,0.0,25,0.0,0.0,0.681741592920354,0.16649919005294486
item_94762,0.0,0.0,25,0.0,0.0,0.681741592920354,0.16649919005294486
item_95004,0.0,0.0,25,0.0,0.0,0.681741592920354,0.16649919005294486
item_95115,0.0,0.0,25,0.0,0.0,0.681741592920354,0.16649919005294486
item_95165,0.0,0.0,25,0.0,0.0,0.681741592920354,0.16649919005294486
item_95800,0.0,0.0,25,0.0,0.0,0.681741592920354,0.16649919005294486
item_95806,0.0,0.0,25,0.0,0.0,0.681741592920354,0.16649919005294486
item_97026,0.0,0.0,25,0.0,0.0,0.681741592920354,0.16649919005294486
item_95992,0.0,0.0,25,0.0,0.0,0.681741592920354,0.16649919005294486
item_96101,0.0,0.0,25,0.0,0.0,0.681741592920354,0.16649919005294486
item_96103,0.0,0.0,25,0.0,0.0,0.681741592920354,0.16649919005294486
item_96118,0.0,0.0,25,0.0,0.0,0.681741592920354,0.16649919005294486
item_96119,0.0,0.0,25,0.0,0.0,0.681741592920354,0.16649919005294486
item_96161,0.0,0.0,25,0.0,0.0,0.681741592920354,0.16649919005294486
item_96367,0.0,0.0,25,0.0,0.0,0.681741592920354,0.16649919005294486
item_96368,0.0,0.0,25,0.0,0.0,0.681741592920354,0.16649919005294486
item_96372,0.0,0.0,25,0.0,0.0,0.681741592920354,0.16649919005294486
item_95861,0.0,0.0,25,0.0,0.0,0.681741592920354,0.16649919005294486
item_95885,0.0,0.0,25,0.0,0.0,0.681741592920354,0.16649919005294486
item_95886,0.0,0.0,25,0.0,0.0,0.681741592920354,0.16649919005294486
item_95908,0.0,0.0,25,0.0,0.0,0.681741592920354,0.16649919005294486
item_95910,0.0,0.0,25,0.0,0.0,0.681741592920354,0.16649919005294486
item_95911,0.0,0.0,25,0.0,0.0,0.681741592920354,0.16649919005294486
item_S83232A,0.0,0.0,25,0.0,0.0,0.681741592920354,0.16649919005294486
item_S83241A,0.0,0.0,25,0.0,0.0,0.681741592920354,0.16649919005294486
item_S83242A,0.0,0.0,25,0.0,0.0,0.681741592920354,0.16649919005294486
item_S8391XA,0.0,0.0,25,0.0,0.0,0.681741592920354,0.16649919005294486
item_S8392XA,0.0,0.0,25,0.0,0.0,0.681741592920354,0.16649919005294486
item_S8992XA,0.0,0.0,25,0.0,0.0,0.681741592920354,0.16649919005294486
item_S9031XA,0.0,0.0,25,0.0,0.0,0.681741592920354,0.16649919005294486
item_S9032XA,0.0,0.0,25,0.0,0.0,0.681741592920354,0.16649919005294486
item_S9088,0.0,0.0,25,0.0,0.0,0.681741592920354,0.16649919005294486
item_96401,0.0,0.0,25,0.0,0.0,0.681741592920354,0.16649919005294486
item_96411,0.0,0.0,25,0.0,0.0,0.681741592920354,0.16649919005294486
item_96417,0.0,0.0,25,0.0,0.0,0.681741592920354,0.16649919005294486
item_97001,0.0,0.0,25,0.0,0.0,0.681741592920354,0.16649919005294486
item_97002,0.0,0.0,25,0.0,0.0,0.681741592920354,0.16649919005294486
item_97003,0.0,0.0,25,0.0,0.0,0.681741592920354,0.16649919005294486
item_97113,0.0,0.0,25,0.0,0.0,0.681741592920354,0.16649919005294486
item_97116,0.0,0.0,25,0.0,0.0,0.681741592920354,0.16649919005294486
item_97124,0.0,0.0,25,0.0,0.0,0.681741592920354,0.16649919005294486
item_97139,0.0,0.0,25,0.0,0.0,0.681741592920354,0.16649919005294486
item_97150,0.0,0.0,25,0.0,0.0,0.681741592920354,0.16649919005294486
item_97166,0.0,0.0,25,0.0,0.0,0.681741592920354,0.16649919005294486
item_S6992XA,0.0,0.0,25,0.0,0.0,0.681741592920354,0.16649919005294486
item_S8001XA,0.0,0.0,25,0.0,0.0,0.681741592920354,0.16649919005294486
item_S8002XA,0.0,0.0,25,0.0,0.0,0.681741592920354,0.16649919005294486
item_S8011XA,0.0,0.0,25,0.0,0.0,0.681741592920354,0.16649919005294486
item_S83231A,0.0,0.0,25,0.0,0.0,0.681741592920354,0.16649919005294486
item_74150,0.0,0.0,25,0.0,0.0,0.681741592920354,0.16649919005294486
item_Z1272,0.0,0.0,25,0.0,0.0,0.681741592920354,0.16649919005294486
item_Z130,0.0,0.0,25,0.0,0.0,0.681741592920354,0.16649919005294486
item_97537,0.0,0.0,25,0.0,0.0,0.681741592920354,0.16649919005294486
item_97605,0.0,0.0,25,0.0,0.0,0.681741592920354,0.16649919005294486
item_97750,0.0,0.0,25,0.0,0.0,0.681741592920354,0.16649919005294486
item_97760,0.0,0.0,25,0.0,0.0,0.681741592920354,0.16649919005294486
item_97803,0.0,0.0,25,0.0,0.0,0.681741592920354,0.16649919005294486
item_98925,0.0,0.0,25,0.0,0.0,0.681741592920354,0.16649919005294486
item_98926,0.0,0.0,25,0.0,0.0,0.681741592920354,0.16649919005294486
item_98927,0.0,0.0,25,0.0,0.0,0.681741592920354,0.16649919005294486
item_98942,0.0,0.0,25,0.0,0.0,0.681741592920354,0.16649919005294486
item_99058,0.0,0.0,25,0.0,0.0,0.681741592920354,0.16649919005294486
item_99070,0.0,0.0,25,0.0,0.0,0.681741592920354,0.16649919005294486
item_99144,0.0,0.0,25,0.0,0.0,0.681741592920354,0.16649919005294486
item_99173,0.0,0.0,25,0.0,0.0,0.681741592920354,0.16649919005294486
item_84466,0.0,0.0,25,0.0,0.0,0.681741592920354,0.16649919005294486
item_77336,0.0,0.0,25,0.0,0.0,0.681741592920354,0.16649919005294486
item_77338,0.0,0.0,25,0.0,0.0,0.681741592920354,0.16649919005294486
item_77412,0.0,0.0,25,0.0,0.0,0.681741592920354,0.16649919005294486
item_77417,0.0,0.0,25,0.0,0.0,0.681741592920354,0.16649919005294486
item_77470,0.0,0.0,25,0.0,0.0,0.681741592920354,0.16649919005294486
item_78079,0.0,0.0,25,0.0,0.0,0.681741592920354,0.16649919005294486
item_7809,0.0,0.0,25,0.0,0.0,0.681741592920354,0.16649919005294486
item_78226,0.0,0.0,25,0.0,0.0,0.681741592920354,0.16649919005294486
item_78227,0.0,0.0,25,0.0,0.0,0.681741592920354,0.16649919005294486
item_78264,0.0,0.0,25,0.0,0.0,0.681741592920354,0.16649919005294486
item_85041,0.0,0.0,25,0.0,0.0,0.681741592920354,0.16649919005294486
item_85045,0.0,0.0,25,0.0,0.0,0.681741592920354,0.16649919005294486
item_85048,0.0,0.0,25,0.0,0.0,0.681741592920354,0.16649919005294486
item_85049,0.0,0.0,25,0.0,0.0,0.681741592920354,0.16649919005294486
item_97167,0.0,0.0,25,0.0,0.0,0.681741592920354,0.16649919005294486
item_73650,0.0,0.0,25,0.0,0.0,0.681741592920354,0.16649919005294486
item_73701,0.0,0.0,25,0.0,0.0,0.681741592920354,0.16649919005294486
item_73720,0.0,0.0,25,0.0,0.0,0.681741592920354,0.16649919005294486
item_74000,0.0,0.0,25,0.0,0.0,0.681741592920354,0.16649919005294486
item_74018,0.0,0.0,25,0.0,0.0,0.681741592920354,0.16649919005294486
item_74019,0.0,0.0,25,0.0,0.0,0.681741592920354,0.16649919005294486
item_74020,0.0,0.0,25,0.0,0.0,0.681741592920354,0.16649919005294486
item_73501,0.0,0.0,25,0.0,0.0,0.681741592920354,0.16649919005294486
item_73521,0.0,0.0,25,0.0,0.0,0.681741592920354,0.16649919005294486
item_99236,0.0,0.0,25,0.0,0.0,0.681741592920354,0.16649919005294486
item_99241,0.0,0.0,25,0.0,0.0,0.681741592920354,0.16649919005294486
item_99195,0.0,0.0,25,0.0,0.0,0.681741592920354,0.16649919005294486
item_99218,0.0,0.0,25,0.0,0.0,0.681741592920354,0.16649919005294486
item_98943,0.0,0.0,25,0.0,0.0,0.681741592920354,0.16649919005294486
item_98960,0.0,0.0,25,0.0,0.0,0.681741592920354,0.16649919005294486
item_98968,0.0,0.0,25,0.0,0.0,0.681741592920354,0.16649919005294486
item_99001,0.0,0.0,25,0.0,0.0,0.681741592920354,0.16649919005294486
item_99050,0.0,0.0,25,0.0,0.0,0.681741592920354,0.16649919005294486
item_99226,0.0,0.0,25,0.0,0.0,0.681741592920354,0.16649919005294486
item_99234,0.0,0.0,25,0.0,0.0,0.681741592920354,0.16649919005294486
item_99235,0.0,0.0,25,0.0,0.0,0.681741592920354,0.16649919005294486
item_Z1321,0.0,0.0,25,0.0,0.0,0.681741592920354,0.16649919005294486
item_Z13220,0.0,0.0,25,0.0,0.0,0.681741592920354,0.16649919005294486
item_Z135,0.0,0.0,25,0.0,0.0,0.681741592920354,0.16649919005294486
item_Z202,0.0,0.0,25,0.0,0.0,0.681741592920354,0.16649919005294486
item_73200,0.0,0.0,25,0.0,0.0,0.681741592920354,0.16649919005294486
item_73221,0.0,0.0,25,0.0,0.0,0.681741592920354,0.16649919005294486
item_73222,0.0,0.0,25,0.0,0.0,0.681741592920354,0.16649919005294486
item_S46011A,0.0,0.0,25,0.0,0.0,0.681741592920354,0.16649919005294486
item_S46012A,0.0,0.0,25,0.0,0.0,0.681741592920354,0.16649919005294486
item_S46911A,0.0,0.0,25,0.0,0.0,0.681741592920354,0.16649919005294486
item_S46912A,0.0,0.0,25,0.0,0.0,0.681741592920354,0.16649919005294486
item_S4991XA,0.0,0.0,25,0.0,0.0,0.681741592920354,0.16649919005294486
item_S61012A,0.0,0.0,25,0.0,0.0,0.681741592920354,0.16649919005294486
item_S61211A,0.0,0.0,25,0.0,0.0,0.681741592920354,0.16649919005294486
item_S63501A,0.0,0.0,25,0.0,0.0,0.681741592920354,0.16649919005294486
item_S63502A,0.0,0.0,25,0.0,0.0,0.681741592920354,0.16649919005294486
item_S6991XA,0.0,0.0,25,0.0,0.0,0.681741592920354,0.16649919005294486
item_99252,0.0,0.0,25,0.0,0.0,0.681741592920354,0.16649919005294486
item_99305,0.0,0.0,25,0.0,0.0,0.681741592920354,0.16649919005294486
item_A4648,0.0,0.0,25,0.0,0.0,0.681741592920354,0.16649919005294486
item_A630,0.0,0.0,25,0.0,0.0,0.681741592920354,0.16649919005294486
item_A6920,0.0,0.0,25,0.0,0.0,0.681741592920354,0.16649919005294486
item_99310,0.0,0.0,25,0.0,0.0,0.681741592920354,0.16649919005294486
item_84482,0.0,0.0,25,0.0,0.0,0.681741592920354,0.16649919005294486
item_84540,0.0,0.0,25,0.0,0.0,0.681741592920354,0.16649919005294486
item_84560,0.0,0.0,25,0.0,0.0,0.681741592920354,0.16649919005294486
item_84590,0.0,0.0,25,0.0,0.0,0.681741592920354,0.16649919005294486
item_84630,0.0,0.0,25,0.0,0.0,0.681741592920354,0.16649919005294486
item_84228,0.0,0.0,25,0.0,0.0,0.681741592920354,0.16649919005294486
item_84255,0.0,0.0,25,0.0,0.0,0.681741592920354,0.16649919005294486
item_84305,0.0,0.0,25,0.0,0.0,0.681741592920354,0.16649919005294486
item_TRAVATAN Z,0.0,0.0,25,0.0,0.0,0.681741592920354,0.16649919005294486
item_TRESIBA FLEXTOUCH,0.0,0.0,25,0.0,0.0,0.681741592920354,0.16649919005294486
item_TRETINOIN,0.0,0.0,25,0.0,0.0,0.681741592920354,0.16649919005294486
item_TRI-SPRINTEC,0.0,0.0,25,0.0,0.0,0.681741592920354,0.16649919005294486
item_99316,0.0,0.0,25,0.0,0.0,0.681741592920354,0.16649919005294486
item_99344,0.0,0.0,25,0.0,0.0,0.681741592920354,0.16649919005294486
item_99354,0.0,0.0,25,0.0,0.0,0.681741592920354,0.16649919005294486
item_99356,0.0,0.0,25,0.0,0.0,0.681741592920354,0.16649919005294486
item_99401,0.0,0.0,25,0.0,0.0,0.681741592920354,0.16649919005294486
item_99402,0.0,0.0,25,0.0,0.0,0.681741592920354,0.16649919005294486
item_99420,0.0,0.0,25,0.0,0.0,0.681741592920354,0.16649919005294486
item_S335XXA,0.0,0.0,25,0.0,0.0,0.681741592920354,0.16649919005294486
item_S39012A,0.0,0.0,25,0.0,0.0,0.681741592920354,0.16649919005294486
item_S3993XA,0.0,0.0,25,0.0,0.0,0.681741592920354,0.16649919005294486
item_73000,0.0,0.0,25,0.0,0.0,0.681741592920354,0.16649919005294486
item_73010,0.0,0.0,25,0.0,0.0,0.681741592920354,0.16649919005294486
item_73020,0.0,0.0,25,0.0,0.0,0.681741592920354,0.16649919005294486
item_73040,0.0,0.0,25,0.0,0.0,0.681741592920354,0.16649919005294486
item_73060,0.0,0.0,25,0.0,0.0,0.681741592920354,0.16649919005294486
item_73070,0.0,0.0,25,0.0,0.0,0.681741592920354,0.16649919005294486
item_ACCU-CHEK FASTCLIX LANCET,0.0,0.0,25,0.0,0.0,0.681741592920354,0.16649919005294486
item_99442,0.0,0.0,25,0.0,0.0,0.681741592920354,0.16649919005294486
item_99444,0.0,0.0,25,0.0,0.0,0.681741592920354,0.16649919005294486
item_99496,0.0,0.0,25,0.0,0.0,0.681741592920354,0.16649919005294486
item_99497,0.0,0.0,25,0.0,0.0,0.681741592920354,0.16649919005294486
item_A047,0.0,0.0,25,0.0,0.0,0.681741592920354,0.16649919005294486
item_A084,0.0,0.0,25,0.0,0.0,0.681741592920354,0.16649919005294486
item_A09,0.0,0.0,25,0.0,0.0,0.681741592920354,0.16649919005294486
item_A9537,0.0,0.0,25,0.0,0.0,0.681741592920354,0.16649919005294486
item_A9540,0.0,0.0,25,0.0,0.0,0.681741592920354,0.16649919005294486
item_A9541,0.0,0.0,25,0.0,0.0,0.681741592920354,0.16649919005294486
item_A9575,0.0,0.0,25,0.0,0.0,0.681741592920354,0.16649919005294486
item_A9577,0.0,0.0,25,0.0,0.0,0.681741592920354,0.16649919005294486
item_A9579,0.0,0.0,25,0.0,0.0,0.681741592920354,0.16649919005294486
item_ABILIFY,0.0,0.0,25,0.0,0.0,0.681741592920354,0.16649919005294486
item_73522,0.0,0.0,25,0.0,0.0,0.681741592920354,0.16649919005294486
item_73523,0.0,0.0,25,0.0,0.0,0.681741592920354,0.16649919005294486
item_73552,0.0,0.0,25,0.0,0.0,0.681741592920354,0.16649919005294486
item_73565,0.0,0.0,25,0.0,0.0,0.681741592920354,0.16649919005294486
item_73600,0.0,0.0,25,0.0,0.0,0.681741592920354,0.16649919005294486
item_7231,0.0,0.0,25,0.0,0.0,0.681741592920354,0.16649919005294486
item_7242,0.0,0.0,25,0.0,0.0,0.681741592920354,0.16649919005294486
item_7295,0.0,0.0,25,0.0,0.0,0.681741592920354,0.16649919005294486
item_ACCU-CHEK SMARTVIEW STRIP,0.0,0.0,25,0.0,0.0,0.681741592920354,0.16649919005294486
item_ACCU-CHEK SOFTCLIX LANCET,0.0,0.0,25,0.0,0.0,0.681741592920354,0.16649919005294486
item_ACETAZOLAMIDE,0.0,0.0,25,0.0,0.0,0.681741592920354,0.16649919005294486
item_ACZONE,0.0,0.0,25,0.0,0.0,0.681741592920354,0.16649919005294486
item_ADAPALENE,0.0,0.0,25,0.0,0.0,0.681741592920354,0.16649919005294486
item_ADDERALL XR,0.0,0.0,25,0.0,0.0,0.681741592920354,0.16649919005294486
item_ADVAIR HFA,0.0,0.0,25,0.0,0.0,0.681741592920354,0.16649919005294486
item_AFLURIA PF 2016-2017,0.0,0.0,25,0.0,0.0,0.681741592920354,0.16649919005294486
item_AFLURIA PF 2017-2018,0.0,0.0,25,0.0,0.0,0.681741592920354,0.16649919005294486
item_ARMOUR THYROID,0.0,0.0,25,0.0,0.0,0.681741592920354,0.16649919005294486
item_ASPIR-LOW,0.0,0.0,25,0.0,0.0,0.681741592920354,0.16649919005294486
item_ASPIRIN,0.0,0.0,25,0.0,0.0,0.681741592920354,0.16649919005294486
item_ASPIRIN EC LOW DOSE,0.0,0.0,25,0.0,0.0,0.681741592920354,0.16649919005294486
item_ATENOLOL/CHLORTHALIDONE,0.0,0.0,25,0.0,0.0,0.681741592920354,0.16649919005294486
item_ALCOHOL PREP PADS,0.0,0.0,25,0.0,0.0,0.681741592920354,0.16649919005294486
item_ALENDRONATE SODIUM,0.0,0.0,25,0.0,0.0,0.681741592920354,0.16649919005294486
item_ALFUZOSIN HCL ER,0.0,0.0,25,0.0,0.0,0.681741592920354,0.16649919005294486
item_AMIODARONE HYDROCHLORIDE,0.0,0.0,25,0.0,0.0,0.681741592920354,0.16649919005294486
item_AMITIZA,0.0,0.0,25,0.0,0.0,0.681741592920354,0.16649919005294486
item_AMLODIPINE BESYLATE/BENAZ,0.0,0.0,25,0.0,0.0,0.681741592920354,0.16649919005294486
item_AMLODIPINE BESYLATE/VALSA,0.0,0.0,25,0.0,0.0,0.681741592920354,0.16649919005294486
item_S161XXA,0.0,0.0,25,0.0,0.0,0.681741592920354,0.16649919005294486
item_S20211A,0.0,0.0,25,0.0,0.0,0.681741592920354,0.16649919005294486
item_S20212A,0.0,0.0,25,0.0,0.0,0.681741592920354,0.16649919005294486
item_S20219A,0.0,0.0,25,0.0,0.0,0.681741592920354,0.16649919005294486
item_S2231XA,0.0,0.0,25,0.0,0.0,0.681741592920354,0.16649919005294486
item_S2232XA,0.0,0.0,25,0.0,0.0,0.681741592920354,0.16649919005294486
item_S2241XA,0.0,0.0,25,0.0,0.0,0.681741592920354,0.16649919005294486
item_S2242XA,0.0,0.0,25,0.0,0.0,0.681741592920354,0.16649919005294486
item_S29011A,0.0,0.0,25,0.0,0.0,0.681741592920354,0.16649919005294486
item_S29012A,0.0,0.0,25,0.0,0.0,0.681741592920354,0.16649919005294486
item_ANASTROZOLE,0.0,0.0,25,0.0,0.0,0.681741592920354,0.16649919005294486
item_ANDROGEL PUMP,0.0,0.0,25,0.0,0.0,0.681741592920354,0.16649919005294486
item_ANORO ELLIPTA,0.0,0.0,25,0.0,0.0,0.681741592920354,0.16649919005294486
item_ANUCORT-HC,0.0,0.0,25,0.0,0.0,0.681741592920354,0.16649919005294486
item_APRISO,0.0,0.0,25,0.0,0.0,0.681741592920354,0.16649919005294486
item_72195,0.0,0.0,25,0.0,0.0,0.681741592920354,0.16649919005294486
item_72220,0.0,0.0,25,0.0,0.0,0.681741592920354,0.16649919005294486
item_Z205,0.0,0.0,25,0.0,0.0,0.681741592920354,0.16649919005294486
item_AZATHIOPRINE,0.0,0.0,25,0.0,0.0,0.681741592920354,0.16649919005294486
item_AZELASTINE HCL,0.0,0.0,25,0.0,0.0,0.681741592920354,0.16649919005294486
item_B001,0.0,0.0,25,0.0,0.0,0.681741592920354,0.16649919005294486
item_B009,0.0,0.0,25,0.0,0.0,0.681741592920354,0.16649919005294486
item_B029,0.0,0.0,25,0.0,0.0,0.681741592920354,0.16649919005294486
item_B070,0.0,0.0,25,0.0,0.0,0.681741592920354,0.16649919005294486
item_B078,0.0,0.0,25,0.0,0.0,0.681741592920354,0.16649919005294486
item_B079,0.0,0.0,25,0.0,0.0,0.681741592920354,0.16649919005294486
item_B181,0.0,0.0,25,0.0,0.0,0.681741592920354,0.16649919005294486
item_S0993XA,0.0,0.0,25,0.0,0.0,0.681741592920354,0.16649919005294486
item_S134XXA,0.0,0.0,25,0.0,0.0,0.681741592920354,0.16649919005294486
item_B372,0.0,0.0,25,0.0,0.0,0.681741592920354,0.16649919005294486
item_B379,0.0,0.0,25,0.0,0.0,0.681741592920354,0.16649919005294486
item_B9681,0.0,0.0,25,0.0,0.0,0.681741592920354,0.16649919005294486
item_BAC,0.0,0.0,25,0.0,0.0,0.681741592920354,0.16649919005294486
item_ATOVAQUONE/PROGUANIL HCL,0.0,0.0,25,0.0,0.0,0.681741592920354,0.16649919005294486
item_ATROVENT HFA,0.0,0.0,25,0.0,0.0,0.681741592920354,0.16649919005294486
item_AUGMENTED BETAMETHASONE D,0.0,0.0,25,0.0,0.0,0.681741592920354,0.16649919005294486
item_73100,0.0,0.0,25,0.0,0.0,0.681741592920354,0.16649919005294486
item_73120,0.0,0.0,25,0.0,0.0,0.681741592920354,0.16649919005294486
item_72129,0.0,0.0,25,0.0,0.0,0.681741592920354,0.16649919005294486
item_72156,0.0,0.0,25,0.0,0.0,0.681741592920354,0.16649919005294486
item_72157,0.0,0.0,25,0.0,0.0,0.681741592920354,0.16649919005294486
item_72158,0.0,0.0,25,0.0,0.0,0.681741592920354,0.16649919005294486
item_72192,0.0,0.0,25,0.0,0.0,0.681741592920354,0.16649919005294486
item_72193,0.0,0.0,25,0.0,0.0,0.681741592920354,0.16649919005294486
item_BANZEL,0.0,0.0,25,0.0,0.0,0.681741592920354,0.16649919005294486
item_BASAGLAR KWIKPEN,0.0,0.0,25,0.0,0.0,0.681741592920354,0.16649919005294486
item_BD INSULIN SYRINGE ULTRA-,0.0,0.0,25,0.0,0.0,0.681741592920354,0.16649919005294486
item_BD INSULIN SYRINGE ULTRAF,0.0,0.0,25,0.0,0.0,0.681741592920354,0.16649919005294486
item_BD PEN NEEDLE/MINI/ULTRA-,0.0,0.0,25,0.0,0.0,0.681741592920354,0.16649919005294486
item_84140,0.0,0.0,25,0.0,0.0,0.681741592920354,0.16649919005294486
item_84145,0.0,0.0,25,0.0,0.0,0.681741592920354,0.16649919005294486
item_84154,0.0,0.0,25,0.0,0.0,0.681741592920354,0.16649919005294486
item_84155,0.0,0.0,25,0.0,0.0,0.681741592920354,0.16649919005294486
item_84166,0.0,0.0,25,0.0,0.0,0.681741592920354,0.16649919005294486
item_TRIAMCINOLONE ACETONIDE D,0.0,0.0,25,0.0,0.0,0.681741592920354,0.16649919005294486
item_TRIAMTERENE/HYDROCHLOROTH,0.0,0.0,25,0.0,0.0,0.681741592920354,0.16649919005294486
item_TRIAZOLAM,0.0,0.0,25,0.0,0.0,0.681741592920354,0.16649919005294486
item_TRINTELLIX,0.0,0.0,25,0.0,0.0,0.681741592920354,0.16649919005294486
item_77052,0.0,0.0,25,0.0,0.0,0.681741592920354,0.16649919005294486
item_77055,0.0,0.0,25,0.0,0.0,0.681741592920354,0.16649919005294486
item_77056,0.0,0.0,25,0.0,0.0,0.681741592920354,0.16649919005294486
item_77057,0.0,0.0,25,0.0,0.0,0.681741592920354,0.16649919005294486
item_77059,0.0,0.0,25,0.0,0.0,0.681741592920354,0.16649919005294486
item_BD SWABS SINGLE USE,0.0,0.0,25,0.0,0.0,0.681741592920354,0.16649919005294486
item_BD VEO INSULIN SYRINGE UL,0.0,0.0,25,0.0,0.0,0.681741592920354,0.16649919005294486
item_BELSOMRA,0.0,0.0,25,0.0,0.0,0.681741592920354,0.16649919005294486
item_BENAZEPRIL HCL,0.0,0.0,25,0.0,0.0,0.681741592920354,0.16649919005294486
item_BENICAR,0.0,0.0,25,0.0,0.0,0.681741592920354,0.16649919005294486
item_B1910,0.0,0.0,25,0.0,0.0,0.681741592920354,0.16649919005294486
item_B353,0.0,0.0,25,0.0,0.0,0.681741592920354,0.16649919005294486
item_B354,0.0,0.0,25,0.0,0.0,0.681741592920354,0.16649919005294486
item_B356,0.0,0.0,25,0.0,0.0,0.681741592920354,0.16649919005294486
item_B370,0.0,0.0,25,0.0,0.0,0.681741592920354,0.16649919005294486
item_C1726,0.0,0.0,25,0.0,0.0,0.681741592920354,0.16649919005294486
item_C1729,0.0,0.0,25,0.0,0.0,0.681741592920354,0.16649919005294486
item_BETAMETHASONE VALERATE,0.0,0.0,25,0.0,0.0,0.681741592920354,0.16649919005294486
item_BISACODYL EC,0.0,0.0,25,0.0,0.0,0.681741592920354,0.16649919005294486
item_BISOPROLOL FUMARATE,0.0,0.0,25,0.0,0.0,0.681741592920354,0.16649919005294486
item_BISOPROLOL FUMARATE/HYDRO,0.0,0.0,25,0.0,0.0,0.681741592920354,0.16649919005294486
item_BOOSTRIX,0.0,0.0,25,0.0,0.0,0.681741592920354,0.16649919005294486
item_BRILINTA,0.0,0.0,25,0.0,0.0,0.681741592920354,0.16649919005294486
item_BRIMONIDINE TARTRATE,0.0,0.0,25,0.0,0.0,0.681741592920354,0.16649919005294486
item_BROMPHEN/PSEUDOEPHEDRINE,0.0,0.0,25,0.0,0.0,0.681741592920354,0.16649919005294486
item_BUDESONIDE,0.0,0.0,25,0.0,0.0,0.681741592920354,0.16649919005294486
item_BUMETANIDE,0.0,0.0,25,0.0,0.0,0.681741592920354,0.16649919005294486
item_BUPRENORPHINE,0.0,0.0,25,0.0,0.0,0.681741592920354,0.16649919005294486
item_BACITRACIN,0.0,0.0,25,0.0,0.0,0.681741592920354,0.16649919005294486
item_C1887,0.0,0.0,25,0.0,0.0,0.681741592920354,0.16649919005294486
item_C189,0.0,0.0,25,0.0,0.0,0.681741592920354,0.16649919005294486
item_C20,0.0,0.0,25,0.0,0.0,0.681741592920354,0.16649919005294486
item_C2617,0.0,0.0,25,0.0,0.0,0.681741592920354,0.16649919005294486
item_C44319,0.0,0.0,25,0.0,0.0,0.681741592920354,0.16649919005294486
item_C44519,0.0,0.0,25,0.0,0.0,0.681741592920354,0.16649919005294486
item_C50411,0.0,0.0,25,0.0,0.0,0.681741592920354,0.16649919005294486
item_BUPROPION HCL XL,0.0,0.0,25,0.0,0.0,0.681741592920354,0.16649919005294486
item_BUPROPION HYDROCHLORIDE,0.0,0.0,25,0.0,0.0,0.681741592920354,0.16649919005294486
item_BUTALBITAL/ASPIRIN/CAFFEI,0.0,0.0,25,0.0,0.0,0.681741592920354,0.16649919005294486
item_BUTRANS,0.0,0.0,25,0.0,0.0,0.681741592920354,0.16649919005294486
item_BYDUREON PEN,0.0,0.0,25,0.0,0.0,0.681741592920354,0.16649919005294486
item_Z4502,0.0,0.0,25,0.0,0.0,0.681741592920354,0.16649919005294486
item_Z4659,0.0,0.0,25,0.0,0.0,0.681741592920354,0.16649919005294486
item_Z466,0.0,0.0,25,0.0,0.0,0.681741592920354,0.16649919005294486
item_71946,0.0,0.0,25,0.0,0.0,0.681741592920354,0.16649919005294486
item_72020,0.0,0.0,25,0.0,0.0,0.681741592920354,0.16649919005294486
item_72052,0.0,0.0,25,0.0,0.0,0.681741592920354,0.16649919005294486
item_CARBAMAZEPINE,0.0,0.0,25,0.0,0.0,0.681741592920354,0.16649919005294486
item_C1751,0.0,0.0,25,0.0,0.0,0.681741592920354,0.16649919005294486
item_C1758,0.0,0.0,25,0.0,0.0,0.681741592920354,0.16649919005294486
item_C1760,0.0,0.0,25,0.0,0.0,0.681741592920354,0.16649919005294486
item_C1781,0.0,0.0,25,0.0,0.0,0.681741592920354,0.16649919005294486
item_C1788,0.0,0.0,25,0.0,0.0,0.681741592920354,0.16649919005294486
item_C73,0.0,0.0,25,0.0,0.0,0.681741592920354,0.16649919005294486
item_C7951,0.0,0.0,25,0.0,0.0,0.681741592920354,0.16649919005294486
item_C8929,0.0,0.0,25,0.0,0.0,0.681741592920354,0.16649919005294486
item_C9113,0.0,0.0,25,0.0,0.0,0.681741592920354,0.16649919005294486
item_C9290,0.0,0.0,25,0.0,0.0,0.681741592920354,0.16649919005294486
item_CABERGOLINE,0.0,0.0,25,0.0,0.0,0.681741592920354,0.16649919005294486
item_CALCITRIOL,0.0,0.0,25,0.0,0.0,0.681741592920354,0.16649919005294486
item_Z21,0.0,0.0,25,0.0,0.0,0.681741592920354,0.16649919005294486
item_Z3009,0.0,0.0,25,0.0,0.0,0.681741592920354,0.16649919005294486
item_Z302,0.0,0.0,25,0.0,0.0,0.681741592920354,0.16649919005294486
item_Z3042,0.0,0.0,25,0.0,0.0,0.681741592920354,0.16649919005294486
item_Z30430,0.0,0.0,25,0.0,0.0,0.681741592920354,0.16649919005294486
item_Z30431,0.0,0.0,25,0.0,0.0,0.681741592920354,0.16649919005294486
item_Z30432,0.0,0.0,25,0.0,0.0,0.681741592920354,0.16649919005294486
item_Z3202,0.0,0.0,25,0.0,0.0,0.681741592920354,0.16649919005294486
item_S0612,0.0,0.0,25,0.0,0.0,0.681741592920354,0.16649919005294486
item_S0620,0.0,0.0,25,0.0,0.0,0.681741592920354,0.16649919005294486
item_S0621,0.0,0.0,25,0.0,0.0,0.681741592920354,0.16649919005294486
item_CARBAMAZEPINE ER,0.0,0.0,25,0.0,0.0,0.681741592920354,0.16649919005294486
item_CARBIDOPA/LEVODOPA,0.0,0.0,25,0.0,0.0,0.681741592920354,0.16649919005294486
item_V053,0.0,0.0,25,0.0,0.0,0.681741592920354,0.16649919005294486
item_V700,0.0,0.0,25,0.0,0.0,0.681741592920354,0.16649919005294486
item_83861,0.0,0.0,25,0.0,0.0,0.681741592920354,0.16649919005294486
item_83921,0.0,0.0,25,0.0,0.0,0.681741592920354,0.16649919005294486
item_83945,0.0,0.0,25,0.0,0.0,0.681741592920354,0.16649919005294486
item_83993,0.0,0.0,25,0.0,0.0,0.681741592920354,0.16649919005294486
item_84080,0.0,0.0,25,0.0,0.0,0.681741592920354,0.16649919005294486
item_83037,0.0,0.0,25,0.0,0.0,0.681741592920354,0.16649919005294486
item_84425,0.0,0.0,25,0.0,0.0,0.681741592920354,0.16649919005294486
item_84432,0.0,0.0,25,0.0,0.0,0.681741592920354,0.16649919005294486
item_84445,0.0,0.0,25,0.0,0.0,0.681741592920354,0.16649919005294486
item_84133,0.0,0.0,25,0.0,0.0,0.681741592920354,0.16649919005294486
item_CARISOPRODOL,0.0,0.0,25,0.0,0.0,0.681741592920354,0.16649919005294486
item_CARTIA XT,0.0,0.0,25,0.0,0.0,0.681741592920354,0.16649919005294486
item_CEFADROXIL,0.0,0.0,25,0.0,0.0,0.681741592920354,0.16649919005294486
item_CHERATUSSIN AC,0.0,0.0,25,0.0,0.0,0.681741592920354,0.16649919005294486
item_C50412,0.0,0.0,25,0.0,0.0,0.681741592920354,0.16649919005294486
item_C50912,0.0,0.0,25,0.0,0.0,0.681741592920354,0.16649919005294486
item_C61,0.0,0.0,25,0.0,0.0,0.681741592920354,0.16649919005294486
item_CICLOPIROX,0.0,0.0,25,0.0,0.0,0.681741592920354,0.16649919005294486
item_CICLOPIROX NAIL LACQUER,0.0,0.0,25,0.0,0.0,0.681741592920354,0.16649919005294486
item_CICLOPIROX OLAMINE,0.0,0.0,25,0.0,0.0,0.681741592920354,0.16649919005294486
item_CIPRODEX,0.0,0.0,25,0.0,0.0,0.681741592920354,0.16649919005294486
item_CIPROFLOXACIN HCL,0.0,0.0,25,0.0,0.0,0.681741592920354,0.16649919005294486
item_CITALOPRAM,0.0,0.0,25,0.0,0.0,0.681741592920354,0.16649919005294486
item_S0003XA,0.0,0.0,25,0.0,0.0,0.681741592920354,0.16649919005294486
item_S0028,0.0,0.0,25,0.0,0.0,0.681741592920354,0.16649919005294486
item_S0083XA,0.0,0.0,25,0.0,0.0,0.681741592920354,0.16649919005294486
item_S0101XA,0.0,0.0,25,0.0,0.0,0.681741592920354,0.16649919005294486
item_S0181XA,0.0,0.0,25,0.0,0.0,0.681741592920354,0.16649919005294486
item_S0501XA,0.0,0.0,25,0.0,0.0,0.681741592920354,0.16649919005294486
item_S0502XA,0.0,0.0,25,0.0,0.0,0.681741592920354,0.16649919005294486
item_S060X0A,0.0,0.0,25,0.0,0.0,0.681741592920354,0.16649919005294486
item_71010,0.0,0.0,25,0.0,0.0,0.681741592920354,0.16649919005294486
item_71020,0.0,0.0,25,0.0,0.0,0.681741592920354,0.16649919005294486
item_71101,0.0,0.0,25,0.0,0.0,0.681741592920354,0.16649919005294486
item_64721,0.0,0.0,25,0.0,0.0,0.681741592920354,0.16649919005294486
item_CLOBETASOL PROPIONATE,0.0,0.0,25,0.0,0.0,0.681741592920354,0.16649919005294486
item_CLONAZEPAM ODT,0.0,0.0,25,0.0,0.0,0.681741592920354,0.16649919005294486
item_CLOZAPINE,0.0,0.0,25,0.0,0.0,0.681741592920354,0.16649919005294486
item_COLCRYS,0.0,0.0,25,0.0,0.0,0.681741592920354,0.16649919005294486
item_CHLORDIAZEPOXIDE HYDROCHL,0.0,0.0,25,0.0,0.0,0.681741592920354,0.16649919005294486
item_CHLORPROMAZINE HCL,0.0,0.0,25,0.0,0.0,0.681741592920354,0.16649919005294486
item_CHOLESTYRAMINE,0.0,0.0,25,0.0,0.0,0.681741592920354,0.16649919005294486
item_CROMOLYN SODIUM,0.0,0.0,25,0.0,0.0,0.681741592920354,0.16649919005294486
item_CRYSELLE-28,0.0,0.0,25,0.0,0.0,0.681741592920354,0.16649919005294486
item_CVS D3,0.0,0.0,25,0.0,0.0,0.681741592920354,0.16649919005294486
item_CYANOCOBALAMIN,0.0,0.0,25,0.0,0.0,0.681741592920354,0.16649919005294486
item_D120,0.0,0.0,25,0.0,0.0,0.681741592920354,0.16649919005294486
item_D122,0.0,0.0,25,0.0,0.0,0.681741592920354,0.16649919005294486
item_CLARITHROMYCIN ER,0.0,0.0,25,0.0,0.0,0.681741592920354,0.16649919005294486
item_CLINDAMYCIN PHOSPHATE,0.0,0.0,25,0.0,0.0,0.681741592920354,0.16649919005294486
item_72080,0.0,0.0,25,0.0,0.0,0.681741592920354,0.16649919005294486
item_72114,0.0,0.0,25,0.0,0.0,0.681741592920354,0.16649919005294486
item_72120,0.0,0.0,25,0.0,0.0,0.681741592920354,0.16649919005294486
item_72126,0.0,0.0,25,0.0,0.0,0.681741592920354,0.16649919005294486
item_70498,0.0,0.0,25,0.0,0.0,0.681741592920354,0.16649919005294486
item_70543,0.0,0.0,25,0.0,0.0,0.681741592920354,0.16649919005294486
item_D171,0.0,0.0,25,0.0,0.0,0.681741592920354,0.16649919005294486
item_D1801,0.0,0.0,25,0.0,0.0,0.681741592920354,0.16649919005294486
item_D2239,0.0,0.0,25,0.0,0.0,0.681741592920354,0.16649919005294486
item_D225,0.0,0.0,25,0.0,0.0,0.681741592920354,0.16649919005294486
item_D2261,0.0,0.0,25,0.0,0.0,0.681741592920354,0.16649919005294486
item_D2271,0.0,0.0,25,0.0,0.0,0.681741592920354,0.16649919005294486
item_D2339,0.0,0.0,25,0.0,0.0,0.681741592920354,0.16649919005294486
item_D235,0.0,0.0,25,0.0,0.0,0.681741592920354,0.16649919005294486
item_D239,0.0,0.0,25,0.0,0.0,0.681741592920354,0.16649919005294486
item_D242,0.0,0.0,25,0.0,0.0,0.681741592920354,0.16649919005294486
item_COLESTIPOL HCL,0.0,0.0,25,0.0,0.0,0.681741592920354,0.16649919005294486
item_CONTOUR BLOOD GLUCOSE TES,0.0,0.0,25,0.0,0.0,0.681741592920354,0.16649919005294486
item_CONTRAVE,0.0,0.0,25,0.0,0.0,0.681741592920354,0.16649919005294486
item_CREON,0.0,0.0,25,0.0,0.0,0.681741592920354,0.16649919005294486
item_CRESTOR,0.0,0.0,25,0.0,0.0,0.681741592920354,0.16649919005294486
item_D250,0.0,0.0,25,0.0,0.0,0.681741592920354,0.16649919005294486
item_D251,0.0,0.0,25,0.0,0.0,0.681741592920354,0.16649919005294486
item_D252,0.0,0.0,25,0.0,0.0,0.681741592920354,0.16649919005294486
item_D259,0.0,0.0,25,0.0,0.0,0.681741592920354,0.16649919005294486
item_D3132,0.0,0.0,25,0.0,0.0,0.681741592920354,0.16649919005294486
item_D352,0.0,0.0,25,0.0,0.0,0.681741592920354,0.16649919005294486
item_D473,0.0,0.0,25,0.0,0.0,0.681741592920354,0.16649919005294486
item_D492,0.0,0.0,25,0.0,0.0,0.681741592920354,0.16649919005294486
item_D500,0.0,0.0,25,0.0,0.0,0.681741592920354,0.16649919005294486
item_D510,0.0,0.0,25,0.0,0.0,0.681741592920354,0.16649919005294486
item_D518,0.0,0.0,25,0.0,0.0,0.681741592920354,0.16649919005294486
item_D124,0.0,0.0,25,0.0,0.0,0.681741592920354,0.16649919005294486
item_D125,0.0,0.0,25,0.0,0.0,0.681741592920354,0.16649919005294486
item_D126,0.0,0.0,25,0.0,0.0,0.681741592920354,0.16649919005294486
item_D128,0.0,0.0,25,0.0,0.0,0.681741592920354,0.16649919005294486
item_DILTIAZEM HYDROCHLORIDE E,0.0,0.0,25,0.0,0.0,0.681741592920354,0.16649919005294486
item_DIPHENHYDRAMINE HCL,0.0,0.0,25,0.0,0.0,0.681741592920354,0.16649919005294486
item_DISULFIRAM,0.0,0.0,25,0.0,0.0,0.681741592920354,0.16649919005294486
item_DOCQLACE,0.0,0.0,25,0.0,0.0,0.681741592920354,0.16649919005294486
item_D62,0.0,0.0,25,0.0,0.0,0.681741592920354,0.16649919005294486
item_D709,0.0,0.0,25,0.0,0.0,0.681741592920354,0.16649919005294486
item_D72819,0.0,0.0,25,0.0,0.0,0.681741592920354,0.16649919005294486
item_D751,0.0,0.0,25,0.0,0.0,0.681741592920354,0.16649919005294486
item_D869,0.0,0.0,25,0.0,0.0,0.681741592920354,0.16649919005294486
item_DENTA 5000 PLUS,0.0,0.0,25,0.0,0.0,0.681741592920354,0.16649919005294486
item_DESLORATADINE,0.0,0.0,25,0.0,0.0,0.681741592920354,0.16649919005294486
item_DESVENLAFAXINE ER,0.0,0.0,25,0.0,0.0,0.681741592920354,0.16649919005294486
item_70360,0.0,0.0,25,0.0,0.0,0.681741592920354,0.16649919005294486
item_70470,0.0,0.0,25,0.0,0.0,0.681741592920354,0.16649919005294486
item_70490,0.0,0.0,25,0.0,0.0,0.681741592920354,0.16649919005294486
item_64455,0.0,0.0,25,0.0,0.0,0.681741592920354,0.16649919005294486
item_READI-CAT 2,0.0,0.0,25,0.0,0.0,0.681741592920354,0.16649919005294486
item_RELION INSULIN SYRINGE/U-,0.0,0.0,25,0.0,0.0,0.681741592920354,0.16649919005294486
item_RELPAX,0.0,0.0,25,0.0,0.0,0.681741592920354,0.16649919005294486
item_RETIN-A,0.0,0.0,25,0.0,0.0,0.681741592920354,0.16649919005294486
item_REXULTI,0.0,0.0,25,0.0,0.0,0.681741592920354,0.16649919005294486
item_ROPINIROLE HCL,0.0,0.0,25,0.0,0.0,0.681741592920354,0.16649919005294486
item_DICLOFENAC POTASSIUM,0.0,0.0,25,0.0,0.0,0.681741592920354,0.16649919005294486
item_DIGOXIN,0.0,0.0,25,0.0,0.0,0.681741592920354,0.16649919005294486
item_DILTIAZEM CD,0.0,0.0,25,0.0,0.0,0.681741592920354,0.16649919005294486
item_DILTIAZEM HCL,0.0,0.0,25,0.0,0.0,0.681741592920354,0.16649919005294486
item_DILTIAZEM HCL ER,0.0,0.0,25,0.0,0.0,0.681741592920354,0.16649919005294486
item_DULOXETINE HCL,0.0,0.0,25,0.0,0.0,0.681741592920354,0.16649919005294486
item_DUREZOL,0.0,0.0,25,0.0,0.0,0.681741592920354,0.16649919005294486
item_DYMISTA,0.0,0.0,25,0.0,0.0,0.681741592920354,0.16649919005294486
item_RABEPRAZOLE SODIUM,0.0,0.0,25,0.0,0.0,0.681741592920354,0.16649919005294486
item_RAMIPRIL,0.0,0.0,25,0.0,0.0,0.681741592920354,0.16649919005294486
item_RANEXA,0.0,0.0,25,0.0,0.0,0.681741592920354,0.16649919005294486
item_RANITIDINE HCL,0.0,0.0,25,0.0,0.0,0.681741592920354,0.16649919005294486
item_66821,0.0,0.0,25,0.0,0.0,0.681741592920354,0.16649919005294486
item_66984,0.0,0.0,25,0.0,0.0,0.681741592920354,0.16649919005294486
item_68761,0.0,0.0,25,0.0,0.0,0.681741592920354,0.16649919005294486
item_69209,0.0,0.0,25,0.0,0.0,0.681741592920354,0.16649919005294486
item_69210,0.0,0.0,25,0.0,0.0,0.681741592920354,0.16649919005294486
item_70030,0.0,0.0,25,0.0,0.0,0.681741592920354,0.16649919005294486
item_70220,0.0,0.0,25,0.0,0.0,0.681741592920354,0.16649919005294486
item_70355,0.0,0.0,25,0.0,0.0,0.681741592920354,0.16649919005294486
item_E1310,0.0,0.0,25,0.0,0.0,0.681741592920354,0.16649919005294486
item_E034,0.0,0.0,25,0.0,0.0,0.681741592920354,0.16649919005294486
item_E049,0.0,0.0,25,0.0,0.0,0.681741592920354,0.16649919005294486
item_E0500,0.0,0.0,25,0.0,0.0,0.681741592920354,0.16649919005294486
item_E063,0.0,0.0,25,0.0,0.0,0.681741592920354,0.16649919005294486
item_E079,0.0,0.0,25,0.0,0.0,0.681741592920354,0.16649919005294486
item_E1100,0.0,0.0,25,0.0,0.0,0.681741592920354,0.16649919005294486
item_DOCUSATE SODIUM,0.0,0.0,25,0.0,0.0,0.681741592920354,0.16649919005294486
item_DORZOLAMIDE HCL/TIMOLOL M,0.0,0.0,25,0.0,0.0,0.681741592920354,0.16649919005294486
item_DOXEPIN HCL,0.0,0.0,25,0.0,0.0,0.681741592920354,0.16649919005294486
item_DOXYCYCLINE,0.0,0.0,25,0.0,0.0,0.681741592920354,0.16649919005294486
item_DRONABINOL,0.0,0.0,25,0.0,0.0,0.681741592920354,0.16649919005294486
item_DUEXIS,0.0,0.0,25,0.0,0.0,0.681741592920354,0.16649919005294486
item_DULERA,0.0,0.0,25,0.0,0.0,0.681741592920354,0.16649919005294486
item_R932,0.0,0.0,25,0.0,0.0,0.681741592920354,0.16649919005294486
item_R933,0.0,0.0,25,0.0,0.0,0.681741592920354,0.16649919005294486
item_R937,0.0,0.0,25,0.0,0.0,0.681741592920354,0.16649919005294486
item_R938,0.0,0.0,25,0.0,0.0,0.681741592920354,0.16649919005294486
item_R9439,0.0,0.0,25,0.0,0.0,0.681741592920354,0.16649919005294486
item_83718,0.0,0.0,25,0.0,0.0,0.681741592920354,0.16649919005294486
item_V7231,0.0,0.0,25,0.0,0.0,0.681741592920354,0.16649919005294486
item_V7612,0.0,0.0,25,0.0,0.0,0.681741592920354,0.16649919005294486
item_80300,0.0,0.0,25,0.0,0.0,0.681741592920354,0.16649919005294486
item_78315,0.0,0.0,25,0.0,0.0,0.681741592920354,0.16649919005294486
item_7840,0.0,0.0,25,0.0,0.0,0.681741592920354,0.16649919005294486
item_78451,0.0,0.0,25,0.0,0.0,0.681741592920354,0.16649919005294486
item_78605,0.0,0.0,25,0.0,0.0,0.681741592920354,0.16649919005294486
item_7862,0.0,0.0,25,0.0,0.0,0.681741592920354,0.16649919005294486
item_78650,0.0,0.0,25,0.0,0.0,0.681741592920354,0.16649919005294486
item_TRIUMEQ,0.0,0.0,25,0.0,0.0,0.681741592920354,0.16649919005294486
item_TROKENDI XR,0.0,0.0,25,0.0,0.0,0.681741592920354,0.16649919005294486
item_TRUVADA,0.0,0.0,25,0.0,0.0,0.681741592920354,0.16649919005294486
item_ULORIC,0.0,0.0,25,0.0,0.0,0.681741592920354,0.16649919005294486
item_URSODIOL,0.0,0.0,25,0.0,0.0,0.681741592920354,0.16649919005294486
item_R972,0.0,0.0,25,0.0,0.0,0.681741592920354,0.16649919005294486
item_R9720,0.0,0.0,25,0.0,0.0,0.681741592920354,0.16649919005294486
item_E11319,0.0,0.0,25,0.0,0.0,0.681741592920354,0.16649919005294486
item_E113293,0.0,0.0,25,0.0,0.0,0.681741592920354,0.16649919005294486
item_E1139,0.0,0.0,25,0.0,0.0,0.681741592920354,0.16649919005294486
item_E1149,0.0,0.0,25,0.0,0.0,0.681741592920354,0.16649919005294486
item_E1151,0.0,0.0,25,0.0,0.0,0.681741592920354,0.16649919005294486
item_E1159,0.0,0.0,25,0.0,0.0,0.681741592920354,0.16649919005294486
item_E11621,0.0,0.0,25,0.0,0.0,0.681741592920354,0.16649919005294486
item_E118,0.0,0.0,25,0.0,0.0,0.681741592920354,0.16649919005294486
item_64636,0.0,0.0,25,0.0,0.0,0.681741592920354,0.16649919005294486
item_5990,0.0,0.0,25,0.0,0.0,0.681741592920354,0.16649919005294486
item_62270,0.0,0.0,25,0.0,0.0,0.681741592920354,0.16649919005294486
item_62304,0.0,0.0,25,0.0,0.0,0.681741592920354,0.16649919005294486
item_62310,0.0,0.0,25,0.0,0.0,0.681741592920354,0.16649919005294486
item_E349,0.0,0.0,25,0.0,0.0,0.681741592920354,0.16649919005294486
item_E539,0.0,0.0,25,0.0,0.0,0.681741592920354,0.16649919005294486
item_E611,0.0,0.0,25,0.0,0.0,0.681741592920354,0.16649919005294486
item_E6609,0.0,0.0,25,0.0,0.0,0.681741592920354,0.16649919005294486
item_E663,0.0,0.0,25,0.0,0.0,0.681741592920354,0.16649919005294486
item_E780,0.0,0.0,25,0.0,0.0,0.681741592920354,0.16649919005294486
item_E781,0.0,0.0,25,0.0,0.0,0.681741592920354,0.16649919005294486
item_R921,0.0,0.0,25,0.0,0.0,0.681741592920354,0.16649919005294486
item_R922,0.0,0.0,25,0.0,0.0,0.681741592920354,0.16649919005294486
item_R930,0.0,0.0,25,0.0,0.0,0.681741592920354,0.16649919005294486
item_R931,0.0,0.0,25,0.0,0.0,0.681741592920354,0.16649919005294486
item_E872,0.0,0.0,25,0.0,0.0,0.681741592920354,0.16649919005294486
item_E8770,0.0,0.0,25,0.0,0.0,0.681741592920354,0.16649919005294486
item_E8881,0.0,0.0,25,0.0,0.0,0.681741592920354,0.16649919005294486
item_E890,0.0,0.0,25,0.0,0.0,0.681741592920354,0.16649919005294486
item_ECONAZOLE NITRATE,0.0,0.0,25,0.0,0.0,0.681741592920354,0.16649919005294486
item_E139,0.0,0.0,25,0.0,0.0,0.681741592920354,0.16649919005294486
item_E162,0.0,0.0,25,0.0,0.0,0.681741592920354,0.16649919005294486
item_64490,0.0,0.0,25,0.0,0.0,0.681741592920354,0.16649919005294486
item_64491,0.0,0.0,25,0.0,0.0,0.681741592920354,0.16649919005294486
item_64492,0.0,0.0,25,0.0,0.0,0.681741592920354,0.16649919005294486
item_64494,0.0,0.0,25,0.0,0.0,0.681741592920354,0.16649919005294486
item_64633,0.0,0.0,25,0.0,0.0,0.681741592920354,0.16649919005294486
item_64634,0.0,0.0,25,0.0,0.0,0.681741592920354,0.16649919005294486
item_64635,0.0,0.0,25,0.0,0.0,0.681741592920354,0.16649919005294486
item_ENBREL SURECLICK,0.0,0.0,25,0.0,0.0,0.681741592920354,0.16649919005294486
item_ENDOCET,0.0,0.0,25,0.0,0.0,0.681741592920354,0.16649919005294486
item_EPINASTINE HCL,0.0,0.0,25,0.0,0.0,0.681741592920354,0.16649919005294486
item_EPIPEN 2-PAK,0.0,0.0,25,0.0,0.0,0.681741592920354,0.16649919005294486
item_ERYTHROMYCIN BASE,0.0,0.0,25,0.0,0.0,0.681741592920354,0.16649919005294486
item_E784,0.0,0.0,25,0.0,0.0,0.681741592920354,0.16649919005294486
item_E789,0.0,0.0,25,0.0,0.0,0.681741592920354,0.16649919005294486
item_E790,0.0,0.0,25,0.0,0.0,0.681741592920354,0.16649919005294486
item_E8351,0.0,0.0,25,0.0,0.0,0.681741592920354,0.16649919005294486
item_E8352,0.0,0.0,25,0.0,0.0,0.681741592920354,0.16649919005294486
item_E860,0.0,0.0,25,0.0,0.0,0.681741592920354,0.16649919005294486
item_E871,0.0,0.0,25,0.0,0.0,0.681741592920354,0.16649919005294486
item_R87810,0.0,0.0,25,0.0,0.0,0.681741592920354,0.16649919005294486
item_R899,0.0,0.0,25,0.0,0.0,0.681741592920354,0.16649919005294486
item_R911,0.0,0.0,25,0.0,0.0,0.681741592920354,0.16649919005294486
item_R920,0.0,0.0,25,0.0,0.0,0.681741592920354,0.16649919005294486
item_ESTRACE,0.0,0.0,25,0.0,0.0,0.681741592920354,0.16649919005294486
item_ESTRADIOL/NORETHINDRONE A,0.0,0.0,25,0.0,0.0,0.681741592920354,0.16649919005294486
item_ESZOPICLONE,0.0,0.0,25,0.0,0.0,0.681741592920354,0.16649919005294486
item_F0781,0.0,0.0,25,0.0,0.0,0.681741592920354,0.16649919005294486
item_F10120,0.0,0.0,25,0.0,0.0,0.681741592920354,0.16649919005294486
item_F10129,0.0,0.0,25,0.0,0.0,0.681741592920354,0.16649919005294486
item_F1021,0.0,0.0,25,0.0,0.0,0.681741592920354,0.16649919005294486
item_F10230,0.0,0.0,25,0.0,0.0,0.681741592920354,0.16649919005294486
item_EFFIENT,0.0,0.0,25,0.0,0.0,0.681741592920354,0.16649919005294486
item_ELIDEL,0.0,0.0,25,0.0,0.0,0.681741592920354,0.16649919005294486
item_Z48815,0.0,0.0,25,0.0,0.0,0.681741592920354,0.16649919005294486
item_Z4901,0.0,0.0,25,0.0,0.0,0.681741592920354,0.16649919005294486
item_F1410,0.0,0.0,25,0.0,0.0,0.681741592920354,0.16649919005294486
item_F1994,0.0,0.0,25,0.0,0.0,0.681741592920354,0.16649919005294486
item_R768,0.0,0.0,25,0.0,0.0,0.681741592920354,0.16649919005294486
item_R7881,0.0,0.0,25,0.0,0.0,0.681741592920354,0.16649919005294486
item_R791,0.0,0.0,25,0.0,0.0,0.681741592920354,0.16649919005294486
item_R799,0.0,0.0,25,0.0,0.0,0.681741592920354,0.16649919005294486
item_R809,0.0,0.0,25,0.0,0.0,0.681741592920354,0.16649919005294486
item_R8299,0.0,0.0,25,0.0,0.0,0.681741592920354,0.16649919005294486
item_R87612,0.0,0.0,25,0.0,0.0,0.681741592920354,0.16649919005294486
item_R87619,0.0,0.0,25,0.0,0.0,0.681741592920354,0.16649919005294486
item_F3160,0.0,0.0,25,0.0,0.0,0.681741592920354,0.16649919005294486
item_F1124,0.0,0.0,25,0.0,0.0,0.681741592920354,0.16649919005294486
item_62311,0.0,0.0,25,0.0,0.0,0.681741592920354,0.16649919005294486
item_62321,0.0,0.0,25,0.0,0.0,0.681741592920354,0.16649919005294486
item_63030,0.0,0.0,25,0.0,0.0,0.681741592920354,0.16649919005294486
item_63047,0.0,0.0,25,0.0,0.0,0.681741592920354,0.16649919005294486
item_63048,0.0,0.0,25,0.0,0.0,0.681741592920354,0.16649919005294486
item_64400,0.0,0.0,25,0.0,0.0,0.681741592920354,0.16649919005294486
item_64415,0.0,0.0,25,0.0,0.0,0.681741592920354,0.16649919005294486
item_64418,0.0,0.0,25,0.0,0.0,0.681741592920354,0.16649919005294486
item_64445,0.0,0.0,25,0.0,0.0,0.681741592920354,0.16649919005294486
item_64447,0.0,0.0,25,0.0,0.0,0.681741592920354,0.16649919005294486
item_Z4789,0.0,0.0,25,0.0,0.0,0.681741592920354,0.16649919005294486
item_Z4822,0.0,0.0,25,0.0,0.0,0.681741592920354,0.16649919005294486
item_Z48812,0.0,0.0,25,0.0,0.0,0.681741592920354,0.16649919005294486
item_F3164,0.0,0.0,25,0.0,0.0,0.681741592920354,0.16649919005294486
item_F3175,0.0,0.0,25,0.0,0.0,0.681741592920354,0.16649919005294486
item_F323,0.0,0.0,25,0.0,0.0,0.681741592920354,0.16649919005294486
item_F3289,0.0,0.0,25,0.0,0.0,0.681741592920354,0.16649919005294486
item_F333,0.0,0.0,25,0.0,0.0,0.681741592920354,0.16649919005294486
item_F3341,0.0,0.0,25,0.0,0.0,0.681741592920354,0.16649919005294486
item_F209,0.0,0.0,25,0.0,0.0,0.681741592920354,0.16649919005294486
item_F22,0.0,0.0,25,0.0,0.0,0.681741592920354,0.16649919005294486
item_F23,0.0,0.0,25,0.0,0.0,0.681741592920354,0.16649919005294486
item_F251,0.0,0.0,25,0.0,0.0,0.681741592920354,0.16649919005294486
item_F3112,0.0,0.0,25,0.0,0.0,0.681741592920354,0.16649919005294486
item_F312,0.0,0.0,25,0.0,0.0,0.681741592920354,0.16649919005294486
item_F3130,0.0,0.0,25,0.0,0.0,0.681741592920354,0.16649919005294486
item_F3131,0.0,0.0,25,0.0,0.0,0.681741592920354,0.16649919005294486
item_F71,0.0,0.0,25,0.0,0.0,0.681741592920354,0.16649919005294486
item_F72,0.0,0.0,25,0.0,0.0,0.681741592920354,0.16649919005294486
item_F79,0.0,0.0,25,0.0,0.0,0.681741592920354,0.16649919005294486
item_F901,0.0,0.0,25,0.0,0.0,0.681741592920354,0.16649919005294486
item_F988,0.0,0.0,25,0.0,0.0,0.681741592920354,0.16649919005294486
item_FAMCICLOVIR,0.0,0.0,25,0.0,0.0,0.681741592920354,0.16649919005294486
item_F3342,0.0,0.0,25,0.0,0.0,0.681741592920354,0.16649919005294486
item_F341,0.0,0.0,25,0.0,0.0,0.681741592920354,0.16649919005294486
item_F4001,0.0,0.0,25,0.0,0.0,0.681741592920354,0.16649919005294486
item_F430,0.0,0.0,25,0.0,0.0,0.681741592920354,0.16649919005294486
item_F4320,0.0,0.0,25,0.0,0.0,0.681741592920354,0.16649919005294486
item_F4321,0.0,0.0,25,0.0,0.0,0.681741592920354,0.16649919005294486
item_F4322,0.0,0.0,25,0.0,0.0,0.681741592920354,0.16649919005294486
item_F3163,0.0,0.0,25,0.0,0.0,0.681741592920354,0.16649919005294486
item_R6884,0.0,0.0,25,0.0,0.0,0.681741592920354,0.16649919005294486
item_R69,0.0,0.0,25,0.0,0.0,0.681741592920354,0.16649919005294486
item_R7301,0.0,0.0,25,0.0,0.0,0.681741592920354,0.16649919005294486
item_R7302,0.0,0.0,25,0.0,0.0,0.681741592920354,0.16649919005294486
item_R740,0.0,0.0,25,0.0,0.0,0.681741592920354,0.16649919005294486
item_R760,0.0,0.0,25,0.0,0.0,0.681741592920354,0.16649919005294486
item_R7611,0.0,0.0,25,0.0,0.0,0.681741592920354,0.16649919005294486
item_F4325,0.0,0.0,25,0.0,0.0,0.681741592920354,0.16649919005294486
item_F439,0.0,0.0,25,0.0,0.0,0.681741592920354,0.16649919005294486
item_F4542,0.0,0.0,25,0.0,0.0,0.681741592920354,0.16649919005294486
item_F458,0.0,0.0,25,0.0,0.0,0.681741592920354,0.16649919005294486
item_F5101,0.0,0.0,25,0.0,0.0,0.681741592920354,0.16649919005294486
item_F603,0.0,0.0,25,0.0,0.0,0.681741592920354,0.16649919005294486
item_F70,0.0,0.0,25,0.0,0.0,0.681741592920354,0.16649919005294486
item_52332,0.0,0.0,25,0.0,0.0,0.681741592920354,0.16649919005294486
item_57454,0.0,0.0,25,0.0,0.0,0.681741592920354,0.16649919005294486
item_57500,0.0,0.0,25,0.0,0.0,0.681741592920354,0.16649919005294486
item_58100,0.0,0.0,25,0.0,0.0,0.681741592920354,0.16649919005294486
item_77332,0.0,0.0,25,0.0,0.0,0.681741592920354,0.16649919005294486
item_77334,0.0,0.0,25,0.0,0.0,0.681741592920354,0.16649919005294486
item_V7651,0.0,0.0,25,0.0,0.0,0.681741592920354,0.16649919005294486
item_VAGIFEM,0.0,0.0,25,0.0,0.0,0.681741592920354,0.16649919005294486
item_VALACYCLOVIR HCL,0.0,0.0,25,0.0,0.0,0.681741592920354,0.16649919005294486
item_VALSARTAN,0.0,0.0,25,0.0,0.0,0.681741592920354,0.16649919005294486
item_VALSARTAN/HYDROCHLOROTHIA,0.0,0.0,25,0.0,0.0,0.681741592920354,0.16649919005294486
item_VANCOMYCIN HYDROCHLORIDE,0.0,0.0,25,0.0,0.0,0.681741592920354,0.16649919005294486
item_VERAPAMIL HCL ER,0.0,0.0,25,0.0,0.0,0.681741592920354,0.16649919005294486
item_VESICARE,0.0,0.0,25,0.0,0.0,0.681741592920354,0.16649919005294486
item_83525,0.0,0.0,25,0.0,0.0,0.681741592920354,0.16649919005294486
item_83630,0.0,0.0,25,0.0,0.0,0.681741592920354,0.16649919005294486
item_83695,0.0,0.0,25,0.0,0.0,0.681741592920354,0.16649919005294486
item_83698,0.0,0.0,25,0.0,0.0,0.681741592920354,0.16649919005294486
item_83704,0.0,0.0,25,0.0,0.0,0.681741592920354,0.16649919005294486
item_58300,0.0,0.0,25,0.0,0.0,0.681741592920354,0.16649919005294486
item_FERROUS SULFATE,0.0,0.0,25,0.0,0.0,0.681741592920354,0.16649919005294486
item_FEXOFENADINE HYDROCHLORID,0.0,0.0,25,0.0,0.0,0.681741592920354,0.16649919005294486
item_FINACEA,0.0,0.0,25,0.0,0.0,0.681741592920354,0.16649919005294486
item_FLECAINIDE ACETATE,0.0,0.0,25,0.0,0.0,0.681741592920354,0.16649919005294486
item_FLECTOR,0.0,0.0,25,0.0,0.0,0.681741592920354,0.16649919005294486
item_FLUARIX QUADRIVALENT 2016,0.0,0.0,25,0.0,0.0,0.681741592920354,0.16649919005294486
item_FLUARIX QUADRIVALENT 2017,0.0,0.0,25,0.0,0.0,0.681741592920354,0.16649919005294486
item_R61,0.0,0.0,25,0.0,0.0,0.681741592920354,0.16649919005294486
item_R635,0.0,0.0,25,0.0,0.0,0.681741592920354,0.16649919005294486
item_R6510,0.0,0.0,25,0.0,0.0,0.681741592920354,0.16649919005294486
item_FLUVIRIN 2016-2017,0.0,0.0,25,0.0,0.0,0.681741592920354,0.16649919005294486
item_FLUVIRIN 2017-2018,0.0,0.0,25,0.0,0.0,0.681741592920354,0.16649919005294486
item_FLUVOXAMINE MALEATE,0.0,0.0,25,0.0,0.0,0.681741592920354,0.16649919005294486
item_FLUZONE QUADRIVALENT 2016,0.0,0.0,25,0.0,0.0,0.681741592920354,0.16649919005294486
item_FENOFIBRATE MICRONIZED,0.0,0.0,25,0.0,0.0,0.681741592920354,0.16649919005294486
item_FENOFIBRIC ACID DR,0.0,0.0,25,0.0,0.0,0.681741592920354,0.16649919005294486
item_FEROSUL,0.0,0.0,25,0.0,0.0,0.681741592920354,0.16649919005294486
item_Z510,0.0,0.0,25,0.0,0.0,0.681741592920354,0.16649919005294486
item_Z5321,0.0,0.0,25,0.0,0.0,0.681741592920354,0.16649919005294486
item_Z713,0.0,0.0,25,0.0,0.0,0.681741592920354,0.16649919005294486
item_Z716,0.0,0.0,25,0.0,0.0,0.681741592920354,0.16649919005294486
item_Z7182,0.0,0.0,25,0.0,0.0,0.681741592920354,0.16649919005294486
item_51797,0.0,0.0,25,0.0,0.0,0.681741592920354,0.16649919005294486
item_52310,0.0,0.0,25,0.0,0.0,0.681741592920354,0.16649919005294486
item_FLUZONE QUADRIVALENT 2017,0.0,0.0,25,0.0,0.0,0.681741592920354,0.16649919005294486
item_FLUZONE QUADRIVALENT 2018,0.0,0.0,25,0.0,0.0,0.681741592920354,0.16649919005294486
item_FREESTYLE LITE BLOOD GLUC,0.0,0.0,25,0.0,0.0,0.681741592920354,0.16649919005294486
item_FREESTYLE LITE TEST STRIP,0.0,0.0,25,0.0,0.0,0.681741592920354,0.16649919005294486
item_G0010,0.0,0.0,25,0.0,0.0,0.681741592920354,0.16649919005294486
item_G0105,0.0,0.0,25,0.0,0.0,0.681741592920354,0.16649919005294486
item_G0108,0.0,0.0,25,0.0,0.0,0.681741592920354,0.16649919005294486
item_FLUARIX QUADRIVALENT 2018,0.0,0.0,25,0.0,0.0,0.681741592920354,0.16649919005294486
item_FLUDROCORTISONE ACETATE,0.0,0.0,25,0.0,0.0,0.681741592920354,0.16649919005294486
item_FLULAVAL QUADRIVALENT 201,0.0,0.0,25,0.0,0.0,0.681741592920354,0.16649919005294486
item_FLUOCINOLONE ACETONIDE,0.0,0.0,25,0.0,0.0,0.681741592920354,0.16649919005294486
item_FLUOCINONIDE,0.0,0.0,25,0.0,0.0,0.681741592920354,0.16649919005294486
item_FLUOROMETHOLONE,0.0,0.0,25,0.0,0.0,0.681741592920354,0.16649919005294486
item_FLUOROURACIL,0.0,0.0,25,0.0,0.0,0.681741592920354,0.16649919005294486
item_FLUTICASONE PROPIONATE,0.0,0.0,25,0.0,0.0,0.681741592920354,0.16649919005294486
item_G0447,0.0,0.0,25,0.0,0.0,0.681741592920354,0.16649919005294486
item_G0453,0.0,0.0,25,0.0,0.0,0.681741592920354,0.16649919005294486
item_G0468,0.0,0.0,25,0.0,0.0,0.681741592920354,0.16649919005294486
item_G0476,0.0,0.0,25,0.0,0.0,0.681741592920354,0.16649919005294486
item_G0124,0.0,0.0,25,0.0,0.0,0.681741592920354,0.16649919005294486
item_G0179,0.0,0.0,25,0.0,0.0,0.681741592920354,0.16649919005294486
item_G0202,0.0,0.0,25,0.0,0.0,0.681741592920354,0.16649919005294486
item_G0204,0.0,0.0,25,0.0,0.0,0.681741592920354,0.16649919005294486
item_G0206,0.0,0.0,25,0.0,0.0,0.681741592920354,0.16649919005294486
item_G0257,0.0,0.0,25,0.0,0.0,0.681741592920354,0.16649919005294486
item_G0283,0.0,0.0,25,0.0,0.0,0.681741592920354,0.16649919005294486
item_G0328,0.0,0.0,25,0.0,0.0,0.681741592920354,0.16649919005294486
item_G0379,0.0,0.0,25,0.0,0.0,0.681741592920354,0.16649919005294486
item_G0399,0.0,0.0,25,0.0,0.0,0.681741592920354,0.16649919005294486
item_47563,0.0,0.0,25,0.0,0.0,0.681741592920354,0.16649919005294486
item_49083,0.0,0.0,25,0.0,0.0,0.681741592920354,0.16649919005294486
item_49560,0.0,0.0,25,0.0,0.0,0.681741592920354,0.16649919005294486
item_49568,0.0,0.0,25,0.0,0.0,0.681741592920354,0.16649919005294486
item_49585,0.0,0.0,25,0.0,0.0,0.681741592920354,0.16649919005294486
item_50590,0.0,0.0,25,0.0,0.0,0.681741592920354,0.16649919005294486
item_51728,0.0,0.0,25,0.0,0.0,0.681741592920354,0.16649919005294486
item_G35,0.0,0.0,25,0.0,0.0,0.681741592920354,0.16649919005294486
item_G40209,0.0,0.0,25,0.0,0.0,0.681741592920354,0.16649919005294486
item_G40309,0.0,0.0,25,0.0,0.0,0.681741592920354,0.16649919005294486
item_G4089,0.0,0.0,25,0.0,0.0,0.681741592920354,0.16649919005294486
item_G0402,0.0,0.0,25,0.0,0.0,0.681741592920354,0.16649919005294486
item_G0410,0.0,0.0,25,0.0,0.0,0.681741592920354,0.16649919005294486
item_G0436,0.0,0.0,25,0.0,0.0,0.681741592920354,0.16649919005294486
item_G0442,0.0,0.0,25,0.0,0.0,0.681741592920354,0.16649919005294486
item_G0477,0.0,0.0,25,0.0,0.0,0.681741592920354,0.16649919005294486
item_G0478,0.0,0.0,25,0.0,0.0,0.681741592920354,0.16649919005294486
item_G0479,0.0,0.0,25,0.0,0.0,0.681741592920354,0.16649919005294486
item_G0480,0.0,0.0,25,0.0,0.0,0.681741592920354,0.16649919005294486
item_G0506,0.0,0.0,25,0.0,0.0,0.681741592920354,0.16649919005294486
item_G250,0.0,0.0,25,0.0,0.0,0.681741592920354,0.16649919005294486
item_58340,0.0,0.0,25,0.0,0.0,0.681741592920354,0.16649919005294486
item_58558,0.0,0.0,25,0.0,0.0,0.681741592920354,0.16649919005294486
item_58563,0.0,0.0,25,0.0,0.0,0.681741592920354,0.16649919005294486
item_58571,0.0,0.0,25,0.0,0.0,0.681741592920354,0.16649919005294486
item_58661,0.0,0.0,25,0.0,0.0,0.681741592920354,0.16649919005294486
item_4660,0.0,0.0,25,0.0,0.0,0.681741592920354,0.16649919005294486
item_46600,0.0,0.0,25,0.0,0.0,0.681741592920354,0.16649919005294486
item_47000,0.0,0.0,25,0.0,0.0,0.681741592920354,0.16649919005294486
item_R5382,0.0,0.0,25,0.0,0.0,0.681741592920354,0.16649919005294486
item_R590,0.0,0.0,25,0.0,0.0,0.681741592920354,0.16649919005294486
item_R591,0.0,0.0,25,0.0,0.0,0.681741592920354,0.16649919005294486
item_R599,0.0,0.0,25,0.0,0.0,0.681741592920354,0.16649919005294486
item_R601,0.0,0.0,25,0.0,0.0,0.681741592920354,0.16649919005294486
item_G43019,0.0,0.0,25,0.0,0.0,0.681741592920354,0.16649919005294486
item_G43109,0.0,0.0,25,0.0,0.0,0.681741592920354,0.16649919005294486
item_G43719,0.0,0.0,25,0.0,0.0,0.681741592920354,0.16649919005294486
item_G43919,0.0,0.0,25,0.0,0.0,0.681741592920354,0.16649919005294486
item_G44209,0.0,0.0,25,0.0,0.0,0.681741592920354,0.16649919005294486
item_G4489,0.0,0.0,25,0.0,0.0,0.681741592920354,0.16649919005294486
item_G4710,0.0,0.0,25,0.0,0.0,0.681741592920354,0.16649919005294486
item_G4730,0.0,0.0,25,0.0,0.0,0.681741592920354,0.16649919005294486
item_G479,0.0,0.0,25,0.0,0.0,0.681741592920354,0.16649919005294486
item_45381,0.0,0.0,25,0.0,0.0,0.681741592920354,0.16649919005294486
item_45384,0.0,0.0,25,0.0,0.0,0.681741592920354,0.16649919005294486
item_4619,0.0,0.0,25,0.0,0.0,0.681741592920354,0.16649919005294486
item_46221,0.0,0.0,25,0.0,0.0,0.681741592920354,0.16649919005294486
item_4659,0.0,0.0,25,0.0,0.0,0.681741592920354,0.16649919005294486
item_36471,0.0,0.0,25,0.0,0.0,0.681741592920354,0.16649919005294486
item_G5601,0.0,0.0,25,0.0,0.0,0.681741592920354,0.16649919005294486
item_G5602,0.0,0.0,25,0.0,0.0,0.681741592920354,0.16649919005294486
item_G5621,0.0,0.0,25,0.0,0.0,0.681741592920354,0.16649919005294486
item_G5622,0.0,0.0,25,0.0,0.0,0.681741592920354,0.16649919005294486
item_G603,0.0,0.0,25,0.0,0.0,0.681741592920354,0.16649919005294486
item_G608,0.0,0.0,25,0.0,0.0,0.681741592920354,0.16649919005294486
item_G609,0.0,0.0,25,0.0,0.0,0.681741592920354,0.16649919005294486
item_G8220,0.0,0.0,25,0.0,0.0,0.681741592920354,0.16649919005294486
item_G8250,0.0,0.0,25,0.0,0.0,0.681741592920354,0.16649919005294486
item_G8978,0.0,0.0,25,0.0,0.0,0.681741592920354,0.16649919005294486
item_G8979,0.0,0.0,25,0.0,0.0,0.681741592920354,0.16649919005294486
item_G8980,0.0,0.0,25,0.0,0.0,0.681741592920354,0.16649919005294486
item_G8981,0.0,0.0,25,0.0,0.0,0.681741592920354,0.16649919005294486
item_G8982,0.0,0.0,25,0.0,0.0,0.681741592920354,0.16649919005294486
item_G500,0.0,0.0,25,0.0,0.0,0.681741592920354,0.16649919005294486
item_G5600,0.0,0.0,25,0.0,0.0,0.681741592920354,0.16649919005294486
item_51729,0.0,0.0,25,0.0,0.0,0.681741592920354,0.16649919005294486
item_NOVOLOG MIX 70/30 PREFILL,0.0,0.0,25,0.0,0.0,0.681741592920354,0.16649919005294486
item_51784,0.0,0.0,25,0.0,0.0,0.681741592920354,0.16649919005294486
item_38525,0.0,0.0,25,0.0,0.0,0.681741592920354,0.16649919005294486
item_4019,0.0,0.0,25,0.0,0.0,0.681741592920354,0.16649919005294486
item_43248,0.0,0.0,25,0.0,0.0,0.681741592920354,0.16649919005294486
item_43249,0.0,0.0,25,0.0,0.0,0.681741592920354,0.16649919005294486
item_43450,0.0,0.0,25,0.0,0.0,0.681741592920354,0.16649919005294486
item_44970,0.0,0.0,25,0.0,0.0,0.681741592920354,0.16649919005294486
item_G8989,0.0,0.0,25,0.0,0.0,0.681741592920354,0.16649919005294486
item_G8990,0.0,0.0,25,0.0,0.0,0.681741592920354,0.16649919005294486
item_G8991,0.0,0.0,25,0.0,0.0,0.681741592920354,0.16649919005294486
item_G8996,0.0,0.0,25,0.0,0.0,0.681741592920354,0.16649919005294486
item_G8998,0.0,0.0,25,0.0,0.0,0.681741592920354,0.16649919005294486
item_G92,0.0,0.0,25,0.0,0.0,0.681741592920354,0.16649919005294486
item_G9340,0.0,0.0,25,0.0,0.0,0.681741592920354,0.16649919005294486
item_G9341,0.0,0.0,25,0.0,0.0,0.681741592920354,0.16649919005294486
item_G9389,0.0,0.0,25,0.0,0.0,0.681741592920354,0.16649919005294486
item_G939,0.0,0.0,25,0.0,0.0,0.681741592920354,0.16649919005294486
item_G8911,0.0,0.0,25,0.0,0.0,0.681741592920354,0.16649919005294486
item_G8916,0.0,0.0,25,0.0,0.0,0.681741592920354,0.16649919005294486
item_G8928,0.0,0.0,25,0.0,0.0,0.681741592920354,0.16649919005294486
item_G893,0.0,0.0,25,0.0,0.0,0.681741592920354,0.16649919005294486
item_H0032,0.0,0.0,25,0.0,0.0,0.681741592920354,0.16649919005294486
item_H0046,0.0,0.0,25,0.0,0.0,0.681741592920354,0.16649919005294486
item_H1013,0.0,0.0,25,0.0,0.0,0.681741592920354,0.16649919005294486
item_NORETHINDRONE,0.0,0.0,25,0.0,0.0,0.681741592920354,0.16649919005294486
item_G9899,0.0,0.0,25,0.0,0.0,0.681741592920354,0.16649919005294486
item_GAVILYTE-C,0.0,0.0,25,0.0,0.0,0.681741592920354,0.16649919005294486
item_GEMFIBROZIL,0.0,0.0,25,0.0,0.0,0.681741592920354,0.16649919005294486
item_GENVOYA,0.0,0.0,25,0.0,0.0,0.681741592920354,0.16649919005294486
item_GLIPIZIDE XL,0.0,0.0,25,0.0,0.0,0.681741592920354,0.16649919005294486
item_GLUCAGON EMERGENCY KIT,0.0,0.0,25,0.0,0.0,0.681741592920354,0.16649919005294486
item_G8984,0.0,0.0,25,0.0,0.0,0.681741592920354,0.16649919005294486
item_G8985,0.0,0.0,25,0.0,0.0,0.681741592920354,0.16649919005294486
item_G8987,0.0,0.0,25,0.0,0.0,0.681741592920354,0.16649919005294486
item_G8988,0.0,0.0,25,0.0,0.0,0.681741592920354,0.16649919005294486
item_R400,0.0,0.0,25,0.0,0.0,0.681741592920354,0.16649919005294486
item_R404,0.0,0.0,25,0.0,0.0,0.681741592920354,0.16649919005294486
item_R413,0.0,0.0,25,0.0,0.0,0.681741592920354,0.16649919005294486
item_R41840,0.0,0.0,25,0.0,0.0,0.681741592920354,0.16649919005294486
item_R4189,0.0,0.0,25,0.0,0.0,0.681741592920354,0.16649919005294486
item_R451,0.0,0.0,25,0.0,0.0,0.681741592920354,0.16649919005294486
item_R4781,0.0,0.0,25,0.0,0.0,0.681741592920354,0.16649919005294486
item_R490,0.0,0.0,25,0.0,0.0,0.681741592920354,0.16649919005294486
item_GLYBURIDE,0.0,0.0,25,0.0,0.0,0.681741592920354,0.16649919005294486
item_GLYBURIDE/METFORMIN HYDRO,0.0,0.0,25,0.0,0.0,0.681741592920354,0.16649919005294486
item_GLYCOPYRROLATE,0.0,0.0,25,0.0,0.0,0.681741592920354,0.16649919005294486
item_GUAIFENESIN AC,0.0,0.0,25,0.0,0.0,0.681741592920354,0.16649919005294486
item_H00012,0.0,0.0,25,0.0,0.0,0.681741592920354,0.16649919005294486
item_H1032,0.0,0.0,25,0.0,0.0,0.681741592920354,0.16649919005294486
item_H1033,0.0,0.0,25,0.0,0.0,0.681741592920354,0.16649919005294486
item_H1045,0.0,0.0,25,0.0,0.0,0.681741592920354,0.16649919005294486
item_H109,0.0,0.0,25,0.0,0.0,0.681741592920354,0.16649919005294486
item_H1131,0.0,0.0,25,0.0,0.0,0.681741592920354,0.16649919005294486
item_83014,0.0,0.0,25,0.0,0.0,0.681741592920354,0.16649919005294486
item_83021,0.0,0.0,25,0.0,0.0,0.681741592920354,0.16649919005294486
item_NITROSTAT,0.0,0.0,25,0.0,0.0,0.681741592920354,0.16649919005294486
item_82610,0.0,0.0,25,0.0,0.0,0.681741592920354,0.16649919005294486
item_82626,0.0,0.0,25,0.0,0.0,0.681741592920354,0.16649919005294486
item_82627,0.0,0.0,25,0.0,0.0,0.681741592920354,0.16649919005294486
item_82652,0.0,0.0,25,0.0,0.0,0.681741592920354,0.16649919005294486
item_82656,0.0,0.0,25,0.0,0.0,0.681741592920354,0.16649919005294486
item_82668,0.0,0.0,25,0.0,0.0,0.681741592920354,0.16649919005294486
item_82670,0.0,0.0,25,0.0,0.0,0.681741592920354,0.16649919005294486
item_82672,0.0,0.0,25,0.0,0.0,0.681741592920354,0.16649919005294486
item_78659,0.0,0.0,25,0.0,0.0,0.681741592920354,0.16649919005294486
item_78900,0.0,0.0,25,0.0,0.0,0.681741592920354,0.16649919005294486
item_77295,0.0,0.0,25,0.0,0.0,0.681741592920354,0.16649919005294486
item_77300,0.0,0.0,25,0.0,0.0,0.681741592920354,0.16649919005294486
item_77301,0.0,0.0,25,0.0,0.0,0.681741592920354,0.16649919005294486
item_H1132,0.0,0.0,25,0.0,0.0,0.681741592920354,0.16649919005294486
item_H16223,0.0,0.0,25,0.0,0.0,0.681741592920354,0.16649919005294486
item_H2000,0.0,0.0,25,0.0,0.0,0.681741592920354,0.16649919005294486
item_H2511,0.0,0.0,25,0.0,0.0,0.681741592920354,0.16649919005294486
item_H2512,0.0,0.0,25,0.0,0.0,0.681741592920354,0.16649919005294486
item_H2513,0.0,0.0,25,0.0,0.0,0.681741592920354,0.16649919005294486
item_H269,0.0,0.0,25,0.0,0.0,0.681741592920354,0.16649919005294486
item_H35033,0.0,0.0,25,0.0,0.0,0.681741592920354,0.16649919005294486
item_R3911,0.0,0.0,25,0.0,0.0,0.681741592920354,0.16649919005294486
item_H35363,0.0,0.0,25,0.0,0.0,0.681741592920354,0.16649919005294486
item_H40013,0.0,0.0,25,0.0,0.0,0.681741592920354,0.16649919005294486
item_H40023,0.0,0.0,25,0.0,0.0,0.681741592920354,0.16649919005294486
item_H40033,0.0,0.0,25,0.0,0.0,0.681741592920354,0.16649919005294486
item_H40053,0.0,0.0,25,0.0,0.0,0.681741592920354,0.16649919005294486
item_H401131,0.0,0.0,25,0.0,0.0,0.681741592920354,0.16649919005294486
item_H43393,0.0,0.0,25,0.0,0.0,0.681741592920354,0.16649919005294486
item_H43811,0.0,0.0,25,0.0,0.0,0.681741592920354,0.16649919005294486
item_H43812,0.0,0.0,25,0.0,0.0,0.681741592920354,0.16649919005294486
item_H43813,0.0,0.0,25,0.0,0.0,0.681741592920354,0.16649919005294486
item_H5203,0.0,0.0,25,0.0,0.0,0.681741592920354,0.16649919005294486
item_H52223,0.0,0.0,25,0.0,0.0,0.681741592920354,0.16649919005294486
item_H1031,0.0,0.0,25,0.0,0.0,0.681741592920354,0.16649919005294486
item_HUMALOG,0.0,0.0,25,0.0,0.0,0.681741592920354,0.16649919005294486
item_H538,0.0,0.0,25,0.0,0.0,0.681741592920354,0.16649919005294486
item_00630,0.0,0.0,25,0.0,0.0,0.681741592920354,0.16649919005294486
item_H5711,0.0,0.0,25,0.0,0.0,0.681741592920354,0.16649919005294486
item_H5712,0.0,0.0,25,0.0,0.0,0.681741592920354,0.16649919005294486
item_H578,0.0,0.0,25,0.0,0.0,0.681741592920354,0.16649919005294486
item_H6091,0.0,0.0,25,0.0,0.0,0.681741592920354,0.16649919005294486
item_H6121,0.0,0.0,25,0.0,0.0,0.681741592920354,0.16649919005294486
item_H6122,0.0,0.0,25,0.0,0.0,0.681741592920354,0.16649919005294486
item_H6501,0.0,0.0,25,0.0,0.0,0.681741592920354,0.16649919005294486
item_H66001,0.0,0.0,25,0.0,0.0,0.681741592920354,0.16649919005294486
item_H66002,0.0,0.0,25,0.0,0.0,0.681741592920354,0.16649919005294486
item_H6690,0.0,0.0,25,0.0,0.0,0.681741592920354,0.16649919005294486
item_H6692,0.0,0.0,25,0.0,0.0,0.681741592920354,0.16649919005294486
item_HYDROCODONE/IBUPROFEN,0.0,0.0,25,0.0,0.0,0.681741592920354,0.16649919005294486
item_HYDROCORTISONE,0.0,0.0,25,0.0,0.0,0.681741592920354,0.16649919005294486
item_HYDROCORTISONE ACETATE,0.0,0.0,25,0.0,0.0,0.681741592920354,0.16649919005294486
item_H6980,0.0,0.0,25,0.0,0.0,0.681741592920354,0.16649919005294486
item_H6981,0.0,0.0,25,0.0,0.0,0.681741592920354,0.16649919005294486
item_H8110,0.0,0.0,25,0.0,0.0,0.681741592920354,0.16649919005294486
item_H903,0.0,0.0,25,0.0,0.0,0.681741592920354,0.16649919005294486
item_H9193,0.0,0.0,25,0.0,0.0,0.681741592920354,0.16649919005294486
item_H9201,0.0,0.0,25,0.0,0.0,0.681741592920354,0.16649919005294486
item_H9203,0.0,0.0,25,0.0,0.0,0.681741592920354,0.16649919005294486
item_H9209,0.0,0.0,25,0.0,0.0,0.681741592920354,0.16649919005294486
item_H9313,0.0,0.0,25,0.0,0.0,0.681741592920354,0.16649919005294486
item_H9319,0.0,0.0,25,0.0,0.0,0.681741592920354,0.16649919005294486
item_HALOBETASOL PROPIONATE,0.0,0.0,25,0.0,0.0,0.681741592920354,0.16649919005294486
item_HALOPERIDOL,0.0,0.0,25,0.0,0.0,0.681741592920354,0.16649919005294486
item_HARVONI,0.0,0.0,25,0.0,0.0,0.681741592920354,0.16649919005294486
item_36901,0.0,0.0,25,0.0,0.0,0.681741592920354,0.16649919005294486
item_36902,0.0,0.0,25,0.0,0.0,0.681741592920354,0.16649919005294486
item_38221,0.0,0.0,25,0.0,0.0,0.681741592920354,0.16649919005294486
item_38505,0.0,0.0,25,0.0,0.0,0.681741592920354,0.16649919005294486
item_Z7251,0.0,0.0,25,0.0,0.0,0.681741592920354,0.16649919005294486
item_Z9189,0.0,0.0,25,0.0,0.0,0.681741592920354,0.16649919005294486
item_Z780,0.0,0.0,25,0.0,0.0,0.681741592920354,0.16649919005294486
item_I129,0.0,0.0,25,0.0,0.0,0.681741592920354,0.16649919005294486
item_HUMALOG KWIKPEN,0.0,0.0,25,0.0,0.0,0.681741592920354,0.16649919005294486
item_HUMALOG MIX 75/25 KWIKPEN,0.0,0.0,25,0.0,0.0,0.681741592920354,0.16649919005294486
item_HUMIRA PEN,0.0,0.0,25,0.0,0.0,0.681741592920354,0.16649919005294486
item_HUMULIN N,0.0,0.0,25,0.0,0.0,0.681741592920354,0.16649919005294486
item_HYALURONIC ACID,0.0,0.0,25,0.0,0.0,0.681741592920354,0.16649919005294486
item_HYDRALAZINE HCL,0.0,0.0,25,0.0,0.0,0.681741592920354,0.16649919005294486
item_HYDROCODONE/HOMATROPINE,0.0,0.0,25,0.0,0.0,0.681741592920354,0.16649919005294486
item_HYDROCORTISONE ACETATE/PR,0.0,0.0,25,0.0,0.0,0.681741592920354,0.16649919005294486
item_HYDROCORTISONE VALERATE,0.0,0.0,25,0.0,0.0,0.681741592920354,0.16649919005294486
item_ZOSTAVAX,0.0,0.0,25,0.0,0.0,0.681741592920354,0.16649919005294486
item_HYSINGLA ER,0.0,0.0,25,0.0,0.0,0.681741592920354,0.16649919005294486
item_I081,0.0,0.0,25,0.0,0.0,0.681741592920354,0.16649919005294486
item_I110,0.0,0.0,25,0.0,0.0,0.681741592920354,0.16649919005294486
item_36475,0.0,0.0,25,0.0,0.0,0.681741592920354,0.16649919005294486
item_36478,0.0,0.0,25,0.0,0.0,0.681741592920354,0.16649919005294486
item_36558,0.0,0.0,25,0.0,0.0,0.681741592920354,0.16649919005294486
item_36561,0.0,0.0,25,0.0,0.0,0.681741592920354,0.16649919005294486
item_36569,0.0,0.0,25,0.0,0.0,0.681741592920354,0.16649919005294486
item_36589,0.0,0.0,25,0.0,0.0,0.681741592920354,0.16649919005294486
item_36590,0.0,0.0,25,0.0,0.0,0.681741592920354,0.16649919005294486
item_36620,0.0,0.0,25,0.0,0.0,0.681741592920354,0.16649919005294486
item_I469,0.0,0.0,25,0.0,0.0,0.681741592920354,0.16649919005294486
item_I471,0.0,0.0,25,0.0,0.0,0.681741592920354,0.16649919005294486
item_I130,0.0,0.0,25,0.0,0.0,0.681741592920354,0.16649919005294486
item_I132,0.0,0.0,25,0.0,0.0,0.681741592920354,0.16649919005294486
item_I160,0.0,0.0,25,0.0,0.0,0.681741592920354,0.16649919005294486
item_I208,0.0,0.0,25,0.0,0.0,0.681741592920354,0.16649919005294486
item_I209,0.0,0.0,25,0.0,0.0,0.681741592920354,0.16649919005294486
item_I213,0.0,0.0,25,0.0,0.0,0.681741592920354,0.16649919005294486
item_I214,0.0,0.0,25,0.0,0.0,0.681741592920354,0.16649919005294486
item_I249,0.0,0.0,25,0.0,0.0,0.681741592920354,0.16649919005294486
item_I25110,0.0,0.0,25,0.0,0.0,0.681741592920354,0.16649919005294486
item_I25118,0.0,0.0,25,0.0,0.0,0.681741592920354,0.16649919005294486
item_I25119,0.0,0.0,25,0.0,0.0,0.681741592920354,0.16649919005294486
item_I252,0.0,0.0,25,0.0,0.0,0.681741592920354,0.16649919005294486
item_I255,0.0,0.0,25,0.0,0.0,0.681741592920354,0.16649919005294486
item_R3121,0.0,0.0,25,0.0,0.0,0.681741592920354,0.16649919005294486
item_R3129,0.0,0.0,25,0.0,0.0,0.681741592920354,0.16649919005294486
item_00537,0.0,0.0,25,0.0,0.0,0.681741592920354,0.16649919005294486
item_R32,0.0,0.0,25,0.0,0.0,0.681741592920354,0.16649919005294486
item_R350,0.0,0.0,25,0.0,0.0,0.681741592920354,0.16649919005294486
item_82415,0.0,0.0,25,0.0,0.0,0.681741592920354,0.16649919005294486
item_82436,0.0,0.0,25,0.0,0.0,0.681741592920354,0.16649919005294486
item_82465,0.0,0.0,25,0.0,0.0,0.681741592920354,0.16649919005294486
item_82507,0.0,0.0,25,0.0,0.0,0.681741592920354,0.16649919005294486
item_82530,0.0,0.0,25,0.0,0.0,0.681741592920354,0.16649919005294486
item_82552,0.0,0.0,25,0.0,0.0,0.681741592920354,0.16649919005294486
item_82164,0.0,0.0,25,0.0,0.0,0.681741592920354,0.16649919005294486
item_82805,0.0,0.0,25,0.0,0.0,0.681741592920354,0.16649919005294486
item_82945,0.0,0.0,25,0.0,0.0,0.681741592920354,0.16649919005294486
item_82948,0.0,0.0,25,0.0,0.0,0.681741592920354,0.16649919005294486
item_82985,0.0,0.0,25,0.0,0.0,0.681741592920354,0.16649919005294486
item_Z950,0.0,0.0,25,0.0,0.0,0.681741592920354,0.16649919005294486
item_I272,0.0,0.0,25,0.0,0.0,0.681741592920354,0.16649919005294486
item_I350,0.0,0.0,25,0.0,0.0,0.681741592920354,0.16649919005294486
item_I361,0.0,0.0,25,0.0,0.0,0.681741592920354,0.16649919005294486
item_I38,0.0,0.0,25,0.0,0.0,0.681741592920354,0.16649919005294486
item_I420,0.0,0.0,25,0.0,0.0,0.681741592920354,0.16649919005294486
item_I428,0.0,0.0,25,0.0,0.0,0.681741592920354,0.16649919005294486
item_I429,0.0,0.0,25,0.0,0.0,0.681741592920354,0.16649919005294486
item_I440,0.0,0.0,25,0.0,0.0,0.681741592920354,0.16649919005294486
item_I4510,0.0,0.0,25,0.0,0.0,0.681741592920354,0.16649919005294486
item_I498,0.0,0.0,25,0.0,0.0,0.681741592920354,0.16649919005294486
item_I5020,0.0,0.0,25,0.0,0.0,0.681741592920354,0.16649919005294486
item_I5021,0.0,0.0,25,0.0,0.0,0.681741592920354,0.16649919005294486
item_I5023,0.0,0.0,25,0.0,0.0,0.681741592920354,0.16649919005294486
item_I5032,0.0,0.0,25,0.0,0.0,0.681741592920354,0.16649919005294486
item_R262,0.0,0.0,25,0.0,0.0,0.681741592920354,0.16649919005294486
item_R2689,0.0,0.0,25,0.0,0.0,0.681741592920354,0.16649919005294486
item_NUCYNTA,0.0,0.0,25,0.0,0.0,0.681741592920354,0.16649919005294486
item_R29818,0.0,0.0,25,0.0,0.0,0.681741592920354,0.16649919005294486
item_R309,0.0,0.0,25,0.0,0.0,0.681741592920354,0.16649919005294486
item_R312,0.0,0.0,25,0.0,0.0,0.681741592920354,0.16649919005294486
item_I638,0.0,0.0,25,0.0,0.0,0.681741592920354,0.16649919005294486
item_I639,0.0,0.0,25,0.0,0.0,0.681741592920354,0.16649919005294486
item_NUCYNTA ER,0.0,0.0,25,0.0,0.0,0.681741592920354,0.16649919005294486
item_I6529,0.0,0.0,25,0.0,0.0,0.681741592920354,0.16649919005294486
item_I671,0.0,0.0,25,0.0,0.0,0.681741592920354,0.16649919005294486
item_I69351,0.0,0.0,25,0.0,0.0,0.681741592920354,0.16649919005294486
item_I700,0.0,0.0,25,0.0,0.0,0.681741592920354,0.16649919005294486
item_I712,0.0,0.0,25,0.0,0.0,0.681741592920354,0.16649919005294486
item_I781,0.0,0.0,25,0.0,0.0,0.681741592920354,0.16649919005294486
item_I82401,0.0,0.0,25,0.0,0.0,0.681741592920354,0.16649919005294486
item_I82402,0.0,0.0,25,0.0,0.0,0.681741592920354,0.16649919005294486
item_I472,0.0,0.0,25,0.0,0.0,0.681741592920354,0.16649919005294486
item_I480,0.0,0.0,25,0.0,0.0,0.681741592920354,0.16649919005294486
item_I481,0.0,0.0,25,0.0,0.0,0.681741592920354,0.16649919005294486
item_I4892,0.0,0.0,25,0.0,0.0,0.681741592920354,0.16649919005294486
item_I491,0.0,0.0,25,0.0,0.0,0.681741592920354,0.16649919005294486
item_IVERMECTIN,0.0,0.0,25,0.0,0.0,0.681741592920354,0.16649919005294486
item_J0111,0.0,0.0,25,0.0,0.0,0.681741592920354,0.16649919005294486
item_I83811,0.0,0.0,25,0.0,0.0,0.681741592920354,0.16649919005294486
item_I83812,0.0,0.0,25,0.0,0.0,0.681741592920354,0.16649919005294486
item_I83813,0.0,0.0,25,0.0,0.0,0.681741592920354,0.16649919005294486
item_I83893,0.0,0.0,25,0.0,0.0,0.681741592920354,0.16649919005294486
item_I8500,0.0,0.0,25,0.0,0.0,0.681741592920354,0.16649919005294486
item_I878,0.0,0.0,25,0.0,0.0,0.681741592920354,0.16649919005294486
item_I890,0.0,0.0,25,0.0,0.0,0.681741592920354,0.16649919005294486
item_I951,0.0,0.0,25,0.0,0.0,0.681741592920354,0.16649919005294486
item_I959,0.0,0.0,25,0.0,0.0,0.681741592920354,0.16649919005294486
item_I96,0.0,0.0,25,0.0,0.0,0.681741592920354,0.16649919005294486
item_IMIPRAMINE HCL,0.0,0.0,25,0.0,0.0,0.681741592920354,0.16649919005294486
item_IMIQUIMOD,0.0,0.0,25,0.0,0.0,0.681741592920354,0.16649919005294486
item_I5033,0.0,0.0,25,0.0,0.0,0.681741592920354,0.16649919005294486
item_I519,0.0,0.0,25,0.0,0.0,0.681741592920354,0.16649919005294486
item_J028,0.0,0.0,25,0.0,0.0,0.681741592920354,0.16649919005294486
item_J0280,0.0,0.0,25,0.0,0.0,0.681741592920354,0.16649919005294486
item_J0360,0.0,0.0,25,0.0,0.0,0.681741592920354,0.16649919005294486
item_J0390,0.0,0.0,25,0.0,0.0,0.681741592920354,0.16649919005294486
item_J040,0.0,0.0,25,0.0,0.0,0.681741592920354,0.16649919005294486
item_J0456,0.0,0.0,25,0.0,0.0,0.681741592920354,0.16649919005294486
item_J0461,0.0,0.0,25,0.0,0.0,0.681741592920354,0.16649919005294486
item_INDAPAMIDE,0.0,0.0,25,0.0,0.0,0.681741592920354,0.16649919005294486
item_INVEGA SUSTENNA,0.0,0.0,25,0.0,0.0,0.681741592920354,0.16649919005294486
item_IRBESARTAN,0.0,0.0,25,0.0,0.0,0.681741592920354,0.16649919005294486
item_ISENTRESS,0.0,0.0,25,0.0,0.0,0.681741592920354,0.16649919005294486
item_3014F,0.0,0.0,25,0.0,0.0,0.681741592920354,0.16649919005294486
item_30520,0.0,0.0,25,0.0,0.0,0.681741592920354,0.16649919005294486
item_31231,0.0,0.0,25,0.0,0.0,0.681741592920354,0.16649919005294486
item_31237,0.0,0.0,25,0.0,0.0,0.681741592920354,0.16649919005294486
item_R2242,0.0,0.0,25,0.0,0.0,0.681741592920354,0.16649919005294486
item_R2243,0.0,0.0,25,0.0,0.0,0.681741592920354,0.16649919005294486
item_R229,0.0,0.0,25,0.0,0.0,0.681741592920354,0.16649919005294486
item_R232,0.0,0.0,25,0.0,0.0,0.681741592920354,0.16649919005294486
item_R238,0.0,0.0,25,0.0,0.0,0.681741592920354,0.16649919005294486
item_R251,0.0,0.0,25,0.0,0.0,0.681741592920354,0.16649919005294486
item_NUVARING,0.0,0.0,25,0.0,0.0,0.681741592920354,0.16649919005294486
item_J0140,0.0,0.0,25,0.0,0.0,0.681741592920354,0.16649919005294486
item_J0180,0.0,0.0,25,0.0,0.0,0.681741592920354,0.16649919005294486
item_J0191,0.0,0.0,25,0.0,0.0,0.681741592920354,0.16649919005294486
item_R208,0.0,0.0,25,0.0,0.0,0.681741592920354,0.16649919005294486
item_R209,0.0,0.0,25,0.0,0.0,0.681741592920354,0.16649919005294486
item_NYAMYC,0.0,0.0,25,0.0,0.0,0.681741592920354,0.16649919005294486
item_R221,0.0,0.0,25,0.0,0.0,0.681741592920354,0.16649919005294486
item_R2231,0.0,0.0,25,0.0,0.0,0.681741592920354,0.16649919005294486
item_R2232,0.0,0.0,25,0.0,0.0,0.681741592920354,0.16649919005294486
item_R2241,0.0,0.0,25,0.0,0.0,0.681741592920354,0.16649919005294486
item_Z789,0.0,0.0,25,0.0,0.0,0.681741592920354,0.16649919005294486
item_Z800,0.0,0.0,25,0.0,0.0,0.681741592920354,0.16649919005294486
item_Z803,0.0,0.0,25,0.0,0.0,0.681741592920354,0.16649919005294486
item_Z8249,0.0,0.0,25,0.0,0.0,0.681741592920354,0.16649919005294486
item_Z8371,0.0,0.0,25,0.0,0.0,0.681741592920354,0.16649919005294486
item_Z85038,0.0,0.0,25,0.0,0.0,0.681741592920354,0.16649919005294486
item_Z853,0.0,0.0,25,0.0,0.0,0.681741592920354,0.16649919005294486
item_30000,0.0,0.0,25,0.0,0.0,0.681741592920354,0.16649919005294486
item_30140,0.0,0.0,25,0.0,0.0,0.681741592920354,0.16649919005294486
item_J1050,0.0,0.0,25,0.0,0.0,0.681741592920354,0.16649919005294486
item_J1250,0.0,0.0,25,0.0,0.0,0.681741592920354,0.16649919005294486
item_J1270,0.0,0.0,25,0.0,0.0,0.681741592920354,0.16649919005294486
item_J1335,0.0,0.0,25,0.0,0.0,0.681741592920354,0.16649919005294486
item_J1439,0.0,0.0,25,0.0,0.0,0.681741592920354,0.16649919005294486
item_82340,0.0,0.0,25,0.0,0.0,0.681741592920354,0.16649919005294486
item_82360,0.0,0.0,25,0.0,0.0,0.681741592920354,0.16649919005294486
item_82365,0.0,0.0,25,0.0,0.0,0.681741592920354,0.16649919005294486
item_82374,0.0,0.0,25,0.0,0.0,0.681741592920354,0.16649919005294486
item_82375,0.0,0.0,25,0.0,0.0,0.681741592920354,0.16649919005294486
item_NYSTATIN/TRIAMCINOLONE,0.0,0.0,25,0.0,0.0,0.681741592920354,0.16649919005294486
item_81528,0.0,0.0,25,0.0,0.0,0.681741592920354,0.16649919005294486
item_82009,0.0,0.0,25,0.0,0.0,0.681741592920354,0.16649919005294486
item_82010,0.0,0.0,25,0.0,0.0,0.681741592920354,0.16649919005294486
item_82024,0.0,0.0,25,0.0,0.0,0.681741592920354,0.16649919005294486
item_82725,0.0,0.0,25,0.0,0.0,0.681741592920354,0.16649919005294486
item_82785,0.0,0.0,25,0.0,0.0,0.681741592920354,0.16649919005294486
item_82787,0.0,0.0,25,0.0,0.0,0.681741592920354,0.16649919005294486
item_J1580,0.0,0.0,25,0.0,0.0,0.681741592920354,0.16649919005294486
item_J159,0.0,0.0,25,0.0,0.0,0.681741592920354,0.16649919005294486
item_J1610,0.0,0.0,25,0.0,0.0,0.681741592920354,0.16649919005294486
item_J1630,0.0,0.0,25,0.0,0.0,0.681741592920354,0.16649919005294486
item_J0500,0.0,0.0,25,0.0,0.0,0.681741592920354,0.16649919005294486
item_J0780,0.0,0.0,25,0.0,0.0,0.681741592920354,0.16649919005294486
item_J0887,0.0,0.0,25,0.0,0.0,0.681741592920354,0.16649919005294486
item_J0897,0.0,0.0,25,0.0,0.0,0.681741592920354,0.16649919005294486
item_J09X2,0.0,0.0,25,0.0,0.0,0.681741592920354,0.16649919005294486
item_J22,0.0,0.0,25,0.0,0.0,0.681741592920354,0.16649919005294486
item_J2360,0.0,0.0,25,0.0,0.0,0.681741592920354,0.16649919005294486
item_J2370,0.0,0.0,25,0.0,0.0,0.681741592920354,0.16649919005294486
item_J2469,0.0,0.0,25,0.0,0.0,0.681741592920354,0.16649919005294486
item_J2505,0.0,0.0,25,0.0,0.0,0.681741592920354,0.16649919005294486
item_00810,0.0,0.0,25,0.0,0.0,0.681741592920354,0.16649919005294486
item_J2780,0.0,0.0,25,0.0,0.0,0.681741592920354,0.16649919005294486
item_J1642,0.0,0.0,25,0.0,0.0,0.681741592920354,0.16649919005294486
item_J1650,0.0,0.0,25,0.0,0.0,0.681741592920354,0.16649919005294486
item_J1745,0.0,0.0,25,0.0,0.0,0.681741592920354,0.16649919005294486
item_J1750,0.0,0.0,25,0.0,0.0,0.681741592920354,0.16649919005294486
item_J181,0.0,0.0,25,0.0,0.0,0.681741592920354,0.16649919005294486
item_J1956,0.0,0.0,25,0.0,0.0,0.681741592920354,0.16649919005294486
item_J208,0.0,0.0,25,0.0,0.0,0.681741592920354,0.16649919005294486
item_J310,0.0,0.0,25,0.0,0.0,0.681741592920354,0.16649919005294486
item_J320,0.0,0.0,25,0.0,0.0,0.681741592920354,0.16649919005294486
item_J321,0.0,0.0,25,0.0,0.0,0.681741592920354,0.16649919005294486
item_R1312,0.0,0.0,25,0.0,0.0,0.681741592920354,0.16649919005294486
item_R1314,0.0,0.0,25,0.0,0.0,0.681741592920354,0.16649919005294486
item_R1319,0.0,0.0,25,0.0,0.0,0.681741592920354,0.16649919005294486
item_R160,0.0,0.0,25,0.0,0.0,0.681741592920354,0.16649919005294486
item_R17,0.0,0.0,25,0.0,0.0,0.681741592920354,0.16649919005294486
item_R188,0.0,0.0,25,0.0,0.0,0.681741592920354,0.16649919005294486
item_R1900,0.0,0.0,25,0.0,0.0,0.681741592920354,0.16649919005294486
item_00142,0.0,0.0,25,0.0,0.0,0.681741592920354,0.16649919005294486
item_R194,0.0,0.0,25,0.0,0.0,0.681741592920354,0.16649919005294486
item_R198,0.0,0.0,25,0.0,0.0,0.681741592920354,0.16649919005294486
item_J2175,0.0,0.0,25,0.0,0.0,0.681741592920354,0.16649919005294486
item_29515,0.0,0.0,25,0.0,0.0,0.681741592920354,0.16649919005294486
item_29580,0.0,0.0,25,0.0,0.0,0.681741592920354,0.16649919005294486
item_29581,0.0,0.0,25,0.0,0.0,0.681741592920354,0.16649919005294486
item_29822,0.0,0.0,25,0.0,0.0,0.681741592920354,0.16649919005294486
item_29823,0.0,0.0,25,0.0,0.0,0.681741592920354,0.16649919005294486
item_29826,0.0,0.0,25,0.0,0.0,0.681741592920354,0.16649919005294486
item_29827,0.0,0.0,25,0.0,0.0,0.681741592920354,0.16649919005294486
item_J432,0.0,0.0,25,0.0,0.0,0.681741592920354,0.16649919005294486
item_J2795,0.0,0.0,25,0.0,0.0,0.681741592920354,0.16649919005294486
item_J2805,0.0,0.0,25,0.0,0.0,0.681741592920354,0.16649919005294486
item_J2916,0.0,0.0,25,0.0,0.0,0.681741592920354,0.16649919005294486
item_J2920,0.0,0.0,25,0.0,0.0,0.681741592920354,0.16649919005294486
item_J2997,0.0,0.0,25,0.0,0.0,0.681741592920354,0.16649919005294486
item_J3081,0.0,0.0,25,0.0,0.0,0.681741592920354,0.16649919005294486
item_J3360,0.0,0.0,25,0.0,0.0,0.681741592920354,0.16649919005294486
item_00813,0.0,0.0,25,0.0,0.0,0.681741592920354,0.16649919005294486
item_J3420,0.0,0.0,25,0.0,0.0,0.681741592920354,0.16649919005294486
item_J3480,0.0,0.0,25,0.0,0.0,0.681741592920354,0.16649919005294486
item_J3489,0.0,0.0,25,0.0,0.0,0.681741592920354,0.16649919005294486
item_J410,0.0,0.0,25,0.0,0.0,0.681741592920354,0.16649919005294486
item_J42,0.0,0.0,25,0.0,0.0,0.681741592920354,0.16649919005294486
item_31622,0.0,0.0,25,0.0,0.0,0.681741592920354,0.16649919005294486
item_31624,0.0,0.0,25,0.0,0.0,0.681741592920354,0.16649919005294486
item_32555,0.0,0.0,25,0.0,0.0,0.681741592920354,0.16649919005294486
item_36000,0.0,0.0,25,0.0,0.0,0.681741592920354,0.16649919005294486
item_36410,0.0,0.0,25,0.0,0.0,0.681741592920354,0.16649919005294486
item_36430,0.0,0.0,25,0.0,0.0,0.681741592920354,0.16649919005294486
item_29130,0.0,0.0,25,0.0,0.0,0.681741592920354,0.16649919005294486
item_29405,0.0,0.0,25,0.0,0.0,0.681741592920354,0.16649919005294486
item_29505,0.0,0.0,25,0.0,0.0,0.681741592920354,0.16649919005294486
item_J810,0.0,0.0,25,0.0,0.0,0.681741592920354,0.16649919005294486
item_R1012,0.0,0.0,25,0.0,0.0,0.681741592920354,0.16649919005294486
item_R102,0.0,0.0,25,0.0,0.0,0.681741592920354,0.16649919005294486
item_R1032,0.0,0.0,25,0.0,0.0,0.681741592920354,0.16649919005294486
item_R12,0.0,0.0,25,0.0,0.0,0.681741592920354,0.16649919005294486
item_R1310,0.0,0.0,25,0.0,0.0,0.681741592920354,0.16649919005294486
item_J440,0.0,0.0,25,0.0,0.0,0.681741592920354,0.16649919005294486
item_J4521,0.0,0.0,25,0.0,0.0,0.681741592920354,0.16649919005294486
item_J4550,0.0,0.0,25,0.0,0.0,0.681741592920354,0.16649919005294486
item_J45901,0.0,0.0,25,0.0,0.0,0.681741592920354,0.16649919005294486
item_J45998,0.0,0.0,25,0.0,0.0,0.681741592920354,0.16649919005294486
item_J479,0.0,0.0,25,0.0,0.0,0.681741592920354,0.16649919005294486
item_J329,0.0,0.0,25,0.0,0.0,0.681741592920354,0.16649919005294486
item_J939,0.0,0.0,25,0.0,0.0,0.681741592920354,0.16649919005294486
item_J9602,0.0,0.0,25,0.0,0.0,0.681741592920354,0.16649919005294486
item_J9611,0.0,0.0,25,0.0,0.0,0.681741592920354,0.16649919005294486
item_J9620,0.0,0.0,25,0.0,0.0,0.681741592920354,0.16649919005294486
item_J9621,0.0,0.0,25,0.0,0.0,0.681741592920354,0.16649919005294486
item_J7060,0.0,0.0,25,0.0,0.0,0.681741592920354,0.16649919005294486
item_J7298,0.0,0.0,25,0.0,0.0,0.681741592920354,0.16649919005294486
item_J7323,0.0,0.0,25,0.0,0.0,0.681741592920354,0.16649919005294486
item_J7324,0.0,0.0,25,0.0,0.0,0.681741592920354,0.16649919005294486
item_J7325,0.0,0.0,25,0.0,0.0,0.681741592920354,0.16649919005294486
item_J7507,0.0,0.0,25,0.0,0.0,0.681741592920354,0.16649919005294486
item_J7613,0.0,0.0,25,0.0,0.0,0.681741592920354,0.16649919005294486
item_J7626,0.0,0.0,25,0.0,0.0,0.681741592920354,0.16649919005294486
item_ZALEPLON,0.0,0.0,25,0.0,0.0,0.681741592920354,0.16649919005294486
item_K120,0.0,0.0,25,0.0,0.0,0.681741592920354,0.16649919005294486
item_R0609,0.0,0.0,25,0.0,0.0,0.681741592920354,0.16649919005294486
item_R0689,0.0,0.0,25,0.0,0.0,0.681741592920354,0.16649919005294486
item_R070,0.0,0.0,25,0.0,0.0,0.681741592920354,0.16649919005294486
item_82108,0.0,0.0,25,0.0,0.0,0.681741592920354,0.16649919005294486
item_81227,0.0,0.0,25,0.0,0.0,0.681741592920354,0.16649919005294486
item_81240,0.0,0.0,25,0.0,0.0,0.681741592920354,0.16649919005294486
item_81241,0.0,0.0,25,0.0,0.0,0.681741592920354,0.16649919005294486
item_81256,0.0,0.0,25,0.0,0.0,0.681741592920354,0.16649919005294486
item_81270,0.0,0.0,25,0.0,0.0,0.681741592920354,0.16649919005294486
item_81291,0.0,0.0,25,0.0,0.0,0.681741592920354,0.16649919005294486
item_81350,0.0,0.0,25,0.0,0.0,0.681741592920354,0.16649919005294486
item_81355,0.0,0.0,25,0.0,0.0,0.681741592920354,0.16649919005294486
item_81374,0.0,0.0,25,0.0,0.0,0.681741592920354,0.16649919005294486
item_81381,0.0,0.0,25,0.0,0.0,0.681741592920354,0.16649919005294486
item_82232,0.0,0.0,25,0.0,0.0,0.681741592920354,0.16649919005294486
item_ZETIA,0.0,0.0,25,0.0,0.0,0.681741592920354,0.16649919005294486
item_R071,0.0,0.0,25,0.0,0.0,0.681741592920354,0.16649919005294486
item_R091,0.0,0.0,25,0.0,0.0,0.681741592920354,0.16649919005294486
item_ZOLMITRIPTAN,0.0,0.0,25,0.0,0.0,0.681741592920354,0.16649919005294486
item_R0982,0.0,0.0,25,0.0,0.0,0.681741592920354,0.16649919005294486
item_R100,0.0,0.0,25,0.0,0.0,0.681741592920354,0.16649919005294486
item_J8410,0.0,0.0,25,0.0,0.0,0.681741592920354,0.16649919005294486
item_J9035,0.0,0.0,25,0.0,0.0,0.681741592920354,0.16649919005294486
item_K259,0.0,0.0,25,0.0,0.0,0.681741592920354,0.16649919005294486
item_K279,0.0,0.0,25,0.0,0.0,0.681741592920354,0.16649919005294486
item_K2900,0.0,0.0,25,0.0,0.0,0.681741592920354,0.16649919005294486
item_K2930,0.0,0.0,25,0.0,0.0,0.681741592920354,0.16649919005294486
item_K2950,0.0,0.0,25,0.0,0.0,0.681741592920354,0.16649919005294486
item_J9691,0.0,0.0,25,0.0,0.0,0.681741592920354,0.16649919005294486
item_J988,0.0,0.0,25,0.0,0.0,0.681741592920354,0.16649919005294486
item_JANUMET,0.0,0.0,25,0.0,0.0,0.681741592920354,0.16649919005294486
item_JANUMET XR,0.0,0.0,25,0.0,0.0,0.681741592920354,0.16649919005294486
item_JARDIANCE,0.0,0.0,25,0.0,0.0,0.681741592920354,0.16649919005294486
item_JUBLIA,0.0,0.0,25,0.0,0.0,0.681741592920354,0.16649919005294486
item_JUNEL FE 1/20,0.0,0.0,25,0.0,0.0,0.681741592920354,0.16649919005294486
item_K029,0.0,0.0,25,0.0,0.0,0.681741592920354,0.16649919005294486
item_K088,0.0,0.0,25,0.0,0.0,0.681741592920354,0.16649919005294486
item_K3189,0.0,0.0,25,0.0,0.0,0.681741592920354,0.16649919005294486
item_K3580,0.0,0.0,25,0.0,0.0,0.681741592920354,0.16649919005294486
item_K432,0.0,0.0,25,0.0,0.0,0.681741592920354,0.16649919005294486
item_K439,0.0,0.0,25,0.0,0.0,0.681741592920354,0.16649919005294486
item_K449,0.0,0.0,25,0.0,0.0,0.681741592920354,0.16649919005294486
item_K5000,0.0,0.0,25,0.0,0.0,0.681741592920354,0.16649919005294486
item_K5090,0.0,0.0,25,0.0,0.0,0.681741592920354,0.16649919005294486
item_K5190,0.0,0.0,25,0.0,0.0,0.681741592920354,0.16649919005294486
item_K5289,0.0,0.0,25,0.0,0.0,0.681741592920354,0.16649919005294486
item_K122,0.0,0.0,25,0.0,0.0,0.681741592920354,0.16649919005294486
item_K1379,0.0,0.0,25,0.0,0.0,0.681741592920354,0.16649919005294486
item_K208,0.0,0.0,25,0.0,0.0,0.681741592920354,0.16649919005294486
item_K209,0.0,0.0,25,0.0,0.0,0.681741592920354,0.16649919005294486
item_K210,0.0,0.0,25,0.0,0.0,0.681741592920354,0.16649919005294486
item_K2270,0.0,0.0,25,0.0,0.0,0.681741592920354,0.16649919005294486
item_K228,0.0,0.0,25,0.0,0.0,0.681741592920354,0.16649919005294486
item_K602,0.0,0.0,25,0.0,0.0,0.681741592920354,0.16649919005294486
item_QUETIAPINE FUMARATE ER,0.0,0.0,25,0.0,0.0,0.681741592920354,0.16649919005294486
item_QUINAPRIL HCL,0.0,0.0,25,0.0,0.0,0.681741592920354,0.16649919005294486
item_QVAR REDIHALER,0.0,0.0,25,0.0,0.0,0.681741592920354,0.16649919005294486
item_R001,0.0,0.0,25,0.0,0.0,0.681741592920354,0.16649919005294486
item_R002,0.0,0.0,25,0.0,0.0,0.681741592920354,0.16649919005294486
item_R0070,0.0,0.0,25,0.0,0.0,0.681741592920354,0.16649919005294486
item_R0075,0.0,0.0,25,0.0,0.0,0.681741592920354,0.16649919005294486
item_R011,0.0,0.0,25,0.0,0.0,0.681741592920354,0.16649919005294486
item_R030,0.0,0.0,25,0.0,0.0,0.681741592920354,0.16649919005294486
item_R042,0.0,0.0,25,0.0,0.0,0.681741592920354,0.16649919005294486
item_K2980,0.0,0.0,25,0.0,0.0,0.681741592920354,0.16649919005294486
item_K30,0.0,0.0,25,0.0,0.0,0.681741592920354,0.16649919005294486
item_K317,0.0,0.0,25,0.0,0.0,0.681741592920354,0.16649919005294486
item_K3184,0.0,0.0,25,0.0,0.0,0.681741592920354,0.16649919005294486
item_25000,0.0,0.0,25,0.0,0.0,0.681741592920354,0.16649919005294486
item_26055,0.0,0.0,25,0.0,0.0,0.681741592920354,0.16649919005294486
item_27093,0.0,0.0,25,0.0,0.0,0.681741592920354,0.16649919005294486
item_27130,0.0,0.0,25,0.0,0.0,0.681741592920354,0.16649919005294486
item_2724,0.0,0.0,25,0.0,0.0,0.681741592920354,0.16649919005294486
item_27447,0.0,0.0,25,0.0,0.0,0.681741592920354,0.16649919005294486
item_K567,0.0,0.0,25,0.0,0.0,0.681741592920354,0.16649919005294486
item_K5730,0.0,0.0,25,0.0,0.0,0.681741592920354,0.16649919005294486
item_K5732,0.0,0.0,25,0.0,0.0,0.681741592920354,0.16649919005294486
item_K5792,0.0,0.0,25,0.0,0.0,0.681741592920354,0.16649919005294486
item_K580,0.0,0.0,25,0.0,0.0,0.681741592920354,0.16649919005294486
item_K589,0.0,0.0,25,0.0,0.0,0.681741592920354,0.16649919005294486
item_K5901,0.0,0.0,25,0.0,0.0,0.681741592920354,0.16649919005294486
item_K5903,0.0,0.0,25,0.0,0.0,0.681741592920354,0.16649919005294486
item_K5909,0.0,0.0,25,0.0,0.0,0.681741592920354,0.16649919005294486
item_K649,0.0,0.0,25,0.0,0.0,0.681741592920354,0.16649919005294486
item_K7469,0.0,0.0,25,0.0,0.0,0.681741592920354,0.16649919005294486
item_K7581,0.0,0.0,25,0.0,0.0,0.681741592920354,0.16649919005294486
item_K5660,0.0,0.0,25,0.0,0.0,0.681741592920354,0.16649919005294486
item_K56609,0.0,0.0,25,0.0,0.0,0.681741592920354,0.16649919005294486
item_K5669,0.0,0.0,25,0.0,0.0,0.681741592920354,0.16649919005294486
item_29880,0.0,0.0,25,0.0,0.0,0.681741592920354,0.16649919005294486
item_29881,0.0,0.0,25,0.0,0.0,0.681741592920354,0.16649919005294486
item_22840,0.0,0.0,25,0.0,0.0,0.681741592920354,0.16649919005294486
item_22842,0.0,0.0,25,0.0,0.0,0.681741592920354,0.16649919005294486
item_22845,0.0,0.0,25,0.0,0.0,0.681741592920354,0.16649919005294486
item_22851,0.0,0.0,25,0.0,0.0,0.681741592920354,0.16649919005294486
item_22853,0.0,0.0,25,0.0,0.0,0.681741592920354,0.16649919005294486
item_23350,0.0,0.0,25,0.0,0.0,0.681741592920354,0.16649919005294486
item_2449,0.0,0.0,25,0.0,0.0,0.681741592920354,0.16649919005294486
item_K8010,0.0,0.0,25,0.0,0.0,0.681741592920354,0.16649919005294486
item_K8020,0.0,0.0,25,0.0,0.0,0.681741592920354,0.16649919005294486
item_K8050,0.0,0.0,25,0.0,0.0,0.681741592920354,0.16649919005294486
item_K810,0.0,0.0,25,0.0,0.0,0.681741592920354,0.16649919005294486
item_K811,0.0,0.0,25,0.0,0.0,0.681741592920354,0.16649919005294486
item_K819,0.0,0.0,25,0.0,0.0,0.681741592920354,0.16649919005294486
item_K838,0.0,0.0,25,0.0,0.0,0.681741592920354,0.16649919005294486
item_K859,0.0,0.0,25,0.0,0.0,0.681741592920354,0.16649919005294486
item_K8590,0.0,0.0,25,0.0,0.0,0.681741592920354,0.16649919005294486
item_K920,0.0,0.0,25,0.0,0.0,0.681741592920354,0.16649919005294486
item_K621,0.0,0.0,25,0.0,0.0,0.681741592920354,0.16649919005294486
item_K625,0.0,0.0,25,0.0,0.0,0.681741592920354,0.16649919005294486
item_K6289,0.0,0.0,25,0.0,0.0,0.681741592920354,0.16649919005294486
item_K644,0.0,0.0,25,0.0,0.0,0.681741592920354,0.16649919005294486
item_K648,0.0,0.0,25,0.0,0.0,0.681741592920354,0.16649919005294486
item_L03311,0.0,0.0,25,0.0,0.0,0.681741592920354,0.16649919005294486
item_L089,0.0,0.0,25,0.0,0.0,0.681741592920354,0.16649919005294486
item_L1830,0.0,0.0,25,0.0,0.0,0.681741592920354,0.16649919005294486
item_L2084,0.0,0.0,25,0.0,0.0,0.681741592920354,0.16649919005294486
item_L2089,0.0,0.0,25,0.0,0.0,0.681741592920354,0.16649919005294486
item_KLOR-CON M10,0.0,0.0,25,0.0,0.0,0.681741592920354,0.16649919005294486
item_KLOR-CON M20,0.0,0.0,25,0.0,0.0,0.681741592920354,0.16649919005294486
item_L0201,0.0,0.0,25,0.0,0.0,0.681741592920354,0.16649919005294486
item_L02211,0.0,0.0,25,0.0,0.0,0.681741592920354,0.16649919005294486
item_L02214,0.0,0.0,25,0.0,0.0,0.681741592920354,0.16649919005294486
item_L0231,0.0,0.0,25,0.0,0.0,0.681741592920354,0.16649919005294486
item_L02415,0.0,0.0,25,0.0,0.0,0.681741592920354,0.16649919005294486
item_L02416,0.0,0.0,25,0.0,0.0,0.681741592920354,0.16649919005294486
item_L02419,0.0,0.0,25,0.0,0.0,0.681741592920354,0.16649919005294486
item_L0292,0.0,0.0,25,0.0,0.0,0.681741592920354,0.16649919005294486
item_K8000,0.0,0.0,25,0.0,0.0,0.681741592920354,0.16649919005294486
item_Q0169,0.0,0.0,25,0.0,0.0,0.681741592920354,0.16649919005294486
item_Q2036,0.0,0.0,25,0.0,0.0,0.681741592920354,0.16649919005294486
item_Q2037,0.0,0.0,25,0.0,0.0,0.681741592920354,0.16649919005294486
item_Q2038,0.0,0.0,25,0.0,0.0,0.681741592920354,0.16649919005294486
item_Q2039,0.0,0.0,25,0.0,0.0,0.681741592920354,0.16649919005294486
item_Q3014,0.0,0.0,25,0.0,0.0,0.681741592920354,0.16649919005294486
item_Q4081,0.0,0.0,25,0.0,0.0,0.681741592920354,0.16649919005294486
item_Q9963,0.0,0.0,25,0.0,0.0,0.681741592920354,0.16649919005294486
item_Q9968,0.0,0.0,25,0.0,0.0,0.681741592920354,0.16649919005294486
item_L03012,0.0,0.0,25,0.0,0.0,0.681741592920354,0.16649919005294486
item_L03031,0.0,0.0,25,0.0,0.0,0.681741592920354,0.16649919005294486
item_L03032,0.0,0.0,25,0.0,0.0,0.681741592920354,0.16649919005294486
item_L03115,0.0,0.0,25,0.0,0.0,0.681741592920354,0.16649919005294486
item_ZOLPIDEM TARTRATE ER,0.0,0.0,25,0.0,0.0,0.681741592920354,0.16649919005294486
item_L209,0.0,0.0,25,0.0,0.0,0.681741592920354,0.16649919005294486
item_L218,0.0,0.0,25,0.0,0.0,0.681741592920354,0.16649919005294486
item_L239,0.0,0.0,25,0.0,0.0,0.681741592920354,0.16649919005294486
item_L249,0.0,0.0,25,0.0,0.0,0.681741592920354,0.16649919005294486
item_L255,0.0,0.0,25,0.0,0.0,0.681741592920354,0.16649919005294486
item_L259,0.0,0.0,25,0.0,0.0,0.681741592920354,0.16649919005294486
item_L280,0.0,0.0,25,0.0,0.0,0.681741592920354,0.16649919005294486
item_L298,0.0,0.0,25,0.0,0.0,0.681741592920354,0.16649919005294486
item_L299,0.0,0.0,25,0.0,0.0,0.681741592920354,0.16649919005294486
item_L301,0.0,0.0,25,0.0,0.0,0.681741592920354,0.16649919005294486
item_L304,0.0,0.0,25,0.0,0.0,0.681741592920354,0.16649919005294486
item_L308,0.0,0.0,25,0.0,0.0,0.681741592920354,0.16649919005294486
item_Q0163,0.0,0.0,25,0.0,0.0,0.681741592920354,0.16649919005294486
item_L910,0.0,0.0,25,0.0,0.0,0.681741592920354,0.16649919005294486
item_L918,0.0,0.0,25,0.0,0.0,0.681741592920354,0.16649919005294486
item_L930,0.0,0.0,25,0.0,0.0,0.681741592920354,0.16649919005294486
item_L4050,0.0,0.0,25,0.0,0.0,0.681741592920354,0.16649919005294486
item_L409,0.0,0.0,25,0.0,0.0,0.681741592920354,0.16649919005294486
item_VICODIN,0.0,0.0,25,0.0,0.0,0.681741592920354,0.16649919005294486
item_VIGAMOX,0.0,0.0,25,0.0,0.0,0.681741592920354,0.16649919005294486
item_VIIBRYD,0.0,0.0,25,0.0,0.0,0.681741592920354,0.16649919005294486
item_VIMOVO,0.0,0.0,25,0.0,0.0,0.681741592920354,0.16649919005294486
item_VIMPAT,0.0,0.0,25,0.0,0.0,0.681741592920354,0.16649919005294486
item_VIREAD,0.0,0.0,25,0.0,0.0,0.681741592920354,0.16649919005294486
item_VIRTUSSIN A/C,0.0,0.0,25,0.0,0.0,0.681741592920354,0.16649919005294486
item_VITAMIN B-1,0.0,0.0,25,0.0,0.0,0.681741592920354,0.16649919005294486
item_VITAMIN B-12,0.0,0.0,25,0.0,0.0,0.681741592920354,0.16649919005294486
item_VRAYLAR,0.0,0.0,25,0.0,0.0,0.681741592920354,0.16649919005294486
item_VYVANSE,0.0,0.0,25,0.0,0.0,0.681741592920354,0.16649919005294486
item_82085,0.0,0.0,25,0.0,0.0,0.681741592920354,0.16649919005294486
item_82088,0.0,0.0,25,0.0,0.0,0.681741592920354,0.16649919005294486
item_82103,0.0,0.0,25,0.0,0.0,0.681741592920354,0.16649919005294486
item_82105,0.0,0.0,25,0.0,0.0,0.681741592920354,0.16649919005294486
item_L500,0.0,0.0,25,0.0,0.0,0.681741592920354,0.16649919005294486
item_L509,0.0,0.0,25,0.0,0.0,0.681741592920354,0.16649919005294486
item_L570,0.0,0.0,25,0.0,0.0,0.681741592920354,0.16649919005294486
item_L578,0.0,0.0,25,0.0,0.0,0.681741592920354,0.16649919005294486
item_L603,0.0,0.0,25,0.0,0.0,0.681741592920354,0.16649919005294486
item_L609,0.0,0.0,25,0.0,0.0,0.681741592920354,0.16649919005294486
item_L700,0.0,0.0,25,0.0,0.0,0.681741592920354,0.16649919005294486
item_L709,0.0,0.0,25,0.0,0.0,0.681741592920354,0.16649919005294486
item_L719,0.0,0.0,25,0.0,0.0,0.681741592920354,0.16649919005294486
item_NOVOLOG FLEXPEN,0.0,0.0,25,0.0,0.0,0.681741592920354,0.16649919005294486
item_00402,0.0,0.0,25,0.0,0.0,0.681741592920354,0.16649919005294486
item_LATUDA,0.0,0.0,25,0.0,0.0,0.681741592920354,0.16649919005294486
item_LETROZOLE,0.0,0.0,25,0.0,0.0,0.681741592920354,0.16649919005294486
item_LEVEMIR,0.0,0.0,25,0.0,0.0,0.681741592920354,0.16649919005294486
item_L728,0.0,0.0,25,0.0,0.0,0.681741592920354,0.16649919005294486
item_L729,0.0,0.0,25,0.0,0.0,0.681741592920354,0.16649919005294486
item_L732,0.0,0.0,25,0.0,0.0,0.681741592920354,0.16649919005294486
item_L738,0.0,0.0,25,0.0,0.0,0.681741592920354,0.16649919005294486
item_L739,0.0,0.0,25,0.0,0.0,0.681741592920354,0.16649919005294486
item_L814,0.0,0.0,25,0.0,0.0,0.681741592920354,0.16649919005294486
item_L819,0.0,0.0,25,0.0,0.0,0.681741592920354,0.16649919005294486
item_L820,0.0,0.0,25,0.0,0.0,0.681741592920354,0.16649919005294486
item_00902,0.0,0.0,25,0.0,0.0,0.681741592920354,0.16649919005294486
item_L853,0.0,0.0,25,0.0,0.0,0.681741592920354,0.16649919005294486
item_L8699,0.0,0.0,25,0.0,0.0,0.681741592920354,0.16649919005294486
item_L905,0.0,0.0,25,0.0,0.0,0.681741592920354,0.16649919005294486
item_20930,0.0,0.0,25,0.0,0.0,0.681741592920354,0.16649919005294486
item_20931,0.0,0.0,25,0.0,0.0,0.681741592920354,0.16649919005294486
item_22552,0.0,0.0,25,0.0,0.0,0.681741592920354,0.16649919005294486
item_22633,0.0,0.0,25,0.0,0.0,0.681741592920354,0.16649919005294486
item_12032,0.0,0.0,25,0.0,0.0,0.681741592920354,0.16649919005294486
item_13132,0.0,0.0,25,0.0,0.0,0.681741592920354,0.16649919005294486
item_L97519,0.0,0.0,25,0.0,0.0,0.681741592920354,0.16649919005294486
item_L97529,0.0,0.0,25,0.0,0.0,0.681741592920354,0.16649919005294486
item_L988,0.0,0.0,25,0.0,0.0,0.681741592920354,0.16649919005294486
item_L989,0.0,0.0,25,0.0,0.0,0.681741592920354,0.16649919005294486
item_00910,0.0,0.0,25,0.0,0.0,0.681741592920354,0.16649919005294486
item_PULMICORT FLEXHALER,0.0,0.0,25,0.0,0.0,0.681741592920354,0.16649919005294486
item_Q0091,0.0,0.0,25,0.0,0.0,0.681741592920354,0.16649919005294486
item_LEVONORGESTREL/ETHINYL ES,0.0,0.0,25,0.0,0.0,0.681741592920354,0.16649919005294486
item_LEVOXYL,0.0,0.0,25,0.0,0.0,0.681741592920354,0.16649919005294486
item_LIALDA,0.0,0.0,25,0.0,0.0,0.681741592920354,0.16649919005294486
item_LIDOCAINE HCL JELLY,0.0,0.0,25,0.0,0.0,0.681741592920354,0.16649919005294486
item_LIDOCAINE/PRILOCAINE,0.0,0.0,25,0.0,0.0,0.681741592920354,0.16649919005294486
item_LIOTHYRONINE SODIUM,0.0,0.0,25,0.0,0.0,0.681741592920354,0.16649919005294486
item_28470,0.0,0.0,25,0.0,0.0,0.681741592920354,0.16649919005294486
item_29075,0.0,0.0,25,0.0,0.0,0.681741592920354,0.16649919005294486
item_20600,0.0,0.0,25,0.0,0.0,0.681741592920354,0.16649919005294486
item_20605,0.0,0.0,25,0.0,0.0,0.681741592920354,0.16649919005294486
item_20606,0.0,0.0,25,0.0,0.0,0.681741592920354,0.16649919005294486
item_20611,0.0,0.0,25,0.0,0.0,0.681741592920354,0.16649919005294486
item_20612,0.0,0.0,25,0.0,0.0,0.681741592920354,0.16649919005294486
item_20680,0.0,0.0,25,0.0,0.0,0.681741592920354,0.16649919005294486
item_M169,0.0,0.0,25,0.0,0.0,0.681741592920354,0.16649919005294486
item_M1710,0.0,0.0,25,0.0,0.0,0.681741592920354,0.16649919005294486
item_LITHIUM CARBONATE ER,0.0,0.0,25,0.0,0.0,0.681741592920354,0.16649919005294486
item_LO LOESTRIN FE,0.0,0.0,25,0.0,0.0,0.681741592920354,0.16649919005294486
item_LOSARTAN POTASSIUM/HYDROC,0.0,0.0,25,0.0,0.0,0.681741592920354,0.16649919005294486
item_LOTEMAX,0.0,0.0,25,0.0,0.0,0.681741592920354,0.16649919005294486
item_LUMIGAN,0.0,0.0,25,0.0,0.0,0.681741592920354,0.16649919005294486
item_LYRICA,0.0,0.0,25,0.0,0.0,0.681741592920354,0.16649919005294486
item_M059,0.0,0.0,25,0.0,0.0,0.681741592920354,0.16649919005294486
item_PROMETHAZINE HCL PLAIN,0.0,0.0,25,0.0,0.0,0.681741592920354,0.16649919005294486
item_PROMETHEGAN,0.0,0.0,25,0.0,0.0,0.681741592920354,0.16649919005294486
item_00918,0.0,0.0,25,0.0,0.0,0.681741592920354,0.16649919005294486
item_PROPRANOLOL HCL ER,0.0,0.0,25,0.0,0.0,0.681741592920354,0.16649919005294486
item_M19071,0.0,0.0,25,0.0,0.0,0.681741592920354,0.16649919005294486
item_M2011,0.0,0.0,25,0.0,0.0,0.681741592920354,0.16649919005294486
item_M2012,0.0,0.0,25,0.0,0.0,0.681741592920354,0.16649919005294486
item_M2021,0.0,0.0,25,0.0,0.0,0.681741592920354,0.16649919005294486
item_M2041,0.0,0.0,25,0.0,0.0,0.681741592920354,0.16649919005294486
item_M1000,0.0,0.0,25,0.0,0.0,0.681741592920354,0.16649919005294486
item_M10071,0.0,0.0,25,0.0,0.0,0.681741592920354,0.16649919005294486
item_M109,0.0,0.0,25,0.0,0.0,0.681741592920354,0.16649919005294486
item_M1288,0.0,0.0,25,0.0,0.0,0.681741592920354,0.16649919005294486
item_M129,0.0,0.0,25,0.0,0.0,0.681741592920354,0.16649919005294486
item_M130,0.0,0.0,25,0.0,0.0,0.681741592920354,0.16649919005294486
item_M150,0.0,0.0,25,0.0,0.0,0.681741592920354,0.16649919005294486
item_M160,0.0,0.0,25,0.0,0.0,0.681741592920354,0.16649919005294486
item_M1611,0.0,0.0,25,0.0,0.0,0.681741592920354,0.16649919005294486
item_M1612,0.0,0.0,25,0.0,0.0,0.681741592920354,0.16649919005294486
item_PREPOPIK,0.0,0.0,25,0.0,0.0,0.681741592920354,0.16649919005294486
item_PREVIDENT 5000 BOOSTER PL,0.0,0.0,25,0.0,0.0,0.681741592920354,0.16649919005294486
item_PREVNAR 13,0.0,0.0,25,0.0,0.0,0.681741592920354,0.16649919005294486
item_PRILOSEC OTC,0.0,0.0,25,0.0,0.0,0.681741592920354,0.16649919005294486
item_PRIMIDONE,0.0,0.0,25,0.0,0.0,0.681741592920354,0.16649919005294486
item_PRISTIQ,0.0,0.0,25,0.0,0.0,0.681741592920354,0.16649919005294486
item_PROAIR RESPICLICK,0.0,0.0,25,0.0,0.0,0.681741592920354,0.16649919005294486
item_PROCHLORPERAZINE MALEATE,0.0,0.0,25,0.0,0.0,0.681741592920354,0.16649919005294486
item_PROCTO-MED HC,0.0,0.0,25,0.0,0.0,0.681741592920354,0.16649919005294486
item_M179,0.0,0.0,25,0.0,0.0,0.681741592920354,0.16649919005294486
item_M1811,0.0,0.0,25,0.0,0.0,0.681741592920354,0.16649919005294486
item_M1812,0.0,0.0,25,0.0,0.0,0.681741592920354,0.16649919005294486
item_00940,0.0,0.0,25,0.0,0.0,0.681741592920354,0.16649919005294486
item_M19012,0.0,0.0,25,0.0,0.0,0.681741592920354,0.16649919005294486
item_M19041,0.0,0.0,25,0.0,0.0,0.681741592920354,0.16649919005294486
item_M19042,0.0,0.0,25,0.0,0.0,0.681741592920354,0.16649919005294486
item_M4310,0.0,0.0,25,0.0,0.0,0.681741592920354,0.16649919005294486
item_M2042,0.0,0.0,25,0.0,0.0,0.681741592920354,0.16649919005294486
item_M222X1,0.0,0.0,25,0.0,0.0,0.681741592920354,0.16649919005294486
item_M2241,0.0,0.0,25,0.0,0.0,0.681741592920354,0.16649919005294486
item_M2242,0.0,0.0,25,0.0,0.0,0.681741592920354,0.16649919005294486
item_M2391,0.0,0.0,25,0.0,0.0,0.681741592920354,0.16649919005294486
item_M2392,0.0,0.0,25,0.0,0.0,0.681741592920354,0.16649919005294486
item_M25462,0.0,0.0,25,0.0,0.0,0.681741592920354,0.16649919005294486
item_M25531,0.0,0.0,25,0.0,0.0,0.681741592920354,0.16649919005294486
item_PREMARIN,0.0,0.0,25,0.0,0.0,0.681741592920354,0.16649919005294486
item_PRENATE DHA,0.0,0.0,25,0.0,0.0,0.681741592920354,0.16649919005294486
item_20526,0.0,0.0,25,0.0,0.0,0.681741592920354,0.16649919005294486
item_20550,0.0,0.0,25,0.0,0.0,0.681741592920354,0.16649919005294486
item_11400,0.0,0.0,25,0.0,0.0,0.681741592920354,0.16649919005294486
item_11401,0.0,0.0,25,0.0,0.0,0.681741592920354,0.16649919005294486
item_11402,0.0,0.0,25,0.0,0.0,0.681741592920354,0.16649919005294486
item_80333,0.0,0.0,25,0.0,0.0,0.681741592920354,0.16649919005294486
item_80334,0.0,0.0,25,0.0,0.0,0.681741592920354,0.16649919005294486
item_80069,0.0,0.0,25,0.0,0.0,0.681741592920354,0.16649919005294486
item_80074,0.0,0.0,25,0.0,0.0,0.681741592920354,0.16649919005294486
item_80156,0.0,0.0,25,0.0,0.0,0.681741592920354,0.16649919005294486
item_80175,0.0,0.0,25,0.0,0.0,0.681741592920354,0.16649919005294486
item_80184,0.0,0.0,25,0.0,0.0,0.681741592920354,0.16649919005294486
item_Z95810,0.0,0.0,25,0.0,0.0,0.681741592920354,0.16649919005294486
item_80197,0.0,0.0,25,0.0,0.0,0.681741592920354,0.16649919005294486
item_86593,0.0,0.0,25,0.0,0.0,0.681741592920354,0.16649919005294486
item_81015,0.0,0.0,25,0.0,0.0,0.681741592920354,0.16649919005294486
item_81400,0.0,0.0,25,0.0,0.0,0.681741592920354,0.16649919005294486
item_81401,0.0,0.0,25,0.0,0.0,0.681741592920354,0.16649919005294486
item_81403,0.0,0.0,25,0.0,0.0,0.681741592920354,0.16649919005294486
item_81405,0.0,0.0,25,0.0,0.0,0.681741592920354,0.16649919005294486
item_81406,0.0,0.0,25,0.0,0.0,0.681741592920354,0.16649919005294486
item_M25541,0.0,0.0,25,0.0,0.0,0.681741592920354,0.16649919005294486
item_TAMOXIFEN CITRATE,0.0,0.0,25,0.0,0.0,0.681741592920354,0.16649919005294486
item_M25571,0.0,0.0,25,0.0,0.0,0.681741592920354,0.16649919005294486
item_TELMISARTAN,0.0,0.0,25,0.0,0.0,0.681741592920354,0.16649919005294486
item_M25579,0.0,0.0,25,0.0,0.0,0.681741592920354,0.16649919005294486
item_M329,0.0,0.0,25,0.0,0.0,0.681741592920354,0.16649919005294486
item_M3500,0.0,0.0,25,0.0,0.0,0.681741592920354,0.16649919005294486
item_M359,0.0,0.0,25,0.0,0.0,0.681741592920354,0.16649919005294486
item_M419,0.0,0.0,25,0.0,0.0,0.681741592920354,0.16649919005294486
item_M4306,0.0,0.0,25,0.0,0.0,0.681741592920354,0.16649919005294486
item_M436,0.0,0.0,25,0.0,0.0,0.681741592920354,0.16649919005294486
item_M4602,0.0,0.0,25,0.0,0.0,0.681741592920354,0.16649919005294486
item_M4606,0.0,0.0,25,0.0,0.0,0.681741592920354,0.16649919005294486
item_M4712,0.0,0.0,25,0.0,0.0,0.681741592920354,0.16649919005294486
item_M4722,0.0,0.0,25,0.0,0.0,0.681741592920354,0.16649919005294486
item_17004,0.0,0.0,25,0.0,0.0,0.681741592920354,0.16649919005294486
item_17250,0.0,0.0,25,0.0,0.0,0.681741592920354,0.16649919005294486
item_17262,0.0,0.0,25,0.0,0.0,0.681741592920354,0.16649919005294486
item_17311,0.0,0.0,25,0.0,0.0,0.681741592920354,0.16649919005294486
item_19081,0.0,0.0,25,0.0,0.0,0.681741592920354,0.16649919005294486
item_19083,0.0,0.0,25,0.0,0.0,0.681741592920354,0.16649919005294486
item_19125,0.0,0.0,25,0.0,0.0,0.681741592920354,0.16649919005294486
item_19301,0.0,0.0,25,0.0,0.0,0.681741592920354,0.16649919005294486
item_M47892,0.0,0.0,25,0.0,0.0,0.681741592920354,0.16649919005294486
item_M47896,0.0,0.0,25,0.0,0.0,0.681741592920354,0.16649919005294486
item_M4806,0.0,0.0,25,0.0,0.0,0.681741592920354,0.16649919005294486
item_M48061,0.0,0.0,25,0.0,0.0,0.681741592920354,0.16649919005294486
item_M48062,0.0,0.0,25,0.0,0.0,0.681741592920354,0.16649919005294486
item_M5010,0.0,0.0,25,0.0,0.0,0.681741592920354,0.16649919005294486
item_M5012,0.0,0.0,25,0.0,0.0,0.681741592920354,0.16649919005294486
item_M50122,0.0,0.0,25,0.0,0.0,0.681741592920354,0.16649919005294486
item_M5020,0.0,0.0,25,0.0,0.0,0.681741592920354,0.16649919005294486
item_M5021,0.0,0.0,25,0.0,0.0,0.681741592920354,0.16649919005294486
item_M5022,0.0,0.0,25,0.0,0.0,0.681741592920354,0.16649919005294486
item_M50222,0.0,0.0,25,0.0,0.0,0.681741592920354,0.16649919005294486
item_M4317,0.0,0.0,25,0.0,0.0,0.681741592920354,0.16649919005294486
item_M5127,0.0,0.0,25,0.0,0.0,0.681741592920354,0.16649919005294486
item_M519,0.0,0.0,25,0.0,0.0,0.681741592920354,0.16649919005294486
item_M531,0.0,0.0,25,0.0,0.0,0.681741592920354,0.16649919005294486
item_M533,0.0,0.0,25,0.0,0.0,0.681741592920354,0.16649919005294486
item_PHENYTOIN SODIUM EXTENDED,0.0,0.0,25,0.0,0.0,0.681741592920354,0.16649919005294486
item_PIOGLITAZONE HCL,0.0,0.0,25,0.0,0.0,0.681741592920354,0.16649919005294486
item_PIOGLITAZONE HYDROCHLORID,0.0,0.0,25,0.0,0.0,0.681741592920354,0.16649919005294486
item_PNEUMOVAX 23,0.0,0.0,25,0.0,0.0,0.681741592920354,0.16649919005294486
item_POTASSIUM CHLORIDE,0.0,0.0,25,0.0,0.0,0.681741592920354,0.16649919005294486
item_POTASSIUM CITRATE ER,0.0,0.0,25,0.0,0.0,0.681741592920354,0.16649919005294486
item_PRAMIPEXOLE DIHYDROCHLORI,0.0,0.0,25,0.0,0.0,0.681741592920354,0.16649919005294486
item_M7061,0.0,0.0,25,0.0,0.0,0.681741592920354,0.16649919005294486
item_M7062,0.0,0.0,25,0.0,0.0,0.681741592920354,0.16649919005294486
item_M5382,0.0,0.0,25,0.0,0.0,0.681741592920354,0.16649919005294486
item_M5410,0.0,0.0,25,0.0,0.0,0.681741592920354,0.16649919005294486
item_M5413,0.0,0.0,25,0.0,0.0,0.681741592920354,0.16649919005294486
item_80363,0.0,0.0,25,0.0,0.0,0.681741592920354,0.16649919005294486
item_80350,0.0,0.0,25,0.0,0.0,0.681741592920354,0.16649919005294486
item_80352,0.0,0.0,25,0.0,0.0,0.681741592920354,0.16649919005294486
item_80301,0.0,0.0,25,0.0,0.0,0.681741592920354,0.16649919005294486
item_80302,0.0,0.0,25,0.0,0.0,0.681741592920354,0.16649919005294486
item_80320,0.0,0.0,25,0.0,0.0,0.681741592920354,0.16649919005294486
item_80321,0.0,0.0,25,0.0,0.0,0.681741592920354,0.16649919005294486
item_80326,0.0,0.0,25,0.0,0.0,0.681741592920354,0.16649919005294486
item_80329,0.0,0.0,25,0.0,0.0,0.681741592920354,0.16649919005294486
item_81005,0.0,0.0,25,0.0,0.0,0.681741592920354,0.16649919005294486
item_TERAZOSIN HCL,0.0,0.0,25,0.0,0.0,0.681741592920354,0.16649919005294486
item_80332,0.0,0.0,25,0.0,0.0,0.681741592920354,0.16649919005294486
item_M5416,0.0,0.0,25,0.0,0.0,0.681741592920354,0.16649919005294486
item_M5430,0.0,0.0,25,0.0,0.0,0.681741592920354,0.16649919005294486
item_M5431,0.0,0.0,25,0.0,0.0,0.681741592920354,0.16649919005294486
item_M5032,0.0,0.0,25,0.0,0.0,0.681741592920354,0.16649919005294486
item_M50322,0.0,0.0,25,0.0,0.0,0.681741592920354,0.16649919005294486
item_M50323,0.0,0.0,25,0.0,0.0,0.681741592920354,0.16649919005294486
item_M5090,0.0,0.0,25,0.0,0.0,0.681741592920354,0.16649919005294486
item_M5106,0.0,0.0,25,0.0,0.0,0.681741592920354,0.16649919005294486
item_M5117,0.0,0.0,25,0.0,0.0,0.681741592920354,0.16649919005294486
item_M7522,0.0,0.0,25,0.0,0.0,0.681741592920354,0.16649919005294486
item_M7541,0.0,0.0,25,0.0,0.0,0.681741592920354,0.16649919005294486
item_M7551,0.0,0.0,25,0.0,0.0,0.681741592920354,0.16649919005294486
item_M7581,0.0,0.0,25,0.0,0.0,0.681741592920354,0.16649919005294486
item_M7582,0.0,0.0,25,0.0,0.0,0.681741592920354,0.16649919005294486
item_M5481,0.0,0.0,25,0.0,0.0,0.681741592920354,0.16649919005294486
item_M5489,0.0,0.0,25,0.0,0.0,0.681741592920354,0.16649919005294486
item_M609,0.0,0.0,25,0.0,0.0,0.681741592920354,0.16649919005294486
item_M62830,0.0,0.0,25,0.0,0.0,0.681741592920354,0.16649919005294486
item_M62838,0.0,0.0,25,0.0,0.0,0.681741592920354,0.16649919005294486
item_M65311,0.0,0.0,25,0.0,0.0,0.681741592920354,0.16649919005294486
item_M65331,0.0,0.0,25,0.0,0.0,0.681741592920354,0.16649919005294486
item_M654,0.0,0.0,25,0.0,0.0,0.681741592920354,0.16649919005294486
item_M659,0.0,0.0,25,0.0,0.0,0.681741592920354,0.16649919005294486
item_M7021,0.0,0.0,25,0.0,0.0,0.681741592920354,0.16649919005294486
item_12011,0.0,0.0,25,0.0,0.0,0.681741592920354,0.16649919005294486
item_12031,0.0,0.0,25,0.0,0.0,0.681741592920354,0.16649919005294486
item_10022,0.0,0.0,25,0.0,0.0,0.681741592920354,0.16649919005294486
item_10160,0.0,0.0,25,0.0,0.0,0.681741592920354,0.16649919005294486
item_11043,0.0,0.0,25,0.0,0.0,0.681741592920354,0.16649919005294486
item_M79606,0.0,0.0,25,0.0,0.0,0.681741592920354,0.16649919005294486
item_M7501,0.0,0.0,25,0.0,0.0,0.681741592920354,0.16649919005294486
item_M7502,0.0,0.0,25,0.0,0.0,0.681741592920354,0.16649919005294486
item_M75101,0.0,0.0,25,0.0,0.0,0.681741592920354,0.16649919005294486
item_M75102,0.0,0.0,25,0.0,0.0,0.681741592920354,0.16649919005294486
item_M75111,0.0,0.0,25,0.0,0.0,0.681741592920354,0.16649919005294486
item_M75112,0.0,0.0,25,0.0,0.0,0.681741592920354,0.16649919005294486
item_M75121,0.0,0.0,25,0.0,0.0,0.681741592920354,0.16649919005294486
item_M75122,0.0,0.0,25,0.0,0.0,0.681741592920354,0.16649919005294486
item_M7712,0.0,0.0,25,0.0,0.0,0.681741592920354,0.16649919005294486
item_M7731,0.0,0.0,25,0.0,0.0,0.681741592920354,0.16649919005294486
item_M7732,0.0,0.0,25,0.0,0.0,0.681741592920354,0.16649919005294486
item_M7741,0.0,0.0,25,0.0,0.0,0.681741592920354,0.16649919005294486
item_M7752,0.0,0.0,25,0.0,0.0,0.681741592920354,0.16649919005294486
item_M791,0.0,0.0,25,0.0,0.0,0.681741592920354,0.16649919005294486
item_M7910,0.0,0.0,25,0.0,0.0,0.681741592920354,0.16649919005294486
item_11422,0.0,0.0,25,0.0,0.0,0.681741592920354,0.16649919005294486
item_11602,0.0,0.0,25,0.0,0.0,0.681741592920354,0.16649919005294486
item_11719,0.0,0.0,25,0.0,0.0,0.681741592920354,0.16649919005294486
item_11720,0.0,0.0,25,0.0,0.0,0.681741592920354,0.16649919005294486
item_11721,0.0,0.0,25,0.0,0.0,0.681741592920354,0.16649919005294486
item_11730,0.0,0.0,25,0.0,0.0,0.681741592920354,0.16649919005294486
item_11900,0.0,0.0,25,0.0,0.0,0.681741592920354,0.16649919005294486
item_12001,0.0,0.0,25,0.0,0.0,0.681741592920354,0.16649919005294486
item_M79645,0.0,0.0,25,0.0,0.0,0.681741592920354,0.16649919005294486
item_M79651,0.0,0.0,25,0.0,0.0,0.681741592920354,0.16649919005294486
item_M79652,0.0,0.0,25,0.0,0.0,0.681741592920354,0.16649919005294486
item_M79661,0.0,0.0,25,0.0,0.0,0.681741592920354,0.16649919005294486
item_M79671,0.0,0.0,25,0.0,0.0,0.681741592920354,0.16649919005294486
item_PATADAY,0.0,0.0,25,0.0,0.0,0.681741592920354,0.16649919005294486
item_PAZEO,0.0,0.0,25,0.0,0.0,0.681741592920354,0.16649919005294486
item_PEG-3350/ELECTROLYTES,0.0,0.0,25,0.0,0.0,0.681741592920354,0.16649919005294486
item_PEG-3350/NACL/NA BICARBON,0.0,0.0,25,0.0,0.0,0.681741592920354,0.16649919005294486
item_PENNSAID,0.0,0.0,25,0.0,0.0,0.681741592920354,0.16649919005294486
item_PERPHENAZINE,0.0,0.0,25,0.0,0.0,0.681741592920354,0.16649919005294486
item_PHENADOZ,0.0,0.0,25,0.0,0.0,0.681741592920354,0.16649919005294486
item_TERCONAZOLE,0.0,0.0,25,0.0,0.0,0.681741592920354,0.16649919005294486
item_PHENTERMINE HCL,0.0,0.0,25,0.0,0.0,0.681741592920354,0.16649919005294486
item_PHENTERMINE HYDROCHLORIDE,0.0,0.0,25,0.0,0.0,0.681741592920354,0.16649919005294486
item_METAXALONE,0.0,0.0,25,0.0,0.0,0.681741592920354,0.16649919005294486
item_METHIMAZOLE,0.0,0.0,25,0.0,0.0,0.681741592920354,0.16649919005294486
item_M79675,0.0,0.0,25,0.0,0.0,0.681741592920354,0.16649919005294486
item_M810,0.0,0.0,25,0.0,0.0,0.681741592920354,0.16649919005294486
item_M8580,0.0,0.0,25,0.0,0.0,0.681741592920354,0.16649919005294486
item_M8588,0.0,0.0,25,0.0,0.0,0.681741592920354,0.16649919005294486
item_M899,0.0,0.0,25,0.0,0.0,0.681741592920354,0.16649919005294486
item_M940,0.0,0.0,25,0.0,0.0,0.681741592920354,0.16649919005294486
item_M9902,0.0,0.0,25,0.0,0.0,0.681741592920354,0.16649919005294486
item_M79622,0.0,0.0,25,0.0,0.0,0.681741592920354,0.16649919005294486
item_M79632,0.0,0.0,25,0.0,0.0,0.681741592920354,0.16649919005294486
item_M79643,0.0,0.0,25,0.0,0.0,0.681741592920354,0.16649919005294486
item_M79644,0.0,0.0,25,0.0,0.0,0.681741592920354,0.16649919005294486
item_METHOTREXATE SODIUM,0.0,0.0,25,0.0,0.0,0.681741592920354,0.16649919005294486
item_METHYLPHENIDATE HYDROCHLO,0.0,0.0,25,0.0,0.0,0.681741592920354,0.16649919005294486
item_METHYLPREDNISOLONE,0.0,0.0,25,0.0,0.0,0.681741592920354,0.16649919005294486
item_YUVAFEM,0.0,0.0,25,0.0,0.0,0.681741592920354,0.16649919005294486
item_TESTOSTERONE,0.0,0.0,25,0.0,0.0,0.681741592920354,0.16649919005294486
item_Z0100,0.0,0.0,25,0.0,0.0,0.681741592920354,0.16649919005294486
item_Z01812,0.0,0.0,25,0.0,0.0,0.681741592920354,0.16649919005294486
item_80335,0.0,0.0,25,0.0,0.0,0.681741592920354,0.16649919005294486
item_80336,0.0,0.0,25,0.0,0.0,0.681741592920354,0.16649919005294486
item_00830,0.0,0.0,25,0.0,0.0,0.681741592920354,0.16649919005294486
item_00873,0.0,0.0,25,0.0,0.0,0.681741592920354,0.16649919005294486
item_81050,0.0,0.0,25,0.0,0.0,0.681741592920354,0.16649919005294486
item_81211,0.0,0.0,25,0.0,0.0,0.681741592920354,0.16649919005294486
item_81213,0.0,0.0,25,0.0,0.0,0.681741592920354,0.16649919005294486
item_81225,0.0,0.0,25,0.0,0.0,0.681741592920354,0.16649919005294486
item_MICROGESTIN FE 1/20,0.0,0.0,25,0.0,0.0,0.681741592920354,0.16649919005294486
item_MINIVELLE,0.0,0.0,25,0.0,0.0,0.681741592920354,0.16649919005294486
item_MINOCYCLINE HYDROCHLORIDE,0.0,0.0,25,0.0,0.0,0.681741592920354,0.16649919005294486
item_M9904,0.0,0.0,25,0.0,0.0,0.681741592920354,0.16649919005294486
item_MAPAP,0.0,0.0,25,0.0,0.0,0.681741592920354,0.16649919005294486
item_MAVYRET,0.0,0.0,25,0.0,0.0,0.681741592920354,0.16649919005294486
item_MEDROXYPROGESTERONE ACETA,0.0,0.0,25,0.0,0.0,0.681741592920354,0.16649919005294486
item_MELATONIN,0.0,0.0,25,0.0,0.0,0.681741592920354,0.16649919005294486
item_00952,0.0,0.0,25,0.0,0.0,0.681741592920354,0.16649919005294486
item_01214,0.0,0.0,25,0.0,0.0,0.681741592920354,0.16649919005294486
item_TIMOLOL MALEATE,0.0,0.0,25,0.0,0.0,0.681741592920354,0.16649919005294486
item_01402,0.0,0.0,25,0.0,0.0,0.681741592920354,0.16649919005294486
item_01470,0.0,0.0,25,0.0,0.0,0.681741592920354,0.16649919005294486
item_01480,0.0,0.0,25,0.0,0.0,0.681741592920354,0.16649919005294486
item_0159T,0.0,0.0,25,0.0,0.0,0.681741592920354,0.16649919005294486
item_TIVICAY,0.0,0.0,25,0.0,0.0,0.681741592920354,0.16649919005294486
item_TOBRADEX,0.0,0.0,25,0.0,0.0,0.681741592920354,0.16649919005294486
item_P9016,0.0,0.0,25,0.0,0.0,0.681741592920354,0.16649919005294486
item_P9603,0.0,0.0,25,0.0,0.0,0.681741592920354,0.16649919005294486
item_PALIPERIDONE ER,0.0,0.0,25,0.0,0.0,0.681741592920354,0.16649919005294486
item_PANTOPRAZOLE SODIUM,0.0,0.0,25,0.0,0.0,0.681741592920354,0.16649919005294486
item_PAROXETINE HCL ER,0.0,0.0,25,0.0,0.0,0.681741592920354,0.16649919005294486
item_MYRBETRIQ,0.0,0.0,25,0.0,0.0,0.681741592920354,0.16649919005294486
item_N10,0.0,0.0,25,0.0,0.0,0.681741592920354,0.16649919005294486
item_OXAPROZIN,0.0,0.0,25,0.0,0.0,0.681741592920354,0.16649919005294486
item_OXCARBAZEPINE,0.0,0.0,25,0.0,0.0,0.681741592920354,0.16649919005294486
item_OXYBUTYNIN CHLORIDE,0.0,0.0,25,0.0,0.0,0.681741592920354,0.16649919005294486
item_11044,0.0,0.0,25,0.0,0.0,0.681741592920354,0.16649919005294486
item_11055,0.0,0.0,25,0.0,0.0,0.681741592920354,0.16649919005294486
item_11056,0.0,0.0,25,0.0,0.0,0.681741592920354,0.16649919005294486
item_11100,0.0,0.0,25,0.0,0.0,0.681741592920354,0.16649919005294486
item_11101,0.0,0.0,25,0.0,0.0,0.681741592920354,0.16649919005294486
item_11200,0.0,0.0,25,0.0,0.0,0.681741592920354,0.16649919005294486
item_11300,0.0,0.0,25,0.0,0.0,0.681741592920354,0.16649919005294486
item_11301,0.0,0.0,25,0.0,0.0,0.681741592920354,0.16649919005294486
item_N170,0.0,0.0,25,0.0,0.0,0.681741592920354,0.16649919005294486
item_N183,0.0,0.0,25,0.0,0.0,0.681741592920354,0.16649919005294486
item_N184,0.0,0.0,25,0.0,0.0,0.681741592920354,0.16649919005294486
item_N185,0.0,0.0,25,0.0,0.0,0.681741592920354,0.16649919005294486
item_86664,0.0,0.0,25,0.0,0.0,0.681741592920354,0.16649919005294486
item_N19,0.0,0.0,25,0.0,0.0,0.681741592920354,0.16649919005294486
item_N201,0.0,0.0,25,0.0,0.0,0.681741592920354,0.16649919005294486
item_N202,0.0,0.0,25,0.0,0.0,0.681741592920354,0.16649919005294486
item_N23,0.0,0.0,25,0.0,0.0,0.681741592920354,0.16649919005294486
item_MISOPROSTOL,0.0,0.0,25,0.0,0.0,0.681741592920354,0.16649919005294486
item_MODAFINIL,0.0,0.0,25,0.0,0.0,0.681741592920354,0.16649919005294486
item_MOVANTIK,0.0,0.0,25,0.0,0.0,0.681741592920354,0.16649919005294486
item_N6311,0.0,0.0,25,0.0,0.0,0.681741592920354,0.16649919005294486
item_N6320,0.0,0.0,25,0.0,0.0,0.681741592920354,0.16649919005294486
item_N2581,0.0,0.0,25,0.0,0.0,0.681741592920354,0.16649919005294486
item_N289,0.0,0.0,25,0.0,0.0,0.681741592920354,0.16649919005294486
item_N3000,0.0,0.0,25,0.0,0.0,0.681741592920354,0.16649919005294486
item_N3001,0.0,0.0,25,0.0,0.0,0.681741592920354,0.16649919005294486
item_86666,0.0,0.0,25,0.0,0.0,0.681741592920354,0.16649919005294486
item_N319,0.0,0.0,25,0.0,0.0,0.681741592920354,0.16649919005294486
item_N3281,0.0,0.0,25,0.0,0.0,0.681741592920354,0.16649919005294486
item_N3289,0.0,0.0,25,0.0,0.0,0.681741592920354,0.16649919005294486
item_N393,0.0,0.0,25,0.0,0.0,0.681741592920354,0.16649919005294486
item_N3941,0.0,0.0,25,0.0,0.0,0.681741592920354,0.16649919005294486
item_86677,0.0,0.0,25,0.0,0.0,0.681741592920354,0.16649919005294486
item_N400,0.0,0.0,25,0.0,0.0,0.681741592920354,0.16649919005294486
item_N401,0.0,0.0,25,0.0,0.0,0.681741592920354,0.16649919005294486
item_N12,0.0,0.0,25,0.0,0.0,0.681741592920354,0.16649919005294486
item_N841,0.0,0.0,25,0.0,0.0,0.681741592920354,0.16649919005294486
item_N852,0.0,0.0,25,0.0,0.0,0.681741592920354,0.16649919005294486
item_N858,0.0,0.0,25,0.0,0.0,0.681741592920354,0.16649919005294486
item_N870,0.0,0.0,25,0.0,0.0,0.681741592920354,0.16649919005294486
item_86694,0.0,0.0,25,0.0,0.0,0.681741592920354,0.16649919005294486
item_N410,0.0,0.0,25,0.0,0.0,0.681741592920354,0.16649919005294486
item_N451,0.0,0.0,25,0.0,0.0,0.681741592920354,0.16649919005294486
item_N6001,0.0,0.0,25,0.0,0.0,0.681741592920354,0.16649919005294486
item_N6011,0.0,0.0,25,0.0,0.0,0.681741592920354,0.16649919005294486
item_N6012,0.0,0.0,25,0.0,0.0,0.681741592920354,0.16649919005294486
item_N6019,0.0,0.0,25,0.0,0.0,0.681741592920354,0.16649919005294486
item_N611,0.0,0.0,25,0.0,0.0,0.681741592920354,0.16649919005294486
item_N62,0.0,0.0,25,0.0,0.0,0.681741592920354,0.16649919005294486
item_N63,0.0,0.0,25,0.0,0.0,0.681741592920354,0.16649919005294486
item_N630,0.0,0.0,25,0.0,0.0,0.681741592920354,0.16649919005294486
item_N6310,0.0,0.0,25,0.0,0.0,0.681741592920354,0.16649919005294486
item_N946,0.0,0.0,25,0.0,0.0,0.681741592920354,0.16649919005294486
item_N9489,0.0,0.0,25,0.0,0.0,0.681741592920354,0.16649919005294486
item_N949,0.0,0.0,25,0.0,0.0,0.681741592920354,0.16649919005294486
item_N950,0.0,0.0,25,0.0,0.0,0.681741592920354,0.16649919005294486
item_N952,0.0,0.0,25,0.0,0.0,0.681741592920354,0.16649919005294486
item_N959,0.0,0.0,25,0.0,0.0,0.681741592920354,0.16649919005294486
item_N644,0.0,0.0,25,0.0,0.0,0.681741592920354,0.16649919005294486
item_N6459,0.0,0.0,25,0.0,0.0,0.681741592920354,0.16649919005294486
item_N72,0.0,0.0,25,0.0,0.0,0.681741592920354,0.16649919005294486
item_N760,0.0,0.0,25,0.0,0.0,0.681741592920354,0.16649919005294486
item_N800,0.0,0.0,25,0.0,0.0,0.681741592920354,0.16649919005294486
item_N8320,0.0,0.0,25,0.0,0.0,0.681741592920354,0.16649919005294486
item_N83201,0.0,0.0,25,0.0,0.0,0.681741592920354,0.16649919005294486
item_N83202,0.0,0.0,25,0.0,0.0,0.681741592920354,0.16649919005294486
item_N83209,0.0,0.0,25,0.0,0.0,0.681741592920354,0.16649919005294486
item_N840,0.0,0.0,25,0.0,0.0,0.681741592920354,0.16649919005294486
item_NICOTINE,0.0,0.0,25,0.0,0.0,0.681741592920354,0.16649919005294486
item_86696,0.0,0.0,25,0.0,0.0,0.681741592920354,0.16649919005294486
item_ONETOUCH DELICA LANCETS E,0.0,0.0,25,0.0,0.0,0.681741592920354,0.16649919005294486
item_ONETOUCH DELICA LANCETS F,0.0,0.0,25,0.0,0.0,0.681741592920354,0.16649919005294486
item_ONETOUCH ULTRA 2,0.0,0.0,25,0.0,0.0,0.681741592920354,0.16649919005294486
item_ONETOUCH ULTRASOFT LANCET,0.0,0.0,25,0.0,0.0,0.681741592920354,0.16649919005294486
item_ONETOUCH VERIO IQ BLOOD G,0.0,0.0,25,0.0,0.0,0.681741592920354,0.16649919005294486
item_OPANA ER (CRUSH RESISTANT,0.0,0.0,25,0.0,0.0,0.681741592920354,0.16649919005294486
item_OPTICHAMBER DIAMOND,0.0,0.0,25,0.0,0.0,0.681741592920354,0.16649919005294486
item_ORPHENADRINE CITRATE ER,0.0,0.0,25,0.0,0.0,0.681741592920354,0.16649919005294486
item_N9089,0.0,0.0,25,0.0,0.0,0.681741592920354,0.16649919005294486
item_N912,0.0,0.0,25,0.0,0.0,0.681741592920354,0.16649919005294486
item_N921,0.0,0.0,25,0.0,0.0,0.681741592920354,0.16649919005294486
item_N924,0.0,0.0,25,0.0,0.0,0.681741592920354,0.16649919005294486
item_N926,0.0,0.0,25,0.0,0.0,0.681741592920354,0.16649919005294486
item_N939,0.0,0.0,25,0.0,0.0,0.681741592920354,0.16649919005294486
item_NORETHINDRONE ACETATE/ETH,0.0,0.0,25,0.0,0.0,0.681741592920354,0.16649919005294486
item_NORVIR,0.0,0.0,25,0.0,0.0,0.681741592920354,0.16649919005294486
item_NOVOFINE PEN NEEDLE 32G X,0.0,0.0,25,0.0,0.0,0.681741592920354,0.16649919005294486
item_NOVOLIN 70/30,0.0,0.0,25,0.0,0.0,0.681741592920354,0.16649919005294486
item_NOVOLIN R,0.0,0.0,25,0.0,0.0,0.681741592920354,0.16649919005294486
item_NADOLOL,0.0,0.0,25,0.0,0.0,0.681741592920354,0.16649919005294486
item_NALOXONE HCL,0.0,0.0,25,0.0,0.0,0.681741592920354,0.16649919005294486
item_NAPROXEN SODIUM,0.0,0.0,25,0.0,0.0,0.681741592920354,0.16649919005294486
item_NARATRIPTAN HCL,0.0,0.0,25,0.0,0.0,0.681741592920354,0.16649919005294486
item_NASONEX,0.0,0.0,25,0.0,0.0,0.681741592920354,0.16649919005294486
item_NATURE-THROID,0.0,0.0,25,0.0,0.0,0.681741592920354,0.16649919005294486
item_NEOMYCIN/POLYMYXIN/HC,0.0,0.0,25,0.0,0.0,0.681741592920354,0.16649919005294486
item_NEXIUM,0.0,0.0,25,0.0,0.0,0.681741592920354,0.16649919005294486
item_NEXIUM 24HR,0.0,0.0,25,0.0,0.0,0.681741592920354,0.16649919005294486
item_NIACIN ER,0.0,0.0,25,0.0,0.0,0.681741592920354,0.16649919005294486
item_Z86010,0.0,0.0,25,0.0,0.0,0.681741592920354,0.16649919005294486
item_Z8619,0.0,0.0,25,0.0,0.0,0.681741592920354,0.16649919005294486
item_Z862,0.0,0.0,25,0.0,0.0,0.681741592920354,0.16649919005294486
item_Z8639,0.0,0.0,25,0.0,0.0,0.681741592920354,0.16649919005294486
item_Z86718,0.0,0.0,25,0.0,0.0,0.681741592920354,0.16649919005294486
item_01630,0.0,0.0,25,0.0,0.0,0.681741592920354,0.16649919005294486
item_01810,0.0,0.0,25,0.0,0.0,0.681741592920354,0.16649919005294486
item_01830,0.0,0.0,25,0.0,0.0,0.681741592920354,0.16649919005294486
item_01844,0.0,0.0,25,0.0,0.0,0.681741592920354,0.16649919005294486
item_01922,0.0,0.0,25,0.0,0.0,0.681741592920354,0.16649919005294486
item_01999,0.0,0.0,25,0.0,0.0,0.681741592920354,0.16649919005294486
item_ZONISAMIDE,0.0,0.0,25,0.0,0.0,0.681741592920354,0.16649919005294486
item_Z85828,0.0,0.0,25,0.0,0.0,0.681741592920354,0.16649919005294486
item_80368,0.0,0.0,25,0.0,0.0,0.681741592920354,0.16649919005294486
item_WELCHOL,0.0,0.0,25,0.0,0.0,0.681741592920354,0.16649919005294486
item_XIFAXAN,0.0,0.0,25,0.0,0.0,0.681741592920354,0.16649919005294486
item_XIIDRA,0.0,0.0,25,0.0,0.0,0.681741592920354,0.16649919005294486
item_XTAMPZA ER,0.0,0.0,25,0.0,0.0,0.681741592920354,0.16649919005294486
item_Z8673,0.0,0.0,25,0.0,0.0,0.681741592920354,0.16649919005294486
item_Z8679,0.0,0.0,25,0.0,0.0,0.681741592920354,0.16649919005294486
item_OLMESARTAN MEDOXOMIL/HYDR,0.0,0.0,25,0.0,0.0,0.681741592920354,0.16649919005294486
item_OLOPATADINE HCL,0.0,0.0,25,0.0,0.0,0.681741592920354,0.16649919005294486
item_OLOPATADINE HYDROCHLORIDE,0.0,0.0,25,0.0,0.0,0.681741592920354,0.16649919005294486
item_86701,0.0,0.0,25,0.0,0.0,0.681741592920354,0.16649919005294486
item_NITROFURANTOIN MACROCRYST,0.0,0.0,25,0.0,0.0,0.681741592920354,0.16649919005294486
item_86702,0.0,0.0,25,0.0,0.0,0.681741592920354,0.16649919005294486
item_00532,0.0,0.0,25,0.0,0.0,0.681741592920354,0.16649919005294486
item_00520,0.0,0.0,25,0.0,0.0,0.681741592920354,0.16649919005294486
item_NORETHINDRONE ACETATE,0.0,0.0,25,0.0,0.0,0.681741592920354,0.16649919005294486
item_00740,0.0,0.0,25,0.0,0.0,0.681741592920354,0.16649919005294486
item_00752,0.0,0.0,25,0.0,0.0,0.681741592920354,0.16649919005294486
item_00797,0.0,0.0,25,0.0,0.0,0.681741592920354,0.16649919005294486
item_Z961,0.0,0.0,25,0.0,0.0,0.681741592920354,0.16649919005294486
item_Z96641,0.0,0.0,25,0.0,0.0,0.681741592920354,0.16649919005294486
item_Z96651,0.0,0.0,25,0.0,0.0,0.681741592920354,0.16649919005294486
item_Z96652,0.0,0.0,25,0.0,0.0,0.681741592920354,0.16649919005294486
item_Z9884,0.0,0.0,25,0.0,0.0,0.681741592920354,0.16649919005294486
item_Z9889,0.0,0.0,25,0.0,0.0,0.681741592920354,0.16649919005294486
item_Z98890,0.0,0.0,25,0.0,0.0,0.681741592920354,0.16649919005294486
item_Z992,0.0,0.0,25,0.0,0.0,0.681741592920354,0.16649919005294486
item_Z8719,0.0,0.0,25,0.0,0.0,0.681741592920354,0.16649919005294486
item_Z87442,0.0,0.0,25,0.0,0.0,0.681741592920354,0.16649919005294486
item_0346T,0.0,0.0,25,0.0,0.0,0.681741592920354,0.16649919005294486
item_92250,-1.6726865960305527e-09,2.3231748167739738e-05,25,0.0,3.410220136973817e-05,0.681741592920354,0.16649919005294486
item_ESTRADIOL,-5.0180597880905735e-09,4.0280517168080103e-05,25,0.0,5.906674542233147e-05,0.681741592920354,0.16649919005294486
item_BD PEN NEEDLE/NANO/ULTRA,-1.6726865960306612e-08,2.3080925356187478e-05,25,0.0,3.410220136973817e-05,0.681741592920354,0.16649919005294486
item_J7040,-2.341761234140173e-08,9.28969997355557e-05,25,4.440892098500626e-18,0.00013640880547893268,0.681741592920354,0.16649919005294486
item_97010,-2.341761234442828e-08,2.3431068627152697e-05,25,0.0,3.410220136973818e-05,0.681741592920354,0.16649919005294486
item_96366,-2.3417612344428822e-08,2.3189638572486743e-05,25,0.0,3.410220136973817e-05,0.681741592920354,0.16649919005294486
item_74174,-2.6762985533463376e-08,8.997524223876403e-05,25,4.440892098500626e-18,0.00013207725797398704,0.681741592920354,0.16649919005294486
item_93016,-2.676298553948666e-08,7.731533527553181e-05,25,-4.440892098500626e-18,0.00011310420646856067,0.681741592920354,0.16649919005294486
item_80337,-3.6799105112673786e-08,3.277023572249313e-05,25,0.0,4.8227795683862064e-05,0.681741592920354,0.16649919005294486
item_Z4889,-4.014447830473489e-08,2.3165770462648273e-05,25,0.0,3.410220136973817e-05,0.681741592920354,0.16649919005294486
item_77002,-4.516253809282655e-08,2.3352986340809676e-05,25,0.0,3.410220136973817e-05,0.681741592920354,0.16649919005294486
item_Z7689,-1.2545149470229688e-07,7.658613681854505e-05,25,0.0,0.0001131042064685655,0.681741592920354,0.16649919005294486
item_78815,-1.5054179364275408e-07,0.00011625044171500606,25,0.0,0.00017051100684869087,0.681741592920354,0.16649919005294486
item_76705,-2.007223915236533e-07,0.00016461539420418674,25,0.0,0.00024113897841928765,0.681741592920354,0.16649919005294486
item_R946,-2.00722391523675e-07,0.00011685491795415074,25,0.0,0.00017051100684869087,0.681741592920354,0.16649919005294486
item_84703,-3.3286463260703283e-07,0.00024540410154129426,25,4.440892098500626e-18,0.0003576669053865952,0.681741592920354,0.16649919005294486
item_F339,-3.015853932643266e-06,0.000130634436734305,25,-4.725339633786518e-06,0.0001913373595314946,0.681741592920354,0.16649919005294486
item_J069,-3.0325807986035233e-06,0.00017298924112352107,25,-4.725339633786518e-06,0.0002540098983716685,0.681741592920354,0.16649919005294486
item_80361,-3.0677072171232354e-06,0.00011025288886811866,25,-4.725339633790959e-06,0.00016168903459457245,0.681741592920354,0.16649919005294486
item_77066,-3.094470202653639e-06,6.348921386979499e-05,25,-4.725339633782078e-06,9.326811799429542e-05,0.681741592920354,0.16649919005294486
item_86431,-3.1028336356337834e-06,0.00011764970131275087,25,-4.725339633782078e-06,0.00017214012990268926,0.681741592920354,0.16649919005294486
item_NICOTINE POLACRILEX,-3.1095243820179073e-06,7.905683213577265e-05,25,-4.725339633782078e-06,0.00011554558575405937,0.681741592920354,0.16649919005294486
item_J0702,-3.1446508005345527e-06,4.314564895394789e-05,25,-4.725339633782078e-06,6.361683174405425e-05,0.681741592920354,0.16649919005294486
item_M5030,-3.1730864726700977e-06,2.8325685059021355e-05,25,-4.725339633786518e-06,4.14871185385056e-05,0.681741592920354,0.16649919005294486
item_72146,-3.1847952788392623e-06,0.00011806486651061737,25,-4.725339633782078e-06,0.00017214012990268926,0.681741592920354,0.16649919005294486
item_83003,-3.1898133386304037e-06,1.594906669315202e-05,25,-4.725339633786518e-06,2.362669816893259e-05,0.681741592920354,0.16649919005294486
item_LANTUS,-3.1898133386304037e-06,1.5949066693152024e-05,25,-4.725339633786518e-06,2.362669816893259e-05,0.681741592920354,0.16649919005294486
item_Z4802,-3.1898133386304037e-06,1.594906669315202e-05,25,-4.725339633786518e-06,2.362669816893259e-05,0.681741592920354,0.16649919005294486
item_77012,-3.1898133386304037e-06,1.594906669315202e-05,25,-4.725339633786518e-06,2.362669816893259e-05,0.681741592920354,0.16649919005294486
item_M5031,-3.1898133386304037e-06,1.594906669315202e-05,25,-4.725339633786518e-06,2.362669816893259e-05,0.681741592920354,0.16649919005294486
item_Z114,-3.1898133386304037e-06,1.5949066693152024e-05,25,-4.725339633786518e-06,2.362669816893259e-05,0.681741592920354,0.16649919005294486
item_M25569,-3.1898133386304037e-06,1.5949066693152024e-05,25,-4.725339633786518e-06,2.362669816893259e-05,0.681741592920354,0.16649919005294486
item_L0291,-3.1898133386304037e-06,1.594906669315202e-05,25,-4.725339633786518e-06,2.362669816893259e-05,0.681741592920354,0.16649919005294486
item_95909,-3.1898133386304037e-06,1.5949066693152024e-05,25,-4.725339633786518e-06,2.362669816893259e-05,0.681741592920354,0.16649919005294486
item_J3411,-3.1898133386304037e-06,1.594906669315202e-05,25,-4.725339633786518e-06,2.362669816893259e-05,0.681741592920354,0.16649919005294486
item_NABUMETONE,-3.1898133386304037e-06,1.594906669315202e-05,25,-4.725339633786518e-06,2.362669816893259e-05,0.681741592920354,0.16649919005294486
item_NORTRIPTYLINE HCL,-3.1898133386304037e-06,1.594906669315202e-05,25,-4.725339633786518e-06,2.362669816893259e-05,0.681741592920354,0.16649919005294486
item_R0989,-3.1898133386304037e-06,1.594906669315202e-05,25,-4.725339633786518e-06,2.362669816893259e-05,0.681741592920354,0.16649919005294486
item_N2889,-3.191486025229444e-06,5.883117651626968e-05,25,-4.725339633790959e-06,8.681003223093258e-05,0.681741592920354,0.16649919005294486
item_PROCTOZONE-HC,-3.2015221448026184e-06,1.600761072401309e-05,25,-4.725339633786518e-06,2.362669816893259e-05,0.681741592920354,0.16649919005294486
item_LOPERAMIDE HCL,-3.2015221448026184e-06,1.600761072401309e-05,25,-4.725339633786518e-06,2.362669816893259e-05,0.681741592920354,0.16649919005294486
item_84157,-3.2015221448026184e-06,1.600761072401309e-05,25,-4.725339633786518e-06,2.362669816893259e-05,0.681741592920354,0.16649919005294486
item_S3992XA,-3.203194831398649e-06,1.6015974156993243e-05,25,-4.725339633786518e-06,2.362669816893259e-05,0.681741592920354,0.16649919005294486
item_A9585,-3.203194831398649e-06,1.6015974156993243e-05,25,-4.725339633786518e-06,2.362669816893259e-05,0.681741592920354,0.16649919005294486
item_GAVILYTE-G,-3.203194831398649e-06,1.6015974156993243e-05,25,-4.725339633786518e-06,2.362669816893259e-05,0.681741592920354,0.16649919005294486
item_M869,-3.203194831398649e-06,1.6015974156993243e-05,25,-4.725339633786518e-06,2.3626698168932593e-05,0.681741592920354,0.16649919005294486
item_58301,-3.203194831398649e-06,1.6015974156993243e-05,25,-4.725339633786518e-06,2.362669816893259e-05,0.681741592920354,0.16649919005294486
item_PHENAZOPYRIDINE HYDROCHLO,-3.206540204587683e-06,9.137070683413667e-05,25,-4.725339633782078e-06,0.00013417385341523515,0.681741592920354,0.16649919005294486
item_M25532,-3.2065402045907105e-06,1.6032701022953552e-05,25,-4.725339633786518e-06,2.362669816893259e-05,0.681741592920354,0.16649919005294486
item_TRAMADOL HYDROCHLORIDE/AC,-3.2065402045907105e-06,1.6032701022953552e-05,25,-4.725339633786518e-06,2.362669816893259e-05,0.681741592920354,0.16649919005294486
item_J189,-3.2098855777857713e-06,0.00013993497515673057,25,-4.725339633790959e-06,0.0002059727793758159,0.681741592920354,0.16649919005294486
item_Z471,-3.2115582643757837e-06,1.605779132187892e-05,25,-4.725339633782078e-06,2.3626698168910384e-05,0.681741592920354,0.16649919005294486
item_74022,-3.2115582643757837e-06,1.605779132187892e-05,25,-4.725339633782078e-06,2.3626698168910384e-05,0.681741592920354,0.16649919005294486
item_J849,-3.2115582643757837e-06,1.605779132187892e-05,25,-4.725339633782078e-06,2.3626698168910384e-05,0.681741592920354,0.16649919005294486
item_94644,-3.211558264378802e-06,1.605779132189401e-05,25,-4.725339633786518e-06,2.362669816893259e-05,0.681741592920354,0.16649919005294486
item_83520,-3.211558264378802e-06,1.605779132189401e-05,25,-4.725339633786518e-06,2.362669816893259e-05,0.681741592920354,0.16649919005294486
item_D72829,-3.2132309509748327e-06,1.6066154754874163e-05,25,-4.725339633786518e-06,2.3626698168932593e-05,0.681741592920354,0.16649919005294486
item_E669,-3.2132309509748327e-06,1.6066154754874163e-05,25,-4.725339633786518e-06,2.3626698168932593e-05,0.681741592920354,0.16649919005294486
item_DIPHENOXYLATE/ATROPINE,-3.2132309509748327e-06,1.6066154754874163e-05,25,-4.725339633786518e-06,2.3626698168932593e-05,0.681741592920354,0.16649919005294486
item_85007,-3.2132309509748327e-06,1.6066154754874163e-05,25,-4.725339633786518e-06,2.3626698168932593e-05,0.681741592920354,0.16649919005294486
item_L237,-3.2132309509748327e-06,1.6066154754874163e-05,25,-4.725339633786518e-06,2.3626698168932593e-05,0.681741592920354,0.16649919005294486
item_M25522,-3.2132309509748327e-06,1.6066154754874163e-05,25,-4.725339633786518e-06,2.3626698168932593e-05,0.681741592920354,0.16649919005294486
item_87150,-3.2182490107599e-06,1.60912450537995e-05,25,-4.725339633782078e-06,2.3626698168910384e-05,0.681741592920354,0.16649919005294486
item_F320,-3.2182490107599e-06,1.60912450537995e-05,25,-4.725339633782078e-06,2.3626698168910384e-05,0.681741592920354,0.16649919005294486
item_I071,-3.2182490107599e-06,1.60912450537995e-05,25,-4.725339633782078e-06,2.3626698168910384e-05,0.681741592920354,0.16649919005294486
item_NEOMYCIN/POLYMYXIN/DEXAME,-3.2182490107599e-06,1.60912450537995e-05,25,-4.725339633782078e-06,2.3626698168910384e-05,0.681741592920354,0.16649919005294486
item_M86171,-3.2182490107629243e-06,1.609124505381462e-05,25,-4.725339633786518e-06,2.362669816893259e-05,0.681741592920354,0.16649919005294486
item_I351,-3.2182490107629243e-06,1.609124505381462e-05,25,-4.725339633786518e-06,2.362669816893259e-05,0.681741592920354,0.16649919005294486
item_82747,-3.2182490107629243e-06,1.609124505381462e-05,25,-4.725339633786518e-06,2.362669816893259e-05,0.681741592920354,0.16649919005294486
item_Z7901,-3.2182490107629243e-06,1.609124505381462e-05,25,-4.725339633786518e-06,2.362669816893259e-05,0.681741592920354,0.16649919005294486
item_POTASSIUM CHLORIDE CR,-3.219921697355929e-06,1.6099608486779643e-05,25,-4.725339633782078e-06,2.3626698168910384e-05,0.681741592920354,0.16649919005294486
item_N529,-3.219921697358955e-06,1.6099608486794774e-05,25,-4.725339633786518e-06,2.362669816893259e-05,0.681741592920354,0.16649919005294486
item_G0177,-3.219921697358955e-06,1.6099608486794774e-05,25,-4.725339633786518e-06,2.362669816893259e-05,0.681741592920354,0.16649919005294486
item_92552,-3.223267070551016e-06,1.6116335352755076e-05,25,-4.725339633786518e-06,2.362669816893259e-05,0.681741592920354,0.16649919005294486
item_82746,-3.223267070551016e-06,1.6116335352755076e-05,25,-4.725339633786518e-06,2.362669816893259e-05,0.681741592920354,0.16649919005294486
item_LEVEMIR FLEXTOUCH,-3.223267070551016e-06,1.6116335352755076e-05,25,-4.725339633786518e-06,2.362669816893259e-05,0.681741592920354,0.16649919005294486
item_I200,-3.224939757147047e-06,1.6124698785735236e-05,25,-4.725339633786518e-06,2.362669816893259e-05,0.681741592920354,0.16649919005294486
item_76870,-3.224939757147047e-06,1.6124698785735236e-05,25,-4.725339633786518e-06,2.362669816893259e-05,0.681741592920354,0.16649919005294486
item_G8921,-3.224939757147047e-06,1.6124698785735236e-05,25,-4.725339633786518e-06,2.362669816893259e-05,0.681741592920354,0.16649919005294486
item_G4700,-3.224939757147047e-06,1.6124698785735236e-05,25,-4.725339633786518e-06,2.362669816893259e-05,0.681741592920354,0.16649919005294486
item_29824,-3.224939757147047e-06,1.6124698785735236e-05,25,-4.725339633786518e-06,2.362669816893259e-05,0.681741592920354,0.16649919005294486
item_R072,-3.2266124437430775e-06,2.8239669673679335e-05,25,-4.725339633786518e-06,4.14871185385056e-05,0.681741592920354,0.16649919005294486
item_S99911A,-3.2299578169351386e-06,1.6149789084675694e-05,25,-4.725339633786518e-06,2.362669816893259e-05,0.681741592920354,0.16649919005294486
item_J3475,-3.2299578169351386e-06,1.6149789084675694e-05,25,-4.725339633786518e-06,2.362669816893259e-05,0.681741592920354,0.16649919005294486
item_82542,-3.2299578169351386e-06,1.6149789084675694e-05,25,-4.725339633786518e-06,2.362669816893259e-05,0.681741592920354,0.16649919005294486
item_M4727,-3.2299578169351386e-06,1.6149789084675694e-05,25,-4.725339633786518e-06,2.362669816893259e-05,0.681741592920354,0.16649919005294486
item_22614,-3.2349758767201907e-06,1.617487938360095e-05,25,-4.725339633782078e-06,2.3626698168910384e-05,0.681741592920354,0.16649919005294486
item_G9906,-3.2349758767201907e-06,1.617487938360095e-05,25,-4.725339633782078e-06,2.3626698168910384e-05,0.681741592920354,0.16649919005294486
item_L84,-3.2349758767232307e-06,1.6174879383616156e-05,25,-4.725339633786518e-06,2.362669816893259e-05,0.681741592920354,0.16649919005294486
item_Z719,-3.2349758767232307e-06,1.6174879383616152e-05,25,-4.725339633786518e-06,2.362669816893259e-05,0.681741592920354,0.16649919005294486
item_72082,-3.2349758767232307e-06,1.6174879383616152e-05,25,-4.725339633786518e-06,2.362669816893259e-05,0.681741592920354,0.16649919005294486
item_METOCLOPRAMIDE HYDROCHLOR,-3.2349758767232307e-06,1.6174879383616156e-05,25,-4.725339633786518e-06,2.362669816893259e-05,0.681741592920354,0.16649919005294486
item_I4581,-3.2349758767232307e-06,1.6174879383616156e-05,25,-4.725339633786518e-06,2.362669816893259e-05,0.681741592920354,0.16649919005294486
item_F3162,-3.2349758767232307e-06,1.6174879383616152e-05,25,-4.725339633786518e-06,2.362669816893259e-05,0.681741592920354,0.16649919005294486
item_29540,-3.2349758767232307e-06,1.6174879383616156e-05,25,-4.725339633786518e-06,2.362669816893259e-05,0.681741592920354,0.16649919005294486
item_86757,-3.2349758767232307e-06,1.6174879383616156e-05,25,-4.725339633786518e-06,2.362669816893259e-05,0.681741592920354,0.16649919005294486
item_F410,-3.2349758767232307e-06,1.6174879383616152e-05,25,-4.725339633786518e-06,2.362669816893259e-05,0.681741592920354,0.16649919005294486
item_J984,-3.2349758767232307e-06,1.6174879383616156e-05,25,-4.725339633786518e-06,2.362669816893259e-05,0.681741592920354,0.16649919005294486
item_STOOL SOFTENER,-3.2349758767232307e-06,1.6174879383616156e-05,25,-4.725339633786518e-06,2.362669816893259e-05,0.681741592920354,0.16649919005294486
item_F3132,-3.236648563319261e-06,1.6183242816596305e-05,25,-4.725339633786518e-06,2.362669816893259e-05,0.681741592920354,0.16649919005294486
item_99490,-3.236648563319261e-06,1.6183242816596305e-05,25,-4.725339633786518e-06,2.362669816893259e-05,0.681741592920354,0.16649919005294486
item_96160,-3.236648563319261e-06,1.6183242816596305e-05,25,-4.725339633786518e-06,2.362669816893259e-05,0.681741592920354,0.16649919005294486
item_Q0162,-3.2383212499153062e-06,0.00011028852527908055,25,-4.725339633786518e-06,0.0001616890345945692,0.681741592920354,0.16649919005294486
item_MUCINEX,-3.2399939365113224e-06,1.6199969682556614e-05,25,-4.725339633786518e-06,2.362669816893259e-05,0.681741592920354,0.16649919005294486
item_J8499,-3.2399939365113224e-06,1.6199969682556614e-05,25,-4.725339633786518e-06,2.362669816893259e-05,0.681741592920354,0.16649919005294486
item_E538,-3.2399939365113224e-06,1.6199969682556614e-05,25,-4.725339633786518e-06,2.362669816893259e-05,0.681741592920354,0.16649919005294486
item_J7999,-3.245011996299415e-06,1.6225059981497072e-05,25,-4.725339633786518e-06,2.362669816893259e-05,0.681741592920354,0.16649919005294486
item_PROCTOSOL HC,-3.2517027426804806e-06,1.6258513713402403e-05,25,-4.725339633782078e-06,2.3626698168910384e-05,0.681741592920354,0.16649919005294486
item_GAVILYTE-N/FLAVOR PACK,-3.2517027426804806e-06,1.6258513713402403e-05,25,-4.725339633782078e-06,2.3626698168910384e-05,0.681741592920354,0.16649919005294486
item_PROVENTIL HFA,-3.258393489064599e-06,0.0001520930969237633,25,-4.725339633782078e-06,0.00022226683664767203,0.681741592920354,0.16649919005294486
item_T402X1A,-3.2583934890676593e-06,1.6291967445338294e-05,25,-4.725339633786518e-06,2.362669816893259e-05,0.681741592920354,0.16649919005294486
item_G0378,-3.2583934890676593e-06,1.6291967445338294e-05,25,-4.725339633786518e-06,2.362669816893259e-05,0.681741592920354,0.16649919005294486
item_CEFUROXIME AXETIL,-3.28181110140907e-06,2.8090097871840634e-05,25,-4.725339633782078e-06,4.148711853849295e-05,0.681741592920354,0.16649919005294486
item_96523,-3.321955579716823e-06,7.232587957668152e-05,25,-4.725339633786518e-06,0.00010499934338235353,0.681741592920354,0.16649919005294486
item_94726,-3.479188119743701e-06,0.00010571080431115135,25,-4.725339633786518e-06,0.0001543289461883586,0.681741592920354,0.16649919005294486
item_76830,-3.561149762949219e-06,0.00031574825292329925,25,-4.725339633786518e-06,0.0004644414348923129,0.681741592920354,0.16649919005294486
item_80344,-6.197303838284401e-06,6.945437915297206e-05,25,-9.450679267559714e-06,0.00010185089313941558,0.681741592920354,0.16649919005294486
item_G0279,-6.200649211488595e-06,0.00014740217842171052,25,-9.450679267577478e-06,0.00021546546990044684,0.681741592920354,0.16649919005294486
item_M779,-6.254175182558512e-06,8.084304695961543e-05,25,-9.450679267573036e-06,0.00011773905404786082,0.681741592920354,0.16649919005294486
item_82803,-6.269229361922787e-06,8.665501892271034e-05,25,-9.450679267573036e-06,0.00012723366348812502,0.681741592920354,0.16649919005294486
item_20610,-6.287628914476142e-06,0.00032833998208151195,25,-9.450679267568596e-06,0.0004797635569369642,0.681741592920354,0.16649919005294486
item_85652,-6.3093738402245095e-06,8.957616533415447e-05,25,-9.450679267568596e-06,0.0001317245810882169,0.681741592920354,0.16649919005294486
item_EPINEPHRINE,-6.327773392786915e-06,8.63312016434575e-05,25,-9.450679267577478e-06,0.00012723366348812038,0.681741592920354,0.16649919005294486
item_97165,-6.344500258744165e-06,0.00012473600563637176,25,-9.450679267573036e-06,0.0001833924949351582,0.681741592920354,0.16649919005294486
item_Z87891,-6.349518318532256e-06,2.197654371013294e-05,25,-9.450679267573036e-06,3.2709682468669707e-05,0.681741592920354,0.16649919005294486
item_M1990,-6.349518318532256e-06,2.197654371013294e-05,25,-9.450679267573036e-06,3.2709682468669707e-05,0.681741592920354,0.16649919005294486
item_J811,-6.362899811300501e-06,2.2023148881471515e-05,25,-9.450679267573036e-06,3.2709682468669707e-05,0.681741592920354,0.16649919005294486
item_VALACYCLOVIR HYDROCHLORID,-6.371263244280656e-06,8.963805165676967e-05,25,-9.450679267573036e-06,0.00013172458108823732,0.681741592920354,0.16649919005294486
item_70486,-6.37962667725781e-06,3.189813338628905e-05,25,-9.450679267568596e-06,4.725339633784298e-05,0.681741592920354,0.16649919005294486
item_PROPRANOLOL HYDROCHLORIDE,-6.379626677260807e-06,3.189813338630404e-05,25,-9.450679267573036e-06,4.725339633786518e-05,0.681741592920354,0.16649919005294486
item_M25559,-6.389662796836991e-06,2.2116671827648895e-05,25,-9.450679267573036e-06,3.2709682468669707e-05,0.681741592920354,0.16649919005294486
item_RIZATRIPTAN BENZOATE,-6.393008170029052e-06,2.2126850278517867e-05,25,-9.450679267573036e-06,3.2709682468669707e-05,0.681741592920354,0.16649919005294486
item_N182,-6.403044289605237e-06,3.201522144802618e-05,25,-9.450679267573036e-06,4.725339633786518e-05,0.681741592920354,0.16649919005294486
item_R351,-6.403044289605237e-06,2.216169463698217e-05,25,-9.450679267573036e-06,3.2709682468669707e-05,0.681741592920354,0.16649919005294486
item_84270,-6.4080623493933284e-06,2.2179138863346253e-05,25,-9.450679267573036e-06,3.2709682468669707e-05,0.681741592920354,0.16649919005294486
item_L03119,-6.4080623493933284e-06,2.2179138863346256e-05,25,-9.450679267573036e-06,3.270968246866971e-05,0.681741592920354,0.16649919005294486
item_M8589,-6.40973503598936e-06,2.2184694119700848e-05,25,-9.450679267573036e-06,3.2709682468669707e-05,0.681741592920354,0.16649919005294486
item_84478,-6.414753095774432e-06,2.2202079319259384e-05,25,-9.450679267568596e-06,3.270968246865434e-05,0.681741592920354,0.16649919005294486
item_CHLORZOXAZONE,-6.419771155565543e-06,2.2219439898083195e-05,25,-9.450679267573036e-06,3.2709682468669707e-05,0.681741592920354,0.16649919005294486
item_M0579,-6.424789215353635e-06,2.223739190987918e-05,25,-9.450679267573036e-06,3.2709682468669707e-05,0.681741592920354,0.16649919005294486
item_88313,-6.424789215353635e-06,2.223739190987918e-05,25,-9.450679267573036e-06,3.2709682468669707e-05,0.681741592920354,0.16649919005294486
item_VOLTAREN,-6.426461901949665e-06,2.224322611929483e-05,25,-9.450679267573036e-06,3.2709682468669707e-05,0.681741592920354,0.16649919005294486
item_70549,-6.4298072751417265e-06,2.2254899378725273e-05,25,-9.450679267573036e-06,3.270968246866971e-05,0.681741592920354,0.16649919005294486
item_K222,-6.434825334929818e-06,2.2271570776274566e-05,25,-9.450679267573036e-06,3.2709682468669707e-05,0.681741592920354,0.16649919005294486
item_ALLOPURINOL,-6.434825334929819e-06,0.00011389087658689871,25,-9.450679267573036e-06,0.00016678730919117066,0.681741592920354,0.16649919005294486
item_00400,-6.436498021525849e-06,2.2277349460572303e-05,25,-9.450679267573036e-06,3.2709682468669707e-05,0.681741592920354,0.16649919005294486
item_M4316,-6.436498021525849e-06,3.218249010762924e-05,25,-9.450679267573036e-06,4.725339633786518e-05,0.681741592920354,0.16649919005294486
item_TAMIFLU,-6.43817070812188e-06,2.2283404447150795e-05,25,-9.450679267573036e-06,3.270968246866971e-05,0.681741592920354,0.16649919005294486
item_NORTRIPTYLINE HYDROCHLORI,-6.43984339471791e-06,2.2289957790517348e-05,25,-9.450679267573036e-06,3.2709682468669707e-05,0.681741592920354,0.16649919005294486
item_L659,-6.443188767906947e-06,2.2300490391030734e-05,25,-9.450679267568596e-06,3.270968246865434e-05,0.681741592920354,0.16649919005294486
item_73560,-6.443188767909971e-06,2.2300559003367182e-05,25,-9.450679267573036e-06,3.2709682468669707e-05,0.681741592920354,0.16649919005294486
item_Z01411,-6.448206827698063e-06,2.2319217250541674e-05,25,-9.450679267573036e-06,3.270968246866971e-05,0.681741592920354,0.16649919005294486
item_95923,-6.453224887480091e-06,2.2335294822299412e-05,25,-9.450679267564156e-06,3.270968246863897e-05,0.681741592920354,0.16649919005294486
item_LIDOCAINE VISCOUS,-6.453224887486155e-06,2.2335294822320405e-05,25,-9.450679267573036e-06,3.2709682468669707e-05,0.681741592920354,0.16649919005294486
item_86900,-6.45991563386725e-06,8.971488278121782e-05,25,-9.450679267568596e-06,0.0001317245810882169,0.681741592920354,0.16649919005294486
item_M722,-6.464933693658369e-06,2.2376520843750755e-05,25,-9.450679267573036e-06,3.2709682468669707e-05,0.681741592920354,0.16649919005294486
item_M79674,-6.469951753440381e-06,2.239343188346182e-05,25,-9.450679267564156e-06,3.270968246863896e-05,0.681741592920354,0.16649919005294486
item_Z1329,-6.471624440039451e-06,2.2398896648840928e-05,25,-9.450679267568596e-06,3.2709682468654345e-05,0.681741592920354,0.16649919005294486
item_R040,-6.473297126638522e-06,3.236648563319261e-05,25,-9.450679267573036e-06,4.725339633786518e-05,0.681741592920354,0.16649919005294486
item_90756,-6.476642499830584e-06,2.2416471832241985e-05,25,-9.450679267573036e-06,3.2709682468669707e-05,0.681741592920354,0.16649919005294486
item_83013,-6.485005932807711e-06,8.665240981190241e-05,25,-9.450679267568596e-06,0.0001272336634881039,0.681741592920354,0.16649919005294486
item_M25461,-6.486678619406767e-06,2.2451080888336718e-05,25,-9.450679267573036e-06,3.2709682468669707e-05,0.681741592920354,0.16649919005294486
item_84132,-6.491696679191815e-06,6.982028798095812e-05,25,-9.450679267568596e-06,0.00010185089313940398,0.681741592920354,0.16649919005294486
item_F418,-6.496714738979912e-06,9.014254736573883e-05,25,-9.450679267568596e-06,0.0001317245810882169,0.681741592920354,0.16649919005294486
item_E1143,-6.513441604940218e-06,6.96707310994119e-05,25,-9.450679267568596e-06,0.000101850893139404,0.681741592920354,0.16649919005294486
item_J342,-6.513441604940238e-06,0.00013380604411494714,25,-9.450679267568596e-06,0.000195664630814008,0.681741592920354,0.16649919005294486
item_00320,-6.546895336860829e-06,8.702426227770601e-05,25,-9.450679267568596e-06,0.0001272336634881039,0.681741592920354,0.16649919005294486
item_84134,-6.580349068784482e-06,0.00010134239067673815,25,-9.450679267573036e-06,0.0001483347761515158,0.681741592920354,0.16649919005294486
item_HYDROCHLOROTHIAZIDE,-6.590385188354551e-06,0.00012560368714186978,25,-9.450679267564156e-06,0.0001833924949351229,0.681741592920354,0.16649919005294486
item_M79605,-6.590385188360668e-06,0.00015772961073932292,25,-9.450679267573036e-06,0.0002310911715081018,0.681741592920354,0.16649919005294486
item_96413,-6.669001458374105e-06,0.00010156847696626285,25,-9.450679267573036e-06,0.0001483347761515158,0.681741592920354,0.16649919005294486
item_TOPIRAMATE,-9.410534789262204e-06,0.00020626232743680575,25,-1.4176018901350673e-05,0.0003017996653886267,0.681741592920354,0.16649919005294486
item_43239,-9.418898222254542e-06,0.00023579657366510148,25,-1.4176018901368437e-05,0.0003466367572621598,0.681741592920354,0.16649919005294486
item_80356,-9.432279715010638e-06,0.00017183644637341262,25,-1.4176018901350673e-05,0.0002513403960973831,0.681741592920354,0.16649919005294486
item_M79604,-9.567767329295181e-06,8.441584532013087e-05,25,-1.4176018901359555e-05,0.0001244613556155168,0.681741592920354,0.16649919005294486
item_BACLOFEN,-9.571112702484225e-06,0.00031510676053946447,25,-1.4176018901355114e-05,0.0004617291982820533,0.681741592920354,0.16649919005294486
item_84479,-9.572785389080254e-06,8.465844318525178e-05,25,-1.4176018901355114e-05,0.00012446135561549536,0.681741592920354,0.16649919005294486
item_TRULICITY,-9.582821508656448e-06,8.434943161958e-05,25,-1.4176018901355114e-05,0.00012446135561549536,0.681741592920354,0.16649919005294486
item_86618,-9.587839568453638e-06,0.00019628700014523564,25,-1.4176018901368437e-05,0.0002879970782158143,0.681741592920354,0.16649919005294486
item_93321,-9.606239121003886e-06,2.655037772678861e-05,25,-1.4176018901359555e-05,3.918044643066318e-05,0.681741592920354,0.16649919005294486
item_72050,-9.616275240583123e-06,9.707088159419844e-05,25,-1.4176018901363996e-05,0.00014192416846576765,0.681741592920354,0.16649919005294486
item_F909,-9.62129330036816e-06,2.6592075487829016e-05,25,-1.4176018901359555e-05,3.918044643066318e-05,0.681741592920354,0.16649919005294486
item_43235,-9.626311360153228e-06,2.6605791196063063e-05,25,-1.4176018901355114e-05,3.918044643065091e-05,0.681741592920354,0.16649919005294486
item_80178,-9.627984046749257e-06,6.70308167057277e-05,25,-1.4176018901355114e-05,9.836578851580987e-05,0.681741592920354,0.16649919005294486
item_COMBIVENT RESPIMAT,-9.639692852924497e-06,2.6643239580934056e-05,25,-1.4176018901359555e-05,3.918044643066318e-05,0.681741592920354,0.16649919005294486
item_90714,-9.664783151861931e-06,3.542105651449262e-05,25,-1.4176018901355114e-05,5.1942925608472205e-05,0.681741592920354,0.16649919005294486
item_F1190,-9.67481927144114e-06,2.673992138140018e-05,25,-1.4176018901359555e-05,3.918044643066318e-05,0.681741592920354,0.16649919005294486
item_R5381,-9.67481927144114e-06,3.5426187477918135e-05,25,-1.4176018901359555e-05,5.194292560848147e-05,0.681741592920354,0.16649919005294486
item_LEFLUNOMIDE,-9.678164644633203e-06,2.674931273140168e-05,25,-1.4176018901359555e-05,3.918044643066318e-05,0.681741592920354,0.16649919005294486
item_M7542,-9.681510017822206e-06,2.6758787482603676e-05,25,-1.4176018901355114e-05,3.918044643065091e-05,0.681741592920354,0.16649919005294486
item_J309,-9.683182704418254e-06,3.5515023136014224e-05,25,-1.4176018901355114e-05,5.194292560846169e-05,0.681741592920354,0.16649919005294486
item_J4541,-9.68987345080236e-06,2.678204019310298e-05,25,-1.4176018901355114e-05,3.918044643065091e-05,0.681741592920354,0.16649919005294486
item_M5432,-9.689873450805415e-06,2.6781985782361976e-05,25,-1.4176018901359555e-05,3.918044643066318e-05,0.681741592920354,0.16649919005294486
item_10061,-9.69154613739842e-06,2.678610099064344e-05,25,-1.4176018901355114e-05,3.918044643065091e-05,0.681741592920354,0.16649919005294486
item_G40909,-9.693218823994454e-06,2.67907675523419e-05,25,-1.4176018901355114e-05,3.918044643065091e-05,0.681741592920354,0.16649919005294486
item_OMEGA-3-ACID ETHYL ESTERS,-9.70158225697763e-06,2.6813768624339986e-05,25,-1.4176018901359555e-05,3.918044643066318e-05,0.681741592920354,0.16649919005294486
item_ELETRIPTAN HYDROBROMIDE,-9.709945689954744e-06,8.520091109959461e-05,25,-1.4176018901355114e-05,0.00012446135561549536,0.681741592920354,0.16649919005294486
item_ADACEL,-9.733363302302211e-06,6.73434955440484e-05,25,-1.4176018901359555e-05,9.836578851583142e-05,0.681741592920354,0.16649919005294486
item_Z0001,-9.758453601239649e-06,4.233567151685749e-05,25,-1.4176018901355114e-05,6.213716809631293e-05,0.681741592920354,0.16649919005294486
item_CONTOUR NEXT BLOOD GLUCOS,-9.770162407411842e-06,7.127064418541482e-05,25,-1.4176018901355114e-05,0.00010410950239338964,0.681741592920354,0.16649919005294486
item_LEVOCETIRIZINE DIHYDROCHL,-9.77518046719993e-06,8.854014964759285e-05,25,-1.4176018901355114e-05,0.00012904878604585546,0.681741592920354,0.16649919005294486
item_ATOMOXETINE,-9.925722260845733e-06,8.565815057596832e-05,25,-1.4176018901359555e-05,0.0001244613556155168,0.681741592920354,0.16649919005294486
item_LEVOTHYROXINE SODIUM,-1.0190006743021573e-05,0.00030467885541871786,25,-1.4176018901363996e-05,0.00044636121122592053,0.681741592920354,0.16649919005294486
item_R1011,-1.2346099765302095e-05,0.0003226012601434392,25,-1.8901358535146072e-05,0.0004721400208646259,0.681741592920354,0.16649919005294486
item_94010,-1.2520059171286207e-05,0.0001120881868945067,25,-1.8901358535141633e-05,0.00016594847415400972,0.681741592920354,0.16649919005294486
item_87640,-1.25401314104416e-05,8.131733128395798e-05,25,-1.8901358535146072e-05,0.00012143448667147378,0.681741592920354,0.16649919005294486
item_80370,-1.258027588875239e-05,0.0001953000694249021,25,-1.8901358535154955e-05,0.00028670197518042284,0.681741592920354,0.16649919005294486
item_99281,-1.2630456486624231e-05,9.812545767711015e-05,25,-1.8901358535141633e-05,0.00014339154523358163,0.681741592920354,0.16649919005294486
item_M4726,-1.265052872577662e-05,0.00022964206794444728,25,-1.8901358535141633e-05,0.0003370429443044718,0.681741592920354,0.16649919005294486
item_M797,-1.276427141430668e-05,0.0001941408438354808,25,-1.8901358535141633e-05,0.00028466658116838044,0.681741592920354,0.16649919005294486
item_97802,-1.2804415892611434e-05,8.227651794617003e-05,25,-1.8901358535141633e-05,0.000121434486671452,0.681741592920354,0.16649919005294486
item_J0101,-1.2821142758574749e-05,2.9984518347020874e-05,25,-1.8901358535146072e-05,4.420150486443249e-05,0.681741592920354,0.16649919005294486
item_MYCOPHENOLATE MOFETIL,-1.282281544516776e-05,8.256007081064672e-05,25,-1.8901358535141633e-05,0.00012143448667145199,0.681741592920354,0.16649919005294486
item_94760,-1.282448813176681e-05,0.00013459973841131558,25,-1.8901358535146072e-05,0.00019791032680653619,0.681741592920354,0.16649919005294486
item_SPIRIVA HANDIHALER,-1.2841214997724091e-05,8.27419102671098e-05,25,-1.8901358535141633e-05,0.000121434486671452,0.681741592920354,0.16649919005294486
item_87641,-1.285292380389933e-05,6.426461901949665e-05,25,-1.8901358535146072e-05,9.450679267573037e-05,0.681741592920354,0.16649919005294486
item_J1756,-1.2856269177088373e-05,8.252068236567479e-05,25,-1.8901358535141633e-05,0.00012143448667145199,0.681741592920354,0.16649919005294486
item_MUPIROCIN,-1.286463261006852e-05,3.794066263169816e-05,25,-1.8901358535141633e-05,5.582770970173954e-05,0.681741592920354,0.16649919005294486
item_MECLIZINE HYDROCHLORIDE,-1.2872996043048672e-05,8.270440791358361e-05,25,-1.8901358535141633e-05,0.00012143448667145202,0.681741592920354,0.16649919005294486
item_Z043,-1.2879686789432794e-05,8.26965494222263e-05,25,-1.8901358535141633e-05,0.000121434486671452,0.681741592920354,0.16649919005294486
item_82172,-1.287968678943582e-05,3.0120831115408723e-05,25,-1.8901358535146072e-05,4.420150486443249e-05,0.681741592920354,0.16649919005294486
item_EMBEDA,-1.2886377535819942e-05,3.0135872596269857e-05,25,-1.8901358535146072e-05,4.420150486443249e-05,0.681741592920354,0.16649919005294486
item_11403,-1.2886377535819943e-05,3.7981166951419345e-05,25,-1.8901358535146072e-05,5.582770970174777e-05,0.681741592920354,0.16649919005294486
item_OLMESARTAN MEDOXOMIL,-1.2889722909008977e-05,8.268478566322118e-05,25,-1.8901358535141633e-05,0.000121434486671452,0.681741592920354,0.16649919005294486
item_R1010,-1.2899759028588188e-05,6.449879514294094e-05,25,-1.8901358535146072e-05,9.450679267573036e-05,0.681741592920354,0.16649919005294486
item_L600,-1.2901431715181193e-05,8.267109765905276e-05,25,-1.8901358535141633e-05,0.000121434486671452,0.681741592920354,0.16649919005294486
item_82947,-1.2901431715187181e-05,0.0002923779239699261,25,-1.8901358535150514e-05,0.0004282237202691456,0.681741592920354,0.16649919005294486
item_88307,-1.291481320795246e-05,6.88063335020014e-05,25,-1.8901358535146072e-05,0.00010047135910355575,0.681741592920354,0.16649919005294486
item_10120,-1.2919831267740556e-05,3.0214465475480404e-05,25,-1.8901358535146072e-05,4.42015048644325e-05,0.681741592920354,0.16649919005294486
item_M7661,-1.2921503954336587e-05,3.8141491657383927e-05,25,-1.8901358535146072e-05,5.582770970174777e-05,0.681741592920354,0.16649919005294486
item_F322,-1.2921503954336587e-05,3.0217570140048354e-05,25,-1.8901358535146072e-05,4.420150486443249e-05,0.681741592920354,0.16649919005294486
item_J0190,-1.2928194700720706e-05,8.635063028503746e-05,25,-1.8901358535146072e-05,0.00012613205259340908,0.681741592920354,0.16649919005294486
item_90785,-1.293154007391277e-05,3.024162048347883e-05,25,-1.8901358535146072e-05,4.420150486443249e-05,0.681741592920354,0.16649919005294486
item_L03211,-1.2939903506889884e-05,6.469951753444942e-05,25,-1.8901358535141633e-05,9.450679267570817e-05,0.681741592920354,0.16649919005294486
item_73721,-1.2939903506889884e-05,8.313426450357104e-05,25,-1.8901358535141633e-05,0.000121434486671452,0.681741592920354,0.16649919005294486
item_M25519,-1.294324888008193e-05,3.026877289054643e-05,25,-1.8901358535141633e-05,4.420150486442212e-05,0.681741592920354,0.16649919005294486
item_J209,-1.2959975746042242e-05,4.485574339122029e-05,25,-1.8901358535141633e-05,6.541936493732404e-05,0.681741592920354,0.16649919005294486
item_N433,-1.2968339179022401e-05,8.310095365158061e-05,25,-1.8901358535141633e-05,0.000121434486671452,0.681741592920354,0.16649919005294486
item_N951,-1.2980047985194608e-05,6.490023992597304e-05,25,-1.8901358535141633e-05,9.450679267570817e-05,0.681741592920354,0.16649919005294486
item_K769,-1.3000120224346968e-05,8.357199230319815e-05,25,-1.8901358535141633e-05,0.00012143448667145202,0.681741592920354,0.16649919005294486
item_87804,-1.3006810970737194e-05,0.00038809034459861614,25,-1.8901358535150514e-05,0.0005692923074580258,0.681741592920354,0.16649919005294486
item_92020,-1.3025210523287447e-05,0.00011325723718865839,25,-1.8901358535141633e-05,0.0001659484741539867,0.681741592920354,0.16649919005294486
item_J0744,-1.3033573956270637e-05,6.516786978135318e-05,25,-1.8901358535146072e-05,9.450679267573036e-05,0.681741592920354,0.16649919005294486
item_BETAMETHASONE DIPROPIONAT,-1.3033573956270637e-05,6.516786978135318e-05,25,-1.8901358535146072e-05,9.450679267573036e-05,0.681741592920354,0.16649919005294486
item_N938,-1.309044530053568e-05,8.341611451441175e-05,25,-1.8901358535146072e-05,0.0001214344866714738,0.681741592920354,0.16649919005294486
item_R0789,-1.3097136046916768e-05,0.00017831228284975468,25,-1.8901358535141633e-05,0.00026123265667448456,0.681741592920354,0.16649919005294486
item_86901,-1.3098808733515832e-05,8.637573231348981e-05,25,-1.8901358535146072e-05,0.0001261320525934091,0.681741592920354,0.16649919005294486
item_RESTASIS,-1.579852489950926e-05,7.89926244975463e-05,25,-2.3626698168932593e-05,0.00011813349084466296,0.681741592920354,0.16649919005294486
item_F17200,-1.5816924452068643e-05,0.00012759390062696128,25,-2.362669816893703e-05,0.0001867854495078765,0.681741592920354,0.16649919005294486
item_J302,-1.5949066693152018e-05,7.974533346576008e-05,25,-2.3626698168932593e-05,0.00011813349084466296,0.681741592920354,0.16649919005294486
item_E1121,-1.5949066693152018e-05,7.974533346576008e-05,25,-2.3626698168932593e-05,0.00011813349084466297,0.681741592920354,0.16649919005294486
item_E875,-1.5949066693152018e-05,7.974533346576008e-05,25,-2.3626698168932593e-05,0.00011813349084466297,0.681741592920354,0.16649919005294486
item_B349,-1.5949066693152018e-05,7.974533346576008e-05,25,-2.3626698168932593e-05,0.00011813349084466296,0.681741592920354,0.16649919005294486
item_M79662,-1.5949066693152018e-05,7.974533346576008e-05,25,-2.3626698168932593e-05,0.00011813349084466297,0.681741592920354,0.16649919005294486
item_J0585,-1.600761072401008e-05,8.003805362005041e-05,25,-2.362669816892815e-05,0.00011813349084464075,0.681741592920354,0.16649919005294486
item_93280,-1.600761072401008e-05,8.003805362005041e-05,25,-2.362669816892815e-05,0.00011813349084464075,0.681741592920354,0.16649919005294486
item_J690,-1.600761072401008e-05,8.003805362005041e-05,25,-2.362669816892815e-05,0.00011813349084464075,0.681741592920354,0.16649919005294486
item_R195,-1.6015974156993246e-05,8.007987078496623e-05,25,-2.3626698168932593e-05,0.00011813349084466297,0.681741592920354,0.16649919005294486
item_K429,-1.6015974156993246e-05,8.007987078496623e-05,25,-2.3626698168932593e-05,0.00011813349084466296,0.681741592920354,0.16649919005294486
item_88341,-1.6015974156993246e-05,8.007987078496623e-05,25,-2.3626698168932593e-05,0.00011813349084466296,0.681741592920354,0.16649919005294486
item_99309,-1.6015974156993246e-05,8.007987078496623e-05,25,-2.3626698168932593e-05,0.00011813349084466297,0.681741592920354,0.16649919005294486
item_36600,-1.6015974156993246e-05,8.007987078496623e-05,25,-2.3626698168932593e-05,0.00011813349084466296,0.681741592920354,0.16649919005294486
item_BREO ELLIPTA,-1.6031028336354462e-05,4.006642699221735e-05,25,-2.362669816892815e-05,5.906674542232407e-05,0.681741592920354,0.16649919005294486
item_ETODOLAC,-1.6032701022950536e-05,8.016350511475268e-05,25,-2.362669816892815e-05,0.00011813349084464075,0.681741592920354,0.16649919005294486
item_M0609,-1.605779132189099e-05,8.028895660945497e-05,25,-2.362669816892815e-05,0.00011813349084464073,0.681741592920354,0.16649919005294486
item_K7290,-1.605779132189099e-05,8.028895660945497e-05,25,-2.362669816892815e-05,0.00011813349084464073,0.681741592920354,0.16649919005294486
item_82140,-1.605779132189099e-05,8.028895660945497e-05,25,-2.362669816892815e-05,0.00011813349084464073,0.681741592920354,0.16649919005294486
item_99495,-1.605779132189099e-05,8.028895660945497e-05,25,-2.362669816892815e-05,0.00011813349084464073,0.681741592920354,0.16649919005294486
item_36556,-1.605779132189099e-05,8.028895660945497e-05,25,-2.362669816892815e-05,0.00011813349084464073,0.681741592920354,0.16649919005294486
item_J90,-1.605779132189099e-05,8.028895660945497e-05,25,-2.362669816892815e-05,0.00011813349084464073,0.681741592920354,0.16649919005294486
item_86850,-1.605779132189099e-05,8.028895660945497e-05,25,-2.362669816892815e-05,0.00011813349084464073,0.681741592920354,0.16649919005294486
item_86665,-1.605779132189099e-05,8.028895660945497e-05,25,-2.362669816892815e-05,0.00011813349084464073,0.681741592920354,0.16649919005294486
item_M4802,-1.605779132189099e-05,8.028895660945497e-05,25,-2.362669816892815e-05,0.00011813349084464073,0.681741592920354,0.16649919005294486
item_D539,-1.6059464008486998e-05,4.024634642257843e-05,25,-2.362669816892815e-05,5.906674542231482e-05,0.681741592920354,0.16649919005294486
item_L03011,-1.6062809381682102e-05,3.278855145220047e-05,25,-2.3626698168932593e-05,4.822779568386207e-05,0.681741592920354,0.16649919005294486
item_86038,-1.6064482068278143e-05,0.00012321756695130357,25,-2.3626698168932593e-05,0.00018045188796832266,0.681741592920354,0.16649919005294486
item_MIRTAZAPINE ODT,-1.6066154754874163e-05,8.033077377437081e-05,25,-2.3626698168932593e-05,0.00011813349084466296,0.681741592920354,0.16649919005294486
item_51701,-1.6066154754874163e-05,8.033077377437081e-05,25,-2.3626698168932593e-05,0.00011813349084466296,0.681741592920354,0.16649919005294486
item_E1065,-1.6066154754874163e-05,8.033077377437081e-05,25,-2.3626698168932593e-05,0.00011813349084466296,0.681741592920354,0.16649919005294486
item_52000,-1.6066154754874163e-05,8.033077377437081e-05,25,-2.3626698168932593e-05,0.00011813349084466296,0.681741592920354,0.16649919005294486
item_R55,-1.6066154754874163e-05,8.033077377437081e-05,25,-2.3626698168932593e-05,0.00011813349084466296,0.681741592920354,0.16649919005294486
item_MAGNESIUM OXIDE,-1.6066154754874163e-05,8.033077377437081e-05,25,-2.3626698168932593e-05,0.00011813349084466296,0.681741592920354,0.16649919005294486
item_MECLIZINE HCL,-1.6067827441464125e-05,0.00011187153878039898,25,-2.362669816892371e-05,0.00016354841234331982,0.681741592920354,0.16649919005294486
item_PHENOBARBITAL,-1.608120893423539e-05,3.282638140155137e-05,25,-2.362669816892815e-05,4.8227795683853004e-05,0.681741592920354,0.16649919005294486
item_RENVELA,-1.6091245053811596e-05,8.0456225269058e-05,25,-2.362669816892815e-05,0.00011813349084464076,0.681741592920354,0.16649919005294486
item_Z5189,-1.6091245053811596e-05,8.0456225269058e-05,25,-2.362669816892815e-05,0.00011813349084464076,0.681741592920354,0.16649919005294486
item_H40003,-1.6091245053811596e-05,8.045622526905798e-05,25,-2.362669816892815e-05,0.00011813349084464073,0.681741592920354,0.16649919005294486
item_78452,-1.6092917740410686e-05,0.000133864902756165,25,-2.3626698168932593e-05,0.00019590223215328802,0.681741592920354,0.16649919005294486
item_K921,-1.6094590427003657e-05,8.380110749750855e-05,25,-2.362669816892815e-05,0.00012295723564476795,0.681741592920354,0.16649919005294486
item_S199XXA,-1.609960848679175e-05,8.049804243395875e-05,25,-2.362669816892815e-05,0.00011813349084464076,0.681741592920354,0.16649919005294486
item_97535,-1.609960848679175e-05,8.049804243395875e-05,25,-2.362669816892815e-05,0.00011813349084464076,0.681741592920354,0.16649919005294486
item_K7689,-1.609960848679175e-05,8.049804243395875e-05,25,-2.362669816892815e-05,0.00011813349084464076,0.681741592920354,0.16649919005294486
item_99292,-1.611633535275508e-05,8.05816767637754e-05,25,-2.3626698168932593e-05,0.00011813349084466297,0.681741592920354,0.16649919005294486
item_Z0189,-1.6123026099136163e-05,4.035815017883223e-05,25,-2.362669816892815e-05,5.906674542231482e-05,0.681741592920354,0.16649919005294486
item_H6983,-1.6124698785735236e-05,8.062349392867618e-05,25,-2.3626698168932593e-05,0.00011813349084466296,0.681741592920354,0.16649919005294486
item_87350,-1.6124698785735236e-05,8.062349392867618e-05,25,-2.3626698168932593e-05,0.00011813349084466296,0.681741592920354,0.16649919005294486
item_11042,-1.6124698785735236e-05,8.062349392867618e-05,25,-2.3626698168932593e-05,0.00011813349084466296,0.681741592920354,0.16649919005294486
item_EZETIMIBE,-1.6124698785735236e-05,8.062349392867618e-05,25,-2.3626698168932593e-05,0.00011813349084466296,0.681741592920354,0.16649919005294486
item_72202,-1.6149789084675694e-05,8.074894542337847e-05,25,-2.3626698168932593e-05,0.00011813349084466294,0.681741592920354,0.16649919005294486
item_K2970,-1.6149789084675694e-05,8.074894542337847e-05,25,-2.3626698168932593e-05,0.00011813349084466294,0.681741592920354,0.16649919005294486
item_99308,-1.6174879383613113e-05,8.087439691806557e-05,25,-2.362669816892815e-05,0.00011813349084464075,0.681741592920354,0.16649919005294486
item_93351,-1.6174879383613113e-05,8.087439691806557e-05,25,-2.362669816892815e-05,0.00011813349084464076,0.681741592920354,0.16649919005294486
item_J1940,-1.6174879383613113e-05,8.087439691806557e-05,25,-2.362669816892815e-05,0.00011813349084464075,0.681741592920354,0.16649919005294486
item_S8991XA,-1.6174879383613113e-05,8.087439691806557e-05,25,-2.362669816892815e-05,0.00011813349084464076,0.681741592920354,0.16649919005294486
item_R1110,-1.6174879383613113e-05,8.087439691806557e-05,25,-2.362669816892815e-05,0.00011813349084464075,0.681741592920354,0.16649919005294486
item_99153,-1.6174879383613113e-05,8.087439691806557e-05,25,-2.362669816892815e-05,0.00011813349084464075,0.681741592920354,0.16649919005294486
item_R928,-1.6174879383616152e-05,8.087439691808077e-05,25,-2.3626698168932593e-05,0.00011813349084466296,0.681741592920354,0.16649919005294486
item_83690,-1.6178224756808203e-05,0.00020832688781576478,25,-2.3626698168932593e-05,0.0003050193617804428,0.681741592920354,0.16649919005294486
item_J9801,-1.6199969682553565e-05,8.099984841276784e-05,25,-2.362669816892815e-05,0.00011813349084464075,0.681741592920354,0.16649919005294486
item_I4891,-1.6225059981494023e-05,8.112529990747012e-05,25,-2.362669816892815e-05,0.00011813349084464075,0.681741592920354,0.16649919005294486
item_71260,-1.624513222064944e-05,0.00011164538336430462,25,-2.3626698168932593e-05,0.00016354841234334853,0.681741592920354,0.16649919005294486
item_K922,-1.6258513713414627e-05,8.129256856707315e-05,25,-2.362669816892815e-05,0.00011813349084464076,0.681741592920354,0.16649919005294486
item_88237,-1.6258513713414627e-05,8.129256856707315e-05,25,-2.362669816892815e-05,0.00011813349084464076,0.681741592920354,0.16649919005294486
item_R935,-1.626687714639479e-05,9.616395491150011e-05,25,-2.362669816892815e-05,0.000140606978313499,0.681741592920354,0.16649919005294486
item_G0123,-1.6291967445338298e-05,8.145983722669148e-05,25,-2.3626698168932593e-05,0.00011813349084466297,0.681741592920354,0.16649919005294486
item_22551,-1.6291967445338298e-05,8.145983722669148e-05,25,-2.3626698168932593e-05,0.00011813349084466297,0.681741592920354,0.16649919005294486
item_88189,-1.6291967445338298e-05,8.145983722669148e-05,25,-2.3626698168932593e-05,0.00011813349084466297,0.681741592920354,0.16649919005294486
item_88185,-1.6291967445338298e-05,8.145983722669148e-05,25,-2.3626698168932593e-05,0.00011813349084466297,0.681741592920354,0.16649919005294486
item_J0330,-1.6291967445338298e-05,8.145983722669148e-05,25,-2.3626698168932593e-05,0.00011813349084466297,0.681741592920354,0.16649919005294486
item_N1330,-1.6291967445338298e-05,8.145983722669148e-05,25,-2.3626698168932593e-05,0.00011813349084466297,0.681741592920354,0.16649919005294486
item_84550,-1.9035173462828523e-05,7.997000898977234e-05,25,-2.835203780271911e-05,0.0001195037677140745,0.681741592920354,0.16649919005294486
item_93922,-1.9152261524550668e-05,8.068083025788746e-05,25,-2.835203780271911e-05,0.00011950376771407452,0.681741592920354,0.16649919005294486
item_J0110,-1.917735182349113e-05,9.338044770530648e-05,25,-2.835203780271911e-05,0.00013759720582522076,0.681741592920354,0.16649919005294486
item_Z4682,-1.9232550481163147e-05,9.875693072545232e-05,25,-2.835203780272355e-05,0.0001458043597682527,0.681741592920354,0.16649919005294486
item_G0466,-1.9266004213080753e-05,8.104573150089943e-05,25,-2.835203780271911e-05,0.00011950376771407449,0.681741592920354,0.16649919005294486
item_DICLOFENAC SODIUM ER,-1.9274367646057866e-05,9.354405068296982e-05,25,-2.835203780271467e-05,0.0001375972058252058,0.681741592920354,0.16649919005294486
item_99053,-1.9281058392442e-05,8.136733642994217e-05,25,-2.835203780271467e-05,0.00011950376771405271,0.681741592920354,0.16649919005294486
item_73090,-1.9281058392445027e-05,4.1908364380091556e-05,25,-2.835203780271911e-05,6.17617134922593e-05,0.681741592920354,0.16649919005294486
item_L02414,-1.9332911676918956e-05,3.51127002226274e-05,25,-2.835203780271467e-05,5.149319484394925e-05,0.681741592920354,0.16649919005294486
item_F900,-1.933960242330306e-05,0.000154489800354286,25,-2.835203780271467e-05,0.00022692702554400203,0.681741592920354,0.16649919005294486
item_H6693,-1.9339602423306097e-05,3.512610555027669e-05,25,-2.835203780271911e-05,5.1493194843957324e-05,0.681741592920354,0.16649919005294486
item_72128,-1.9351311229478314e-05,8.152555904717332e-05,25,-2.835203780271911e-05,0.00011950376771407452,0.681741592920354,0.16649919005294486
item_M79642,-1.9414873320124436e-05,8.181642171998596e-05,25,-2.835203780271467e-05,0.00011950376771405273,0.681741592920354,0.16649919005294486
item_NAPROXEN,-1.9505198396310082e-05,0.0003055806561910653,25,-2.835203780271467e-05,0.0004489072652096867,0.681741592920354,0.16649919005294486
item_88311,-1.951356182929328e-05,6.763067175115104e-05,25,-2.835203780271911e-05,9.812904740600913e-05,0.681741592920354,0.16649919005294486
item_M2550,-1.9562069740575145e-05,0.0001334767314203287,25,-2.835203780271467e-05,0.00019673157703164963,0.681741592920354,0.16649919005294486
item_83516,-1.9623959144628245e-05,0.00015197123870345065,25,-2.835203780271467e-05,0.0002217429923260698,0.681741592920354,0.16649919005294486
item_97140,-2.2030955156319422e-05,0.00015259255020255133,25,-3.307737743650563e-05,0.000224971165301605,0.681741592920354,0.16649919005294486
item_J2765,-2.2278512772525876e-05,0.0002157405675329337,25,-3.3077377436496745e-05,0.00031903333885457014,0.681741592920354,0.16649919005294486
item_62323,-2.23153118776446e-05,0.00011691647309709354,25,-3.307737743650563e-05,0.00017227519475665693,0.681741592920354,0.16649919005294486
item_R1030,-2.2330366057005852e-05,0.0001191898848526708,25,-3.307737743650119e-05,0.00017561805962572718,0.681741592920354,0.16649919005294486
item_80349,-2.2398946207443084e-05,0.00011297706887083118,25,-3.307737743650119e-05,0.00016538688718252247,0.681741592920354,0.16649919005294486
item_R6889,-2.243741799915479e-05,0.00010007459675075817,25,-3.307737743650563e-05,0.0001467583788429433,0.681741592920354,0.16649919005294486
item_NOVOLOG,-2.244912680532402e-05,8.178217489636803e-05,25,-3.307737743650119e-05,0.00012066590624959991,0.681741592920354,0.16649919005294486
item_K319,-2.2454144865112075e-05,3.675095908782011e-05,25,-3.307737743650119e-05,5.41355663904968e-05,0.681741592920354,0.16649919005294486
item_E042,-2.2455817551714198e-05,0.00010525747012343534,25,-3.307737743651007e-05,0.00015447958453186742,0.681741592920354,0.16649919005294486
item_M7552,-2.250432546299302e-05,6.777300475909231e-05,25,-3.307737743650119e-05,9.95410487085084e-05,0.681741592920354,0.16649919005294486
item_96360,-2.252439770214236e-05,0.00012011485939732202,25,-3.3077377436496745e-05,0.00017561805962570628,0.681741592920354,0.16649919005294486
item_E876,-2.2541124568108717e-05,3.6892796237425784e-05,25,-3.307737743650563e-05,5.4135566390504074e-05,0.681741592920354,0.16649919005294486
item_Z452,-2.2552833374277905e-05,8.219966496012733e-05,25,-3.307737743650119e-05,0.00012066590624959991,0.681741592920354,0.16649919005294486
item_88312,-2.256788755363913e-05,8.207449916215666e-05,25,-3.3077377436496745e-05,0.00012066590624959669,0.681741592920354,0.16649919005294486
item_10060,-2.2571232926831222e-05,8.582918110291896e-05,25,-3.3077377436496745e-05,0.0001253922687780133,0.681741592920354,0.16649919005294486
item_E1122,-2.2571232926834228e-05,8.255445015953506e-05,25,-3.307737743650119e-05,0.00012066590624959992,0.681741592920354,0.16649919005294486
item_80342,-2.257792367322139e-05,8.557006999412872e-05,25,-3.307737743650563e-05,0.00012539226877804138,0.681741592920354,0.16649919005294486
item_83010,-2.2592977852585664e-05,3.6977643372971816e-05,25,-3.307737743650563e-05,5.413556639050407e-05,0.681741592920354,0.16649919005294486
item_29125,-2.2634795017483392e-05,8.582684167175986e-05,25,-3.307737743650119e-05,0.0001253922687780208,0.681741592920354,0.16649919005294486
item_K529,-2.2706720541109667e-05,0.00018065053029030006,25,-3.3077377436496745e-05,0.00026529671608901674,0.681741592920354,0.16649919005294486
item_82784,-2.270839322771176e-05,0.0001178851105301893,25,-3.307737743650563e-05,0.00017227519475665695,0.681741592920354,0.16649919005294486
item_CELECOXIB,-2.2748537706016512e-05,0.00013917362822798,25,-3.307737743650563e-05,0.0002032445426353986,0.681741592920354,0.16649919005294486
item_73562,-2.2838862782202165e-05,0.0002089098192276929,25,-3.307737743650563e-05,0.0003060090690369294,0.681741592920354,0.16649919005294486
item_80076,-2.3121546816925278e-05,0.00021200389773512208,25,-3.3077377436496745e-05,0.0003116575536508757,0.681741592920354,0.16649919005294486
item_HYDROCODONE BITARTRATE/AC,-2.5247531480480225e-05,0.0001747204009899276,25,-3.7802717070283267e-05,0.0002568328231403048,0.681741592920354,0.16649919005294486
item_72110,-2.5480034917334506e-05,0.00018239294505766298,25,-3.7802717070292143e-05,0.00026791397823468395,0.681741592920354,0.16649919005294486
item_83090,-2.551683402244419e-05,0.00011471299418994186,25,-3.7802717070287705e-05,0.000169553456519871,0.681741592920354,0.16649919005294486
item_N6489,-2.5577050739904302e-05,0.00010278352111547341,25,-3.7802717070292143e-05,0.00015143835025029174,0.681741592920354,0.16649919005294486
item_80323,-2.5627231337785242e-05,0.00013882266225642915,25,-3.7802717070292143e-05,0.00020381593691053536,0.681741592920354,0.16649919005294486
item_97162,-2.568242999545121e-05,0.00011761550473705538,25,-3.7802717070287705e-05,0.0001729489368458157,0.681741592920354,0.16649919005294486
item_C3490,-2.568242999545423e-05,0.00011535594124288398,25,-3.7802717070292143e-05,0.00016955345651988607,0.681741592920354,0.16649919005294486
item_M961,-2.5689120741838353e-05,4.4705544510669856e-05,25,-3.7802717070292143e-05,6.577394403816212e-05,0.681741592920354,0.16649919005294486
item_M25561,-2.579784537058335e-05,0.00018829562789650112,25,-3.780271707029659e-05,0.00027645929227749664,0.681741592920354,0.16649919005294486
item_Z01810,-2.5874788953997754e-05,0.0001313198895235486,25,-3.7802717070292143e-05,0.00019206534196901872,0.681741592920354,0.16649919005294486
item_00670,-2.5883152386977907e-05,0.00010378339954387744,25,-3.7802717070292143e-05,0.00015143835025029174,0.681741592920354,0.16649919005294486
item_LINZESS,-2.588817044675993e-05,0.00018822197332847793,25,-3.7802717070283267e-05,0.0002764592922774946,0.681741592920354,0.16649919005294486
item_G0121,-2.594504179102798e-05,0.00010385061594160508,25,-3.7802717070287705e-05,0.00015143835025027485,0.681741592920354,0.16649919005294486
item_84156,-2.6214344332985875e-05,0.00012953943337329788,25,-3.7802717070283267e-05,0.00018901358535143657,0.681741592920354,0.16649919005294486
item_K219,-2.8554432880841925e-05,0.00021679502709474785,25,-4.25280567040831e-05,0.00031786471463848094,0.681741592920354,0.16649919005294486
item_IBU,-2.8658139449792736e-05,0.00024173439996693963,25,-4.2528056704078665e-05,0.0003542035286607341,0.681741592920354,0.16649919005294486
item_90999,-2.869661124150142e-05,0.00016095425379658468,25,-4.2528056704078665e-05,0.00023842292582353526,0.681741592920354,0.16649919005294486
item_82310,-2.8845480348545122e-05,0.00016244617253605395,25,-4.2528056704074226e-05,0.00023842292582352002,0.681741592920354,0.16649919005294486
item_45378,-2.8897333633025064e-05,0.00013305647041641876,25,-4.2528056704078665e-05,0.0001955457218812387,0.681741592920354,0.16649919005294486
item_76536,-2.892911467834665e-05,0.00015566950381362102,25,-4.2528056704074226e-05,0.00022845929835573964,0.681741592920354,0.16649919005294486
item_51798,-2.893246005153872e-05,0.00016202370938582186,25,-4.2528056704074226e-05,0.00023842292582352455,0.681741592920354,0.16649919005294486
item_F10239,-2.894416885771395e-05,3.939022979552482e-05,25,-4.2528056704078665e-05,5.787335482063449e-05,0.681741592920354,0.16649919005294486
item_HYDRALAZINE HYDROCHLORIDE,-2.8965913783459322e-05,0.00011364411137675135,25,-4.2528056704074226e-05,0.00016664779657017852,0.681741592920354,0.16649919005294486
item_I5030,-2.8985986022608697e-05,8.68129040708072e-05,25,-4.252805670406978e-05,0.00012705072498445832,0.681741592920354,0.16649919005294486
item_CLOPIDOGREL,-2.8987658709207706e-05,0.00010105983464109946,25,-4.2528056704074226e-05,0.00014817789109845215,0.681741592920354,0.16649919005294486
item_COLCHICINE,-2.8997694828786935e-05,0.00013518276970696355,25,-4.2528056704078665e-05,0.0001984970767651816,0.681741592920354,0.16649919005294486
item_TRUE METRIX BLOOD GLUCOSE,-2.9021112441128344e-05,5.1417020038875364e-05,25,-4.2528056704074226e-05,7.533422512190332e-05,0.681741592920354,0.16649919005294486
item_Z981,-2.9057911546234914e-05,3.954392523269752e-05,25,-4.252805670406534e-05,5.787335482061635e-05,0.681741592920354,0.16649919005294486
item_PROMETHAZINE/DEXTROMETHOR,-2.9091365278161627e-05,0.00013555933771721682,25,-4.2528056704074226e-05,0.0001984970767651716,0.681741592920354,0.16649919005294486
item_LITHIUM CARBONATE,-2.910641945752892e-05,0.00011372576917932586,25,-4.2528056704078665e-05,0.00016664779657019372,0.681741592920354,0.16649919005294486
item_E1129,-2.9114782890509077e-05,0.0001455739144525454,25,-4.2528056704078665e-05,0.00021264028352039333,0.681741592920354,0.16649919005294486
item_J1200,-2.9119800950294156e-05,0.00022730253857630402,25,-4.2528056704074226e-05,0.00033217714839872854,0.681741592920354,0.16649919005294486
item_95012,-2.9173326921367104e-05,0.00011413991832571664,25,-4.2528056704074226e-05,0.00016664779657017852,0.681741592920354,0.16649919005294486
item_87799,-3.191486025226434e-05,0.00011046626111128518,25,-4.7253396337865186e-05,0.00016354841234334855,0.681741592920354,0.16649919005294486
item_83992,-3.19918038356878e-05,0.00016224736581420753,25,-4.725339633787406e-05,0.00023871540958816083,0.681741592920354,0.16649919005294486
item_85610,-3.204198443355661e-05,0.00033219389526493765,25,-4.72533963378563e-05,0.0004858815782340182,0.681741592920354,0.16649919005294486
item_M47812,-3.2052020553138887e-05,0.0001625133076718692,25,-4.7253396337865186e-05,0.00023871540958815118,0.681741592920354,0.16649919005294486
item_J2930,-3.2103873837615807e-05,0.00012687508874218106,25,-4.7253396337865186e-05,0.00018678544950789173,0.681741592920354,0.16649919005294486
item_Q0092,-3.213230950974532e-05,0.00011121372295290308,25,-4.725339633786074e-05,0.00016354841234333318,0.681741592920354,0.16649919005294486
item_93042,-3.2132309509748326e-05,0.00011121351002954577,25,-4.7253396337865186e-05,0.00016354841234334855,0.681741592920354,0.16649919005294486
item_M5134,-3.2174126674646074e-05,0.00011135785388136242,25,-4.725339633786074e-05,0.00016354841234333318,0.681741592920354,0.16649919005294486
item_I739,-3.219921697358955e-05,0.0001607836796470983,25,-4.7253396337865186e-05,0.00023626698168932594,0.681741592920354,0.16649919005294486
item_M5414,-3.221928921273886e-05,6.929487402877774e-05,25,-4.725339633786074e-05,0.00010230660410921131,0.681741592920354,0.16649919005294486
item_64479,-3.22326707055041e-05,0.00011156303922163606,25,-4.72533963378563e-05,0.00016354841234331782,0.681741592920354,0.16649919005294486
item_CHANTIX,-3.22376887652952e-05,6.59108817541788e-05,25,-4.725339633786074e-05,9.645559136771506e-05,0.681741592920354,0.16649919005294486
item_K7031,-3.225776100444456e-05,0.00011164829847984343,25,-4.72533963378563e-05,0.00016354841234331782,0.681741592920354,0.16649919005294486
item_OXYCODONE HCL ER,-3.226612443742772e-05,4.033352266374446e-05,25,-4.725339633786074e-05,5.906674542232593e-05,0.681741592920354,0.16649919005294486
item_84207,-3.227281518381489e-05,0.00014539320159189274,25,-4.7253396337865186e-05,0.000212968179294994,0.681741592920354,0.16649919005294486
item_81226,-3.230292354253739e-05,4.6660884670558744e-05,25,-4.72533963378563e-05,6.820440273946673e-05,0.681741592920354,0.16649919005294486
item_87591,-3.231630503530868e-05,8.731575904240716e-05,25,-4.725339633786074e-05,0.0001275987536603307,0.681741592920354,0.16649919005294486
item_I82409,-3.2358122200212464e-05,0.00011199744334816462,25,-4.7253396337865186e-05,0.00016354841234334855,0.681741592920354,0.16649919005294486
item_R739,-3.243339309702774e-05,0.0001122554044416625,25,-4.72533963378563e-05,0.00016354841234331784,0.681741592920354,0.16649919005294486
item_PROMETHAZINE/CODEINE,-3.246851951555049e-05,0.00012350689511222946,25,-4.7253396337865186e-05,0.00018045188796834692,0.681741592920354,0.16649919005294486
item_84100,-3.26859687730314e-05,0.00017088467902867007,25,-4.725339633786074e-05,0.00024826777343805854,0.681741592920354,0.16649919005294486
item_XARELTO,-3.5198344040266386e-05,0.00016921223739121765,25,-5.197873597164282e-05,0.0002484550746894642,0.681741592920354,0.16649919005294486
item_LOSARTAN POTASSIUM,-3.521674359282271e-05,0.00017878946404685818,25,-5.197873597164282e-05,0.00026212150802349147,0.681741592920354,0.16649919005294486
item_29848,-3.53221228483757e-05,0.00012084911699340399,25,-5.197873597164726e-05,0.00017746256096465713,0.681741592920354,0.16649919005294486
item_87070,-3.5445901656479e-05,0.00028921914503225596,25,-5.197873597164282e-05,0.0004246785351788733,0.681741592920354,0.16649919005294486
item_84436,-3.5492736881173855e-05,0.00010425894576972571,25,-5.19787359716517e-05,0.0001528143958411786,0.681741592920354,0.16649919005294486
item_DOXAZOSIN MESYLATE,-3.551113643372413e-05,0.00014341758907697986,25,-5.197873597164282e-05,0.00021044125561546517,0.681741592920354,0.16649919005294486
item_96376,-3.5524517926492324e-05,0.0003450316736207414,25,-5.197873597164282e-05,0.0005070574201872771,0.681741592920354,0.16649919005294486
item_J2270,-3.552619061308834e-05,0.00039720342678301675,25,-5.197873597164282e-05,0.0005808196595390321,0.681741592920354,0.16649919005294486
item_90674,-3.553957210585971e-05,0.00024172158952838084,25,-5.197873597164726e-05,0.00035453170766991876,0.681741592920354,0.16649919005294486
item_E785,-3.555295359863392e-05,0.00019039413424454265,25,-5.1978735971656146e-05,0.00027930514867184993,0.681741592920354,0.16649919005294486
item_81025,-3.5835637633357096e-05,0.0002079204725043097,25,-5.197873597164726e-05,0.0003051718333529904,0.681741592920354,0.16649919005294486
item_METRONIDAZOLE VAGINAL,-3.8394848125290015e-05,0.00014842381246635817,25,-5.670407560544266e-05,0.0002186799508078723,0.681741592920354,0.16649919005294486
item_POLYETHYLENE GLYCOL 3350,-3.8476809768486446e-05,0.0001712065720007884,25,-5.670407560542934e-05,0.00025087726617359254,0.681741592920354,0.16649919005294486
item_METOPROLOL SUCCINATE ER,-3.8537026485946574e-05,0.00011848034909668083,25,-5.670407560543378e-05,0.000174288607807289,0.681741592920354,0.16649919005294486
item_G43909,-3.861397006936092e-05,0.00011393509614176687,25,-5.670407560542934e-05,0.00016748312910522362,0.681741592920354,0.16649919005294486
item_R1031,-3.863906036830746e-05,0.00011866918214071856,25,-5.670407560543822e-05,0.00017428860780730314,0.681741592920354,0.16649919005294486
item_J1030,-3.864909648787758e-05,7.015976982328178e-05,25,-5.670407560542934e-05,0.00010298638968789321,0.681741592920354,0.16649919005294486
item_99152,-3.8816365147486726e-05,0.0002367171975367267,25,-5.670407560543822e-05,0.000346301096529563,0.681741592920354,0.16649919005294486
item_R4182,-4.145586459601695e-05,0.0002718341237420533,25,-6.142941523921585e-05,0.0003993308079255616,0.681741592920354,0.16649919005294486
item_K4090,-4.168836803286523e-05,6.58323167192934e-05,25,-6.142941523921585e-05,9.71763156468066e-05,0.681741592920354,0.16649919005294486
item_90732,-4.169840415244142e-05,0.0001112013050262054,25,-6.142941523921585e-05,0.00016397450532511452,0.681741592920354,0.16649919005294486
item_F1920,-4.174189400392911e-05,4.712909044143567e-05,25,-6.142941523920253e-05,6.921990876645558e-05,0.681741592920354,0.16649919005294486
item_DIVALPROEX SODIUM DR,-4.178203848224901e-05,0.0001677482394816383,25,-6.142941523922474e-05,0.00024619805524458266,0.681741592920354,0.16649919005294486
item_73590,-4.185563669247133e-05,0.00012743180770692606,25,-6.14294152392203e-05,0.0001871586475812833,0.681741592920354,0.16649919005294486
item_Q9966,-4.1919198783114457e-05,0.00020381067145071836,25,-6.142941523921142e-05,0.00029947869016470126,0.681741592920354,0.16649919005294486
item_R109,-4.192588952950159e-05,0.00010178966877828332,25,-6.142941523921585e-05,0.00014911672556613566,0.681741592920354,0.16649919005294486
item_E11649,-4.197607012738551e-05,0.00013803724467340464,25,-6.14294152392203e-05,0.00020209690758584748,0.681741592920354,0.16649919005294486
item_70496,-4.209650356229971e-05,0.0001381356034617819,25,-6.14294152392203e-05,0.00020209690758584754,0.681741592920354,0.16649919005294486
item_31500,-4.221191893742277e-05,0.00018270126008250313,25,-6.142941523921585e-05,0.00026660855884717713,0.681741592920354,0.16649919005294486
item_96361,-4.36721743357546e-05,0.000430804644791431,25,-6.615475487299794e-05,0.0006307340200882269,0.681741592920354,0.16649919005294486
item_METFORMIN HYDROCHLORIDE,-4.452524449974228e-05,0.00027707614952799016,25,-6.61547548730157e-05,0.0004064890852707589,0.681741592920354,0.16649919005294486
item_84460,-4.456538897803795e-05,0.00021505984763998967,25,-6.615475487300238e-05,0.00031639786456546463,0.681741592920354,0.16649919005294486
item_99239,-4.466575017380283e-05,0.000314813657796955,25,-6.615475487300681e-05,0.00046268531665839873,0.681741592920354,0.16649919005294486
item_ESCITALOPRAM OXALATE,-4.481127390766048e-05,0.0002217203309455525,25,-6.615475487301126e-05,0.00032545723128070994,0.681741592920354,0.16649919005294486
item_20936,-4.482800077362078e-05,0.00012461183323355524,25,-6.615475487301126e-05,0.00018389910500234624,0.681741592920354,0.16649919005294486
item_A4657,-4.48798540580947e-05,0.00017825038836927443,25,-6.615475487300681e-05,0.00026212150802350963,0.681741592920354,0.16649919005294486
item_76642,-4.5003632866207034e-05,0.00016938991645695428,25,-6.61547548730157e-05,0.00024845507468946324,0.681741592920354,0.16649919005294486
item_S0020,-4.5010323612582076e-05,0.00013550709092247147,25,-6.615475487300238e-05,0.0001990820974170333,0.681741592920354,0.16649919005294486
item_AMOXICILLIN,-4.504043197130758e-05,0.00013110017325610409,25,-6.615475487299794e-05,0.0001931521711900955,0.681741592920354,0.16649919005294486
item_R3915,-4.508057644961836e-05,0.0001356593626116892,25,-6.615475487300681e-05,0.00019908209741704546,0.681741592920354,0.16649919005294486
item_H0023,-4.514581122686056e-05,0.0001357822474440453,25,-6.615475487300238e-05,0.00019908209741703326,0.681741592920354,0.16649919005294486
item_FAMOTIDINE,-4.514915660004956e-05,0.00019202115791870444,25,-6.615475487299794e-05,0.00028137932797715276,0.681741592920354,0.16649919005294486
item_72072,-4.51591927196318e-05,5.7404900457448766e-05,25,-6.615475487300681e-05,8.408803506226986e-05,0.681741592920354,0.16649919005294486
item_80345,-4.523279092985106e-05,4.707778442706081e-05,25,-6.615475487299794e-05,6.888307022852727e-05,0.681741592920354,0.16649919005294486
item_FOLIC ACID,-4.536995123073165e-05,0.00012147917141527989,25,-6.615475487300681e-05,0.0001774625609646575,0.681741592920354,0.16649919005294486
item_D509,-4.540842302244034e-05,0.00012618940255602383,25,-6.615475487300681e-05,0.00018389910500233304,0.681741592920354,0.16649919005294486
item_J4530,-4.797265157415535e-05,0.00013258966558338345,25,-7.088009450679334e-05,0.00019590223215330366,0.681741592920354,0.16649919005294486
item_80050,-4.799439649990066e-05,0.00035217608024258254,25,-7.08800945067889e-05,0.0005171854907093555,0.681741592920354,0.16649919005294486
item_LORAZEPAM,-4.8057958590549865e-05,0.00018522278902221575,25,-7.08800945067889e-05,0.00027281761095788575,0.681741592920354,0.16649919005294486
item_I482,-4.8114829934814924e-05,0.00013298278028060076,25,-7.08800945067889e-05,0.00019590223215329138,0.681741592920354,0.16649919005294486
item_M4807,-4.815664709971567e-05,0.00013310049140132226,25,-7.08800945067889e-05,0.0001959022321532914,0.681741592920354,0.16649919005294486
item_86923,-4.822355456355688e-05,0.0001332854467681626,25,-7.08800945067889e-05,0.00019590223215329138,0.681741592920354,0.16649919005294486
item_J4520,-4.823191799654007e-05,0.0001333065438858284,25,-7.088009450679334e-05,0.00019590223215330366,0.681741592920354,0.16649919005294486
item_73080,-4.834064262528204e-05,0.00013360967286174294,25,-7.088009450679334e-05,0.00019590223215330366,0.681741592920354,0.16649919005294486
item_ISOSORBIDE MONONITRATE ER,-4.8399186656137034e-05,0.00016601939761287367,25,-7.088009450678445e-05,0.00024353843033772274,0.681741592920354,0.16649919005294486
item_45385,-4.84042047159282e-05,0.00022239397452592462,25,-7.08800945067889e-05,0.0003253142674120458,0.681741592920354,0.16649919005294486
item_72125,-4.845773068700421e-05,0.00013393298024164845,25,-7.088009450679334e-05,0.00019590223215330366,0.681741592920354,0.16649919005294486
item_95811,-4.8524638150842375e-05,0.0001778010940297202,25,-7.08800945067889e-05,0.00025971462804237833,0.681741592920354,0.16649919005294486
item_93976,-4.8558091882763007e-05,0.00013421216306197257,25,-7.08800945067889e-05,0.00019590223215329138,0.681741592920354,0.16649919005294486
item_F250,-4.869190681044544e-05,0.000134577988751333,25,-7.08800945067889e-05,0.00019590223215329138,0.681741592920354,0.16649919005294486
item_R300,-4.887088427622069e-05,0.0001988824497205605,25,-7.08800945067889e-05,0.0002893667741031482,0.681741592920354,0.16649919005294486
item_87798,-5.1100575508732604e-05,0.000149445862006983,25,-7.560543414057986e-05,0.00022069157344678137,0.681741592920354,0.16649919005294486
item_LISINOPRIL/HYDROCHLOROTHI,-5.1175846405553945e-05,0.00013521695369219172,25,-7.560543414057986e-05,0.00020140518767544958,0.681741592920354,0.16649919005294486
item_M1712,-5.128457103430204e-05,0.00015797351492258195,25,-7.560543414058873e-05,0.00023099050011516866,0.681741592920354,0.16649919005294486
item_92134,-5.1286243720885944e-05,0.00015185397003643163,25,-7.560543414057096e-05,0.00022331083880696147,0.681741592920354,0.16649919005294486
item_73130,-5.146522118666729e-05,0.00013528352203362242,25,-7.560543414057986e-05,0.00019849707676515582,0.681741592920354,0.16649919005294486
item_N920,-5.1488638799011686e-05,0.00013296622304606503,25,-7.560543414057986e-05,0.00019554572188124606,0.681741592920354,0.16649919005294486
item_LIDOCAINE,-5.1697724623515505e-05,0.0002756211880103328,25,-7.560543414057986e-05,0.000404768852900462,0.681741592920354,0.16649919005294486
item_F4323,-5.1955318359301195e-05,0.0001801361598553243,25,-7.560543414057541e-05,0.00026389022922255296,0.681741592920354,0.16649919005294486
item_CIPROFLOXACIN HYDROCHLORI,-5.430209765352614e-05,0.0002647257018275342,25,-8.033077377435305e-05,0.00038840595919133826,0.681741592920354,0.16649919005294486
item_I517,-5.456303676251599e-05,0.00013831205874038848,25,-8.033077377436637e-05,0.00020381593691053718,0.681741592920354,0.16649919005294486
item_J4540,-5.470521512317861e-05,0.00015890949219157593,25,-8.033077377436637e-05,0.00023309546898127062,0.681741592920354,0.16649919005294486
item_84403,-5.473365079531414e-05,7.623139300764266e-05,25,-8.033077377437081e-05,0.00011165541940349555,0.681741592920354,0.16649919005294486
item_87400,-5.4860774976603364e-05,0.00013335060438140047,25,-8.033077377435749e-05,0.0001950693613152104,0.681741592920354,0.16649919005294486
item_93005,-5.493270050023877e-05,0.0001770970324863685,25,-8.033077377436637e-05,0.00025908697223227543,0.681741592920354,0.16649919005294486
item_99291,-5.779801263923321e-05,0.00024921731052225963,25,-8.505611340814401e-05,0.00036653124719731163,0.681741592920354,0.16649919005294486
item_J3490,-5.798368085138957e-05,0.0001462064727932966,25,-8.505611340813956e-05,0.00021438326582107057,0.681741592920354,0.16649919005294486
item_FENOFIBRATE,-5.803386144927956e-05,0.0001499922811618466,25,-8.505611340815288e-05,0.00021974099512981596,0.681741592920354,0.16649919005294486
item_M1711,-6.098615329126451e-05,0.0001669471769798221,25,-8.978145304192609e-05,0.0002442060521159655,0.681741592920354,0.16649919005294486
item_80177,-6.102462508298533e-05,0.00015242121835653156,25,-8.978145304194384e-05,0.00022434998280362496,0.681741592920354,0.16649919005294486
item_R0600,-6.111327747257799e-05,0.00023294875118576612,25,-8.978145304194829e-05,0.00034149911078204683,0.681741592920354,0.16649919005294486
item_E041,-6.112331359214507e-05,0.00014542843778340175,25,-8.978145304193497e-05,0.00021373131317364323,0.681741592920354,0.16649919005294486
item_84311,-6.119858448896647e-05,7.072977378124197e-05,25,-8.978145304193497e-05,0.00010388585121696042,0.681741592920354,0.16649919005294486
item_I493,-6.128389150536705e-05,0.0001441085050750554,25,-8.978145304193941e-05,0.0002109931612462151,0.681741592920354,0.16649919005294486
item_76000,-6.13123271774935e-05,0.0001531888341264766,25,-8.978145304193052e-05,0.00022434998280359392,0.681741592920354,0.16649919005294486
item_D508,-6.427130976587474e-05,0.0002048999289144272,25,-9.450679267572148e-05,0.00030118248751286123,0.681741592920354,0.16649919005294486
item_I120,-6.428970931843407e-05,0.0001893512664740424,25,-9.450679267572593e-05,0.00027913854850873063,0.681741592920354,0.16649919005294486
item_N186,-6.430643618439134e-05,0.00019000407147467532,25,-9.450679267572148e-05,0.0002791385485087126,0.681741592920354,0.16649919005294486
item_J40,-6.441181543993827e-05,0.00010398530547999784,25,-9.450679267571705e-05,0.00015250968089021476,0.681741592920354,0.16649919005294486
item_J7120,-6.444359648526285e-05,0.00015255176671374342,25,-9.450679267571705e-05,0.0002236230890253801,0.681741592920354,0.16649919005294486
item_G8510,-6.464933693657761e-05,0.00019100597555889536,25,-9.450679267572148e-05,0.00027913854850871264,0.681741592920354,0.16649919005294486
item_36591,-6.470788096744175e-05,0.0001513240643506083,25,-9.450679267572593e-05,0.00022100752432215208,0.681741592920354,0.16649919005294486
item_H0014,-6.724032847383213e-05,0.000152014912017482,25,-9.923213230951244e-05,0.0002227894492587627,0.681741592920354,0.16649919005294486
item_71250,-6.741094250662725e-05,0.00014955828958335994,25,-9.923213230951244e-05,0.0002201639810749315,0.681741592920354,0.16649919005294486
item_VITAMIN D3,-6.742265131279641e-05,0.0001893899351112315,25,-9.923213230950801e-05,0.00027847115114372126,0.681741592920354,0.16649919005294486
item_HYOSCYAMINE SULFATE,-6.742934205918659e-05,0.00016503329297671733,25,-9.923213230951689e-05,0.00024277318593108032,0.681741592920354,0.16649919005294486
item_R531,-6.743937817875974e-05,0.00021531952455080598,25,-9.923213230951244e-05,0.0003156618834232261,0.681741592920354,0.16649919005294486
item_J9811,-6.747450459727942e-05,0.00016208859646154924,25,-9.923213230951689e-05,0.0002379346539085943,0.681741592920354,0.16649919005294486
item_K760,-6.755312086729287e-05,0.00022002199933481928,25,-9.923213230951689e-05,0.00032294622648260134,0.681741592920354,0.16649919005294486
item_86140,-6.779900579690634e-05,0.00021680545925925216,25,-9.923213230951244e-05,0.0003174986374530359,0.681741592920354,0.16649919005294486
item_J9601,-6.781740534946265e-05,0.00016065109939387891,25,-9.923213230951244e-05,0.0002354781080957004,0.681741592920354,0.16649919005294486
item_AZITHROMYCIN,-6.79629290833173e-05,0.00021114732322264834,25,-9.923213230951244e-05,0.0003100863496374855,0.681741592920354,0.16649919005294486
item_64483,-7.060410121844666e-05,0.00014327699504300723,25,-0.00010395747194329452,0.00021110336922513834,0.681741592920354,0.16649919005294486
item_J111,-7.065929987612173e-05,0.00017101847849104013,25,-0.0001039574719433034,0.0002513403960974065,0.681741592920354,0.16649919005294486
item_51702,-7.067435405547994e-05,0.00017093820711190066,25,-0.00010395747194329452,0.0002513403960973886,0.681741592920354,0.16649919005294486
item_M5442,-7.078809674401003e-05,0.00015647882716037328,25,-0.00010395747194329452,0.00022957646540103745,0.681741592920354,0.16649919005294486
item_86706,-7.083158659550683e-05,0.00019661750598189755,25,-0.00010395747194329452,0.00028799707821581616,0.681741592920354,0.16649919005294486
item_80369,-7.083827734189399e-05,7.797373787583156e-05,25,-0.00010395747194329896,0.00011473756475159549,0.681741592920354,0.16649919005294486
item_F3181,-7.091522092530529e-05,9.703306962588265e-05,25,-0.00010395747194329008,0.00014192416846576286,0.681741592920354,0.16649919005294486
item_CARVEDILOL,-7.09838010757426e-05,0.0001865468855013198,25,-0.00010395747194329008,0.00027349880455498346,0.681741592920354,0.16649919005294486
item_I509,-7.10724534653413e-05,0.00018947960645610354,25,-0.0001039574719433034,0.0002777184120103442,0.681741592920354,0.16649919005294486
item_80047,-7.359653753874243e-05,0.00021346085451587297,25,-0.0001086828115770766,0.00031425877066711594,0.681741592920354,0.16649919005294486
item_S299XXA,-7.377384231793381e-05,0.00017033924501141647,25,-0.00010868281157709436,0.00025041327970995117,0.681741592920354,0.16649919005294486
item_80338,-7.396787396306725e-05,0.00014836564691559614,25,-0.00010868281157708548,0.00021814749335641198,0.681741592920354,0.16649919005294486
item_90688,-7.411172501032587e-05,0.00017160356141585046,25,-0.00010868281157708548,0.0002527246936754363,0.681741592920354,0.16649919005294486
item_J2704,-7.446633456867833e-05,0.00025030250590968187,25,-0.0001086828115770766,0.0003655781436150906,0.681741592920354,0.16649919005294486
item_GLIPIZIDE ER,-7.703725386677439e-05,0.00015788703643928277,25,-0.00011340815121085868,0.0002324959940007767,0.681741592920354,0.16649919005294486
item_DOXYCYCLINE MONOHYDRATE,-7.705230804614173e-05,0.00023451523882094563,25,-0.00011340815121086312,0.0003452247890419996,0.681741592920354,0.16649919005294486
item_AMPHETAMINE/DEXTROAMPHETA,-7.719281372020828e-05,0.00019649396530033392,25,-0.00011340815121086312,0.0002883199449968119,0.681741592920354,0.16649919005294486
item_S4992XA,-7.741528103748035e-05,0.00016712697946362818,25,-0.00011340815121086312,0.00024468180953582017,0.681741592920354,0.16649919005294486
item_R140,-7.748553387451359e-05,0.00019870932492597982,25,-0.00011340815121086312,0.0002903297277600479,0.681741592920354,0.16649919005294486
item_85379,-8.031070153520633e-05,0.00030894096233638875,25,-0.00011813349084464519,0.0004537002804411345,0.681741592920354,0.16649919005294486
item_93000,-8.049971512056387e-05,0.00024672215694431903,25,-0.00011813349084465408,0.00036251137309552896,0.681741592920354,0.16649919005294486
item_83970,-8.344364352957776e-05,0.00032317684055142127,25,-0.0001228588304784406,0.0004755759536490361,0.681741592920354,0.16649919005294486
item_96365,-8.35005148738367e-05,0.00028633709099642384,25,-0.0001228588304784317,0.0004197203851898705,0.681741592920354,0.16649919005294486
item_R000,-8.381497995389958e-05,0.00018807329099609633,25,-0.00012285883047844504,0.00027595403576212435,0.681741592920354,0.16649919005294486
item_85027,-8.385846980539032e-05,0.00019708452438736238,25,-0.00012285883047843615,0.0002883199449968313,0.681741592920354,0.16649919005294486
item_DICLOFENAC SODIUM,-8.637251775922438e-05,0.00037295106146954116,25,-0.00012758417011222268,0.000546614780921897,0.681741592920354,0.16649919005294486
item_84520,-8.640429880454293e-05,0.00028790614884556173,25,-0.0001275841701122138,0.00042308725398110806,0.681741592920354,0.16649919005294486
item_R42,-8.724900553553835e-05,0.0002760639036135553,25,-0.0001275841701122138,0.0004033873852088291,0.681741592920354,0.16649919005294486
item_70551,-8.744972792706502e-05,0.00030319408677233184,25,-0.00012758417011221823,0.0004432236755355137,0.681741592920354,0.16649919005294486
item_72131,-8.987177811812345e-05,0.0002136532107188918,25,-0.00013230950974601363,0.00031499803014704717,0.681741592920354,0.16649919005294486
item_G0438,-9.053918006993055e-05,0.00012556558586392547,25,-0.00013230950974600032,0.00018465641406093422,0.681741592920354,0.16649919005294486
item_87086,-9.204961606614936e-05,0.0003459081138687013,25,-0.00013703484937979126,0.0005100303164777971,0.681741592920354,0.16649919005294486
item_20553,-9.288094130437955e-05,0.0001593683322719137,25,-0.0001370348493797957,0.0002354781080956949,0.681741592920354,0.16649919005294486
item_J0690,-9.301642891865499e-05,0.00022406172568231172,25,-0.00013703484937979126,0.000330069849808165,0.681741592920354,0.16649919005294486
item_86708,-9.30833363824962e-05,0.00021716156963792237,25,-0.00013703484937979126,0.0003193248266621388,0.681741592920354,0.16649919005294486
item_A419,-9.337772922340365e-05,0.0001882496469351346,25,-0.00013703484937980015,0.00027637514700322126,0.681741592920354,0.16649919005294486
item_83001,-9.363866833237832e-05,0.0001707543151347325,25,-0.00013703484937979126,0.0002498553586015271,0.681741592920354,0.16649919005294486
item_81003,-9.600050180597666e-05,0.0005400177017340713,25,-0.00014176018901358224,0.0007924635478439777,0.681741592920354,0.16649919005294486
item_M5136,-9.625809554176234e-05,0.00017528487944311279,25,-0.0001417601890135778,0.0002574659742197692,0.681741592920354,0.16649919005294486
item_93018,-9.629656733347104e-05,0.00017647992118965876,25,-0.0001417601890135778,0.00025971462804238375,0.681741592920354,0.16649919005294486
item_ONDANSETRON ODT,-9.632165763241154e-05,0.00028911157005335987,25,-0.0001417601890135778,0.0004245689831236004,0.681741592920354,0.16649919005294486
item_90960,-9.644041838073269e-05,0.00021903817512304458,25,-0.00014176018901358224,0.00032171952428368037,0.681741592920354,0.16649919005294486
item_99212,-9.913511648694404e-05,0.0004955780146466146,25,-0.00014648552864737763,0.0007244450643043108,0.681741592920354,0.16649919005294486
item_R197,-9.959343261425954e-05,0.0002028289636050455,25,-0.00014648552864738207,0.0002978432462665999,0.681741592920354,0.16649919005294486
item_LANTUS SOLOSTAR,-9.975568321406537e-05,0.00021059823818793093,25,-0.00014648552864736874,0.0003093353522897157,0.681741592920354,0.16649919005294486
item_SUMATRIPTAN SUCCINATE,-9.990789769431015e-05,0.00022979120351316703,25,-0.00014648552864737763,0.00033635214024907504,0.681741592920354,0.16649919005294486
item_36416,-0.00010243699982750554,0.000259917153119959,25,-0.0001512108682811597,0.0003820664295049299,0.681741592920354,0.16649919005294486
item_PAROXETINE HYDROCHLORIDE,-0.00010329843342445823,9.47971834359134e-05,25,-0.00015121086828115527,0.00013860772519628452,0.681741592920354,0.16649919005294486
item_AZELASTINE HYDROCHLORIDE,-0.00010589611570809388,0.00023359296602529247,25,-0.0001559362079149418,0.00034394229932360206,0.681741592920354,0.16649919005294486
item_ONETOUCH ULTRA,-0.00010606672974088288,0.00027982230472528997,25,-0.0001559362079149329,0.0004102482068324957,0.681741592920354,0.16649919005294486
item_VENLAFAXINE HYDROCHLORIDE,-0.00010645144765797598,0.00022553582206121203,25,-0.0001559362079149418,0.0003301403098046545,0.681741592920354,0.16649919005294486
item_80325,-0.00010939872144017282,7.281452320241816e-05,25,-0.00016066154754871499,0.00010719163291054136,0.681741592920354,0.16649919005294486
item_NITROGLYCERIN,-0.00010956599009978196,0.000187295635820691,25,-0.00016066154754872385,0.00027468682853466753,0.681741592920354,0.16649919005294486
item_83615,-0.00010972991338619596,0.0002120463068737392,25,-0.0001606615475487283,0.00031046116707110846,0.681741592920354,0.16649919005294486
item_83880,-0.00011265209686946153,0.00033299801825231924,25,-0.00016538688718251482,0.00048826921707568886,0.681741592920354,0.16649919005294486
item_FENTANYL,-0.00011270395015393845,0.00011905764881810498,25,-0.00016538688718251482,0.00017388779024073787,0.681741592920354,0.16649919005294486
item_78582,-0.00011279762060331616,0.00018461148700524564,25,-0.00016538688718251482,0.0002706778319524986,0.681741592920354,0.16649919005294486
item_83789,-0.00011283441970841975,5.7015763882307576e-05,25,-0.0001653868871825015,8.353299246148963e-05,0.681741592920354,0.16649919005294486
item_81002,-0.00011484833437005889,0.0003622286614929037,25,-0.00017011222681631466,0.0005360449523703851,0.681741592920354,0.16649919005294486
item_BUPRENORPHINE HCL,-0.00011598074319555944,0.00014157201028931328,25,-0.0001701122268162969,0.00020765972629943613,0.681741592920354,0.16649919005294486
item_J1815,-0.00011897150682925615,0.00017992785332668874,25,-0.00017483756645007454,0.00026441853851857835,0.681741592920354,0.16649919005294486
item_G629,-0.00011921237369909666,0.00018785489441774646,25,-0.0001748375664500923,0.00027519441165040965,0.681741592920354,0.16649919005294486
item_83986,-0.00011931273489484941,4.7295963753196796e-05,25,-0.00017483756645007896,6.921990876647768e-05,0.681741592920354,0.16649919005294486
item_83540,-0.00012583621261937186,0.0002532960467362387,25,-0.00018428824571765646,0.0003705702809535223,0.681741592920354,0.16649919005294486
item_J9690,-0.00012590312008321913,0.0001950236626656167,25,-0.00018428824571766533,0.000285482480179442,0.681741592920354,0.16649919005294486
item_GLIPIZIDE,-0.0001285208746060071,0.00019121591894805256,25,-0.00018901358535145185,0.0002812139566270143,0.681741592920354,0.16649919005294486
item_R05,-0.00012865134416049147,0.00034156664571487286,25,-0.00018901358535144296,0.00050235679551774,0.681741592920354,0.16649919005294486
item_R51,-0.0001321823855647121,0.00020281769170887485,25,-0.0001937389249852295,0.000297061298878391,0.681741592920354,0.16649919005294486
item_D123,-0.00013518151263138591,0.00020599338237272264,25,-0.00019846426461900268,0.0003025693673919632,0.681741592920354,0.16649919005294486
item_K5790,-0.000138239183728942,0.00024047310664993994,25,-0.00020318960425280697,0.0003536120389154386,0.681741592920354,0.16649919005294486
item_Z01818,-0.00014109613243495927,0.0003165682798116244,25,-0.00020791494388658905,0.0004641909676169728,0.681741592920354,0.16649919005294486
item_Z124,-0.00014179698811869607,0.00023787579125526644,25,-0.00020791494388658905,0.0003482434252329217,0.681741592920354,0.16649919005294486
item_E1165,-0.00014434616249104073,0.0003410628511405279,25,-0.00021264028352036669,0.0005000364283992948,0.681741592920354,0.16649919005294486
item_R21,-0.00014723489224239178,0.000234644789202932,25,-0.00021736562315416208,0.00034724012892378226,0.681741592920354,0.16649919005294486
item_81001,-0.00015069902618277417,0.0005222743043180604,25,-0.00022209096278795305,0.0007665944280169038,0.681741592920354,0.16649919005294486
item_97161,-0.00015410127071910048,0.000515830224832222,25,-0.00022681630242173955,0.0007563619181409444,0.681741592920354,0.16649919005294486
item_72148,-0.00015447093445682017,0.00018849552577404426,25,-0.0002268163024217351,0.0002768796350659073,0.681741592920354,0.16649919005294486
item_93971,-0.0001606582021755405,0.00021866868274924683,25,-0.00023626698168931258,0.00032171952428368443,0.681741592920354,0.16649919005294486
item_ONETOUCH ULTRA MINI,-0.0001608706333732303,0.00023254981217228578,25,-0.00023626698168930372,0.0003410220136973497,0.681741592920354,0.16649919005294486
item_J2405,-0.00016355194998667044,0.00035544615282997484,25,-0.00024099232132309466,0.0005221981359787587,0.681741592920354,0.16649919005294486
item_88342,-0.00017345258194857878,0.0003187029393551788,25,-0.0002551683402244587,0.0004684306980624433,0.681741592920354,0.16649919005294486
item_FLUCONAZOLE,-0.00017377708314820567,0.0002920174565172985,25,-0.00025516834022445425,0.00042822372026913127,0.681741592920354,0.16649919005294486
item_86580,-0.00017429394330638513,0.00024130585041751265,25,-0.0002551683402244631,0.00035387504530279734,0.681741592920354,0.16649919005294486
item_E119,-0.00017638480155140836,0.00037998536261609985,25,-0.0002598936798582274,0.0005582770970174458,0.681741592920354,0.16649919005294486
item_J3010,-0.0001764818173739872,0.00029051112769573053,25,-0.00025989367985824075,0.00042729935842115703,0.681741592920354,0.16649919005294486
item_J7050,-0.00019003894223481235,0.00040685079622019177,25,-0.00027879503839338236,0.0005974020482303584,0.681741592920354,0.16649919005294486
item_J1100,-0.00020473516666753147,0.00047966320737403127,25,-0.0003024217365623061,0.0007047531595168116,0.681741592920354,0.16649919005294486
item_99219,-0.00020924305704383698,0.00020603386363643542,25,-0.00030714707619609703,0.00030310699583265476,0.681741592920354,0.16649919005294486
item_99285,-0.00021160656320402832,0.0006157841703626026,25,-0.0003118724158298836,0.0009041136112135373,0.681741592920354,0.16649919005294486
item_84484,-0.00021576988014155752,0.000309386295049284,25,-0.0003165977554636834,0.00045334127942826374,0.681741592920354,0.16649919005294486
item_96374,-0.00022300592235597995,0.0006475013587921189,25,-0.00032604843473124753,0.0009525935842126274,0.681741592920354,0.16649919005294486
item_71045,-0.00022526572194722942,0.0004964620082546455,25,-0.0003307737743650518,0.0007290217988412454,0.681741592920354,0.16649919005294486
item_DICYCLOMINE HYDROCHLORIDE,-0.0002291998808210783,0.0003324789141433596,25,-0.00033549911399881615,0.00048669468967846736,0.681741592920354,0.16649919005294486
item_74176,-0.00024093377729223015,0.00035941602729730346,25,-0.0003544004725339578,0.0005294085315908274,0.681741592920354,0.16649919005294486
item_MONTELUKAST SODIUM,-0.00027327851799968347,0.0004684085653617005,25,-0.0004016538688718363,0.000687986029126059,0.681741592920354,0.16649919005294486
item_IPRATROPIUM BROMIDE/ALBUT,-0.0002926264838559637,0.00035983415999949603,25,-0.00043000590667454654,0.000530374205861122,0.681741592920354,0.16649919005294486
item_83550,-0.00031260505255894735,0.00036779581992302013,25,-0.00045835794447725677,0.0005384693321550192,0.681741592920354,0.16649919005294486
item_82550,-0.000315920317392274,0.000473048892490047,25,-0.0004630832841110344,0.0006946476952870888,0.681741592920354,0.16649919005294486
item_92015,-0.0003287966588085147,0.0005274224350002973,25,-0.00048198464264617605,0.000773090210942802,0.681741592920354,0.16649919005294486
item_36415,-0.00034651710060686937,0.0006824648194525657,25,-0.000510336680448904,0.0010022334711132412,0.681741592920354,0.16649919005294486
item_88305,-0.0003962276735543125,0.0006591192892373878,25,-0.0005812167749557151,0.0009669161878630159,0.681741592920354,0.16649919005294486
item_82962,-0.00039626447265941303,0.0004562808074739777,25,-0.0005812167749556973,0.0006690639852957518,0.681741592920354,0.16649919005294486
item_83036,-0.00040247013993068974,0.000761987867483154,25,-0.0005906674542232748,0.0011181154451270477,0.681741592920354,0.16649919005294486
item_G4733,-0.00040675389030312716,0.0005003704515843473,25,-0.0005953927938570657,0.0007325864076033164,0.681741592920354,0.16649919005294486
item_99223,-0.0004370479172438379,0.0004673434052615928,25,-0.000642646190194931,0.0006872080128646962,0.681741592920354,0.16649919005294486
item_85025,-0.00045620686951476365,0.00048144127089090014,25,-0.0006709982279976367,0.0007061049996110205,0.681741592920354,0.16649919005294486
item_92012,-0.00047682440449743407,0.0004796727959755447,25,-0.0006993502658003514,0.0007046211338207441,0.681741592920354,0.16649919005294486
item_CYCLOBENZAPRINE HYDROCHLO,-0.00048229576235305334,0.0004900290978781479,25,-0.0007088009450679289,0.0007177683061058516,0.681741592920354,0.16649919005294486
item_71275,-0.0004838814692460903,0.00048066976421232187,25,-0.0007088009450679289,0.0007022073045925334,0.681741592920354,0.16649919005294486
item_80048,-0.0005798920071716402,0.0006220547874982482,25,-0.0008505611340815066,0.0009118752649663009,0.681741592920354,0.16649919005294486
