feature,scaled_importance_mean,scaled_importance_std,scaled_importance_count,importance_mean,importance_std,recall_mean,logloss_mean
item_HYDROCODONE BITARTRATE/AC,0.8792758089647553,0.8863144980448031,25,7.20890461873052,0.1828478161757899,0.11967364397037988,0.5502413332536013
item_PREDNISONE,0.8713539508802431,0.8482036882076568,25,7.378851237656715,0.20796308373334618,0.11967364397037988,0.5502413332536013
item_FUROSEMIDE,0.6223756644676836,0.607161872307841,25,5.263249948072021,0.18501255667146915,0.11967364397037988,0.5502413332536013
item_ONDANSETRON ODT,0.5406910109603317,0.567552124320256,25,4.256011026233502,0.29763320226739964,0.11967364397037988,0.5502413332536013
item_OXYCODONE/ACETAMINOPHEN,0.527459399687272,0.5341664694827216,25,4.304979667730464,0.16095281864563227,0.11967364397037988,0.5502413332536013
item_GABAPENTIN,0.4905185084934822,0.4554443012917198,25,4.3285210195554376,0.32221834084095335,0.11967364397037988,0.5502413332536013
item_CEPHALEXIN,0.4884021982007137,0.4972093476774641,25,3.9669656434465503,0.16423697741804386,0.11967364397037988,0.5502413332536013
item_OXYCODONE HYDROCHLORIDE,0.3426735484232978,0.3525383427486292,25,2.756548187349041,0.15743578873800645,0.11967364397037988,0.5502413332536013
item_TRAMADOL HCL,0.3405961419511789,0.33565540916444675,25,2.852662651030493,0.07790640735989607,0.11967364397037988,0.5502413332536013
item_ELIQUIS,0.27726096469648814,0.2729630323065468,25,2.325416707165436,0.09939022954207392,0.11967364397037988,0.5502413332536013
item_ONDANSETRON HYDROCHLORIDE,0.2383433329646035,0.2424315250636835,25,1.9398630301364046,0.11781215328366479,0.11967364397037988,0.5502413332536013
item_CLOPIDOGREL,0.20442557141658504,0.19579014745772888,25,1.7577159682437804,0.09677775424032854,0.11967364397037988,0.5502413332536013
item_PANTOPRAZOLE SODIUM,0.20240885501878433,0.18877063492229162,25,1.7853588528298017,0.13972126131396542,0.11967364397037988,0.5502413332536013
item_SULFAMETHOXAZOLE/TRIMETHO,0.18175666095382909,0.17911868625974395,25,1.5224461267078961,0.07179061109684656,0.11967364397037988,0.5502413332536013
item_DOXYCYCLINE HYCLATE,0.16544027569400538,0.16534285655262332,25,1.3684766010259872,0.06987736371800243,0.11967364397037988,0.5502413332536013
item_CIPROFLOXACIN HYDROCHLORI,0.1574090458049802,0.15399370761630723,25,1.328370197728494,0.04236449718452116,0.11967364397037988,0.5502413332536013
item_CARVEDILOL,0.15012708248769388,0.1412370328571659,25,1.3186345968576973,0.11103338856458873,0.11967364397037988,0.5502413332536013
item_OMEPRAZOLE,0.14140548981479698,0.129676651486559,25,1.2621116836787047,0.11063592473284842,0.11967364397037988,0.5502413332536013
item_WARFARIN SODIUM,0.11531545507369798,0.11567185004396825,25,0.9509725060632097,0.04384532159062656,0.11967364397037988,0.5502413332536013
item_AMOXICILLIN/CLAVULANATE P,0.11509188444655231,0.11122559376635006,25,0.984403869483468,0.0672619228995986,0.11967364397037988,0.5502413332536013
item_CYCLOBENZAPRINE HYDROCHLO,0.10729325010754506,0.10508073992798707,25,0.9058845272883975,0.07258437496842912,0.11967364397037988,0.5502413332536013
item_NITROFURANTOIN MONOHYDRAT,0.10581296537996064,0.1055344441721922,25,0.8792496812755841,0.050704132470100395,0.11967364397037988,0.5502413332536013
item_QUETIAPINE FUMARATE,0.10159791493281736,0.10019416989111868,25,0.8525901613476695,0.0594895168282968,0.11967364397037988,0.5502413332536013
item_METOPROLOL TARTRATE,0.09797015295570938,0.09259087701707114,25,0.8574634146536301,0.08616322201130878,0.11967364397037988,0.5502413332536013
item_OMEPRAZOLE DR,0.09432234241756009,0.0965069664781885,25,0.797155216006014,0.1900089378972229,0.11967364397037988,0.5502413332536013
item_XARELTO,0.09403632834306222,0.08934348602726372,25,0.8156652830761965,0.05404616189448933,0.11967364397037988,0.5502413332536013
item_LEVOFLOXACIN,0.09037078209552138,0.0910238786193003,25,0.7422060469987354,0.04815284386172742,0.11967364397037988,0.5502413332536013
item_ISOSORBIDE MONONITRATE ER,0.07936810281819184,0.07701724139740464,25,0.6792391559010987,0.06907966623626438,0.11967364397037988,0.5502413332536013
item_METHYLPREDNISOLONE DOSE P,0.07850235814603315,0.0761064650133557,25,0.6683664552230306,0.04865330418906371,0.11967364397037988,0.5502413332536013
item_LEVETIRACETAM,0.07813037094311566,0.0773185455086251,25,0.6545866374936063,0.058099596462971456,0.11967364397037988,0.5502413332536013
item_LORAZEPAM,0.06633010748843395,0.06350771029648439,25,0.572414946668495,0.05329538333694626,0.11967364397037988,0.5502413332536013
item_AZITHROMYCIN,0.06544834331811651,0.06166181797319367,25,0.5752074195012526,0.05429901903488529,0.11967364397037988,0.5502413332536013
item_VENTOLIN HFA,0.0643788380234487,0.06227044481553962,25,0.5528500999271189,0.06267504978641673,0.11967364397037988,0.5502413332536013
item_BENZONATATE,0.06288722233254859,0.06038240065471258,25,0.5437189012474929,0.06589728767615688,0.11967364397037988,0.5502413332536013
item_FAMOTIDINE,0.060393980156349975,0.061710831339374966,25,0.4894828608657899,0.04108769036767985,0.11967364397037988,0.5502413332536013
item_ATORVASTATIN CALCIUM,0.05877214555700853,0.05866732025168329,25,0.4877917041043511,0.03959970722205863,0.11967364397037988,0.5502413332536013
item_HYDRALAZINE HYDROCHLORIDE,0.05801429105677455,0.05804827470382495,25,0.4832362763040411,0.039541532192147955,0.11967364397037988,0.5502413332536013
item_TRAZODONE HYDROCHLORIDE,0.05776717024829904,0.054496053512003685,25,0.5103297008154386,0.07534370752796801,0.11967364397037988,0.5502413332536013
item_SIMVASTATIN,0.05625122014876137,0.053458852604255355,25,0.48732411224798083,0.03718742842122823,0.11967364397037988,0.5502413332536013
item_NAPROXEN,0.055650408106979216,0.053969408413159614,25,0.47379980424161283,0.03547580416048218,0.11967364397037988,0.5502413332536013
item_IBUPROFEN,0.05550463849160864,0.055208066383431,25,0.4615973578916516,0.032218826778009975,0.11967364397037988,0.5502413332536013
item_MECLIZINE HCL,0.05307894727467527,0.05352554159639218,25,0.437045617784676,0.030065204242111773,0.11967364397037988,0.5502413332536013
item_METOPROLOL SUCCINATE ER,0.05118682024879475,0.048081269215796175,25,0.4491642888811425,0.03639812248013569,0.11967364397037988,0.5502413332536013
item_PROAIR HFA,0.04983653866167877,0.04546943592124361,25,0.4487523285844771,0.050009941482817746,0.11967364397037988,0.5502413332536013
item_METHOCARBAMOL,0.0484169229289186,0.0501191732797742,25,0.38861541529433763,0.04029110907439458,0.11967364397037988,0.5502413332536013
item_LIDOCAINE,0.048307221548198144,0.05107385741105995,25,0.38083093337013146,0.04827882727723762,0.11967364397037988,0.5502413332536013
item_DEXAMETHASONE,0.045761724570724784,0.04872924292002839,25,0.3619675255752496,0.04859350765802878,0.11967364397037988,0.5502413332536013
item_DIAZEPAM,0.04412715485982306,0.04275358953991086,25,0.37567379338011314,0.03276135944971579,0.11967364397037988,0.5502413332536013
item_TAMSULOSIN HYDROCHLORIDE,0.043016975057404636,0.041191543699407654,25,0.3716527649061835,0.047647600023332466,0.11967364397037988,0.5502413332536013
item_DONEPEZIL HCL,0.040142271400238495,0.03939498342271646,25,0.33857473537807836,0.03102506211705018,0.11967364397037988,0.5502413332536013
item_HYDROMORPHONE HCL,0.039612176269907415,0.04091777186963366,25,0.3198559899847804,0.028208934798144496,0.11967364397037988,0.5502413332536013
item_BUMETANIDE,0.03896735213552101,0.038936309733797164,25,0.32328147005061675,0.037301738430013866,0.11967364397037988,0.5502413332536013
item_AMIODARONE HYDROCHLORIDE,0.038960306913083664,0.039616294098558706,25,0.3233374152499925,0.0459157596954741,0.11967364397037988,0.5502413332536013
item_MIRTAZAPINE,0.03753681673164245,0.03779291323459823,25,0.3115836368548722,0.030202228827087837,0.11967364397037988,0.5502413332536013
item_CLONAZEPAM,0.03741047644873783,0.03541579709682361,25,0.3281632460532045,0.04910788407381136,0.11967364397037988,0.5502413332536013
item_SUCRALFATE,0.035564919566891826,0.03700266316615223,25,0.2880424945995268,0.03337200491636588,0.11967364397037988,0.5502413332536013
item_MECLIZINE HYDROCHLORIDE,0.03448998913975074,0.0357564015161606,25,0.2760594493055024,0.024172389939332163,0.11967364397037988,0.5502413332536013
item_MIDODRINE HCL,0.03386853797487978,0.034411727209874836,25,0.2786891614174553,0.03431790602224466,0.11967364397037988,0.5502413332536013
item_METRONIDAZOLE,0.03360386378663859,0.03383541110247494,25,0.279980011754868,0.0378553695662832,0.11967364397037988,0.5502413332536013
item_CARBIDOPA/LEVODOPA,0.031986444993900076,0.03273216186125668,25,0.2623749981428683,0.030842187889152713,0.11967364397037988,0.5502413332536013
item_LISINOPRIL/HYDROCHLOROTHI,0.03194111364767737,0.02984232889786373,25,0.2818913822934107,0.036513852606733795,0.11967364397037988,0.5502413332536013
item_LANTUS SOLOSTAR,0.03183923616579394,0.032119357805316995,25,0.2647020656454695,0.03369150429113876,0.11967364397037988,0.5502413332536013
item_AMLODIPINE BESYLATE,0.03168997590140786,0.03141148314488875,25,0.2671341376398551,0.05935688629418411,0.11967364397037988,0.5502413332536013
item_ALPRAZOLAM,0.03108725780708665,0.030728976891827905,25,0.2602764458667935,0.03833126588708561,0.11967364397037988,0.5502413332536013
item_NITROGLYCERIN,0.03035042148071494,0.030396985716259886,25,0.25100835165441204,0.02919417099628623,0.11967364397037988,0.5502413332536013
item_DICYCLOMINE HYDROCHLORIDE,0.030339025675594867,0.03013215495851324,25,0.2547010807054703,0.023344527120037584,0.11967364397037988,0.5502413332536013
item_LYRICA,0.03026442555299678,0.028656586447098217,25,0.2658544730035817,0.052409769873950976,0.11967364397037988,0.5502413332536013
item_LACTULOSE,0.030150387436971498,0.030621350813139228,25,0.24733646159945397,0.030678263995539634,0.11967364397037988,0.5502413332536013
item_TRELEGY ELLIPTA,0.028778924569898306,0.03609982614968167,25,0.21846179132823643,0.11892110396227232,0.11967364397037988,0.5502413332536013
item_HYDROCODONE/ACETAMINOPHEN,0.028004869118332144,0.027841413249988328,25,0.2345184278549972,0.03319125370549331,0.11967364397037988,0.5502413332536013
item_SILDENAFIL CITRATE,0.027929240069825636,0.02730548945197019,25,0.2396995498547506,0.03635361072540806,0.11967364397037988,0.5502413332536013
item_SPIRONOLACTONE,0.027601830906335962,0.026672813879897603,25,0.23920867419376027,0.04201253117359721,0.11967364397037988,0.5502413332536013
item_OLANZAPINE,0.027422624221765918,0.0272671711979952,25,0.2294261790421636,0.029839773617003865,0.11967364397037988,0.5502413332536013
item_DULOXETINE HYDROCHLORIDE,0.027290091191373437,0.026678022188127076,25,0.23894881275215363,0.04006493580061659,0.11967364397037988,0.5502413332536013
item_CLINDAMYCIN HCL,0.02605842193034885,0.025889994056053103,25,0.21803960408424877,0.020844671951091968,0.11967364397037988,0.5502413332536013
item_POTASSIUM CHLORIDE ER,0.02454749647772143,0.026044723361977478,25,0.194816554913953,0.037599719804459926,0.11967364397037988,0.5502413332536013
item_BRILINTA,0.024543249483202762,0.02442273953765651,25,0.20757284443829702,0.026438059161675798,0.11967364397037988,0.5502413332536013
item_HUMALOG KWIKPEN,0.024509604402524962,0.023945162431549843,25,0.2093858289298744,0.026563785171726455,0.11967364397037988,0.5502413332536013
item_FLUCONAZOLE,0.02434405568679779,0.024859545681180796,25,0.19949355778470185,0.031119376503057804,0.11967364397037988,0.5502413332536013
item_SHINGRIX,0.02421266058151222,0.02259853770799217,25,0.21864242262971825,0.03836436544650617,0.11967364397037988,0.5502413332536013
item_CALCIUM ACETATE,0.023359245392649264,0.025294822241358223,25,0.17955187746011234,0.029349858167591992,0.11967364397037988,0.5502413332536013
item_PROCHLORPERAZINE MALEATE,0.02327486541272532,0.026476795948682533,25,0.1697099547185702,0.0375550267942517,0.11967364397037988,0.5502413332536013
item_ESCITALOPRAM OXALATE,0.02311151031512664,0.022356405733540842,25,0.2020066561981762,0.03676017839695465,0.11967364397037988,0.5502413332536013
item_ACETAMINOPHEN/CODEINE,0.023060387946953854,0.022083659665378157,25,0.19873533601089477,0.02051742944805223,0.11967364397037988,0.5502413332536013
item_LIDOCAINE VISCOUS,0.022650441844564984,0.022761561181612468,25,0.18702366724453032,0.018901138445674318,0.11967364397037988,0.5502413332536013
item_MEGESTROL ACETATE,0.022419636681213807,0.02309819235228552,25,0.1809892626487214,0.024604117129099302,0.11967364397037988,0.5502413332536013
item_AMOXICILLIN,0.022338637570921215,0.02342548197368565,25,0.177821219224162,0.02966093975773325,0.11967364397037988,0.5502413332536013
item_CLONIDINE HYDROCHLORIDE,0.02229233498170724,0.021789297452363996,25,0.19043990071125577,0.024242639421056946,0.11967364397037988,0.5502413332536013
item_DIPHENOXYLATE/ATROPINE,0.021061702378598248,0.020993917392303493,25,0.17512108481268193,0.017832838839588784,0.11967364397037988,0.5502413332536013
item_HYDROXYZINE HYDROCHLORIDE,0.02098210513656209,0.021754237127202068,25,0.16926991808230663,0.020067006046344343,0.11967364397037988,0.5502413332536013
item_DIVALPROEX SODIUM DR,0.020823001203404655,0.020217464594569846,25,0.18035107873262518,0.028611689871871675,0.11967364397037988,0.5502413332536013
item_LOSARTAN POTASSIUM/HYDROC,0.02058313145421255,0.01916310418658264,25,0.18278842256312752,0.024888165200078666,0.11967364397037988,0.5502413332536013
item_NYSTATIN,0.02035150153535545,0.020882732597308086,25,0.16635613365383362,0.02027574757300267,0.11967364397037988,0.5502413332536013
item_PHENAZOPYRIDINE HCL,0.01960541937508053,0.020380909420074235,25,0.1581996760153073,0.029327339300918562,0.11967364397037988,0.5502413332536013
item_SYMBICORT,0.019494513538015693,0.018323388924766818,25,0.17269123468521524,0.039169139853545254,0.11967364397037988,0.5502413332536013
item_SODIUM CHLORIDE,0.019448650991169773,0.02260122958936421,25,0.14264227460454204,0.04643759516870016,0.11967364397037988,0.5502413332536013
item_CEFDINIR,0.01924239027992495,0.01988473296940797,25,0.1558637014580622,0.02160745384962378,0.11967364397037988,0.5502413332536013
item_LAMOTRIGINE,0.01875083906517374,0.01950460297188018,25,0.15301665103518994,0.02265127737894705,0.11967364397037988,0.5502413332536013
item_CEFUROXIME AXETIL,0.018659026110380336,0.018456377049014556,25,0.1571715585997879,0.02164627408849344,0.11967364397037988,0.5502413332536013
item_RENVELA,0.018621361739253817,0.01965213178606012,25,0.14742836866845438,0.01648585841281376,0.11967364397037988,0.5502413332536013
item_ERYTHROMYCIN,0.01847757171910918,0.01917781104160549,25,0.15027428792569228,0.018132830441734065,0.11967364397037988,0.5502413332536013
item_RISPERIDONE,0.018001626995815763,0.01890440026624734,25,0.15009116413484697,0.0285550301085037,0.11967364397037988,0.5502413332536013
item_MEMANTINE HYDROCHLORIDE,0.01782527017491621,0.01866437837649509,25,0.14376513582273864,0.02445339545646892,0.11967364397037988,0.5502413332536013
item_KETOROLAC TROMETHAMINE,0.017500181769494937,0.018887236622934542,25,0.13679540147609232,0.024037411110524876,0.11967364397037988,0.5502413332536013
item_LEVEMIR FLEXTOUCH,0.017090107740461827,0.01712702871282394,25,0.14495851692792955,0.02283280075825529,0.11967364397037988,0.5502413332536013
item_RANITIDINE HYDROCHLORIDE,0.017069996576289728,0.017210155707368578,25,0.14626656064407656,0.030145502206259653,0.11967364397037988,0.5502413332536013
item_DICLOFENAC SODIUM,0.016680539073984903,0.015288554503892583,25,0.15079747621697864,0.03261181995922788,0.11967364397037988,0.5502413332536013
item_LEVOTHYROXINE SODIUM,0.01657491383499461,0.016575897168181676,25,0.1383766611374282,0.02852863754230567,0.11967364397037988,0.5502413332536013
item_BACLOFEN,0.016476177487960996,0.016970555874096082,25,0.1359900387107628,0.03145693577156517,0.11967364397037988,0.5502413332536013
item_CLINDAMYCIN HYDROCHLORIDE,0.015925706542435233,0.017407315885202185,25,0.1289270102084955,0.03933462365035376,0.11967364397037988,0.5502413332536013
item_POLYETHYLENE GLYCOL 3350,0.01537030422683774,0.01449641582733125,25,0.1340719058608867,0.01055725465007898,0.11967364397037988,0.5502413332536013
item_ENOXAPARIN SODIUM,0.014990390844148438,0.01677478038867491,25,0.11193633331212231,0.02136616564696668,0.11967364397037988,0.5502413332536013
item_ESOMEPRAZOLE MAGNESIUM,0.014960277915402437,0.015131628189539023,25,0.12718751485709603,0.03054595275490198,0.11967364397037988,0.5502413332536013
item_SEVELAMER CARBONATE,0.014681170311635863,0.016572509242192418,25,0.11313616665029226,0.03629245242005355,0.11967364397037988,0.5502413332536013
item_MONTELUKAST SODIUM,0.014549332008003351,0.015600966745011968,25,0.11533992156696687,0.03169187559206249,0.11967364397037988,0.5502413332536013
item_MORPHINE SULFATE,0.014312996536990228,0.016308664313740964,25,0.10412424472960206,0.023807473364972565,0.11967364397037988,0.5502413332536013
item_METOLAZONE,0.013958065601114757,0.014599335066892528,25,0.1139581551705359,0.022758674325828013,0.11967364397037988,0.5502413332536013
item_DIVALPROEX SODIUM ER,0.013888386541969205,0.015175604604313631,25,0.1099818071141975,0.022742623795121503,0.11967364397037988,0.5502413332536013
item_ALENDRONATE SODIUM,0.013803794279519761,0.013995382245793216,25,0.11692398658581478,0.03268680087168894,0.11967364397037988,0.5502413332536013
item_BUTALBITAL/ACETAMINOPHEN/,0.013688586460187512,0.013847172098119682,25,0.11255909006038062,0.01588427564811111,0.11967364397037988,0.5502413332536013
item_CHLORHEXIDINE GLUCONATE,0.013368708997096124,0.012556923328773652,25,0.11770434253660535,0.02225908776817571,0.11967364397037988,0.5502413332536013
item_DILTIAZEM HYDROCHLORIDE E,0.01328823672067994,0.012939041359548152,25,0.11552415156701537,0.019825653493049114,0.11967364397037988,0.5502413332536013
item_HYDROCHLOROTHIAZIDE,0.013051551150793386,0.014740135562852912,25,0.0962982223407607,0.025514511739827595,0.11967364397037988,0.5502413332536013
item_SERTRALINE HCL,0.012758971574823863,0.013370311277693007,25,0.10318269025548048,0.01338957350753679,0.11967364397037988,0.5502413332536013
item_TORSEMIDE,0.01253283585426322,0.012986050105334436,25,0.1006027642211225,0.016117449382152337,0.11967364397037988,0.5502413332536013
item_PROMETHAZINE HYDROCHLORID,0.012491610418956984,0.013259565344046102,25,0.10402840172879832,0.023724366984559507,0.11967364397037988,0.5502413332536013
item_KLOR-CON M20,0.012479531950048962,0.011586100368127844,25,0.111147633134019,0.01476287682200707,0.11967364397037988,0.5502413332536013
item_MYRBETRIQ,0.012469374570025761,0.012683030765859167,25,0.10271704661589426,0.01824877438402753,0.11967364397037988,0.5502413332536013
item_CALCITRIOL,0.011734767042840053,0.012307649171570012,25,0.09958839960718531,0.023629782758712355,0.11967364397037988,0.5502413332536013
item_SOTALOL HCL,0.011651007696374234,0.011801955269874185,25,0.09607125149245847,0.012480944560084683,0.11967364397037988,0.5502413332536013
item_SENSIPAR,0.011520677396060058,0.011833451540365436,25,0.09376468335362759,0.011982123232277113,0.11967364397037988,0.5502413332536013
item_PRAVASTATIN SODIUM,0.01131387434077649,0.011977868330309515,25,0.09038040293142688,0.015629394432252215,0.11967364397037988,0.5502413332536013
item_XIFAXAN,0.011253620940959379,0.011805789130614086,25,0.0910339371567241,0.01838318792287149,0.11967364397037988,0.5502413332536013
item_BREO ELLIPTA,0.01119344554379069,0.012082171434142756,25,0.09324536595321935,0.02117840014568839,0.11967364397037988,0.5502413332536013
item_MUPIROCIN,0.010962854117027871,0.010981450452347217,25,0.09266851580549781,0.019327034491601683,0.11967364397037988,0.5502413332536013
item_LISINOPRIL,0.01092321928826282,0.012427611826229194,25,0.08358230439675918,0.025000138115561902,0.11967364397037988,0.5502413332536013
item_BASAGLAR KWIKPEN,0.010647248929010401,0.011272591415348615,25,0.09538055784571595,0.036805229827311936,0.11967364397037988,0.5502413332536013
item_BUPROPION HYDROCHLORIDE E,0.01050248001842712,0.011001620215749406,25,0.09178572039261403,0.02290044590596622,0.11967364397037988,0.5502413332536013
item_MAGNESIUM OXIDE,0.010348578335325969,0.011568356910961515,25,0.08965161594971312,0.0284281519200271,0.11967364397037988,0.5502413332536013
item_ALBUTEROL SULFATE,0.010285161159056231,0.011363322617400032,25,0.0847838021432443,0.03223980841096682,0.11967364397037988,0.5502413332536013
item_DEXILANT,0.010020486683421764,0.011070465787989653,25,0.07812580079995522,0.015475654435064655,0.11967364397037988,0.5502413332536013
item_HUMALOG,0.010011470132401288,0.010181299447064229,25,0.08183918936906381,0.013769587980847292,0.11967364397037988,0.5502413332536013
item_CITALOPRAM,0.009951078694951434,0.00982665889428805,25,0.09123598165881389,0.0392081042205128,0.11967364397037988,0.5502413332536013
item_VIMPAT,0.00983166162325125,0.010042516532327076,25,0.08245526578730321,0.014856332643014556,0.11967364397037988,0.5502413332536013
item_SPIRIVA HANDIHALER,0.009828767709822064,0.009760286231385707,25,0.08256213253213408,0.01667219095465429,0.11967364397037988,0.5502413332536013
item_IPRATROPIUM BROMIDE/ALBUT,0.009625257682326641,0.0108347036316373,25,0.08390966988289784,0.033312667170554595,0.11967364397037988,0.5502413332536013
item_PREVNAR 13,0.009477735861964005,0.011422866809941718,25,0.06728951050757621,0.036448052027732054,0.11967364397037988,0.5502413332536013
item_INCRUSE ELLIPTA,0.009443773511922101,0.009798410972800008,25,0.07637828298679203,0.011156215024522567,0.11967364397037988,0.5502413332536013
item_CARAFATE,0.009376430185779381,0.009880578205672839,25,0.07466776612229817,0.012236257127014916,0.11967364397037988,0.5502413332536013
item_LOVASTATIN,0.00936375072425232,0.010487087167061343,25,0.07308993992917392,0.015101274029769553,0.11967364397037988,0.5502413332536013
item_NOVOLOG FLEXPEN,0.009360413569933572,0.010625928561683814,25,0.07411488819978371,0.02485765483911006,0.11967364397037988,0.5502413332536013
item_FERROUS SULFATE,0.009338362566153488,0.009225572895276623,25,0.08180648382116025,0.01650032663220427,0.11967364397037988,0.5502413332536013
item_POLYMYXIN B SULFATE/TRIME,0.009149866516910195,0.00934909414975489,25,0.0755275637879959,0.011012571830072303,0.11967364397037988,0.5502413332536013
item_DONEPEZIL HYDROCHLORIDE,0.008902528317816856,0.008960881882483987,25,0.07654416732565691,0.01526570931764579,0.11967364397037988,0.5502413332536013
item_OSELTAMIVIR PHOSPHATE,0.00888948350556554,0.009433041479383808,25,0.07194640932633807,0.015300206317618728,0.11967364397037988,0.5502413332536013
item_SPIRIVA RESPIMAT,0.008882517495677448,0.009760376714702191,25,0.07178519190939153,0.01981287888559076,0.11967364397037988,0.5502413332536013
item_LANTUS,0.008780555179436404,0.008741510944883991,25,0.07447245169610386,0.013280936336710602,0.11967364397037988,0.5502413332536013
item_FLUCELVAX QUADRIVALENT 20,0.008754562593873538,0.011839912928937933,25,0.06230332928558695,0.03684758042998555,0.11967364397037988,0.5502413332536013
item_AMLODIPINE BESYLATE/BENAZ,0.008609524284260458,0.008506065623575748,25,0.07285525322327745,0.010919334450420202,0.11967364397037988,0.5502413332536013
item_TADALAFIL,0.00848249381047497,0.013983309607265538,25,0.06590410517665712,0.08610031472966992,0.11967364397037988,0.5502413332536013
item_MEMANTINE HYDROCHLORIDE E,0.008385231176133913,0.010324701143105727,25,0.0631649565244087,0.03961957768213029,0.11967364397037988,0.5502413332536013
item_HYDROXYZINE PAMOATE,0.008351561866139182,0.009143519913072431,25,0.06654814466658446,0.0172656245494925,0.11967364397037988,0.5502413332536013
item_FLECAINIDE ACETATE,0.008339059410019754,0.008300330666892468,25,0.07526225051200928,0.021905172126368798,0.11967364397037988,0.5502413332536013
item_ANORO ELLIPTA,0.008307626019872161,0.007520354191918025,25,0.07656823012643196,0.017966896773833396,0.11967364397037988,0.5502413332536013
item_SERTRALINE HYDROCHLORIDE,0.008229531252179689,0.00838695305898771,25,0.06945558013774736,0.02143643761405687,0.11967364397037988,0.5502413332536013
item_ENTRESTO,0.008216313534223604,0.008752402273576453,25,0.07160742632024882,0.022661356486795965,0.11967364397037988,0.5502413332536013
item_DOXYCYCLINE MONOHYDRATE,0.007992673711366307,0.007913674803036749,25,0.06857876851106857,0.015835308042716142,0.11967364397037988,0.5502413332536013
item_CREON,0.00797554791667791,0.008922228611757,25,0.062015034926618126,0.01444720804261249,0.11967364397037988,0.5502413332536013
item_ARIPIPRAZOLE,0.007975450538135509,0.0087751807225093,25,0.062436684059402066,0.0183242499777357,0.11967364397037988,0.5502413332536013
item_LINZESS,0.007933683101430562,0.008701797023844634,25,0.06464371259762036,0.017255187261288142,0.11967364397037988,0.5502413332536013
item_LOPERAMIDE HCL,0.007921940727738665,0.008273962885477952,25,0.06550613329822885,0.015649597180297754,0.11967364397037988,0.5502413332536013
item_FLUDROCORTISONE ACETATE,0.007917773731071475,0.008416369991896759,25,0.06324364205196266,0.011593268968198886,0.11967364397037988,0.5502413332536013
item_ACETAMINOPHEN/CODEINE PHO,0.007909124796663882,0.008453107646593756,25,0.06181895508103437,0.00948168236793301,0.11967364397037988,0.5502413332536013
item_SUPREP BOWEL PREP KIT,0.007858155326792692,0.009832698583088658,25,0.05303542703944947,0.025944321446154647,0.11967364397037988,0.5502413332536013
item_FOLIC ACID,0.007754078080940236,0.007324190902516425,25,0.07063395323572569,0.02374737659188581,0.11967364397037988,0.5502413332536013
item_LIDOCAINE/PRILOCAINE,0.007571935947456816,0.008605766990271905,25,0.06106006196929819,0.022935403337902196,0.11967364397037988,0.5502413332536013
item_INDOMETHACIN,0.007348725254455248,0.0071867314311226185,25,0.06564859882317745,0.01788710637253276,0.11967364397037988,0.5502413332536013
item_OXYBUTYNIN CHLORIDE ER,0.0073078460586353386,0.007295458266087779,25,0.06492805310438084,0.014838903652431061,0.11967364397037988,0.5502413332536013
item_PRASUGREL,0.007139245541803665,0.00733106186417571,25,0.06116484836213603,0.020096979727564412,0.11967364397037988,0.5502413332536013
item_HALOPERIDOL,0.007007708188274821,0.00691154982121346,25,0.06117028646079563,0.012108567019285725,0.11967364397037988,0.5502413332536013
item_VITAMIN D,0.006932088155559905,0.007017516845782088,25,0.06049153247079837,0.02301685925589712,0.11967364397037988,0.5502413332536013
item_FENTANYL,0.006732090028914788,0.0070353276182360406,25,0.05687029350303979,0.01528384957194101,0.11967364397037988,0.5502413332536013
item_REVLIMID,0.006383881825688619,0.006902450358350106,25,0.05289236915368119,0.011250882125745557,0.11967364397037988,0.5502413332536013
item_TRESIBA FLEXTOUCH,0.0062753893900908235,0.00846913920914934,25,0.049024922002499034,0.02607290872512082,0.11967364397037988,0.5502413332536013
item_NOVOLOG,0.006260789279581818,0.007399266553712785,25,0.047229574639500525,0.018287702846431064,0.11967364397037988,0.5502413332536013
item_AMITRIPTYLINE HYDROCHLORI,0.006230392568364746,0.006562396403090527,25,0.050073718934905316,0.01699094117594309,0.11967364397037988,0.5502413332536013
item_VALSARTAN/HYDROCHLOROTHIA,0.006192616665053926,0.006012326542673776,25,0.05281932433181522,0.007965297101603609,0.11967364397037988,0.5502413332536013
item_BUSPIRONE HYDROCHLORIDE,0.00609142821624834,0.005889405710788121,25,0.055026558583365956,0.022945698849813786,0.11967364397037988,0.5502413332536013
item_MYCOPHENOLATE MOFETIL,0.006027604702208088,0.006698482300665089,25,0.046213871275743175,0.015491445406235432,0.11967364397037988,0.5502413332536013
item_ATENOLOL,0.005978864141709343,0.006626508646435843,25,0.04726780173486239,0.011936527561590101,0.11967364397037988,0.5502413332536013
item_VENLAFAXINE HCL ER,0.005885206144097568,0.006576664374380247,25,0.04581164526265504,0.015536302930441847,0.11967364397037988,0.5502413332536013
item_LEVEMIR,0.005884191835600168,0.0057929814829406874,25,0.051108441285310044,0.010463071993594305,0.11967364397037988,0.5502413332536013
item_CITALOPRAM HYDROBROMIDE,0.00585519676986787,0.005828402396045598,25,0.049755563001060876,0.010685206037986075,0.11967364397037988,0.5502413332536013
item_PHENOBARBITAL,0.005830568189741819,0.005769406098721108,25,0.050698961673477275,0.015466544266919194,0.11967364397037988,0.5502413332536013
item_SODIUM BICARBONATE,0.005808239524029792,0.0057903752958020785,25,0.05265827563054331,0.02242703659886075,0.11967364397037988,0.5502413332536013
item_TRIAMTERENE/HYDROCHLOROTH,0.005780223224809142,0.006130283474572897,25,0.046953272509075425,0.013963678038091405,0.11967364397037988,0.5502413332536013
item_ROPINIROLE HCL,0.005732793287649488,0.006224754374044003,25,0.04624731546202154,0.011205451505360526,0.11967364397037988,0.5502413332536013
item_QVAR REDIHALER,0.005730852277336801,0.005208208048470058,25,0.058639984879503296,0.03168218727168031,0.11967364397037988,0.5502413332536013
item_CARTIA XT,0.00565855632617782,0.0056341090537947594,25,0.04788253728538829,0.008373187768823282,0.11967364397037988,0.5502413332536013
item_BD PEN NEEDLE/NANO/ULTRA,0.005654198145787174,0.006374477398161785,25,0.0439513558468026,0.012362560270952441,0.11967364397037988,0.5502413332536013
item_ASPIRIN,0.0055034236512526155,0.007351038990843983,25,0.03925671789570234,0.02303148659897574,0.11967364397037988,0.5502413332536013
item_PROSOL,0.005404807361436397,0.006307452494914833,25,0.04548829805594282,0.014387898128313141,0.11967364397037988,0.5502413332536013
item_ADACEL,0.005371249720227389,0.005252003903110244,25,0.04656754185543224,0.008846501122434647,0.11967364397037988,0.5502413332536013
item_RALOXIFENE HYDROCHLORIDE,0.005341334761117253,0.0059032302198616295,25,0.04097107638260207,0.009891049732791393,0.11967364397037988,0.5502413332536013
item_METOCLOPRAMIDE HYDROCHLOR,0.005305384667353739,0.006435776878579104,25,0.036904071750342736,0.011601021234431925,0.11967364397037988,0.5502413332536013
item_OXCARBAZEPINE,0.005260951551373715,0.0046580285751661255,25,0.05027112181986894,0.014963379924942672,0.11967364397037988,0.5502413332536013
item_BD INSULIN SYRINGE ULTRA-,0.005171191992880539,0.0055023057655527105,25,0.045471343202591524,0.014839232383559428,0.11967364397037988,0.5502413332536013
item_PRAMIPEXOLE DIHYDROCHLORI,0.005142717247574719,0.0060491451851666335,25,0.042603916767389664,0.01474996863420231,0.11967364397037988,0.5502413332536013
item_OFLOXACIN,0.0051295520646911594,0.005298444626834476,25,0.04257686266353221,0.013204061794844313,0.11967364397037988,0.5502413332536013
item_CLOTRIMAZOLE,0.00510697973561127,0.005366352952097226,25,0.0413417591681423,0.012443884065318602,0.11967364397037988,0.5502413332536013
item_LORATADINE,0.005004686192708081,0.005347479721762483,25,0.04393566770023277,0.01646087636386402,0.11967364397037988,0.5502413332536013
item_CEFTRIAXONE SODIUM,0.004953249856108206,0.006489190330577001,25,0.03397523479734909,0.021021565297237362,0.11967364397037988,0.5502413332536013
item_JANUVIA,0.004925162780358302,0.005087641281543565,25,0.0423751520874695,0.014170418256020063,0.11967364397037988,0.5502413332536013
item_PAROXETINE HCL,0.004879724967618968,0.0053480505908179736,25,0.03823187695258973,0.009437894839360184,0.11967364397037988,0.5502413332536013
item_CARBAMAZEPINE,0.004878890012899723,0.00490390239259327,25,0.041666328024866195,0.011152827116575776,0.11967364397037988,0.5502413332536013
item_VANCOMYCIN HYDROCHLORIDE,0.00487647781809234,0.005216349304627756,25,0.04082883757266111,0.012215983782755397,0.11967364397037988,0.5502413332536013
item_RANEXA,0.004642462784935769,0.004232067664578933,25,0.04262837944141433,0.009067871176237589,0.11967364397037988,0.5502413332536013
item_HYDRALAZINE HCL,0.00458193155542695,0.005225537695164315,25,0.0368245887221973,0.010683656576406962,0.11967364397037988,0.5502413332536013
item_GLIPIZIDE ER,0.004415463322708814,0.004169161975223176,25,0.03928921681957368,0.010517920926978053,0.11967364397037988,0.5502413332536013
item_GLIMEPIRIDE,0.004410770742991909,0.005151164788987259,25,0.03234975754087992,0.011492414680123558,0.11967364397037988,0.5502413332536013
item_IBU,0.004360624605511122,0.004760814419431326,25,0.03477448736451612,0.006910142200293271,0.11967364397037988,0.5502413332536013
item_FLUOXETINE HCL,0.004192022224160676,0.005041072489314867,25,0.031479301018502874,0.011397860603507197,0.11967364397037988,0.5502413332536013
item_BENZTROPINE MESYLATE,0.004190472308735585,0.004957603774152552,25,0.03147537568389849,0.01136486765664306,0.11967364397037988,0.5502413332536013
item_TIZANIDINE HYDROCHLORIDE,0.0041134406529562025,0.004173435742609842,25,0.03575304943434873,0.012400617355370484,0.11967364397037988,0.5502413332536013
item_LABETALOL HYDROCHLORIDE,0.00407179028498994,0.0041542701172156814,25,0.03551055086679391,0.011418187306535746,0.11967364397037988,0.5502413332536013
item_HUMALOG MIX 75/25 KWIKPEN,0.004041987957547934,0.0042386755561818696,25,0.03318259303674749,0.008883527129138988,0.11967364397037988,0.5502413332536013
item_FLUOXETINE HYDROCHLORIDE,0.0039846583872817695,0.003960895511607075,25,0.03712835143413185,0.012945794500424471,0.11967364397037988,0.5502413332536013
item_EPINEPHRINE,0.003971051723807422,0.004887738724516214,25,0.03445279534769708,0.01711299402699619,0.11967364397037988,0.5502413332536013
item_PREDNISOLONE ACETATE,0.003964568427252005,0.003919377064625664,25,0.03665921664168812,0.013637633167367323,0.11967364397037988,0.5502413332536013
item_TACROLIMUS,0.003945826388727935,0.004678988867411215,25,0.034337504507824655,0.017631442001073288,0.11967364397037988,0.5502413332536013
item_IPRATROPIUM BROMIDE,0.00393617495680814,0.003393997923288864,25,0.0406936332279514,0.01631285419055788,0.11967364397037988,0.5502413332536013
item_DULOXETINE HCL,0.003910556922334275,0.003706928114329621,25,0.036720549055113134,0.014293323350442155,0.11967364397037988,0.5502413332536013
item_COLCHICINE,0.00389558836513188,0.004234300417387267,25,0.031326765777807866,0.0093129084253727,0.11967364397037988,0.5502413332536013
item_TRAMADOL HYDROCHLORIDE/AC,0.0038752268726567948,0.004058343091925208,25,0.030927337634596284,0.0051819620584606756,0.11967364397037988,0.5502413332536013
item_ACYCLOVIR,0.003850303126729224,0.003880985116058865,25,0.03287213283443205,0.010249956282188746,0.11967364397037988,0.5502413332536013
item_ATENOLOL/CHLORTHALIDONE,0.003843440429422731,0.004589795634095994,25,0.02947312276637401,0.011150133563184193,0.11967364397037988,0.5502413332536013
item_DOFETILIDE,0.003841246750139306,0.004082365775020101,25,0.03432927946685918,0.013190537591079403,0.11967364397037988,0.5502413332536013
item_ESTRADIOL,0.003823630313888192,0.005211695664753251,25,0.028353355958641583,0.018187114590460705,0.11967364397037988,0.5502413332536013
item_IMBRUVICA,0.0037849460893671,0.004097574874737616,25,0.0318410795461364,0.011507386907093225,0.11967364397037988,0.5502413332536013
item_MULTAQ,0.003732503846494884,0.003948234628479049,25,0.029972153265316655,0.009270418768370021,0.11967364397037988,0.5502413332536013
item_XARELTO STARTER PACK,0.0037247755186794814,0.005209415962035625,25,0.028996484432466135,0.014734928532231269,0.11967364397037988,0.5502413332536013
item_BOOSTRIX,0.0036867082658475075,0.00492144747467586,25,0.02729972903258242,0.015823517732983933,0.11967364397037988,0.5502413332536013
item_COMBIVENT RESPIMAT,0.003675915881556465,0.0036204387127490925,25,0.032189083452180016,0.008257419369442198,0.11967364397037988,0.5502413332536013
item_ATOVAQUONE/PROGUANIL HCL,0.0036620792562151792,0.00381528164747458,25,0.030704661472209925,0.008918260348786828,0.11967364397037988,0.5502413332536013
item_CHLORPROMAZINE HCL,0.003611369897513486,0.003427701455317215,25,0.032244641468956885,0.0061542493098040935,0.11967364397037988,0.5502413332536013
item_LOSARTAN POTASSIUM,0.0035007425734800866,0.004085735625290442,25,0.026932128923924267,0.010589316475699904,0.11967364397037988,0.5502413332536013
item_STIOLTO RESPIMAT,0.0034916239632876434,0.004051107465404139,25,0.029255017037633908,0.013836117463848002,0.11967364397037988,0.5502413332536013
item_PROMETHAZINE HCL,0.003349514822944197,0.0047012584441060955,25,0.02502144685770247,0.016803664924121088,0.11967364397037988,0.5502413332536013
item_PRADAXA,0.0033283624502259083,0.003378404680871684,25,0.029695463540729005,0.007648505167347482,0.11967364397037988,0.5502413332536013
item_PHENYTOIN SODIUM EXTENDED,0.003257811043845984,0.0035854115033795574,25,0.025086944298203306,0.007154604183084804,0.11967364397037988,0.5502413332536013
item_BD SWABS SINGLE USE,0.0032381061018556855,0.00400056659374603,25,0.02432132637591777,0.012567733649827433,0.11967364397037988,0.5502413332536013
item_TRULICITY,0.0031944041437443594,0.004064293189216987,25,0.02588599744691529,0.019771701985337252,0.11967364397037988,0.5502413332536013
item_CARBAMAZEPINE ER,0.0031793828731347435,0.003759312551873862,25,0.023139662218402503,0.009893085340853001,0.11967364397037988,0.5502413332536013
item_BD PEN NEEDLE/MINI/ULTRA-,0.0031658289069424494,0.003368520022217204,25,0.02622921854115491,0.008218071085952542,0.11967364397037988,0.5502413332536013
item_MOXIFLOXACIN HYDROCHLORID,0.003114819045082776,0.0029941318187051216,25,0.029297466084356447,0.012856815813713418,0.11967364397037988,0.5502413332536013
item_VALACYCLOVIR HCL,0.003098403879552827,0.003373291871865392,25,0.025303564514201973,0.008699583207674506,0.11967364397037988,0.5502413332536013
item_NITROFURANTOIN MACROCRYST,0.0030733046605677834,0.00309335108775209,25,0.027136247202671188,0.010492435410632942,0.11967364397037988,0.5502413332536013
item_CYANOCOBALAMIN,0.0030535724749612627,0.003192875819349483,25,0.031058374023436534,0.018968419860160946,0.11967364397037988,0.5502413332536013
item_DILTIAZEM HCL,0.003050405375435986,0.00334196719052729,25,0.024424972631172017,0.009606265289745303,0.11967364397037988,0.5502413332536013
item_TRADJENTA,0.003048914799598147,0.003565360138220455,25,0.022386725571192527,0.009266058146345842,0.11967364397037988,0.5502413332536013
item_CARBIDOPA/LEVODOPA ER,0.003009270159292432,0.003380882657573659,25,0.026012049898863233,0.010349618048895176,0.11967364397037988,0.5502413332536013
item_METFORMIN HYDROCHLORIDE,0.0029742995076971175,0.0034516372007975453,25,0.024108668470661922,0.009977717734752149,0.11967364397037988,0.5502413332536013
item_CILOSTAZOL,0.0029191819113301835,0.003647476744550464,25,0.021233662566117403,0.008815939881991723,0.11967364397037988,0.5502413332536013
item_BISOPROLOL FUMARATE/HYDRO,0.0029018883102328885,0.0031217547548455017,25,0.023166568644578795,0.00696702709502182,0.11967364397037988,0.5502413332536013
item_BUDESONIDE,0.0028662754985205314,0.003523345019696692,25,0.023045782502085683,0.012863238742875923,0.11967364397037988,0.5502413332536013
item_ORPHENADRINE CITRATE ER,0.0028115817344012968,0.003568881557633015,25,0.02272631266528411,0.011257752793491942,0.11967364397037988,0.5502413332536013
item_RIVASTIGMINE TRANSDERMAL,0.0027823504029722166,0.003272617279769037,25,0.02386511428872703,0.012427801279279645,0.11967364397037988,0.5502413332536013
item_FLUOROURACIL,0.002738286929059186,0.0033594679735121998,25,0.019713040780224487,0.00991983365698773,0.11967364397037988,0.5502413332536013
item_ADVAIR HFA,0.0027351519692021737,0.002915758090013819,25,0.024165036592051495,0.008472473591625935,0.11967364397037988,0.5502413332536013
item_ADVAIR DISKUS,0.0027325175018744034,0.0028720806533603306,25,0.025222948846008415,0.01059042281310584,0.11967364397037988,0.5502413332536013
item_DESVENLAFAXINE ER,0.002713787820843524,0.002851525889724029,25,0.02679569249325662,0.016202972251917032,0.11967364397037988,0.5502413332536013
item_PROPRANOLOL HYDROCHLORIDE,0.0027133052905886795,0.0028511959417173616,25,0.023464337018135287,0.011439033472367816,0.11967364397037988,0.5502413332536013
item_CLONIDINE HCL,0.002709937915323447,0.003056490877346006,25,0.021299435278708746,0.008138897557582478,0.11967364397037988,0.5502413332536013
item_HUMULIN 70/30,0.0026996928572075836,0.00291595818779915,25,0.02199338775956473,0.007299664607487132,0.11967364397037988,0.5502413332536013
item_CHOLESTYRAMINE,0.002691988571091291,0.0029456004270758352,25,0.02148638231673983,0.00925955408113793,0.11967364397037988,0.5502413332536013
item_Unknown,0.0026869584031617042,0.0036483236354379334,25,0.028490829699161332,0.01991795935090164,0.11967364397037988,0.5502413332536013
item_HALOPERIDOL DECANOATE,0.0026456973264288902,0.0030772820709114948,25,0.021627207009921167,0.009157121035534536,0.11967364397037988,0.5502413332536013
item_NIFEDIPINE ER,0.0026317062917607815,0.003211317318866728,25,0.02069144531882478,0.00979296022504976,0.11967364397037988,0.5502413332536013
item_LATANOPROST,0.0026278060043107222,0.0032821344608525422,25,0.020786712630479508,0.01016525742341441,0.11967364397037988,0.5502413332536013
item_METHENAMINE HIPPURATE,0.0025247820707514157,0.0030710770648711533,25,0.02191011640015089,0.012181720338876285,0.11967364397037988,0.5502413332536013
item_DALIRESP,0.002469602590004205,0.0032096766618575495,25,0.02259835005393903,0.015206884465017789,0.11967364397037988,0.5502413332536013
item_TOPIRAMATE,0.00246129308874018,0.00321394482746366,25,0.019961984443619907,0.010507797547899708,0.11967364397037988,0.5502413332536013
item_AMITIZA,0.0024184393806908466,0.0024625826268873706,25,0.023204034051402186,0.013020424042399226,0.11967364397037988,0.5502413332536013
item_COUMADIN,0.002403401166782938,0.0023620738644904624,25,0.021233237847651364,0.007348508326434762,0.11967364397037988,0.5502413332536013
item_CLOZAPINE,0.002386650644575452,0.0029150980624365968,25,0.017793566686378378,0.008830311079009076,0.11967364397037988,0.5502413332536013
item_DICLOFENAC SODIUM DR,0.002384484694038303,0.0032902358427308767,25,0.017215010953654658,0.012317689672344125,0.11967364397037988,0.5502413332536013
item_FLUZONE HIGH-DOSE PF 2018,0.0023597525158969373,0.002480549241173217,25,0.022518043359694713,0.008754950682953426,0.11967364397037988,0.5502413332536013
item_COLESTIPOL HCL,0.0023585064061109437,0.0028666404738424494,25,0.018312633119146923,0.008810868110771992,0.11967364397037988,0.5502413332536013
item_FLOVENT HFA,0.0023546895627464897,0.0028220810700046437,25,0.01864266797121482,0.008117436411555433,0.11967364397037988,0.5502413332536013
item_HYDROXYUREA,0.002354458133999,0.002621114924403164,25,0.021175296531735745,0.008401360747020217,0.11967364397037988,0.5502413332536013
item_METOCLOPRAMIDE HCL,0.0023503138484725367,0.0026448594040957194,25,0.0191700079751746,0.00836803283700993,0.11967364397037988,0.5502413332536013
item_AMANTADINE HCL,0.0023265272965692614,0.002430506860469238,25,0.020087624302456537,0.008414342767152888,0.11967364397037988,0.5502413332536013
item_ONETOUCH ULTRA,0.0022828195095607492,0.002892550452677809,25,0.017339147215731474,0.012829084268189376,0.11967364397037988,0.5502413332536013
item_EZETIMIBE,0.002282134258779477,0.00464252935587506,25,0.012071289619606723,0.017475401530211154,0.11967364397037988,0.5502413332536013
item_DRONABINOL,0.002250849675681449,0.0029216706940568423,25,0.020039052271101535,0.012288014882119423,0.11967364397037988,0.5502413332536013
item_ONETOUCH DELICA LANCETS F,0.0022370921959078706,0.002695858651791492,25,0.01916550449439026,0.016779676269827546,0.11967364397037988,0.5502413332536013
item_BENAZEPRIL HCL,0.0022267186501240895,0.0032849169925340985,25,0.01513045170081058,0.01171867130619037,0.11967364397037988,0.5502413332536013
item_RAMIPRIL,0.002219335533982775,0.0031486946024449456,25,0.012931772927609829,0.010086139591688838,0.11967364397037988,0.5502413332536013
item_NABUMETONE,0.0022122628452360222,0.0024427147171979845,25,0.017892451877080492,0.008264397557405089,0.11967364397037988,0.5502413332536013
item_AMITRIPTYLINE HCL,0.002203723006085377,0.002874513717269729,25,0.01767674448472838,0.009863297764156275,0.11967364397037988,0.5502413332536013
item_PAROXETINE HYDROCHLORIDE,0.0021365068092543548,0.0026775213072051216,25,0.015390308848203376,0.008324848045212893,0.11967364397037988,0.5502413332536013
item_PRIMIDONE,0.002120850571813885,0.0025482350973839263,25,0.016589665638760343,0.010023629394504335,0.11967364397037988,0.5502413332536013
item_ASPIRIN/DIPYRIDAMOLE,0.0020960331586176457,0.002579275325384797,25,0.014978958348669141,0.006418244766888103,0.11967364397037988,0.5502413332536013
item_PROPAFENONE HCL,0.002082143571309679,0.0024404088727132617,25,0.017969437980910743,0.007154346708155809,0.11967364397037988,0.5502413332536013
item_HYDROCORTISONE,0.002056959106821991,0.0028594658559000703,25,0.016238484793676972,0.01064310229342145,0.11967364397037988,0.5502413332536013
item_NEXIUM,0.002029828259966368,0.0021476225898968385,25,0.01645104900551888,0.004535708167246974,0.11967364397037988,0.5502413332536013
item_FEROSUL,0.0019950795053076376,0.0026055165363527764,25,0.01789352984700724,0.013721937181374171,0.11967364397037988,0.5502413332536013
item_ZIPRASIDONE HCL,0.00199468368439751,0.002245087170702519,25,0.019008299059974813,0.01034223793437177,0.11967364397037988,0.5502413332536013
item_IMIPRAMINE HCL,0.001971880664718031,0.002785656779237698,25,0.01276139342084154,0.007830333504458095,0.11967364397037988,0.5502413332536013
item_PERMETHRIN,0.001932630282728689,0.0022128179361125522,25,0.01637569842805436,0.008980636436683535,0.11967364397037988,0.5502413332536013
item_GALANTAMINE HYDROBROMIDE,0.0018985696058332901,0.002370581906998146,25,0.014516377488142565,0.00648353468336868,0.11967364397037988,0.5502413332536013
item_PREZISTA,0.0018650196041157699,0.0021196508166648823,25,0.016128781558639588,0.007589531761908573,0.11967364397037988,0.5502413332536013
item_METHYLPREDNISOLONE,0.0018643782753638566,0.002269171347282167,25,0.01624277962259502,0.008352695438205474,0.11967364397037988,0.5502413332536013
item_CHERATUSSIN AC,0.0018499914103564036,0.0022706104765144743,25,0.014214582846397414,0.006095280420019048,0.11967364397037988,0.5502413332536013
item_NUPLAZID,0.0017815128466571598,0.0020693874070688216,25,0.017258313647864093,0.010011493184115865,0.11967364397037988,0.5502413332536013
item_RIVASTIGMINE TARTRATE,0.001727012672743112,0.0018113059133409914,25,0.014436316004099746,0.00661183486000555,0.11967364397037988,0.5502413332536013
item_OXYBUTYNIN CHLORIDE,0.001725550141441834,0.002126269292200668,25,0.016116370714058623,0.009727791751664392,0.11967364397037988,0.5502413332536013
item_DICLOXACILLIN SODIUM,0.00170602729544485,0.0019054881653381333,25,0.013143531357995309,0.0035985320058165887,0.11967364397037988,0.5502413332536013
item_PROVENTIL HFA,0.0016999271725106346,0.0019679328793417825,25,0.014945533575316894,0.008332755983947046,0.11967364397037988,0.5502413332536013
item_TRIUMEQ,0.0016948636768636149,0.002021270617370399,25,0.014383255593085469,0.00900280560004229,0.11967364397037988,0.5502413332536013
item_FLUOCINONIDE,0.0016859652462689195,0.002028236970343995,25,0.013243394610206807,0.007615149939164955,0.11967364397037988,0.5502413332536013
item_CETIRIZINE HYDROCHLORIDE,0.0016831276557397327,0.0023331649273908486,25,0.01960575899237239,0.020165091316442733,0.11967364397037988,0.5502413332536013
item_LEVETIRACETAM ER,0.001674178692335884,0.002313757297737098,25,0.013862345620268583,0.00851058870220055,0.11967364397037988,0.5502413332536013
item_IBRANCE,0.0016668283835391349,0.0018147840268899216,25,0.01588317264870025,0.007013525361903439,0.11967364397037988,0.5502413332536013
item_AEROCHAMBER Z-STAT PLUS/F,0.0016663675785135634,0.00185175956210731,25,0.014521294681718115,0.005929862025681098,0.11967364397037988,0.5502413332536013
item_ISOSORBIDE DINITRATE,0.0016473427605506942,0.0026327181218081,25,0.010410085573091182,0.009083022329366773,0.11967364397037988,0.5502413332536013
item_SYNTHROID,0.001625841345653782,0.00200130492994395,25,0.012888428137326116,0.007346734176869885,0.11967364397037988,0.5502413332536013
item_COLCRYS,0.0016243943587195544,0.0018180563613780572,25,0.014074945523773743,0.007487957215685886,0.11967364397037988,0.5502413332536013
item_VALPROIC ACID,0.0016028852501298579,0.0016827637297977748,25,0.013548711086186875,0.007415844879197455,0.11967364397037988,0.5502413332536013
item_IRON,0.0015913935478838346,0.0021870890381920716,25,0.02064946832635341,0.02895183381528815,0.11967364397037988,0.5502413332536013
item_INVEGA SUSTENNA,0.0015779339507103166,0.0018713949885341508,25,0.013394919255188365,0.008615743434159903,0.11967364397037988,0.5502413332536013
item_ATROVENT HFA,0.0015667611129874955,0.0016469696224762041,25,0.0145075471623777,0.007372244159871123,0.11967364397037988,0.5502413332536013
item_VESICARE,0.00153084011417395,0.0018945687051838925,25,0.010866051781135137,0.006174561084582765,0.11967364397037988,0.5502413332536013
item_NEOMYCIN/POLYMYXIN/HYDROC,0.001530394967457554,0.0019337347570383358,25,0.01279553868554269,0.007994736224570103,0.11967364397037988,0.5502413332536013
item_NOVOLOG MIX 70/30 PREFILL,0.0015064060668492757,0.002166124969901261,25,0.010918387986694507,0.007580012014878612,0.11967364397037988,0.5502413332536013
item_GLIPIZIDE,0.0014890740213298072,0.0020297885482595465,25,0.012515252029877057,0.008443793535148196,0.11967364397037988,0.5502413332536013
item_TIZANIDINE HCL,0.0014465311783838219,0.0015012049195060474,25,0.012977663302747501,0.007993584908047774,0.11967364397037988,0.5502413332536013
item_HYDROCODONE POLISTIREX/CH,0.0014150238733127193,0.002439661949023268,25,0.009265814344423938,0.0093723604423054,0.11967364397037988,0.5502413332536013
item_ROSUVASTATIN CALCIUM,0.0013778776630700448,0.0019435074249493694,25,0.012973892073018599,0.009179360859267379,0.11967364397037988,0.5502413332536013
item_GENTAMICIN SULFATE,0.0013721982500134137,0.0015096332289552545,25,0.012354002404401751,0.006887494386112276,0.11967364397037988,0.5502413332536013
item_DILTIAZEM HCL ER,0.0013642856413533747,0.0019332251564804662,25,0.009773892835372918,0.007632199419604596,0.11967364397037988,0.5502413332536013
item_POMALYST,0.0013537964584608689,0.0020166901662460107,25,0.010812998475025728,0.0070564899106317054,0.11967364397037988,0.5502413332536013
item_BD PEN NEEDLE/SHORT/ULTRA,0.0013356340330527555,0.001819853873871568,25,0.009999424848639004,0.006956034076811468,0.11967364397037988,0.5502413332536013
item_NEUPRO,0.0013336889019468926,0.0018029673574430946,25,0.01192815448612155,0.007453473916331489,0.11967364397037988,0.5502413332536013
item_FLUTICASONE PROPIONATE,0.001326951640937336,0.0021694270649580266,25,0.009211955921871524,0.009138121422674879,0.11967364397037988,0.5502413332536013
item_SSD,0.001289175244959421,0.0015807860207677062,25,0.010586040847803431,0.007693281755579583,0.11967364397037988,0.5502413332536013
item_TERCONAZOLE,0.0012822362894323737,0.0014251462169292705,25,0.011524666209354108,0.006612863716344453,0.11967364397037988,0.5502413332536013
item_URSODIOL,0.001277532179492613,0.0011110896506244534,25,0.014316464589081677,0.007212379606278391,0.11967364397037988,0.5502413332536013
item_BRIMONIDINE TARTRATE,0.001275859199721986,0.0013690994460166704,25,0.012821495923445286,0.01087889088640372,0.11967364397037988,0.5502413332536013
item_TIVICAY,0.0012473585938860444,0.0016372652108823955,25,0.015130735567288545,0.013353413863626812,0.11967364397037988,0.5502413332536013
item_PROCRIT,0.0012465152682712758,0.0017785891697073564,25,0.010481750346607198,0.0065331693914937984,0.11967364397037988,0.5502413332536013
item_FREESTYLE LIBRE/SENSOR/FL,0.0012325642473551052,0.0015542093697486165,25,0.013435180834678264,0.009634418527563395,0.11967364397037988,0.5502413332536013
item_PAIN & FEVER,0.001205684173747857,0.0015085239713632371,25,0.0090368257221106,0.004168716498542204,0.11967364397037988,0.5502413332536013
item_VENLAFAXINE HYDROCHLORIDE,0.0011843596060932893,0.0018607622150588468,25,0.011701026530134474,0.00901091339422711,0.11967364397037988,0.5502413332536013
item_METAXALONE,0.001167568820320951,0.001630671760540575,25,0.009900087271236152,0.008920044714990503,0.11967364397037988,0.5502413332536013
item_ALVESCO,0.001158594386251832,0.0027549893145392477,25,0.00864138240402158,0.021741666959642823,0.11967364397037988,0.5502413332536013
item_TRINTELLIX,0.00115667372085242,0.0013806137174640254,25,0.01230880454806913,0.011993204632958835,0.11967364397037988,0.5502413332536013
item_MORPHINE SULFATE ER,0.0011447938644465261,0.002245424207256041,25,0.009250324035247243,0.014579834314051356,0.11967364397037988,0.5502413332536013
item_LETROZOLE,0.0011165465327027334,0.0018625413051017664,25,0.006903200751712428,0.007340123059547501,0.11967364397037988,0.5502413332536013
item_RANITIDINE HCL,0.0011096058832371163,0.002288293626379595,25,0.006899585424740492,0.008053811986810327,0.11967364397037988,0.5502413332536013
item_MELOXICAM,0.0010587775713950835,0.0017046176499104795,25,0.00672329515386533,0.005531842897157695,0.11967364397037988,0.5502413332536013
item_CAPECITABINE,0.0010359852649042874,0.0014436832155861753,25,0.010800309329049034,0.009738871852997755,0.11967364397037988,0.5502413332536013
item_BD VEO INSULIN SYRINGE UL,0.0010152644521867998,0.001290371578418123,25,0.0079033942832028,0.004298321228326248,0.11967364397037988,0.5502413332536013
item_ENALAPRIL MALEATE,0.0010027415179800847,0.002659960722745442,25,0.004906033839859956,0.00905321704465842,0.11967364397037988,0.5502413332536013
item_BYDUREON BCISE,0.00099254513034652,0.002187979614591653,25,0.009509679088775244,0.01483853521495086,0.11967364397037988,0.5502413332536013
item_TEMAZEPAM,0.0009751566771787651,0.00133798990291626,25,0.007182760616983599,0.006691441723160179,0.11967364397037988,0.5502413332536013
item_GENERLAC,0.0009716082813757603,0.0014694112431196229,25,0.007462379144530773,0.005122903350559848,0.11967364397037988,0.5502413332536013
item_LITHIUM CARBONATE,0.0009558325659848162,0.0013780584163337341,25,0.008605139041467898,0.007230119856360063,0.11967364397037988,0.5502413332536013
item_CARBIDOPA/LEVODOPA/ENTACA,0.0009539649245187173,0.0011490669890257617,25,0.007483893604339309,0.005478727439999626,0.11967364397037988,0.5502413332536013
item_JANTOVEN,0.000922693796130853,0.001179216049421805,25,0.008185968887493851,0.005886935939489843,0.11967364397037988,0.5502413332536013
item_KEPPRA,0.0009180404797425934,0.0010472110036695917,25,0.010338481134536306,0.009876562718992916,0.11967364397037988,0.5502413332536013
item_ARNUITY ELLIPTA,0.0009078236761185214,0.0019602577742460652,25,0.006513563482485949,0.006797307967564328,0.11967364397037988,0.5502413332536013
item_SENNA PLUS,0.0009000323357721213,0.0021002651271484823,25,0.006784207637161934,0.009154411658359746,0.11967364397037988,0.5502413332536013
item_AZELASTINE HYDROCHLORIDE,0.0008739719407479633,0.0017143338016067514,25,0.0064681794113496316,0.006614194869913158,0.11967364397037988,0.5502413332536013
item_PREMPRO,0.0008675250004688616,0.0012091013861165799,25,0.006922248894408393,0.006567998671037173,0.11967364397037988,0.5502413332536013
item_RYTARY,0.0008671086502908969,0.0010337940552351578,25,0.008871185244876019,0.008913038756879996,0.11967364397037988,0.5502413332536013
item_ASPIRIN LOW DOSE,0.0008508016036541363,0.0022035938299781815,25,0.004979149872966845,0.008141812794494812,0.11967364397037988,0.5502413332536013
item_MESALAMINE DR,0.0008481438598355054,0.0010780595441069777,25,0.0080962514945919,0.008100113823292215,0.11967364397037988,0.5502413332536013
item_METHADONE HCL,0.0008428199453661551,0.0010679130838651607,25,0.007429437479696422,0.006885420933971422,0.11967364397037988,0.5502413332536013
item_SPS,0.0008193763970086098,0.001082718633157501,25,0.007347013908275793,0.004649018503993588,0.11967364397037988,0.5502413332536013
item_COMBIGAN,0.000803670811943507,0.0011984673645160943,25,0.00808213609377401,0.007221876458678405,0.11967364397037988,0.5502413332536013
item_MAGNESIUM-OXIDE,0.0007983343134331865,0.0017778597162584273,25,0.005580550864600112,0.008178405508875799,0.11967364397037988,0.5502413332536013
item_SANTYL,0.0007877283549285684,0.0013022672621002373,25,0.005663450769594671,0.005135924426185268,0.11967364397037988,0.5502413332536013
item_TRUVADA,0.0007814735201805681,0.0010367680193125546,25,0.005228685727937042,0.0034610317683931033,0.11967364397037988,0.5502413332536013
item_GAVILYTE-C,0.0007791546881178163,0.0013428956774476826,25,0.003990744983065493,0.004344120928534532,0.11967364397037988,0.5502413332536013
item_ONETOUCH DELICA LANCETS E,0.0007735900774950607,0.00161664867758582,25,0.0074855951356113835,0.010456438204761954,0.11967364397037988,0.5502413332536013
item_CVS PAIN RELIEF EXTRA STR,0.0007569229125927402,0.002174701360853588,25,0.008223946387048282,0.013140705827669257,0.11967364397037988,0.5502413332536013
item_ROPINIROLE HYDROCHLORIDE,0.0007552279795825512,0.0016641371727082784,25,0.004888271096326627,0.007023351057908118,0.11967364397037988,0.5502413332536013
item_NALTREXONE HCL,0.000754285782822424,0.0014297778018124165,25,0.00685408506556747,0.00964904532311084,0.11967364397037988,0.5502413332536013
item_POTASSIUM CHLORIDE,0.0007537915229263756,0.0014488269184071085,25,0.006507959676079283,0.009519400833401071,0.11967364397037988,0.5502413332536013
item_AURYXIA,0.0007429918985637249,0.0016732412135555628,25,0.0034999803185823486,0.006244612677246437,0.11967364397037988,0.5502413332536013
item_BYSTOLIC,0.0007402361403909361,0.001583059219127567,25,0.004393426336868667,0.006412332158149209,0.11967364397037988,0.5502413332536013
item_METHOTREXATE,0.0007357278736821951,0.0018413502556635384,25,0.004643837291513281,0.007576935731611431,0.11967364397037988,0.5502413332536013
item_FLUPHENAZINE HCL,0.0007263012277561074,0.0013238569955364855,25,0.005351966276029241,0.006439498184149685,0.11967364397037988,0.5502413332536013
item_RELION PEN NEEDLES 32GX4M,0.0007154703849705591,0.0010944918816363104,25,0.005857947635449589,0.006551013892199768,0.11967364397037988,0.5502413332536013
item_VELPHORO,0.0007151227988372093,0.001906375212813719,25,0.003601821746395821,0.007235154943018622,0.11967364397037988,0.5502413332536013
item_MONUROL,0.0007148325792922252,0.0020214902191731297,25,0.006047718178152107,0.0072203308419784475,0.11967364397037988,0.5502413332536013
item_ACETAMINOPHEN,0.0007134212163872229,0.0034402603567083973,25,0.002779324102571123,0.011488723916478849,0.11967364397037988,0.5502413332536013
item_HUMULIN N,0.0007045448111818866,0.0009089134435788853,25,0.006386788170426165,0.006355012883524888,0.11967364397037988,0.5502413332536013
item_CIPROFLOXACIN HCL,0.0007034115340466718,0.001119921966800702,25,0.004369706974146261,0.003973990695241626,0.11967364397037988,0.5502413332536013
item_VOTRIENT,0.0007031514058498439,0.0007215045508311425,25,0.006850456163544414,0.0028709534371328805,0.11967364397037988,0.5502413332536013
item_DILANTIN,0.0006950839622597592,0.0011302863114710125,25,0.005015805267069145,0.005180142859977507,0.11967364397037988,0.5502413332536013
item_NAMZARIC,0.0006797871431208498,0.0008889680319120542,25,0.006723023439834283,0.005716165319119516,0.11967364397037988,0.5502413332536013
item_DICLOFENAC POTASSIUM,0.0006762493078352785,0.0009698789533085019,25,0.004722917823213585,0.0038111420085807234,0.11967364397037988,0.5502413332536013
item_MEXILETINE HCL,0.0006700993166033829,0.001215501703885775,25,0.006752962852642824,0.005499407177269069,0.11967364397037988,0.5502413332536013
item_FENOFIBRATE,0.0006596425075709762,0.0010302408201489702,25,0.006127309609012146,0.006817311345210441,0.11967364397037988,0.5502413332536013
item_VITAMIN D3,0.0006553625593564696,0.0012971011386624248,25,0.004879377563669074,0.013260314262447344,0.11967364397037988,0.5502413332536013
item_NUEDEXTA,0.0006543660786544888,0.0008569630433111755,25,0.006255004045622232,0.004986178667045519,0.11967364397037988,0.5502413332536013
item_ALLOPURINOL,0.0006523793146700332,0.001302603866697903,25,0.004226624344619908,0.0047536993572260475,0.11967364397037988,0.5502413332536013
item_VEMLIDY,0.0006523492358998497,0.0028587928621588896,25,0.002134702359836159,0.009347931388477868,0.11967364397037988,0.5502413332536013
item_YUVAFEM,0.0006511804813094849,0.0012843373051214869,25,0.005467932719747188,0.007445792523825931,0.11967364397037988,0.5502413332536013
item_VOLTAREN,0.0006396112332229837,0.0012291046652731675,25,0.005238103314321615,0.004188029541529996,0.11967364397037988,0.5502413332536013
item_CELECOXIB,0.0006220637351549613,0.0013067685272590503,25,0.004753046938288082,0.008528908479223147,0.11967364397037988,0.5502413332536013
item_DYMISTA,0.0006201603246876274,0.0008839073508573555,25,0.005198258759864473,0.0062528576580068,0.11967364397037988,0.5502413332536013
item_SODIUM POLYSTYRENE SULFON,0.0006167408150145203,0.0009270823696181004,25,0.007092193650488591,0.005642201425301716,0.11967364397037988,0.5502413332536013
item_DIGOXIN,0.000609744359118959,0.0017047442999293656,25,0.004010443093028142,0.006912605772654337,0.11967364397037988,0.5502413332536013
item_NEOMYCIN SULFATE,0.0006094679363489213,0.000918151530195249,25,0.004945274850133364,0.004652014131248605,0.11967364397037988,0.5502413332536013
item_COPAXONE,0.0005999163036067877,0.0008241663928139112,25,0.00492638738556623,0.004196708986057599,0.11967364397037988,0.5502413332536013
item_DESMOPRESSIN ACETATE,0.000599883389348714,0.0008185400870830082,25,0.0053629009840633415,0.005387850078807533,0.11967364397037988,0.5502413332536013
item_CODEINE/GUAIFENESIN,0.0005857998794489454,0.0013453355680292374,25,0.003177361477393155,0.005907277291369778,0.11967364397037988,0.5502413332536013
item_RABEPRAZOLE SODIUM,0.0005684938823860234,0.000929211665989949,25,0.004584175809911078,0.005073852891618022,0.11967364397037988,0.5502413332536013
item_DILT-XR,0.0005518443794160638,0.0008982509141428083,25,0.005395455109127067,0.005030114613757271,0.11967364397037988,0.5502413332536013
item_BUSPIRONE HCL,0.0005420228466632971,0.0005962098609569019,25,0.006413066012097871,0.007266651625198457,0.11967364397037988,0.5502413332536013
item_TRETINOIN,0.0005419334162665173,0.0014109504414330492,25,0.0033941538834736896,0.005554286227985677,0.11967364397037988,0.5502413332536013
item_PROMETHAZINE/CODEINE,0.0005337493296338324,0.0009494724281261464,25,0.0036225338304603995,0.006598958900480132,0.11967364397037988,0.5502413332536013
item_LANSOPRAZOLE,0.0005261791851697872,0.0013180261176967078,25,0.0028591653561698053,0.00565615800856174,0.11967364397037988,0.5502413332536013
item_EPLERENONE,0.0005131843453260289,0.0010804512756690781,25,0.003214399953698965,0.005064593159087882,0.11967364397037988,0.5502413332536013
item_TRIMETHOPRIM,0.0005107377482866447,0.0009521605993489363,25,0.0049466783298145415,0.004866707141968607,0.11967364397037988,0.5502413332536013
item_ACCU-CHEK AVIVA PLUS,0.0005034191333343506,0.0015061856540390787,25,0.002149071280531788,0.005591304741937577,0.11967364397037988,0.5502413332536013
item_HYDROMET,0.0005033620343455577,0.0006405696508595408,25,0.006216355773003905,0.005018823641703885,0.11967364397037988,0.5502413332536013
item_CIALIS,0.0005009291429597108,0.0006824343363638531,25,0.003193694021480239,0.001976044538691692,0.11967364397037988,0.5502413332536013
item_LAMICTAL,0.0004911447143051359,0.0004571233983297095,25,0.005884754665028168,0.004245312220735026,0.11967364397037988,0.5502413332536013
item_NITROGLYCERIN TRANSDERMAL,0.00048140488057395214,0.0009140962077319662,25,0.004141702356297987,0.00489423512543901,0.11967364397037988,0.5502413332536013
item_CVS D3,0.00047742053775230297,0.0007635857853733691,25,0.005255957348990219,0.0077925165681158835,0.11967364397037988,0.5502413332536013
item_PHENYTOIN,0.00047318070629273704,0.0008561758689552893,25,0.003867100334703937,0.004284150891203826,0.11967364397037988,0.5502413332536013
item_TARCEVA,0.00046819243711313386,0.0005316817285963935,25,0.00392499785406594,0.002189860392535816,0.11967364397037988,0.5502413332536013
item_GEMFIBROZIL,0.00046805321984756703,0.0011028391745350737,25,0.002265226027586977,0.003679590518680208,0.11967364397037988,0.5502413332536013
item_DOCQLACE,0.00046236569183362685,0.0010569549606212689,25,0.0026712733582699034,0.003607978726654949,0.11967364397037988,0.5502413332536013
item_NITRO-BID,0.0004458273082295126,0.0009413565841362165,25,0.0031918725328949197,0.0054811812722987425,0.11967364397037988,0.5502413332536013
item_REXULTI,0.00043896983438848646,0.001152681458437705,25,0.0035287629268338657,0.005131032663065545,0.11967364397037988,0.5502413332536013
item_IBANDRONATE SODIUM,0.00043579735475383094,0.0008568313115160846,25,0.0028523937481182253,0.002958093316093775,0.11967364397037988,0.5502413332536013
item_FLUPHENAZINE DECANOATE,0.0004331190273493368,0.00063918344370939,25,0.0038080355736385867,0.004009250544198905,0.11967364397037988,0.5502413332536013
item_RELION INSULIN SYRINGE/U-,0.0004319709812720368,0.0006052739286580331,25,0.003181419215773711,0.002572861897353659,0.11967364397037988,0.5502413332536013
item_ESBRIET,0.00041879871520349664,0.0007620648732689396,25,0.002656339798783467,0.0026546778526865293,0.11967364397037988,0.5502413332536013
item_BISACODYL EC,0.00041689083903293346,0.0011091119339574568,25,0.001817405930154617,0.004111231271949546,0.11967364397037988,0.5502413332536013
item_TAB-A-VITE,0.00041653380887616523,0.0006736796959068043,25,0.004614512670258526,0.004907143294264219,0.11967364397037988,0.5502413332536013
item_KLOR-CON 10,0.00041371916935063454,0.0006546625779640616,25,0.004266986411193117,0.003907582842281304,0.11967364397037988,0.5502413332536013
item_SILVER SULFADIAZINE,0.0004106696533614487,0.000747165028981463,25,0.0035304233822460954,0.0042467420192211155,0.11967364397037988,0.5502413332536013
item_ALLERGY RELIEF,0.00040193527705034026,0.0010692159196974732,25,0.002919600214757676,0.00492340215748512,0.11967364397037988,0.5502413332536013
item_TOUJEO SOLOSTAR,0.0004005592520060857,0.0006202915306941588,25,0.00459351463181061,0.005924639730968297,0.11967364397037988,0.5502413332536013
item_CEFADROXIL,0.0003995188127856564,0.000828644498894925,25,0.0036949087281786946,0.004941879135244038,0.11967364397037988,0.5502413332536013
item_ETHAMBUTOL HYDROCHLORIDE,0.0003977347849516211,0.0008920774278154375,25,0.003008637919218114,0.0037938722858122465,0.11967364397037988,0.5502413332536013
item_DESCOVY,0.00039204005238348716,0.0008287012484656538,25,0.00436198951475658,0.006826621838245251,0.11967364397037988,0.5502413332536013
item_CRESTOR,0.0003836223532019608,0.00041309060734240983,25,0.003028360976744708,0.0009918899894527794,0.11967364397037988,0.5502413332536013
item_LUMIGAN,0.0003719828032050214,0.00041783653186089787,25,0.0045302889373963215,0.00527177989089601,0.11967364397037988,0.5502413332536013
item_CARISOPRODOL,0.0003713614765658832,0.0010324434001848272,25,0.002167979149813811,0.0041947864649073095,0.11967364397037988,0.5502413332536013
item_CLARITHROMYCIN,0.0003667713487096662,0.0005749702576844514,25,0.00350479038446258,0.0034242929494114056,0.11967364397037988,0.5502413332536013
item_METFORMIN HYDROCHLORIDE E,0.0003585539533363957,0.0006487836601151581,25,0.0037044473857914375,0.006245402117415481,0.11967364397037988,0.5502413332536013
item_ULORIC,0.0003575860042890273,0.000786809447943929,25,0.003012596193447045,0.004074746531481028,0.11967364397037988,0.5502413332536013
item_NOVOLIN 70/30,0.0003545083537758663,0.0006707322706980209,25,0.0037993059072135922,0.006332875091857457,0.11967364397037988,0.5502413332536013
item_HUMULIN R U-500 (CONCENTR,0.00035436723463497135,0.000806789058451777,25,0.0020431536895294754,0.003015736968376531,0.11967364397037988,0.5502413332536013
item_PERPHENAZINE,0.000352906026700304,0.0003928126452901641,25,0.0056186185425420076,0.00720257480808004,0.11967364397037988,0.5502413332536013
item_PROPAFENONE HYDROCHLORIDE,0.00034543703778346985,0.0006704617842811507,25,0.003466281335855561,0.00448744246668388,0.11967364397037988,0.5502413332536013
item_ILEVRO,0.0003449075460603361,0.0005195983961970449,25,0.003143050795290992,0.003878557032381907,0.11967364397037988,0.5502413332536013
item_NITROSTAT,0.00033561351525710566,0.000407032734257738,25,0.0025102257616024448,0.0009017495749451123,0.11967364397037988,0.5502413332536013
item_TROSPIUM CHLORIDE,0.00032643754799161547,0.0005776290207864237,25,0.0028100769033203004,0.003426827490453737,0.11967364397037988,0.5502413332536013
item_BUDESONIDE NASAL SPRAY,0.0003262676236302487,0.00043977714989796603,25,0.002727969545554938,0.0031699952498052855,0.11967364397037988,0.5502413332536013
item_TAMIFLU,0.00032583443174930964,0.00040032120385922397,25,0.002370933808428127,0.000904771920590404,0.11967364397037988,0.5502413332536013
item_ENALAPRIL MALEATE/HYDROCH,0.00032367729810126375,0.0007691501329197899,25,0.0016360568139903934,0.003677265714109912,0.11967364397037988,0.5502413332536013
item_LEFLUNOMIDE,0.00032051456760074477,0.0004402962427404604,25,0.00404778332365839,0.004430948486059164,0.11967364397037988,0.5502413332536013
item_ENTACAPONE,0.00032031844639854144,0.00035176768632841056,25,0.0047422227168658045,0.005062763040549723,0.11967364397037988,0.5502413332536013
item_PALIPERIDONE ER,0.00031996841153792116,0.0009319447908214583,25,0.002016649741404637,0.0038088311664453657,0.11967364397037988,0.5502413332536013
item_PIOGLITAZONE HYDROCHLORID,0.00031965059844532904,0.000828631296475363,25,0.0016117174308511576,0.0028985869788814927,0.11967364397037988,0.5502413332536013
item_CLOBETASOL PROPIONATE,0.00031469427528197096,0.0006766797638596958,25,0.002313892541519963,0.00396353364755234,0.11967364397037988,0.5502413332536013
item_TIMOLOL MALEATE,0.00031088344966029774,0.0005968080838742399,25,0.0024314638724341094,0.003326589830042977,0.11967364397037988,0.5502413332536013
item_TIMOLOL MALEATE OPHTHALMI,0.00030979113158942806,0.0007891650838432629,25,0.0014168191142385886,0.0032641048868826002,0.11967364397037988,0.5502413332536013
item_POTASSIUM CHLORIDE CR,0.0003037996456673466,0.0006106573881007548,25,0.0015704076147213001,0.002532023797322423,0.11967364397037988,0.5502413332536013
item_LATUDA,0.0003002955961952048,0.0008565022051908792,25,0.001974797435061259,0.003823760492536957,0.11967364397037988,0.5502413332536013
item_NOVOLIN N,0.0002975733360349519,0.0005249982360585373,25,0.002375789724079216,0.0033375932187558878,0.11967364397037988,0.5502413332536013
item_FLUAD 2018-2019,0.0002975275570672599,0.00059242508382847,25,0.0036008477817922368,0.004096077085292011,0.11967364397037988,0.5502413332536013
item_ECONAZOLE NITRATE,0.0002943676968197006,0.0005178000926462643,25,0.002568214989607365,0.0030355715645750095,0.11967364397037988,0.5502413332536013
item_RELION INSULIN SYRINGE 1M,0.0002881140147138067,0.0008073170468768493,25,0.0019436379873408291,0.0037124026548701413,0.11967364397037988,0.5502413332536013
item_TRUE METRIX SELF MONITORI,0.00028569025072661526,0.0006844989434365878,25,0.002588205480130517,0.004924357156703666,0.11967364397037988,0.5502413332536013
item_DORZOLAMIDE HCL/TIMOLOL M,0.000280202208921448,0.00105233011696741,25,0.0021591230283271577,0.004923737185116231,0.11967364397037988,0.5502413332536013
item_PILOCARPINE HYDROCHLORIDE,0.0002789693414982856,0.0006488018231712498,25,0.002019397658727959,0.0028567561344052996,0.11967364397037988,0.5502413332536013
item_BISOPROLOL FUMARATE,0.0002785691561529405,0.0005492454452142713,25,0.0023033678186644745,0.0036116972829568204,0.11967364397037988,0.5502413332536013
item_TRUE METRIX BLOOD GLUCOSE,0.000278383065224422,0.001079865640656189,25,0.0021756932677386336,0.008095634431448982,0.11967364397037988,0.5502413332536013
item_BD INSULIN SYRINGE ULTRAF,0.00027775361604454306,0.0005128993075024377,25,0.0021797351184238193,0.002877535758965979,0.11967364397037988,0.5502413332536013
item_VIVOTIF,0.00027716653590431894,0.0007720770035348862,25,0.0025212600349553654,0.004558896668167987,0.11967364397037988,0.5502413332536013
item_CVS ALLERGY,0.0002737498050383211,0.0007081834157265487,25,0.0028763653905022656,0.004851475567666835,0.11967364397037988,0.5502413332536013
item_DOCUSATE SODIUM,0.00026713622769647985,0.0008848270163513504,25,0.002573314266629853,0.006574277619387193,0.11967364397037988,0.5502413332536013
item_SUMATRIPTAN SUCCINATE,0.00026613425904479534,0.00044454970293007637,25,0.0028604932900209374,0.003541396735638519,0.11967364397037988,0.5502413332536013
item_PHENAZOPYRIDINE HYDROCHLO,0.0002660722536755549,0.0005705865977417013,25,0.0037929793785306215,0.0066147887828063145,0.11967364397037988,0.5502413332536013
item_CYPROHEPTADINE HYDROCHLOR,0.0002560646045370817,0.0005971645972448328,25,0.002411455428191787,0.003336562921924768,0.11967364397037988,0.5502413332536013
item_AMPHETAMINE/DEXTROAMPHETA,0.0002554377445194771,0.00048177128878097947,25,0.0030541285168945204,0.004702023192373887,0.11967364397037988,0.5502413332536013
item_PYRIDOSTIGMINE BROMIDE,0.00025470528518557034,0.0005573060616021824,25,0.0018670365934950282,0.002589487792670866,0.11967364397037988,0.5502413332536013
item_RA ACETAMINOPHEN EXTRA ST,0.0002491592973663513,0.0005913159799232226,25,0.0021863819485117312,0.003358267609810973,0.11967364397037988,0.5502413332536013
item_BD PEN NEEDLE/ORIGINAL/UL,0.0002454808414417559,0.0006149772429344396,25,0.0017205197497525081,0.0029453861857962477,0.11967364397037988,0.5502413332536013
item_XIIDRA,0.00024387580675873862,0.00042185133509105223,25,0.0031769305558895424,0.0052040325166070244,0.11967364397037988,0.5502413332536013
item_INTELENCE,0.00024366151670935827,0.0007260131860160739,25,0.0016536483171901686,0.003062003979790337,0.11967364397037988,0.5502413332536013
item_NAMENDA XR,0.0002416875329558104,0.0003245654952845276,25,0.0018200197926445533,0.001016104153411168,0.11967364397037988,0.5502413332536013
item_QVAR,0.00024126431822674106,0.000532685214940654,25,0.00131534334055327,0.0018116799479456376,0.11967364397037988,0.5502413332536013
item_TRIAMCINOLONE ACETONIDE,0.00024089035100886635,0.0005859231765310364,25,0.002039427027329007,0.0030160313778373354,0.11967364397037988,0.5502413332536013
item_CIPRO HC,0.00023178444260513078,0.0009281990546765569,25,0.0009001747436480928,0.003049836659978083,0.11967364397037988,0.5502413332536013
item_ISENTRESS,0.00023057937885100947,0.0005557382659891076,25,0.002941843491488236,0.004733849591472055,0.11967364397037988,0.5502413332536013
item_SPIRONOLACTONE/HYDROCHLOR,0.00022640904507491817,0.000364825136674645,25,0.00163257682336502,0.002307229896266376,0.11967364397037988,0.5502413332536013
item_TOVIAZ,0.00022573713844418594,0.0005145479372951979,25,0.002443171672744773,0.00381510748343168,0.11967364397037988,0.5502413332536013
item_AMLODIPINE/OLMESARTAN MED,0.00021549823968938342,0.0005999860579001766,25,0.001623548731239479,0.004088826531487346,0.11967364397037988,0.5502413332536013
item_METHIMAZOLE,0.00021470054012875033,0.0005910403209942798,25,0.0016209165911067298,0.003394779611587944,0.11967364397037988,0.5502413332536013
item_DIPHENHYDRAMINE HCL,0.00021445685185679183,0.0008867562781996146,25,0.0013498524817860404,0.0033099610737450983,0.11967364397037988,0.5502413332536013
item_GAVILYTE-G,0.00021036601255814118,0.0005708254260194055,25,0.0015760157863401014,0.0024275567134591845,0.11967364397037988,0.5502413332536013
item_REPATHA SURECLICK,0.00021021995286619208,0.00048240126564838055,25,0.0030773925355138047,0.007004860221693387,0.11967364397037988,0.5502413332536013
item_NEXAVAR,0.00021003967750036546,0.0003497639623891751,25,0.001985196874276453,0.0018051683552841047,0.11967364397037988,0.5502413332536013
item_TOBRAMYCIN SULFATE,0.0002100221001578472,0.00033063424207874025,25,0.0016245861562827655,0.001957460858103398,0.11967364397037988,0.5502413332536013
item_VALSARTAN,0.00020532974469879926,0.00032461905017033745,25,0.0022473418718216877,0.0021810575063924203,0.11967364397037988,0.5502413332536013
item_MELATONIN,0.00020413829333815878,0.00043976426230105776,25,0.00315163554944808,0.006910829804391412,0.11967364397037988,0.5502413332536013
item_ABILIFY MAINTENA,0.00020120431342034788,0.0006204959303920289,25,0.0012670096206579468,0.002974822602335334,0.11967364397037988,0.5502413332536013
item_PNEUMOVAX 23,0.00019480567295478035,0.0004780212705440217,25,0.0024818121754755073,0.00440889984379705,0.11967364397037988,0.5502413332536013
item_NOVOLOG MIX 70/30,0.00019408111389543472,0.0006591589083969812,25,0.0012272698985625313,0.002448017060994167,0.11967364397037988,0.5502413332536013
item_HYOSCYAMINE SULFATE,0.000193713766653481,0.0007180103403608929,25,0.0007439216692876893,0.0024112150907573448,0.11967364397037988,0.5502413332536013
item_FAMCICLOVIR,0.0001934495488374445,0.0006640289705754102,25,0.0012077157873466283,0.0030939838808838717,0.11967364397037988,0.5502413332536013
item_BENAZEPRIL HCL/HYDROCHLOR,0.00019043915986937678,0.0007488218245989325,25,0.0006902041933069421,0.0024634319837324474,0.11967364397037988,0.5502413332536013
item_DOXYCYCLINE,0.0001814129297145735,0.0005126298618847616,25,0.0013236694055218734,0.0034175611618615345,0.11967364397037988,0.5502413332536013
item_RASAGILINE MESYLATE,0.00017972197043007794,0.00042100448975211814,25,0.002426690378383386,0.004592340718605408,0.11967364397037988,0.5502413332536013
item_BEVESPI AEROSPHERE,0.000176940088412226,0.00041804971050771764,25,0.0037164299466088796,0.008757139943231372,0.11967364397037988,0.5502413332536013
item_NUCYNTA,0.00017644669730532665,0.0004203304979525469,25,0.001687826144445895,0.0035021553473499594,0.11967364397037988,0.5502413332536013
item_PULMOMATE COMPRESSOR W/DI,0.00017107941184608768,0.0005990865158939803,25,0.0006498778479381576,0.002004158687412542,0.11967364397037988,0.5502413332536013
item_LEVOCETIRIZINE DIHYDROCHL,0.00017051954417320378,0.0007190188904553382,25,0.001036248083743031,0.003019361706345348,0.11967364397037988,0.5502413332536013
item_NORMAL SALINE FLUSH,0.00017030237375610272,0.0003692264168112769,25,0.0035996497331224476,0.007813620175754892,0.11967364397037988,0.5502413332536013
item_EFFIENT,0.0001702465230435689,0.00017362525828825795,25,0.001542730822301118,0.0006391255254462394,0.11967364397037988,0.5502413332536013
item_CHOLESTYRAMINE LIGHT,0.000167164257938811,0.0003786692546443692,25,0.0017854863828978618,0.003877645761446109,0.11967364397037988,0.5502413332536013
item_BUPROPION HCL,0.00016665948879973744,0.0003933035003907826,25,0.0016476799232900965,0.0028648279405000983,0.11967364397037988,0.5502413332536013
item_TRANSDERM-SCOP,0.00016592720453714702,0.00038868595081847506,25,0.001152301462366873,0.0019992566331143557,0.11967364397037988,0.5502413332536013
item_VITAMIN B-12,0.00016525822078741412,0.000601437544701476,25,0.0005414892962461254,0.00197196302290076,0.11967364397037988,0.5502413332536013
item_ESZOPICLONE,0.00016464126076436205,0.0004990032329155873,25,0.001046110912146406,0.0019593478903090753,0.11967364397037988,0.5502413332536013
item_DOXAZOSIN MESYLATE,0.00015884399050782914,0.0003771466025366544,25,0.0009454828693830219,0.001835721355503411,0.11967364397037988,0.5502413332536013
item_COLESEVELAM HYDROCHLORIDE,0.00015829829190231904,0.0004515919314902995,25,0.0033479438241986515,0.009557192880279083,0.11967364397037988,0.5502413332536013
item_IMATINIB MESYLATE,0.00015662430161277583,0.0004584368387485646,25,0.0012287954482650277,0.0022492081920042063,0.11967364397037988,0.5502413332536013
item_VIMOVO,0.00015393386297915865,0.0005592659559927356,25,0.000502996998629236,0.0018272401403903692,0.11967364397037988,0.5502413332536013
item_MAPAP,0.0001535066615446953,0.00033531914017112394,25,0.0019449014408106406,0.002986210668151175,0.11967364397037988,0.5502413332536013
item_THEOPHYLLINE ER,0.00015130271090153986,0.0004479180258114732,25,0.0008154724772053228,0.0016755336685001004,0.11967364397037988,0.5502413332536013
item_MIMVEY,0.0001504360647115654,0.000752180323557827,25,0.0004914125672551414,0.0024570628362757074,0.11967364397037988,0.5502413332536013
item_EXEMESTANE,0.00014944758471806092,0.0004213534622830812,25,0.0011117844435062146,0.0018431419886088647,0.11967364397037988,0.5502413332536013
item_LINEZOLID,0.00014849358704746804,0.0005614376135779192,25,0.0011851071982547133,0.0037505220603147134,0.11967364397037988,0.5502413332536013
item_CAREONE UNIFINE PENTIPS P,0.0001483713777518619,0.00026631320675575646,25,0.0016693384961477306,0.002166640592493099,0.11967364397037988,0.5502413332536013
item_GLYCOPYRROLATE,0.00014452403050817193,0.0003618489442880482,25,0.0019135654805067287,0.0042842363336205265,0.11967364397037988,0.5502413332536013
item_FLUZONE QUADRIVALENT 2018,0.0001438636051003421,0.00042568808450044616,25,0.0004712422909169897,0.0013942874377900346,0.11967364397037988,0.5502413332536013
item_NYAMYC,0.00014331210721600833,0.00045695927900028945,25,0.0007093659200605517,0.0017232982122655372,0.11967364397037988,0.5502413332536013
item_SIMBRINZA,0.00014286520819504315,0.0003272585352194763,25,0.0014751605226924949,0.002528240802846591,0.11967364397037988,0.5502413332536013
item_FARXIGA,0.00014284537133551378,0.000497773734660025,25,0.0004668051825859025,0.001626589913249134,0.11967364397037988,0.5502413332536013
item_TOLTERODINE TARTRATE,0.0001427142806987233,0.00023319421428608,25,0.0020265457901448183,0.0034614673179728635,0.11967364397037988,0.5502413332536013
item_ZOLPIDEM TARTRATE,0.00014147488678870545,0.0002864428542968611,25,0.002973058876745907,0.005995026373461171,0.11967364397037988,0.5502413332536013
item_JAKAFI,0.0001400292841430135,0.0003335523717674691,25,0.0010357231525456004,0.0020920702877401383,0.11967364397037988,0.5502413332536013
item_CALCIUM + D3,0.0001396662282704485,0.00039223957794696997,25,0.0009517597514196706,0.002298226114892293,0.11967364397037988,0.5502413332536013
item_ASPIRIN EC LOW DOSE,0.00013566541662971424,0.00026062009699104056,25,0.0009350357199012922,0.0012140219537513492,0.11967364397037988,0.5502413332536013
item_CHLORTHALIDONE,0.00013459853069919622,0.00038529829559658823,25,0.0010388086491653365,0.002356383072172244,0.11967364397037988,0.5502413332536013
item_STOOL SOFTENER,0.00013438270252872454,0.00037570627711060623,25,0.0015512521806323178,0.003136439544895924,0.11967364397037988,0.5502413332536013
item_AGGRENOX,0.00013350731684181637,0.00027709810759551543,25,0.001237936454225351,0.00160866361813808,0.11967364397037988,0.5502413332536013
item_HUMALOG MIX 75/25,0.00013308219561292456,0.0002006737606683543,25,0.0012764971311071973,0.0013843582757579764,0.11967364397037988,0.5502413332536013
item_NYSTOP,0.00013230112585085874,0.0003233642640525323,25,0.0020825343392763236,0.005691684231830303,0.11967364397037988,0.5502413332536013
item_ONETOUCH VERIO TEST STRIP,0.00013003660915209217,0.00039836939403698694,25,0.0013616741694298762,0.002934700867825913,0.11967364397037988,0.5502413332536013
item_OXYCONTIN,0.00012950864304376732,0.0004183371178869771,25,0.002722486592799901,0.008793556391580718,0.11967364397037988,0.5502413332536013
item_NORTRIPTYLINE HYDROCHLORI,0.00012847880450023155,0.00022635939316857133,25,0.000911268066015776,0.0018261047827716186,0.11967364397037988,0.5502413332536013
item_LOVENOX,0.00012827129894785468,0.00033737992723629085,25,0.0011518899066420586,0.002453980667814276,0.11967364397037988,0.5502413332536013
item_LOXAPINE SUCCINATE,0.0001281585595530082,0.000263490925057645,25,0.000719134580211398,0.001538812941183874,0.11967364397037988,0.5502413332536013
item_IRBESARTAN,0.00012781883668565473,0.00045061030766924235,25,0.0006528190758876428,0.0017027026649020342,0.11967364397037988,0.5502413332536013
item_FERROUS GLUCONATE,0.00012762301857938772,0.0003012143201217242,25,0.0017752935130429489,0.0038330866604173934,0.11967364397037988,0.5502413332536013
item_AMPICILLIN,0.00012758447553402901,0.00020042937569204688,25,0.0017759510826018102,0.0026839779274482646,0.11967364397037988,0.5502413332536013
item_RA ASPIRIN EC,0.00012638793349899338,0.0004285938482883833,25,0.0013081309723721784,0.004682545418627683,0.11967364397037988,0.5502413332536013
item_JANUMET,0.00012337772264806176,0.0005383072113696348,25,0.0006786876053811907,0.001932779174932041,0.11967364397037988,0.5502413332536013
item_ZOLPIDEM TARTRATE ER,0.00012035127205710636,0.00030531237111570026,25,0.0015914779006625374,0.0037224342508523495,0.11967364397037988,0.5502413332536013
item_AZATHIOPRINE,0.00012031005146299266,0.00021027135342888562,25,0.002010686931141431,0.003508532929864526,0.11967364397037988,0.5502413332536013
item_ADJUSTABLE LANCING DEVICE,0.00011899576600917172,0.0003681531272580851,25,0.0006285667300231129,0.001800393623206565,0.11967364397037988,0.5502413332536013
item_TYPHIM VI,0.00011874394464260804,0.0003431304126993766,25,0.0003891980897769018,0.001125054680763015,0.11967364397037988,0.5502413332536013
item_OLMESARTAN MEDOXOMIL,0.00011785789869859436,0.0002683519782559397,25,0.0024840489207466625,0.005648923261941906,0.11967364397037988,0.5502413332536013
item_OLANZAPINE ODT,0.00011686257664960276,0.0002963893147481128,25,0.0015765870240619455,0.003809063935358701,0.11967364397037988,0.5502413332536013
item_PIROXICAM,0.00011534084099754521,0.00026903319727106793,25,0.0011219837918255036,0.0024424242494336464,0.11967364397037988,0.5502413332536013
item_PROMACTA,0.00011528708947935655,0.0004549716919599325,25,0.0008043010075154346,0.0018270232246571504,0.11967364397037988,0.5502413332536013
item_GLOBAL EASE INJECT PEN NE,0.00011386375452759479,0.000569318772637974,25,0.00037368849496523406,0.0018684424748261705,0.11967364397037988,0.5502413332536013
item_NOVOFINE PEN NEEDLE 32G X,0.00011352324126474881,0.0003289834825441396,25,0.0007110311953327989,0.0015516448839277613,0.11967364397037988,0.5502413332536013
item_AQUALANCE LANCETS UL,0.00011317303379762072,0.0005658651689881036,25,0.0003701745020520092,0.0018508725102600457,0.11967364397037988,0.5502413332536013
item_AZELEX,0.00011287840691065228,0.0003957803076639027,25,0.0003696638219817999,0.0012952434218399928,0.11967364397037988,0.5502413332536013
item_NORETHINDRONE ACETATE/ETH,0.00011155614754209028,0.0005577807377104513,25,0.00036440791615933164,0.0018220395807966583,0.11967364397037988,0.5502413332536013
item_ASPIR-LOW,0.00011069417105090919,0.0004342787720209598,25,0.0005836545574738305,0.001559689501661908,0.11967364397037988,0.5502413332536013
item_TRULANCE,0.00010959389662165413,0.00035907394784979557,25,0.0011516532585549302,0.0036138225756905213,0.11967364397037988,0.5502413332536013
item_TECFIDERA,0.00010742682394106693,0.00040916407355664114,25,0.0005390248660578533,0.0014395986020094055,0.11967364397037988,0.5502413332536013
item_OYSTER SHELL CALCIUM,0.00010624648334812438,0.00022906175934369328,25,0.0014973215580037413,0.0026133713965426895,0.11967364397037988,0.5502413332536013
item_VIRTUSSIN A/C,0.00010478174759286821,0.0002800378271266777,25,0.0012731404087593335,0.0026880425916366536,0.11967364397037988,0.5502413332536013
item_VERAPAMIL HCL,0.0001039029690412021,0.0001980420664672321,25,0.0012181575470415864,0.0017664816157990466,0.11967364397037988,0.5502413332536013
item_COREG,0.00010263239078396342,0.00032256780664114,25,0.0011327268737385396,0.0034313775975286067,0.11967364397037988,0.5502413332536013
item_TESTOSTERONE CYPIONATE,0.00010235234716708902,0.000381262797669049,25,0.0003351250948999625,0.0012469055272768506,0.11967364397037988,0.5502413332536013
item_PREVALITE,0.00010136601300863451,0.0002793042541978342,25,0.0007430225990611627,0.001412533914872502,0.11967364397037988,0.5502413332536013
item_CARBIDOPA/LEVODOPA ODT,0.00010070503804612652,0.00027050601508985656,25,0.0009147461415502096,0.0011207981520196372,0.11967364397037988,0.5502413332536013
item_ROPINIROLE ER,0.0001001651075971804,0.0003060883087389729,25,0.0005382198011287386,0.0012737599981553173,0.11967364397037988,0.5502413332536013
item_XOPENEX HFA,9.996774736357278e-05,0.00034131789874127443,25,0.0004785894025482606,0.0012399419461131109,0.11967364397037988,0.5502413332536013
item_PHOSPHA 250 NEUTRAL,9.652718010201336e-05,0.0003232917365020788,25,0.000898798901803129,0.0019854961785158035,0.11967364397037988,0.5502413332536013
item_BD PEN NEEDLE/MICRO/ULTRA,9.470513376954795e-05,0.0004735256688477398,25,0.0003090118051461464,0.0015450590257307319,0.11967364397037988,0.5502413332536013
item_ERYTHROMYCIN BASE,9.385670693748638e-05,0.0002116346911632163,25,0.0010382789589016169,0.0020215696380928056,0.11967364397037988,0.5502413332536013
item_OPSUMIT,9.312983334920512e-05,0.00022606556984917074,25,0.0011855906917121652,0.0019295783238682234,0.11967364397037988,0.5502413332536013
item_CYCLOSPORINE MODIFIED,9.194135357490364e-05,0.0003157179694683803,25,0.000874519938760973,0.0027185083845379814,0.11967364397037988,0.5502413332536013
item_RENO CAPS,9.136297329512265e-05,0.00019942818558555355,25,0.0019239642487311741,0.004199263678739662,0.11967364397037988,0.5502413332536013
item_ZYTIGA,9.062948933051276e-05,0.00016956561631591925,25,0.0011263308532415968,0.0017620830414156292,0.11967364397037988,0.5502413332536013
item_AZELASTINE HCL,8.929512170301544e-05,0.00020608512497338234,25,0.0008681485110806452,0.0018486779886529693,0.11967364397037988,0.5502413332536013
item_FREESTYLE LITE BLOOD GLUC,8.90021833057867e-05,0.0004450109165289335,25,0.0002904037429712469,0.0014520187148562346,0.11967364397037988,0.5502413332536013
item_TIROSINT,8.877538827754349e-05,0.00025996216691894826,25,0.0009477498906832179,0.0015709755265360071,0.11967364397037988,0.5502413332536013
item_CORLANOR,8.860213438687549e-05,0.00020540316831212682,25,0.0018700608694810696,0.004339384047797199,0.11967364397037988,0.5502413332536013
item_PREZCOBIX,8.849555749363453e-05,0.00027054102244906806,25,0.001873572676976076,0.0057282662756121296,0.11967364397037988,0.5502413332536013
item_DUTASTERIDE,8.80368159574165e-05,0.00020461380496299874,25,0.0009442068060398109,0.002171241521342243,0.11967364397037988,0.5502413332536013
item_ZOSTAVAX,8.80079460413115e-05,9.614298148054763e-05,25,0.0007190152229230606,0.00048135108452080326,0.11967364397037988,0.5502413332536013
item_AMMONIUM LACTATE,8.692384813831522e-05,0.00021553346279894783,25,0.0011611604448472743,0.002584039433828612,0.11967364397037988,0.5502413332536013
item_CLOTRIMAZOLE/BETAMETHASON,8.647643563966085e-05,0.000380534250023322,25,0.0004653053129336531,0.0014345805706490811,0.11967364397037988,0.5502413332536013
item_ASPIRIN EC,8.636179123516683e-05,0.00029722531793560555,25,0.0018160260117882695,0.0062534176980343845,0.11967364397037988,0.5502413332536013
item_VITAMIN C,8.620477039871284e-05,0.0002701909543302641,25,0.0008979825750767114,0.0022262126150766203,0.11967364397037988,0.5502413332536013
item_ABACAVIR SULFATE/LAMIVUDI,8.58390166519731e-05,0.00019276555943661367,25,0.0018077915233539318,0.004053664932897696,0.11967364397037988,0.5502413332536013
item_TRIFLUOPERAZINE HCL,8.563730576792799e-05,0.0001988039026175402,25,0.0004670521442267395,0.0007491581007226855,0.11967364397037988,0.5502413332536013
item_BIDIL,8.55370463410253e-05,0.00014049739905196523,25,0.0018007544370924825,0.0029526385315983552,0.11967364397037988,0.5502413332536013
item_OSPHENA,8.52833717534594e-05,0.00042315241964448533,25,0.0002895273299414742,0.0013799165022348164,0.11967364397037988,0.5502413332536013
item_AMIODARONE HCL,8.397667661545653e-05,0.0002558175512334889,25,0.0005043881334724741,0.0010097485573803517,0.11967364397037988,0.5502413332536013
item_TERBINAFINE HCL,8.389034982487953e-05,0.00041945174912439765,25,0.00027525141357617603,0.0013762570678808803,0.11967364397037988,0.5502413332536013
item_EPIPEN 2-PAK,8.327324284514028e-05,0.00014332310209218686,25,0.0010251745906532071,0.0017009321955999777,0.11967364397037988,0.5502413332536013
item_NP THYROID 60,8.251067676503017e-05,0.0002375473534299992,25,0.0010630842320431308,0.0032698964831246137,0.11967364397037988,0.5502413332536013
item_HUMULIN R U-500 KWIKPEN,8.248971095193555e-05,0.00016402298573657838,25,0.0017389146947603693,0.0034605069639734093,0.11967364397037988,0.5502413332536013
item_BACITRACIN/POLYMYXIN B,8.234603422721363e-05,0.00029093999389135126,25,0.0007019735767866928,0.0015027930038625035,0.11967364397037988,0.5502413332536013
item_SURE COMFORT PEN NEEDLES,8.223430958342412e-05,0.00041117154791712063,25,0.0002706582098814952,0.0013532910494074763,0.11967364397037988,0.5502413332536013
item_RESTASIS,7.991253071267791e-05,0.00033963276331108305,25,0.00048724133050211853,0.0016939950255833798,0.11967364397037988,0.5502413332536013
item_BACITRACIN ZINC,7.777571849840282e-05,0.00023826084113643528,25,0.0016514033562109193,0.005076122463372155,0.11967364397037988,0.5502413332536013
item_GAVILYTE-N/FLAVOR PACK,7.759332875261603e-05,0.00034140205062090193,25,0.0004165577849084544,0.0012373810303304186,0.11967364397037988,0.5502413332536013
item_VALACYCLOVIR HYDROCHLORID,7.728328626621921e-05,0.00015106287677374926,25,0.001024022491990617,0.00227522240422524,0.11967364397037988,0.5502413332536013
item_TERAZOSIN HCL,7.620467433718836e-05,0.0003076395173600911,25,0.0005145254245942083,0.0014336766223651091,0.11967364397037988,0.5502413332536013
item_LIDODERM,7.493369158749167e-05,0.00018685117688706747,25,0.0009529265366587,0.0017953826033167606,0.11967364397037988,0.5502413332536013
item_DENTA 5000 PLUS,7.480109355584149e-05,0.00018998944305186,25,0.00107271502143939,0.002885154385668391,0.11967364397037988,0.5502413332536013
item_POTASSIUM CITRATE ER,7.456600055778195e-05,0.00016456982539627367,25,0.001056102107239379,0.001979666139073325,0.11967364397037988,0.5502413332536013
item_IRBESARTAN/HYDROCHLOROTHI,7.336057636734021e-05,0.000366802881836701,25,0.00023995305167474863,0.0011997652583737432,0.11967364397037988,0.5502413332536013
item_XALATAN,7.327919870449677e-05,0.0002727661303842154,25,0.00023951523601937103,0.0008907882791350719,0.11967364397037988,0.5502413332536013
item_TOPROL XL,7.297798658593848e-05,0.0002466793068000705,25,0.0005054754510110815,0.0011106931922168187,0.11967364397037988,0.5502413332536013
item_ANAGRELIDE HYDROCHLORIDE,7.17040434001537e-05,0.0002890503165465417,25,0.00030391055667215803,0.0010145641798998165,0.11967364397037988,0.5502413332536013
item_OXYCODONE HCL ER,7.10335808571585e-05,0.00019869486728111682,25,0.0008476977650675615,0.002015091687204162,0.11967364397037988,0.5502413332536013
item_PIPERACILLIN SODIUM/TAZOB,6.958276587656231e-05,0.00026214063174112356,25,0.0005489359541102442,0.0015598295617433513,0.11967364397037988,0.5502413332536013
item_PENICILLIN V POTASSIUM,6.949727224122612e-05,0.00012982627453826312,25,0.0008343769041230723,0.0013910685260098395,0.11967364397037988,0.5502413332536013
item_RESTASIS MULTIDOSE,6.891573635193619e-05,0.00027356568338123607,25,0.0005089309996512004,0.001854702104905734,0.11967364397037988,0.5502413332536013
item_BACITRACIN,6.790692059137196e-05,0.00023820683760008372,25,0.0006270728474278436,0.0019924898772790784,0.11967364397037988,0.5502413332536013
item_CLONAZEPAM ODT,6.77637235629571e-05,0.0003388186178147855,25,0.00022155734702556916,0.0011077867351278457,0.11967364397037988,0.5502413332536013
item_FENOFIBRIC ACID DR,6.732500546279218e-05,0.00022575998624366564,25,0.0003208235880964732,0.000920756687900528,0.11967364397037988,0.5502413332536013
item_HYDROXYCHLOROQUINE SULFAT,6.722375685125001e-05,0.00020953076750421576,25,0.0007037253771832923,0.001762732705214132,0.11967364397037988,0.5502413332536013
item_VERAPAMIL HCL ER,6.564285975506386e-05,0.00025421016041256983,25,0.00048019653324992366,0.001177112944599632,0.11967364397037988,0.5502413332536013
item_VIAGRA,6.431351942723212e-05,0.00014063752866083943,25,0.0007199238129044594,0.0013938404526083984,0.11967364397037988,0.5502413332536013
item_NOXAFIL,6.315463561014594e-05,0.0001232839652928371,25,0.0013360550063326794,0.0026100615177533145,0.11967364397037988,0.5502413332536013
item_DEXAMETHASONE SODIUM PHOS,6.215146813893165e-05,0.0003107573406946583,25,0.00020397437872197023,0.0010198718936098511,0.11967364397037988,0.5502413332536013
item_NAPROXEN SODIUM,6.19582634811687e-05,0.00016054346515827526,25,0.0003560346798479969,0.0006435245299111796,0.11967364397037988,0.5502413332536013
item_SELEGILINE HCL,6.066879377790494e-05,0.0001752826267327095,25,0.0004934653512657692,0.0015657603443768413,0.11967364397037988,0.5502413332536013
item_VORICONAZOLE,6.034796750761461e-05,0.00010942093501300863,25,0.0012716359598004972,0.0023046839389257784,0.11967364397037988,0.5502413332536013
item_PREVACID SOLUTAB,6.0246565284929264e-05,8.6783792959346e-05,25,0.0009307714035784954,0.0014384784018409958,0.11967364397037988,0.5502413332536013
item_PENTOXIFYLLINE ER,6.004917242280283e-05,0.00015664601332323735,25,0.0007623829758426786,0.0017071431205767603,0.11967364397037988,0.5502413332536013
item_FLUZONE HIGH-DOSE PF 2017,5.840737514698986e-05,4.565053219695931e-05,25,0.0006476783579426355,0.0005429639506086797,0.11967364397037988,0.5502413332536013
item_MINOXIDIL,5.81740722443288e-05,0.0002727934415211587,25,0.0002545053072536358,0.0009572128628922024,0.11967364397037988,0.5502413332536013
item_ONETOUCH ULTRA MINI,5.768224563828395e-05,0.0002673227272792808,25,0.0002637191914822607,0.0009636480585895172,0.11967364397037988,0.5502413332536013
item_LIVALO,5.6269989668088785e-05,0.00021178943334164546,25,0.0001846586208359728,0.0006950463364238162,0.11967364397037988,0.5502413332536013
item_FLECTOR,5.580089897050747e-05,0.00021610034221409847,25,0.00018323536657116935,0.0007092620342552314,0.11967364397037988,0.5502413332536013
item_INVOKANA,5.4693667788530724e-05,0.00017036486569631606,25,0.0001787852590034649,0.0005568918716404162,0.11967364397037988,0.5502413332536013
item_FINASTERIDE,5.458764324698544e-05,0.00012566888906088226,25,0.0011510218072794001,0.002647234489235619,0.11967364397037988,0.5502413332536013
item_SPRYCEL,5.356997355280948e-05,8.271217593511644e-05,25,0.0007810373948318653,0.0012509866356692223,0.11967364397037988,0.5502413332536013
item_HUMULIN N KWIKPEN,5.3387167211632096e-05,0.00025938141993735365,25,0.00020146089509240895,0.000859586481620507,0.11967364397037988,0.5502413332536013
item_NOVOLIN R RELION,5.3306304079911296e-05,0.0002665315203995565,25,0.000173932252600855,0.000869661263004275,0.11967364397037988,0.5502413332536013
item_LIDOCAINE HCL,5.2243590954442534e-05,0.0002612179547722127,25,0.0001714156907263378,0.0008570784536316891,0.11967364397037988,0.5502413332536013
item_VITAMIN B-1,5.218602229231804e-05,0.00024180445299371475,25,0.00023893517736327892,0.0008729640579881719,0.11967364397037988,0.5502413332536013
item_NATURE-THROID,5.206705525443292e-05,0.00017101737060652272,25,0.0005046406154703269,0.0012273632343220353,0.11967364397037988,0.5502413332536013
item_CALCIUM/VITAMIN D,5.1786258545832626e-05,0.0002589312927291631,25,0.00016995688484154774,0.0008497844242077386,0.11967364397037988,0.5502413332536013
item_PROTONIX,5.1512725868363704e-05,0.00017440243106308046,25,0.0005160123417160677,0.0016713157885708285,0.11967364397037988,0.5502413332536013
item_ANASTROZOLE,5.123746658181042e-05,0.0002213241279063688,25,0.00029057739537036956,0.000857266087306272,0.11967364397037988,0.5502413332536013
item_GENTAK,4.9851565002092246e-05,9.98771000724378e-05,25,0.00029570521555980856,0.00042466080211653133,0.11967364397037988,0.5502413332536013
item_CEFAZOLIN SODIUM,4.953187142999836e-05,0.00010888504521744212,25,0.0010461737595353978,0.002299412738674323,0.11967364397037988,0.5502413332536013
item_HYDROCORTISONE ACETATE,4.9175687814921076e-05,0.00012396829835242075,25,0.0010352521778546292,0.002613270795938216,0.11967364397037988,0.5502413332536013
item_HUMALOG MIX 50/50,4.898910273938898e-05,0.00010134483441277357,25,0.0005297136036111148,0.0007537108574289227,0.11967364397037988,0.5502413332536013
item_MIRTAZAPINE ODT,4.858623026881071e-05,0.00024293115134405358,25,0.0001585312023015075,0.0007926560115075375,0.11967364397037988,0.5502413332536013
item_VIIBRYD,4.8512200046778275e-05,0.00013516356407924387,25,0.001022747779909085,0.002843940118550379,0.11967364397037988,0.5502413332536013
item_DIFLUNISAL,4.7971878338936914e-05,0.0002398593916946846,25,0.00015789009212386834,0.0007894504606193416,0.11967364397037988,0.5502413332536013
item_FREESTYLE LIBRE/READER/FL,4.79689464349567e-05,0.00013141395886893554,25,0.00033133921009693144,0.0006109169625528224,0.11967364397037988,0.5502413332536013
item_PROAIR RESPICLICK,4.729297799950854e-05,0.00013740137589380097,25,0.00033201250383360745,0.001109010103577396,0.11967364397037988,0.5502413332536013
item_CEFEPIME,4.704988312471258e-05,0.00011471225841049932,25,0.0009940890158498502,0.002423204294904009,0.11967364397037988,0.5502413332536013
item_AFINITOR,4.70401851013603e-05,9.005933437823838e-05,25,0.0009909086611841712,0.0018976752026121314,0.11967364397037988,0.5502413332536013
item_LEVALBUTEROL TARTRATE HFA,4.624070406051751e-05,0.00023120352030258758,25,0.0001517569763811001,0.0007587848819055004,0.11967364397037988,0.5502413332536013
item_PRILOSEC OTC,4.4652295183130684e-05,0.00022326147591565342,25,0.0001469643308564036,0.000734821654282018,0.11967364397037988,0.5502413332536013
item_VENLAFAXINE HCL,4.438709529282379e-05,0.0001694838135489927,25,0.00036307971705183505,0.0013727253148242476,0.11967364397037988,0.5502413332536013
item_ARTIFICIAL TEARS,4.404702312169149e-05,9.128963583510427e-05,25,0.0007765715297460002,0.001774626088524379,0.11967364397037988,0.5502413332536013
item_KLOR-CON,4.365115039936638e-05,0.00011091572724654717,25,0.0009157295478737726,0.0023220720213891887,0.11967364397037988,0.5502413332536013
item_RILUZOLE,4.3005191084037705e-05,0.00011566532410429056,25,0.0009059062623001597,0.0024318646784637467,0.11967364397037988,0.5502413332536013
item_PHENTERMINE HCL,4.283766457860478e-05,0.00015192555851451062,25,0.0009083418154649395,0.0032294724281336233,0.11967364397037988,0.5502413332536013
item_BUPRENORPHINE HCL/NALOXON,4.255749857434146e-05,0.00012170249637249276,25,0.000898159928272333,0.002566215979024057,0.11967364397037988,0.5502413332536013
item_REPAGLINIDE,4.179791603730883e-05,0.00014007027740154513,25,0.0008801097378553385,0.0029477399347971845,0.11967364397037988,0.5502413332536013
item_CALCIPOTRIENE,4.174782275730822e-05,0.00012756148617644106,25,0.000878031623816703,0.0026832411397736946,0.11967364397037988,0.5502413332536013
item_EXELON,4.161492539753495e-05,7.723897919889565e-05,25,0.000673956522002293,0.0012356156198727328,0.11967364397037988,0.5502413332536013
item_EPITOL,4.1457432641212325e-05,7.348009631273472e-05,25,0.0005608091612490159,0.0008884116569613695,0.11967364397037988,0.5502413332536013
item_PHARMACIST CHOICE ALCOHOL,4.122496870186244e-05,0.00012933226106608107,25,0.0008703759693647356,0.002734026490946972,0.11967364397037988,0.5502413332536013
item_SULFASALAZINE,3.9307164516272365e-05,0.00013576835741328365,25,0.0008249747267430976,0.0028464880460583757,0.11967364397037988,0.5502413332536013
item_CHLORDIAZEPOXIDE HYDROCHL,3.888356225557416e-05,0.00011648170990216285,25,0.00046872654386666664,0.0014545823917093473,0.11967364397037988,0.5502413332536013
item_TOLTERODINE TARTRATE ER,3.868016739920334e-05,0.0001820289511682758,25,0.0001665785767361051,0.0006330949753866701,0.11967364397037988,0.5502413332536013
item_TRIHEXYPHENIDYL HYDROCHLO,3.8604740581057815e-05,8.094541310398183e-05,25,0.0008164104812738221,0.0017110082330966283,0.11967364397037988,0.5502413332536013
item_MESALAMINE,3.811141610632194e-05,0.0001905570805316097,25,0.00012504681621370296,0.0006252340810685148,0.11967364397037988,0.5502413332536013
item_PREDNISOLONE SODIUM PHOSP,3.5983129639341184e-05,0.00015768470777107328,25,0.00019611127440605233,0.0005948400000609767,0.11967364397037988,0.5502413332536013
item_LETAIRIS,3.595687353592878e-05,0.0001797843676796439,25,0.00011756304242273297,0.0005878152121136648,0.11967364397037988,0.5502413332536013
item_GLUCAGON EMERGENCY KIT,3.549263373362149e-05,0.0001774631686681074,25,0.00011681708959416992,0.0005840854479708497,0.11967364397037988,0.5502413332536013
item_VELTASSA,3.398243145509664e-05,0.0001034740089087921,25,0.000718373961693652,0.0021895746439736428,0.11967364397037988,0.5502413332536013
item_KIONEX,3.265468712099933e-05,7.677830051470778e-05,25,0.0002211763522758357,0.00030470431991301,0.11967364397037988,0.5502413332536013
item_EPCLUSA,3.186058150673887e-05,0.00010483571372820719,25,0.0006740493279685467,0.0022192588204177164,0.11967364397037988,0.5502413332536013
item_DISULFIRAM,3.185643807611459e-05,8.907930433630547e-05,25,0.00038164152777456667,0.0009355350551498208,0.11967364397037988,0.5502413332536013
item_MEDROXYPROGESTERONE ACETA,3.169919802777292e-05,0.0001466646704635045,25,0.00014543563026301714,0.0005304787112690671,0.11967364397037988,0.5502413332536013
item_EVISTA,3.1583284598533446e-05,0.00015791642299266723,25,0.00010362745833426957,0.0005181372916713479,0.11967364397037988,0.5502413332536013
item_MEROPENEM,3.1577593009518314e-05,0.00013036518171206476,25,0.00020837453774916168,0.000735581282879335,0.11967364397037988,0.5502413332536013
item_BETAMETHASONE DIPROPIONAT,3.1322304914533715e-05,0.00015661152457266858,25,0.0001030912647102577,0.0005154563235512885,0.11967364397037988,0.5502413332536013
item_PROPYLTHIOURACIL,3.114396831377217e-05,7.685249735893248e-05,25,0.0003977337511391304,0.000742418382514566,0.11967364397037988,0.5502413332536013
item_CALCIUM ANTACID,3.065833342780668e-05,0.00015329166713903345,25,0.00010014812848507297,0.0005007406424253648,0.11967364397037988,0.5502413332536013
item_ALPHAGAN P,3.0402840257105043e-05,6.410099798942966e-05,25,0.0006411697910531932,0.0013506626893118815,0.11967364397037988,0.5502413332536013
item_TESTOSTERONE,3.0237854194683982e-05,0.0001511892709734199,25,9.890414919559858e-05,0.0004945207459779931,0.11967364397037988,0.5502413332536013
item_EMBEDA,2.898363331735864e-05,8.169413858838309e-05,25,0.0006079034295367293,0.0017116194909357965,0.11967364397037988,0.5502413332536013
item_PINDOLOL,2.888123543752751e-05,7.185641698329182e-05,25,0.0006085945185593531,0.0015123061575403446,0.11967364397037988,0.5502413332536013
item_BD 3ML LUER-LOK SYRINGE/2,2.8849312733395896e-05,8.20034910546075e-05,25,0.0006076778978776172,0.0017273819858382394,0.11967364397037988,0.5502413332536013
item_FOLBIC,2.8497211355985527e-05,0.00014248605677992762,25,9.298307675877941e-05,0.0004649153837938971,0.11967364397037988,0.5502413332536013
item_ONETOUCH VERIO IQ BLOOD G,2.8196497215510246e-05,5.282988922611591e-05,25,0.00015041740830884465,0.0002182524346602147,0.11967364397037988,0.5502413332536013
item_MITIGARE,2.7934168658265648e-05,6.199109810122285e-05,25,0.0005895922572140018,0.0013082507267247526,0.11967364397037988,0.5502413332536013
item_SOTALOL HCL (AF),2.770526029715928e-05,0.00012568513563873478,25,0.00013760356829892645,0.00048583551020503767,0.11967364397037988,0.5502413332536013
item_ESTRING,2.767992928060122e-05,9.821596682160659e-05,25,0.00039174718096887705,0.0017829286065703834,0.11967364397037988,0.5502413332536013
item_VICTOZA,2.655262385524185e-05,7.37425287915024e-05,25,0.0005557565763863194,0.0015434562663232917,0.11967364397037988,0.5502413332536013
item_BANOPHEN,2.615638063460362e-05,9.260525529405477e-05,25,0.0005498906168129126,0.0019468356049726218,0.11967364397037988,0.5502413332536013
item_ACCU-CHEK SMARTVIEW STRIP,2.6014326278859256e-05,0.00012162040790500764,25,0.0005498145827089453,0.0025722934952640457,0.11967364397037988,0.5502413332536013
item_NADOLOL,2.5973562271194096e-05,9.579306050401179e-05,25,0.0001182475934755016,0.00036118377166488423,0.11967364397037988,0.5502413332536013
item_HUMULIN R,2.579738083797569e-05,7.978381677945705e-05,25,0.0005431830845834764,0.0016796315010227261,0.11967364397037988,0.5502413332536013
item_DOXEPIN HCL,2.5679452511228733e-05,7.990579600432386e-05,25,0.0005400355624900903,0.0016799483374364647,0.11967364397037988,0.5502413332536013
item_INSULIN SYRINGE/0.5ML/31G,2.5341532987285674e-05,7.067834351013444e-05,25,0.00017126378556204486,0.00036241991503451577,0.11967364397037988,0.5502413332536013
item_LITHIUM CARBONATE ER,2.53274654349807e-05,0.00010692096033350692,25,0.00015845208723757424,0.0005533624837524521,0.11967364397037988,0.5502413332536013
item_DIGITEK,2.458752446157137e-05,6.786543286905045e-05,25,0.00031020657793836827,0.0008317470735464528,0.11967364397037988,0.5502413332536013
item_RELION PEN NEEDLES 31GX8M,2.4240808704123875e-05,8.398292438482275e-05,25,0.000286801965120032,0.0012349691604739439,0.11967364397037988,0.5502413332536013
item_PREMARIN,2.421410697244953e-05,7.813570695017915e-05,25,0.0005116824146154761,0.0016511383737305215,0.11967364397037988,0.5502413332536013
item_GUAIFENESIN AC,2.3770961482330816e-05,0.00011278636946023385,25,9.937619121871185e-05,0.00038641341078690027,0.11967364397037988,0.5502413332536013
item_RETIN-A,2.319475054087832e-05,0.0001159737527043916,25,7.586705899431948e-05,0.0003793352949715974,0.11967364397037988,0.5502413332536013
item_LOTEMAX,2.2806138955342958e-05,8.207465340898935e-05,25,0.0004809606188382434,0.001733475923799828,0.11967364397037988,0.5502413332536013
item_NINLARO,2.267059264953657e-05,7.85687530540633e-05,25,0.00047717580221111696,0.0016538283570941043,0.11967364397037988,0.5502413332536013
item_ONGLYZA,2.2654522731423932e-05,0.00011327261365711964,25,7.410004300429987e-05,0.0003705002150214993,0.11967364397037988,0.5502413332536013
item_KETOCONAZOLE,2.2602705682912484e-05,5.740950098324423e-05,25,0.0004750942693149142,0.0012077947120632832,0.11967364397037988,0.5502413332536013
item_FLOVENT DISKUS,2.225076514227862e-05,0.0001112538257113931,25,7.260165134479051e-05,0.0003630082567239526,0.11967364397037988,0.5502413332536013
item_NEOMYCIN/POLYMYXIN/HC,2.2048406810903425e-05,0.00010173784877307577,25,0.00010297233223815934,0.00037350305904360347,0.11967364397037988,0.5502413332536013
item_INSULIN SYRINGE/U-100/1ML,2.1821710244163456e-05,6.454195992308288e-05,25,0.00046150807605691165,0.0013661077635435837,0.11967364397037988,0.5502413332536013
item_BICALUTAMIDE,2.178903409358521e-05,6.904310756452953e-05,25,0.0004586879247760826,0.0014534390661896683,0.11967364397037988,0.5502413332536013
item_GLYBURIDE,2.167166750382085e-05,9.624979392840749e-05,25,0.00011536797443610529,0.00040113147938097843,0.11967364397037988,0.5502413332536013
item_PAROXETINE HCL ER,2.1623884479572393e-05,0.00010811942239786197,25,7.063631055830418e-05,0.0003531815527915209,0.11967364397037988,0.5502413332536013
item_INVANZ,2.1402638106347885e-05,3.866736925267811e-05,25,0.00045096150708888574,0.0008153577626460102,0.11967364397037988,0.5502413332536013
item_BENAZEPRIL HYDROCHLORIDE,2.0939915051061166e-05,0.00010469957525530584,25,6.846424283847959e-05,0.00034232121419239795,0.11967364397037988,0.5502413332536013
item_ZONISAMIDE,2.050425940945337e-05,0.00010252129704726685,25,0.00043265051428780594,0.00216325257143903,0.11967364397037988,0.5502413332536013
item_SIROLIMUS,1.9697581774561104e-05,9.848790887280552e-05,25,0.00041413412850776034,0.002070670642538802,0.11967364397037988,0.5502413332536013
item_SENNA LAX,1.9674713711653862e-05,6.162721710768656e-05,25,0.00019307009561441089,0.0003807717228098904,0.11967364397037988,0.5502413332536013
item_CONSTULOSE,1.930410458546134e-05,7.012672112839287e-05,25,0.00016192168621960245,0.0004532567695494084,0.11967364397037988,0.5502413332536013
item_PHENYTOIN INFATABS,1.9046135284955537e-05,6.63148249094769e-05,25,0.00040498226309180265,0.0014111918841843627,0.11967364397037988,0.5502413332536013
item_GOLYTELY,1.9018657852773276e-05,9.509328926386638e-05,25,0.00039766961112280044,0.001988348055614002,0.11967364397037988,0.5502413332536013
item_PROBENECID,1.855157710708598e-05,9.27578855354299e-05,25,6.10589020047482e-05,0.000305294510023741,0.11967364397037988,0.5502413332536013
item_MUCINEX,1.845207178613096e-05,9.22603589306548e-05,25,0.00039089174838815313,0.001954458741940766,0.11967364397037988,0.5502413332536013
item_THIORIDAZINE HCL,1.7972695325542803e-05,5.613878333883079e-05,25,0.0003772016346486214,0.0011759121052527957,0.11967364397037988,0.5502413332536013
item_BETHANECHOL CHLORIDE,1.7935820366155867e-05,8.967910183077933e-05,25,5.864218446261625e-05,0.00029321092231308123,0.11967364397037988,0.5502413332536013
item_DEXTROSE 5%/NACL 0.45%,1.7811404481782865e-05,6.167528550687867e-05,25,0.00037464389749174723,0.0012975539082320238,0.11967364397037988,0.5502413332536013
item_ASPIRIN ADULT LOW STRENGT,1.7748994718903574e-05,8.874497359451787e-05,25,0.00037316583040131857,0.001865829152006593,0.11967364397037988,0.5502413332536013
item_LOVAZA,1.703816191225841e-05,8.519080956129206e-05,25,0.00035951405835506006,0.0017975702917753002,0.11967364397037988,0.5502413332536013
item_NOVOLIN 70/30 RELION,1.6945876335535565e-05,5.87738723272523e-05,25,0.000356852928708065,0.0012380844612159194,0.11967364397037988,0.5502413332536013
item_DARIFENACIN HYDROBROMIDE,1.6933204483044364e-05,8.466602241522182e-05,25,5.525107115045188e-05,0.0002762553557522594,0.11967364397037988,0.5502413332536013
item_LAMIVUDINE,1.6520751328332514e-05,8.260375664166257e-05,25,0.00035346130458644153,0.0017673065229322077,0.11967364397037988,0.5502413332536013
item_TROSPIUM CHLORIDE ER,1.6379279269883156e-05,5.433882947354992e-05,25,0.00034475264304714514,0.0011435530559020606,0.11967364397037988,0.5502413332536013
item_CERTAVITE/ANTIOXIDANTS,1.6196305342557135e-05,4.534944017448601e-05,25,0.0003417310134381554,0.0009570177041605007,0.11967364397037988,0.5502413332536013
item_FLUOCINONIDE EMULSIFIED B,1.593174060692041e-05,5.7582467153762334e-05,25,5.2072903530394375e-05,0.00018823088407642606,0.11967364397037988,0.5502413332536013
item_PIOGLITAZONE HCL,1.5654392003326266e-05,5.85711980968525e-05,25,0.0003297450835753489,0.001232500762653223,0.11967364397037988,0.5502413332536013
item_AMLODIPINE/VALSARTAN/HCTZ,1.546828987594175e-05,6.876208097276227e-05,25,8.173031279268928e-05,0.00028432439423143295,0.11967364397037988,0.5502413332536013
item_CALCITONIN SALMON,1.5292597875727786e-05,3.8983815699859176e-05,25,0.00032209655579073853,0.0008224301086420996,0.11967364397037988,0.5502413332536013
item_ZENPEP,1.5148543979340974e-05,7.574271989670488e-05,25,0.00031849234747932095,0.0015924617373966048,0.11967364397037988,0.5502413332536013
item_CVS ASPIRIN ADULT LOW DOS,1.4879645256842425e-05,7.439822628421211e-05,25,0.0003135084432368506,0.0015675422161842531,0.11967364397037988,0.5502413332536013
item_METHYLPHENIDATE HYDROCHLO,1.4801959758084021e-05,5.1778184132138584e-05,25,0.00031244779378302866,0.0010926206735984152,0.11967364397037988,0.5502413332536013
item_CANDESARTAN CILEXETIL,1.4184884909992303e-05,7.092442454996151e-05,25,0.00030022292057716533,0.0015011146028858268,0.11967364397037988,0.5502413332536013
item_ORENCIA,1.4022528010328166e-05,7.011264005164083e-05,25,4.615241920938512e-05,0.0002307620960469256,0.11967364397037988,0.5502413332536013
item_OLMESARTAN MEDOXOMIL/HYDR,1.3822198592843092e-05,6.911099296421546e-05,25,0.0002894027665747686,0.0014470138328738428,0.11967364397037988,0.5502413332536013
item_NUVIGIL,1.3659450607261573e-05,2.403403597331373e-05,25,0.0001952292505367832,0.00040726026468373424,0.11967364397037988,0.5502413332536013
item_DOXEPIN HYDROCHLORIDE,1.3621964649653448e-05,6.012232830676074e-05,25,7.409193962839345e-05,0.0002569631064664964,0.11967364397037988,0.5502413332536013
item_VIGAMOX,1.358274230417539e-05,2.9359123546704498e-05,25,7.662488044261664e-05,0.00011687991802201008,0.11967364397037988,0.5502413332536013
item_PREVIDENT 5000 BOOSTER PL,1.3397954149772647e-05,6.698977074886324e-05,25,0.0002805201337067869,0.0014026006685339345,0.11967364397037988,0.5502413332536013
item_FLUOCINOLONE ACETONIDE,1.3396488202622485e-05,6.698244101311243e-05,25,0.00028267285322399556,0.0014133642661199777,0.11967364397037988,0.5502413332536013
item_ARMOUR THYROID,1.3357685275255662e-05,4.6242329908233235e-05,25,0.0002815847544972584,0.0009748634233513612,0.11967364397037988,0.5502413332536013
item_NIACOR,1.3206363225329322e-05,6.603181612664662e-05,25,4.334185200648307e-05,0.00021670926003241535,0.11967364397037988,0.5502413332536013
item_HUMALOG MIX 50/50 KWIKPEN,1.3095523274339031e-05,3.9881423864576115e-05,25,0.0002760834175094043,0.0008401293714648307,0.11967364397037988,0.5502413332536013
item_ETODOLAC,1.3090852013767393e-05,6.545426006883696e-05,25,0.0002768797361070886,0.0013843986805354431,0.11967364397037988,0.5502413332536013
item_NORVIR,1.2735377238679484e-05,3.091575049607038e-05,25,0.0002044432941176029,0.0005573756223909181,0.11967364397037988,0.5502413332536013
item_DIOVAN HCT,1.2142585867329629e-05,2.3348237806087658e-05,25,0.000255356286075159,0.0004901622749303884,0.11967364397037988,0.5502413332536013
item_CICLOPIROX NAIL LACQUER,1.2103037482897648e-05,6.051518741448823e-05,25,0.00025446173736665487,0.0012723086868332743,0.11967364397037988,0.5502413332536013
item_CIMETIDINE,1.1997136960394319e-05,4.3207020949408395e-05,25,0.00025329929885529285,0.0009130365176448884,0.11967364397037988,0.5502413332536013
item_COSOPT PF,1.195850029048548e-05,4.301884843224072e-05,25,0.00025302249260924565,0.0009110552776292207,0.11967364397037988,0.5502413332536013
item_PEG 3350/ELECTROLYTES,1.1948406023057833e-05,3.2743304410385775e-05,25,9.803174092725057e-05,0.00021607746020298397,0.11967364397037988,0.5502413332536013
item_DULERA,1.1827853706268618e-05,4.296586909580964e-05,25,0.0002490877174088711,0.000905268644245481,0.11967364397037988,0.5502413332536013
item_NUCYNTA ER,1.1783348743873883e-05,4.247219877816668e-05,25,0.00024856007940600233,0.0008964120912308315,0.11967364397037988,0.5502413332536013
item_ESTROPIPATE,1.1688802998337746e-05,4.728818126309993e-05,25,8.221711842419377e-05,0.0002948651078345516,0.11967364397037988,0.5502413332536013
item_SENEXON-S,1.1141568825919895e-05,5.570784412959948e-05,25,3.639490936227758e-05,0.0001819745468113879,0.11967364397037988,0.5502413332536013
item_KETOPROFEN ER,1.1139584611841048e-05,5.5697923059205235e-05,25,3.666377264109825e-05,0.00018331886320549124,0.11967364397037988,0.5502413332536013
item_ASPIRIN ADULT LOW DOSE,1.0934528298304552e-05,5.467264149152275e-05,25,0.00023137679604857926,0.0011568839802428962,0.11967364397037988,0.5502413332536013
item_NEOMYCIN/POLYMYXIN/DEXAME,1.0873896280912453e-05,5.2079837732581784e-05,25,4.375484417669821e-05,0.00017603088033309267,0.11967364397037988,0.5502413332536013
item_NAFTIN,1.0575690098201375e-05,5.2878450491006875e-05,25,3.469974383406593e-05,0.00017349871917032964,0.11967364397037988,0.5502413332536013
item_CEVIMELINE HYDROCHLORIDE,1.0335193466639253e-05,5.167596733319627e-05,25,0.00021658744090004178,0.0010829372045002088,0.11967364397037988,0.5502413332536013
item_NOVOFINE PLUS PEN NEEDLE,1.0267843837294717e-05,3.849631543565412e-05,25,0.0002163102920172167,0.0008101552935843478,0.11967364397037988,0.5502413332536013
item_SILENOR,1.0230565339734484e-05,5.1152826698672416e-05,25,0.0002163828777922921,0.0010819143889614605,0.11967364397037988,0.5502413332536013
item_STERILE WATER FOR IRRIGAT,1.011857437857676e-05,3.503083480719047e-05,25,0.0002131336672469476,0.0007379942553768364,0.11967364397037988,0.5502413332536013
item_ACETAZOLAMIDE ER,1.0086964299524188e-05,2.9607228998344016e-05,25,0.00021330728335308542,0.0006261349963369809,0.11967364397037988,0.5502413332536013
item_TOBRAMYCIN/DEXAMETHASONE,1.0018375953083069e-05,3.6647055201937154e-05,25,0.00021096664279031814,0.0007713786334279983,0.11967364397037988,0.5502413332536013
item_RISEDRONATE SODIUM,1.000002898601219e-05,5.000014493006095e-05,25,0.00021024678747738192,0.0010512339373869096,0.11967364397037988,0.5502413332536013
item_PRISTIQ,9.836614360519047e-06,4.058946610643713e-05,25,3.218426354241109e-05,0.00013273109739679267,0.11967364397037988,0.5502413332536013
item_ACARBOSE,9.256805494670378e-06,4.628402747335189e-05,25,0.00019462079762766122,0.0009731039881383061,0.11967364397037988,0.5502413332536013
item_PRALUENT,9.16747088538498e-06,4.5837354426924904e-05,25,0.00019274257161060925,0.0009637128580530462,0.11967364397037988,0.5502413332536013
item_DIVALPROEX SODIUM,9.137749056298319e-06,4.56887452814916e-05,25,0.00019550204698521575,0.000977510234926079,0.11967364397037988,0.5502413332536013
item_OXYCODONE HCL,9.045579861001855e-06,2.5295115828024724e-05,25,0.00019166799690683052,0.0005359565123150194,0.11967364397037988,0.5502413332536013
item_NORTRIPTYLINE HCL,8.9659845568297e-06,4.4829922784148506e-05,25,0.00018861240823154232,0.0009430620411577116,0.11967364397037988,0.5502413332536013
item_VANCOMYCIN HCL,8.844856863941716e-06,3.268445384927217e-05,25,0.00018671809771006324,0.0006911084420189363,0.11967364397037988,0.5502413332536013
item_XIGDUO XR,8.72739583326053e-06,4.3636979166302646e-05,25,0.00018672254400296085,0.0009336127200148043,0.11967364397037988,0.5502413332536013
item_PROMETHAZINE/DEXTROMETHOR,8.67783032545089e-06,4.3389151627254454e-05,25,0.00018136752653041761,0.0009068376326520882,0.11967364397037988,0.5502413332536013
item_TUDORZA PRESSAIR,8.652706232894945e-06,3.577891770546972e-05,25,0.0001820846292366879,0.0007523905399928391,0.11967364397037988,0.5502413332536013
item_SINGULAIR,8.603269426512381e-06,4.30163471325619e-05,25,2.8228062893616992e-05,0.00014114031446808498,0.11967364397037988,0.5502413332536013
item_ELMIRON,8.596855213416832e-06,4.298427606708416e-05,25,2.811921259909442e-05,0.00014059606299547209,0.11967364397037988,0.5502413332536013
item_EDARBI,8.100451063028595e-06,4.050225531514298e-05,25,2.6495538186379515e-05,0.00013247769093189756,0.11967364397037988,0.5502413332536013
item_CONTOUR BLOOD GLUCOSE TES,7.988240883390053e-06,3.994120441695027e-05,25,0.00016804416079460789,0.0008402208039730395,0.11967364397037988,0.5502413332536013
item_ADCIRCA,7.80048982085847e-06,1.8548767778290132e-05,25,0.00011665575611184578,0.0002925175924476218,0.11967364397037988,0.5502413332536013
item_OLOPATADINE HCL,7.740664709115197e-06,3.8703323545575984e-05,25,2.5318723092395524e-05,0.00012659361546197765,0.11967364397037988,0.5502413332536013
item_RELION PEN NEEDLES 31GX6M,7.554835124292055e-06,2.638484010307932e-05,25,0.0001590064428198803,0.0005557979000026075,0.11967364397037988,0.5502413332536013
item_OXYMORPHONE HYDROCHLORIDE,7.402434337520732e-06,2.5703057082774018e-05,25,0.00015654714042960088,0.000543597917814703,0.11967364397037988,0.5502413332536013
item_MI-ACID GAS RELIEF,7.361915884356966e-06,3.680957942178482e-05,25,0.00015414037136804044,0.0007707018568402022,0.11967364397037988,0.5502413332536013
item_VALGANCICLOVIR,7.2141847591717205e-06,3.607092379585861e-05,25,0.00015077718699650047,0.0007538859349825023,0.11967364397037988,0.5502413332536013
item_TROPICAMIDE,7.171854483300964e-06,2.6678295053782263e-05,25,0.00015198689706564933,0.0005641811313962076,0.11967364397037988,0.5502413332536013
item_TDVAX,7.149144648458798e-06,3.5745723242293987e-05,25,2.3383936716527776e-05,0.00011691968358263888,0.11967364397037988,0.5502413332536013
item_HYDROCODONE BITARTRATE/HO,7.140243216211476e-06,3.570121608105739e-05,25,0.0001492318013123381,0.0007461590065616905,0.11967364397037988,0.5502413332536013
item_AMPYRA,7.063101102500565e-06,2.6589684539780006e-05,25,0.00014886050465830246,0.0005611216474477418,0.11967364397037988,0.5502413332536013
item_ENBREL SURECLICK,6.928743098001295e-06,3.4643715490006476e-05,25,2.26333455356493e-05,0.0001131667276782465,0.11967364397037988,0.5502413332536013
item_EPINASTINE HCL,6.78833936450102e-06,3.3941696822505106e-05,25,0.00014380530672097048,0.0007190265336048524,0.11967364397037988,0.5502413332536013
item_TRAVATAN Z,6.567284692104184e-06,3.2836423460520916e-05,25,0.00013879232682346965,0.0006939616341173482,0.11967364397037988,0.5502413332536013
item_BUPROPION HYDROCHLORIDE,6.5469494928474085e-06,3.273474746423704e-05,25,0.000140071916997794,0.0007003595849889698,0.11967364397037988,0.5502413332536013
item_JARDIANCE,6.5019815448863934e-06,3.250990772443197e-05,25,0.00013699426813651308,0.0006849713406825654,0.11967364397037988,0.5502413332536013
item_PROGESTERONE,6.443205729380925e-06,3.221602864690462e-05,25,0.00013649393856549568,0.0006824696928274783,0.11967364397037988,0.5502413332536013
item_KLOR-CON M10,6.397440610084241e-06,2.3774269928499447e-05,25,0.0001352363042946303,0.0005025068916921317,0.11967364397037988,0.5502413332536013
item_DUTASTERIDE/TAMSULOSIN HC,6.358697606317916e-06,2.1056457960521806e-05,25,6.402467787839915e-05,0.0001916869092024032,0.11967364397037988,0.5502413332536013
item_PEN NEEDLES 31GX8MM (5/16,6.338125443034604e-06,2.263322392904558e-05,25,0.00013350145438004922,0.00047645981770963046,0.11967364397037988,0.5502413332536013
item_INDAPAMIDE,6.273544283470926e-06,3.136772141735463e-05,25,0.000132779490218285,0.0006638974510914249,0.11967364397037988,0.5502413332536013
item_D3,6.269639731404776e-06,3.134819865702388e-05,25,2.063529778385789e-05,0.00010317648891928946,0.11967364397037988,0.5502413332536013
item_SEROQUEL,6.234758940617586e-06,3.117379470308793e-05,25,0.00013064285665005717,0.0006532142832502859,0.11967364397037988,0.5502413332536013
item_RIFAMPIN,6.164068661079503e-06,3.0820343305397524e-05,25,0.00013006504761112423,0.000650325238055621,0.11967364397037988,0.5502413332536013
item_THERA,6.008825565164792e-06,1.679134320403569e-05,25,0.00012659000918507587,0.0003538917936461554,0.11967364397037988,0.5502413332536013
item_METOPROLOL/HYDROCHLOROTHI,5.952427012412123e-06,2.9762135062060613e-05,25,1.9530422185574723e-05,9.765211092787361e-05,0.11967364397037988,0.5502413332536013
item_TROKENDI XR,5.90546334362304e-06,2.9527316718115205e-05,25,0.00012414615448741548,0.0006207307724370774,0.11967364397037988,0.5502413332536013
item_OYSTER SHELL CALCIUM/VITA,5.809743172593107e-06,2.9048715862965535e-05,25,0.00012296314521737602,0.0006148157260868801,0.11967364397037988,0.5502413332536013
item_WELCHOL,5.765656665926338e-06,2.8828283329631687e-05,25,0.00012148018412881972,0.0006074009206440986,0.11967364397037988,0.5502413332536013
item_AZOPT,5.647841085556012e-06,2.8239205427780057e-05,25,0.00011936089914542018,0.0005968044957271009,0.11967364397037988,0.5502413332536013
item_RELION PRIME BLOOD GLUCOS,5.641582733276373e-06,2.820791366638186e-05,25,0.00011859878908827093,0.0005929939454413546,0.11967364397037988,0.5502413332536013
item_EFFEXOR XR,5.594317598270525e-06,2.7971587991352623e-05,25,0.00011761838938764924,0.0005880919469382461,0.11967364397037988,0.5502413332536013
item_HYDROCODONE/HOMATROPINE,5.567170973370049e-06,2.7835854866850245e-05,25,0.00011747019663856804,0.0005873509831928401,0.11967364397037988,0.5502413332536013
item_ROBAFEN DM,5.510548686069284e-06,2.7552743430346418e-05,25,0.00011610515641533948,0.0005805257820766974,0.11967364397037988,0.5502413332536013
item_ZAFIRLUKAST,5.473570329993944e-06,2.7367851649969724e-05,25,0.00011563867916756098,0.000578193395837805,0.11967364397037988,0.5502413332536013
item_AUGMENTED BETAMETHASONE D,5.471185105646148e-06,2.7355925528230737e-05,25,0.00011571899878259949,0.0005785949939129975,0.11967364397037988,0.5502413332536013
item_XTANDI,5.366310651608901e-06,2.6831553258044505e-05,25,0.0001136808146702538,0.0005684040733512691,0.11967364397037988,0.5502413332536013
item_RAPAFLO,5.311649041766203e-06,2.6558245208831015e-05,25,1.7482258055620424e-05,8.741129027810213e-05,0.11967364397037988,0.5502413332536013
item_PHENADOZ,5.115625614617827e-06,2.5578128073089133e-05,25,0.00010710859026419404,0.0005355429513209702,0.11967364397037988,0.5502413332536013
item_LIOTHYRONINE SODIUM,5.069900986956039e-06,2.53495049347802e-05,25,0.0001065927305637728,0.000532963652818864,0.11967364397037988,0.5502413332536013
item_HYDROXYZINE HCL,4.9482374955373955e-06,2.4741187477686976e-05,25,0.00010441037905887149,0.0005220518952943574,0.11967364397037988,0.5502413332536013
item_MEPERIDINE HCL,4.910362258043736e-06,2.4551811290218683e-05,25,0.00010345945757949872,0.0005172972878974935,0.11967364397037988,0.5502413332536013
item_PROCTOFOAM HC,4.898256326907781e-06,2.44912816345389e-05,25,0.00010255741319861153,0.0005127870659930576,0.11967364397037988,0.5502413332536013
item_PROPRANOLOL HCL,4.83358418895954e-06,2.41679209447977e-05,25,0.0001022333392267384,0.000511166696133692,0.11967364397037988,0.5502413332536013
item_SYNJARDY,4.76522114098228e-06,2.3826105704911406e-05,25,0.00010054863900085975,0.0005027431950042988,0.11967364397037988,0.5502413332536013
item_APRISO,4.671140096208554e-06,2.3355700481042768e-05,25,9.868594689871986e-05,0.0004934297344935993,0.11967364397037988,0.5502413332536013
item_CEFPODOXIME PROXETIL,4.649225327610275e-06,2.3246126638051378e-05,25,9.795740217974403e-05,0.0004897870108987203,0.11967364397037988,0.5502413332536013
item_FLUOROMETHOLONE,4.534155419320648e-06,1.5713332599241043e-05,25,9.587189757305487e-05,0.00033228395042367943,0.11967364397037988,0.5502413332536013
item_BALSALAZIDE DISODIUM,4.393510546525189e-06,2.1967552732625943e-05,25,9.182481227727553e-05,0.00045912406138637763,0.11967364397037988,0.5502413332536013
item_LEVITRA,4.345383751843578e-06,2.1726918759217887e-05,25,9.18348983080298e-05,0.000459174491540149,0.11967364397037988,0.5502413332536013
item_LEXAPRO,4.310498914625838e-06,2.1552494573129188e-05,25,9.095376404524409e-05,0.0004547688202262205,0.11967364397037988,0.5502413332536013
item_BELSOMRA,4.304601942968357e-06,2.1523009714841785e-05,25,9.104503272679936e-05,0.0004552251636339968,0.11967364397037988,0.5502413332536013
item_BESIVANCE,4.299338955719511e-06,2.1496694778597554e-05,25,1.4044166854410791e-05,7.022083427205396e-05,0.11967364397037988,0.5502413332536013
item_V-GO 20,4.267606193333887e-06,2.1338030966669436e-05,25,9.040567724206631e-05,0.00045202838621033155,0.11967364397037988,0.5502413332536013
item_CLINDAMYCIN PHOSPHATE,4.23498729024114e-06,2.11749364512057e-05,25,9.060750947497731e-05,0.00045303754737488646,0.11967364397037988,0.5502413332536013
item_FENOFIBRATE MICRONIZED,4.148368143234192e-06,2.0741840716170963e-05,25,8.692471831389279e-05,0.0004346235915694639,0.11967364397037988,0.5502413332536013
item_SODIUM CHLORIDE 0.9%,4.025292526269526e-06,2.012646263134763e-05,25,8.504129534065524e-05,0.00042520647670327616,0.11967364397037988,0.5502413332536013
item_TWINRIX,3.989479115202894e-06,1.9947395576014474e-05,25,8.352985853710662e-05,0.00041764929268553306,0.11967364397037988,0.5502413332536013
item_PEG-3350/ELECTROLYTES,3.951652219779698e-06,1.975826109889849e-05,25,8.363667227865745e-05,0.0004181833613932872,0.11967364397037988,0.5502413332536013
item_HARVONI,3.950523470467836e-06,1.0969529813403938e-05,25,8.354447278706881e-05,0.00023197168974660508,0.11967364397037988,0.5502413332536013
item_BENICAR,3.711784868754481e-06,1.314112563060316e-05,25,3.370963109538275e-05,0.00010546037819955124,0.11967364397037988,0.5502413332536013
item_GLIPIZIDE XL,3.573373939987706e-06,1.7866869699938532e-05,25,7.512037707829613e-05,0.00037560188539148066,0.11967364397037988,0.5502413332536013
item_TRANDOLAPRIL/VERAPAMIL HC,3.4845023197603695e-06,1.742251159880185e-05,25,7.374945019535822e-05,0.0003687472509767911,0.11967364397037988,0.5502413332536013
item_PULMICORT FLEXHALER,3.468667320632185e-06,1.7343336603160926e-05,25,7.336449081922886e-05,0.00036682245409614425,0.11967364397037988,0.5502413332536013
item_ANUCORT-HC,3.36838244856402e-06,1.68419122428201e-05,25,7.081895360467305e-05,0.00035409476802336523,0.11967364397037988,0.5502413332536013
item_PRED FORTE,3.341040321589372e-06,1.6705201607946863e-05,25,7.05852791763773e-05,0.0003529263958818866,0.11967364397037988,0.5502413332536013
item_FORTEO,3.2684030159360946e-06,1.6342015079680472e-05,25,1.0723909867476098e-05,5.3619549337380485e-05,0.11967364397037988,0.5502413332536013
item_ZIRGAN,3.2555251403634014e-06,1.6277625701817005e-05,25,6.869326992642925e-05,0.0003434663496321462,0.11967364397037988,0.5502413332536013
item_NIFEDIPINE,3.2522823093960407e-06,1.6261411546980203e-05,25,6.837799255147128e-05,0.00034188996275735643,0.11967364397037988,0.5502413332536013
item_MOMETASONE FUROATE,3.1654777941260137e-06,1.0962861029249774e-05,25,6.677482863501749e-05,0.00023128697179801685,0.11967364397037988,0.5502413332536013
item_CYMBALTA,3.1348446321562053e-06,1.567422316078103e-05,25,6.614684857573735e-05,0.00033073424287868673,0.11967364397037988,0.5502413332536013
item_DESIPRAMINE HCL,3.1338648439497296e-06,1.5669324219748646e-05,25,6.620833740970719e-05,0.00033104168704853587,0.11967364397037988,0.5502413332536013
item_PROBENECID/COLCHICINE,3.1192758430043136e-06,1.5596379215021568e-05,25,6.572195080503681e-05,0.00032860975402518403,0.11967364397037988,0.5502413332536013
item_BREEZE 2 TEST DISC,3.0717489677924663e-06,1.5358744838962332e-05,25,6.499881979760878e-05,0.00032499409898804384,0.11967364397037988,0.5502413332536013
item_DORZOLAMIDE HCL,2.9942832316810608e-06,1.4971416158405304e-05,25,6.26088053926738e-05,0.00031304402696336904,0.11967364397037988,0.5502413332536013
item_TELMISARTAN,2.903264231163458e-06,1.4516321155817292e-05,25,6.143364922227145e-05,0.0003071682461113573,0.11967364397037988,0.5502413332536013
item_GLIPIZIDE/METFORMIN HYDRO,2.789980957159281e-06,1.3949904785796407e-05,25,5.9049913808112035e-05,0.0002952495690405602,0.11967364397037988,0.5502413332536013
item_VERAMYST,2.78349879888077e-06,1.391749399440385e-05,25,9.132897653650003e-06,4.566448826825001e-05,0.11967364397037988,0.5502413332536013
item_DUPIXENT,2.7678829121860136e-06,1.3839414560930066e-05,25,5.8568953555912554e-05,0.00029284476777956275,0.11967364397037988,0.5502413332536013
item_ATRIPLA,2.7383113931310684e-06,1.3691556965655342e-05,25,8.984633910151382e-06,4.49231695507569e-05,0.11967364397037988,0.5502413332536013
item_BYDUREON PEN,2.564905680372365e-06,1.2824528401861824e-05,25,5.4249364913315096e-05,0.00027124682456657544,0.11967364397037988,0.5502413332536013
item_ACIPHEX,2.511309082695947e-06,1.1703830526959722e-05,25,5.311642996949438e-05,0.00024770604967898444,0.11967364397037988,0.5502413332536013
item_PRECISION XTRA BLOOD GLUC,2.4916463780728125e-06,1.2458231890364063e-05,25,5.216893320528921e-05,0.000260844666026446,0.11967364397037988,0.5502413332536013
item_ROZEREM,2.4655993671535684e-06,1.2327996835767841e-05,25,5.194923708860738e-05,0.0002597461854430369,0.11967364397037988,0.5502413332536013
item_CVS ALLERGY RELIEF,2.4428342374490708e-06,1.2214171187245354e-05,25,5.1469584499412756e-05,0.00025734792249706376,0.11967364397037988,0.5502413332536013
item_VYTORIN,2.4266581069702274e-06,1.208164745768772e-05,25,5.117093894521299e-05,0.00025568496673762956,0.11967364397037988,0.5502413332536013
item_EASY TOUCH PEN NEEDLES 31,2.3393264054179283e-06,1.1696632027089642e-05,25,4.89797284492715e-05,0.0002448986422463575,0.11967364397037988,0.5502413332536013
item_DIVIGEL,2.26954032975461e-06,1.134770164877305e-05,25,4.796423452832243e-05,0.00023982117264161217,0.11967364397037988,0.5502413332536013
item_BENICAR HCT,2.2414721925372726e-06,8.036318253481791e-06,25,2.2109209360132408e-05,8.941694679896114e-05,0.11967364397037988,0.5502413332536013
item_ULTICARE INSULIN SYRINGE/,2.196330338978861e-06,1.0981651694894306e-05,25,4.6453765119406455e-05,0.0002322688255970323,0.11967364397037988,0.5502413332536013
item_ANDROGEL PUMP,2.1324607059638405e-06,1.0662303529819201e-05,25,7.018578987804158e-06,3.5092894939020794e-05,0.11967364397037988,0.5502413332536013
item_NYSTATIN/TRIAMCINOLONE,2.051692352930818e-06,1.025846176465409e-05,25,4.288057651474081e-05,0.00021440288257370405,0.11967364397037988,0.5502413332536013
item_TRACLEER,2.001430276031019e-06,1.0007151380155092e-05,25,4.216937159822706e-05,0.00021084685799113527,0.11967364397037988,0.5502413332536013
item_ULTICARE MICRO PEN NEEDLE,1.99717988796569e-06,9.98589943982845e-06,25,4.198994383382002e-05,0.00020994971916910008,0.11967364397037988,0.5502413332536013
item_AUBAGIO,1.950554267469296e-06,9.752771337346477e-06,25,4.127411668923179e-05,0.000206370583446159,0.11967364397037988,0.5502413332536013
item_REYATAZ,1.758153870850524e-06,5.3234455218223606e-06,25,2.6192810324645294e-05,9.520788623784286e-05,0.11967364397037988,0.5502413332536013
item_OMEGA-3-ACID ETHYL ESTERS,1.7078508197665415e-06,8.539254098832708e-06,25,3.5983764568551886e-05,0.00017991882284275942,0.11967364397037988,0.5502413332536013
item_VAGIFEM,1.6232063951786394e-06,8.116031975893196e-06,25,3.430467888386857e-05,0.00017152339441934284,0.11967364397037988,0.5502413332536013
item_CODEINE SULFATE,1.6214061872289883e-06,8.107030936144941e-06,25,3.4255021600403686e-05,0.00017127510800201846,0.11967364397037988,0.5502413332536013
item_PROMETHEGAN,1.619104847782587e-06,8.095524238912935e-06,25,3.404106061207466e-05,0.0001702053030603733,0.11967364397037988,0.5502413332536013
item_ENABLEX,1.508469771293975e-06,7.5423488564698745e-06,25,3.171500041299108e-05,0.0001585750020649554,0.11967364397037988,0.5502413332536013
item_GNP ALCOHOL SWABS,1.4993395474864127e-06,7.496697737432064e-06,25,4.902175898332684e-06,2.451087949166342e-05,0.11967364397037988,0.5502413332536013
item_AZILECT,1.472832495654181e-06,3.2835452876622638e-06,25,2.063559974233791e-05,3.903211827082005e-05,0.11967364397037988,0.5502413332536013
item_JANUMET XR,1.4189376741689369e-06,7.094688370844684e-06,25,2.9849399155121707e-05,0.00014924699577560855,0.11967364397037988,0.5502413332536013
item_CALCIUM,1.3636266754972901e-06,6.818133377486451e-06,25,2.8841560019409214e-05,0.00014420780009704608,0.11967364397037988,0.5502413332536013
item_NOVOFINE 30GX8MM,1.3594333482166407e-06,4.76618402753526e-06,25,2.8616494317994833e-05,0.0001004308760900427,0.11967364397037988,0.5502413332536013
item_TIKOSYN,1.3451176413097872e-06,4.032474751943032e-06,25,2.8421825461549725e-05,8.52566094965146e-05,0.11967364397037988,0.5502413332536013
item_AZASITE,1.329964126367015e-06,6.649820631835075e-06,25,2.8148674932109837e-05,0.0001407433746605492,0.11967364397037988,0.5502413332536013
item_ALCOHOL PREP PADS,1.241687717131268e-06,6.20843858565634e-06,25,2.6161886017083106e-05,0.00013080943008541554,0.11967364397037988,0.5502413332536013
item_ROBAFEN,1.1484884499385254e-06,5.742442249692628e-06,25,2.4146530714281938e-05,0.00012073265357140969,0.11967364397037988,0.5502413332536013
item_TRIAMCINOLONE ACETONIDE D,1.0334499696387207e-06,5.1672498481936045e-06,25,2.2110651460921768e-05,0.00011055325730460885,0.11967364397037988,0.5502413332536013
item_TAZTIA XT,9.936484449197576e-07,3.4481559073644204e-06,25,2.085026736984248e-05,7.234197728348979e-05,0.11967364397037988,0.5502413332536013
item_VERAPAMIL HCL SR,9.872147271217752e-07,4.936073635608876e-06,25,2.075347942983267e-05,0.00010376739714916335,0.11967364397037988,0.5502413332536013
item_ISONIAZID,9.35040421633765e-07,4.675202108168826e-06,25,1.954243884906372e-05,9.77121942453186e-05,0.11967364397037988,0.5502413332536013
item_V-GO 30,8.893664198063989e-07,4.446832099031994e-06,25,1.8587847617442153e-05,9.293923808721078e-05,0.11967364397037988,0.5502413332536013
item_CAPTOPRIL,7.968654443405762e-07,3.98432722170288e-06,25,1.6840873263529906e-05,8.420436631764955e-05,0.11967364397037988,0.5502413332536013
item_CYTOMEL,7.834098118484831e-07,3.917049059242416e-06,25,2.5561748396615794e-06,1.2780874198307898e-05,0.11967364397037988,0.5502413332536013
item_HYDROMORPHONE HCL ER,7.485880641352469e-07,3.7429403206762346e-06,25,1.5772464636198705e-05,7.886232318099353e-05,0.11967364397037988,0.5502413332536013
item_CHLORDIAZEPOXIDE HCL/CLID,7.127185359296019e-07,3.56359267964801e-06,25,1.4982950586444093e-05,7.491475293222049e-05,0.11967364397037988,0.5502413332536013
item_GLYBURIDE MICRONIZED,7.088547879037415e-07,3.544273939518708e-06,25,1.4992723652106333e-05,7.496361826053167e-05,0.11967364397037988,0.5502413332536013
item_NIASPAN,5.929580430355617e-07,2.964790215177808e-06,25,1.2466716229671345e-05,6.233358114835672e-05,0.11967364397037988,0.5502413332536013
item_OXAZEPAM,5.783683709469636e-07,2.8918418547348184e-06,25,1.2158607200187182e-05,6.0793036000935914e-05,0.11967364397037988,0.5502413332536013
item_BAC,5.257330387903928e-07,2.628665193951964e-06,25,1.1076994357346075e-05,5.5384971786730374e-05,0.11967364397037988,0.5502413332536013
item_BETASERON,4.6067246912924274e-07,2.3033623456462136e-06,25,9.652910067621321e-06,4.8264550338106606e-05,0.11967364397037988,0.5502413332536013
item_GLOBAL INJECT EASE INSULI,4.4747005085285486e-07,2.237350254264275e-06,25,9.407886798703206e-06,4.7039433993516026e-05,0.11967364397037988,0.5502413332536013
item_TRIHEXYPHENIDYL HCL,4.20095850741375e-07,1.8647709639529452e-06,25,8.856787337198113e-06,3.9292450274401047e-05,0.11967364397037988,0.5502413332536013
item_ZETIA,3.665378747522083e-07,1.6018445220117748e-06,25,1.8174342013905858e-06,5.8714125478279215e-06,0.11967364397037988,0.5502413332536013
item_ALLERGY,3.414777544254508e-07,1.707388772127254e-06,25,7.216756135476181e-06,3.6083780677380895e-05,0.11967364397037988,0.5502413332536013
item_KLOR-CON SPRINKLE,2.8677740901658464e-07,1.4338870450829231e-06,25,6.029385419898483e-06,3.0146927099492417e-05,0.11967364397037988,0.5502413332536013
item_DELZICOL,2.764096186853899e-07,1.3820480934269494e-06,25,5.811406590694908e-06,2.9057032953474537e-05,0.11967364397037988,0.5502413332536013
item_GLEEVEC,2.3754041877750811e-07,1.1877020938875408e-06,25,4.9941965182161914e-06,2.4970982591080956e-05,0.11967364397037988,0.5502413332536013
item_BANZEL,2.2940351098111374e-07,1.1470175549055688e-06,25,4.855322584174788e-06,2.4276612920873942e-05,0.11967364397037988,0.5502413332536013
item_CVS ACETAMINOPHEN,2.215197140652156e-07,1.107598570326078e-06,25,4.667335780127024e-06,2.333667890063512e-05,0.11967364397037988,0.5502413332536013
item_TERAZOSIN HYDROCHLORIDE,2.028190197688949e-07,1.0140950988444747e-06,25,4.291690843135566e-06,2.1458454215677826e-05,0.11967364397037988,0.5502413332536013
item_ASACOL HD,1.9553771294272618e-07,9.77688564713631e-07,25,4.110643603489131e-06,2.0553218017445654e-05,0.11967364397037988,0.5502413332536013
item_VICODIN,1.5033265196358815e-07,5.209292192694879e-07,25,3.152247125091229e-06,1.0924617966900596e-05,0.11967364397037988,0.5502413332536013
item_DILTIAZEM CD,1.0887505046876138e-07,5.433321695588739e-07,25,2.279592633598104e-06,1.1376032831796183e-05,0.11967364397037988,0.5502413332536013
item_JINTELI,8.76544202747498e-08,4.38272101373749e-07,25,2.8670638480794356e-07,1.4335319240397177e-06,0.11967364397037988,0.5502413332536013
item_METHYLDOPA,3.5712721781705555e-08,1.785636089085278e-07,25,1.1676477438058386e-07,5.838238719029193e-07,0.11967364397037988,0.5502413332536013
item_ESTRACE,2.1264409861682457e-08,1.063220493084123e-07,25,4.4995914679033586e-07,2.2497957339516793e-06,0.11967364397037988,0.5502413332536013
item_FOSINOPRIL SODIUM/HYDROCH,2.0238019772340794e-09,1.0119009886170396e-08,25,6.619597125178834e-09,3.309798562589417e-08,0.11967364397037988,0.5502413332536013
item_SIMETHICONE,0.0,0.0,25,0.0,0.0,0.11967364397037988,0.5502413332536013
item_SULFACETAMIDE SODIUM,0.0,0.0,25,0.0,0.0,0.11967364397037988,0.5502413332536013
item_APIDRA SOLOSTAR,0.0,0.0,25,0.0,0.0,0.11967364397037988,0.5502413332536013
item_SUBOXONE,0.0,0.0,25,0.0,0.0,0.11967364397037988,0.5502413332536013
item_ENBREL,0.0,0.0,25,0.0,0.0,0.11967364397037988,0.5502413332536013
item_FLUAD 2016-2017,0.0,0.0,25,0.0,0.0,0.11967364397037988,0.5502413332536013
item_ENDOCET,0.0,0.0,25,0.0,0.0,0.11967364397037988,0.5502413332536013
item_APIDRA,0.0,0.0,25,0.0,0.0,0.11967364397037988,0.5502413332536013
item_ANUSOL-HC,0.0,0.0,25,0.0,0.0,0.11967364397037988,0.5502413332536013
item_ENSTILAR,0.0,0.0,25,0.0,0.0,0.11967364397037988,0.5502413332536013
item_ANTI-DIARRHEAL,0.0,0.0,25,0.0,0.0,0.11967364397037988,0.5502413332536013
item_ENTECAVIR,0.0,0.0,25,0.0,0.0,0.11967364397037988,0.5502413332536013
item_ENULOSE,0.0,0.0,25,0.0,0.0,0.11967364397037988,0.5502413332536013
item_FIBER-LAX,0.0,0.0,25,0.0,0.0,0.11967364397037988,0.5502413332536013
item_FLORANEX,0.0,0.0,25,0.0,0.0,0.11967364397037988,0.5502413332536013
item_SIMPONI,0.0,0.0,25,0.0,0.0,0.11967364397037988,0.5502413332536013
item_FINACEA,0.0,0.0,25,0.0,0.0,0.11967364397037988,0.5502413332536013
item_FISH OIL,0.0,0.0,25,0.0,0.0,0.11967364397037988,0.5502413332536013
item_ANDROGEL,0.0,0.0,25,0.0,0.0,0.11967364397037988,0.5502413332536013
item_FLONASE ALLERGY RELIEF,0.0,0.0,25,0.0,0.0,0.11967364397037988,0.5502413332536013
item_ANDRODERM,0.0,0.0,25,0.0,0.0,0.11967364397037988,0.5502413332536013
item_FEXOFENADINE HYDROCHLORID,0.0,0.0,25,0.0,0.0,0.11967364397037988,0.5502413332536013
item_DUEXIS,0.0,0.0,25,0.0,0.0,0.11967364397037988,0.5502413332536013
item_STRATTERA,0.0,0.0,25,0.0,0.0,0.11967364397037988,0.5502413332536013
item_DOXYCYCLINE HYCLATE DR,0.0,0.0,25,0.0,0.0,0.11967364397037988,0.5502413332536013
item_RA VITAMIN D-3,0.0,0.0,25,0.0,0.0,0.11967364397037988,0.5502413332536013
item_DOK,0.0,0.0,25,0.0,0.0,0.11967364397037988,0.5502413332536013
item_DOCUSATE SODIUM & SENNA S,0.0,0.0,25,0.0,0.0,0.11967364397037988,0.5502413332536013
item_READI-CAT 2,0.0,0.0,25,0.0,0.0,0.11967364397037988,0.5502413332536013
item_READI-CAT 2 BERRY SMOOTHI,0.0,0.0,25,0.0,0.0,0.11967364397037988,0.5502413332536013
item_DIPYRIDAMOLE,0.0,0.0,25,0.0,0.0,0.11967364397037988,0.5502413332536013
item_DIPHENHYDRAMINE HYDROCHLO,0.0,0.0,25,0.0,0.0,0.11967364397037988,0.5502413332536013
item_READI-CAT 2 CREAMY VANILL,0.0,0.0,25,0.0,0.0,0.11967364397037988,0.5502413332536013
item_REFRESH TEARS,0.0,0.0,25,0.0,0.0,0.11967364397037988,0.5502413332536013
item_RELION INSULIN SYRINGE 0.,0.0,0.0,25,0.0,0.0,0.11967364397037988,0.5502413332536013
item_CHLORZOXAZONE,0.0,0.0,25,0.0,0.0,0.11967364397037988,0.5502413332536013
item_RELION MINI PEN NEEDLES 3,0.0,0.0,25,0.0,0.0,0.11967364397037988,0.5502413332536013
item_FLUAD 2017-2018,0.0,0.0,25,0.0,0.0,0.11967364397037988,0.5502413332536013
item_CHANTIX STARTING MONTH PA,0.0,0.0,25,0.0,0.0,0.11967364397037988,0.5502413332536013
item_CHANTIX CONTINUING MONTH,0.0,0.0,25,0.0,0.0,0.11967364397037988,0.5502413332536013
item_CHANTIX,0.0,0.0,25,0.0,0.0,0.11967364397037988,0.5502413332536013
item_CETIRIZINE HCL,0.0,0.0,25,0.0,0.0,0.11967364397037988,0.5502413332536013
item_STERILE WATER FOR INJECTI,0.0,0.0,25,0.0,0.0,0.11967364397037988,0.5502413332536013
item_STROVITE ONE,0.0,0.0,25,0.0,0.0,0.11967364397037988,0.5502413332536013
item_STELARA,0.0,0.0,25,0.0,0.0,0.11967364397037988,0.5502413332536013
item_SOOLANTRA,0.0,0.0,25,0.0,0.0,0.11967364397037988,0.5502413332536013
item_SOLU-MEDROL,0.0,0.0,25,0.0,0.0,0.11967364397037988,0.5502413332536013
item_SODIUM SULFACETAMIDE/SULF,0.0,0.0,25,0.0,0.0,0.11967364397037988,0.5502413332536013
item_RELION SHORT PEN NEEDLES,0.0,0.0,25,0.0,0.0,0.11967364397037988,0.5502413332536013
item_SODIUM SULFACETAMIDE,0.0,0.0,25,0.0,0.0,0.11967364397037988,0.5502413332536013
item_SODIUM CHLORIDE 0.45%,0.0,0.0,25,0.0,0.0,0.11967364397037988,0.5502413332536013
item_SM ASPIRIN ADULT LOW STRE,0.0,0.0,25,0.0,0.0,0.11967364397037988,0.5502413332536013
item_FETZIMA,0.0,0.0,25,0.0,0.0,0.11967364397037988,0.5502413332536013
item_CHLORDIAZEPOXIDE HCL,0.0,0.0,25,0.0,0.0,0.11967364397037988,0.5502413332536013
item_RISAQUAD,0.0,0.0,25,0.0,0.0,0.11967364397037988,0.5502413332536013
item_RISEDRONATE SODIUM DR,0.0,0.0,25,0.0,0.0,0.11967364397037988,0.5502413332536013
item_RISPERDAL CONSTA,0.0,0.0,25,0.0,0.0,0.11967364397037988,0.5502413332536013
item_SEREVENT DISKUS,0.0,0.0,25,0.0,0.0,0.11967364397037988,0.5502413332536013
item_RISPERIDONE ODT,0.0,0.0,25,0.0,0.0,0.11967364397037988,0.5502413332536013
item_RIZATRIPTAN BENZOATE,0.0,0.0,25,0.0,0.0,0.11967364397037988,0.5502413332536013
item_SENNA,0.0,0.0,25,0.0,0.0,0.11967364397037988,0.5502413332536013
item_RIZATRIPTAN BENZOATE ODT,0.0,0.0,25,0.0,0.0,0.11967364397037988,0.5502413332536013
item_SELENIUM SULFIDE,0.0,0.0,25,0.0,0.0,0.11967364397037988,0.5502413332536013
item_SCOPOLAMINE,0.0,0.0,25,0.0,0.0,0.11967364397037988,0.5502413332536013
item_SAVELLA,0.0,0.0,25,0.0,0.0,0.11967364397037988,0.5502413332536013
item_SAVAYSA,0.0,0.0,25,0.0,0.0,0.11967364397037988,0.5502413332536013
item_SAPHRIS,0.0,0.0,25,0.0,0.0,0.11967364397037988,0.5502413332536013
item_EPZICOM,0.0,0.0,25,0.0,0.0,0.11967364397037988,0.5502413332536013
item_SULINDAC,0.0,0.0,25,0.0,0.0,0.11967364397037988,0.5502413332536013
item_FELODIPINE ER,0.0,0.0,25,0.0,0.0,0.11967364397037988,0.5502413332536013
item_EZETIMIBE/SIMVASTATIN,0.0,0.0,25,0.0,0.0,0.11967364397037988,0.5502413332536013
item_EQ ALLERGY RELIEF,0.0,0.0,25,0.0,0.0,0.11967364397037988,0.5502413332536013
item_EQ ASPIRIN,0.0,0.0,25,0.0,0.0,0.11967364397037988,0.5502413332536013
item_EQ ASPIRIN ADULT LOW DOSE,0.0,0.0,25,0.0,0.0,0.11967364397037988,0.5502413332536013
item_EXFORGE,0.0,0.0,25,0.0,0.0,0.11967364397037988,0.5502413332536013
item_EVZIO,0.0,0.0,25,0.0,0.0,0.11967364397037988,0.5502413332536013
item_EUCRISA,0.0,0.0,25,0.0,0.0,0.11967364397037988,0.5502413332536013
item_ETODOLAC ER,0.0,0.0,25,0.0,0.0,0.11967364397037988,0.5502413332536013
item_ESTRADIOL/NORETHINDRONE A,0.0,0.0,25,0.0,0.0,0.11967364397037988,0.5502413332536013
item_ESTERIFIED ESTROGENS/METH,0.0,0.0,25,0.0,0.0,0.11967364397037988,0.5502413332536013
item_ERY-TAB,0.0,0.0,25,0.0,0.0,0.11967364397037988,0.5502413332536013
item_EQ STOOL SOFTENER,0.0,0.0,25,0.0,0.0,0.11967364397037988,0.5502413332536013
item_EQ MUCUS ER,0.0,0.0,25,0.0,0.0,0.11967364397037988,0.5502413332536013
item_FEMRING,0.0,0.0,25,0.0,0.0,0.11967364397037988,0.5502413332536013
item_FLUARIX QUADRIVALENT 2016,0.0,0.0,25,0.0,0.0,0.11967364397037988,0.5502413332536013
item_FLUARIX QUADRIVALENT 2017,0.0,0.0,25,0.0,0.0,0.11967364397037988,0.5502413332536013
item_FLUARIX QUADRIVALENT 2018,0.0,0.0,25,0.0,0.0,0.11967364397037988,0.5502413332536013
item_ELIDEL,0.0,0.0,25,0.0,0.0,0.11967364397037988,0.5502413332536013
item_ELETRIPTAN HYDROBROMIDE,0.0,0.0,25,0.0,0.0,0.11967364397037988,0.5502413332536013
item_FLUNISOLIDE,0.0,0.0,25,0.0,0.0,0.11967364397037988,0.5502413332536013
item_FLUOCINOLONE ACETONIDE SC,0.0,0.0,25,0.0,0.0,0.11967364397037988,0.5502413332536013
item_EDARBYCLOR,0.0,0.0,25,0.0,0.0,0.11967364397037988,0.5502413332536013
item_EASY TOUCH PEN NEEDLES/31,0.0,0.0,25,0.0,0.0,0.11967364397037988,0.5502413332536013
item_FLURAZEPAM HCL,0.0,0.0,25,0.0,0.0,0.11967364397037988,0.5502413332536013
item_FLURBIPROFEN,0.0,0.0,25,0.0,0.0,0.11967364397037988,0.5502413332536013
item_EASY TOUCH INSULIN SYRING,0.0,0.0,25,0.0,0.0,0.11967364397037988,0.5502413332536013
item_EAR DROPS EARWAX REMOVAL,0.0,0.0,25,0.0,0.0,0.11967364397037988,0.5502413332536013
item_RELISTOR,0.0,0.0,25,0.0,0.0,0.11967364397037988,0.5502413332536013
item_SEROQUEL XR,0.0,0.0,25,0.0,0.0,0.11967364397037988,0.5502413332536013
item_DUREZOL,0.0,0.0,25,0.0,0.0,0.11967364397037988,0.5502413332536013
item_RELPAX,0.0,0.0,25,0.0,0.0,0.11967364397037988,0.5502413332536013
item_RENAGEL,0.0,0.0,25,0.0,0.0,0.11967364397037988,0.5502413332536013
item_RENAL CAPS,0.0,0.0,25,0.0,0.0,0.11967364397037988,0.5502413332536013
item_AMLODIPINE/VALSARTAN/HYDR,0.0,0.0,25,0.0,0.0,0.11967364397037988,0.5502413332536013
item_AMLODIPINE BESYLATE/VALSA,0.0,0.0,25,0.0,0.0,0.11967364397037988,0.5502413332536013
item_AMLODIPINE BESYLATE/ATORV,0.0,0.0,25,0.0,0.0,0.11967364397037988,0.5502413332536013
item_AMILORIDE/HYDROCHLOROTHIA,0.0,0.0,25,0.0,0.0,0.11967364397037988,0.5502413332536013
item_REPATHA,0.0,0.0,25,0.0,0.0,0.11967364397037988,0.5502413332536013
item_AMILORIDE HCL,0.0,0.0,25,0.0,0.0,0.11967364397037988,0.5502413332536013
item_AMBIEN,0.0,0.0,25,0.0,0.0,0.11967364397037988,0.5502413332536013
item_SF 5000 PLUS,0.0,0.0,25,0.0,0.0,0.11967364397037988,0.5502413332536013
item_RHOFADE,0.0,0.0,25,0.0,0.0,0.11967364397037988,0.5502413332536013
item_SF,0.0,0.0,25,0.0,0.0,0.11967364397037988,0.5502413332536013
item_RISAMINE,0.0,0.0,25,0.0,0.0,0.11967364397037988,0.5502413332536013
item_DUTASTERIDE/TAMSULOSIN HY,0.0,0.0,25,0.0,0.0,0.11967364397037988,0.5502413332536013
item_UNIFINE PENTIPS 31GX8MM,0.0,0.0,25,0.0,0.0,0.11967364397037988,0.5502413332536013
item_UNIFINE PENTIPS 32GX4MM,0.0,0.0,25,0.0,0.0,0.11967364397037988,0.5502413332536013
item_UNIFINE PENTIPS PLUS 31GX,0.0,0.0,25,0.0,0.0,0.11967364397037988,0.5502413332536013
item_UNITHROID,0.0,0.0,25,0.0,0.0,0.11967364397037988,0.5502413332536013
item_UREA,0.0,0.0,25,0.0,0.0,0.11967364397037988,0.5502413332536013
item_URIBEL,0.0,0.0,25,0.0,0.0,0.11967364397037988,0.5502413332536013
item_XOLAIR,0.0,0.0,25,0.0,0.0,0.11967364397037988,0.5502413332536013
item_XTAMPZA ER,0.0,0.0,25,0.0,0.0,0.11967364397037988,0.5502413332536013
item_DIOVAN,0.0,0.0,25,0.0,0.0,0.11967364397037988,0.5502413332536013
item_ZALEPLON,0.0,0.0,25,0.0,0.0,0.11967364397037988,0.5502413332536013
item_ZARXIO,0.0,0.0,25,0.0,0.0,0.11967364397037988,0.5502413332536013
item_ZESTRIL,0.0,0.0,25,0.0,0.0,0.11967364397037988,0.5502413332536013
item_CICLOPIROX,0.0,0.0,25,0.0,0.0,0.11967364397037988,0.5502413332536013
item_CICLOPIROX OLAMINE,0.0,0.0,25,0.0,0.0,0.11967364397037988,0.5502413332536013
item_CIPRODEX,0.0,0.0,25,0.0,0.0,0.11967364397037988,0.5502413332536013
item_CLARITHROMYCIN ER,0.0,0.0,25,0.0,0.0,0.11967364397037988,0.5502413332536013
item_CLENPIQ,0.0,0.0,25,0.0,0.0,0.11967364397037988,0.5502413332536013
item_XYLOCAINE-MPF,0.0,0.0,25,0.0,0.0,0.11967364397037988,0.5502413332536013
item_COZAAR,0.0,0.0,25,0.0,0.0,0.11967364397037988,0.5502413332536013
item_CROMOLYN SODIUM,0.0,0.0,25,0.0,0.0,0.11967364397037988,0.5502413332536013
item_CULTURELLE DIGESTIVE HEAL,0.0,0.0,25,0.0,0.0,0.11967364397037988,0.5502413332536013
item_TRUE METRIX AIR W/BLUETOO,0.0,0.0,25,0.0,0.0,0.11967364397037988,0.5502413332536013
item_TRUE METRIX CONTROL SOLUT,0.0,0.0,25,0.0,0.0,0.11967364397037988,0.5502413332536013
item_TRUEPLUS INSULIN SYRINGE/,0.0,0.0,25,0.0,0.0,0.11967364397037988,0.5502413332536013
item_TRUEPLUS LANCETS 28G,0.0,0.0,25,0.0,0.0,0.11967364397037988,0.5502413332536013
item_TRUEPLUS LANCETS 30G ULTR,0.0,0.0,25,0.0,0.0,0.11967364397037988,0.5502413332536013
item_UNIFINE PENTIPS 31GX6MM,0.0,0.0,25,0.0,0.0,0.11967364397037988,0.5502413332536013
item_TRUEPLUS PEN NEEDLES 31GX,0.0,0.0,25,0.0,0.0,0.11967364397037988,0.5502413332536013
item_TRUETRACK TEST,0.0,0.0,25,0.0,0.0,0.11967364397037988,0.5502413332536013
item_UCERIS,0.0,0.0,25,0.0,0.0,0.11967364397037988,0.5502413332536013
item_ULTICARE INSULIN SYRINGE,0.0,0.0,25,0.0,0.0,0.11967364397037988,0.5502413332536013
item_ULTICARE MINI PEN NEEDLES,0.0,0.0,25,0.0,0.0,0.11967364397037988,0.5502413332536013
item_ULTICARE SHORT PEN NEEDLE,0.0,0.0,25,0.0,0.0,0.11967364397037988,0.5502413332536013
item_ULTIGUARD SAFEPACK/MICRO,0.0,0.0,25,0.0,0.0,0.11967364397037988,0.5502413332536013
item_UNIFINE PENTIPS 31G X 3/1,0.0,0.0,25,0.0,0.0,0.11967364397037988,0.5502413332536013
item_TRUEPLUS LANCETS 33G,0.0,0.0,25,0.0,0.0,0.11967364397037988,0.5502413332536013
item_VITAMIN B-6,0.0,0.0,25,0.0,0.0,0.11967364397037988,0.5502413332536013
item_ACCU-CHEK FASTCLIX LANCET,0.0,0.0,25,0.0,0.0,0.11967364397037988,0.5502413332536013
item_VITAMIN D-1000,0.0,0.0,25,0.0,0.0,0.11967364397037988,0.5502413332536013
item_ACCU-CHEK COMPACT PLUS,0.0,0.0,25,0.0,0.0,0.11967364397037988,0.5502413332536013
item_ZINC OXIDE,0.0,0.0,25,0.0,0.0,0.11967364397037988,0.5502413332536013
item_ZINC SULFATE,0.0,0.0,25,0.0,0.0,0.11967364397037988,0.5502413332536013
item_ZIOPTAN,0.0,0.0,25,0.0,0.0,0.11967364397037988,0.5502413332536013
item_ACCU-CHEK AVIVA,0.0,0.0,25,0.0,0.0,0.11967364397037988,0.5502413332536013
item_CLEVER CHOICE COMFORT EZ,0.0,0.0,25,0.0,0.0,0.11967364397037988,0.5502413332536013
item_ZOLMITRIPTAN,0.0,0.0,25,0.0,0.0,0.11967364397037988,0.5502413332536013
item_ZOLOFT,0.0,0.0,25,0.0,0.0,0.11967364397037988,0.5502413332536013
item_ACAMPROSATE CALCIUM DR,0.0,0.0,25,0.0,0.0,0.11967364397037988,0.5502413332536013
item_ABILIFY,0.0,0.0,25,0.0,0.0,0.11967364397037988,0.5502413332536013
item_ABACAVIR,0.0,0.0,25,0.0,0.0,0.11967364397037988,0.5502413332536013
item_5 SERIES BLOOD PRESSURE M,0.0,0.0,25,0.0,0.0,0.11967364397037988,0.5502413332536013
item_ZOVIRAX,0.0,0.0,25,0.0,0.0,0.11967364397037988,0.5502413332536013
item_ZYLET,0.0,0.0,25,0.0,0.0,0.11967364397037988,0.5502413332536013
item_ZOCOR,0.0,0.0,25,0.0,0.0,0.11967364397037988,0.5502413332536013
item_CLICKFINE PEN NEEDLE UNIV,0.0,0.0,25,0.0,0.0,0.11967364397037988,0.5502413332536013
item_CLIMARA,0.0,0.0,25,0.0,0.0,0.11967364397037988,0.5502413332536013
item_CLIMARA PRO,0.0,0.0,25,0.0,0.0,0.11967364397037988,0.5502413332536013
item_CLOBETASOL PROPIONATE E,0.0,0.0,25,0.0,0.0,0.11967364397037988,0.5502413332536013
item_CLOBETASOL PROPIONATE EMO,0.0,0.0,25,0.0,0.0,0.11967364397037988,0.5502413332536013
item_V-GO 40,0.0,0.0,25,0.0,0.0,0.11967364397037988,0.5502413332536013
item_VALIUM,0.0,0.0,25,0.0,0.0,0.11967364397037988,0.5502413332536013
item_VASCEPA,0.0,0.0,25,0.0,0.0,0.11967364397037988,0.5502413332536013
item_ALLERGY NON-DROWSY,0.0,0.0,25,0.0,0.0,0.11967364397037988,0.5502413332536013
item_ADVOCATE INSULIN PEN NEED,0.0,0.0,25,0.0,0.0,0.11967364397037988,0.5502413332536013
item_AEROCHAMBER PLUS FLOW-VU,0.0,0.0,25,0.0,0.0,0.11967364397037988,0.5502413332536013
item_AFLURIA PF 2017-2018,0.0,0.0,25,0.0,0.0,0.11967364397037988,0.5502413332536013
item_AFLURIA QUADRIVALENT 2017,0.0,0.0,25,0.0,0.0,0.11967364397037988,0.5502413332536013
item_AFLURIA QUADRIVALENT 2018,0.0,0.0,25,0.0,0.0,0.11967364397037988,0.5502413332536013
item_ALCLOMETASONE DIPROPIONAT,0.0,0.0,25,0.0,0.0,0.11967364397037988,0.5502413332536013
item_ALCOHOL PADS,0.0,0.0,25,0.0,0.0,0.11967364397037988,0.5502413332536013
item_ALFUZOSIN HCL ER,0.0,0.0,25,0.0,0.0,0.11967364397037988,0.5502413332536013
item_ALL DAY ALLERGY,0.0,0.0,25,0.0,0.0,0.11967364397037988,0.5502413332536013
item_ADEMPAS,0.0,0.0,25,0.0,0.0,0.11967364397037988,0.5502413332536013
item_DILTIAZEM HCL CD,0.0,0.0,25,0.0,0.0,0.11967364397037988,0.5502413332536013
item_RA PEN NEEDLES 31G X 8MM,0.0,0.0,25,0.0,0.0,0.11967364397037988,0.5502413332536013
item_CARVEDILOL PHOSPHATE,0.0,0.0,25,0.0,0.0,0.11967364397037988,0.5502413332536013
item_CEFPROZIL,0.0,0.0,25,0.0,0.0,0.11967364397037988,0.5502413332536013
item_CELEBREX,0.0,0.0,25,0.0,0.0,0.11967364397037988,0.5502413332536013
item_CERTAVITE SENIOR/ANTIOXID,0.0,0.0,25,0.0,0.0,0.11967364397037988,0.5502413332536013
item_TELMISARTAN/HYDROCHLOROTH,0.0,0.0,25,0.0,0.0,0.11967364397037988,0.5502413332536013
item_TENIVAC,0.0,0.0,25,0.0,0.0,0.11967364397037988,0.5502413332536013
item_COSENTYX SENSOREADY PEN,0.0,0.0,25,0.0,0.0,0.11967364397037988,0.5502413332536013
item_TESTOSTERONE ENANTHATE,0.0,0.0,25,0.0,0.0,0.11967364397037988,0.5502413332536013
item_TESTOSTERONE PUMP,0.0,0.0,25,0.0,0.0,0.11967364397037988,0.5502413332536013
item_TETRACYCLINE HYDROCHLORID,0.0,0.0,25,0.0,0.0,0.11967364397037988,0.5502413332536013
item_THEO-24,0.0,0.0,25,0.0,0.0,0.11967364397037988,0.5502413332536013
item_THEOPHYLLINE CR,0.0,0.0,25,0.0,0.0,0.11967364397037988,0.5502413332536013
item_THERA M PLUS,0.0,0.0,25,0.0,0.0,0.11967364397037988,0.5502413332536013
item_THERA-M,0.0,0.0,25,0.0,0.0,0.11967364397037988,0.5502413332536013
item_THIOTHIXENE,0.0,0.0,25,0.0,0.0,0.11967364397037988,0.5502413332536013
item_TENOFOVIR DISOPROXIL FUMA,0.0,0.0,25,0.0,0.0,0.11967364397037988,0.5502413332536013
item_SUMATRIPTAN,0.0,0.0,25,0.0,0.0,0.11967364397037988,0.5502413332536013
item_SUMATRIPTAN SUCCINATE REF,0.0,0.0,25,0.0,0.0,0.11967364397037988,0.5502413332536013
item_SURE COMFORT INSULIN SYRI,0.0,0.0,25,0.0,0.0,0.11967364397037988,0.5502413332536013
item_SUSTIVA,0.0,0.0,25,0.0,0.0,0.11967364397037988,0.5502413332536013
item_SYSTANE,0.0,0.0,25,0.0,0.0,0.11967364397037988,0.5502413332536013
item_TAB-A-VITE/IRON,0.0,0.0,25,0.0,0.0,0.11967364397037988,0.5502413332536013
item_TAMOXIFEN CITRATE,0.0,0.0,25,0.0,0.0,0.11967364397037988,0.5502413332536013
item_TAMSULOSIN HCL,0.0,0.0,25,0.0,0.0,0.11967364397037988,0.5502413332536013
item_DIGOX,0.0,0.0,25,0.0,0.0,0.11967364397037988,0.5502413332536013
item_TASIGNA,0.0,0.0,25,0.0,0.0,0.11967364397037988,0.5502413332536013
item_TEGRETOL,0.0,0.0,25,0.0,0.0,0.11967364397037988,0.5502413332536013
item_TEGRETOL-XR,0.0,0.0,25,0.0,0.0,0.11967364397037988,0.5502413332536013
item_TEKTURNA,0.0,0.0,25,0.0,0.0,0.11967364397037988,0.5502413332536013
item_TEKTURNA HCT,0.0,0.0,25,0.0,0.0,0.11967364397037988,0.5502413332536013
item_DEXTROAMPHETAMINE SULFATE,0.0,0.0,25,0.0,0.0,0.11967364397037988,0.5502413332536013
item_DEXTROSE 70%,0.0,0.0,25,0.0,0.0,0.11967364397037988,0.5502413332536013
item_DICLOFENAC SODIUM ER,0.0,0.0,25,0.0,0.0,0.11967364397037988,0.5502413332536013
item_DICLOFENAC SODIUM/MISOPRO,0.0,0.0,25,0.0,0.0,0.11967364397037988,0.5502413332536013
item_TANZEUM,0.0,0.0,25,0.0,0.0,0.11967364397037988,0.5502413332536013
item_TRANDOLAPRIL,0.0,0.0,25,0.0,0.0,0.11967364397037988,0.5502413332536013
item_TRANEXAMIC ACID,0.0,0.0,25,0.0,0.0,0.11967364397037988,0.5502413332536013
item_TRAVEL SICKNESS,0.0,0.0,25,0.0,0.0,0.11967364397037988,0.5502413332536013
item_TRIAZOLAM,0.0,0.0,25,0.0,0.0,0.11967364397037988,0.5502413332536013
item_TRIBENZOR,0.0,0.0,25,0.0,0.0,0.11967364397037988,0.5502413332536013
item_TRICOR,0.0,0.0,25,0.0,0.0,0.11967364397037988,0.5502413332536013
item_TRIFLURIDINE,0.0,0.0,25,0.0,0.0,0.11967364397037988,0.5502413332536013
item_TRILYTE,0.0,0.0,25,0.0,0.0,0.11967364397037988,0.5502413332536013
item_TOBRADEX,0.0,0.0,25,0.0,0.0,0.11967364397037988,0.5502413332536013
item_TRIPLE ANTIBIOTIC,0.0,0.0,25,0.0,0.0,0.11967364397037988,0.5502413332536013
item_CLOMIPRAMINE HCL,0.0,0.0,25,0.0,0.0,0.11967364397037988,0.5502413332536013
item_CLORAZEPATE DIPOTASSIUM,0.0,0.0,25,0.0,0.0,0.11967364397037988,0.5502413332536013
item_COMBIPATCH,0.0,0.0,25,0.0,0.0,0.11967364397037988,0.5502413332536013
item_COMFORT ASSIST INSULIN SY,0.0,0.0,25,0.0,0.0,0.11967364397037988,0.5502413332536013
item_CONTOUR NEXT BLOOD GLUCOS,0.0,0.0,25,0.0,0.0,0.11967364397037988,0.5502413332536013
item_CONTRAVE,0.0,0.0,25,0.0,0.0,0.11967364397037988,0.5502413332536013
item_COREG CR,0.0,0.0,25,0.0,0.0,0.11967364397037988,0.5502413332536013
item_TRIPHROCAPS,0.0,0.0,25,0.0,0.0,0.11967364397037988,0.5502413332536013
item_TOBRAMYCIN,0.0,0.0,25,0.0,0.0,0.11967364397037988,0.5502413332536013
item_CVS ASPIRIN,0.0,0.0,25,0.0,0.0,0.11967364397037988,0.5502413332536013
item_CVS ASPIRIN LOW DOSE,0.0,0.0,25,0.0,0.0,0.11967364397037988,0.5502413332536013
item_CVS FLUTICASONE PROPRIONA,0.0,0.0,25,0.0,0.0,0.11967364397037988,0.5502413332536013
item_CVS STOOL SOFTENER,0.0,0.0,25,0.0,0.0,0.11967364397037988,0.5502413332536013
item_CVS VITAMIN D3,0.0,0.0,25,0.0,0.0,0.11967364397037988,0.5502413332536013
item_CYCLOPENTOLATE HCL,0.0,0.0,25,0.0,0.0,0.11967364397037988,0.5502413332536013
item_CYCLOPENTOLATE HYDROCHLOR,0.0,0.0,25,0.0,0.0,0.11967364397037988,0.5502413332536013
item_TRAMADOL HCL ER,0.0,0.0,25,0.0,0.0,0.11967364397037988,0.5502413332536013
item_D3-50,0.0,0.0,25,0.0,0.0,0.11967364397037988,0.5502413332536013
item_DANTROLENE SODIUM,0.0,0.0,25,0.0,0.0,0.11967364397037988,0.5502413332536013
item_DAPSONE,0.0,0.0,25,0.0,0.0,0.11967364397037988,0.5502413332536013
item_DENAVIR,0.0,0.0,25,0.0,0.0,0.11967364397037988,0.5502413332536013
item_DENTAGEL,0.0,0.0,25,0.0,0.0,0.11967364397037988,0.5502413332536013
item_DEPO-TESTOSTERONE,0.0,0.0,25,0.0,0.0,0.11967364397037988,0.5502413332536013
item_DESLORATADINE,0.0,0.0,25,0.0,0.0,0.11967364397037988,0.5502413332536013
item_DESONIDE,0.0,0.0,25,0.0,0.0,0.11967364397037988,0.5502413332536013
item_DESOXIMETASONE,0.0,0.0,25,0.0,0.0,0.11967364397037988,0.5502413332536013
item_CYCLOSPORINE,0.0,0.0,25,0.0,0.0,0.11967364397037988,0.5502413332536013
item_BUTALBITAL/ASPIRIN/CAFFEI,0.0,0.0,25,0.0,0.0,0.11967364397037988,0.5502413332536013
item_BUTORPHANOL TARTRATE,0.0,0.0,25,0.0,0.0,0.11967364397037988,0.5502413332536013
item_BUTRANS,0.0,0.0,25,0.0,0.0,0.11967364397037988,0.5502413332536013
item_BYDUREON,0.0,0.0,25,0.0,0.0,0.11967364397037988,0.5502413332536013
item_KETOTIFEN FUMARATE,0.0,0.0,25,0.0,0.0,0.11967364397037988,0.5502413332536013
item_KLOR-CON 8,0.0,0.0,25,0.0,0.0,0.11967364397037988,0.5502413332536013
item_KOMBIGLYZE XR,0.0,0.0,25,0.0,0.0,0.11967364397037988,0.5502413332536013
item_LAMOTRIGINE ER,0.0,0.0,25,0.0,0.0,0.11967364397037988,0.5502413332536013
item_PROGRAF,0.0,0.0,25,0.0,0.0,0.11967364397037988,0.5502413332536013
item_LEUCOVORIN CALCIUM,0.0,0.0,25,0.0,0.0,0.11967364397037988,0.5502413332536013
item_LEVALBUTEROL HCL,0.0,0.0,25,0.0,0.0,0.11967364397037988,0.5502413332536013
item_LEVOBUNOLOL HCL,0.0,0.0,25,0.0,0.0,0.11967364397037988,0.5502413332536013
item_LEVOXYL,0.0,0.0,25,0.0,0.0,0.11967364397037988,0.5502413332536013
item_NOVOLIN N RELION,0.0,0.0,25,0.0,0.0,0.11967364397037988,0.5502413332536013
item_NOVOLIN R,0.0,0.0,25,0.0,0.0,0.11967364397037988,0.5502413332536013
item_NOVOTWIST PEN NEEDLE 32G,0.0,0.0,25,0.0,0.0,0.11967364397037988,0.5502413332536013
item_NP THYROID 30,0.0,0.0,25,0.0,0.0,0.11967364397037988,0.5502413332536013
item_LASIX,0.0,0.0,25,0.0,0.0,0.11967364397037988,0.5502413332536013
item_LIDOCAINE HYDROCHLORIDE,0.0,0.0,25,0.0,0.0,0.11967364397037988,0.5502413332536013
item_LIPITOR,0.0,0.0,25,0.0,0.0,0.11967364397037988,0.5502413332536013
item_LOPREEZA,0.0,0.0,25,0.0,0.0,0.11967364397037988,0.5502413332536013
item_BD INSULIN SYRINGE MICROF,0.0,0.0,25,0.0,0.0,0.11967364397037988,0.5502413332536013
item_BD INSULIN SYRINGE SAFETY,0.0,0.0,25,0.0,0.0,0.11967364397037988,0.5502413332536013
item_BD INSULIN SYRINGE/DETACH,0.0,0.0,25,0.0,0.0,0.11967364397037988,0.5502413332536013
item_BEPREVE,0.0,0.0,25,0.0,0.0,0.11967364397037988,0.5502413332536013
item_NEVANAC,0.0,0.0,25,0.0,0.0,0.11967364397037988,0.5502413332536013
item_BUTALBITAL/ACETAMINOPHEN,0.0,0.0,25,0.0,0.0,0.11967364397037988,0.5502413332536013
item_NICOTINE TRANSDERMAL SYST,0.0,0.0,25,0.0,0.0,0.11967364397037988,0.5502413332536013
item_NICOTROL INHALER,0.0,0.0,25,0.0,0.0,0.11967364397037988,0.5502413332536013
item_NIFEDICAL XL,0.0,0.0,25,0.0,0.0,0.11967364397037988,0.5502413332536013
item_NISOLDIPINE ER,0.0,0.0,25,0.0,0.0,0.11967364397037988,0.5502413332536013
item_NITROGLYCERIN LINGUAL,0.0,0.0,25,0.0,0.0,0.11967364397037988,0.5502413332536013
item_NIZATIDINE,0.0,0.0,25,0.0,0.0,0.11967364397037988,0.5502413332536013
item_NORETHINDRONE ACETATE,0.0,0.0,25,0.0,0.0,0.11967364397037988,0.5502413332536013
item_NORVASC,0.0,0.0,25,0.0,0.0,0.11967364397037988,0.5502413332536013
item_NOVOFINE AUTOCOVER PEN NE,0.0,0.0,25,0.0,0.0,0.11967364397037988,0.5502413332536013
item_NIACIN ER,0.0,0.0,25,0.0,0.0,0.11967364397037988,0.5502413332536013
item_BROVANA,0.0,0.0,25,0.0,0.0,0.11967364397037988,0.5502413332536013
item_BUPRENORPHINE,0.0,0.0,25,0.0,0.0,0.11967364397037988,0.5502413332536013
item_BUPROPION HCL XL,0.0,0.0,25,0.0,0.0,0.11967364397037988,0.5502413332536013
item_BAYER MICROLET LANCETS,0.0,0.0,25,0.0,0.0,0.11967364397037988,0.5502413332536013
item_BD AUTOSHIELD DUO 30G X 5,0.0,0.0,25,0.0,0.0,0.11967364397037988,0.5502413332536013
item_NULYTELY/FLAVOR PACKS,0.0,0.0,25,0.0,0.0,0.11967364397037988,0.5502413332536013
item_ODEFSEY,0.0,0.0,25,0.0,0.0,0.11967364397037988,0.5502413332536013
item_OFEV,0.0,0.0,25,0.0,0.0,0.11967364397037988,0.5502413332536013
item_NP THYROID 90,0.0,0.0,25,0.0,0.0,0.11967364397037988,0.5502413332536013
item_OLOPATADINE HYDROCHLORIDE,0.0,0.0,25,0.0,0.0,0.11967364397037988,0.5502413332536013
item_OMEPRAZOLE/SODIUM BICARBO,0.0,0.0,25,0.0,0.0,0.11967364397037988,0.5502413332536013
item_ONETOUCH ULTRA 2,0.0,0.0,25,0.0,0.0,0.11967364397037988,0.5502413332536013
item_ONETOUCH ULTRA CONTROL,0.0,0.0,25,0.0,0.0,0.11967364397037988,0.5502413332536013
item_IMIPRAMINE HYDROCHLORIDE,0.0,0.0,25,0.0,0.0,0.11967364397037988,0.5502413332536013
item_IMIQUIMOD,0.0,0.0,25,0.0,0.0,0.11967364397037988,0.5502413332536013
item_INDOMETHACIN ER,0.0,0.0,25,0.0,0.0,0.11967364397037988,0.5502413332536013
item_INFINITY BLOOD GLUCOSE TE,0.0,0.0,25,0.0,0.0,0.11967364397037988,0.5502413332536013
item_OLMESARTAN MEDOXOMIL/AMLO,0.0,0.0,25,0.0,0.0,0.11967364397037988,0.5502413332536013
item_ATROPINE SULFATE,0.0,0.0,25,0.0,0.0,0.11967364397037988,0.5502413332536013
item_AVODART,0.0,0.0,25,0.0,0.0,0.11967364397037988,0.5502413332536013
item_AVONEX,0.0,0.0,25,0.0,0.0,0.11967364397037988,0.5502413332536013
item_AVONEX PEN,0.0,0.0,25,0.0,0.0,0.11967364397037988,0.5502413332536013
item_AXIRON,0.0,0.0,25,0.0,0.0,0.11967364397037988,0.5502413332536013
item_AZOR,0.0,0.0,25,0.0,0.0,0.11967364397037988,0.5502413332536013
item_B-12,0.0,0.0,25,0.0,0.0,0.11967364397037988,0.5502413332536013
item_JALYN,0.0,0.0,25,0.0,0.0,0.11967364397037988,0.5502413332536013
item_BROMSITE,0.0,0.0,25,0.0,0.0,0.11967364397037988,0.5502413332536013
item_JUBLIA,0.0,0.0,25,0.0,0.0,0.11967364397037988,0.5502413332536013
item_K-TAB,0.0,0.0,25,0.0,0.0,0.11967364397037988,0.5502413332536013
item_KERYDIN,0.0,0.0,25,0.0,0.0,0.11967364397037988,0.5502413332536013
item_KETOPROFEN,0.0,0.0,25,0.0,0.0,0.11967364397037988,0.5502413332536013
item_BOTOX,0.0,0.0,25,0.0,0.0,0.11967364397037988,0.5502413332536013
item_BRINTELLIX,0.0,0.0,25,0.0,0.0,0.11967364397037988,0.5502413332536013
item_BROMFENAC,0.0,0.0,25,0.0,0.0,0.11967364397037988,0.5502413332536013
item_BROMOCRIPTINE MESYLATE,0.0,0.0,25,0.0,0.0,0.11967364397037988,0.5502413332536013
item_BROMPHEN/PSEUDOEPHEDRINE,0.0,0.0,25,0.0,0.0,0.11967364397037988,0.5502413332536013
item_JENTADUETO,0.0,0.0,25,0.0,0.0,0.11967364397037988,0.5502413332536013
item_ALPRAZOLAM ER,0.0,0.0,25,0.0,0.0,0.11967364397037988,0.5502413332536013
item_ALPRAZOLAM XR,0.0,0.0,25,0.0,0.0,0.11967364397037988,0.5502413332536013
item_ALREX,0.0,0.0,25,0.0,0.0,0.11967364397037988,0.5502413332536013
item_ALTACE,0.0,0.0,25,0.0,0.0,0.11967364397037988,0.5502413332536013
item_VERAPAMIL HYDROCHLORIDE,0.0,0.0,25,0.0,0.0,0.11967364397037988,0.5502413332536013
item_VERAPAMIL HYDROCHLORIDE E,0.0,0.0,25,0.0,0.0,0.11967364397037988,0.5502413332536013
item_VIBERZI,0.0,0.0,25,0.0,0.0,0.11967364397037988,0.5502413332536013
item_VICODIN ES,0.0,0.0,25,0.0,0.0,0.11967364397037988,0.5502413332536013
item_LIDOCAINE HCL JELLY,0.0,0.0,25,0.0,0.0,0.11967364397037988,0.5502413332536013
item_METHOTREXATE SODIUM,0.0,0.0,25,0.0,0.0,0.11967364397037988,0.5502413332536013
item_METHSCOPOLAMINE BROMIDE,0.0,0.0,25,0.0,0.0,0.11967364397037988,0.5502413332536013
item_METRONIDAZOLE VAGINAL,0.0,0.0,25,0.0,0.0,0.11967364397037988,0.5502413332536013
item_MICARDIS,0.0,0.0,25,0.0,0.0,0.11967364397037988,0.5502413332536013
item_MICARDIS HCT,0.0,0.0,25,0.0,0.0,0.11967364397037988,0.5502413332536013
item_MICROLET LANCETS,0.0,0.0,25,0.0,0.0,0.11967364397037988,0.5502413332536013
item_MILK OF MAGNESIA,0.0,0.0,25,0.0,0.0,0.11967364397037988,0.5502413332536013
item_MINIVELLE,0.0,0.0,25,0.0,0.0,0.11967364397037988,0.5502413332536013
item_VIREAD,0.0,0.0,25,0.0,0.0,0.11967364397037988,0.5502413332536013
item_ACCU-CHEK GUIDE,0.0,0.0,25,0.0,0.0,0.11967364397037988,0.5502413332536013
item_ACCU-CHEK MULTICLIX LANCE,0.0,0.0,25,0.0,0.0,0.11967364397037988,0.5502413332536013
item_ACCU-CHEK NANO SMARTVIEW,0.0,0.0,25,0.0,0.0,0.11967364397037988,0.5502413332536013
item_ACCU-CHEK SMARTVIEW CONTR,0.0,0.0,25,0.0,0.0,0.11967364397037988,0.5502413332536013
item_ACCU-CHEK SOFTCLIX LANCET,0.0,0.0,25,0.0,0.0,0.11967364397037988,0.5502413332536013
item_ACEBUTOLOL HCL,0.0,0.0,25,0.0,0.0,0.11967364397037988,0.5502413332536013
item_ACETAZOLAMIDE,0.0,0.0,25,0.0,0.0,0.11967364397037988,0.5502413332536013
item_ACETIC ACID,0.0,0.0,25,0.0,0.0,0.11967364397037988,0.5502413332536013
item_ALOGLIPTIN,0.0,0.0,25,0.0,0.0,0.11967364397037988,0.5502413332536013
item_ACTONEL,0.0,0.0,25,0.0,0.0,0.11967364397037988,0.5502413332536013
item_ADDERALL XR,0.0,0.0,25,0.0,0.0,0.11967364397037988,0.5502413332536013
item_VITAMIN E,0.0,0.0,25,0.0,0.0,0.11967364397037988,0.5502413332536013
item_VIVELLE-DOT,0.0,0.0,25,0.0,0.0,0.11967364397037988,0.5502413332536013
item_VYVANSE,0.0,0.0,25,0.0,0.0,0.11967364397037988,0.5502413332536013
item_WELLBUTRIN XL,0.0,0.0,25,0.0,0.0,0.11967364397037988,0.5502413332536013
item_XANAX,0.0,0.0,25,0.0,0.0,0.11967364397037988,0.5502413332536013
item_XELJANZ,0.0,0.0,25,0.0,0.0,0.11967364397037988,0.5502413332536013
item_XELJANZ XR,0.0,0.0,25,0.0,0.0,0.11967364397037988,0.5502413332536013
item_ACITRETIN,0.0,0.0,25,0.0,0.0,0.11967364397037988,0.5502413332536013
item_NASONEX,0.0,0.0,25,0.0,0.0,0.11967364397037988,0.5502413332536013
item_NATEGLINIDE,0.0,0.0,25,0.0,0.0,0.11967364397037988,0.5502413332536013
item_NEFAZODONE HCL,0.0,0.0,25,0.0,0.0,0.11967364397037988,0.5502413332536013
item_NEFAZODONE HYDROCHLORIDE,0.0,0.0,25,0.0,0.0,0.11967364397037988,0.5502413332536013
item_NEURONTIN,0.0,0.0,25,0.0,0.0,0.11967364397037988,0.5502413332536013
item_BETAMETHASONE VALERATE,0.0,0.0,25,0.0,0.0,0.11967364397037988,0.5502413332536013
item_BETAXOLOL HCL,0.0,0.0,25,0.0,0.0,0.11967364397037988,0.5502413332536013
item_BETIMOL,0.0,0.0,25,0.0,0.0,0.11967364397037988,0.5502413332536013
item_MINOCYCLINE HCL,0.0,0.0,25,0.0,0.0,0.11967364397037988,0.5502413332536013
item_MAGNESIUM,0.0,0.0,25,0.0,0.0,0.11967364397037988,0.5502413332536013
item_MAPAP ARTHRITIS PAIN,0.0,0.0,25,0.0,0.0,0.11967364397037988,0.5502413332536013
item_MATZIM LA,0.0,0.0,25,0.0,0.0,0.11967364397037988,0.5502413332536013
item_MEFLOQUINE HCL,0.0,0.0,25,0.0,0.0,0.11967364397037988,0.5502413332536013
item_MENEST,0.0,0.0,25,0.0,0.0,0.11967364397037988,0.5502413332536013
item_MERCAPTOPURINE,0.0,0.0,25,0.0,0.0,0.11967364397037988,0.5502413332536013
item_METANX,0.0,0.0,25,0.0,0.0,0.11967364397037988,0.5502413332536013
item_METHAZOLAMIDE,0.0,0.0,25,0.0,0.0,0.11967364397037988,0.5502413332536013
item_LIALDA,0.0,0.0,25,0.0,0.0,0.11967364397037988,0.5502413332536013
item_BIMATOPROST,0.0,0.0,25,0.0,0.0,0.11967364397037988,0.5502413332536013
item_MINOCYCLINE HYDROCHLORIDE,0.0,0.0,25,0.0,0.0,0.11967364397037988,0.5502413332536013
item_MIRALAX,0.0,0.0,25,0.0,0.0,0.11967364397037988,0.5502413332536013
item_MISOPROSTOL,0.0,0.0,25,0.0,0.0,0.11967364397037988,0.5502413332536013
item_MODAFINIL,0.0,0.0,25,0.0,0.0,0.11967364397037988,0.5502413332536013
item_MOEXIPRIL HCL,0.0,0.0,25,0.0,0.0,0.11967364397037988,0.5502413332536013
item_MONOJECT INSULIN SYRINGE/,0.0,0.0,25,0.0,0.0,0.11967364397037988,0.5502413332536013
item_MONOJECT ULTRA COMFORT IN,0.0,0.0,25,0.0,0.0,0.11967364397037988,0.5502413332536013
item_MOVANTIK,0.0,0.0,25,0.0,0.0,0.11967364397037988,0.5502413332536013
item_NARCAN,0.0,0.0,25,0.0,0.0,0.11967364397037988,0.5502413332536013
item_MUCINEX DM,0.0,0.0,25,0.0,0.0,0.11967364397037988,0.5502413332536013
item_MULTI-VITAMINS,0.0,0.0,25,0.0,0.0,0.11967364397037988,0.5502413332536013
item_MULTIVITAMINS,0.0,0.0,25,0.0,0.0,0.11967364397037988,0.5502413332536013
item_MYCOPHENOLIC ACID DR,0.0,0.0,25,0.0,0.0,0.11967364397037988,0.5502413332536013
item_NAFTIFINE HYDROCHLORIDE,0.0,0.0,25,0.0,0.0,0.11967364397037988,0.5502413332536013
item_NALOXONE HCL,0.0,0.0,25,0.0,0.0,0.11967364397037988,0.5502413332536013
item_NAMENDA,0.0,0.0,25,0.0,0.0,0.11967364397037988,0.5502413332536013
item_NAPROXEN DR,0.0,0.0,25,0.0,0.0,0.11967364397037988,0.5502413332536013
item_NARATRIPTAN HCL,0.0,0.0,25,0.0,0.0,0.11967364397037988,0.5502413332536013
item_MOVIPREP,0.0,0.0,25,0.0,0.0,0.11967364397037988,0.5502413332536013
item_ASPIRIN ENTERIC COATED AD,0.0,0.0,25,0.0,0.0,0.11967364397037988,0.5502413332536013
item_ASPIRIN LOW STRENGTH,0.0,0.0,25,0.0,0.0,0.11967364397037988,0.5502413332536013
item_ATACAND,0.0,0.0,25,0.0,0.0,0.11967364397037988,0.5502413332536013
item_ATAZANAVIR SULFATE,0.0,0.0,25,0.0,0.0,0.11967364397037988,0.5502413332536013
item_ATOMOXETINE,0.0,0.0,25,0.0,0.0,0.11967364397037988,0.5502413332536013
item_ATOVAQUONE,0.0,0.0,25,0.0,0.0,0.11967364397037988,0.5502413332536013
item_PREDNISOLONE,0.0,0.0,25,0.0,0.0,0.11967364397037988,0.5502413332536013
item_PRENATE DHA,0.0,0.0,25,0.0,0.0,0.11967364397037988,0.5502413332536013
item_INGREZZA,0.0,0.0,25,0.0,0.0,0.11967364397037988,0.5502413332536013
item_PREVACID,0.0,0.0,25,0.0,0.0,0.11967364397037988,0.5502413332536013
item_PREVIDENT 5000 DRY MOUTH,0.0,0.0,25,0.0,0.0,0.11967364397037988,0.5502413332536013
item_PREVIDENT 5000 ENAMEL PRO,0.0,0.0,25,0.0,0.0,0.11967364397037988,0.5502413332536013
item_PREVIDENT 5000 PLUS,0.0,0.0,25,0.0,0.0,0.11967364397037988,0.5502413332536013
item_PREVIDENT 5000 SENSITIVE,0.0,0.0,25,0.0,0.0,0.11967364397037988,0.5502413332536013
item_PREVIDENT FLUORIDE,0.0,0.0,25,0.0,0.0,0.11967364397037988,0.5502413332536013
item_FLUTICASONE PROPIONATE/SA,0.0,0.0,25,0.0,0.0,0.11967364397037988,0.5502413332536013
item_FLUVASTATIN,0.0,0.0,25,0.0,0.0,0.11967364397037988,0.5502413332536013
item_PREPOPIK,0.0,0.0,25,0.0,0.0,0.11967364397037988,0.5502413332536013
item_ARMODAFINIL,0.0,0.0,25,0.0,0.0,0.11967364397037988,0.5502413332536013
item_ASCOMP/CODEINE,0.0,0.0,25,0.0,0.0,0.11967364397037988,0.5502413332536013
item_ASMANEX HFA,0.0,0.0,25,0.0,0.0,0.11967364397037988,0.5502413332536013
item_ASMANEX TWISTHALER 120 ME,0.0,0.0,25,0.0,0.0,0.11967364397037988,0.5502413332536013
item_ASMANEX TWISTHALER 30 MET,0.0,0.0,25,0.0,0.0,0.11967364397037988,0.5502413332536013
item_ASMANEX TWISTHALER 60 MET,0.0,0.0,25,0.0,0.0,0.11967364397037988,0.5502413332536013
item_ASPIRIN 81 LOW DOSE,0.0,0.0,25,0.0,0.0,0.11967364397037988,0.5502413332536013
item_GENVOYA,0.0,0.0,25,0.0,0.0,0.11967364397037988,0.5502413332536013
item_CANDESARTAN CILEXETIL/HYD,0.0,0.0,25,0.0,0.0,0.11967364397037988,0.5502413332536013
item_GLUCAGEN HYPOKIT,0.0,0.0,25,0.0,0.0,0.11967364397037988,0.5502413332536013
item_GLUCOPHAGE,0.0,0.0,25,0.0,0.0,0.11967364397037988,0.5502413332536013
item_BYETTA,0.0,0.0,25,0.0,0.0,0.11967364397037988,0.5502413332536013
item_CABERGOLINE,0.0,0.0,25,0.0,0.0,0.11967364397037988,0.5502413332536013
item_CALCIPOTRIENE/BETAMETHASO,0.0,0.0,25,0.0,0.0,0.11967364397037988,0.5502413332536013
item_CALCITONIN-SALMON,0.0,0.0,25,0.0,0.0,0.11967364397037988,0.5502413332536013
item_CALCITRATE,0.0,0.0,25,0.0,0.0,0.11967364397037988,0.5502413332536013
item_CALCIUM CARBONATE,0.0,0.0,25,0.0,0.0,0.11967364397037988,0.5502413332536013
item_CANASA,0.0,0.0,25,0.0,0.0,0.11967364397037988,0.5502413332536013
item_GILENYA,0.0,0.0,25,0.0,0.0,0.11967364397037988,0.5502413332536013
item_PROMETHAZINE HCL PLAIN,0.0,0.0,25,0.0,0.0,0.11967364397037988,0.5502413332536013
item_PROMETHAZINE VC PLAIN,0.0,0.0,25,0.0,0.0,0.11967364397037988,0.5502413332536013
item_PROMETHAZINE VC/CODEINE,0.0,0.0,25,0.0,0.0,0.11967364397037988,0.5502413332536013
item_PROMETHAZINE/PHENYLEPHRIN,0.0,0.0,25,0.0,0.0,0.11967364397037988,0.5502413332536013
item_PROPRANOLOL HCL ER,0.0,0.0,25,0.0,0.0,0.11967364397037988,0.5502413332536013
item_PROZAC,0.0,0.0,25,0.0,0.0,0.11967364397037988,0.5502413332536013
item_QNASL,0.0,0.0,25,0.0,0.0,0.11967364397037988,0.5502413332536013
item_QUETIAPINE FUMARATE ER,0.0,0.0,25,0.0,0.0,0.11967364397037988,0.5502413332536013
item_FLUVASTATIN SODIUM ER,0.0,0.0,25,0.0,0.0,0.11967364397037988,0.5502413332536013
item_QUINAPRIL HYDROCHLORIDE,0.0,0.0,25,0.0,0.0,0.11967364397037988,0.5502413332536013
item_QUINAPRIL/HYDROCHLOROTHIA,0.0,0.0,25,0.0,0.0,0.11967364397037988,0.5502413332536013
item_QUININE SULFATE,0.0,0.0,25,0.0,0.0,0.11967364397037988,0.5502413332536013
item_RA ALLERGY RELIEF,0.0,0.0,25,0.0,0.0,0.11967364397037988,0.5502413332536013
item_RA ASPIRIN ADULT LOW STRE,0.0,0.0,25,0.0,0.0,0.11967364397037988,0.5502413332536013
item_RA ASPIRIN EC ADULT LOW S,0.0,0.0,25,0.0,0.0,0.11967364397037988,0.5502413332536013
item_RA COL-RITE,0.0,0.0,25,0.0,0.0,0.11967364397037988,0.5502413332536013
item_RA LORATADINE,0.0,0.0,25,0.0,0.0,0.11967364397037988,0.5502413332536013
item_RA PEN NEEDLES 31G X 5MM,0.0,0.0,25,0.0,0.0,0.11967364397037988,0.5502413332536013
item_QUINAPRIL HCL,0.0,0.0,25,0.0,0.0,0.11967364397037988,0.5502413332536013
item_FLUVIRIN 2016-2017,0.0,0.0,25,0.0,0.0,0.11967364397037988,0.5502413332536013
item_FLUVIRIN 2017-2018,0.0,0.0,25,0.0,0.0,0.11967364397037988,0.5502413332536013
item_FLUVOXAMINE MALEATE,0.0,0.0,25,0.0,0.0,0.11967364397037988,0.5502413332536013
item_FLUZONE HIGH-DOSE PF 2015,0.0,0.0,25,0.0,0.0,0.11967364397037988,0.5502413332536013
item_FLUZONE HIGH-DOSE PF 2016,0.0,0.0,25,0.0,0.0,0.11967364397037988,0.5502413332536013
item_FLUZONE QUADRIVALENT 2017,0.0,0.0,25,0.0,0.0,0.11967364397037988,0.5502413332536013
item_FORADIL AEROLIZER,0.0,0.0,25,0.0,0.0,0.11967364397037988,0.5502413332536013
item_FOSINOPRIL SODIUM,0.0,0.0,25,0.0,0.0,0.11967364397037988,0.5502413332536013
item_PROLIA,0.0,0.0,25,0.0,0.0,0.11967364397037988,0.5502413332536013
item_FREESTYLE LITE TEST STRIP,0.0,0.0,25,0.0,0.0,0.11967364397037988,0.5502413332536013
item_FREESTYLE TEST STRIPS,0.0,0.0,25,0.0,0.0,0.11967364397037988,0.5502413332536013
item_GATIFLOXACIN,0.0,0.0,25,0.0,0.0,0.11967364397037988,0.5502413332536013
item_PROCTO-MED HC,0.0,0.0,25,0.0,0.0,0.11967364397037988,0.5502413332536013
item_PROCTOSOL HC,0.0,0.0,25,0.0,0.0,0.11967364397037988,0.5502413332536013
item_PROCTOZONE-HC,0.0,0.0,25,0.0,0.0,0.11967364397037988,0.5502413332536013
item_PRODIGY NO CODING BLOOD G,0.0,0.0,25,0.0,0.0,0.11967364397037988,0.5502413332536013
item_3ML LUER-LOK SYRINGE,0.0,0.0,25,0.0,0.0,0.11967364397037988,0.5502413332536013
item_PROLENSA,0.0,0.0,25,0.0,0.0,0.11967364397037988,0.5502413332536013
item_FREESTYLE LANCETS,0.0,0.0,25,0.0,0.0,0.11967364397037988,0.5502413332536013
item_OXAPROZIN,0.0,0.0,25,0.0,0.0,0.11967364397037988,0.5502413332536013
item_PACERONE,0.0,0.0,25,0.0,0.0,0.11967364397037988,0.5502413332536013
item_PAIN & FEVER EXTRA STRENG,0.0,0.0,25,0.0,0.0,0.11967364397037988,0.5502413332536013
item_PARICALCITOL,0.0,0.0,25,0.0,0.0,0.11967364397037988,0.5502413332536013
item_PATADAY,0.0,0.0,25,0.0,0.0,0.11967364397037988,0.5502413332536013
item_PATANOL,0.0,0.0,25,0.0,0.0,0.11967364397037988,0.5502413332536013
item_PAZEO,0.0,0.0,25,0.0,0.0,0.11967364397037988,0.5502413332536013
item_HUMIRA PEN,0.0,0.0,25,0.0,0.0,0.11967364397037988,0.5502413332536013
item_PRAZOSIN HYDROCHLORIDE,0.0,0.0,25,0.0,0.0,0.11967364397037988,0.5502413332536013
item_HYALURONIC ACID,0.0,0.0,25,0.0,0.0,0.11967364397037988,0.5502413332536013
item_HYDROCODONE/IBUPROFEN,0.0,0.0,25,0.0,0.0,0.11967364397037988,0.5502413332536013
item_HYDROCORTISONE ACETATE/PR,0.0,0.0,25,0.0,0.0,0.11967364397037988,0.5502413332536013
item_HYDROCORTISONE BUTYRATE,0.0,0.0,25,0.0,0.0,0.11967364397037988,0.5502413332536013
item_HYDROCORTISONE VALERATE,0.0,0.0,25,0.0,0.0,0.11967364397037988,0.5502413332536013
item_HYDROCORTISONE/ACETIC ACI,0.0,0.0,25,0.0,0.0,0.11967364397037988,0.5502413332536013
item_HYDROQUINONE,0.0,0.0,25,0.0,0.0,0.11967364397037988,0.5502413332536013
item_HYOSCYAMINE SULFATE ER,0.0,0.0,25,0.0,0.0,0.11967364397037988,0.5502413332536013
item_HUMULIN 70/30 KWIKPEN,0.0,0.0,25,0.0,0.0,0.11967364397037988,0.5502413332536013
item_INSULIN SYRINGE/0.3ML/31G,0.0,0.0,25,0.0,0.0,0.11967364397037988,0.5502413332536013
item_INSULIN SYRINGE/0.5ML/30G,0.0,0.0,25,0.0,0.0,0.11967364397037988,0.5502413332536013
item_INSULIN SYRINGE/1ML/30G X,0.0,0.0,25,0.0,0.0,0.11967364397037988,0.5502413332536013
item_INSULIN SYRINGE/U-100/0.5,0.0,0.0,25,0.0,0.0,0.11967364397037988,0.5502413332536013
item_INVEGA,0.0,0.0,25,0.0,0.0,0.11967364397037988,0.5502413332536013
item_INVOKAMET,0.0,0.0,25,0.0,0.0,0.11967364397037988,0.5502413332536013
item_INVOKAMET XR,0.0,0.0,25,0.0,0.0,0.11967364397037988,0.5502413332536013
item_ISOSORBIDE MONONITRATE,0.0,0.0,25,0.0,0.0,0.11967364397037988,0.5502413332536013
item_OTEZLA,0.0,0.0,25,0.0,0.0,0.11967364397037988,0.5502413332536013
item_ISTALOL,0.0,0.0,25,0.0,0.0,0.11967364397037988,0.5502413332536013
item_ITRACONAZOLE,0.0,0.0,25,0.0,0.0,0.11967364397037988,0.5502413332536013
item_IVERMECTIN,0.0,0.0,25,0.0,0.0,0.11967364397037988,0.5502413332536013
item_ONETOUCH ULTRASOFT LANCET,0.0,0.0,25,0.0,0.0,0.11967364397037988,0.5502413332536013
item_ONETOUCH VERIO,0.0,0.0,25,0.0,0.0,0.11967364397037988,0.5502413332536013
item_ONETOUCH VERIO MID CONTRO,0.0,0.0,25,0.0,0.0,0.11967364397037988,0.5502413332536013
item_OPANA ER (CRUSH RESISTANT,0.0,0.0,25,0.0,0.0,0.11967364397037988,0.5502413332536013
item_OPTICHAMBER DIAMOND,0.0,0.0,25,0.0,0.0,0.11967364397037988,0.5502413332536013
item_ORACEA,0.0,0.0,25,0.0,0.0,0.11967364397037988,0.5502413332536013
item_ISRADIPINE,0.0,0.0,25,0.0,0.0,0.11967364397037988,0.5502413332536013
item_GLUMETZA,0.0,0.0,25,0.0,0.0,0.11967364397037988,0.5502413332536013
item_GLYBURIDE/METFORMIN HYDRO,0.0,0.0,25,0.0,0.0,0.11967364397037988,0.5502413332536013
item_GLYXAMBI,0.0,0.0,25,0.0,0.0,0.11967364397037988,0.5502413332536013
item_GNP ASPIRIN LOW DOSE,0.0,0.0,25,0.0,0.0,0.11967364397037988,0.5502413332536013
item_GRALISE,0.0,0.0,25,0.0,0.0,0.11967364397037988,0.5502413332536013
item_GUAIATUSSIN AC,0.0,0.0,25,0.0,0.0,0.11967364397037988,0.5502413332536013
item_GUAIFENESIN ER,0.0,0.0,25,0.0,0.0,0.11967364397037988,0.5502413332536013
item_GUAIFENESIN/CODEINE,0.0,0.0,25,0.0,0.0,0.11967364397037988,0.5502413332536013
item_HYSINGLA ER,0.0,0.0,25,0.0,0.0,0.11967364397037988,0.5502413332536013
item_HALOBETASOL PROPIONATE,0.0,0.0,25,0.0,0.0,0.11967364397037988,0.5502413332536013
item_HALOPERIDOL LACTATE,0.0,0.0,25,0.0,0.0,0.11967364397037988,0.5502413332536013
item_HAVRIX,0.0,0.0,25,0.0,0.0,0.11967364397037988,0.5502413332536013
item_HEPARIN SODIUM,0.0,0.0,25,0.0,0.0,0.11967364397037988,0.5502413332536013
item_HORIZANT,0.0,0.0,25,0.0,0.0,0.11967364397037988,0.5502413332536013
item_HUMIRA,0.0,0.0,25,0.0,0.0,0.11967364397037988,0.5502413332536013
item_PLAVIX,0.0,0.0,25,0.0,0.0,0.11967364397037988,0.5502413332536013
item_POTASSIUM CHLORIDE SR,0.0,0.0,25,0.0,0.0,0.11967364397037988,0.5502413332536013
item_PRAZOSIN HCL,0.0,0.0,25,0.0,0.0,0.11967364397037988,0.5502413332536013
item_GUANFACINE HCL,0.0,0.0,25,0.0,0.0,0.11967364397037988,0.5502413332536013
item_HYZAAR,0.0,0.0,25,0.0,0.0,0.11967364397037988,0.5502413332536013
item_PEG-3350/NACL/NA BICARBON,0.0,0.0,25,0.0,0.0,0.11967364397037988,0.5502413332536013
"item_PEN NEEDLES 31GX6MM (1/4""",0.0,0.0,25,0.0,0.0,0.11967364397037988,0.5502413332536013
item_PEN NEEDLES 32GX4MM,0.0,0.0,25,0.0,0.0,0.11967364397037988,0.5502413332536013
item_PENNSAID,0.0,0.0,25,0.0,0.0,0.11967364397037988,0.5502413332536013
item_PENTASA,0.0,0.0,25,0.0,0.0,0.11967364397037988,0.5502413332536013
item_PERCOCET,0.0,0.0,25,0.0,0.0,0.11967364397037988,0.5502413332536013
item_PERFOROMIST,0.0,0.0,25,0.0,0.0,0.11967364397037988,0.5502413332536013
item_GLUCOPHAGE XR,0.0,0.0,25,0.0,0.0,0.11967364397037988,0.5502413332536013
item_PERPHENAZINE/AMITRIPTYLIN,0.0,0.0,25,0.0,0.0,0.11967364397037988,0.5502413332536013
item_PHARMACIST CHOICE ULTRA T,0.0,0.0,25,0.0,0.0,0.11967364397037988,0.5502413332536013
item_PHENTERMINE HYDROCHLORIDE,0.0,0.0,25,0.0,0.0,0.11967364397037988,0.5502413332536013
item_PHILLIPS STOOL SOFTENER,0.0,0.0,25,0.0,0.0,0.11967364397037988,0.5502413332536013
item_PICATO,0.0,0.0,25,0.0,0.0,0.11967364397037988,0.5502413332536013
item_PILOCARPINE HCL,0.0,0.0,25,0.0,0.0,0.11967364397037988,0.5502413332536013
item_PIOGLITAZONE HCL/METFORMI,0.0,0.0,25,0.0,0.0,0.11967364397037988,0.5502413332536013
item_CAPTOPRIL/HYDROCHLOROTHIA,0.0,0.0,25,0.0,0.0,0.11967364397037988,0.5502413332536013
item_CARDIZEM LA,0.0,0.0,25,0.0,0.0,0.11967364397037988,0.5502413332536013
item_PERINDOPRIL ERBUMINE,0.0,0.0,25,0.0,0.0,0.11967364397037988,0.5502413332536013
