feature,scaled_importance_mean,scaled_importance_std,scaled_importance_count,importance_mean,importance_std,recall_mean,logloss_mean
item_ONDANSETRON ODT,0.00022692171647513233,1.0738444179982588e-05,25,0.0052833605118471575,0.00022166526750755245,0.04294255085946481,0.5265155553448565
item_HYDROCODONE BITARTRATE/AC,0.00022558592478771973,1.0358201063336073e-05,25,0.005252421561026902,0.0002158536623163855,0.04294255085946481,0.5265155553448565
item_PREDNISONE,0.00018175909379185496,8.341975092337376e-06,25,0.004232220350914714,0.00017918438063923442,0.04294255085946481,0.5265155553448565
item_OXYCODONE/ACETAMINOPHEN,0.00015842078977941373,8.392974783060531e-06,25,0.0036881510590709393,0.00016991666341964676,0.04294255085946481,0.5265155553448565
item_FUROSEMIDE,0.0001418505038692599,6.4546201631871e-06,25,0.0033034102351609763,0.00014927796271297814,0.04294255085946481,0.5265155553448565
item_CEPHALEXIN,0.00012998196584134214,4.721500776911244e-06,25,0.0030268131633116786,0.0001034172290611426,0.04294255085946481,0.5265155553448565
item_GABAPENTIN,0.00012818272215800038,6.206743631392316e-06,25,0.0029843968597677785,0.00012848219389528085,0.04294255085946481,0.5265155553448565
item_OXYCODONE HYDROCHLORIDE,0.00012237380623700354,6.976688210909005e-06,25,0.0028493062795733404,0.0001521347615335721,0.04294255085946481,0.5265155553448565
item_ONDANSETRON HYDROCHLORIDE,9.534119439996392e-05,5.200814272683571e-06,25,0.0022201905169264204,0.00011865818627783966,0.04294255085946481,0.5265155553448565
item_ELIQUIS,7.918705894918946e-05,4.316154562749096e-06,25,0.0018438616658201217,9.523368872048425e-05,0.04294255085946481,0.5265155553448565
item_TRAMADOL HCL,7.751475907750946e-05,5.902704542401968e-06,25,0.0018047246059115494,0.00013080638572728116,0.04294255085946481,0.5265155553448565
item_PANTOPRAZOLE SODIUM,7.499032718752698e-05,4.658032140255649e-06,25,0.0017459120841910158,0.00010007437744459896,0.04294255085946481,0.5265155553448565
item_CIPROFLOXACIN HYDROCHLORI,7.013171351650654e-05,5.269788321985508e-06,25,0.0016332059062029371,0.00012235882421592303,0.04294255085946481,0.5265155553448565
item_SULFAMETHOXAZOLE/TRIMETHO,5.8507064853153285e-05,5.102073780244193e-06,25,0.001362311866762905,0.00011617026177827463,0.04294255085946481,0.5265155553448565
item_CARVEDILOL,5.821572873487739e-05,3.333893621771701e-06,25,0.0013555395157769053,7.381253567555166e-05,0.04294255085946481,0.5265155553448565
item_DOXYCYCLINE HYCLATE,5.34541468082287e-05,4.104358016409684e-06,25,0.0012444729596064901,9.024550903551997e-05,0.04294255085946481,0.5265155553448565
item_CLOPIDOGREL,5.101758464126806e-05,3.3368640389428455e-06,25,0.0011881555145650089,7.862185253711193e-05,0.04294255085946481,0.5265155553448565
item_CYCLOBENZAPRINE HYDROCHLO,4.7213916478297485e-05,3.4418441191458217e-06,25,0.001099402072695841,7.863296142190765e-05,0.04294255085946481,0.5265155553448565
item_WARFARIN SODIUM,4.460370965143752e-05,2.7599894757435987e-06,25,0.0010385934896320656,6.156600781231336e-05,0.04294255085946481,0.5265155553448565
item_OMEPRAZOLE,4.428867416859235e-05,4.684833940069243e-06,25,0.0010313934112153689,0.00010937612702273875,0.04294255085946481,0.5265155553448565
item_METOPROLOL TARTRATE,3.581063098665566e-05,3.957617018971361e-06,25,0.0008338546261394924,9.074099082450682e-05,0.04294255085946481,0.5265155553448565
item_NITROFURANTOIN MONOHYDRAT,3.5760121332388055e-05,2.4416643114234895e-06,25,0.0008327140196576404,5.584443584230085e-05,0.04294255085946481,0.5265155553448565
item_LEVOFLOXACIN,3.5330600221999736e-05,2.696832932191435e-06,25,0.0008228762887516597,6.418905843788966e-05,0.04294255085946481,0.5265155553448565
item_TAMSULOSIN HYDROCHLORIDE,3.2753294039241614e-05,7.144749124576708e-06,25,0.000762067705687883,0.00016310354233803337,0.04294255085946481,0.5265155553448565
item_QUETIAPINE FUMARATE,3.2626116965367346e-05,3.2869532529874073e-06,25,0.0007594300531985996,7.22638834401803e-05,0.04294255085946481,0.5265155553448565
item_AZITHROMYCIN,3.195212981438901e-05,3.3540030516461436e-06,25,0.0007441031535987017,7.783417009921893e-05,0.04294255085946481,0.5265155553448565
item_XARELTO,3.1471548291731154e-05,2.2309229925938985e-06,25,0.0007328396645904056,5.0646511296286555e-05,0.04294255085946481,0.5265155553448565
item_AMOXICILLIN/CLAVULANATE P,3.0928012651993744e-05,2.7940298253770524e-06,25,0.0007202217053849097,6.467748821888111e-05,0.04294255085946481,0.5265155553448565
item_ISOSORBIDE MONONITRATE ER,2.951615880705546e-05,3.098830157087809e-06,25,0.0006876431327469912,7.462330545049268e-05,0.04294255085946481,0.5265155553448565
item_BENZONATATE,2.7180751255959264e-05,2.890635221708016e-06,25,0.0006329653095231732,6.680602931414574e-05,0.04294255085946481,0.5265155553448565
item_LORAZEPAM,2.6140754730327436e-05,2.1852637041170995e-06,25,0.000608798709688916,5.141931003727258e-05,0.04294255085946481,0.5265155553448565
item_METRONIDAZOLE,2.604130536795826e-05,3.2712820101767407e-06,25,0.0006063036330098632,7.460081435009725e-05,0.04294255085946481,0.5265155553448565
item_FAMOTIDINE,2.5448906630747905e-05,3.217253953284685e-06,25,0.0005925450673225135,7.410621188356419e-05,0.04294255085946481,0.5265155553448565
item_LEVETIRACETAM,2.5159906564924547e-05,2.53247930876209e-06,25,0.0005861291558620938,6.084171427808443e-05,0.04294255085946481,0.5265155553448565
item_METOPROLOL SUCCINATE ER,2.486241148571206e-05,2.8171038804623637e-06,25,0.0005792142290658614,6.731581658436914e-05,0.04294255085946481,0.5265155553448565
item_VENTOLIN HFA,2.4651672416800522e-05,3.921857001521721e-06,25,0.0005742240757077543,9.221473550037832e-05,0.04294255085946481,0.5265155553448565
item_METHYLPREDNISOLONE DOSE P,2.4212753735965313e-05,2.312945948315351e-06,25,0.0005637447536557316,5.2501073843091483e-05,0.04294255085946481,0.5265155553448565
item_TRAZODONE HYDROCHLORIDE,2.4053370849710588e-05,3.607736114435505e-06,25,0.0005601803583999417,8.413331997131537e-05,0.04294255085946481,0.5265155553448565
item_IBUPROFEN,2.3317693085304325e-05,2.0410044514084234e-06,25,0.0005429999732670363,4.7252665983742e-05,0.04294255085946481,0.5265155553448565
item_HYDRALAZINE HYDROCHLORIDE,2.3309858219222776e-05,2.8440024510925247e-06,25,0.0005428573974568043,6.606963405084299e-05,0.04294255085946481,0.5265155553448565
item_NAPROXEN,2.275808827092214e-05,2.247080805903422e-06,25,0.0005300255745359608,5.2554688338407024e-05,0.04294255085946481,0.5265155553448565
item_LIDOCAINE,2.2126345211560917e-05,2.8404166641692307e-06,25,0.0005152689781769895,6.602017949511641e-05,0.04294255085946481,0.5265155553448565
item_DEXAMETHASONE,2.182577389163308e-05,1.7562596671348626e-06,25,0.000508211475570525,3.971036002942458e-05,0.04294255085946481,0.5265155553448565
item_DIAZEPAM,2.057022554879201e-05,2.389672476971028e-06,25,0.0004788408586628179,5.3877026143624964e-05,0.04294255085946481,0.5265155553448565
item_METHOCARBAMOL,1.9622800580584718e-05,2.8186208413290042e-06,25,0.00045667032017180227,6.33187838702177e-05,0.04294255085946481,0.5265155553448565
item_HYDROMORPHONE HCL,1.948259626951454e-05,1.977471990687468e-06,25,0.00045374751606205773,4.614538380336185e-05,0.04294255085946481,0.5265155553448565
item_AMLODIPINE BESYLATE,1.9001451029842882e-05,4.361015858069579e-06,25,0.00044241273914864457,0.00010139002554315505,0.04294255085946481,0.5265155553448565
item_PROAIR HFA,1.8708535436715742e-05,2.348865379322952e-06,25,0.0004356403881626447,5.4352352833045e-05,0.04294255085946481,0.5265155553448565
item_BUMETANIDE,1.8136532278357712e-05,2.1471973050898183e-06,25,0.0004220956861906416,4.782326236660232e-05,0.04294255085946481,0.5265155553448565
item_AMIODARONE HYDROCHLORIDE,1.796402191313916e-05,1.8820482707055811e-06,25,0.00041846000302973586,4.4848039251698064e-05,0.04294255085946481,0.5265155553448565
item_SUCRALFATE,1.7513493863458954e-05,1.8912925903772621e-06,25,0.00040798068097771287,4.536419439209553e-05,0.04294255085946481,0.5265155553448565
item_CLONAZEPAM,1.645551251631894e-05,1.7180191237012646e-06,25,0.00038338635371276214,4.186053063542385e-05,0.04294255085946481,0.5265155553448565
item_DULOXETINE HYDROCHLORIDE,1.6125960272214446e-05,2.754794830626334e-06,25,0.00037540210833979264,6.328240560886805e-05,0.04294255085946481,0.5265155553448565
item_MECLIZINE HCL,1.5977578062397035e-05,1.768601164798312e-06,25,0.00037198028889423443,4.0061540509836184e-05,0.04294255085946481,0.5265155553448565
item_SPIRONOLACTONE,1.5962231162087004e-05,2.939062460910885e-06,25,0.00037140998565330817,6.683241104606245e-05,0.04294255085946481,0.5265155553448565
item_DICYCLOMINE HYDROCHLORIDE,1.5594264214355395e-05,1.674783905572093e-06,25,0.0003631405886598765,3.8938333225444646e-05,0.04294255085946481,0.5265155553448565
item_LYRICA,1.438922743151886e-05,2.274344628731201e-06,25,0.00033498186613913517,5.2192025970104144e-05,0.04294255085946481,0.5265155553448565
item_PROCHLORPERAZINE MALEATE,1.4339884469461647e-05,2.3161770819709697e-06,25,0.0003339838354675159,5.4215631366817316e-05,0.04294255085946481,0.5265155553448565
item_MIRTAZAPINE,1.3337688618985696e-05,1.8090612530702382e-06,25,0.0003105301146844186,4.134186339241082e-05,0.04294255085946481,0.5265155553448565
item_FLUCONAZOLE,1.2980860704199704e-05,3.0889341027965545e-06,25,0.0003020468539756363,7.069718390135866e-05,0.04294255085946481,0.5265155553448565
item_MIDODRINE HCL,1.2918172628009737e-05,1.8204618389019563e-06,25,0.00030090624749378543,4.26881287525933e-05,0.04294255085946481,0.5265155553448565
item_ALPRAZOLAM,1.2302214026180839e-05,2.0525039900541636e-06,25,0.0002864348027552771,4.7352826637762896e-05,0.04294255085946481,0.5265155553448565
item_SYMBICORT,1.2278858456572065e-05,2.188487355979247e-06,25,0.00028600707532458274,5.15070531165423e-05,0.04294255085946481,0.5265155553448565
item_NITROGLYCERIN,1.2155023664302556e-05,2.035911698349851e-06,25,0.000282870407499487,4.624427961034873e-05,0.04294255085946481,0.5265155553448565
item_HYDROCODONE/ACETAMINOPHEN,1.2049515582764664e-05,1.9700811736048525e-06,25,0.0002806604824408973,4.625458101848445e-05,0.04294255085946481,0.5265155553448565
item_LACTULOSE,1.1832519979180606e-05,1.5281723657704055e-06,25,0.00027552775327255893,3.530446084228498e-05,0.04294255085946481,0.5265155553448565
item_OMEPRAZOLE DR,1.1776446335077498e-05,3.485969840345563e-06,25,0.00027395941936001145,7.997170430538541e-05,0.04294255085946481,0.5265155553448565
item_LANTUS SOLOSTAR,1.1742617597041576e-05,1.6873972731622831e-06,25,0.0002734604040242014,3.9370301328218614e-05,0.04294255085946481,0.5265155553448565
item_CLINDAMYCIN HCL,1.1460626832017914e-05,1.2896666373725807e-06,25,0.00026690191675354883,3.016287218690356e-05,0.04294255085946481,0.5265155553448565
item_CLONIDINE HYDROCHLORIDE,1.080401009292911e-05,1.589962671017434e-06,25,0.0002516463050587681,3.735536111128908e-05,0.04294255085946481,0.5265155553448565
item_POTASSIUM CHLORIDE ER,1.0778039470966457e-05,2.9179889909238367e-06,25,0.00025079085019737797,6.711798226564625e-05,0.04294255085946481,0.5265155553448565
item_MECLIZINE HYDROCHLORIDE,1.0712264481933665e-05,1.570663001370221e-06,25,0.0002493650920950607,3.5821433425163254e-05,0.04294255085946481,0.5265155553448565
item_DONEPEZIL HCL,1.0629863843043192e-05,1.5841054785780743e-06,25,0.00024744031865693545,3.612589765059251e-05,0.04294255085946481,0.5265155553448565
item_OLANZAPINE,1.0583059322711137e-05,1.7611175513491446e-06,25,0.0002464422879853154,4.0729877369862806e-05,0.04294255085946481,0.5265155553448565
item_NYSTATIN,1.0369920549730224e-05,1.4692755703808368e-06,25,0.00024138084672209182,3.340959093494726e-05,0.04294255085946481,0.5265155553448565
item_RANITIDINE HYDROCHLORIDE,1.0266742422286346e-05,2.2915417682792798e-06,25,0.0002389570579481548,5.2511659987213236e-05,0.04294255085946481,0.5265155553448565
item_CARBIDOPA/LEVODOPA,1.0263160780110466e-05,1.2080715163390247e-06,25,0.00023888577004303995,2.7040505710028336e-05,0.04294255085946481,0.5265155553448565
item_PROMETHAZINE HYDROCHLORID,1.0098144916339657e-05,1.957342011273336e-06,25,0.00023510751107190086,4.5282435151825636e-05,0.04294255085946481,0.5265155553448565
item_ACETAMINOPHEN/CODEINE,9.838969635050242e-06,1.4220760317896303e-06,25,0.00022926190285240677,3.3978335091908295e-05,0.04294255085946481,0.5265155553448565
item_DIPHENOXYLATE/ATROPINE,9.788964619948405e-06,1.3919291252787895e-06,25,0.00022790743265520662,3.2027203781151774e-05,0.04294255085946481,0.5265155553448565
item_LEVOTHYROXINE SODIUM,9.089404764899485e-06,1.8900526801824818e-06,25,0.000211653790288803,4.390950627841694e-05,0.04294255085946481,0.5265155553448565
item_ESCITALOPRAM OXALATE,9.072325168481016e-06,1.967546670973667e-06,25,0.00021115477495299435,4.524793522398633e-05,0.04294255085946481,0.5265155553448565
item_KETOROLAC TROMETHAMINE,8.951086371195087e-06,2.747859434461786e-06,25,0.00020823197084324729,6.323805438841506e-05,0.04294255085946481,0.5265155553448565
item_DIVALPROEX SODIUM DR,8.922841823807088e-06,1.7582909680817673e-06,25,0.00020773295550743502,4.057217686194793e-05,0.04294255085946481,0.5265155553448565
item_DICLOFENAC SODIUM,8.884223587465056e-06,2.3428420308316005e-06,25,0.000206948788551162,5.465402830258058e-05,0.04294255085946481,0.5265155553448565
item_BACLOFEN,8.854088167795054e-06,1.952427029577341e-06,25,0.00020630719740512006,4.607443342990424e-05,0.04294255085946481,0.5265155553448565
item_HYDROXYZINE HYDROCHLORIDE,8.741311605221245e-06,1.5756876838003522e-06,25,0.00020352696910560465,3.6411683083679356e-05,0.04294255085946481,0.5265155553448565
item_HUMALOG KWIKPEN,8.60487722314545e-06,1.473102859662524e-06,25,0.000200461589185624,3.458535000383324e-05,0.04294255085946481,0.5265155553448565
item_LAMOTRIGINE,8.506344520288149e-06,2.2663261240495655e-06,25,0.00019810908831680268,5.2770006035766625e-05,0.04294255085946481,0.5265155553448565
item_PHENAZOPYRIDINE HCL,8.45276662940071e-06,2.1572194647354734e-06,25,0.000196754618119602,4.972352674465122e-05,0.04294255085946481,0.5265155553448565
item_MEGESTROL ACETATE,8.278033412509348e-06,1.3884424833165544e-06,25,0.00019276249543311862,3.214829628696257e-05,0.04294255085946481,0.5265155553448565
item_ENOXAPARIN SODIUM,8.20833184289807e-06,1.3253390106192009e-06,25,0.00019105158571033898,3.0034128276085867e-05,0.04294255085946481,0.5265155553448565
item_METOLAZONE,8.016246128045326e-06,1.6078687727008703e-06,25,0.00018677431140339234,3.794239733391118e-05,0.04294255085946481,0.5265155553448565
item_CEFDINIR,7.934421402885477e-06,1.5406205897330138e-06,25,0.00018484953796526427,3.617290485201342e-05,0.04294255085946481,0.5265155553448565
item_MONTELUKAST SODIUM,7.931437399842407e-06,2.5076905543692136e-06,25,0.0001847069621550315,5.864775266654566e-05,0.04294255085946481,0.5265155553448565
item_CALCIUM ACETATE,7.780012490281477e-06,1.196858179904842e-06,25,0.00018114256689924307,2.7647432714013484e-05,0.04294255085946481,0.5265155553448565
item_CEFUROXIME AXETIL,7.724574218904482e-06,1.4886584478062288e-06,25,0.00017985938460715888,3.437347501078885e-05,0.04294255085946481,0.5265155553448565
item_LIDOCAINE VISCOUS,7.65917580350904e-06,1.0714005446007917e-06,25,0.00017836233859972684,2.496094869945828e-05,0.04294255085946481,0.5265155553448565
item_ESOMEPRAZOLE MAGNESIUM,6.946768231692549e-06,1.988106527114514e-06,25,0.00016189483251797838,4.6788147161978316e-05,0.04294255085946481,0.5265155553448565
item_LEVEMIR FLEXTOUCH,6.894283471566051e-06,1.5449883794906198e-06,25,0.0001606829381310093,3.6606269863161875e-05,0.04294255085946481,0.5265155553448565
item_RISPERIDONE,6.427762476722366e-06,1.1002443974079614e-06,25,0.0001497758886482925,2.613964111425802e-05,0.04294255085946481,0.5265155553448565
item_SERTRALINE HCL,6.316600454561061e-06,2.1739643160782587e-06,25,0.00014699566034877487,5.0234900358880185e-05,0.04294255085946481,0.5265155553448565
item_POLYETHYLENE GLYCOL 3350,6.18444712015169e-06,9.69778995709363e-07,25,0.00014393028042879784,2.2058250752925197e-05,0.04294255085946481,0.5265155553448565
item_DILTIAZEM HYDROCHLORIDE E,6.075733588927686e-06,1.557612403412334e-06,25,0.00014143520374974267,3.6159585029275353e-05,0.04294255085946481,0.5265155553448565
item_DIVALPROEX SODIUM ER,6.037943585899283e-06,1.6554653379469756e-06,25,0.00014065103679346936,3.856828298045434e-05,0.04294255085946481,0.5265155553448565
item_RENVELA,5.815073357343752e-06,4.0909171152151213e-07,25,0.00013544701972001638,9.855944979422695e-06,0.04294255085946481,0.5265155553448565
item_SOTALOL HCL,5.71924108385924e-06,1.1212590222402829e-06,25,0.00013316580675631017,2.58752346593346e-05,0.04294255085946481,0.5265155553448565
item_MEMANTINE HYDROCHLORIDE,5.695319510352307e-06,1.3467327221402365e-06,25,0.00013252421561026905,3.087234100092255e-05,0.04294255085946481,0.5265155553448565
item_MORPHINE SULFATE,5.604293886807196e-06,1.0850829957588624e-06,25,0.00013052815426702614,2.5326025350250044e-05,0.04294255085946481,0.5265155553448565
item_MUPIROCIN,5.4648739770988216e-06,1.6645205359226425e-06,25,0.00012703504691635227,3.794072305991332e-05,0.04294255085946481,0.5265155553448565
item_BUPROPION HYDROCHLORIDE E,5.42004189459368e-06,1.6938150284666134e-06,25,0.0001261795920549616,3.918809033477963e-05,0.04294255085946481,0.5265155553448565
item_KLOR-CON M20,5.376791573824346e-06,1.2944073491192691e-06,25,0.00012518156138334262,2.990288284326103e-05,0.04294255085946481,0.5265155553448565
item_TORSEMIDE,5.221647809021212e-06,1.1885016568723806e-06,25,0.0001216171661275528,2.7701948535104263e-05,0.04294255085946481,0.5265155553448565
item_BRILINTA,5.176591230693852e-06,9.635826034516874e-07,25,0.00012054784755081537,2.23123740790902e-05,0.04294255085946481,0.5265155553448565
item_MYRBETRIQ,5.057247117163916e-06,9.672674507819257e-07,25,0.00011776761925129636,2.2501612538501644e-05,0.04294255085946481,0.5265155553448565
item_HUMALOG,4.982315442845058e-06,1.4486841726827648e-06,25,0.00011598542162340297,3.363792780858533e-05,0.04294255085946481,0.5265155553448565
item_BUTALBITAL/ACETAMINOPHEN/,4.930916190531465e-06,1.2473858843960675e-06,25,0.00011484481514155182,2.899418828063009e-05,0.04294255085946481,0.5265155553448565
item_SODIUM CHLORIDE,4.762811889328419e-06,2.1295100717856416e-06,25,0.00011092398036018303,4.9641695853997004e-05,0.04294255085946481,0.5265155553448565
item_BREO ELLIPTA,4.734517792777618e-06,1.478575032026159e-06,25,0.00011021110130902345,3.415625653698322e-05,0.04294255085946481,0.5265155553448565
item_CALCITRIOL,4.655964836952549e-06,1.019477077168603e-06,25,0.00010842890368112895,2.3753425232776614e-05,0.04294255085946481,0.5265155553448565
item_MAGNESIUM OXIDE,4.532410950321459e-06,1.6828193275909413e-06,25,0.00010557738747649786,3.932051981260268e-05,0.04294255085946481,0.5265155553448565
item_FERROUS SULFATE,4.510523560521235e-06,1.2309949471228936e-06,25,0.0001050070842355702,2.855189621131641e-05,0.04294255085946481,0.5265155553448565
item_FENTANYL,4.367757938881425e-06,1.0775566877574884e-06,25,0.00010172784060024503,2.5166877085323917e-05,0.04294255085946481,0.5265155553448565
item_XIFAXAN,4.283524743261942e-06,1.1055304344307572e-06,25,9.966049135188643e-05,2.531369000743393e-05,0.04294255085946481,0.5265155553448565
item_ERYTHROMYCIN,4.188205875333571e-06,1.0629322563210174e-06,25,9.759314210352782e-05,2.501581707272025e-05,0.04294255085946481,0.5265155553448565
item_DEXILANT,4.128117224453668e-06,1.4257956002127672e-06,25,9.60960960960952e-05,3.284566536404023e-05,0.04294255085946481,0.5265155553448565
item_IPRATROPIUM BROMIDE/ALBUT,4.106716178743802e-06,2.159152179080137e-06,25,9.559708076028489e-05,5.026587229804956e-05,0.04294255085946481,0.5265155553448565
item_HYDROXYZINE PAMOATE,4.0799188480572055e-06,1.2435739807159632e-06,25,9.509806542447541e-05,2.932459842727367e-05,0.04294255085946481,0.5265155553448565
item_SERTRALINE HYDROCHLORIDE,3.9383561276311954e-06,1.677909718675217e-06,25,9.181882178914747e-05,3.9427539499455296e-05,0.04294255085946481,0.5265155553448565
item_CARAFATE,3.9314783226866145e-06,1.0077169680518725e-06,25,9.146238226356906e-05,2.3098317182496967e-05,0.04294255085946481,0.5265155553448565
item_ARIPIPRAZOLE,3.8139599052323746e-06,1.6060344907034078e-06,25,8.868215396405172e-05,3.7025414862871255e-05,0.04294255085946481,0.5265155553448565
item_SPIRIVA HANDIHALER,3.7888891722957436e-06,1.2129280284725655e-06,25,8.82544265333568e-05,2.8394795309074385e-05,0.04294255085946481,0.5265155553448565
item_INCRUSE ELLIPTA,3.7713133219543687e-06,8.71731553786277e-07,25,8.782669910266272e-05,2.0192909959246414e-05,0.04294255085946481,0.5265155553448565
item_VIMPAT,3.7603999282731078e-06,8.863430172353268e-07,25,8.754154748220028e-05,2.049088132864372e-05,0.04294255085946481,0.5265155553448565
item_OSELTAMIVIR PHOSPHATE,3.7565156550566463e-06,8.972611693389554e-07,25,8.747025957708376e-05,2.085323543657308e-05,0.04294255085946481,0.5265155553448565
item_SEVELAMER CARBONATE,3.741446611205747e-06,1.6059905079564153e-06,25,8.689995633615805e-05,3.680313617676761e-05,0.04294255085946481,0.5265155553448565
item_SENSIPAR,3.5426466036455746e-06,8.641672757055872e-07,25,8.248010621897811e-05,2.0054805233377554e-05,0.04294255085946481,0.5265155553448565
item_LINZESS,3.5097352874163453e-06,1.051793888305214e-06,25,8.176722716782076e-05,2.4567622851016156e-05,0.04294255085946481,0.5265155553448565
item_CITALOPRAM HYDROBROMIDE,3.4925996623290897e-06,1.4026663939626806e-06,25,8.133949973712613e-05,3.275270026589326e-05,0.04294255085946481,0.5265155553448565
item_SPIRIVA RESPIMAT,3.4081854216917068e-06,1.3702493234624553e-06,25,7.941472629899998e-05,3.1993136324557054e-05,0.04294255085946481,0.5265155553448565
item_LOPERAMIDE HCL,3.333260608026087e-06,1.054157932091928e-06,25,7.763252867110493e-05,2.454477185037756e-05,0.04294255085946481,0.5265155553448565
item_ALBUTEROL SULFATE,3.213858560090494e-06,2.130344763236263e-06,25,7.485230037158785e-05,4.979267958338009e-05,0.04294255085946481,0.5265155553448565
item_ACETAMINOPHEN/CODEINE PHO,3.1585285345768907e-06,6.828863172122345e-07,25,7.356911807950451e-05,1.5986223314061174e-05,0.04294255085946481,0.5265155553448565
item_TRELEGY ELLIPTA,3.1025517019148673e-06,3.379563082823807e-06,25,7.20007841669551e-05,7.821729502268334e-05,0.04294255085946481,0.5265155553448565
item_OXYBUTYNIN CHLORIDE ER,3.0649366455459415e-06,1.2255580445767282e-06,25,7.135919302091425e-05,2.859154572322128e-05,0.04294255085946481,0.5265155553448565
item_LIDOCAINE/PRILOCAINE,2.990058331863888e-06,1.248785369286328e-06,25,6.957699539301949e-05,2.875309524727708e-05,0.04294255085946481,0.5265155553448565
item_FLECAINIDE ACETATE,2.952355992738853e-06,7.875652991654669e-07,25,6.87215405316291e-05,1.820460572706156e-05,0.04294255085946481,0.5265155553448565
item_BUSPIRONE HYDROCHLORIDE,2.9395383866162746e-06,1.8311855098746864e-06,25,6.850767681628206e-05,4.267386532977562e-05,0.04294255085946481,0.5265155553448565
item_NOVOLOG FLEXPEN,2.790892422793748e-06,1.2979841087546046e-06,25,6.508585737072303e-05,3.0493812847128485e-05,0.04294255085946481,0.5265155553448565
item_LANTUS,2.7762960017265148e-06,1.1294353512438046e-06,25,6.472941784514463e-05,2.648288106804385e-05,0.04294255085946481,0.5265155553448565
item_CLINDAMYCIN HYDROCHLORIDE,2.7234502950063215e-06,1.4523850368183693e-06,25,6.33749476479431e-05,3.3681806359718904e-05,0.04294255085946481,0.5265155553448565
item_VENLAFAXINE HCL ER,2.664661356781619e-06,1.0098949516710022e-06,25,6.202047745074462e-05,2.3373302766155494e-05,0.04294255085946481,0.5265155553448565
item_BASAGLAR KWIKPEN,2.6484286698995795e-06,1.8685453297791553e-06,25,6.159275002004916e-05,4.360949346529342e-05,0.04294255085946481,0.5265155553448565
item_TIZANIDINE HYDROCHLORIDE,2.62069600347821e-06,1.5962296443238489e-06,25,6.1022446779124e-05,3.7111100799320826e-05,0.04294255085946481,0.5265155553448565
item_CARTIA XT,2.5886235926899034e-06,8.867900418016077e-07,25,6.023827982284874e-05,2.0475891843909232e-05,0.04294255085946481,0.5265155553448565
item_HALOPERIDOL,2.582442144056407e-06,8.307923361466949e-07,25,6.009570401261738e-05,1.9205332980907953e-05,0.04294255085946481,0.5265155553448565
item_DOXYCYCLINE MONOHYDRATE,2.5711674226339815e-06,9.944015929768295e-07,25,5.98818402972684e-05,2.313999067739853e-05,0.04294255085946481,0.5265155553448565
item_LEVEMIR,2.483405945475541e-06,8.776737305834381e-07,25,5.781449104891201e-05,2.052804928017351e-05,0.04294255085946481,0.5265155553448565
item_VITAMIN D,2.3930736290623293e-06,1.725135441599538e-06,25,5.581842970567019e-05,4.0535104610441346e-05,0.04294255085946481,0.5265155553448565
item_FOLIC ACID,2.358037797190963e-06,1.8873436228885763e-06,25,5.496297484427981e-05,4.4079167585417544e-05,0.04294255085946481,0.5265155553448565
item_ANORO ELLIPTA,2.2800965829528016e-06,9.582764816846035e-07,25,5.310948931126908e-05,2.2431395705658876e-05,0.04294255085946481,0.5265155553448565
item_DULOXETINE HCL,2.251200654647714e-06,1.2755552591791707e-06,25,5.246789816522712e-05,2.9742238988405855e-05,0.04294255085946481,0.5265155553448565
item_ROPINIROLE HCL,2.241720375213708e-06,1.2021834503808978e-06,25,5.218274654476468e-05,2.7893528015630878e-05,0.04294255085946481,0.5265155553448565
item_DONEPEZIL HYDROCHLORIDE,2.2242520084407773e-06,8.729765904295247e-07,25,5.182630701918406e-05,2.0352197514556632e-05,0.04294255085946481,0.5265155553448565
item_ENTRESTO,2.124382240482595e-06,1.410664669474893e-06,25,4.940251824524733e-05,3.271485773417601e-05,0.04294255085946481,0.5265155553448565
item_FLUOXETINE HYDROCHLORIDE,2.074797249822418e-06,1.2791139050282027e-06,25,4.8261911763395616e-05,2.975487333913312e-05,0.04294255085946481,0.5265155553448565
item_AMITRIPTYLINE HYDROCHLORI,2.0497257545909716e-06,1.2059327370709113e-06,25,4.769160852246906e-05,2.8072111376653558e-05,0.04294255085946481,0.5265155553448565
item_NOVOLOG,2.046686104026617e-06,1.269824660739458e-06,25,4.7620320617352554e-05,2.9381587774539014e-05,0.04294255085946481,0.5265155553448565
item_FLUDROCORTISONE ACETATE,1.992368406023786e-06,5.620367223981069e-07,25,4.640842623038377e-05,1.3121461554115074e-05,0.04294255085946481,0.5265155553448565
item_REVLIMID,1.965350772136378e-06,6.579324664948408e-07,25,4.5766835084341814e-05,1.5250725136740074e-05,0.04294255085946481,0.5265155553448565
item_COMBIVENT RESPIMAT,1.9195883088127655e-06,7.341836149966704e-07,25,4.4697516507604396e-05,1.7116830712743677e-05,0.04294255085946481,0.5265155553448565
item_RANEXA,1.917124190831833e-06,6.538679606528753e-07,25,4.4626228602489826e-05,1.516160399302451e-05,0.04294255085946481,0.5265155553448565
item_LOSARTAN POTASSIUM,1.8947794241442412e-06,1.1502736316031482e-06,25,4.412721326667923e-05,2.6847965838466082e-05,0.04294255085946481,0.5265155553448565
item_OXCARBAZEPINE,1.8758924267255305e-06,9.103608829610454e-07,25,4.3699485835983765e-05,2.1194418912649677e-05,0.04294255085946481,0.5265155553448565
item_METOCLOPRAMIDE HYDROCHLOR,1.8217546302984246e-06,8.551709334641585e-07,25,4.24163035438993e-05,1.9932215978362387e-05,0.04294255085946481,0.5265155553448565
item_CREON,1.8205181881127849e-06,6.46428087100383e-07,25,4.2416303543899856e-05,1.5104935362770124e-05,0.04294255085946481,0.5265155553448565
item_SHINGRIX,1.7577946652139541e-06,1.049513455391876e-06,25,4.084796963135212e-05,2.4240071706698476e-05,0.04294255085946481,0.5265155553448565
item_MYCOPHENOLATE MOFETIL,1.6884448946585817e-06,9.613246520832683e-07,25,3.9350923623919786e-05,2.243092370919761e-05,0.04294255085946481,0.5265155553448565
item_COLCHICINE,1.657990835756991e-06,9.2727862826737e-07,25,3.86380445727616e-05,2.1789264134960195e-05,0.04294255085946481,0.5265155553448565
item_PRAMIPEXOLE DIHYDROCHLORI,1.6365017449962296e-06,9.593026691507542e-07,25,3.806774133183394e-05,2.2342011224125935e-05,0.04294255085946481,0.5265155553448565
item_IPRATROPIUM BROMIDE,1.6193451568017614e-06,1.0947809701112193e-06,25,3.771130180625804e-05,2.549477155576513e-05,0.04294255085946481,0.5265155553448565
item_PAROXETINE HCL,1.5740011933300556e-06,8.690075303166564e-07,25,3.6641983229518674e-05,2.0209681046740347e-05,0.04294255085946481,0.5265155553448565
item_BENZTROPINE MESYLATE,1.5173737420458631e-06,1.0473219183426884e-06,25,3.528751303232103e-05,2.4207728869294303e-05,0.04294255085946481,0.5265155553448565
item_LISINOPRIL,1.4143732292931957e-06,1.0866959446593758e-06,25,3.3006300068613995e-05,2.5413871550952474e-05,0.04294255085946481,0.5265155553448565
item_SODIUM BICARBONATE,1.4052123513855376e-06,8.574579367352626e-07,25,3.272114844815072e-05,1.9918134956034037e-05,0.04294255085946481,0.5265155553448565
item_TRESIBA FLEXTOUCH,1.3924374337724336e-06,8.942181655912674e-07,25,3.243599682768744e-05,2.0821987766189405e-05,0.04294255085946481,0.5265155553448565
item_PROMETHAZINE HCL,1.383124859197126e-06,1.4050340327049983e-06,25,3.215084520722444e-05,3.251993873917848e-05,0.04294255085946481,0.5265155553448565
item_LORATADINE,1.3700080523606812e-06,9.417455132740626e-07,25,3.1936981491877126e-05,2.191161068149902e-05,0.04294255085946481,0.5265155553448565
item_JANUVIA,1.359001277564899e-06,1.0439249604924726e-06,25,3.1723117776530364e-05,2.4463326937482254e-05,0.04294255085946481,0.5265155553448565
item_CLOTRIMAZOLE,1.3218855242980122e-06,6.428977758477414e-07,25,3.079637501002486e-05,1.4950998839526232e-05,0.04294255085946481,0.5265155553448565
item_VANCOMYCIN HYDROCHLORIDE,1.293227050826953e-06,7.103450914840861e-07,25,3.015478386398235e-05,1.6606665024342147e-05,0.04294255085946481,0.5265155553448565
item_BD INSULIN SYRINGE ULTRA-,1.2729195170253893e-06,7.282308870615538e-07,25,2.9584480623055243e-05,1.6781703830626997e-05,0.04294255085946481,0.5265155553448565
item_CEFTRIAXONE SODIUM,1.258257157456958e-06,1.0000796242745612e-06,25,2.9228041097478507e-05,2.3157142000822757e-05,0.04294255085946481,0.5265155553448565
item_PHENOBARBITAL,1.243424043850408e-06,5.690416320172571e-07,25,2.8942889477014123e-05,1.3239941259735322e-05,0.04294255085946481,0.5265155553448565
item_FLUOXETINE HCL,1.2293783807850597e-06,1.1631666395743251e-06,25,2.865773785655029e-05,2.7252282396290884e-05,0.04294255085946481,0.5265155553448565
item_TOPIRAMATE,1.2213186377338768e-06,9.203700031512435e-07,25,2.8443874141202973e-05,2.1414076663546234e-05,0.04294255085946481,0.5265155553448565
item_ACYCLOVIR,1.1903866199849533e-06,7.965172162155971e-07,25,2.773099509004534e-05,1.8535997729278497e-05,0.04294255085946481,0.5265155553448565
item_LABETALOL HYDROCHLORIDE,1.1780797513866088e-06,7.743144990563746e-07,25,2.7445843469581234e-05,1.8058039230411934e-05,0.04294255085946481,0.5265155553448565
item_HYDRALAZINE HCL,1.1443687878991735e-06,6.359586995059285e-07,25,2.6661676513307364e-05,1.4808335750235683e-05,0.04294255085946481,0.5265155553448565
item_BD PEN NEEDLE/NANO/ULTRA,1.1281993714866456e-06,8.169654018802749e-07,25,2.6376524892845476e-05,1.9236179632084303e-05,0.04294255085946481,0.5265155553448565
item_INDOMETHACIN,1.1039351464614927e-06,5.077262702010267e-07,25,2.573493374680297e-05,1.1856191668770243e-05,0.04294255085946481,0.5265155553448565
item_NITROFURANTOIN MACROCRYST,1.0869195828071614e-06,3.642946919632357e-07,25,2.5307206316107777e-05,8.453705617045232e-06,0.04294255085946481,0.5265155553448565
item_CARBAMAZEPINE,1.0754558122713529e-06,5.447628307111481e-07,25,2.5093342600760738e-05,1.277849370099546e-05,0.04294255085946481,0.5265155553448565
item_BD PEN NEEDLE/MINI/ULTRA-,1.0665910858983003e-06,5.507187304385411e-07,25,2.480819098029746e-05,1.27577635136006e-05,0.04294255085946481,0.5265155553448565
item_MULTAQ,1.0569381466892643e-06,4.0086647044254726e-07,25,2.4594327264950144e-05,9.26057052193024e-06,0.04294255085946481,0.5265155553448565
item_GLIPIZIDE ER,1.0364903506422738e-06,5.505899836524646e-07,25,2.4166599834255788e-05,1.2903816465026132e-05,0.04294255085946481,0.5265155553448565
item_PROSOL,1.0010390680981788e-06,3.2044483404220086e-07,25,2.3311144972865683e-05,7.471780750138675e-06,0.04294255085946481,0.5265155553448565
item_TACROLIMUS,1.0009052853586486e-06,8.074631022393395e-07,25,2.3239857067750835e-05,1.8716469447194627e-05,0.04294255085946481,0.5265155553448565
item_VALACYCLOVIR HCL,9.516557044158147e-07,1.007351139287346e-06,25,2.217053849101258e-05,2.3469812822706892e-05,0.04294255085946481,0.5265155553448565
item_IBU,9.395550365642632e-07,5.768715557285232e-07,25,2.1885386870549584e-05,1.3519273970654933e-05,0.04294255085946481,0.5265155553448565
item_ADVAIR DISKUS,9.281545364979104e-07,8.297384227941385e-07,25,2.160023525008742e-05,1.9259007330538194e-05,0.04294255085946481,0.5265155553448565
item_ASPIRIN,9.272466433763177e-07,9.503603334273581e-07,25,2.160023525008603e-05,2.216622106458678e-05,0.04294255085946481,0.5265155553448565
item_TRAMADOL HYDROCHLORIDE/AC,9.270084262474528e-07,5.569373014930089e-07,25,2.160023525008603e-05,1.2988051798505558e-05,0.04294255085946481,0.5265155553448565
item_HUMALOG MIX 75/25 KWIKPEN,9.150301067133349e-07,4.770473619179721e-07,25,2.1315083629624142e-05,1.1123635666756572e-05,0.04294255085946481,0.5265155553448565
item_NEXIUM,9.078550067918425e-07,4.823622028655339e-07,25,2.1172507819391118e-05,1.1298814372137965e-05,0.04294255085946481,0.5265155553448565
item_POLYMYXIN B SULFATE/TRIME,9.068853677905192e-07,7.286986563713649e-07,25,2.1172507819391396e-05,1.700357263774731e-05,0.04294255085946481,0.5265155553448565
item_AMITRIPTYLINE HCL,8.483113967028449e-07,8.77563628534438e-07,25,1.981803762219153e-05,2.0536041914536706e-05,0.04294255085946481,0.5265155553448565
item_ZIPRASIDONE HCL,8.066424565216533e-07,7.521100979885373e-07,25,1.8820006950569788e-05,1.750035794769663e-05,0.04294255085946481,0.5265155553448565
item_ROSUVASTATIN CALCIUM,7.947929648107783e-07,8.838536858930935e-07,25,1.8534855330106793e-05,2.0611175281313023e-05,0.04294255085946481,0.5265155553448565
item_CHLORPROMAZINE HCL,7.908705768537633e-07,4.0891556601633317e-07,25,1.8392279519875988e-05,9.468597566539132e-06,0.04294255085946481,0.5265155553448565
item_PRASUGREL,7.898647288488532e-07,4.906243879562395e-07,25,1.8392279519876266e-05,1.139677875917169e-05,0.04294255085946481,0.5265155553448565
item_LATANOPROST,7.879871967259548e-07,8.266748240136898e-07,25,1.832099161475975e-05,1.919844080150246e-05,0.04294255085946481,0.5265155553448565
item_STIOLTO RESPIMAT,7.815884940708971e-07,7.178588870059319e-07,25,1.817841580452756e-05,1.665504765165916e-05,0.04294255085946481,0.5265155553448565
item_DRONABINOL,7.789601015578866e-07,6.50902051318479e-07,25,1.810712789941271e-05,1.5067037867308778e-05,0.04294255085946481,0.5265155553448565
item_METOCLOPRAMIDE HCL,7.530401722002731e-07,4.0946327603263146e-07,25,1.753682465848616e-05,9.537671673045166e-06,0.04294255085946481,0.5265155553448565
item_DALIRESP,7.384403208063325e-07,7.342668311737381e-07,25,1.725167303802233e-05,1.7146186144562246e-05,0.04294255085946481,0.5265155553448565
item_DILTIAZEM HCL,7.356213545901986e-07,6.421183985298587e-07,25,1.710909722779097e-05,1.4902056946692649e-05,0.04294255085946481,0.5265155553448565
item_GLIMEPIRIDE,7.231890884952626e-07,9.022941942594525e-07,25,1.689523351244365e-05,2.1062881886658273e-05,0.04294255085946481,0.5265155553448565
item_PRIMIDONE,6.714330822093945e-07,7.633195670627176e-07,25,1.5612051220358913e-05,1.7772004686920318e-05,0.04294255085946481,0.5265155553448565
item_PROVENTIL HFA,6.676711573103789e-07,5.715327598433659e-07,25,1.554076331524379e-05,1.3361728837011468e-05,0.04294255085946481,0.5265155553448565
item_ATROVENT HFA,6.452635013007787e-07,5.661990541078689e-07,25,1.5041747979433472e-05,1.314765896016668e-05,0.04294255085946481,0.5265155553448565
item_DOFETILIDE,6.364711929348604e-07,6.182329943305775e-07,25,1.4827884264085044e-05,1.4365957434894395e-05,0.04294255085946481,0.5265155553448565
item_CARBIDOPA/LEVODOPA ER,6.084378012100402e-07,4.2795264400102234e-07,25,1.4186293118044757e-05,1.0035318363480923e-05,0.04294255085946481,0.5265155553448565
item_MEMANTINE HYDROCHLORIDE E,6.037515938509587e-07,6.007783226907554e-07,25,1.4043717307812287e-05,1.3941449074555917e-05,0.04294255085946481,0.5265155553448565
item_PHENYTOIN SODIUM EXTENDED,5.924940240618597e-07,6.413407724332281e-07,25,1.3829853592464414e-05,1.5028340328208365e-05,0.04294255085946481,0.5265155553448565
item_ADVAIR HFA,5.75586706270826e-07,4.713458280099322e-07,25,1.3402126161767836e-05,1.0987649471523152e-05,0.04294255085946481,0.5265155553448565
item_AMITIZA,5.74163501856286e-07,5.417810290412247e-07,25,1.3402126161771444e-05,1.2634763101213283e-05,0.04294255085946481,0.5265155553448565
item_HALOPERIDOL DECANOATE,5.660301973556377e-07,4.5005866619250563e-07,25,1.318826244642246e-05,1.0493295510737375e-05,0.04294255085946481,0.5265155553448565
item_CILOSTAZOL,5.597412651536437e-07,4.954444193663945e-07,25,1.3045686636192211e-05,1.1581085323287137e-05,0.04294255085946481,0.5265155553448565
item_CLOZAPINE,5.583683721965112e-07,5.2517528570132e-07,25,1.2974398731075143e-05,1.2180378805993772e-05,0.04294255085946481,0.5265155553448565
item_PRADAXA,5.571189709990018e-07,4.990497450129466e-07,25,1.297439873107431e-05,1.1635808034650398e-05,0.04294255085946481,0.5265155553448565
item_AMANTADINE HCL,5.428206072033813e-07,4.0975269087824864e-07,25,1.2617959205495354e-05,9.485355170763607e-06,0.04294255085946481,0.5265155553448565
item_CYANOCOBALAMIN,5.36480601248971e-07,6.744861876775255e-07,25,1.2475383395265383e-05,1.5664087676323102e-05,0.04294255085946481,0.5265155553448565
item_CLONIDINE HCL,5.299915666585643e-07,3.969110730342093e-07,25,1.2332807585031248e-05,9.216449123142705e-06,0.04294255085946481,0.5265155553448565
item_POMALYST,5.28215419745862e-07,5.167782111891904e-07,25,1.2332807585034023e-05,1.2141200901971414e-05,0.04294255085946481,0.5265155553448565
item_BUDESONIDE,5.271161906263881e-07,8.095876086765469e-07,25,1.2332807585033189e-05,1.8930484971006147e-05,0.04294255085946481,0.5265155553448565
item_MOXIFLOXACIN HYDROCHLORID,5.173641530917612e-07,6.597199408095448e-07,25,1.204765596457047e-05,1.5324827136957818e-05,0.04294255085946481,0.5265155553448565
item_ALLOPURINOL,5.107920283668527e-07,7.814616967699252e-07,25,1.1905080154337444e-05,1.8201988430560708e-05,0.04294255085946481,0.5265155553448565
item_CHOLESTYRAMINE,5.092861149649854e-07,4.644305782445829e-07,25,1.1833792249220932e-05,1.0790270856726645e-05,0.04294255085946481,0.5265155553448565
item_VALPROIC ACID,4.6943562905881604e-07,3.958446230091352e-07,25,1.0907049482717646e-05,9.164609425612673e-06,0.04294255085946481,0.5265155553448565
item_XARELTO STARTER PACK,4.522340654702614e-07,3.9560508347926806e-07,25,1.0550609957138135e-05,9.245123354340182e-06,0.04294255085946481,0.5265155553448565
item_COLCRYS,4.492363411205868e-07,4.4892646437332715e-07,25,1.0479322052021623e-05,1.0484715752012038e-05,0.04294255085946481,0.5265155553448565
item_COUMADIN,4.225243874529264e-07,4.450726190282484e-07,25,9.83773090597939e-06,1.0316754003907373e-05,0.04294255085946481,0.5265155553448565
item_TEMAZEPAM,4.174707539943306e-07,5.010906526179123e-07,25,9.695155095748032e-06,1.1698875206799285e-05,0.04294255085946481,0.5265155553448565
item_TRADJENTA,4.112054529315083e-07,4.132646685164459e-07,25,9.552579285517503e-06,9.56814974172394e-06,0.04294255085946481,0.5265155553448565
item_OXYBUTYNIN CHLORIDE,3.9940894071008124e-07,5.418110721691887e-07,25,9.267427665054228e-06,1.2591534201398723e-05,0.04294255085946481,0.5265155553448565
item_METHENAMINE HIPPURATE,3.97295097195368e-07,3.502615256131016e-07,25,9.26742766505395e-06,8.167055533199833e-06,0.04294255085946481,0.5265155553448565
item_BD PEN NEEDLE/SHORT/ULTRA,3.8910347714162626e-07,5.404368227899724e-07,25,8.982276044590398e-06,1.2448621726843921e-05,0.04294255085946481,0.5265155553448565
item_NUPLAZID,3.671478619557677e-07,3.1713980520864944e-07,25,8.55454861389604e-06,7.402022672155168e-06,0.04294255085946481,0.5265155553448565
item_HUMULIN 70/30,3.656773952626352e-07,4.350108260394865e-07,25,8.554548613894375e-06,1.0212059797285858e-05,0.04294255085946481,0.5265155553448565
item_RANITIDINE HCL,3.652074405109089e-07,4.5358006550098175e-07,25,8.483260708780915e-06,1.053458208793782e-05,0.04294255085946481,0.5265155553448565
item_EPINEPHRINE,3.5878472556923814e-07,5.106973758816395e-07,25,8.340684898548167e-06,1.1885623716543017e-05,0.04294255085946481,0.5265155553448565
item_TRULICITY,3.48164815390734e-07,4.625812390641057e-07,25,8.126821183201404e-06,1.0841661546840584e-05,0.04294255085946481,0.5265155553448565
item_PERMETHRIN,3.4772611472616086e-07,3.137905846547726e-07,25,8.055533278084337e-06,7.277973758661119e-06,0.04294255085946481,0.5265155553448565
item_VESICARE,3.461626480660018e-07,4.348730603783053e-07,25,8.055533278084614e-06,1.0161652660481513e-05,0.04294255085946481,0.5265155553448565
item_PROPRANOLOL HYDROCHLORIDE,3.451541320291944e-07,6.004546605673241e-07,25,7.984245372967824e-06,1.3920549334031453e-05,0.04294255085946481,0.5265155553448565
item_CARBAMAZEPINE ER,3.431595876526996e-07,3.423473121600185e-07,25,7.98424537296949e-06,7.93895198271633e-06,0.04294255085946481,0.5265155553448565
item_TRIAMCINOLONE ACETONIDE,3.430700180121747e-07,6.56353694050376e-07,25,7.984245372967824e-06,1.531480627912369e-05,0.04294255085946481,0.5265155553448565
item_COLESTIPOL HCL,3.3097811655110993e-07,3.9490995458034867e-07,25,7.699093752508158e-06,9.170383863477548e-06,0.04294255085946481,0.5265155553448565
item_HYDROCORTISONE,3.226321317977573e-07,3.5837943528617355e-07,25,7.556517942273744e-06,8.411016202521625e-06,0.04294255085946481,0.5265155553448565
item_FLUTICASONE PROPIONATE,3.1238002886615555e-07,7.86556543074725e-07,25,7.271366321809636e-06,1.8319396582468686e-05,0.04294255085946481,0.5265155553448565
item_DESVENLAFAXINE ER,3.0483712169777807e-07,3.9856284376577234e-07,25,7.128790511578553e-06,9.331751972983958e-06,0.04294255085946481,0.5265155553448565
item_HYDROCODONE POLISTIREX/CH,2.9552264138550475e-07,3.9530567527062654e-07,25,6.914926796232901e-06,9.293666510730836e-06,0.04294255085946481,0.5265155553448565
item_QVAR REDIHALER,2.8800984486213847e-07,4.2855948032761e-07,25,6.701063080884196e-06,9.979776286155482e-06,0.04294255085946481,0.5265155553448565
item_CITALOPRAM,2.801174255222412e-07,3.518013196579733e-07,25,6.5584872706520025e-06,8.291210386706851e-06,0.04294255085946481,0.5265155553448565
item_MORPHINE SULFATE ER,2.7704842660768586e-07,4.202917934998442e-07,25,6.4159114604214755e-06,9.747931362471777e-06,0.04294255085946481,0.5265155553448565
item_RIVASTIGMINE TRANSDERMAL,2.725588913102512e-07,3.0709088602302724e-07,25,6.344623555306072e-06,7.167300775840877e-06,0.04294255085946481,0.5265155553448565
item_RIVASTIGMINE TARTRATE,2.639392427193701e-07,3.327906385413545e-07,25,6.130759839958477e-06,7.701348672378887e-06,0.04294255085946481,0.5265155553448565
item_PROPAFENONE HCL,2.6052797343401976e-07,3.942066771165053e-07,25,6.059471934842797e-06,9.159987254381971e-06,0.04294255085946481,0.5265155553448565
item_URSODIOL,2.447427536068367e-07,3.438720696705732e-07,25,5.703032409263009e-06,8.03637421306688e-06,0.04294255085946481,0.5265155553448565
item_IMBRUVICA,2.4378149984849764e-07,4.304855154061311e-07,25,5.703032409264397e-06,1.0081632224793475e-05,0.04294255085946481,0.5265155553448565
item_ORPHENADRINE CITRATE ER,2.4219402090173105e-07,3.860285451986962e-07,25,5.6317445041484394e-06,8.950702055953996e-06,0.04294255085946481,0.5265155553448565
item_CETIRIZINE HYDROCHLORIDE,2.3292527827814127e-07,4.6527031310683564e-07,25,5.4178807888013995e-06,1.079762735885961e-05,0.04294255085946481,0.5265155553448565
item_FLOVENT HFA,2.3093911914452755e-07,6.064952271522879e-07,25,5.346592883685996e-06,1.4023604178793115e-05,0.04294255085946481,0.5265155553448565
item_SYNTHROID,2.2917859927529991e-07,5.871763479988273e-07,25,5.346592883684609e-06,1.3727935660636403e-05,0.04294255085946481,0.5265155553448565
item_FEROSUL,2.2789032104241302e-07,5.663150894510534e-07,25,5.275304978569206e-06,1.3091168634612263e-05,0.04294255085946481,0.5265155553448565
item_TIZANIDINE HCL,2.1881482015370572e-07,5.482136220690694e-07,25,5.132729168336736e-06,1.2813658050771073e-05,0.04294255085946481,0.5265155553448565
item_ISOSORBIDE DINITRATE,2.1601414901305662e-07,4.0383686454012554e-07,25,4.990153358105099e-06,9.388308563328472e-06,0.04294255085946481,0.5265155553448565
item_EZETIMIBE,2.1076765496700962e-07,5.350536373935792e-07,25,4.9188654529913615e-06,1.2403890638154212e-05,0.04294255085946481,0.5265155553448565
item_TERCONAZOLE,2.0605705417396896e-07,2.1055660141981643e-07,25,4.776289642759723e-06,4.873151022789806e-06,0.04294255085946481,0.5265155553448565
item_METAXALONE,2.004088307616774e-07,5.945029484765873e-07,25,4.633713832527253e-06,1.3669970859885989e-05,0.04294255085946481,0.5265155553448565
item_LITHIUM CARBONATE,1.982858397092147e-07,2.8241984246667695e-07,25,4.633713832526975e-06,6.588509284601956e-06,0.04294255085946481,0.5265155553448565
item_HYDROXYUREA,1.971031393078042e-07,3.6974002412640776e-07,25,4.56242592741074e-06,8.54835818786302e-06,0.04294255085946481,0.5265155553448565
item_NIFEDIPINE ER,1.926742064479523e-07,3.6888131215956936e-07,25,4.491138022295338e-06,8.595293609421945e-06,0.04294255085946481,0.5265155553448565
item_ONETOUCH ULTRA,1.8915049867775387e-07,3.3017405689545993e-07,25,4.419850117179103e-06,7.719199731854577e-06,0.04294255085946481,0.5265155553448565
item_PAROXETINE HYDROCHLORIDE,1.8467087321283653e-07,3.936496361899979e-07,25,4.27727430694691e-06,9.159987254381106e-06,0.04294255085946481,0.5265155553448565
item_ZOLPIDEM TARTRATE,1.820379069309459e-07,6.477832150987018e-07,25,4.277274306947743e-06,1.5148679837107693e-05,0.04294255085946481,0.5265155553448565
item_TRIMETHOPRIM,1.8086816554138298e-07,3.263674734023206e-07,25,4.2059864018323405e-06,7.559123536753839e-06,0.04294255085946481,0.5265155553448565
item_PAIN & FEVER,1.743589301385543e-07,2.4985855943481124e-07,25,4.063410591600702e-06,5.832444256227165e-06,0.04294255085946481,0.5265155553448565
item_TRINTELLIX,1.7427698344622483e-07,3.671968911929771e-07,25,4.063410591600702e-06,8.586050361659088e-06,0.04294255085946481,0.5265155553448565
item_DICLOFENAC SODIUM DR,1.674940842057136e-07,5.202719491734045e-07,25,3.849546876252275e-06,1.2083948290217262e-05,0.04294255085946481,0.5265155553448565
item_NITROGLYCERIN TRANSDERMAL,1.6485578186017295e-07,3.0280372425123304e-07,25,3.84954687625394e-06,7.104243030447148e-06,0.04294255085946481,0.5265155553448565
item_METHYLPREDNISOLONE,1.6479289253811663e-07,2.732884358195801e-07,25,3.849546876253107e-06,6.398561078947311e-06,0.04294255085946481,0.5265155553448565
item_VITAMIN D3,1.6267638099158817e-07,2.584374667381368e-07,25,3.7782589711377045e-06,6.006825655216414e-06,0.04294255085946481,0.5265155553448565
item_VOLTAREN,1.592193740174373e-07,2.8413102438736055e-07,25,3.706971066020637e-06,6.626963945492965e-06,0.04294255085946481,0.5265155553448565
item_BISOPROLOL FUMARATE,1.5636343650292166e-07,1.9266228092728312e-07,25,3.6356831609055118e-06,4.499240184697239e-06,0.04294255085946481,0.5265155553448565
item_ENALAPRIL MALEATE,1.5365995795085662e-07,2.5657572212019247e-07,25,3.564395255789832e-06,5.955491888256693e-06,0.04294255085946481,0.5265155553448565
item_ILEVRO,1.4727192742322022e-07,2.195430676358443e-07,25,3.4218194455587492e-06,5.0909747220523064e-06,0.04294255085946481,0.5265155553448565
item_METHADONE HCL,1.4381492044910454e-07,3.264461370185378e-07,25,3.350531540442514e-06,7.63646208307805e-06,0.04294255085946481,0.5265155553448565
item_GENERLAC,1.4370324425907997e-07,1.567749716042253e-07,25,3.3505315404422363e-06,3.649518373781907e-06,0.04294255085946481,0.5265155553448565
item_MEXILETINE HCL,1.4112325746658346e-07,3.3122087453047277e-07,25,3.279243635325724e-06,7.694471852833745e-06,0.04294255085946481,0.5265155553448565
item_NEUPRO,1.3795439793161525e-07,2.2146141830067783e-07,25,3.207955730211154e-06,5.144761401072613e-06,0.04294255085946481,0.5265155553448565
item_NOVOLOG MIX 70/30 PREFILL,1.3514038663167313e-07,2.5290008111617875e-07,25,3.136667825093531e-06,5.849663847867324e-06,0.04294255085946481,0.5265155553448565
item_PROCRIT,1.3497916127891647e-07,2.37055643870655e-07,25,3.1366678250949186e-06,5.475727892547013e-06,0.04294255085946481,0.5265155553448565
item_ZOLPIDEM TARTRATE ER,1.321156008162537e-07,2.542851356780129e-07,25,3.0653799199792387e-06,5.90012399007186e-06,0.04294255085946481,0.5265155553448565
item_CLARITHROMYCIN,1.3143906417032362e-07,2.5560659212307576e-07,25,3.0653799199803487e-06,5.944815766337752e-06,0.04294255085946481,0.5265155553448565
item_MONUROL,1.3025445803190094e-07,3.6629307454216664e-07,25,3.0653799199803487e-06,8.662776073905424e-06,0.04294255085946481,0.5265155553448565
item_ASPIRIN/DIPYRIDAMOLE,1.2512802541873586e-07,2.0521575808953022e-07,25,2.9228041097492665e-06,4.795403372656448e-06,0.04294255085946481,0.5265155553448565
item_TAB-A-VITE,1.1919432259915142e-07,3.0040910632221447e-07,25,2.780228299515408e-06,7.036860132201223e-06,0.04294255085946481,0.5265155553448565
item_AMPHETAMINE/DEXTROAMPHETA,1.129629436554327e-07,2.3159804152614693e-07,25,2.6376524892837705e-06,5.42327159968297e-06,0.04294255085946481,0.5265155553448565
item_PHENYTOIN,1.1247126350153696e-07,2.1180391673019216e-07,25,2.637652489285713e-06,4.964628109598878e-06,0.04294255085946481,0.5265155553448565
item_POTASSIUM CHLORIDE,1.1065700184803038e-07,2.189618352353572e-07,25,2.566364584168368e-06,5.069091401193484e-06,0.04294255085946481,0.5265155553448565
item_METFORMIN HYDROCHLORIDE E,1.0835639610433837e-07,6.271040188858188e-07,25,2.4950766790535205e-06,1.4506037725648304e-05,0.04294255085946481,0.5265155553448565
item_PREZISTA,1.075899086704769e-07,1.9753276396852845e-07,25,2.4950766790529657e-06,4.6016144883247805e-06,0.04294255085946481,0.5265155553448565
item_JANTOVEN,1.0606150757171156e-07,2.6489820572591496e-07,25,2.4950766790537983e-06,6.237691697631818e-06,0.04294255085946481,0.5265155553448565
item_SANTYL,1.048456473459511e-07,2.486866819393749e-07,25,2.4237887739372854e-06,5.726191086566278e-06,0.04294255085946481,0.5265155553448565
item_NITROSTAT,1.0407839761733635e-07,1.1868236912477999e-07,25,2.423788773938118e-06,2.764800712454965e-06,0.04294255085946481,0.5265155553448565
item_INVEGA SUSTENNA,1.0088057087936573e-07,1.742655548636908e-07,25,2.352500868820495e-06,4.041831432185657e-06,0.04294255085946481,0.5265155553448565
item_KETOCONAZOLE,9.755353517078352e-08,1.9847489245645053e-07,25,2.2812129637048152e-06,4.645124127645785e-06,0.04294255085946481,0.5265155553448565
item_DILTIAZEM HCL ER,9.496821231461207e-08,1.9856247031070075e-07,25,2.2099250585885798e-06,4.6382813189291675e-06,0.04294255085946481,0.5265155553448565
item_ATENOLOL/CHLORTHALIDONE,9.468387634962212e-08,1.4820191664224858e-07,25,2.209925058589135e-06,3.461931316322308e-06,0.04294255085946481,0.5265155553448565
item_DOCQLACE,9.225977884631519e-08,1.4890428320188775e-07,25,2.13863715347401e-06,3.4512108662442232e-06,0.04294255085946481,0.5265155553448565
item_NUEDEXTA,9.186186095424626e-08,1.7538039531691926e-07,25,2.1386371534737325e-06,4.083527766599809e-06,0.04294255085946481,0.5265155553448565
item_TRIUMEQ,8.852110393908742e-08,2.057487966127409e-07,25,2.0673492483591627e-06,4.789880621345847e-06,0.04294255085946481,0.5265155553448565
item_BYSTOLIC,8.571395329246908e-08,1.8977252302186836e-07,25,1.996061343241817e-06,4.405309913228371e-06,0.04294255085946481,0.5265155553448565
item_FLUZONE HIGH-DOSE PF 2018,8.516433873275029e-08,1.8651745325459945e-07,25,1.996061343241817e-06,4.344811162078411e-06,0.04294255085946481,0.5265155553448565
item_SSD,8.508582236708837e-08,1.9425846080097544e-07,25,1.996061343242095e-06,4.582015890851295e-06,0.04294255085946481,0.5265155553448565
item_BD VEO INSULIN SYRINGE UL,8.289956084521663e-08,1.3080468180689975e-07,25,1.9247734381264148e-06,3.040201407799651e-06,0.04294255085946481,0.5265155553448565
item_PERPHENAZINE,8.281837644766355e-08,1.7428817772602904e-07,25,1.924773438125582e-06,4.048374793165927e-06,0.04294255085946481,0.5265155553448565
item_OFLOXACIN,8.161738097078026e-08,5.396899251508166e-07,25,1.853485533009902e-06,1.2586067574173726e-05,0.04294255085946481,0.5265155553448565
item_HYDROMET,7.920662362672006e-08,1.3832714944622522e-07,25,1.8534855330112897e-06,3.2326137081689504e-06,0.04294255085946481,0.5265155553448565
item_BEVESPI AEROSPHERE,7.684427200319107e-08,2.9485849515109096e-07,25,1.7821976278956097e-06,6.844659865683677e-06,0.04294255085946481,0.5265155553448565
item_PHENAZOPYRIDINE HYDROCHLO,7.664340732010753e-08,2.384902789347176e-07,25,1.7821976278950547e-06,5.5410776076295665e-06,0.04294255085946481,0.5265155553448565
item_CIPROFLOXACIN HCL,7.389266648966407e-08,1.6559827192281458e-07,25,1.710909722779097e-06,3.8320702715474505e-06,0.04294255085946481,0.5265155553448565
item_IBRANCE,7.05183685027496e-08,2.373298856722494e-07,25,1.6396218176642496e-06,5.515222615557295e-06,0.04294255085946481,0.5265155553448565
item_IMIPRAMINE HCL,6.981134006424057e-08,2.0883701497853312e-07,25,1.639621817663417e-06,4.905631837939956e-06,0.04294255085946481,0.5265155553448565
item_CHLORTHALIDONE,6.744327122963037e-08,3.6337584663761764e-07,25,1.5683339125480145e-06,8.427364160031923e-06,0.04294255085946481,0.5265155553448565
item_CARBIDOPA/LEVODOPA/ENTACA,6.724240654654766e-08,1.381757217154021e-07,25,1.5683339125474593e-06,3.226056675640439e-06,0.04294255085946481,0.5265155553448565
item_ASPIRIN LOW DOSE,6.650336172599068e-08,2.425765377810586e-07,25,1.5683339125482921e-06,5.713233792569919e-06,0.04294255085946481,0.5265155553448565
item_CODEINE/GUAIFENESIN,6.452558783524282e-08,1.5686508754003128e-07,25,1.4970460074312242e-06,3.6262357222592597e-06,0.04294255085946481,0.5265155553448565
item_BISOPROLOL FUMARATE/HYDRO,6.433348954252533e-08,1.2979768879342343e-07,25,1.4970460074312242e-06,3.0297359674228855e-06,0.04294255085946481,0.5265155553448565
item_DOXAZOSIN MESYLATE,6.096109729258177e-08,2.2973124235580454e-07,25,1.425758102314989e-06,5.34659288368622e-06,0.04294255085946481,0.5265155553448565
item_HYDROCHLOROTHIAZIDE,6.064779412481807e-08,9.314332449609188e-07,25,1.4257581023177646e-06,2.178489058590747e-05,0.04294255085946481,0.5265155553448565
item_GENTAMICIN SULFATE,5.530791896409361e-08,1.6452060292580924e-07,25,1.2831822920844614e-06,3.833451446675553e-06,0.04294255085946481,0.5265155553448565
item_CAPECITABINE,5.5145931316429087e-08,1.659152872782357e-07,25,1.2831822920836288e-06,3.8678205352302e-06,0.04294255085946481,0.5265155553448565
item_DOCUSATE SODIUM,5.503158709458569e-08,2.3148020489935052e-07,25,1.2831822920839064e-06,5.408610119492089e-06,0.04294255085946481,0.5265155553448565
item_VERAPAMIL HCL ER,5.4792988818349225e-08,1.294812344780627e-07,25,1.283182292084739e-06,3.022738877324648e-06,0.04294255085946481,0.5265155553448565
item_NEOMYCIN/POLYMYXIN/HYDROC,5.24862847160516e-08,2.441865539570051e-07,25,1.2118943869673937e-06,5.676049968998797e-06,0.04294255085946481,0.5265155553448565
item_TIMOLOL MALEATE,5.215506762008872e-08,1.7154756514855473e-07,25,1.2118943869676714e-06,3.975805569782437e-06,0.04294255085946481,0.5265155553448565
item_KLOR-CON 10,5.184862510555192e-08,1.4387008736033393e-07,25,1.211894386968504e-06,3.3626437590316954e-06,0.04294255085946481,0.5265155553448565
item_LATUDA,5.168473172086882e-08,1.5251736982634883e-07,25,1.2118943869679488e-06,3.5910287164808657e-06,0.04294255085946481,0.5265155553448565
item_IRON,5.1042117194065064e-08,1.8475857369869753e-07,25,1.211894386968504e-06,4.387247885900007e-06,0.04294255085946481,0.5265155553448565
item_NORTRIPTYLINE HCL,4.917716293563107e-08,1.1853829104801746e-07,25,1.140606481853379e-06,2.76480071245659e-06,0.04294255085946481,0.5265155553448565
item_BETAMETHASONE DIPROPIONAT,4.917220801931491e-08,2.0395210533770739e-07,25,1.1406064818525463e-06,4.711882469912065e-06,0.04294255085946481,0.5265155553448565
item_CALCIPOTRIENE,4.9085687558111044e-08,1.2514303924057917e-07,25,1.1406064818525463e-06,2.90485457051167e-06,0.04294255085946481,0.5265155553448565
item_DYMISTA,4.848423695116297e-08,1.3455814536708743e-07,25,1.140606481852824e-06,3.1664324196569946e-06,0.04294255085946481,0.5265155553448565
item_FINASTERIDE,4.5804770685604473e-08,4.083895521623891e-07,25,1.069318576735201e-06,9.458528753138636e-06,0.04294255085946481,0.5265155553448565
item_NEOMYCIN SULFATE,4.5654979755057316e-08,1.3926222693926892e-07,25,1.0693185767371439e-06,3.2538328091016363e-06,0.04294255085946481,0.5265155553448565
item_PIOGLITAZONE HYDROCHLORID,4.252804643475643e-08,1.8476148662416856e-07,25,9.980306716222965e-07,4.3068751743770365e-06,0.04294255085946481,0.5265155553448565
item_FLUPHENAZINE HCL,4.0087559592876387e-08,1.0005272730294354e-07,25,9.267427665046734e-07,2.3076993432071497e-06,0.04294255085946481,0.5265155553448565
item_TOBRAMYCIN/DEXAMETHASONE,3.9880596551365815e-08,1.3482642249067524e-07,25,9.267427665057837e-07,3.134506841150368e-06,0.04294255085946481,0.5265155553448565
item_REXULTI,3.727164255602331e-08,1.290013451362422e-07,25,8.554548613898261e-07,2.9608090688625014e-06,0.04294255085946481,0.5265155553448565
item_STOOL SOFTENER,3.6857716472918374e-08,1.0899868942227564e-07,25,8.554548613901036e-07,2.526701219694138e-06,0.04294255085946481,0.5265155553448565
item_PREVACID SOLUTAB,3.683256074408621e-08,1.0884097357677858e-07,25,8.554548613895485e-07,2.5267012196931107e-06,0.04294255085946481,0.5265155553448565
item_TAMIFLU,3.6823413206325296e-08,8.611929227792761e-08,25,8.55454861389271e-07,2.0005118757313e-06,0.04294255085946481,0.5265155553448565
item_RABEPRAZOLE SODIUM,3.680473698343439e-08,1.1672066720767412e-07,25,8.554548613895485e-07,2.7281792185542384e-06,0.04294255085946481,0.5265155553448565
item_VIIBRYD,3.646094202305598e-08,8.526976499042242e-08,25,8.554548613895485e-07,2.0005118757311763e-06,0.04294255085946481,0.5265155553448565
item_RASAGILINE MESYLATE,3.632258551459881e-08,1.2571969175626864e-07,25,8.55454861389271e-07,2.96080906886058e-06,0.04294255085946481,0.5265155553448565
item_NYSTOP,3.61270568952263e-08,1.8181587282127216e-07,25,8.55454861389271e-07,4.277274306947439e-06,0.04294255085946481,0.5265155553448565
item_ESZOPICLONE,3.4162623163741926e-08,1.1200129981836513e-07,25,7.841669562733133e-07,2.576493222266811e-06,0.04294255085946481,0.5265155553448565
item_VERAPAMIL HCL SR,3.385084458550638e-08,8.03858035221358e-08,25,7.841669562738684e-07,1.8606689494678484e-06,0.04294255085946481,0.5265155553448565
item_NAMZARIC,3.373230774214692e-08,8.321409101266427e-08,25,7.841669562730358e-07,1.9304855964890652e-06,0.04294255085946481,0.5265155553448565
item_SILVER SULFADIAZINE,3.332562345979564e-08,1.6009958727053435e-07,25,7.841669562741461e-07,3.748268518808452e-06,0.04294255085946481,0.5265155553448565
item_PROPAFENONE HYDROCHLORIDE,3.0800521893753645e-08,1.314917460829802e-07,25,7.128790511568006e-07,3.0436818913731034e-06,0.04294255085946481,0.5265155553448565
item_COMBIGAN,3.059089082036384e-08,1.399926016927729e-07,25,7.128790511570781e-07,3.2538328091000206e-06,0.04294255085946481,0.5265155553448565
item_DIGOXIN,2.7937723725915573e-08,2.4462679161698403e-07,25,6.415911460413981e-07,5.63298513799808e-06,0.04294255085946481,0.5265155553448565
item_BROMPHEN/PSEUDOEPHEDRINE,2.7864543423952274e-08,1.3932271711975782e-07,25,6.415911460419532e-07,3.2079557302097666e-06,0.04294255085946481,0.5265155553448565
item_LIDODERM,2.7631281211355226e-08,1.381564060567726e-07,25,6.415911460416757e-07,3.207955730208378e-06,0.04294255085946481,0.5265155553448565
item_TRUVADA,2.758554352267251e-08,1.0172062502608225e-07,25,6.415911460430635e-07,2.3508801308638507e-06,0.04294255085946481,0.5265155553448565
item_DOXEPIN HCL,2.7560387793840715e-08,7.617992325445327e-08,25,6.415911460425083e-07,1.7732642501975958e-06,0.04294255085946481,0.5265155553448565
item_GENVOYA,2.753866239166401e-08,7.611652217489982e-08,25,6.415911460419532e-07,1.7732642501969332e-06,0.04294255085946481,0.5265155553448565
item_NUCYNTA,2.7483777165173666e-08,1.0075327972936658e-07,25,6.415911460419532e-07,2.350880130862413e-06,0.04294255085946481,0.5265155553448565
item_RELION INSULIN SYRINGE/U-,2.7391539492864964e-08,7.58361697102305e-08,25,6.415911460416757e-07,1.773264250196166e-06,0.04294255085946481,0.5265155553448565
item_OLMESARTAN MEDOXOMIL,2.7360666552999497e-08,1.3691745994581724e-07,25,6.415911460425083e-07,3.2079557302110964e-06,0.04294255085946481,0.5265155553448565
item_VENLAFAXINE HCL,2.6929207689198233e-08,1.7191761652945282e-07,25,6.415911460425083e-07,4.014232845670014e-06,0.04294255085946481,0.5265155553448565
item_VALSARTAN,2.6721482352898698e-08,2.569995100493883e-07,25,6.415911460441737e-07,5.997123705971138e-06,0.04294255085946481,0.5265155553448565
item_FLUPHENAZINE DECANOATE,2.4683487171938195e-08,6.948917752083126e-08,25,5.703032409262732e-07,1.6039778651053841e-06,0.04294255085946481,0.5265155553448565
item_NITRO-BID,2.45771470456243e-08,1.035001955408597e-07,25,5.703032409265507e-07,2.397701686330298e-06,0.04294255085946481,0.5265155553448565
item_OXYCONTIN,2.453445853607155e-08,1.6288721546833802e-07,25,5.703032409251629e-07,3.7707977586024345e-06,0.04294255085946481,0.5265155553448565
item_LEVOCETIRIZINE DIHYDROCHL,2.406640952133643e-08,2.1435239004914792e-07,25,5.703032409265507e-07,5.0070979004421125e-06,0.04294255085946481,0.5265155553448565
item_ROPINIROLE HYDROCHLORIDE,2.1927791425177984e-08,1.710448194030674e-07,25,4.990153358094829e-07,3.969142576046351e-06,0.04294255085946481,0.5265155553448565
item_JARDIANCE,2.1909496349717216e-08,1.942661163349674e-07,25,4.990153358103155e-07,4.5004166104430245e-06,0.04294255085946481,0.5265155553448565
item_DESMOPRESSIN ACETATE,2.1781430821263217e-08,1.4880132667940513e-07,25,4.990153358108706e-07,3.432755060864858e-06,0.04294255085946481,0.5265155553448565
item_RYTARY,2.155960303085124e-08,1.1217010717424216e-07,25,4.990153358105931e-07,2.598995773724038e-06,0.04294255085946481,0.5265155553448565
item_PENICILLIN V POTASSIUM,2.1494807971798997e-08,1.1410743541288221e-07,25,4.990153358105931e-07,2.6494272457585778e-06,0.04294255085946481,0.5265155553448565
item_FLUCELVAX QUADRIVALENT 20,2.1478037485880264e-08,1.2867906987867174e-07,25,4.990153358094829e-07,2.9786346908836455e-06,0.04294255085946481,0.5265155553448565
item_FLUOCINONIDE,2.135378343152363e-08,8.388503981713832e-08,25,4.990153358108706e-07,1.9604173906853755e-06,0.04294255085946481,0.5265155553448565
item_METHIMAZOLE,2.125201707409613e-08,1.563737097893608e-07,25,4.990153358114257e-07,3.656763801549197e-06,0.04294255085946481,0.5265155553448565
item_THEOPHYLLINE ER,1.876922287017662e-08,1.277025971394592e-07,25,4.2772743069491306e-07,2.9230214428409215e-06,0.04294255085946481,0.5265155553448565
item_VITAMIN C,1.8695280273376862e-08,9.347640136688076e-08,25,4.2772743069491306e-07,2.138637153474565e-06,0.04294255085946481,0.5265155553448565
item_INTELENCE,1.860037456924886e-08,6.437854222452135e-08,25,4.2772743069519057e-07,1.4804045344322112e-06,0.04294255085946481,0.5265155553448565
item_OPTICHAMBER DIAMOND,1.857636228264713e-08,9.288181141323209e-08,25,4.2772743069491306e-07,2.138637153474565e-06,0.04294255085946481,0.5265155553448565
item_BACITRACIN,1.8489460674036942e-08,9.244730337018117e-08,25,4.2772743069491306e-07,2.138637153474565e-06,0.04294255085946481,0.5265155553448565
item_IBANDRONATE SODIUM,1.8465448387459268e-08,9.243674227901215e-08,25,4.2772743069519057e-07,2.13863715347523e-06,0.04294255085946481,0.5265155553448565
item_WELCHOL,1.8458206586729732e-08,6.383825813278377e-08,25,4.2772743069491306e-07,1.4804045344322949e-06,0.04294255085946481,0.5265155553448565
item_TOLTERODINE TARTRATE,1.844029265865104e-08,6.382357306567667e-08,25,4.2772743069519057e-07,1.4804045344322115e-06,0.04294255085946481,0.5265155553448565
item_INVANZ,1.842199758313006e-08,6.376214246076782e-08,25,4.277274306946355e-07,1.4804045344302898e-06,0.04294255085946481,0.5265155553448565
item_TOVIAZ,1.837511645218143e-08,9.187558226090359e-08,25,4.2772743069491306e-07,2.1386371534745648e-06,0.04294255085946481,0.5265155553448565
item_ALLERGY RELIEF,1.833395253230113e-08,6.346633834690203e-08,25,4.277274306946355e-07,1.4804045344313344e-06,0.04294255085946481,0.5265155553448565
item_GAVILYTE-G,1.831070254048831e-08,1.3470508424912467e-07,25,4.277274306938028e-07,3.1412549799408395e-06,0.04294255085946481,0.5265155553448565
item_DIVALPROEX SODIUM,1.8271063210304992e-08,6.324076263178707e-08,25,4.2772743069519057e-07,1.4804045344322115e-06,0.04294255085946481,0.5265155553448565
item_DOXEPIN HYDROCHLORIDE,1.8258485345900657e-08,6.319509887187046e-08,25,4.2772743069519057e-07,1.480404534431167e-06,0.04294255085946481,0.5265155553448565
item_HUMULIN R U-500 (CONCENTR,1.8176157506140826e-08,6.291226068040994e-08,25,4.277274306946355e-07,1.4804045344313344e-06,0.04294255085946481,0.5265155553448565
item_OLANZAPINE ODT,1.8171583737278618e-08,9.085791868632811e-08,25,4.2772743069491306e-07,2.1386371534731197e-06,0.04294255085946481,0.5265155553448565
item_NOVOLIN R,1.8153288661781643e-08,6.283237613960267e-08,25,4.2772743069491306e-07,1.480404534431251e-06,0.04294255085946481,0.5265155553448565
item_CEFADROXIL,1.8140710797389683e-08,1.1279167607944631e-07,25,4.2772743069519057e-07,2.6374116407718243e-06,0.04294255085946481,0.5265155553448565
item_TOUJEO SOLOSTAR,1.808735016049946e-08,2.14542502398846e-07,25,4.277274306946355e-07,4.9688914234915145e-06,0.04294255085946481,0.5265155553448565
item_NALTREXONE HCL,1.8084300981262167e-08,1.0853471376054572e-07,25,4.2772743069491306e-07,2.5350678029185826e-06,0.04294255085946481,0.5265155553448565
item_FLUOROURACIL,1.5709371493292812e-08,9.406300604270726e-08,25,3.564395255784003e-07,2.1827374045705254e-06,0.04294255085946481,0.5265155553448565
item_ACCU-CHEK SOFTCLIX LANCET,1.530383065313614e-08,5.395045200061341e-08,25,3.5643952557895544e-07,1.2602040280993034e-06,0.04294255085946481,0.5265155553448565
item_SODIUM POLYSTYRENE SULFON,1.530192491611725e-08,5.419599100321803e-08,25,3.5643952557923295e-07,1.2602040280988126e-06,0.04294255085946481,0.5265155553448565
item_AZATHIOPRINE,1.520587576975868e-08,5.37982407986162e-08,25,3.5643952557923295e-07,1.2602040280988126e-06,0.04294255085946481,0.5265155553448565
item_CIALIS,1.5077047946468105e-08,6.157864692271751e-08,25,3.5643952557923295e-07,1.4551582697128811e-06,0.04294255085946481,0.5265155553448565
item_AURYXIA,1.504198238509912e-08,7.520991192543103e-08,25,3.5643952557923295e-07,1.7821976278947192e-06,0.04294255085946481,0.5265155553448565
item_NORTRIPTYLINE HYDROCHLORI,1.492001521509556e-08,1.1904458693605428e-07,25,3.564395255786779e-07,2.770538803816281e-06,0.04294255085946481,0.5265155553448565
item_PALIPERIDONE ER,1.2439126748231411e-08,6.219563374121656e-08,25,2.8515162046272026e-07,1.425758102315047e-06,0.04294255085946481,0.5265155553448565
item_DUREZOL,1.2261512056961373e-08,5.737763041290824e-08,25,2.8515162046299783e-07,1.329699389930011e-06,0.04294255085946481,0.5265155553448565
item_MESALAMINE DR,1.219747929274634e-08,5.7014677872336645e-08,25,2.851516204635529e-07,1.3296993899302744e-06,0.04294255085946481,0.5265155553448565
item_ANAGRELIDE HYDROCHLORIDE,9.34764013669484e-09,4.6738200683470636e-08,25,2.1386371534759528e-07,1.0693185767379765e-06,0.04294255085946481,0.5265155553448565
item_FLOVENT DISKUS,9.34764013669484e-09,4.6738200683470636e-08,25,2.1386371534759528e-07,1.0693185767379765e-06,0.04294255085946481,0.5265155553448565
item_MYCOPHENOLIC ACID DR,9.34764013669484e-09,4.6738200683470636e-08,25,2.1386371534759528e-07,1.0693185767379765e-06,0.04294255085946481,0.5265155553448565
item_RESTASIS,9.341160630752905e-09,1.2312588792886072e-07,25,2.1386371534676262e-07,2.879228383529097e-06,0.04294255085946481,0.5265155553448565
item_AGGRENOX,9.329345061173728e-09,4.664672530592815e-08,25,2.1386371534704019e-07,1.0693185767366465e-06,0.04294255085946481,0.5265155553448565
item_TESTOSTERONE CYPIONATE,9.30190244796401e-09,5.113395639832132e-08,25,2.1386371534787285e-07,1.1866456578492053e-06,0.04294255085946481,0.5265155553448565
item_CYCLOPENTOLATE HYDROCHLOR,9.28818114131788e-09,4.6440905706585843e-08,25,2.1386371534731775e-07,1.0693185767365887e-06,0.04294255085946481,0.5265155553448565
item_RISPERDAL CONSTA,9.279033603557402e-09,4.639516801784618e-08,25,2.1386371534704019e-07,1.0693185767366465e-06,0.04294255085946481,0.5265155553448565
item_BD PEN NEEDLE/ORIGINAL/UL,9.279033603557402e-09,4.639516801784618e-08,25,2.1386371534704019e-07,1.0693185767366465e-06,0.04294255085946481,0.5265155553448565
item_OMEGA-3-ACID ETHYL ESTERS,9.273697539847014e-09,5.1526744657063945e-08,25,2.1386371534648506e-07,1.1866456578498999e-06,0.04294255085946481,0.5265155553448565
item_NOXAFIL,9.2675991813839e-09,4.633799590691594e-08,25,2.1386371534731775e-07,1.0693185767365889e-06,0.04294255085946481,0.5265155553448565
item_DIPHENHYDRAMINE HCL,9.2675991813839e-09,4.633799590691594e-08,25,2.1386371534731775e-07,1.0693185767365889e-06,0.04294255085946481,0.5265155553448565
item_ECONAZOLE NITRATE,9.2675991813839e-09,4.633799590691594e-08,25,2.1386371534731775e-07,1.0693185767365889e-06,0.04294255085946481,0.5265155553448565
item_TETRACYCLINE HYDROCHLORID,9.252734432554704e-09,4.626367216276996e-08,25,2.1386371534759528e-07,1.0693185767379765e-06,0.04294255085946481,0.5265155553448565
item_DEXAMETHASONE SODIUM PHOS,9.252734432554704e-09,4.626367216276996e-08,25,2.1386371534759528e-07,1.0693185767379765e-06,0.04294255085946481,0.5265155553448565
item_OYSTER SHELL CALCIUM/VITA,9.244730337012815e-09,4.622365168506051e-08,25,2.1386371534731775e-07,1.0693185767365887e-06,0.04294255085946481,0.5265155553448565
item_ZENPEP,9.244730337012815e-09,4.622365168506051e-08,25,2.1386371534731775e-07,1.0693185767365887e-06,0.04294255085946481,0.5265155553448565
item_AMPICILLIN,9.224148377078835e-09,4.612074188539062e-08,25,2.1386371534731775e-07,1.0693185767365887e-06,0.04294255085946481,0.5265155553448565
item_HUMIRA PEN,9.220718050423171e-09,4.6103590252112305e-08,25,2.1386371534731775e-07,1.0693185767365887e-06,0.04294255085946481,0.5265155553448565
item_DILANTIN,9.219574608228549e-09,4.609787304113919e-08,25,2.1386371534787285e-07,1.0693185767393644e-06,0.04294255085946481,0.5265155553448565
item_HUMULIN R,9.219574608228549e-09,4.609787304113919e-08,25,2.1386371534787285e-07,1.0693185767393644e-06,0.04294255085946481,0.5265155553448565
item_SUBOXONE,9.219574608228549e-09,4.609787304113919e-08,25,2.1386371534787285e-07,1.0693185767393644e-06,0.04294255085946481,0.5265155553448565
item_VOTRIENT,9.219574608228549e-09,4.609787304113919e-08,25,2.1386371534787285e-07,1.0693185767393644e-06,0.04294255085946481,0.5265155553448565
item_ESTRACE,9.210427070456182e-09,4.605213535227735e-08,25,2.1386371534731775e-07,1.0693185767365887e-06,0.04294255085946481,0.5265155553448565
item_BUDESONIDE NASAL SPRAY,9.210427070456182e-09,4.605213535227735e-08,25,2.1386371534731775e-07,1.0693185767365887e-06,0.04294255085946481,0.5265155553448565
item_LIOTHYRONINE SODIUM,9.210427070456182e-09,4.605213535227735e-08,25,2.1386371534731775e-07,1.0693185767365887e-06,0.04294255085946481,0.5265155553448565
item_CALCIUM/VITAMIN D,9.199373795676837e-09,5.1100570227793726e-08,25,2.1386371534731775e-07,1.1866456578493093e-06,0.04294255085946481,0.5265155553448565
item_SIMBRINZA,9.187558226085095e-09,4.5937791130421925e-08,25,2.1386371534731775e-07,1.0693185767365889e-06,0.04294255085946481,0.5265155553448565
item_CAREONE UNIFINE PENTIPS P,9.187558226085095e-09,4.5937791130421925e-08,25,2.1386371534731775e-07,1.0693185767365889e-06,0.04294255085946481,0.5265155553448565
item_SPIRONOLACTONE/HYDROCHLOR,9.172693477255793e-09,4.58634673862754e-08,25,2.1386371534759528e-07,1.0693185767379765e-06,0.04294255085946481,0.5265155553448565
item_GLOBAL EASE INJECT PEN NE,9.172693477255793e-09,4.58634673862754e-08,25,2.1386371534759528e-07,1.0693185767379765e-06,0.04294255085946481,0.5265155553448565
item_ERYTHROMYCIN BASE,9.17155003501343e-09,4.585775017512559e-08,25,2.1386371534704019e-07,1.0693185767366465e-06,0.04294255085946481,0.5265155553448565
item_VANCOMYCIN HCL,9.14296397957334e-09,4.571481989780134e-08,25,2.1386371534759528e-07,1.0693185767365308e-06,0.04294255085946481,0.5265155553448565
item_RILUZOLE,9.085791868645548e-09,4.5428959343162765e-08,25,2.1386371534759528e-07,1.0693185767365308e-06,0.04294255085946481,0.5265155553448565
item_PHARMACIST CHOICE ALCOHOL,9.085791868645548e-09,4.5428959343162765e-08,25,2.1386371534759528e-07,1.0693185767365308e-06,0.04294255085946481,0.5265155553448565
item_TARCEVA,9.085791868645548e-09,4.5428959343162765e-08,25,2.1386371534759528e-07,1.0693185767365308e-06,0.04294255085946481,0.5265155553448565
item_TIMOLOL MALEATE OPHTHALMI,9.072070562022877e-09,4.536035281011083e-08,25,2.1386371534759528e-07,1.0693185767379765e-06,0.04294255085946481,0.5265155553448565
item_PROLIA,9.051488602077125e-09,4.525744301038207e-08,25,2.1386371534731775e-07,1.0693185767365887e-06,0.04294255085946481,0.5265155553448565
item_BETHANECHOL CHLORIDE,9.051488602077125e-09,4.525744301038207e-08,25,2.1386371534731775e-07,1.0693185767365887e-06,0.04294255085946481,0.5265155553448565
item_TOBRAMYCIN SULFATE,9.051488602077125e-09,4.525744301038207e-08,25,2.1386371534731775e-07,1.0693185767365887e-06,0.04294255085946481,0.5265155553448565
item_PYRIDOSTIGMINE BROMIDE,9.040054179938672e-09,6.282329854322092e-08,25,2.1386371534842797e-07,1.483976082528401e-06,0.04294255085946481,0.5265155553448565
item_HUMULIN N,9.025189431062085e-09,4.512594715524587e-08,25,2.1386371534759528e-07,1.0693185767365308e-06,0.04294255085946481,0.5265155553448565
item_EMBEDA,9.00460747112808e-09,4.502303735563684e-08,25,2.1386371534759528e-07,1.0693185767379765e-06,0.04294255085946481,0.5265155553448565
item_ZAFIRLUKAST,9.00460747112808e-09,4.502303735563684e-08,25,2.1386371534759528e-07,1.0693185767379765e-06,0.04294255085946481,0.5265155553448565
item_LUMIGAN,8.977927152659237e-09,1.0435925627638138e-07,25,2.1386371534676262e-07,2.4305935069164604e-06,0.04294255085946481,0.5265155553448565
item_ENTACAPONE,8.59868548355324e-09,1.5530497335008066e-07,25,2.1386371534787285e-07,3.6130732987075487e-06,0.04294255085946481,0.5265155553448565
item_TRAVATAN Z,6.2149896052538895e-09,4.952108434049393e-08,25,1.4257581023163767e-07,1.1411632827063789e-06,0.04294255085946481,0.5265155553448565
item_OLMESARTAN MEDOXOMIL/HYDR,6.203174035674033e-09,4.904406658718723e-08,25,1.4257581023191523e-07,1.141163282708149e-06,0.04294255085946481,0.5265155553448565
item_ARNUITY ELLIPTA,6.178399454260171e-09,3.08919972712973e-08,25,1.4257581023163767e-07,7.128790511581884e-07,0.04294255085946481,0.5265155553448565
item_DILT-XR,6.170014211324088e-09,4.93172540069346e-08,25,1.4257581023163767e-07,1.1411632827063787e-06,0.04294255085946481,0.5265155553448565
item_BENAZEPRIL HYDROCHLORIDE,6.1555306099009656e-09,8.272831656023255e-08,25,1.4257581023191523e-07,1.9194855890196983e-06,0.04294255085946481,0.5265155553448565
item_ISENTRESS,6.139903566223527e-09,4.914692703445765e-08,25,1.4257581023136013e-07,1.1411632827068663e-06,0.04294255085946481,0.5265155553448565
item_PIOGLITAZONE HCL,6.136473239579838e-09,4.921994516162619e-08,25,1.4257581023163767e-07,1.1411632827063787e-06,0.04294255085946481,0.5265155553448565
item_QUINAPRIL HCL,6.123895375199658e-09,6.238349234603187e-08,25,1.425758102321928e-07,1.4478641973676902e-06,0.04294255085946481,0.5265155553448565
item_TIVICAY,6.1021699729756754e-09,8.55955407026659e-08,25,1.4257581023052745e-07,1.987236932325255e-06,0.04294255085946481,0.5265155553448565
item_NIACIN ER,6.023272459954717e-09,4.854107114181895e-08,25,1.4257581023191523e-07,1.1411632827063427e-06,0.04294255085946481,0.5265155553448565
item_SPS,5.75151435930911e-09,8.506263610802529e-08,25,1.4257581023108257e-07,1.9872369323246943e-06,0.04294255085946481,0.5265155553448565
item_VENLAFAXINE HYDROCHLORIDE,5.7339815786125e-09,3.230942566123044e-07,25,1.42575810230805e-07,7.542297420090983e-06,0.04294255085946481,0.5265155553448565
item_KEPPRA,3.2355603311115975e-09,5.2062977661659195e-08,25,7.128790511595762e-08,1.2043577662372757e-06,0.04294255085946481,0.5265155553448565
item_CICLOPIROX NAIL LACQUER,3.0960603804357304e-09,1.5480301902175097e-08,25,7.128790511568007e-08,3.564395255784003e-07,0.04294255085946481,0.5265155553448565
item_INDAPAMIDE,3.0891997271364404e-09,1.5445998635678643e-08,25,7.128790511595762e-08,3.564395255797881e-07,0.04294255085946481,0.5265155553448565
item_ULORIC,3.074716125689409e-09,1.5373580628443493e-08,25,7.128790511568007e-08,3.5643952557840037e-07,0.04294255085946481,0.5265155553448565
item_CALCIUM + D3,3.070523504221383e-09,1.5352617521103357e-08,25,7.128790511568007e-08,3.564395255784003e-07,0.04294255085946481,0.5265155553448565
item_FOSINOPRIL SODIUM,3.0575644924111164e-09,1.5287822462052026e-08,25,7.128790511568007e-08,3.564395255784003e-07,0.04294255085946481,0.5265155553448565
item_FAMCICLOVIR,3.0571833450049324e-09,1.5285916725083098e-08,25,7.128790511568007e-08,3.564395255798459e-07,0.04294255085946481,0.5265155553448565
item_METHYLPHENIDATE HYDROCHLO,3.057183344981126e-09,1.5285916724964066e-08,25,7.128790511512496e-08,3.5643952557707037e-07,0.04294255085946481,0.5265155553448565
item_VALGANCICLOVIR,3.0495603968812463e-09,1.5247801984402674e-08,25,7.128790511568007e-08,3.5643952557840026e-07,0.04294255085946481,0.5265155553448565
item_FELODIPINE ER,3.0495603968812463e-09,1.5247801984402674e-08,25,7.128790511568007e-08,3.5643952557840026e-07,0.04294255085946481,0.5265155553448565
item_NOVOFINE AUTOCOVER PEN NE,3.0495603968812463e-09,1.5247801984402674e-08,25,7.128790511568007e-08,3.5643952557840026e-07,0.04294255085946481,0.5265155553448565
item_PREMPRO,3.047654659874056e-09,1.5238273299304927e-08,25,7.128790511623518e-08,3.564395255797303e-07,0.04294255085946481,0.5265155553448565
item_MINOCYCLINE HYDROCHLORIDE,3.047654659874056e-09,1.5238273299304927e-08,25,7.128790511623518e-08,3.564395255797303e-07,0.04294255085946481,0.5265155553448565
item_BUPROPION HCL,3.0362202376647028e-09,6.470237691673462e-08,25,7.128790511568007e-08,1.4981771341580783e-06,0.04294255085946481,0.5265155553448565
item_MODAFINIL,3.028597289564693e-09,1.514298644775849e-08,25,7.128790511623518e-08,3.5643952557973027e-07,0.04294255085946481,0.5265155553448565
item_NOVOLIN 70/30,3.0186874569683614e-09,7.80737735980496e-08,25,7.12879051154025e-08,1.8174920963408796e-06,0.04294255085946481,0.5265155553448565
item_PIROXICAM,3.001535823702024e-09,1.5007679118506568e-08,25,7.128790511568007e-08,3.5643952557840026e-07,0.04294255085946481,0.5265155553448565
item_VICTOZA,2.905486677342959e-09,1.1982094292921807e-07,25,7.128790511568007e-08,2.793373301018391e-06,0.04294255085946481,0.5265155553448565
item_ATOVAQUONE/PROGUANIL HCL,2.89024078113155e-09,9.939084375139695e-08,25,7.128790511651273e-08,2.3282532315414096e-06,0.04294255085946481,0.5265155553448565
item_SELEGILINE HCL,2.618482680735587e-10,6.652209208237912e-08,25,5.551115123125783e-19,1.543428420321844e-06,0.04294255085946481,0.5265155553448565
item_ANASTROZOLE,1.1586881144507853e-10,8.506443660026461e-08,25,-8.326672684688674e-19,1.99255752265554e-06,0.04294255085946481,0.5265155553448565
item_TRIAMCINOLONE ACETONIDE D,7.318030199995465e-11,6.530747925620147e-08,25,2.7755575615628914e-19,1.5434284203208424e-06,0.04294255085946481,0.5265155553448565
item_BESIVANCE,4.9549162780556965e-11,3.884551697952293e-08,25,-5.551115123125783e-19,8.910988139465791e-07,0.04294255085946481,0.5265155553448565
item_FENOFIBRATE MICRONIZED,1.3340159240684517e-11,8.22987097812803e-08,25,5.551115123125783e-19,1.9249934499505514e-06,0.04294255085946481,0.5265155553448565
item_PIOGLITAZONE HCL/METFORMI,6.826297101178553e-22,1.4880777616069915e-19,25,0.0,3.469446951953614e-18,0.04294255085946481,0.5265155553448565
item_PHENYTOIN INFATABS,6.826297101178553e-22,1.4880777616069915e-19,25,0.0,3.469446951953614e-18,0.04294255085946481,0.5265155553448565
item_BEPREVE,6.826297101178553e-22,1.4880777616069915e-19,25,0.0,3.469446951953614e-18,0.04294255085946481,0.5265155553448565
item_PIPERACILLIN SODIUM/TAZOB,6.826297101178553e-22,1.4880777616069915e-19,25,0.0,3.469446951953614e-18,0.04294255085946481,0.5265155553448565
item_POTASSIUM CHLORIDE SR,6.826297101178553e-22,1.4880777616069915e-19,25,0.0,3.469446951953614e-18,0.04294255085946481,0.5265155553448565
item_BIDIL,6.826297101178553e-22,1.4880777616069915e-19,25,0.0,3.469446951953614e-18,0.04294255085946481,0.5265155553448565
item_BELSOMRA,6.826297101178553e-22,1.4880777616069915e-19,25,0.0,3.469446951953614e-18,0.04294255085946481,0.5265155553448565
item_BD PEN NEEDLE/MICRO/ULTRA,6.826297101178553e-22,1.4880777616069915e-19,25,0.0,3.469446951953614e-18,0.04294255085946481,0.5265155553448565
item_PNEUMOVAX 23,6.826297101178553e-22,1.4880777616069915e-19,25,0.0,3.469446951953614e-18,0.04294255085946481,0.5265155553448565
item_BICALUTAMIDE,6.826297101178553e-22,1.4880777616069915e-19,25,0.0,3.469446951953614e-18,0.04294255085946481,0.5265155553448565
item_PLAVIX,6.826297101178553e-22,1.4880777616069915e-19,25,0.0,3.469446951953614e-18,0.04294255085946481,0.5265155553448565
item_BENICAR HCT,6.826297101178553e-22,1.4880777616069915e-19,25,0.0,3.469446951953614e-18,0.04294255085946481,0.5265155553448565
item_PARICALCITOL,6.826297101178553e-22,1.4880777616069915e-19,25,0.0,3.469446951953614e-18,0.04294255085946481,0.5265155553448565
item_PAROXETINE HCL ER,6.826297101178553e-22,1.4880777616069915e-19,25,0.0,3.469446951953614e-18,0.04294255085946481,0.5265155553448565
item_BENICAR,6.826297101178553e-22,1.4880777616069915e-19,25,0.0,3.469446951953614e-18,0.04294255085946481,0.5265155553448565
item_BENAZEPRIL HCL/HYDROCHLOR,6.826297101178553e-22,1.4880777616069915e-19,25,0.0,3.469446951953614e-18,0.04294255085946481,0.5265155553448565
item_BD INSULIN SYRINGE/DETACH,6.826297101178553e-22,1.4880777616069915e-19,25,0.0,3.469446951953614e-18,0.04294255085946481,0.5265155553448565
item_PAIN & FEVER EXTRA STRENG,6.826297101178553e-22,1.4880777616069915e-19,25,0.0,3.469446951953614e-18,0.04294255085946481,0.5265155553448565
item_PROCTOSOL HC,6.826297101178553e-22,1.4880777616069915e-19,25,0.0,3.469446951953614e-18,0.04294255085946481,0.5265155553448565
item_PREVIDENT 5000 DRY MOUTH,6.826297101178553e-22,1.4880777616069915e-19,25,0.0,3.469446951953614e-18,0.04294255085946481,0.5265155553448565
item_PREVIDENT 5000 ENAMEL PRO,6.826297101178553e-22,1.4880777616069915e-19,25,0.0,3.469446951953614e-18,0.04294255085946481,0.5265155553448565
item_PREVIDENT 5000 PLUS,6.826297101178553e-22,1.4880777616069915e-19,25,0.0,3.469446951953614e-18,0.04294255085946481,0.5265155553448565
item_PREVIDENT 5000 SENSITIVE,6.826297101178553e-22,1.4880777616069915e-19,25,0.0,3.469446951953614e-18,0.04294255085946481,0.5265155553448565
item_PREVIDENT FLUORIDE,6.826297101178553e-22,1.4880777616069915e-19,25,0.0,3.469446951953614e-18,0.04294255085946481,0.5265155553448565
item_PREZCOBIX,6.826297101178553e-22,1.4880777616069915e-19,25,0.0,3.469446951953614e-18,0.04294255085946481,0.5265155553448565
item_PRILOSEC OTC,6.826297101178553e-22,1.4880777616069915e-19,25,0.0,3.469446951953614e-18,0.04294255085946481,0.5265155553448565
item_PREDNISOLONE SODIUM PHOSP,6.826297101178553e-22,1.4880777616069915e-19,25,0.0,3.469446951953614e-18,0.04294255085946481,0.5265155553448565
item_PRENATE DHA,6.826297101178553e-22,1.4880777616069915e-19,25,0.0,3.469446951953614e-18,0.04294255085946481,0.5265155553448565
item_PREPOPIK,6.826297101178553e-22,1.4880777616069915e-19,25,0.0,3.469446951953614e-18,0.04294255085946481,0.5265155553448565
item_BETIMOL,6.826297101178553e-22,1.4880777616069915e-19,25,0.0,3.469446951953614e-18,0.04294255085946481,0.5265155553448565
item_PREVALITE,6.826297101178553e-22,1.4880777616069915e-19,25,0.0,3.469446951953614e-18,0.04294255085946481,0.5265155553448565
item_PREVIDENT 5000 BOOSTER PL,6.826297101178553e-22,1.4880777616069915e-19,25,0.0,3.469446951953614e-18,0.04294255085946481,0.5265155553448565
item_PRALUENT,6.826297101178553e-22,1.4880777616069915e-19,25,0.0,3.469446951953614e-18,0.04294255085946481,0.5265155553448565
item_PRAZOSIN HCL,6.826297101178553e-22,1.4880777616069915e-19,25,0.0,3.469446951953614e-18,0.04294255085946481,0.5265155553448565
item_PRAZOSIN HYDROCHLORIDE,6.826297101178553e-22,1.4880777616069915e-19,25,0.0,3.469446951953614e-18,0.04294255085946481,0.5265155553448565
item_PRECISION XTRA BLOOD GLUC,6.826297101178553e-22,1.4880777616069915e-19,25,0.0,3.469446951953614e-18,0.04294255085946481,0.5265155553448565
item_PRED FORTE,6.826297101178553e-22,1.4880777616069915e-19,25,0.0,3.469446951953614e-18,0.04294255085946481,0.5265155553448565
item_PREDNISOLONE,6.826297101178553e-22,1.4880777616069915e-19,25,0.0,3.469446951953614e-18,0.04294255085946481,0.5265155553448565
item_BANZEL,6.826297101178553e-22,1.4880777616069915e-19,25,0.0,3.469446951953614e-18,0.04294255085946481,0.5265155553448565
item_BAYER MICROLET LANCETS,6.826297101178553e-22,1.4880777616069915e-19,25,0.0,3.469446951953614e-18,0.04294255085946481,0.5265155553448565
item_BD 3ML LUER-LOK SYRINGE/2,6.826297101178553e-22,1.4880777616069915e-19,25,0.0,3.469446951953614e-18,0.04294255085946481,0.5265155553448565
item_BD INSULIN SYRINGE MICROF,6.826297101178553e-22,1.4880777616069915e-19,25,0.0,3.469446951953614e-18,0.04294255085946481,0.5265155553448565
item_PREVACID,6.826297101178553e-22,1.4880777616069915e-19,25,0.0,3.469446951953614e-18,0.04294255085946481,0.5265155553448565
item_PHILLIPS STOOL SOFTENER,6.826297101178553e-22,1.4880777616069915e-19,25,0.0,3.469446951953614e-18,0.04294255085946481,0.5265155553448565
item_PHOSPHA 250 NEUTRAL,6.826297101178553e-22,1.4880777616069915e-19,25,0.0,3.469446951953614e-18,0.04294255085946481,0.5265155553448565
item_PICATO,6.826297101178553e-22,1.4880777616069915e-19,25,0.0,3.469446951953614e-18,0.04294255085946481,0.5265155553448565
item_PILOCARPINE HCL,6.826297101178553e-22,1.4880777616069915e-19,25,0.0,3.469446951953614e-18,0.04294255085946481,0.5265155553448565
item_PILOCARPINE HYDROCHLORIDE,6.826297101178553e-22,1.4880777616069915e-19,25,0.0,3.469446951953614e-18,0.04294255085946481,0.5265155553448565
item_PINDOLOL,6.826297101178553e-22,1.4880777616069915e-19,25,0.0,3.469446951953614e-18,0.04294255085946481,0.5265155553448565
item_PERFOROMIST,6.826297101178553e-22,1.4880777616069915e-19,25,0.0,3.469446951953614e-18,0.04294255085946481,0.5265155553448565
item_PERINDOPRIL ERBUMINE,6.826297101178553e-22,1.4880777616069915e-19,25,0.0,3.469446951953614e-18,0.04294255085946481,0.5265155553448565
item_PERPHENAZINE/AMITRIPTYLIN,6.826297101178553e-22,1.4880777616069915e-19,25,0.0,3.469446951953614e-18,0.04294255085946481,0.5265155553448565
item_PHARMACIST CHOICE ULTRA T,6.826297101178553e-22,1.4880777616069915e-19,25,0.0,3.469446951953614e-18,0.04294255085946481,0.5265155553448565
item_PHENADOZ,6.826297101178553e-22,1.4880777616069915e-19,25,0.0,3.469446951953614e-18,0.04294255085946481,0.5265155553448565
item_PHENTERMINE HCL,6.826297101178553e-22,1.4880777616069915e-19,25,0.0,3.469446951953614e-18,0.04294255085946481,0.5265155553448565
item_PROCTOFOAM HC,6.826297101178553e-22,1.4880777616069915e-19,25,0.0,3.469446951953614e-18,0.04294255085946481,0.5265155553448565
"item_PEN NEEDLES 31GX6MM (1/4""",6.826297101178553e-22,1.4880777616069915e-19,25,0.0,3.469446951953614e-18,0.04294255085946481,0.5265155553448565
item_PEN NEEDLES 31GX8MM (5/16,6.826297101178553e-22,1.4880777616069915e-19,25,0.0,3.469446951953614e-18,0.04294255085946481,0.5265155553448565
item_PEN NEEDLES 32GX4MM,6.826297101178553e-22,1.4880777616069915e-19,25,0.0,3.469446951953614e-18,0.04294255085946481,0.5265155553448565
item_PENNSAID,6.826297101178553e-22,1.4880777616069915e-19,25,0.0,3.469446951953614e-18,0.04294255085946481,0.5265155553448565
item_PENTASA,6.826297101178553e-22,1.4880777616069915e-19,25,0.0,3.469446951953614e-18,0.04294255085946481,0.5265155553448565
item_PENTOXIFYLLINE ER,6.826297101178553e-22,1.4880777616069915e-19,25,0.0,3.469446951953614e-18,0.04294255085946481,0.5265155553448565
item_PERCOCET,6.826297101178553e-22,1.4880777616069915e-19,25,0.0,3.469446951953614e-18,0.04294255085946481,0.5265155553448565
item_PRISTIQ,6.826297101178553e-22,1.4880777616069915e-19,25,0.0,3.469446951953614e-18,0.04294255085946481,0.5265155553448565
item_PROAIR RESPICLICK,6.826297101178553e-22,1.4880777616069915e-19,25,0.0,3.469446951953614e-18,0.04294255085946481,0.5265155553448565
item_PROBENECID,6.826297101178553e-22,1.4880777616069915e-19,25,0.0,3.469446951953614e-18,0.04294255085946481,0.5265155553448565
item_PROBENECID/COLCHICINE,6.826297101178553e-22,1.4880777616069915e-19,25,0.0,3.469446951953614e-18,0.04294255085946481,0.5265155553448565
item_PROCTO-MED HC,6.826297101178553e-22,1.4880777616069915e-19,25,0.0,3.469446951953614e-18,0.04294255085946481,0.5265155553448565
item_PHENTERMINE HYDROCHLORIDE,6.826297101178553e-22,1.4880777616069915e-19,25,0.0,3.469446951953614e-18,0.04294255085946481,0.5265155553448565
item_BYETTA,6.826297101178553e-22,1.4880777616069915e-19,25,0.0,3.469446951953614e-18,0.04294255085946481,0.5265155553448565
item_NUVIGIL,6.826297101178553e-22,1.4880777616069915e-19,25,0.0,3.469446951953614e-18,0.04294255085946481,0.5265155553448565
item_NYAMYC,6.826297101178553e-22,1.4880777616069915e-19,25,0.0,3.469446951953614e-18,0.04294255085946481,0.5265155553448565
item_ODEFSEY,6.826297101178553e-22,1.4880777616069915e-19,25,0.0,3.469446951953614e-18,0.04294255085946481,0.5265155553448565
item_OFEV,6.826297101178553e-22,1.4880777616069915e-19,25,0.0,3.469446951953614e-18,0.04294255085946481,0.5265155553448565
item_BUPROPION HYDROCHLORIDE,6.826297101178553e-22,1.4880777616069915e-19,25,0.0,3.469446951953614e-18,0.04294255085946481,0.5265155553448565
item_BUTALBITAL/ACETAMINOPHEN,6.826297101178553e-22,1.4880777616069915e-19,25,0.0,3.469446951953614e-18,0.04294255085946481,0.5265155553448565
item_BUTALBITAL/ASPIRIN/CAFFEI,6.826297101178553e-22,1.4880777616069915e-19,25,0.0,3.469446951953614e-18,0.04294255085946481,0.5265155553448565
item_BUTORPHANOL TARTRATE,6.826297101178553e-22,1.4880777616069915e-19,25,0.0,3.469446951953614e-18,0.04294255085946481,0.5265155553448565
item_BUTRANS,6.826297101178553e-22,1.4880777616069915e-19,25,0.0,3.469446951953614e-18,0.04294255085946481,0.5265155553448565
item_BYDUREON,6.826297101178553e-22,1.4880777616069915e-19,25,0.0,3.469446951953614e-18,0.04294255085946481,0.5265155553448565
item_BD AUTOSHIELD DUO 30G X 5,6.826297101178553e-22,1.4880777616069915e-19,25,0.0,3.469446951953614e-18,0.04294255085946481,0.5265155553448565
item_BROMOCRIPTINE MESYLATE,6.826297101178553e-22,1.4880777616069915e-19,25,0.0,3.469446951953614e-18,0.04294255085946481,0.5265155553448565
item_BROMSITE,6.826297101178553e-22,1.4880777616069915e-19,25,0.0,3.469446951953614e-18,0.04294255085946481,0.5265155553448565
item_BROVANA,6.826297101178553e-22,1.4880777616069915e-19,25,0.0,3.469446951953614e-18,0.04294255085946481,0.5265155553448565
item_BUPRENORPHINE,6.826297101178553e-22,1.4880777616069915e-19,25,0.0,3.469446951953614e-18,0.04294255085946481,0.5265155553448565
item_BUPRENORPHINE HCL/NALOXON,6.826297101178553e-22,1.4880777616069915e-19,25,0.0,3.469446951953614e-18,0.04294255085946481,0.5265155553448565
item_BUPROPION HCL XL,6.826297101178553e-22,1.4880777616069915e-19,25,0.0,3.469446951953614e-18,0.04294255085946481,0.5265155553448565
item_NUCYNTA ER,6.826297101178553e-22,1.4880777616069915e-19,25,0.0,3.469446951953614e-18,0.04294255085946481,0.5265155553448565
item_NULYTELY/FLAVOR PACKS,6.826297101178553e-22,1.4880777616069915e-19,25,0.0,3.469446951953614e-18,0.04294255085946481,0.5265155553448565
item_BOTOX,6.826297101178553e-22,1.4880777616069915e-19,25,0.0,3.469446951953614e-18,0.04294255085946481,0.5265155553448565
item_BREEZE 2 TEST DISC,6.826297101178553e-22,1.4880777616069915e-19,25,0.0,3.469446951953614e-18,0.04294255085946481,0.5265155553448565
item_BRINTELLIX,6.826297101178553e-22,1.4880777616069915e-19,25,0.0,3.469446951953614e-18,0.04294255085946481,0.5265155553448565
item_BROMFENAC,6.826297101178553e-22,1.4880777616069915e-19,25,0.0,3.469446951953614e-18,0.04294255085946481,0.5265155553448565
item_BYDUREON BCISE,6.826297101178553e-22,1.4880777616069915e-19,25,0.0,3.469446951953614e-18,0.04294255085946481,0.5265155553448565
item_MUCINEX DM,6.826297101178553e-22,1.4880777616069915e-19,25,0.0,3.469446951953614e-18,0.04294255085946481,0.5265155553448565
item_MULTI-VITAMINS,6.826297101178553e-22,1.4880777616069915e-19,25,0.0,3.469446951953614e-18,0.04294255085946481,0.5265155553448565
item_MULTIVITAMINS,6.826297101178553e-22,1.4880777616069915e-19,25,0.0,3.469446951953614e-18,0.04294255085946481,0.5265155553448565
item_NOVOLIN R RELION,6.826297101178553e-22,1.4880777616069915e-19,25,0.0,3.469446951953614e-18,0.04294255085946481,0.5265155553448565
item_NOVOLOG MIX 70/30,6.826297101178553e-22,1.4880777616069915e-19,25,0.0,3.469446951953614e-18,0.04294255085946481,0.5265155553448565
item_NOVOTWIST PEN NEEDLE 32G,6.826297101178553e-22,1.4880777616069915e-19,25,0.0,3.469446951953614e-18,0.04294255085946481,0.5265155553448565
item_NP THYROID 30,6.826297101178553e-22,1.4880777616069915e-19,25,0.0,3.469446951953614e-18,0.04294255085946481,0.5265155553448565
item_NP THYROID 60,6.826297101178553e-22,1.4880777616069915e-19,25,0.0,3.469446951953614e-18,0.04294255085946481,0.5265155553448565
item_NP THYROID 90,6.826297101178553e-22,1.4880777616069915e-19,25,0.0,3.469446951953614e-18,0.04294255085946481,0.5265155553448565
item_NOVOFINE 30GX8MM,6.826297101178553e-22,1.4880777616069915e-19,25,0.0,3.469446951953614e-18,0.04294255085946481,0.5265155553448565
item_NOVOFINE PLUS PEN NEEDLE,6.826297101178553e-22,1.4880777616069915e-19,25,0.0,3.469446951953614e-18,0.04294255085946481,0.5265155553448565
item_NITROGLYCERIN LINGUAL,6.826297101178553e-22,1.4880777616069915e-19,25,0.0,3.469446951953614e-18,0.04294255085946481,0.5265155553448565
item_BYDUREON PEN,6.826297101178553e-22,1.4880777616069915e-19,25,0.0,3.469446951953614e-18,0.04294255085946481,0.5265155553448565
item_NORETHINDRONE ACETATE,6.826297101178553e-22,1.4880777616069915e-19,25,0.0,3.469446951953614e-18,0.04294255085946481,0.5265155553448565
item_NORETHINDRONE ACETATE/ETH,6.826297101178553e-22,1.4880777616069915e-19,25,0.0,3.469446951953614e-18,0.04294255085946481,0.5265155553448565
item_NORMAL SALINE FLUSH,6.826297101178553e-22,1.4880777616069915e-19,25,0.0,3.469446951953614e-18,0.04294255085946481,0.5265155553448565
item_NORVASC,6.826297101178553e-22,1.4880777616069915e-19,25,0.0,3.469446951953614e-18,0.04294255085946481,0.5265155553448565
item_NORVIR,6.826297101178553e-22,1.4880777616069915e-19,25,0.0,3.469446951953614e-18,0.04294255085946481,0.5265155553448565
item_NIACOR,6.826297101178553e-22,1.4880777616069915e-19,25,0.0,3.469446951953614e-18,0.04294255085946481,0.5265155553448565
item_NIASPAN,6.826297101178553e-22,1.4880777616069915e-19,25,0.0,3.469446951953614e-18,0.04294255085946481,0.5265155553448565
item_NICOTROL INHALER,6.826297101178553e-22,1.4880777616069915e-19,25,0.0,3.469446951953614e-18,0.04294255085946481,0.5265155553448565
item_NIFEDICAL XL,6.826297101178553e-22,1.4880777616069915e-19,25,0.0,3.469446951953614e-18,0.04294255085946481,0.5265155553448565
item_NIFEDIPINE,6.826297101178553e-22,1.4880777616069915e-19,25,0.0,3.469446951953614e-18,0.04294255085946481,0.5265155553448565
item_NINLARO,6.826297101178553e-22,1.4880777616069915e-19,25,0.0,3.469446951953614e-18,0.04294255085946481,0.5265155553448565
item_NISOLDIPINE ER,6.826297101178553e-22,1.4880777616069915e-19,25,0.0,3.469446951953614e-18,0.04294255085946481,0.5265155553448565
item_NIZATIDINE,6.826297101178553e-22,1.4880777616069915e-19,25,0.0,3.469446951953614e-18,0.04294255085946481,0.5265155553448565
item_TOBRAMYCIN,6.826297101178553e-22,1.4880777616069915e-19,25,0.0,3.469446951953614e-18,0.04294255085946481,0.5265155553448565
item_ANDRODERM,6.826297101178553e-22,1.4880777616069915e-19,25,0.0,3.469446951953614e-18,0.04294255085946481,0.5265155553448565
item_ANDROGEL,6.826297101178553e-22,1.4880777616069915e-19,25,0.0,3.469446951953614e-18,0.04294255085946481,0.5265155553448565
item_ANDROGEL PUMP,6.826297101178553e-22,1.4880777616069915e-19,25,0.0,3.469446951953614e-18,0.04294255085946481,0.5265155553448565
item_ANTI-DIARRHEAL,6.826297101178553e-22,1.4880777616069915e-19,25,0.0,3.469446951953614e-18,0.04294255085946481,0.5265155553448565
item_ANUCORT-HC,6.826297101178553e-22,1.4880777616069915e-19,25,0.0,3.469446951953614e-18,0.04294255085946481,0.5265155553448565
item_ANUSOL-HC,6.826297101178553e-22,1.4880777616069915e-19,25,0.0,3.469446951953614e-18,0.04294255085946481,0.5265155553448565
item_APIDRA,6.826297101178553e-22,1.4880777616069915e-19,25,0.0,3.469446951953614e-18,0.04294255085946481,0.5265155553448565
item_AMLODIPINE/OLMESARTAN MED,6.826297101178553e-22,1.4880777616069915e-19,25,0.0,3.469446951953614e-18,0.04294255085946481,0.5265155553448565
item_AMLODIPINE/VALSARTAN/HCTZ,6.826297101178553e-22,1.4880777616069915e-19,25,0.0,3.469446951953614e-18,0.04294255085946481,0.5265155553448565
item_AMLODIPINE/VALSARTAN/HYDR,6.826297101178553e-22,1.4880777616069915e-19,25,0.0,3.469446951953614e-18,0.04294255085946481,0.5265155553448565
item_AMPYRA,6.826297101178553e-22,1.4880777616069915e-19,25,0.0,3.469446951953614e-18,0.04294255085946481,0.5265155553448565
item_OXAPROZIN,6.826297101178553e-22,1.4880777616069915e-19,25,0.0,3.469446951953614e-18,0.04294255085946481,0.5265155553448565
item_TOBRADEX,6.826297101178553e-22,1.4880777616069915e-19,25,0.0,3.469446951953614e-18,0.04294255085946481,0.5265155553448565
item_AMLODIPINE BESYLATE/ATORV,6.826297101178553e-22,1.4880777616069915e-19,25,0.0,3.469446951953614e-18,0.04294255085946481,0.5265155553448565
item_AMLODIPINE BESYLATE/VALSA,6.826297101178553e-22,1.4880777616069915e-19,25,0.0,3.469446951953614e-18,0.04294255085946481,0.5265155553448565
item_BIMATOPROST,6.826297101178553e-22,1.4880777616069915e-19,25,0.0,3.469446951953614e-18,0.04294255085946481,0.5265155553448565
item_BISACODYL EC,6.826297101178553e-22,1.4880777616069915e-19,25,0.0,3.469446951953614e-18,0.04294255085946481,0.5265155553448565
item_PATADAY,6.826297101178553e-22,1.4880777616069915e-19,25,0.0,3.469446951953614e-18,0.04294255085946481,0.5265155553448565
item_PATANOL,6.826297101178553e-22,1.4880777616069915e-19,25,0.0,3.469446951953614e-18,0.04294255085946481,0.5265155553448565
item_PAZEO,6.826297101178553e-22,1.4880777616069915e-19,25,0.0,3.469446951953614e-18,0.04294255085946481,0.5265155553448565
item_PEG 3350/ELECTROLYTES,6.826297101178553e-22,1.4880777616069915e-19,25,0.0,3.469446951953614e-18,0.04294255085946481,0.5265155553448565
item_PEG-3350/ELECTROLYTES,6.826297101178553e-22,1.4880777616069915e-19,25,0.0,3.469446951953614e-18,0.04294255085946481,0.5265155553448565
item_BETASERON,6.826297101178553e-22,1.4880777616069915e-19,25,0.0,3.469446951953614e-18,0.04294255085946481,0.5265155553448565
item_BETAXOLOL HCL,6.826297101178553e-22,1.4880777616069915e-19,25,0.0,3.469446951953614e-18,0.04294255085946481,0.5265155553448565
item_TIROSINT,6.826297101178553e-22,1.4880777616069915e-19,25,0.0,3.469446951953614e-18,0.04294255085946481,0.5265155553448565
item_OXAZEPAM,6.826297101178553e-22,1.4880777616069915e-19,25,0.0,3.469446951953614e-18,0.04294255085946481,0.5265155553448565
item_OXYCODONE HCL,6.826297101178553e-22,1.4880777616069915e-19,25,0.0,3.469446951953614e-18,0.04294255085946481,0.5265155553448565
item_OXYCODONE HCL ER,6.826297101178553e-22,1.4880777616069915e-19,25,0.0,3.469446951953614e-18,0.04294255085946481,0.5265155553448565
item_OXYMORPHONE HYDROCHLORIDE,6.826297101178553e-22,1.4880777616069915e-19,25,0.0,3.469446951953614e-18,0.04294255085946481,0.5265155553448565
item_OYSTER SHELL CALCIUM,6.826297101178553e-22,1.4880777616069915e-19,25,0.0,3.469446951953614e-18,0.04294255085946481,0.5265155553448565
item_PACERONE,6.826297101178553e-22,1.4880777616069915e-19,25,0.0,3.469446951953614e-18,0.04294255085946481,0.5265155553448565
item_ONGLYZA,6.826297101178553e-22,1.4880777616069915e-19,25,0.0,3.469446951953614e-18,0.04294255085946481,0.5265155553448565
item_OPANA ER (CRUSH RESISTANT,6.826297101178553e-22,1.4880777616069915e-19,25,0.0,3.469446951953614e-18,0.04294255085946481,0.5265155553448565
item_OPSUMIT,6.826297101178553e-22,1.4880777616069915e-19,25,0.0,3.469446951953614e-18,0.04294255085946481,0.5265155553448565
item_ORACEA,6.826297101178553e-22,1.4880777616069915e-19,25,0.0,3.469446951953614e-18,0.04294255085946481,0.5265155553448565
item_ORENCIA,6.826297101178553e-22,1.4880777616069915e-19,25,0.0,3.469446951953614e-18,0.04294255085946481,0.5265155553448565
item_OSPHENA,6.826297101178553e-22,1.4880777616069915e-19,25,0.0,3.469446951953614e-18,0.04294255085946481,0.5265155553448565
item_AQUALANCE LANCETS UL,6.826297101178553e-22,1.4880777616069915e-19,25,0.0,3.469446951953614e-18,0.04294255085946481,0.5265155553448565
item_ONETOUCH ULTRA 2,6.826297101178553e-22,1.4880777616069915e-19,25,0.0,3.469446951953614e-18,0.04294255085946481,0.5265155553448565
item_ONETOUCH ULTRA CONTROL,6.826297101178553e-22,1.4880777616069915e-19,25,0.0,3.469446951953614e-18,0.04294255085946481,0.5265155553448565
item_ONETOUCH ULTRA MINI,6.826297101178553e-22,1.4880777616069915e-19,25,0.0,3.469446951953614e-18,0.04294255085946481,0.5265155553448565
item_ONETOUCH ULTRASOFT LANCET,6.826297101178553e-22,1.4880777616069915e-19,25,0.0,3.469446951953614e-18,0.04294255085946481,0.5265155553448565
item_ONETOUCH VERIO,6.826297101178553e-22,1.4880777616069915e-19,25,0.0,3.469446951953614e-18,0.04294255085946481,0.5265155553448565
item_ONETOUCH VERIO IQ BLOOD G,6.826297101178553e-22,1.4880777616069915e-19,25,0.0,3.469446951953614e-18,0.04294255085946481,0.5265155553448565
item_ONETOUCH VERIO MID CONTRO,6.826297101178553e-22,1.4880777616069915e-19,25,0.0,3.469446951953614e-18,0.04294255085946481,0.5265155553448565
item_OLMESARTAN MEDOXOMIL/AMLO,6.826297101178553e-22,1.4880777616069915e-19,25,0.0,3.469446951953614e-18,0.04294255085946481,0.5265155553448565
item_OLOPATADINE HYDROCHLORIDE,6.826297101178553e-22,1.4880777616069915e-19,25,0.0,3.469446951953614e-18,0.04294255085946481,0.5265155553448565
item_OMEPRAZOLE/SODIUM BICARBO,6.826297101178553e-22,1.4880777616069915e-19,25,0.0,3.469446951953614e-18,0.04294255085946481,0.5265155553448565
item_APIDRA SOLOSTAR,6.826297101178553e-22,1.4880777616069915e-19,25,0.0,3.469446951953614e-18,0.04294255085946481,0.5265155553448565
item_APRISO,6.826297101178553e-22,1.4880777616069915e-19,25,0.0,3.469446951953614e-18,0.04294255085946481,0.5265155553448565
item_OTEZLA,6.826297101178553e-22,1.4880777616069915e-19,25,0.0,3.469446951953614e-18,0.04294255085946481,0.5265155553448565
item_TASIGNA,6.826297101178553e-22,1.4880777616069915e-19,25,0.0,3.469446951953614e-18,0.04294255085946481,0.5265155553448565
item_TAZTIA XT,6.826297101178553e-22,1.4880777616069915e-19,25,0.0,3.469446951953614e-18,0.04294255085946481,0.5265155553448565
item_TDVAX,6.826297101178553e-22,1.4880777616069915e-19,25,0.0,3.469446951953614e-18,0.04294255085946481,0.5265155553448565
item_TECFIDERA,6.826297101178553e-22,1.4880777616069915e-19,25,0.0,3.469446951953614e-18,0.04294255085946481,0.5265155553448565
item_TEGRETOL,6.826297101178553e-22,1.4880777616069915e-19,25,0.0,3.469446951953614e-18,0.04294255085946481,0.5265155553448565
item_SURE COMFORT INSULIN SYRI,6.826297101178553e-22,1.4880777616069915e-19,25,0.0,3.469446951953614e-18,0.04294255085946481,0.5265155553448565
item_SURE COMFORT PEN NEEDLES,6.826297101178553e-22,1.4880777616069915e-19,25,0.0,3.469446951953614e-18,0.04294255085946481,0.5265155553448565
item_SUSTIVA,6.826297101178553e-22,1.4880777616069915e-19,25,0.0,3.469446951953614e-18,0.04294255085946481,0.5265155553448565
item_SYNJARDY,6.826297101178553e-22,1.4880777616069915e-19,25,0.0,3.469446951953614e-18,0.04294255085946481,0.5265155553448565
item_SYSTANE,6.826297101178553e-22,1.4880777616069915e-19,25,0.0,3.469446951953614e-18,0.04294255085946481,0.5265155553448565
item_TAB-A-VITE/IRON,6.826297101178553e-22,1.4880777616069915e-19,25,0.0,3.469446951953614e-18,0.04294255085946481,0.5265155553448565
item_TADALAFIL,6.826297101178553e-22,1.4880777616069915e-19,25,0.0,3.469446951953614e-18,0.04294255085946481,0.5265155553448565
item_SULFACETAMIDE SODIUM,6.826297101178553e-22,1.4880777616069915e-19,25,0.0,3.469446951953614e-18,0.04294255085946481,0.5265155553448565
item_RA ASPIRIN EC,6.826297101178553e-22,1.4880777616069915e-19,25,0.0,3.469446951953614e-18,0.04294255085946481,0.5265155553448565
item_SULINDAC,6.826297101178553e-22,1.4880777616069915e-19,25,0.0,3.469446951953614e-18,0.04294255085946481,0.5265155553448565
item_SUMATRIPTAN,6.826297101178553e-22,1.4880777616069915e-19,25,0.0,3.469446951953614e-18,0.04294255085946481,0.5265155553448565
item_SUMATRIPTAN SUCCINATE REF,6.826297101178553e-22,1.4880777616069915e-19,25,0.0,3.469446951953614e-18,0.04294255085946481,0.5265155553448565
item_SPRYCEL,6.826297101178553e-22,1.4880777616069915e-19,25,0.0,3.469446951953614e-18,0.04294255085946481,0.5265155553448565
item_STELARA,6.826297101178553e-22,1.4880777616069915e-19,25,0.0,3.469446951953614e-18,0.04294255085946481,0.5265155553448565
item_STERILE WATER FOR IRRIGAT,6.826297101178553e-22,1.4880777616069915e-19,25,0.0,3.469446951953614e-18,0.04294255085946481,0.5265155553448565
item_STRATTERA,6.826297101178553e-22,1.4880777616069915e-19,25,0.0,3.469446951953614e-18,0.04294255085946481,0.5265155553448565
item_STROVITE ONE,6.826297101178553e-22,1.4880777616069915e-19,25,0.0,3.469446951953614e-18,0.04294255085946481,0.5265155553448565
item_SODIUM CHLORIDE 0.45%,6.826297101178553e-22,1.4880777616069915e-19,25,0.0,3.469446951953614e-18,0.04294255085946481,0.5265155553448565
item_SODIUM CHLORIDE 0.9%,6.826297101178553e-22,1.4880777616069915e-19,25,0.0,3.469446951953614e-18,0.04294255085946481,0.5265155553448565
item_SODIUM SULFACETAMIDE,6.826297101178553e-22,1.4880777616069915e-19,25,0.0,3.469446951953614e-18,0.04294255085946481,0.5265155553448565
item_SODIUM SULFACETAMIDE/SULF,6.826297101178553e-22,1.4880777616069915e-19,25,0.0,3.469446951953614e-18,0.04294255085946481,0.5265155553448565
item_SOLU-MEDROL,6.826297101178553e-22,1.4880777616069915e-19,25,0.0,3.469446951953614e-18,0.04294255085946481,0.5265155553448565
item_SULFASALAZINE,6.826297101178553e-22,1.4880777616069915e-19,25,0.0,3.469446951953614e-18,0.04294255085946481,0.5265155553448565
item_ASPIRIN ADULT LOW STRENGT,6.826297101178553e-22,1.4880777616069915e-19,25,0.0,3.469446951953614e-18,0.04294255085946481,0.5265155553448565
item_ASPIRIN EC,6.826297101178553e-22,1.4880777616069915e-19,25,0.0,3.469446951953614e-18,0.04294255085946481,0.5265155553448565
item_ASPIRIN ENTERIC COATED AD,6.826297101178553e-22,1.4880777616069915e-19,25,0.0,3.469446951953614e-18,0.04294255085946481,0.5265155553448565
item_ARMOUR THYROID,6.826297101178553e-22,1.4880777616069915e-19,25,0.0,3.469446951953614e-18,0.04294255085946481,0.5265155553448565
item_ASACOL HD,6.826297101178553e-22,1.4880777616069915e-19,25,0.0,3.469446951953614e-18,0.04294255085946481,0.5265155553448565
item_ASCOMP/CODEINE,6.826297101178553e-22,1.4880777616069915e-19,25,0.0,3.469446951953614e-18,0.04294255085946481,0.5265155553448565
item_ASMANEX HFA,6.826297101178553e-22,1.4880777616069915e-19,25,0.0,3.469446951953614e-18,0.04294255085946481,0.5265155553448565
item_ASMANEX TWISTHALER 120 ME,6.826297101178553e-22,1.4880777616069915e-19,25,0.0,3.469446951953614e-18,0.04294255085946481,0.5265155553448565
item_ASMANEX TWISTHALER 30 MET,6.826297101178553e-22,1.4880777616069915e-19,25,0.0,3.469446951953614e-18,0.04294255085946481,0.5265155553448565
item_THEOPHYLLINE CR,6.826297101178553e-22,1.4880777616069915e-19,25,0.0,3.469446951953614e-18,0.04294255085946481,0.5265155553448565
item_THERA M PLUS,6.826297101178553e-22,1.4880777616069915e-19,25,0.0,3.469446951953614e-18,0.04294255085946481,0.5265155553448565
item_THERA-M,6.826297101178553e-22,1.4880777616069915e-19,25,0.0,3.469446951953614e-18,0.04294255085946481,0.5265155553448565
item_THIORIDAZINE HCL,6.826297101178553e-22,1.4880777616069915e-19,25,0.0,3.469446951953614e-18,0.04294255085946481,0.5265155553448565
item_TANZEUM,6.826297101178553e-22,1.4880777616069915e-19,25,0.0,3.469446951953614e-18,0.04294255085946481,0.5265155553448565
item_TIKOSYN,6.826297101178553e-22,1.4880777616069915e-19,25,0.0,3.469446951953614e-18,0.04294255085946481,0.5265155553448565
item_TERAZOSIN HYDROCHLORIDE,6.826297101178553e-22,1.4880777616069915e-19,25,0.0,3.469446951953614e-18,0.04294255085946481,0.5265155553448565
item_TESTOSTERONE,6.826297101178553e-22,1.4880777616069915e-19,25,0.0,3.469446951953614e-18,0.04294255085946481,0.5265155553448565
item_TESTOSTERONE ENANTHATE,6.826297101178553e-22,1.4880777616069915e-19,25,0.0,3.469446951953614e-18,0.04294255085946481,0.5265155553448565
item_TESTOSTERONE PUMP,6.826297101178553e-22,1.4880777616069915e-19,25,0.0,3.469446951953614e-18,0.04294255085946481,0.5265155553448565
item_THEO-24,6.826297101178553e-22,1.4880777616069915e-19,25,0.0,3.469446951953614e-18,0.04294255085946481,0.5265155553448565
item_TEGRETOL-XR,6.826297101178553e-22,1.4880777616069915e-19,25,0.0,3.469446951953614e-18,0.04294255085946481,0.5265155553448565
item_TEKTURNA,6.826297101178553e-22,1.4880777616069915e-19,25,0.0,3.469446951953614e-18,0.04294255085946481,0.5265155553448565
item_TEKTURNA HCT,6.826297101178553e-22,1.4880777616069915e-19,25,0.0,3.469446951953614e-18,0.04294255085946481,0.5265155553448565
item_TELMISARTAN/HYDROCHLOROTH,6.826297101178553e-22,1.4880777616069915e-19,25,0.0,3.469446951953614e-18,0.04294255085946481,0.5265155553448565
item_TENIVAC,6.826297101178553e-22,1.4880777616069915e-19,25,0.0,3.469446951953614e-18,0.04294255085946481,0.5265155553448565
item_TENOFOVIR DISOPROXIL FUMA,6.826297101178553e-22,1.4880777616069915e-19,25,0.0,3.469446951953614e-18,0.04294255085946481,0.5265155553448565
item_TAMSULOSIN HCL,6.826297101178553e-22,1.4880777616069915e-19,25,0.0,3.469446951953614e-18,0.04294255085946481,0.5265155553448565
item_THIOTHIXENE,6.826297101178553e-22,1.4880777616069915e-19,25,0.0,3.469446951953614e-18,0.04294255085946481,0.5265155553448565
item_ZARXIO,6.826297101178553e-22,1.4880777616069915e-19,25,0.0,3.469446951953614e-18,0.04294255085946481,0.5265155553448565
item_ZESTRIL,6.826297101178553e-22,1.4880777616069915e-19,25,0.0,3.469446951953614e-18,0.04294255085946481,0.5265155553448565
item_ZETIA,6.826297101178553e-22,1.4880777616069915e-19,25,0.0,3.469446951953614e-18,0.04294255085946481,0.5265155553448565
item_ZINC OXIDE,6.826297101178553e-22,1.4880777616069915e-19,25,0.0,3.469446951953614e-18,0.04294255085946481,0.5265155553448565
item_ZINC SULFATE,6.826297101178553e-22,1.4880777616069915e-19,25,0.0,3.469446951953614e-18,0.04294255085946481,0.5265155553448565
item_ZIOPTAN,6.826297101178553e-22,1.4880777616069915e-19,25,0.0,3.469446951953614e-18,0.04294255085946481,0.5265155553448565
item_ACCU-CHEK AVIVA,6.826297101178553e-22,1.4880777616069915e-19,25,0.0,3.469446951953614e-18,0.04294255085946481,0.5265155553448565
item_XOLAIR,6.826297101178553e-22,1.4880777616069915e-19,25,0.0,3.469446951953614e-18,0.04294255085946481,0.5265155553448565
item_XOPENEX HFA,6.826297101178553e-22,1.4880777616069915e-19,25,0.0,3.469446951953614e-18,0.04294255085946481,0.5265155553448565
item_XTAMPZA ER,6.826297101178553e-22,1.4880777616069915e-19,25,0.0,3.469446951953614e-18,0.04294255085946481,0.5265155553448565
item_XTANDI,6.826297101178553e-22,1.4880777616069915e-19,25,0.0,3.469446951953614e-18,0.04294255085946481,0.5265155553448565
item_XYLOCAINE-MPF,6.826297101178553e-22,1.4880777616069915e-19,25,0.0,3.469446951953614e-18,0.04294255085946481,0.5265155553448565
item_YUVAFEM,6.826297101178553e-22,1.4880777616069915e-19,25,0.0,3.469446951953614e-18,0.04294255085946481,0.5265155553448565
item_SOOLANTRA,6.826297101178553e-22,1.4880777616069915e-19,25,0.0,3.469446951953614e-18,0.04294255085946481,0.5265155553448565
item_WELLBUTRIN XL,6.826297101178553e-22,1.4880777616069915e-19,25,0.0,3.469446951953614e-18,0.04294255085946481,0.5265155553448565
item_XALATAN,6.826297101178553e-22,1.4880777616069915e-19,25,0.0,3.469446951953614e-18,0.04294255085946481,0.5265155553448565
item_XANAX,6.826297101178553e-22,1.4880777616069915e-19,25,0.0,3.469446951953614e-18,0.04294255085946481,0.5265155553448565
item_XELJANZ,6.826297101178553e-22,1.4880777616069915e-19,25,0.0,3.469446951953614e-18,0.04294255085946481,0.5265155553448565
item_XELJANZ XR,6.826297101178553e-22,1.4880777616069915e-19,25,0.0,3.469446951953614e-18,0.04294255085946481,0.5265155553448565
item_XIGDUO XR,6.826297101178553e-22,1.4880777616069915e-19,25,0.0,3.469446951953614e-18,0.04294255085946481,0.5265155553448565
item_XIIDRA,6.826297101178553e-22,1.4880777616069915e-19,25,0.0,3.469446951953614e-18,0.04294255085946481,0.5265155553448565
item_ADCIRCA,6.826297101178553e-22,1.4880777616069915e-19,25,0.0,3.469446951953614e-18,0.04294255085946481,0.5265155553448565
item_ADDERALL XR,6.826297101178553e-22,1.4880777616069915e-19,25,0.0,3.469446951953614e-18,0.04294255085946481,0.5265155553448565
item_ADEMPAS,6.826297101178553e-22,1.4880777616069915e-19,25,0.0,3.469446951953614e-18,0.04294255085946481,0.5265155553448565
item_ADJUSTABLE LANCING DEVICE,6.826297101178553e-22,1.4880777616069915e-19,25,0.0,3.469446951953614e-18,0.04294255085946481,0.5265155553448565
item_VORICONAZOLE,6.826297101178553e-22,1.4880777616069915e-19,25,0.0,3.469446951953614e-18,0.04294255085946481,0.5265155553448565
item_VYTORIN,6.826297101178553e-22,1.4880777616069915e-19,25,0.0,3.469446951953614e-18,0.04294255085946481,0.5265155553448565
item_ZALEPLON,6.826297101178553e-22,1.4880777616069915e-19,25,0.0,3.469446951953614e-18,0.04294255085946481,0.5265155553448565
item_SOTALOL HCL (AF),6.826297101178553e-22,1.4880777616069915e-19,25,0.0,3.469446951953614e-18,0.04294255085946481,0.5265155553448565
item_ABACAVIR,6.826297101178553e-22,1.4880777616069915e-19,25,0.0,3.469446951953614e-18,0.04294255085946481,0.5265155553448565
item_ZIRGAN,6.826297101178553e-22,1.4880777616069915e-19,25,0.0,3.469446951953614e-18,0.04294255085946481,0.5265155553448565
item_ZOCOR,6.826297101178553e-22,1.4880777616069915e-19,25,0.0,3.469446951953614e-18,0.04294255085946481,0.5265155553448565
item_ZOLMITRIPTAN,6.826297101178553e-22,1.4880777616069915e-19,25,0.0,3.469446951953614e-18,0.04294255085946481,0.5265155553448565
item_ZOLOFT,6.826297101178553e-22,1.4880777616069915e-19,25,0.0,3.469446951953614e-18,0.04294255085946481,0.5265155553448565
item_ACAMPROSATE CALCIUM DR,6.826297101178553e-22,1.4880777616069915e-19,25,0.0,3.469446951953614e-18,0.04294255085946481,0.5265155553448565
item_3ML LUER-LOK SYRINGE,6.826297101178553e-22,1.4880777616069915e-19,25,0.0,3.469446951953614e-18,0.04294255085946481,0.5265155553448565
item_VITAMIN B-1,6.826297101178553e-22,1.4880777616069915e-19,25,0.0,3.469446951953614e-18,0.04294255085946481,0.5265155553448565
item_VITAMIN B-12,6.826297101178553e-22,1.4880777616069915e-19,25,0.0,3.469446951953614e-18,0.04294255085946481,0.5265155553448565
item_VITAMIN B-6,6.826297101178553e-22,1.4880777616069915e-19,25,0.0,3.469446951953614e-18,0.04294255085946481,0.5265155553448565
item_VITAMIN D-1000,6.826297101178553e-22,1.4880777616069915e-19,25,0.0,3.469446951953614e-18,0.04294255085946481,0.5265155553448565
item_VITAMIN E,6.826297101178553e-22,1.4880777616069915e-19,25,0.0,3.469446951953614e-18,0.04294255085946481,0.5265155553448565
item_ZOVIRAX,6.826297101178553e-22,1.4880777616069915e-19,25,0.0,3.469446951953614e-18,0.04294255085946481,0.5265155553448565
item_VIVOTIF,6.826297101178553e-22,1.4880777616069915e-19,25,0.0,3.469446951953614e-18,0.04294255085946481,0.5265155553448565
item_VIBERZI,6.826297101178553e-22,1.4880777616069915e-19,25,0.0,3.469446951953614e-18,0.04294255085946481,0.5265155553448565
item_VICODIN,6.826297101178553e-22,1.4880777616069915e-19,25,0.0,3.469446951953614e-18,0.04294255085946481,0.5265155553448565
item_VICODIN ES,6.826297101178553e-22,1.4880777616069915e-19,25,0.0,3.469446951953614e-18,0.04294255085946481,0.5265155553448565
item_VIGAMOX,6.826297101178553e-22,1.4880777616069915e-19,25,0.0,3.469446951953614e-18,0.04294255085946481,0.5265155553448565
item_VIMOVO,6.826297101178553e-22,1.4880777616069915e-19,25,0.0,3.469446951953614e-18,0.04294255085946481,0.5265155553448565
item_VIREAD,6.826297101178553e-22,1.4880777616069915e-19,25,0.0,3.469446951953614e-18,0.04294255085946481,0.5265155553448565
item_AMILORIDE HCL,6.826297101178553e-22,1.4880777616069915e-19,25,0.0,3.469446951953614e-18,0.04294255085946481,0.5265155553448565
item_AMILORIDE/HYDROCHLOROTHIA,6.826297101178553e-22,1.4880777616069915e-19,25,0.0,3.469446951953614e-18,0.04294255085946481,0.5265155553448565
item_VERAMYST,6.826297101178553e-22,1.4880777616069915e-19,25,0.0,3.469446951953614e-18,0.04294255085946481,0.5265155553448565
item_VERAPAMIL HCL,6.826297101178553e-22,1.4880777616069915e-19,25,0.0,3.469446951953614e-18,0.04294255085946481,0.5265155553448565
item_VERAPAMIL HYDROCHLORIDE,6.826297101178553e-22,1.4880777616069915e-19,25,0.0,3.469446951953614e-18,0.04294255085946481,0.5265155553448565
item_VERAPAMIL HYDROCHLORIDE E,6.826297101178553e-22,1.4880777616069915e-19,25,0.0,3.469446951953614e-18,0.04294255085946481,0.5265155553448565
item_VIVELLE-DOT,6.826297101178553e-22,1.4880777616069915e-19,25,0.0,3.469446951953614e-18,0.04294255085946481,0.5265155553448565
item_RA PEN NEEDLES 31G X 5MM,6.826297101178553e-22,1.4880777616069915e-19,25,0.0,3.469446951953614e-18,0.04294255085946481,0.5265155553448565
item_QNASL,6.826297101178553e-22,1.4880777616069915e-19,25,0.0,3.469446951953614e-18,0.04294255085946481,0.5265155553448565
item_QUETIAPINE FUMARATE ER,6.826297101178553e-22,1.4880777616069915e-19,25,0.0,3.469446951953614e-18,0.04294255085946481,0.5265155553448565
item_QUINAPRIL HYDROCHLORIDE,6.826297101178553e-22,1.4880777616069915e-19,25,0.0,3.469446951953614e-18,0.04294255085946481,0.5265155553448565
item_QUINAPRIL/HYDROCHLOROTHIA,6.826297101178553e-22,1.4880777616069915e-19,25,0.0,3.469446951953614e-18,0.04294255085946481,0.5265155553448565
item_QUININE SULFATE,6.826297101178553e-22,1.4880777616069915e-19,25,0.0,3.469446951953614e-18,0.04294255085946481,0.5265155553448565
item_QVAR,6.826297101178553e-22,1.4880777616069915e-19,25,0.0,3.469446951953614e-18,0.04294255085946481,0.5265155553448565
item_PROMETHEGAN,6.826297101178553e-22,1.4880777616069915e-19,25,0.0,3.469446951953614e-18,0.04294255085946481,0.5265155553448565
item_PROPRANOLOL HCL,6.826297101178553e-22,1.4880777616069915e-19,25,0.0,3.469446951953614e-18,0.04294255085946481,0.5265155553448565
item_PROPYLTHIOURACIL,6.826297101178553e-22,1.4880777616069915e-19,25,0.0,3.469446951953614e-18,0.04294255085946481,0.5265155553448565
item_PROTONIX,6.826297101178553e-22,1.4880777616069915e-19,25,0.0,3.469446951953614e-18,0.04294255085946481,0.5265155553448565
item_PROZAC,6.826297101178553e-22,1.4880777616069915e-19,25,0.0,3.469446951953614e-18,0.04294255085946481,0.5265155553448565
item_PULMICORT FLEXHALER,6.826297101178553e-22,1.4880777616069915e-19,25,0.0,3.469446951953614e-18,0.04294255085946481,0.5265155553448565
item_ASPIRIN ADULT LOW DOSE,6.826297101178553e-22,1.4880777616069915e-19,25,0.0,3.469446951953614e-18,0.04294255085946481,0.5265155553448565
item_PROMACTA,6.826297101178553e-22,1.4880777616069915e-19,25,0.0,3.469446951953614e-18,0.04294255085946481,0.5265155553448565
item_PROMETHAZINE HCL PLAIN,6.826297101178553e-22,1.4880777616069915e-19,25,0.0,3.469446951953614e-18,0.04294255085946481,0.5265155553448565
item_PROMETHAZINE VC PLAIN,6.826297101178553e-22,1.4880777616069915e-19,25,0.0,3.469446951953614e-18,0.04294255085946481,0.5265155553448565
item_PROMETHAZINE VC/CODEINE,6.826297101178553e-22,1.4880777616069915e-19,25,0.0,3.469446951953614e-18,0.04294255085946481,0.5265155553448565
item_PROMETHAZINE/PHENYLEPHRIN,6.826297101178553e-22,1.4880777616069915e-19,25,0.0,3.469446951953614e-18,0.04294255085946481,0.5265155553448565
item_REPATHA SURECLICK,6.826297101178553e-22,1.4880777616069915e-19,25,0.0,3.469446951953614e-18,0.04294255085946481,0.5265155553448565
item_RESTASIS MULTIDOSE,6.826297101178553e-22,1.4880777616069915e-19,25,0.0,3.469446951953614e-18,0.04294255085946481,0.5265155553448565
item_RETIN-A,6.826297101178553e-22,1.4880777616069915e-19,25,0.0,3.469446951953614e-18,0.04294255085946481,0.5265155553448565
item_REYATAZ,6.826297101178553e-22,1.4880777616069915e-19,25,0.0,3.469446951953614e-18,0.04294255085946481,0.5265155553448565
item_RHOFADE,6.826297101178553e-22,1.4880777616069915e-19,25,0.0,3.469446951953614e-18,0.04294255085946481,0.5265155553448565
item_RIFAMPIN,6.826297101178553e-22,1.4880777616069915e-19,25,0.0,3.469446951953614e-18,0.04294255085946481,0.5265155553448565
item_RELION SHORT PEN NEEDLES,6.826297101178553e-22,1.4880777616069915e-19,25,0.0,3.469446951953614e-18,0.04294255085946481,0.5265155553448565
item_RELISTOR,6.826297101178553e-22,1.4880777616069915e-19,25,0.0,3.469446951953614e-18,0.04294255085946481,0.5265155553448565
item_PULMOMATE COMPRESSOR W/DI,6.826297101178553e-22,1.4880777616069915e-19,25,0.0,3.469446951953614e-18,0.04294255085946481,0.5265155553448565
item_BD INSULIN SYRINGE SAFETY,6.826297101178553e-22,1.4880777616069915e-19,25,0.0,3.469446951953614e-18,0.04294255085946481,0.5265155553448565
item_PROGRAF,6.826297101178553e-22,1.4880777616069915e-19,25,0.0,3.469446951953614e-18,0.04294255085946481,0.5265155553448565
item_AZOR,6.826297101178553e-22,1.4880777616069915e-19,25,0.0,3.469446951953614e-18,0.04294255085946481,0.5265155553448565
item_B-12,6.826297101178553e-22,1.4880777616069915e-19,25,0.0,3.469446951953614e-18,0.04294255085946481,0.5265155553448565
item_BAC,6.826297101178553e-22,1.4880777616069915e-19,25,0.0,3.469446951953614e-18,0.04294255085946481,0.5265155553448565
item_BACITRACIN ZINC,6.826297101178553e-22,1.4880777616069915e-19,25,0.0,3.469446951953614e-18,0.04294255085946481,0.5265155553448565
item_BACITRACIN/POLYMYXIN B,6.826297101178553e-22,1.4880777616069915e-19,25,0.0,3.469446951953614e-18,0.04294255085946481,0.5265155553448565
item_BALSALAZIDE DISODIUM,6.826297101178553e-22,1.4880777616069915e-19,25,0.0,3.469446951953614e-18,0.04294255085946481,0.5265155553448565
item_BANOPHEN,6.826297101178553e-22,1.4880777616069915e-19,25,0.0,3.469446951953614e-18,0.04294255085946481,0.5265155553448565
item_AXIRON,6.826297101178553e-22,1.4880777616069915e-19,25,0.0,3.469446951953614e-18,0.04294255085946481,0.5265155553448565
item_AZASITE,6.826297101178553e-22,1.4880777616069915e-19,25,0.0,3.469446951953614e-18,0.04294255085946481,0.5265155553448565
item_AZELEX,6.826297101178553e-22,1.4880777616069915e-19,25,0.0,3.469446951953614e-18,0.04294255085946481,0.5265155553448565
item_AZILECT,6.826297101178553e-22,1.4880777616069915e-19,25,0.0,3.469446951953614e-18,0.04294255085946481,0.5265155553448565
item_RA LORATADINE,6.826297101178553e-22,1.4880777616069915e-19,25,0.0,3.469446951953614e-18,0.04294255085946481,0.5265155553448565
item_PRODIGY NO CODING BLOOD G,6.826297101178553e-22,1.4880777616069915e-19,25,0.0,3.469446951953614e-18,0.04294255085946481,0.5265155553448565
item_PROGESTERONE,6.826297101178553e-22,1.4880777616069915e-19,25,0.0,3.469446951953614e-18,0.04294255085946481,0.5265155553448565
item_AUBAGIO,6.826297101178553e-22,1.4880777616069915e-19,25,0.0,3.469446951953614e-18,0.04294255085946481,0.5265155553448565
item_AUGMENTED BETAMETHASONE D,6.826297101178553e-22,1.4880777616069915e-19,25,0.0,3.469446951953614e-18,0.04294255085946481,0.5265155553448565
item_AVODART,6.826297101178553e-22,1.4880777616069915e-19,25,0.0,3.469446951953614e-18,0.04294255085946481,0.5265155553448565
item_AVONEX,6.826297101178553e-22,1.4880777616069915e-19,25,0.0,3.469446951953614e-18,0.04294255085946481,0.5265155553448565
item_AVONEX PEN,6.826297101178553e-22,1.4880777616069915e-19,25,0.0,3.469446951953614e-18,0.04294255085946481,0.5265155553448565
item_RA ACETAMINOPHEN EXTRA ST,6.826297101178553e-22,1.4880777616069915e-19,25,0.0,3.469446951953614e-18,0.04294255085946481,0.5265155553448565
item_RA ALLERGY RELIEF,6.826297101178553e-22,1.4880777616069915e-19,25,0.0,3.469446951953614e-18,0.04294255085946481,0.5265155553448565
item_RA ASPIRIN ADULT LOW STRE,6.826297101178553e-22,1.4880777616069915e-19,25,0.0,3.469446951953614e-18,0.04294255085946481,0.5265155553448565
item_MOVIPREP,6.826297101178553e-22,1.4880777616069915e-19,25,0.0,3.469446951953614e-18,0.04294255085946481,0.5265155553448565
item_RA ASPIRIN EC ADULT LOW S,6.826297101178553e-22,1.4880777616069915e-19,25,0.0,3.469446951953614e-18,0.04294255085946481,0.5265155553448565
item_RA COL-RITE,6.826297101178553e-22,1.4880777616069915e-19,25,0.0,3.469446951953614e-18,0.04294255085946481,0.5265155553448565
item_AZOPT,6.826297101178553e-22,1.4880777616069915e-19,25,0.0,3.469446951953614e-18,0.04294255085946481,0.5265155553448565
item_SENNA PLUS,6.826297101178553e-22,1.4880777616069915e-19,25,0.0,3.469446951953614e-18,0.04294255085946481,0.5265155553448565
item_SEREVENT DISKUS,6.826297101178553e-22,1.4880777616069915e-19,25,0.0,3.469446951953614e-18,0.04294255085946481,0.5265155553448565
item_ROBAFEN,6.826297101178553e-22,1.4880777616069915e-19,25,0.0,3.469446951953614e-18,0.04294255085946481,0.5265155553448565
item_ROBAFEN DM,6.826297101178553e-22,1.4880777616069915e-19,25,0.0,3.469446951953614e-18,0.04294255085946481,0.5265155553448565
item_ROPINIROLE ER,6.826297101178553e-22,1.4880777616069915e-19,25,0.0,3.469446951953614e-18,0.04294255085946481,0.5265155553448565
item_ROZEREM,6.826297101178553e-22,1.4880777616069915e-19,25,0.0,3.469446951953614e-18,0.04294255085946481,0.5265155553448565
item_SAPHRIS,6.826297101178553e-22,1.4880777616069915e-19,25,0.0,3.469446951953614e-18,0.04294255085946481,0.5265155553448565
item_SAVAYSA,6.826297101178553e-22,1.4880777616069915e-19,25,0.0,3.469446951953614e-18,0.04294255085946481,0.5265155553448565
item_SAVELLA,6.826297101178553e-22,1.4880777616069915e-19,25,0.0,3.469446951953614e-18,0.04294255085946481,0.5265155553448565
item_RISAMINE,6.826297101178553e-22,1.4880777616069915e-19,25,0.0,3.469446951953614e-18,0.04294255085946481,0.5265155553448565
item_RISAQUAD,6.826297101178553e-22,1.4880777616069915e-19,25,0.0,3.469446951953614e-18,0.04294255085946481,0.5265155553448565
item_RISEDRONATE SODIUM DR,6.826297101178553e-22,1.4880777616069915e-19,25,0.0,3.469446951953614e-18,0.04294255085946481,0.5265155553448565
item_RISPERIDONE ODT,6.826297101178553e-22,1.4880777616069915e-19,25,0.0,3.469446951953614e-18,0.04294255085946481,0.5265155553448565
item_RELPAX,6.826297101178553e-22,1.4880777616069915e-19,25,0.0,3.469446951953614e-18,0.04294255085946481,0.5265155553448565
item_ATRIPLA,6.826297101178553e-22,1.4880777616069915e-19,25,0.0,3.469446951953614e-18,0.04294255085946481,0.5265155553448565
item_SIMETHICONE,6.826297101178553e-22,1.4880777616069915e-19,25,0.0,3.469446951953614e-18,0.04294255085946481,0.5265155553448565
item_SIMPONI,6.826297101178553e-22,1.4880777616069915e-19,25,0.0,3.469446951953614e-18,0.04294255085946481,0.5265155553448565
item_SINGULAIR,6.826297101178553e-22,1.4880777616069915e-19,25,0.0,3.469446951953614e-18,0.04294255085946481,0.5265155553448565
item_SIROLIMUS,6.826297101178553e-22,1.4880777616069915e-19,25,0.0,3.469446951953614e-18,0.04294255085946481,0.5265155553448565
item_SM ASPIRIN ADULT LOW STRE,6.826297101178553e-22,1.4880777616069915e-19,25,0.0,3.469446951953614e-18,0.04294255085946481,0.5265155553448565
item_ASPIRIN LOW STRENGTH,6.826297101178553e-22,1.4880777616069915e-19,25,0.0,3.469446951953614e-18,0.04294255085946481,0.5265155553448565
item_ATACAND,6.826297101178553e-22,1.4880777616069915e-19,25,0.0,3.469446951953614e-18,0.04294255085946481,0.5265155553448565
item_ATAZANAVIR SULFATE,6.826297101178553e-22,1.4880777616069915e-19,25,0.0,3.469446951953614e-18,0.04294255085946481,0.5265155553448565
item_ATOMOXETINE,6.826297101178553e-22,1.4880777616069915e-19,25,0.0,3.469446951953614e-18,0.04294255085946481,0.5265155553448565
item_ATOVAQUONE,6.826297101178553e-22,1.4880777616069915e-19,25,0.0,3.469446951953614e-18,0.04294255085946481,0.5265155553448565
item_ASMANEX TWISTHALER 60 MET,6.826297101178553e-22,1.4880777616069915e-19,25,0.0,3.469446951953614e-18,0.04294255085946481,0.5265155553448565
item_ASPIRIN 81 LOW DOSE,6.826297101178553e-22,1.4880777616069915e-19,25,0.0,3.469446951953614e-18,0.04294255085946481,0.5265155553448565
item_RIZATRIPTAN BENZOATE ODT,6.826297101178553e-22,1.4880777616069915e-19,25,0.0,3.469446951953614e-18,0.04294255085946481,0.5265155553448565
item_RENAGEL,6.826297101178553e-22,1.4880777616069915e-19,25,0.0,3.469446951953614e-18,0.04294255085946481,0.5265155553448565
item_RENAL CAPS,6.826297101178553e-22,1.4880777616069915e-19,25,0.0,3.469446951953614e-18,0.04294255085946481,0.5265155553448565
item_RENO CAPS,6.826297101178553e-22,1.4880777616069915e-19,25,0.0,3.469446951953614e-18,0.04294255085946481,0.5265155553448565
item_REPAGLINIDE,6.826297101178553e-22,1.4880777616069915e-19,25,0.0,3.469446951953614e-18,0.04294255085946481,0.5265155553448565
item_REPATHA,6.826297101178553e-22,1.4880777616069915e-19,25,0.0,3.469446951953614e-18,0.04294255085946481,0.5265155553448565
item_REFRESH TEARS,6.826297101178553e-22,1.4880777616069915e-19,25,0.0,3.469446951953614e-18,0.04294255085946481,0.5265155553448565
item_RELION INSULIN SYRINGE 0.,6.826297101178553e-22,1.4880777616069915e-19,25,0.0,3.469446951953614e-18,0.04294255085946481,0.5265155553448565
item_RELION INSULIN SYRINGE 1M,6.826297101178553e-22,1.4880777616069915e-19,25,0.0,3.469446951953614e-18,0.04294255085946481,0.5265155553448565
item_RELION MINI PEN NEEDLES 3,6.826297101178553e-22,1.4880777616069915e-19,25,0.0,3.469446951953614e-18,0.04294255085946481,0.5265155553448565
item_RELION PEN NEEDLES 31GX6M,6.826297101178553e-22,1.4880777616069915e-19,25,0.0,3.469446951953614e-18,0.04294255085946481,0.5265155553448565
item_RELION PEN NEEDLES 31GX8M,6.826297101178553e-22,1.4880777616069915e-19,25,0.0,3.469446951953614e-18,0.04294255085946481,0.5265155553448565
item_RELION PEN NEEDLES 32GX4M,6.826297101178553e-22,1.4880777616069915e-19,25,0.0,3.469446951953614e-18,0.04294255085946481,0.5265155553448565
item_RELION PRIME BLOOD GLUCOS,6.826297101178553e-22,1.4880777616069915e-19,25,0.0,3.469446951953614e-18,0.04294255085946481,0.5265155553448565
item_SENNA LAX,6.826297101178553e-22,1.4880777616069915e-19,25,0.0,3.469446951953614e-18,0.04294255085946481,0.5265155553448565
item_RA VITAMIN D-3,6.826297101178553e-22,1.4880777616069915e-19,25,0.0,3.469446951953614e-18,0.04294255085946481,0.5265155553448565
item_READI-CAT 2,6.826297101178553e-22,1.4880777616069915e-19,25,0.0,3.469446951953614e-18,0.04294255085946481,0.5265155553448565
item_READI-CAT 2 BERRY SMOOTHI,6.826297101178553e-22,1.4880777616069915e-19,25,0.0,3.469446951953614e-18,0.04294255085946481,0.5265155553448565
item_READI-CAT 2 CREAMY VANILL,6.826297101178553e-22,1.4880777616069915e-19,25,0.0,3.469446951953614e-18,0.04294255085946481,0.5265155553448565
item_SEROQUEL,6.826297101178553e-22,1.4880777616069915e-19,25,0.0,3.469446951953614e-18,0.04294255085946481,0.5265155553448565
item_SEROQUEL XR,6.826297101178553e-22,1.4880777616069915e-19,25,0.0,3.469446951953614e-18,0.04294255085946481,0.5265155553448565
item_SF,6.826297101178553e-22,1.4880777616069915e-19,25,0.0,3.469446951953614e-18,0.04294255085946481,0.5265155553448565
item_SF 5000 PLUS,6.826297101178553e-22,1.4880777616069915e-19,25,0.0,3.469446951953614e-18,0.04294255085946481,0.5265155553448565
item_SILENOR,6.826297101178553e-22,1.4880777616069915e-19,25,0.0,3.469446951953614e-18,0.04294255085946481,0.5265155553448565
item_ARMODAFINIL,6.826297101178553e-22,1.4880777616069915e-19,25,0.0,3.469446951953614e-18,0.04294255085946481,0.5265155553448565
item_SCOPOLAMINE,6.826297101178553e-22,1.4880777616069915e-19,25,0.0,3.469446951953614e-18,0.04294255085946481,0.5265155553448565
item_SELENIUM SULFIDE,6.826297101178553e-22,1.4880777616069915e-19,25,0.0,3.469446951953614e-18,0.04294255085946481,0.5265155553448565
item_SENEXON-S,6.826297101178553e-22,1.4880777616069915e-19,25,0.0,3.469446951953614e-18,0.04294255085946481,0.5265155553448565
item_RA PEN NEEDLES 31G X 8MM,6.826297101178553e-22,1.4880777616069915e-19,25,0.0,3.469446951953614e-18,0.04294255085946481,0.5265155553448565
item_GAVILYTE-C,6.826297101178553e-22,1.4880777616069915e-19,25,0.0,3.469446951953614e-18,0.04294255085946481,0.5265155553448565
item_GENTAK,6.826297101178553e-22,1.4880777616069915e-19,25,0.0,3.469446951953614e-18,0.04294255085946481,0.5265155553448565
item_GILENYA,6.826297101178553e-22,1.4880777616069915e-19,25,0.0,3.469446951953614e-18,0.04294255085946481,0.5265155553448565
item_GLEEVEC,6.826297101178553e-22,1.4880777616069915e-19,25,0.0,3.469446951953614e-18,0.04294255085946481,0.5265155553448565
item_FOSINOPRIL SODIUM/HYDROCH,6.826297101178553e-22,1.4880777616069915e-19,25,0.0,3.469446951953614e-18,0.04294255085946481,0.5265155553448565
item_FREESTYLE LANCETS,6.826297101178553e-22,1.4880777616069915e-19,25,0.0,3.469446951953614e-18,0.04294255085946481,0.5265155553448565
item_FREESTYLE LIBRE/READER/FL,6.826297101178553e-22,1.4880777616069915e-19,25,0.0,3.469446951953614e-18,0.04294255085946481,0.5265155553448565
item_FREESTYLE LITE BLOOD GLUC,6.826297101178553e-22,1.4880777616069915e-19,25,0.0,3.469446951953614e-18,0.04294255085946481,0.5265155553448565
item_FREESTYLE TEST STRIPS,6.826297101178553e-22,1.4880777616069915e-19,25,0.0,3.469446951953614e-18,0.04294255085946481,0.5265155553448565
item_FLUZONE HIGH-DOSE PF 2016,6.826297101178553e-22,1.4880777616069915e-19,25,0.0,3.469446951953614e-18,0.04294255085946481,0.5265155553448565
item_FLUZONE HIGH-DOSE PF 2017,6.826297101178553e-22,1.4880777616069915e-19,25,0.0,3.469446951953614e-18,0.04294255085946481,0.5265155553448565
item_FLUZONE QUADRIVALENT 2017,6.826297101178553e-22,1.4880777616069915e-19,25,0.0,3.469446951953614e-18,0.04294255085946481,0.5265155553448565
item_FLUZONE QUADRIVALENT 2018,6.826297101178553e-22,1.4880777616069915e-19,25,0.0,3.469446951953614e-18,0.04294255085946481,0.5265155553448565
item_CALCITONIN-SALMON,6.826297101178553e-22,1.4880777616069915e-19,25,0.0,3.469446951953614e-18,0.04294255085946481,0.5265155553448565
item_FORADIL AEROLIZER,6.826297101178553e-22,1.4880777616069915e-19,25,0.0,3.469446951953614e-18,0.04294255085946481,0.5265155553448565
item_FORTEO,6.826297101178553e-22,1.4880777616069915e-19,25,0.0,3.469446951953614e-18,0.04294255085946481,0.5265155553448565
item_URIBEL,6.826297101178553e-22,1.4880777616069915e-19,25,0.0,3.469446951953614e-18,0.04294255085946481,0.5265155553448565
item_V-GO 20,6.826297101178553e-22,1.4880777616069915e-19,25,0.0,3.469446951953614e-18,0.04294255085946481,0.5265155553448565
item_V-GO 30,6.826297101178553e-22,1.4880777616069915e-19,25,0.0,3.469446951953614e-18,0.04294255085946481,0.5265155553448565
item_V-GO 40,6.826297101178553e-22,1.4880777616069915e-19,25,0.0,3.469446951953614e-18,0.04294255085946481,0.5265155553448565
item_VAGIFEM,6.826297101178553e-22,1.4880777616069915e-19,25,0.0,3.469446951953614e-18,0.04294255085946481,0.5265155553448565
item_ULTIGUARD SAFEPACK/MICRO,6.826297101178553e-22,1.4880777616069915e-19,25,0.0,3.469446951953614e-18,0.04294255085946481,0.5265155553448565
item_UNIFINE PENTIPS 31G X 3/1,6.826297101178553e-22,1.4880777616069915e-19,25,0.0,3.469446951953614e-18,0.04294255085946481,0.5265155553448565
item_UNIFINE PENTIPS 31GX6MM,6.826297101178553e-22,1.4880777616069915e-19,25,0.0,3.469446951953614e-18,0.04294255085946481,0.5265155553448565
item_UNIFINE PENTIPS 31GX8MM,6.826297101178553e-22,1.4880777616069915e-19,25,0.0,3.469446951953614e-18,0.04294255085946481,0.5265155553448565
item_UNIFINE PENTIPS 32GX4MM,6.826297101178553e-22,1.4880777616069915e-19,25,0.0,3.469446951953614e-18,0.04294255085946481,0.5265155553448565
item_UNIFINE PENTIPS PLUS 31GX,6.826297101178553e-22,1.4880777616069915e-19,25,0.0,3.469446951953614e-18,0.04294255085946481,0.5265155553448565
item_FOLBIC,6.826297101178553e-22,1.4880777616069915e-19,25,0.0,3.469446951953614e-18,0.04294255085946481,0.5265155553448565
item_FLUVASTATIN SODIUM ER,6.826297101178553e-22,1.4880777616069915e-19,25,0.0,3.469446951953614e-18,0.04294255085946481,0.5265155553448565
item_FLUVIRIN 2016-2017,6.826297101178553e-22,1.4880777616069915e-19,25,0.0,3.469446951953614e-18,0.04294255085946481,0.5265155553448565
item_FLUVIRIN 2017-2018,6.826297101178553e-22,1.4880777616069915e-19,25,0.0,3.469446951953614e-18,0.04294255085946481,0.5265155553448565
item_FLUVOXAMINE MALEATE,6.826297101178553e-22,1.4880777616069915e-19,25,0.0,3.469446951953614e-18,0.04294255085946481,0.5265155553448565
item_FLUZONE HIGH-DOSE PF 2015,6.826297101178553e-22,1.4880777616069915e-19,25,0.0,3.469446951953614e-18,0.04294255085946481,0.5265155553448565
item_FLUNISOLIDE,6.826297101178553e-22,1.4880777616069915e-19,25,0.0,3.469446951953614e-18,0.04294255085946481,0.5265155553448565
item_FLUOCINOLONE ACETONIDE,6.826297101178553e-22,1.4880777616069915e-19,25,0.0,3.469446951953614e-18,0.04294255085946481,0.5265155553448565
item_FLUOCINOLONE ACETONIDE SC,6.826297101178553e-22,1.4880777616069915e-19,25,0.0,3.469446951953614e-18,0.04294255085946481,0.5265155553448565
item_FLUOCINONIDE EMULSIFIED B,6.826297101178553e-22,1.4880777616069915e-19,25,0.0,3.469446951953614e-18,0.04294255085946481,0.5265155553448565
item_FLURAZEPAM HCL,6.826297101178553e-22,1.4880777616069915e-19,25,0.0,3.469446951953614e-18,0.04294255085946481,0.5265155553448565
item_FLUAD 2016-2017,6.826297101178553e-22,1.4880777616069915e-19,25,0.0,3.469446951953614e-18,0.04294255085946481,0.5265155553448565
item_FLUAD 2017-2018,6.826297101178553e-22,1.4880777616069915e-19,25,0.0,3.469446951953614e-18,0.04294255085946481,0.5265155553448565
item_FLUARIX QUADRIVALENT 2016,6.826297101178553e-22,1.4880777616069915e-19,25,0.0,3.469446951953614e-18,0.04294255085946481,0.5265155553448565
item_GATIFLOXACIN,6.826297101178553e-22,1.4880777616069915e-19,25,0.0,3.469446951953614e-18,0.04294255085946481,0.5265155553448565
item_FLUARIX QUADRIVALENT 2018,6.826297101178553e-22,1.4880777616069915e-19,25,0.0,3.469446951953614e-18,0.04294255085946481,0.5265155553448565
item_FETZIMA,6.826297101178553e-22,1.4880777616069915e-19,25,0.0,3.469446951953614e-18,0.04294255085946481,0.5265155553448565
item_FEXOFENADINE HYDROCHLORID,6.826297101178553e-22,1.4880777616069915e-19,25,0.0,3.469446951953614e-18,0.04294255085946481,0.5265155553448565
item_FIBER-LAX,6.826297101178553e-22,1.4880777616069915e-19,25,0.0,3.469446951953614e-18,0.04294255085946481,0.5265155553448565
item_FINACEA,6.826297101178553e-22,1.4880777616069915e-19,25,0.0,3.469446951953614e-18,0.04294255085946481,0.5265155553448565
item_FISH OIL,6.826297101178553e-22,1.4880777616069915e-19,25,0.0,3.469446951953614e-18,0.04294255085946481,0.5265155553448565
item_FLECTOR,6.826297101178553e-22,1.4880777616069915e-19,25,0.0,3.469446951953614e-18,0.04294255085946481,0.5265155553448565
item_FLONASE ALLERGY RELIEF,6.826297101178553e-22,1.4880777616069915e-19,25,0.0,3.469446951953614e-18,0.04294255085946481,0.5265155553448565
item_FLORANEX,6.826297101178553e-22,1.4880777616069915e-19,25,0.0,3.469446951953614e-18,0.04294255085946481,0.5265155553448565
item_GLIPIZIDE/METFORMIN HYDRO,6.826297101178553e-22,1.4880777616069915e-19,25,0.0,3.469446951953614e-18,0.04294255085946481,0.5265155553448565
item_GLOBAL INJECT EASE INSULI,6.826297101178553e-22,1.4880777616069915e-19,25,0.0,3.469446951953614e-18,0.04294255085946481,0.5265155553448565
item_GLUCAGEN HYPOKIT,6.826297101178553e-22,1.4880777616069915e-19,25,0.0,3.469446951953614e-18,0.04294255085946481,0.5265155553448565
item_GLUCOPHAGE,6.826297101178553e-22,1.4880777616069915e-19,25,0.0,3.469446951953614e-18,0.04294255085946481,0.5265155553448565
item_FLUARIX QUADRIVALENT 2017,6.826297101178553e-22,1.4880777616069915e-19,25,0.0,3.469446951953614e-18,0.04294255085946481,0.5265155553448565
item_HUMALOG MIX 50/50 KWIKPEN,6.826297101178553e-22,1.4880777616069915e-19,25,0.0,3.469446951953614e-18,0.04294255085946481,0.5265155553448565
item_GNP ASPIRIN LOW DOSE,6.826297101178553e-22,1.4880777616069915e-19,25,0.0,3.469446951953614e-18,0.04294255085946481,0.5265155553448565
item_GOLYTELY,6.826297101178553e-22,1.4880777616069915e-19,25,0.0,3.469446951953614e-18,0.04294255085946481,0.5265155553448565
item_GRALISE,6.826297101178553e-22,1.4880777616069915e-19,25,0.0,3.469446951953614e-18,0.04294255085946481,0.5265155553448565
item_GUAIFENESIN AC,6.826297101178553e-22,1.4880777616069915e-19,25,0.0,3.469446951953614e-18,0.04294255085946481,0.5265155553448565
item_GUAIFENESIN ER,6.826297101178553e-22,1.4880777616069915e-19,25,0.0,3.469446951953614e-18,0.04294255085946481,0.5265155553448565
item_GUANFACINE HCL,6.826297101178553e-22,1.4880777616069915e-19,25,0.0,3.469446951953614e-18,0.04294255085946481,0.5265155553448565
item_GLUCOPHAGE XR,6.826297101178553e-22,1.4880777616069915e-19,25,0.0,3.469446951953614e-18,0.04294255085946481,0.5265155553448565
item_GLUMETZA,6.826297101178553e-22,1.4880777616069915e-19,25,0.0,3.469446951953614e-18,0.04294255085946481,0.5265155553448565
item_GLYBURIDE,6.826297101178553e-22,1.4880777616069915e-19,25,0.0,3.469446951953614e-18,0.04294255085946481,0.5265155553448565
item_GLYBURIDE MICRONIZED,6.826297101178553e-22,1.4880777616069915e-19,25,0.0,3.469446951953614e-18,0.04294255085946481,0.5265155553448565
item_GLYBURIDE/METFORMIN HYDRO,6.826297101178553e-22,1.4880777616069915e-19,25,0.0,3.469446951953614e-18,0.04294255085946481,0.5265155553448565
item_GLYCOPYRROLATE,6.826297101178553e-22,1.4880777616069915e-19,25,0.0,3.469446951953614e-18,0.04294255085946481,0.5265155553448565
item_UNITHROID,6.826297101178553e-22,1.4880777616069915e-19,25,0.0,3.469446951953614e-18,0.04294255085946481,0.5265155553448565
item_GNP ALCOHOL SWABS,6.826297101178553e-22,1.4880777616069915e-19,25,0.0,3.469446951953614e-18,0.04294255085946481,0.5265155553448565
item_DESOXIMETASONE,6.826297101178553e-22,1.4880777616069915e-19,25,0.0,3.469446951953614e-18,0.04294255085946481,0.5265155553448565
item_HUMULIN N KWIKPEN,6.826297101178553e-22,1.4880777616069915e-19,25,0.0,3.469446951953614e-18,0.04294255085946481,0.5265155553448565
item_HUMULIN R U-500 KWIKPEN,6.826297101178553e-22,1.4880777616069915e-19,25,0.0,3.469446951953614e-18,0.04294255085946481,0.5265155553448565
item_HYALURONIC ACID,6.826297101178553e-22,1.4880777616069915e-19,25,0.0,3.469446951953614e-18,0.04294255085946481,0.5265155553448565
item_HYDROCODONE BITARTRATE/HO,6.826297101178553e-22,1.4880777616069915e-19,25,0.0,3.469446951953614e-18,0.04294255085946481,0.5265155553448565
item_HYDROCODONE/HOMATROPINE,6.826297101178553e-22,1.4880777616069915e-19,25,0.0,3.469446951953614e-18,0.04294255085946481,0.5265155553448565
item_DENAVIR,6.826297101178553e-22,1.4880777616069915e-19,25,0.0,3.469446951953614e-18,0.04294255085946481,0.5265155553448565
item_DENTA 5000 PLUS,6.826297101178553e-22,1.4880777616069915e-19,25,0.0,3.469446951953614e-18,0.04294255085946481,0.5265155553448565
item_DENTAGEL,6.826297101178553e-22,1.4880777616069915e-19,25,0.0,3.469446951953614e-18,0.04294255085946481,0.5265155553448565
item_DEPO-TESTOSTERONE,6.826297101178553e-22,1.4880777616069915e-19,25,0.0,3.469446951953614e-18,0.04294255085946481,0.5265155553448565
item_DESIPRAMINE HCL,6.826297101178553e-22,1.4880777616069915e-19,25,0.0,3.469446951953614e-18,0.04294255085946481,0.5265155553448565
item_DESLORATADINE,6.826297101178553e-22,1.4880777616069915e-19,25,0.0,3.469446951953614e-18,0.04294255085946481,0.5265155553448565
item_GLYXAMBI,6.826297101178553e-22,1.4880777616069915e-19,25,0.0,3.469446951953614e-18,0.04294255085946481,0.5265155553448565
item_UREA,6.826297101178553e-22,1.4880777616069915e-19,25,0.0,3.469446951953614e-18,0.04294255085946481,0.5265155553448565
item_TYPHIM VI,6.826297101178553e-22,1.4880777616069915e-19,25,0.0,3.469446951953614e-18,0.04294255085946481,0.5265155553448565
item_UCERIS,6.826297101178553e-22,1.4880777616069915e-19,25,0.0,3.469446951953614e-18,0.04294255085946481,0.5265155553448565
item_ULTICARE INSULIN SYRINGE,6.826297101178553e-22,1.4880777616069915e-19,25,0.0,3.469446951953614e-18,0.04294255085946481,0.5265155553448565
item_ULTICARE INSULIN SYRINGE/,6.826297101178553e-22,1.4880777616069915e-19,25,0.0,3.469446951953614e-18,0.04294255085946481,0.5265155553448565
item_ULTICARE MICRO PEN NEEDLE,6.826297101178553e-22,1.4880777616069915e-19,25,0.0,3.469446951953614e-18,0.04294255085946481,0.5265155553448565
item_ULTICARE MINI PEN NEEDLES,6.826297101178553e-22,1.4880777616069915e-19,25,0.0,3.469446951953614e-18,0.04294255085946481,0.5265155553448565
item_ULTICARE SHORT PEN NEEDLE,6.826297101178553e-22,1.4880777616069915e-19,25,0.0,3.469446951953614e-18,0.04294255085946481,0.5265155553448565
item_TRUEPLUS LANCETS 28G,6.826297101178553e-22,1.4880777616069915e-19,25,0.0,3.469446951953614e-18,0.04294255085946481,0.5265155553448565
item_TRUEPLUS LANCETS 30G ULTR,6.826297101178553e-22,1.4880777616069915e-19,25,0.0,3.469446951953614e-18,0.04294255085946481,0.5265155553448565
item_TRUEPLUS LANCETS 33G,6.826297101178553e-22,1.4880777616069915e-19,25,0.0,3.469446951953614e-18,0.04294255085946481,0.5265155553448565
item_TRUEPLUS PEN NEEDLES 31GX,6.826297101178553e-22,1.4880777616069915e-19,25,0.0,3.469446951953614e-18,0.04294255085946481,0.5265155553448565
item_TRUETRACK TEST,6.826297101178553e-22,1.4880777616069915e-19,25,0.0,3.469446951953614e-18,0.04294255085946481,0.5265155553448565
item_HUMALOG MIX 50/50,6.826297101178553e-22,1.4880777616069915e-19,25,0.0,3.469446951953614e-18,0.04294255085946481,0.5265155553448565
item_TUDORZA PRESSAIR,6.826297101178553e-22,1.4880777616069915e-19,25,0.0,3.469446951953614e-18,0.04294255085946481,0.5265155553448565
item_TWINRIX,6.826297101178553e-22,1.4880777616069915e-19,25,0.0,3.469446951953614e-18,0.04294255085946481,0.5265155553448565
item_HUMALOG MIX 75/25,6.826297101178553e-22,1.4880777616069915e-19,25,0.0,3.469446951953614e-18,0.04294255085946481,0.5265155553448565
item_HUMIRA,6.826297101178553e-22,1.4880777616069915e-19,25,0.0,3.469446951953614e-18,0.04294255085946481,0.5265155553448565
item_HUMULIN 70/30 KWIKPEN,6.826297101178553e-22,1.4880777616069915e-19,25,0.0,3.469446951953614e-18,0.04294255085946481,0.5265155553448565
item_CVS ASPIRIN LOW DOSE,6.826297101178553e-22,1.4880777616069915e-19,25,0.0,3.469446951953614e-18,0.04294255085946481,0.5265155553448565
item_CVS D3,6.826297101178553e-22,1.4880777616069915e-19,25,0.0,3.469446951953614e-18,0.04294255085946481,0.5265155553448565
item_CVS FLUTICASONE PROPRIONA,6.826297101178553e-22,1.4880777616069915e-19,25,0.0,3.469446951953614e-18,0.04294255085946481,0.5265155553448565
item_HALOBETASOL PROPIONATE,6.826297101178553e-22,1.4880777616069915e-19,25,0.0,3.469446951953614e-18,0.04294255085946481,0.5265155553448565
item_HALOPERIDOL LACTATE,6.826297101178553e-22,1.4880777616069915e-19,25,0.0,3.469446951953614e-18,0.04294255085946481,0.5265155553448565
item_HARVONI,6.826297101178553e-22,1.4880777616069915e-19,25,0.0,3.469446951953614e-18,0.04294255085946481,0.5265155553448565
item_HAVRIX,6.826297101178553e-22,1.4880777616069915e-19,25,0.0,3.469446951953614e-18,0.04294255085946481,0.5265155553448565
item_HEPARIN SODIUM,6.826297101178553e-22,1.4880777616069915e-19,25,0.0,3.469446951953614e-18,0.04294255085946481,0.5265155553448565
item_HORIZANT,6.826297101178553e-22,1.4880777616069915e-19,25,0.0,3.469446951953614e-18,0.04294255085946481,0.5265155553448565
item_TRULANCE,6.826297101178553e-22,1.4880777616069915e-19,25,0.0,3.469446951953614e-18,0.04294255085946481,0.5265155553448565
item_AMBIEN,6.826297101178553e-22,1.4880777616069915e-19,25,0.0,3.469446951953614e-18,0.04294255085946481,0.5265155553448565
item_ALCOHOL PADS,6.826297101178553e-22,1.4880777616069915e-19,25,0.0,3.469446951953614e-18,0.04294255085946481,0.5265155553448565
item_ALCOHOL PREP PADS,6.826297101178553e-22,1.4880777616069915e-19,25,0.0,3.469446951953614e-18,0.04294255085946481,0.5265155553448565
item_ALL DAY ALLERGY,6.826297101178553e-22,1.4880777616069915e-19,25,0.0,3.469446951953614e-18,0.04294255085946481,0.5265155553448565
item_ALLERGY,6.826297101178553e-22,1.4880777616069915e-19,25,0.0,3.469446951953614e-18,0.04294255085946481,0.5265155553448565
item_ALLERGY NON-DROWSY,6.826297101178553e-22,1.4880777616069915e-19,25,0.0,3.469446951953614e-18,0.04294255085946481,0.5265155553448565
item_AEROCHAMBER PLUS FLOW-VU,6.826297101178553e-22,1.4880777616069915e-19,25,0.0,3.469446951953614e-18,0.04294255085946481,0.5265155553448565
item_AFINITOR,6.826297101178553e-22,1.4880777616069915e-19,25,0.0,3.469446951953614e-18,0.04294255085946481,0.5265155553448565
item_ACARBOSE,6.826297101178553e-22,1.4880777616069915e-19,25,0.0,3.469446951953614e-18,0.04294255085946481,0.5265155553448565
item_AFLURIA QUADRIVALENT 2017,6.826297101178553e-22,1.4880777616069915e-19,25,0.0,3.469446951953614e-18,0.04294255085946481,0.5265155553448565
item_AFLURIA QUADRIVALENT 2018,6.826297101178553e-22,1.4880777616069915e-19,25,0.0,3.469446951953614e-18,0.04294255085946481,0.5265155553448565
item_ALCLOMETASONE DIPROPIONAT,6.826297101178553e-22,1.4880777616069915e-19,25,0.0,3.469446951953614e-18,0.04294255085946481,0.5265155553448565
item_VALIUM,6.826297101178553e-22,1.4880777616069915e-19,25,0.0,3.469446951953614e-18,0.04294255085946481,0.5265155553448565
item_FLUVASTATIN,6.826297101178553e-22,1.4880777616069915e-19,25,0.0,3.469446951953614e-18,0.04294255085946481,0.5265155553448565
item_VEMLIDY,6.826297101178553e-22,1.4880777616069915e-19,25,0.0,3.469446951953614e-18,0.04294255085946481,0.5265155553448565
item_ADVOCATE INSULIN PEN NEED,6.826297101178553e-22,1.4880777616069915e-19,25,0.0,3.469446951953614e-18,0.04294255085946481,0.5265155553448565
item_ELETRIPTAN HYDROBROMIDE,6.826297101178553e-22,1.4880777616069915e-19,25,0.0,3.469446951953614e-18,0.04294255085946481,0.5265155553448565
item_ELIDEL,6.826297101178553e-22,1.4880777616069915e-19,25,0.0,3.469446951953614e-18,0.04294255085946481,0.5265155553448565
item_ELMIRON,6.826297101178553e-22,1.4880777616069915e-19,25,0.0,3.469446951953614e-18,0.04294255085946481,0.5265155553448565
item_ENABLEX,6.826297101178553e-22,1.4880777616069915e-19,25,0.0,3.469446951953614e-18,0.04294255085946481,0.5265155553448565
item_ENALAPRIL MALEATE/HYDROCH,6.826297101178553e-22,1.4880777616069915e-19,25,0.0,3.469446951953614e-18,0.04294255085946481,0.5265155553448565
item_ENBREL,6.826297101178553e-22,1.4880777616069915e-19,25,0.0,3.469446951953614e-18,0.04294255085946481,0.5265155553448565
item_EAR DROPS EARWAX REMOVAL,6.826297101178553e-22,1.4880777616069915e-19,25,0.0,3.469446951953614e-18,0.04294255085946481,0.5265155553448565
item_EASY TOUCH INSULIN SYRING,6.826297101178553e-22,1.4880777616069915e-19,25,0.0,3.469446951953614e-18,0.04294255085946481,0.5265155553448565
item_EASY TOUCH PEN NEEDLES 31,6.826297101178553e-22,1.4880777616069915e-19,25,0.0,3.469446951953614e-18,0.04294255085946481,0.5265155553448565
item_EASY TOUCH PEN NEEDLES/31,6.826297101178553e-22,1.4880777616069915e-19,25,0.0,3.469446951953614e-18,0.04294255085946481,0.5265155553448565
item_EDARBI,6.826297101178553e-22,1.4880777616069915e-19,25,0.0,3.469446951953614e-18,0.04294255085946481,0.5265155553448565
item_VELPHORO,6.826297101178553e-22,1.4880777616069915e-19,25,0.0,3.469446951953614e-18,0.04294255085946481,0.5265155553448565
item_DISULFIRAM,6.826297101178553e-22,1.4880777616069915e-19,25,0.0,3.469446951953614e-18,0.04294255085946481,0.5265155553448565
item_VIAGRA,6.826297101178553e-22,1.4880777616069915e-19,25,0.0,3.469446951953614e-18,0.04294255085946481,0.5265155553448565
item_VYVANSE,6.826297101178553e-22,1.4880777616069915e-19,25,0.0,3.469446951953614e-18,0.04294255085946481,0.5265155553448565
item_ZYTIGA,6.826297101178553e-22,1.4880777616069915e-19,25,0.0,3.469446951953614e-18,0.04294255085946481,0.5265155553448565
item_ZYLET,6.826297101178553e-22,1.4880777616069915e-19,25,0.0,3.469446951953614e-18,0.04294255085946481,0.5265155553448565
item_ABILIFY,6.826297101178553e-22,1.4880777616069915e-19,25,0.0,3.469446951953614e-18,0.04294255085946481,0.5265155553448565
item_ABILIFY MAINTENA,6.826297101178553e-22,1.4880777616069915e-19,25,0.0,3.469446951953614e-18,0.04294255085946481,0.5265155553448565
item_ACCU-CHEK COMPACT PLUS,6.826297101178553e-22,1.4880777616069915e-19,25,0.0,3.469446951953614e-18,0.04294255085946481,0.5265155553448565
item_ACCU-CHEK FASTCLIX LANCET,6.826297101178553e-22,1.4880777616069915e-19,25,0.0,3.469446951953614e-18,0.04294255085946481,0.5265155553448565
item_ACCU-CHEK GUIDE,6.826297101178553e-22,1.4880777616069915e-19,25,0.0,3.469446951953614e-18,0.04294255085946481,0.5265155553448565
item_ACCU-CHEK MULTICLIX LANCE,6.826297101178553e-22,1.4880777616069915e-19,25,0.0,3.469446951953614e-18,0.04294255085946481,0.5265155553448565
item_ACCU-CHEK NANO SMARTVIEW,6.826297101178553e-22,1.4880777616069915e-19,25,0.0,3.469446951953614e-18,0.04294255085946481,0.5265155553448565
item_ACCU-CHEK SMARTVIEW CONTR,6.826297101178553e-22,1.4880777616069915e-19,25,0.0,3.469446951953614e-18,0.04294255085946481,0.5265155553448565
item_ALVESCO,6.826297101178553e-22,1.4880777616069915e-19,25,0.0,3.469446951953614e-18,0.04294255085946481,0.5265155553448565
item_5 SERIES BLOOD PRESSURE M,6.826297101178553e-22,1.4880777616069915e-19,25,0.0,3.469446951953614e-18,0.04294255085946481,0.5265155553448565
item_ACEBUTOLOL HCL,6.826297101178553e-22,1.4880777616069915e-19,25,0.0,3.469446951953614e-18,0.04294255085946481,0.5265155553448565
item_ZONISAMIDE,6.826297101178553e-22,1.4880777616069915e-19,25,0.0,3.469446951953614e-18,0.04294255085946481,0.5265155553448565
item_ACETAZOLAMIDE,6.826297101178553e-22,1.4880777616069915e-19,25,0.0,3.469446951953614e-18,0.04294255085946481,0.5265155553448565
item_ACETAZOLAMIDE ER,6.826297101178553e-22,1.4880777616069915e-19,25,0.0,3.469446951953614e-18,0.04294255085946481,0.5265155553448565
item_ACETIC ACID,6.826297101178553e-22,1.4880777616069915e-19,25,0.0,3.469446951953614e-18,0.04294255085946481,0.5265155553448565
item_ACIPHEX,6.826297101178553e-22,1.4880777616069915e-19,25,0.0,3.469446951953614e-18,0.04294255085946481,0.5265155553448565
item_ACITRETIN,6.826297101178553e-22,1.4880777616069915e-19,25,0.0,3.469446951953614e-18,0.04294255085946481,0.5265155553448565
item_ACTONEL,6.826297101178553e-22,1.4880777616069915e-19,25,0.0,3.469446951953614e-18,0.04294255085946481,0.5265155553448565
item_ALOGLIPTIN,6.826297101178553e-22,1.4880777616069915e-19,25,0.0,3.469446951953614e-18,0.04294255085946481,0.5265155553448565
item_ALPRAZOLAM ER,6.826297101178553e-22,1.4880777616069915e-19,25,0.0,3.469446951953614e-18,0.04294255085946481,0.5265155553448565
item_ALPRAZOLAM XR,6.826297101178553e-22,1.4880777616069915e-19,25,0.0,3.469446951953614e-18,0.04294255085946481,0.5265155553448565
item_ALREX,6.826297101178553e-22,1.4880777616069915e-19,25,0.0,3.469446951953614e-18,0.04294255085946481,0.5265155553448565
item_ALTACE,6.826297101178553e-22,1.4880777616069915e-19,25,0.0,3.469446951953614e-18,0.04294255085946481,0.5265155553448565
item_ZOSTAVAX,6.826297101178553e-22,1.4880777616069915e-19,25,0.0,3.469446951953614e-18,0.04294255085946481,0.5265155553448565
item_ENBREL SURECLICK,6.826297101178553e-22,1.4880777616069915e-19,25,0.0,3.469446951953614e-18,0.04294255085946481,0.5265155553448565
item_ENDOCET,6.826297101178553e-22,1.4880777616069915e-19,25,0.0,3.469446951953614e-18,0.04294255085946481,0.5265155553448565
item_ENSTILAR,6.826297101178553e-22,1.4880777616069915e-19,25,0.0,3.469446951953614e-18,0.04294255085946481,0.5265155553448565
item_ENTECAVIR,6.826297101178553e-22,1.4880777616069915e-19,25,0.0,3.469446951953614e-18,0.04294255085946481,0.5265155553448565
item_ENULOSE,6.826297101178553e-22,1.4880777616069915e-19,25,0.0,3.469446951953614e-18,0.04294255085946481,0.5265155553448565
item_EPCLUSA,6.826297101178553e-22,1.4880777616069915e-19,25,0.0,3.469446951953614e-18,0.04294255085946481,0.5265155553448565
item_EPINASTINE HCL,6.826297101178553e-22,1.4880777616069915e-19,25,0.0,3.469446951953614e-18,0.04294255085946481,0.5265155553448565
item_DIPYRIDAMOLE,6.826297101178553e-22,1.4880777616069915e-19,25,0.0,3.469446951953614e-18,0.04294255085946481,0.5265155553448565
item_FEMRING,6.826297101178553e-22,1.4880777616069915e-19,25,0.0,3.469446951953614e-18,0.04294255085946481,0.5265155553448565
item_FERROUS GLUCONATE,6.826297101178553e-22,1.4880777616069915e-19,25,0.0,3.469446951953614e-18,0.04294255085946481,0.5265155553448565
item_DILTIAZEM CD,6.826297101178553e-22,1.4880777616069915e-19,25,0.0,3.469446951953614e-18,0.04294255085946481,0.5265155553448565
item_DILTIAZEM HCL CD,6.826297101178553e-22,1.4880777616069915e-19,25,0.0,3.469446951953614e-18,0.04294255085946481,0.5265155553448565
item_DIOVAN,6.826297101178553e-22,1.4880777616069915e-19,25,0.0,3.469446951953614e-18,0.04294255085946481,0.5265155553448565
item_EDARBYCLOR,6.826297101178553e-22,1.4880777616069915e-19,25,0.0,3.469446951953614e-18,0.04294255085946481,0.5265155553448565
item_DIPHENHYDRAMINE HYDROCHLO,6.826297101178553e-22,1.4880777616069915e-19,25,0.0,3.469446951953614e-18,0.04294255085946481,0.5265155553448565
item_DICLOFENAC SODIUM ER,6.826297101178553e-22,1.4880777616069915e-19,25,0.0,3.469446951953614e-18,0.04294255085946481,0.5265155553448565
item_DICLOFENAC SODIUM/MISOPRO,6.826297101178553e-22,1.4880777616069915e-19,25,0.0,3.469446951953614e-18,0.04294255085946481,0.5265155553448565
item_DIFLUNISAL,6.826297101178553e-22,1.4880777616069915e-19,25,0.0,3.469446951953614e-18,0.04294255085946481,0.5265155553448565
item_DIGITEK,6.826297101178553e-22,1.4880777616069915e-19,25,0.0,3.469446951953614e-18,0.04294255085946481,0.5265155553448565
item_EXELON,6.826297101178553e-22,1.4880777616069915e-19,25,0.0,3.469446951953614e-18,0.04294255085946481,0.5265155553448565
item_EXEMESTANE,6.826297101178553e-22,1.4880777616069915e-19,25,0.0,3.469446951953614e-18,0.04294255085946481,0.5265155553448565
item_EXFORGE,6.826297101178553e-22,1.4880777616069915e-19,25,0.0,3.469446951953614e-18,0.04294255085946481,0.5265155553448565
item_EZETIMIBE/SIMVASTATIN,6.826297101178553e-22,1.4880777616069915e-19,25,0.0,3.469446951953614e-18,0.04294255085946481,0.5265155553448565
item_DEXTROAMPHETAMINE SULFATE,6.826297101178553e-22,1.4880777616069915e-19,25,0.0,3.469446951953614e-18,0.04294255085946481,0.5265155553448565
item_DEXTROSE 5%/NACL 0.45%,6.826297101178553e-22,1.4880777616069915e-19,25,0.0,3.469446951953614e-18,0.04294255085946481,0.5265155553448565
item_FLURBIPROFEN,6.826297101178553e-22,1.4880777616069915e-19,25,0.0,3.469446951953614e-18,0.04294255085946481,0.5265155553448565
item_FLUTICASONE PROPIONATE/SA,6.826297101178553e-22,1.4880777616069915e-19,25,0.0,3.469446951953614e-18,0.04294255085946481,0.5265155553448565
item_DIOVAN HCT,6.826297101178553e-22,1.4880777616069915e-19,25,0.0,3.469446951953614e-18,0.04294255085946481,0.5265155553448565
item_EFFEXOR XR,6.826297101178553e-22,1.4880777616069915e-19,25,0.0,3.469446951953614e-18,0.04294255085946481,0.5265155553448565
item_DOXYCYCLINE HYCLATE DR,6.826297101178553e-22,1.4880777616069915e-19,25,0.0,3.469446951953614e-18,0.04294255085946481,0.5265155553448565
item_DUEXIS,6.826297101178553e-22,1.4880777616069915e-19,25,0.0,3.469446951953614e-18,0.04294255085946481,0.5265155553448565
item_DUPIXENT,6.826297101178553e-22,1.4880777616069915e-19,25,0.0,3.469446951953614e-18,0.04294255085946481,0.5265155553448565
item_DUTASTERIDE/TAMSULOSIN HC,6.826297101178553e-22,1.4880777616069915e-19,25,0.0,3.469446951953614e-18,0.04294255085946481,0.5265155553448565
item_DUTASTERIDE/TAMSULOSIN HY,6.826297101178553e-22,1.4880777616069915e-19,25,0.0,3.469446951953614e-18,0.04294255085946481,0.5265155553448565
item_DIVIGEL,6.826297101178553e-22,1.4880777616069915e-19,25,0.0,3.469446951953614e-18,0.04294255085946481,0.5265155553448565
item_DOCUSATE SODIUM & SENNA S,6.826297101178553e-22,1.4880777616069915e-19,25,0.0,3.469446951953614e-18,0.04294255085946481,0.5265155553448565
item_DORZOLAMIDE HCL,6.826297101178553e-22,1.4880777616069915e-19,25,0.0,3.469446951953614e-18,0.04294255085946481,0.5265155553448565
item_DOXYCYCLINE,6.826297101178553e-22,1.4880777616069915e-19,25,0.0,3.469446951953614e-18,0.04294255085946481,0.5265155553448565
item_ESTRING,6.826297101178553e-22,1.4880777616069915e-19,25,0.0,3.469446951953614e-18,0.04294255085946481,0.5265155553448565
item_ESTROPIPATE,6.826297101178553e-22,1.4880777616069915e-19,25,0.0,3.469446951953614e-18,0.04294255085946481,0.5265155553448565
item_ETHAMBUTOL HYDROCHLORIDE,6.826297101178553e-22,1.4880777616069915e-19,25,0.0,3.469446951953614e-18,0.04294255085946481,0.5265155553448565
item_EQ MUCUS ER,6.826297101178553e-22,1.4880777616069915e-19,25,0.0,3.469446951953614e-18,0.04294255085946481,0.5265155553448565
item_EUCRISA,6.826297101178553e-22,1.4880777616069915e-19,25,0.0,3.469446951953614e-18,0.04294255085946481,0.5265155553448565
item_EVISTA,6.826297101178553e-22,1.4880777616069915e-19,25,0.0,3.469446951953614e-18,0.04294255085946481,0.5265155553448565
item_EVZIO,6.826297101178553e-22,1.4880777616069915e-19,25,0.0,3.469446951953614e-18,0.04294255085946481,0.5265155553448565
item_EQ STOOL SOFTENER,6.826297101178553e-22,1.4880777616069915e-19,25,0.0,3.469446951953614e-18,0.04294255085946481,0.5265155553448565
item_ERY-TAB,6.826297101178553e-22,1.4880777616069915e-19,25,0.0,3.469446951953614e-18,0.04294255085946481,0.5265155553448565
item_ESBRIET,6.826297101178553e-22,1.4880777616069915e-19,25,0.0,3.469446951953614e-18,0.04294255085946481,0.5265155553448565
item_ESTERIFIED ESTROGENS/METH,6.826297101178553e-22,1.4880777616069915e-19,25,0.0,3.469446951953614e-18,0.04294255085946481,0.5265155553448565
item_ESTRADIOL/NORETHINDRONE A,6.826297101178553e-22,1.4880777616069915e-19,25,0.0,3.469446951953614e-18,0.04294255085946481,0.5265155553448565
item_EPITOL,6.826297101178553e-22,1.4880777616069915e-19,25,0.0,3.469446951953614e-18,0.04294255085946481,0.5265155553448565
item_EPLERENONE,6.826297101178553e-22,1.4880777616069915e-19,25,0.0,3.469446951953614e-18,0.04294255085946481,0.5265155553448565
item_EPZICOM,6.826297101178553e-22,1.4880777616069915e-19,25,0.0,3.469446951953614e-18,0.04294255085946481,0.5265155553448565
item_EQ ALLERGY RELIEF,6.826297101178553e-22,1.4880777616069915e-19,25,0.0,3.469446951953614e-18,0.04294255085946481,0.5265155553448565
item_EQ ASPIRIN,6.826297101178553e-22,1.4880777616069915e-19,25,0.0,3.469446951953614e-18,0.04294255085946481,0.5265155553448565
item_EQ ASPIRIN ADULT LOW DOSE,6.826297101178553e-22,1.4880777616069915e-19,25,0.0,3.469446951953614e-18,0.04294255085946481,0.5265155553448565
item_ETODOLAC ER,6.826297101178553e-22,1.4880777616069915e-19,25,0.0,3.469446951953614e-18,0.04294255085946481,0.5265155553448565
item_TRUEPLUS INSULIN SYRINGE/,6.826297101178553e-22,1.4880777616069915e-19,25,0.0,3.469446951953614e-18,0.04294255085946481,0.5265155553448565
item_TRIFLUOPERAZINE HCL,6.826297101178553e-22,1.4880777616069915e-19,25,0.0,3.469446951953614e-18,0.04294255085946481,0.5265155553448565
item_TRIFLURIDINE,6.826297101178553e-22,1.4880777616069915e-19,25,0.0,3.469446951953614e-18,0.04294255085946481,0.5265155553448565
item_TRIHEXYPHENIDYL HCL,6.826297101178553e-22,1.4880777616069915e-19,25,0.0,3.469446951953614e-18,0.04294255085946481,0.5265155553448565
item_TRIHEXYPHENIDYL HYDROCHLO,6.826297101178553e-22,1.4880777616069915e-19,25,0.0,3.469446951953614e-18,0.04294255085946481,0.5265155553448565
item_TRILYTE,6.826297101178553e-22,1.4880777616069915e-19,25,0.0,3.469446951953614e-18,0.04294255085946481,0.5265155553448565
item_TRIPHROCAPS,6.826297101178553e-22,1.4880777616069915e-19,25,0.0,3.469446951953614e-18,0.04294255085946481,0.5265155553448565
item_TRIPLE ANTIBIOTIC,6.826297101178553e-22,1.4880777616069915e-19,25,0.0,3.469446951953614e-18,0.04294255085946481,0.5265155553448565
item_TROKENDI XR,6.826297101178553e-22,1.4880777616069915e-19,25,0.0,3.469446951953614e-18,0.04294255085946481,0.5265155553448565
item_TRAVEL SICKNESS,6.826297101178553e-22,1.4880777616069915e-19,25,0.0,3.469446951953614e-18,0.04294255085946481,0.5265155553448565
item_TRETINOIN,6.826297101178553e-22,1.4880777616069915e-19,25,0.0,3.469446951953614e-18,0.04294255085946481,0.5265155553448565
item_TRIAZOLAM,6.826297101178553e-22,1.4880777616069915e-19,25,0.0,3.469446951953614e-18,0.04294255085946481,0.5265155553448565
item_TRIBENZOR,6.826297101178553e-22,1.4880777616069915e-19,25,0.0,3.469446951953614e-18,0.04294255085946481,0.5265155553448565
item_DESONIDE,6.826297101178553e-22,1.4880777616069915e-19,25,0.0,3.469446951953614e-18,0.04294255085946481,0.5265155553448565
item_TRACLEER,6.826297101178553e-22,1.4880777616069915e-19,25,0.0,3.469446951953614e-18,0.04294255085946481,0.5265155553448565
item_TRANDOLAPRIL,6.826297101178553e-22,1.4880777616069915e-19,25,0.0,3.469446951953614e-18,0.04294255085946481,0.5265155553448565
item_TRANDOLAPRIL/VERAPAMIL HC,6.826297101178553e-22,1.4880777616069915e-19,25,0.0,3.469446951953614e-18,0.04294255085946481,0.5265155553448565
item_TRANEXAMIC ACID,6.826297101178553e-22,1.4880777616069915e-19,25,0.0,3.469446951953614e-18,0.04294255085946481,0.5265155553448565
item_TRANSDERM-SCOP,6.826297101178553e-22,1.4880777616069915e-19,25,0.0,3.469446951953614e-18,0.04294255085946481,0.5265155553448565
item_METHYLDOPA,6.826297101178553e-22,1.4880777616069915e-19,25,0.0,3.469446951953614e-18,0.04294255085946481,0.5265155553448565
item_METOPROLOL/HYDROCHLOROTHI,6.826297101178553e-22,1.4880777616069915e-19,25,0.0,3.469446951953614e-18,0.04294255085946481,0.5265155553448565
item_METRONIDAZOLE VAGINAL,6.826297101178553e-22,1.4880777616069915e-19,25,0.0,3.469446951953614e-18,0.04294255085946481,0.5265155553448565
item_MI-ACID GAS RELIEF,6.826297101178553e-22,1.4880777616069915e-19,25,0.0,3.469446951953614e-18,0.04294255085946481,0.5265155553448565
item_MICARDIS,6.826297101178553e-22,1.4880777616069915e-19,25,0.0,3.469446951953614e-18,0.04294255085946481,0.5265155553448565
item_MICARDIS HCT,6.826297101178553e-22,1.4880777616069915e-19,25,0.0,3.469446951953614e-18,0.04294255085946481,0.5265155553448565
item_MICROLET LANCETS,6.826297101178553e-22,1.4880777616069915e-19,25,0.0,3.469446951953614e-18,0.04294255085946481,0.5265155553448565
item_METANX,6.826297101178553e-22,1.4880777616069915e-19,25,0.0,3.469446951953614e-18,0.04294255085946481,0.5265155553448565
item_TRICOR,6.826297101178553e-22,1.4880777616069915e-19,25,0.0,3.469446951953614e-18,0.04294255085946481,0.5265155553448565
item_CHANTIX STARTING MONTH PA,6.826297101178553e-22,1.4880777616069915e-19,25,0.0,3.469446951953614e-18,0.04294255085946481,0.5265155553448565
item_CHLORDIAZEPOXIDE HCL,6.826297101178553e-22,1.4880777616069915e-19,25,0.0,3.469446951953614e-18,0.04294255085946481,0.5265155553448565
item_CHLORDIAZEPOXIDE HCL/CLID,6.826297101178553e-22,1.4880777616069915e-19,25,0.0,3.469446951953614e-18,0.04294255085946481,0.5265155553448565
item_CHLORDIAZEPOXIDE HYDROCHL,6.826297101178553e-22,1.4880777616069915e-19,25,0.0,3.469446951953614e-18,0.04294255085946481,0.5265155553448565
item_CHLORZOXAZONE,6.826297101178553e-22,1.4880777616069915e-19,25,0.0,3.469446951953614e-18,0.04294255085946481,0.5265155553448565
item_CHOLESTYRAMINE LIGHT,6.826297101178553e-22,1.4880777616069915e-19,25,0.0,3.469446951953614e-18,0.04294255085946481,0.5265155553448565
item_CELEBREX,6.826297101178553e-22,1.4880777616069915e-19,25,0.0,3.469446951953614e-18,0.04294255085946481,0.5265155553448565
item_CERTAVITE SENIOR/ANTIOXID,6.826297101178553e-22,1.4880777616069915e-19,25,0.0,3.469446951953614e-18,0.04294255085946481,0.5265155553448565
item_CERTAVITE/ANTIOXIDANTS,6.826297101178553e-22,1.4880777616069915e-19,25,0.0,3.469446951953614e-18,0.04294255085946481,0.5265155553448565
item_CETIRIZINE HCL,6.826297101178553e-22,1.4880777616069915e-19,25,0.0,3.469446951953614e-18,0.04294255085946481,0.5265155553448565
item_CEVIMELINE HYDROCHLORIDE,6.826297101178553e-22,1.4880777616069915e-19,25,0.0,3.469446951953614e-18,0.04294255085946481,0.5265155553448565
item_CHANTIX,6.826297101178553e-22,1.4880777616069915e-19,25,0.0,3.469446951953614e-18,0.04294255085946481,0.5265155553448565
item_CHANTIX CONTINUING MONTH,6.826297101178553e-22,1.4880777616069915e-19,25,0.0,3.469446951953614e-18,0.04294255085946481,0.5265155553448565
item_TRUE METRIX CONTROL SOLUT,6.826297101178553e-22,1.4880777616069915e-19,25,0.0,3.469446951953614e-18,0.04294255085946481,0.5265155553448565
item_CARVEDILOL PHOSPHATE,6.826297101178553e-22,1.4880777616069915e-19,25,0.0,3.469446951953614e-18,0.04294255085946481,0.5265155553448565
item_CEFAZOLIN SODIUM,6.826297101178553e-22,1.4880777616069915e-19,25,0.0,3.469446951953614e-18,0.04294255085946481,0.5265155553448565
item_CEFEPIME,6.826297101178553e-22,1.4880777616069915e-19,25,0.0,3.469446951953614e-18,0.04294255085946481,0.5265155553448565
item_CEFPODOXIME PROXETIL,6.826297101178553e-22,1.4880777616069915e-19,25,0.0,3.469446951953614e-18,0.04294255085946481,0.5265155553448565
item_CEFPROZIL,6.826297101178553e-22,1.4880777616069915e-19,25,0.0,3.469446951953614e-18,0.04294255085946481,0.5265155553448565
item_LITHIUM CARBONATE ER,6.826297101178553e-22,1.4880777616069915e-19,25,0.0,3.469446951953614e-18,0.04294255085946481,0.5265155553448565
item_LOPREEZA,6.826297101178553e-22,1.4880777616069915e-19,25,0.0,3.469446951953614e-18,0.04294255085946481,0.5265155553448565
item_LOVAZA,6.826297101178553e-22,1.4880777616069915e-19,25,0.0,3.469446951953614e-18,0.04294255085946481,0.5265155553448565
item_LOVENOX,6.826297101178553e-22,1.4880777616069915e-19,25,0.0,3.469446951953614e-18,0.04294255085946481,0.5265155553448565
item_TROPICAMIDE,6.826297101178553e-22,1.4880777616069915e-19,25,0.0,3.469446951953614e-18,0.04294255085946481,0.5265155553448565
item_TROSPIUM CHLORIDE,6.826297101178553e-22,1.4880777616069915e-19,25,0.0,3.469446951953614e-18,0.04294255085946481,0.5265155553448565
item_TROSPIUM CHLORIDE ER,6.826297101178553e-22,1.4880777616069915e-19,25,0.0,3.469446951953614e-18,0.04294255085946481,0.5265155553448565
item_TRUE METRIX AIR W/BLUETOO,6.826297101178553e-22,1.4880777616069915e-19,25,0.0,3.469446951953614e-18,0.04294255085946481,0.5265155553448565
item_TRUE METRIX BLOOD GLUCOSE,6.826297101178553e-22,1.4880777616069915e-19,25,0.0,3.469446951953614e-18,0.04294255085946481,0.5265155553448565
item_LOXAPINE SUCCINATE,6.826297101178553e-22,1.4880777616069915e-19,25,0.0,3.469446951953614e-18,0.04294255085946481,0.5265155553448565
item_CALCITONIN SALMON,6.826297101178553e-22,1.4880777616069915e-19,25,0.0,3.469446951953614e-18,0.04294255085946481,0.5265155553448565
item_AFLURIA PF 2017-2018,6.826297101178553e-22,1.4880777616069915e-19,25,0.0,3.469446951953614e-18,0.04294255085946481,0.5265155553448565
item_CALCITRATE,6.826297101178553e-22,1.4880777616069915e-19,25,0.0,3.469446951953614e-18,0.04294255085946481,0.5265155553448565
item_MILK OF MAGNESIA,6.826297101178553e-22,1.4880777616069915e-19,25,0.0,3.469446951953614e-18,0.04294255085946481,0.5265155553448565
item_MIMVEY,6.826297101178553e-22,1.4880777616069915e-19,25,0.0,3.469446951953614e-18,0.04294255085946481,0.5265155553448565
item_MINIVELLE,6.826297101178553e-22,1.4880777616069915e-19,25,0.0,3.469446951953614e-18,0.04294255085946481,0.5265155553448565
item_MINOCYCLINE HCL,6.826297101178553e-22,1.4880777616069915e-19,25,0.0,3.469446951953614e-18,0.04294255085946481,0.5265155553448565
item_MIRALAX,6.826297101178553e-22,1.4880777616069915e-19,25,0.0,3.469446951953614e-18,0.04294255085946481,0.5265155553448565
item_MIRTAZAPINE ODT,6.826297101178553e-22,1.4880777616069915e-19,25,0.0,3.469446951953614e-18,0.04294255085946481,0.5265155553448565
item_NEFAZODONE HCL,6.826297101178553e-22,1.4880777616069915e-19,25,0.0,3.469446951953614e-18,0.04294255085946481,0.5265155553448565
item_NEFAZODONE HYDROCHLORIDE,6.826297101178553e-22,1.4880777616069915e-19,25,0.0,3.469446951953614e-18,0.04294255085946481,0.5265155553448565
item_NEOMYCIN/POLYMYXIN/HC,6.826297101178553e-22,1.4880777616069915e-19,25,0.0,3.469446951953614e-18,0.04294255085946481,0.5265155553448565
item_NEURONTIN,6.826297101178553e-22,1.4880777616069915e-19,25,0.0,3.469446951953614e-18,0.04294255085946481,0.5265155553448565
item_METHAZOLAMIDE,6.826297101178553e-22,1.4880777616069915e-19,25,0.0,3.469446951953614e-18,0.04294255085946481,0.5265155553448565
item_NEXAVAR,6.826297101178553e-22,1.4880777616069915e-19,25,0.0,3.469446951953614e-18,0.04294255085946481,0.5265155553448565
item_NAPROXEN DR,6.826297101178553e-22,1.4880777616069915e-19,25,0.0,3.469446951953614e-18,0.04294255085946481,0.5265155553448565
item_NAPROXEN SODIUM,6.826297101178553e-22,1.4880777616069915e-19,25,0.0,3.469446951953614e-18,0.04294255085946481,0.5265155553448565
item_NARATRIPTAN HCL,6.826297101178553e-22,1.4880777616069915e-19,25,0.0,3.469446951953614e-18,0.04294255085946481,0.5265155553448565
item_NATEGLINIDE,6.826297101178553e-22,1.4880777616069915e-19,25,0.0,3.469446951953614e-18,0.04294255085946481,0.5265155553448565
item_NATURE-THROID,6.826297101178553e-22,1.4880777616069915e-19,25,0.0,3.469446951953614e-18,0.04294255085946481,0.5265155553448565
item_NAFTIFINE HYDROCHLORIDE,6.826297101178553e-22,1.4880777616069915e-19,25,0.0,3.469446951953614e-18,0.04294255085946481,0.5265155553448565
item_NAFTIN,6.826297101178553e-22,1.4880777616069915e-19,25,0.0,3.469446951953614e-18,0.04294255085946481,0.5265155553448565
item_NALOXONE HCL,6.826297101178553e-22,1.4880777616069915e-19,25,0.0,3.469446951953614e-18,0.04294255085946481,0.5265155553448565
item_NAMENDA,6.826297101178553e-22,1.4880777616069915e-19,25,0.0,3.469446951953614e-18,0.04294255085946481,0.5265155553448565
item_MONOJECT INSULIN SYRINGE/,6.826297101178553e-22,1.4880777616069915e-19,25,0.0,3.469446951953614e-18,0.04294255085946481,0.5265155553448565
item_MONOJECT ULTRA COMFORT IN,6.826297101178553e-22,1.4880777616069915e-19,25,0.0,3.469446951953614e-18,0.04294255085946481,0.5265155553448565
item_MOVANTIK,6.826297101178553e-22,1.4880777616069915e-19,25,0.0,3.469446951953614e-18,0.04294255085946481,0.5265155553448565
item_NEVANAC,6.826297101178553e-22,1.4880777616069915e-19,25,0.0,3.469446951953614e-18,0.04294255085946481,0.5265155553448565
item_METHOTREXATE SODIUM,6.826297101178553e-22,1.4880777616069915e-19,25,0.0,3.469446951953614e-18,0.04294255085946481,0.5265155553448565
item_METHSCOPOLAMINE BROMIDE,6.826297101178553e-22,1.4880777616069915e-19,25,0.0,3.469446951953614e-18,0.04294255085946481,0.5265155553448565
item_MEFLOQUINE HCL,6.826297101178553e-22,1.4880777616069915e-19,25,0.0,3.469446951953614e-18,0.04294255085946481,0.5265155553448565
item_MENEST,6.826297101178553e-22,1.4880777616069915e-19,25,0.0,3.469446951953614e-18,0.04294255085946481,0.5265155553448565
item_MEPERIDINE HCL,6.826297101178553e-22,1.4880777616069915e-19,25,0.0,3.469446951953614e-18,0.04294255085946481,0.5265155553448565
item_MERCAPTOPURINE,6.826297101178553e-22,1.4880777616069915e-19,25,0.0,3.469446951953614e-18,0.04294255085946481,0.5265155553448565
item_MEROPENEM,6.826297101178553e-22,1.4880777616069915e-19,25,0.0,3.469446951953614e-18,0.04294255085946481,0.5265155553448565
item_MESALAMINE,6.826297101178553e-22,1.4880777616069915e-19,25,0.0,3.469446951953614e-18,0.04294255085946481,0.5265155553448565
item_CICLOPIROX,6.826297101178553e-22,1.4880777616069915e-19,25,0.0,3.469446951953614e-18,0.04294255085946481,0.5265155553448565
item_MAGNESIUM,6.826297101178553e-22,1.4880777616069915e-19,25,0.0,3.469446951953614e-18,0.04294255085946481,0.5265155553448565
item_MAGNESIUM-OXIDE,6.826297101178553e-22,1.4880777616069915e-19,25,0.0,3.469446951953614e-18,0.04294255085946481,0.5265155553448565
item_MAPAP ARTHRITIS PAIN,6.826297101178553e-22,1.4880777616069915e-19,25,0.0,3.469446951953614e-18,0.04294255085946481,0.5265155553448565
item_MATZIM LA,6.826297101178553e-22,1.4880777616069915e-19,25,0.0,3.469446951953614e-18,0.04294255085946481,0.5265155553448565
item_CALCIPOTRIENE/BETAMETHASO,6.826297101178553e-22,1.4880777616069915e-19,25,0.0,3.469446951953614e-18,0.04294255085946481,0.5265155553448565
item_CAPTOPRIL,6.826297101178553e-22,1.4880777616069915e-19,25,0.0,3.469446951953614e-18,0.04294255085946481,0.5265155553448565
item_CAPTOPRIL/HYDROCHLOROTHIA,6.826297101178553e-22,1.4880777616069915e-19,25,0.0,3.469446951953614e-18,0.04294255085946481,0.5265155553448565
item_CARBIDOPA/LEVODOPA ODT,6.826297101178553e-22,1.4880777616069915e-19,25,0.0,3.469446951953614e-18,0.04294255085946481,0.5265155553448565
item_CARDIZEM LA,6.826297101178553e-22,1.4880777616069915e-19,25,0.0,3.469446951953614e-18,0.04294255085946481,0.5265155553448565
item_MOEXIPRIL HCL,6.826297101178553e-22,1.4880777616069915e-19,25,0.0,3.469446951953614e-18,0.04294255085946481,0.5265155553448565
item_CALCIUM,6.826297101178553e-22,1.4880777616069915e-19,25,0.0,3.469446951953614e-18,0.04294255085946481,0.5265155553448565
item_CALCIUM ANTACID,6.826297101178553e-22,1.4880777616069915e-19,25,0.0,3.469446951953614e-18,0.04294255085946481,0.5265155553448565
item_CALCIUM CARBONATE,6.826297101178553e-22,1.4880777616069915e-19,25,0.0,3.469446951953614e-18,0.04294255085946481,0.5265155553448565
item_CANASA,6.826297101178553e-22,1.4880777616069915e-19,25,0.0,3.469446951953614e-18,0.04294255085946481,0.5265155553448565
item_CANDESARTAN CILEXETIL,6.826297101178553e-22,1.4880777616069915e-19,25,0.0,3.469446951953614e-18,0.04294255085946481,0.5265155553448565
item_CANDESARTAN CILEXETIL/HYD,6.826297101178553e-22,1.4880777616069915e-19,25,0.0,3.469446951953614e-18,0.04294255085946481,0.5265155553448565
item_MISOPROSTOL,6.826297101178553e-22,1.4880777616069915e-19,25,0.0,3.469446951953614e-18,0.04294255085946481,0.5265155553448565
item_MITIGARE,6.826297101178553e-22,1.4880777616069915e-19,25,0.0,3.469446951953614e-18,0.04294255085946481,0.5265155553448565
item_CABERGOLINE,6.826297101178553e-22,1.4880777616069915e-19,25,0.0,3.469446951953614e-18,0.04294255085946481,0.5265155553448565
item_MEDROXYPROGESTERONE ACETA,6.826297101178553e-22,1.4880777616069915e-19,25,0.0,3.469446951953614e-18,0.04294255085946481,0.5265155553448565
item_HYSINGLA ER,6.826297101178553e-22,1.4880777616069915e-19,25,0.0,3.469446951953614e-18,0.04294255085946481,0.5265155553448565
item_HYZAAR,6.826297101178553e-22,1.4880777616069915e-19,25,0.0,3.469446951953614e-18,0.04294255085946481,0.5265155553448565
item_IMATINIB MESYLATE,6.826297101178553e-22,1.4880777616069915e-19,25,0.0,3.469446951953614e-18,0.04294255085946481,0.5265155553448565
item_HYDROCODONE/IBUPROFEN,6.826297101178553e-22,1.4880777616069915e-19,25,0.0,3.469446951953614e-18,0.04294255085946481,0.5265155553448565
item_HYDROCORTISONE ACETATE,6.826297101178553e-22,1.4880777616069915e-19,25,0.0,3.469446951953614e-18,0.04294255085946481,0.5265155553448565
item_HYDROCORTISONE ACETATE/PR,6.826297101178553e-22,1.4880777616069915e-19,25,0.0,3.469446951953614e-18,0.04294255085946481,0.5265155553448565
item_HYDROCORTISONE BUTYRATE,6.826297101178553e-22,1.4880777616069915e-19,25,0.0,3.469446951953614e-18,0.04294255085946481,0.5265155553448565
item_HYDROCORTISONE VALERATE,6.826297101178553e-22,1.4880777616069915e-19,25,0.0,3.469446951953614e-18,0.04294255085946481,0.5265155553448565
item_HYDROCORTISONE/ACETIC ACI,6.826297101178553e-22,1.4880777616069915e-19,25,0.0,3.469446951953614e-18,0.04294255085946481,0.5265155553448565
item_HYDROMORPHONE HCL ER,6.826297101178553e-22,1.4880777616069915e-19,25,0.0,3.469446951953614e-18,0.04294255085946481,0.5265155553448565
item_HYDROQUINONE,6.826297101178553e-22,1.4880777616069915e-19,25,0.0,3.469446951953614e-18,0.04294255085946481,0.5265155553448565
item_CVS ASPIRIN ADULT LOW DOS,6.826297101178553e-22,1.4880777616069915e-19,25,0.0,3.469446951953614e-18,0.04294255085946481,0.5265155553448565
item_IRBESARTAN/HYDROCHLOROTHI,6.826297101178553e-22,1.4880777616069915e-19,25,0.0,3.469446951953614e-18,0.04294255085946481,0.5265155553448565
item_KOMBIGLYZE XR,6.826297101178553e-22,1.4880777616069915e-19,25,0.0,3.469446951953614e-18,0.04294255085946481,0.5265155553448565
item_ISOSORBIDE MONONITRATE,6.826297101178553e-22,1.4880777616069915e-19,25,0.0,3.469446951953614e-18,0.04294255085946481,0.5265155553448565
item_ISRADIPINE,6.826297101178553e-22,1.4880777616069915e-19,25,0.0,3.469446951953614e-18,0.04294255085946481,0.5265155553448565
item_ISTALOL,6.826297101178553e-22,1.4880777616069915e-19,25,0.0,3.469446951953614e-18,0.04294255085946481,0.5265155553448565
item_COZAAR,6.826297101178553e-22,1.4880777616069915e-19,25,0.0,3.469446951953614e-18,0.04294255085946481,0.5265155553448565
item_CROMOLYN SODIUM,6.826297101178553e-22,1.4880777616069915e-19,25,0.0,3.469446951953614e-18,0.04294255085946481,0.5265155553448565
item_CULTURELLE DIGESTIVE HEAL,6.826297101178553e-22,1.4880777616069915e-19,25,0.0,3.469446951953614e-18,0.04294255085946481,0.5265155553448565
item_CVS ACETAMINOPHEN,6.826297101178553e-22,1.4880777616069915e-19,25,0.0,3.469446951953614e-18,0.04294255085946481,0.5265155553448565
item_CVS ALLERGY,6.826297101178553e-22,1.4880777616069915e-19,25,0.0,3.469446951953614e-18,0.04294255085946481,0.5265155553448565
item_CVS ALLERGY RELIEF,6.826297101178553e-22,1.4880777616069915e-19,25,0.0,3.469446951953614e-18,0.04294255085946481,0.5265155553448565
item_CVS ASPIRIN,6.826297101178553e-22,1.4880777616069915e-19,25,0.0,3.469446951953614e-18,0.04294255085946481,0.5265155553448565
item_CONTOUR NEXT BLOOD GLUCOS,6.826297101178553e-22,1.4880777616069915e-19,25,0.0,3.469446951953614e-18,0.04294255085946481,0.5265155553448565
item_CONTRAVE,6.826297101178553e-22,1.4880777616069915e-19,25,0.0,3.469446951953614e-18,0.04294255085946481,0.5265155553448565
item_COREG,6.826297101178553e-22,1.4880777616069915e-19,25,0.0,3.469446951953614e-18,0.04294255085946481,0.5265155553448565
item_ISONIAZID,6.826297101178553e-22,1.4880777616069915e-19,25,0.0,3.469446951953614e-18,0.04294255085946481,0.5265155553448565
item_CYPROHEPTADINE HYDROCHLOR,6.826297101178553e-22,1.4880777616069915e-19,25,0.0,3.469446951953614e-18,0.04294255085946481,0.5265155553448565
item_CYTOMEL,6.826297101178553e-22,1.4880777616069915e-19,25,0.0,3.469446951953614e-18,0.04294255085946481,0.5265155553448565
item_D3,6.826297101178553e-22,1.4880777616069915e-19,25,0.0,3.469446951953614e-18,0.04294255085946481,0.5265155553448565
item_D3-50,6.826297101178553e-22,1.4880777616069915e-19,25,0.0,3.469446951953614e-18,0.04294255085946481,0.5265155553448565
item_DANTROLENE SODIUM,6.826297101178553e-22,1.4880777616069915e-19,25,0.0,3.469446951953614e-18,0.04294255085946481,0.5265155553448565
item_DAPSONE,6.826297101178553e-22,1.4880777616069915e-19,25,0.0,3.469446951953614e-18,0.04294255085946481,0.5265155553448565
item_DARIFENACIN HYDROBROMIDE,6.826297101178553e-22,1.4880777616069915e-19,25,0.0,3.469446951953614e-18,0.04294255085946481,0.5265155553448565
item_DELZICOL,6.826297101178553e-22,1.4880777616069915e-19,25,0.0,3.469446951953614e-18,0.04294255085946481,0.5265155553448565
item_CVS PAIN RELIEF EXTRA STR,6.826297101178553e-22,1.4880777616069915e-19,25,0.0,3.469446951953614e-18,0.04294255085946481,0.5265155553448565
item_CVS STOOL SOFTENER,6.826297101178553e-22,1.4880777616069915e-19,25,0.0,3.469446951953614e-18,0.04294255085946481,0.5265155553448565
item_CVS VITAMIN D3,6.826297101178553e-22,1.4880777616069915e-19,25,0.0,3.469446951953614e-18,0.04294255085946481,0.5265155553448565
item_CYCLOPENTOLATE HCL,6.826297101178553e-22,1.4880777616069915e-19,25,0.0,3.469446951953614e-18,0.04294255085946481,0.5265155553448565
item_CYCLOSPORINE,6.826297101178553e-22,1.4880777616069915e-19,25,0.0,3.469446951953614e-18,0.04294255085946481,0.5265155553448565
item_HYOSCYAMINE SULFATE ER,6.826297101178553e-22,1.4880777616069915e-19,25,0.0,3.469446951953614e-18,0.04294255085946481,0.5265155553448565
item_CYMBALTA,6.826297101178553e-22,1.4880777616069915e-19,25,0.0,3.469446951953614e-18,0.04294255085946481,0.5265155553448565
item_INSULIN SYRINGE/0.5ML/31G,6.826297101178553e-22,1.4880777616069915e-19,25,0.0,3.469446951953614e-18,0.04294255085946481,0.5265155553448565
item_INSULIN SYRINGE/1ML/30G X,6.826297101178553e-22,1.4880777616069915e-19,25,0.0,3.469446951953614e-18,0.04294255085946481,0.5265155553448565
item_INSULIN SYRINGE/U-100/0.5,6.826297101178553e-22,1.4880777616069915e-19,25,0.0,3.469446951953614e-18,0.04294255085946481,0.5265155553448565
item_INVEGA,6.826297101178553e-22,1.4880777616069915e-19,25,0.0,3.469446951953614e-18,0.04294255085946481,0.5265155553448565
item_INVOKAMET,6.826297101178553e-22,1.4880777616069915e-19,25,0.0,3.469446951953614e-18,0.04294255085946481,0.5265155553448565
item_IMIPRAMINE HYDROCHLORIDE,6.826297101178553e-22,1.4880777616069915e-19,25,0.0,3.469446951953614e-18,0.04294255085946481,0.5265155553448565
item_IMIQUIMOD,6.826297101178553e-22,1.4880777616069915e-19,25,0.0,3.469446951953614e-18,0.04294255085946481,0.5265155553448565
item_INDOMETHACIN ER,6.826297101178553e-22,1.4880777616069915e-19,25,0.0,3.469446951953614e-18,0.04294255085946481,0.5265155553448565
item_INFINITY BLOOD GLUCOSE TE,6.826297101178553e-22,1.4880777616069915e-19,25,0.0,3.469446951953614e-18,0.04294255085946481,0.5265155553448565
item_INGREZZA,6.826297101178553e-22,1.4880777616069915e-19,25,0.0,3.469446951953614e-18,0.04294255085946481,0.5265155553448565
item_INSULIN SYRINGE/0.3ML/31G,6.826297101178553e-22,1.4880777616069915e-19,25,0.0,3.469446951953614e-18,0.04294255085946481,0.5265155553448565
item_INSULIN SYRINGE/0.5ML/30G,6.826297101178553e-22,1.4880777616069915e-19,25,0.0,3.469446951953614e-18,0.04294255085946481,0.5265155553448565
item_HYOSCYAMINE SULFATE,6.826297101178553e-22,1.4880777616069915e-19,25,0.0,3.469446951953614e-18,0.04294255085946481,0.5265155553448565
item_CYCLOSPORINE MODIFIED,6.826297101178553e-22,1.4880777616069915e-19,25,0.0,3.469446951953614e-18,0.04294255085946481,0.5265155553448565
item_ITRACONAZOLE,6.826297101178553e-22,1.4880777616069915e-19,25,0.0,3.469446951953614e-18,0.04294255085946481,0.5265155553448565
item_IVERMECTIN,6.826297101178553e-22,1.4880777616069915e-19,25,0.0,3.469446951953614e-18,0.04294255085946481,0.5265155553448565
item_JAKAFI,6.826297101178553e-22,1.4880777616069915e-19,25,0.0,3.469446951953614e-18,0.04294255085946481,0.5265155553448565
item_JALYN,6.826297101178553e-22,1.4880777616069915e-19,25,0.0,3.469446951953614e-18,0.04294255085946481,0.5265155553448565
item_JENTADUETO,6.826297101178553e-22,1.4880777616069915e-19,25,0.0,3.469446951953614e-18,0.04294255085946481,0.5265155553448565
item_JINTELI,6.826297101178553e-22,1.4880777616069915e-19,25,0.0,3.469446951953614e-18,0.04294255085946481,0.5265155553448565
item_LIALDA,6.826297101178553e-22,1.4880777616069915e-19,25,0.0,3.469446951953614e-18,0.04294255085946481,0.5265155553448565
item_LIDOCAINE HCL JELLY,6.826297101178553e-22,1.4880777616069915e-19,25,0.0,3.469446951953614e-18,0.04294255085946481,0.5265155553448565
item_LIDOCAINE HYDROCHLORIDE,6.826297101178553e-22,1.4880777616069915e-19,25,0.0,3.469446951953614e-18,0.04294255085946481,0.5265155553448565
item_LINEZOLID,6.826297101178553e-22,1.4880777616069915e-19,25,0.0,3.469446951953614e-18,0.04294255085946481,0.5265155553448565
item_LIPITOR,6.826297101178553e-22,1.4880777616069915e-19,25,0.0,3.469446951953614e-18,0.04294255085946481,0.5265155553448565
item_LEUCOVORIN CALCIUM,6.826297101178553e-22,1.4880777616069915e-19,25,0.0,3.469446951953614e-18,0.04294255085946481,0.5265155553448565
item_LEVALBUTEROL HCL,6.826297101178553e-22,1.4880777616069915e-19,25,0.0,3.469446951953614e-18,0.04294255085946481,0.5265155553448565
item_COREG CR,6.826297101178553e-22,1.4880777616069915e-19,25,0.0,3.469446951953614e-18,0.04294255085946481,0.5265155553448565
item_LEVITRA,6.826297101178553e-22,1.4880777616069915e-19,25,0.0,3.469446951953614e-18,0.04294255085946481,0.5265155553448565
item_LEVOBUNOLOL HCL,6.826297101178553e-22,1.4880777616069915e-19,25,0.0,3.469446951953614e-18,0.04294255085946481,0.5265155553448565
item_LEVOXYL,6.826297101178553e-22,1.4880777616069915e-19,25,0.0,3.469446951953614e-18,0.04294255085946481,0.5265155553448565
item_LEXAPRO,6.826297101178553e-22,1.4880777616069915e-19,25,0.0,3.469446951953614e-18,0.04294255085946481,0.5265155553448565
item_LAMICTAL,6.826297101178553e-22,1.4880777616069915e-19,25,0.0,3.469446951953614e-18,0.04294255085946481,0.5265155553448565
item_LAMIVUDINE,6.826297101178553e-22,1.4880777616069915e-19,25,0.0,3.469446951953614e-18,0.04294255085946481,0.5265155553448565
item_LAMOTRIGINE ER,6.826297101178553e-22,1.4880777616069915e-19,25,0.0,3.469446951953614e-18,0.04294255085946481,0.5265155553448565
item_LASIX,6.826297101178553e-22,1.4880777616069915e-19,25,0.0,3.469446951953614e-18,0.04294255085946481,0.5265155553448565
item_LETAIRIS,6.826297101178553e-22,1.4880777616069915e-19,25,0.0,3.469446951953614e-18,0.04294255085946481,0.5265155553448565
item_CLOMIPRAMINE HCL,6.826297101178553e-22,1.4880777616069915e-19,25,0.0,3.469446951953614e-18,0.04294255085946481,0.5265155553448565
item_CLORAZEPATE DIPOTASSIUM,6.826297101178553e-22,1.4880777616069915e-19,25,0.0,3.469446951953614e-18,0.04294255085946481,0.5265155553448565
item_KLOR-CON 8,6.826297101178553e-22,1.4880777616069915e-19,25,0.0,3.469446951953614e-18,0.04294255085946481,0.5265155553448565
item_KLOR-CON SPRINKLE,6.826297101178553e-22,1.4880777616069915e-19,25,0.0,3.469446951953614e-18,0.04294255085946481,0.5265155553448565
item_LEVALBUTEROL TARTRATE HFA,6.826297101178553e-22,1.4880777616069915e-19,25,0.0,3.469446951953614e-18,0.04294255085946481,0.5265155553448565
item_CORLANOR,6.826297101178553e-22,1.4880777616069915e-19,25,0.0,3.469446951953614e-18,0.04294255085946481,0.5265155553448565
item_COSENTYX SENSOREADY PEN,6.826297101178553e-22,1.4880777616069915e-19,25,0.0,3.469446951953614e-18,0.04294255085946481,0.5265155553448565
item_COSOPT PF,6.826297101178553e-22,1.4880777616069915e-19,25,0.0,3.469446951953614e-18,0.04294255085946481,0.5265155553448565
item_INVOKAMET XR,6.826297101178553e-22,1.4880777616069915e-19,25,0.0,3.469446951953614e-18,0.04294255085946481,0.5265155553448565
item_CODEINE SULFATE,6.826297101178553e-22,1.4880777616069915e-19,25,0.0,3.469446951953614e-18,0.04294255085946481,0.5265155553448565
item_COLESEVELAM HYDROCHLORIDE,6.826297101178553e-22,1.4880777616069915e-19,25,0.0,3.469446951953614e-18,0.04294255085946481,0.5265155553448565
item_COMBIPATCH,6.826297101178553e-22,1.4880777616069915e-19,25,0.0,3.469446951953614e-18,0.04294255085946481,0.5265155553448565
item_COMFORT ASSIST INSULIN SY,6.826297101178553e-22,1.4880777616069915e-19,25,0.0,3.469446951953614e-18,0.04294255085946481,0.5265155553448565
item_CONSTULOSE,6.826297101178553e-22,1.4880777616069915e-19,25,0.0,3.469446951953614e-18,0.04294255085946481,0.5265155553448565
item_CONTOUR BLOOD GLUCOSE TES,6.826297101178553e-22,1.4880777616069915e-19,25,0.0,3.469446951953614e-18,0.04294255085946481,0.5265155553448565
item_CLEVER CHOICE COMFORT EZ,6.826297101178553e-22,1.4880777616069915e-19,25,0.0,3.469446951953614e-18,0.04294255085946481,0.5265155553448565
item_CLICKFINE PEN NEEDLE UNIV,6.826297101178553e-22,1.4880777616069915e-19,25,0.0,3.469446951953614e-18,0.04294255085946481,0.5265155553448565
item_CLIMARA,6.826297101178553e-22,1.4880777616069915e-19,25,0.0,3.469446951953614e-18,0.04294255085946481,0.5265155553448565
item_KETOTIFEN FUMARATE,6.826297101178553e-22,1.4880777616069915e-19,25,0.0,3.469446951953614e-18,0.04294255085946481,0.5265155553448565
item_CLOBETASOL PROPIONATE E,6.826297101178553e-22,1.4880777616069915e-19,25,0.0,3.469446951953614e-18,0.04294255085946481,0.5265155553448565
item_CLOBETASOL PROPIONATE EMO,6.826297101178553e-22,1.4880777616069915e-19,25,0.0,3.469446951953614e-18,0.04294255085946481,0.5265155553448565
item_KLOR-CON,6.826297101178553e-22,1.4880777616069915e-19,25,0.0,3.469446951953614e-18,0.04294255085946481,0.5265155553448565
item_CICLOPIROX OLAMINE,6.826297101178553e-22,1.4880777616069915e-19,25,0.0,3.469446951953614e-18,0.04294255085946481,0.5265155553448565
item_CIMETIDINE,6.826297101178553e-22,1.4880777616069915e-19,25,0.0,3.469446951953614e-18,0.04294255085946481,0.5265155553448565
item_CIPRO HC,6.826297101178553e-22,1.4880777616069915e-19,25,0.0,3.469446951953614e-18,0.04294255085946481,0.5265155553448565
item_CIPRODEX,6.826297101178553e-22,1.4880777616069915e-19,25,0.0,3.469446951953614e-18,0.04294255085946481,0.5265155553448565
item_CLARITHROMYCIN ER,6.826297101178553e-22,1.4880777616069915e-19,25,0.0,3.469446951953614e-18,0.04294255085946481,0.5265155553448565
item_CLENPIQ,6.826297101178553e-22,1.4880777616069915e-19,25,0.0,3.469446951953614e-18,0.04294255085946481,0.5265155553448565
item_JUBLIA,6.826297101178553e-22,1.4880777616069915e-19,25,0.0,3.469446951953614e-18,0.04294255085946481,0.5265155553448565
item_K-TAB,6.826297101178553e-22,1.4880777616069915e-19,25,0.0,3.469446951953614e-18,0.04294255085946481,0.5265155553448565
item_KERYDIN,6.826297101178553e-22,1.4880777616069915e-19,25,0.0,3.469446951953614e-18,0.04294255085946481,0.5265155553448565
item_KETOPROFEN,6.826297101178553e-22,1.4880777616069915e-19,25,0.0,3.469446951953614e-18,0.04294255085946481,0.5265155553448565
item_KETOPROFEN ER,6.826297101178553e-22,1.4880777616069915e-19,25,0.0,3.469446951953614e-18,0.04294255085946481,0.5265155553448565
item_CLIMARA PRO,6.826297101178553e-22,1.4880777616069915e-19,25,0.0,3.469446951953614e-18,0.04294255085946481,0.5265155553448565
item_NOVOFINE PEN NEEDLE 32G X,-1.292089706840291e-10,1.1529084845651505e-07,25,2.7755575615628914e-19,2.6732964418437846e-06,0.04294255085946481,0.5265155553448565
item_ONETOUCH DELICA LANCETS F,-2.2487696963710035e-10,1.2763616265743997e-07,25,2.7755575615628914e-19,2.9998856240103895e-06,0.04294255085946481,0.5265155553448565
item_DESCOVY,-2.8467899767895195e-09,5.573899731581431e-08,25,-7.128790511568007e-08,1.3096424427433383e-06,0.04294255085946481,0.5265155553448565
item_JANUMET XR,-2.902056350650782e-09,6.072872059089817e-08,25,-7.128790511484739e-08,1.4070710808525124e-06,0.04294255085946481,0.5265155553448565
item_GALANTAMINE HYDROBROMIDE,-2.9283555217247207e-09,1.2669123996162565e-07,25,-7.128790511595762e-08,2.9320626690188925e-06,0.04294255085946481,0.5265155553448565
item_AZELASTINE HCL,-2.9927694333708598e-09,3.480267507917751e-08,25,-7.128790511595762e-08,8.101978356382207e-07,0.04294255085946481,0.5265155553448565
item_NICOTINE TRANSDERMAL SYST,-3.008396477011976e-09,1.504198238512444e-08,25,-7.128790511568007e-08,3.5643952557984594e-07,0.04294255085946481,0.5265155553448565
item_CLINDAMYCIN PHOSPHATE,-3.0625194086901466e-09,1.531259704345429e-08,25,-7.128790511568007e-08,3.5643952557840037e-07,0.04294255085946481,0.5265155553448565
item_EPIPEN 2-PAK,-3.0625194086901466e-09,1.531259704345429e-08,25,-7.128790511568007e-08,3.5643952557840037e-07,0.04294255085946481,0.5265155553448565
item_GLIPIZIDE XL,-3.075097273094373e-09,7.187464518470126e-08,25,-7.128790511568007e-08,1.6655047651671598e-06,0.04294255085946481,0.5265155553448565
item_KIONEX,-3.0815767789993614e-09,1.5407883895000364e-08,25,-7.128790511568007e-08,3.5643952557840037e-07,0.04294255085946481,0.5265155553448565
item_AEROCHAMBER Z-STAT PLUS/F,-3.089199727123047e-09,1.5445998635618795e-08,25,-7.128790511568007e-08,3.564395255784003e-07,0.04294255085946481,0.5265155553448565
item_NASONEX,-3.093011201208975e-09,1.546505600598571e-08,25,-7.128790511623518e-08,3.564395255797303e-07,0.04294255085946481,0.5265155553448565
item_FARXIGA,-3.096060380446419e-09,1.548030190223565e-08,25,-7.128790511595762e-08,3.564395255797881e-07,0.04294255085946481,0.5265155553448565
item_NOVOLIN N,-3.1071136552499263e-09,2.7196155993457846e-08,25,-7.128790511651273e-08,6.258872375540884e-07,0.04294255085946481,0.5265155553448565
item_TOLTERODINE TARTRATE ER,-3.117785782634892e-09,5.225012118921872e-08,25,-7.128790511679029e-08,1.2043577662329459e-06,0.04294255085946481,0.5265155553448565
item_FREESTYLE LIBRE/SENSOR/FL,-3.1498021647185134e-09,5.993629544662996e-08,25,-7.128790511595762e-08,1.4070710808535523e-06,0.04294255085946481,0.5265155553448565
item_DOK,-3.169240682433881e-09,3.528606883308651e-08,25,-7.128790511595762e-08,8.101978356388567e-07,0.04294255085946481,0.5265155553448565
item_ONETOUCH DELICA LANCETS E,-3.2107857497315813e-09,1.1529051402830311e-07,25,-7.128790511651273e-08,2.696954393638686e-06,0.04294255085946481,0.5265155553448565
item_RIZATRIPTAN BENZOATE,-3.221457877081053e-09,5.210652730575859e-08,25,-7.128790511595762e-08,1.2043577662351365e-06,0.04294255085946481,0.5265155553448565
item_LETROZOLE,-3.2591914703173097e-09,8.353287894054244e-08,25,-7.128790511651273e-08,1.9577152289717697e-06,0.04294255085946481,0.5265155553448565
item_NADOLOL,-6.0324199976899655e-09,2.0878844441057663e-08,25,-1.4257581023163767e-07,4.934681781447945e-07,0.04294255085946481,0.5265155553448565
item_FLUOROMETHOLONE,-6.048047041343522e-09,3.024023520672117e-08,25,-1.4257581023163767e-07,7.128790511581884e-07,0.04294255085946481,0.5265155553448565
item_COPAXONE,-6.120083901112484e-09,2.118218878591337e-08,25,-1.4257581023163767e-07,4.934681781437503e-07,0.04294255085946481,0.5265155553448565
item_ALPHAGAN P,-6.137235534378874e-09,2.1241590236638735e-08,25,-1.4257581023136013e-07,4.934681781427896e-07,0.04294255085946481,0.5265155553448565
item_LIVALO,-6.150956841001731e-09,3.0487904856028534e-08,25,-1.4257581023136013e-07,7.128790511568005e-07,0.04294255085946481,0.5265155553448565
item_HYDROXYZINE HCL,-6.192120760881466e-09,3.0960603804410895e-08,25,-1.4257581023163767e-07,7.128790511581884e-07,0.04294255085946481,0.5265155553448565
item_GUAIATUSSIN AC,-6.192120760881466e-09,3.0960603804410895e-08,25,-1.4257581023163767e-07,7.128790511581884e-07,0.04294255085946481,0.5265155553448565
item_LOTEMAX,-6.231760091124711e-09,3.1158800455627106e-08,25,-1.4257581023163767e-07,7.128790511581884e-07,0.04294255085946481,0.5265155553448565
item_BOOSTRIX,-6.511141139834255e-09,1.5445662286150815e-07,25,-1.4257581023108257e-07,3.5983919161676236e-06,0.04294255085946481,0.5265155553448565
item_ABACAVIR SULFATE/LAMIVUDI,-8.962300109040309e-09,8.01678788958289e-08,25,-2.1386371534759528e-07,1.8776617126682584e-06,0.04294255085946481,0.5265155553448565
item_LANSOPRAZOLE,-8.979451742270963e-09,1.3257980045764293e-07,25,-2.1386371534648506e-07,3.100545851655002e-06,0.04294255085946481,0.5265155553448565
item_TRAMADOL HCL ER,-9.004607471126716e-09,4.502303735563713e-08,25,-2.1386371534759528e-07,1.0693185767379765e-06,0.04294255085946481,0.5265155553448565
item_RAPAFLO,-9.004607471126716e-09,4.502303735563713e-08,25,-2.1386371534759528e-07,1.0693185767379765e-06,0.04294255085946481,0.5265155553448565
item_ATROPINE SULFATE,-9.004607471126716e-09,4.502303735563713e-08,25,-2.1386371534759528e-07,1.0693185767379765e-06,0.04294255085946481,0.5265155553448565
item_PEG-3350/NACL/NA BICARBON,-9.004607471126716e-09,4.502303735563713e-08,25,-2.1386371534759528e-07,1.0693185767379765e-06,0.04294255085946481,0.5265155553448565
item_ALFUZOSIN HCL ER,-9.01261156664491e-09,4.50630578332281e-08,25,-2.1386371534731775e-07,1.0693185767365887e-06,0.04294255085946481,0.5265155553448565
item_VELTASSA,-9.025189431049009e-09,4.51259471553096e-08,25,-2.1386371534731775e-07,1.0693185767380343e-06,0.04294255085946481,0.5265155553448565
item_INVOKANA,-9.05148860207576e-09,4.525744301038235e-08,25,-2.1386371534731775e-07,1.0693185767365887e-06,0.04294255085946481,0.5265155553448565
item_PROPRANOLOL HCL ER,-9.05148860207576e-09,4.525744301038235e-08,25,-2.1386371534731775e-07,1.0693185767365887e-06,0.04294255085946481,0.5265155553448565
item_GLUCAGON EMERGENCY KIT,-9.072070562009738e-09,4.536035281005225e-08,25,-2.1386371534731775e-07,1.0693185767365887e-06,0.04294255085946481,0.5265155553448565
item_BETAMETHASONE VALERATE,-9.085791868620598e-09,4.542895934316796e-08,25,-2.1386371534704019e-07,1.0693185767366467e-06,0.04294255085946481,0.5265155553448565
item_OLOPATADINE HCL,-9.148681190676626e-09,4.574340595338669e-08,25,-2.1386371534787285e-07,1.0693185767393644e-06,0.04294255085946481,0.5265155553448565
item_ACCU-CHEK SMARTVIEW STRIP,-9.156685286170969e-09,8.02993792022438e-08,25,-2.1386371534704019e-07,1.8776617126650313e-06,0.04294255085946481,0.5265155553448565
item_TERBINAFINE HCL,-9.164689381712435e-09,3.3709087015932067e-08,25,-2.1386371534731775e-07,7.836267102865941e-07,0.04294255085946481,0.5265155553448565
item_AMIODARONE HCL,-9.172693477254426e-09,4.586346738627569e-08,25,-2.1386371534759528e-07,1.0693185767379765e-06,0.04294255085946481,0.5265155553448565
item_ASPIRIN EC LOW DOSE,-9.189845110520775e-09,8.057618338689623e-08,25,-2.1386371534731775e-07,1.8776617126641751e-06,0.04294255085946481,0.5265155553448565
item_FLUAD 2018-2019,-9.190226257950877e-09,3.381694888385644e-08,25,-2.1386371534787285e-07,7.836267102877513e-07,0.04294255085946481,0.5265155553448565
item_TELMISARTAN,-9.208140185982331e-09,5.069811975364382e-08,25,-2.1386371534648506e-07,1.1866456578499e-06,0.04294255085946481,0.5265155553448565
item_FENOFIBRIC ACID DR,-9.211570512673372e-09,4.605785256337042e-08,25,-2.1386371534731775e-07,1.0693185767365887e-06,0.04294255085946481,0.5265155553448565
item_DICLOFENAC POTASSIUM,-9.213095102310132e-09,5.103861022459414e-08,25,-2.1386371534759528e-07,1.1866456578496917e-06,0.04294255085946481,0.5265155553448565
item_MINOXIDIL,-9.220718050409839e-09,4.6103590252052754e-08,25,-2.1386371534704019e-07,1.069318576735201e-06,0.04294255085946481,0.5265155553448565
item_STERILE WATER FOR INJECTI,-9.224148377065499e-09,4.612074188533105e-08,25,-2.1386371534704019e-07,1.069318576735201e-06,0.04294255085946481,0.5265155553448565
item_CLONAZEPAM ODT,-9.224148377065499e-09,4.612074188533105e-08,25,-2.1386371534704019e-07,1.069318576735201e-06,0.04294255085946481,0.5265155553448565
item_DORZOLAMIDE HCL/TIMOLOL M,-9.237869683712554e-09,1.0725556513185599e-07,25,-2.1386371534759528e-07,2.4844457117428803e-06,0.04294255085946481,0.5265155553448565
item_DIGOX,-9.267599181394563e-09,4.633799590697637e-08,25,-2.1386371534759528e-07,1.0693185767379765e-06,0.04294255085946481,0.5265155553448565
item_LIDOCAINE HCL,-9.284750814648801e-09,4.642375407324757e-08,25,-2.1386371534704019e-07,1.069318576735201e-06,0.04294255085946481,0.5265155553448565
item_VASCEPA,-9.284750814648801e-09,4.642375407324757e-08,25,-2.1386371534704019e-07,1.069318576735201e-06,0.04294255085946481,0.5265155553448565
item_NOVOLIN N RELION,-9.329345061208688e-09,4.664672530598393e-08,25,-2.1386371534787285e-07,1.0693185767379187e-06,0.04294255085946481,0.5265155553448565
item_ESTRADIOL,-1.1492737738697129e-08,2.049011524003654e-07,25,-2.8515162046327534e-07,4.734298783268557e-06,0.04294255085946481,0.5265155553448565
item_LEVETIRACETAM ER,-1.1847967121225622e-08,1.3693276058820377e-07,25,-2.851516204624427e-07,3.199694177143565e-06,0.04294255085946481,0.5265155553448565
item_GUAIFENESIN/CODEINE,-1.2076655564960431e-08,1.248937618187945e-07,25,-2.8515162046299783e-07,2.8957283947344554e-06,0.04294255085946481,0.5265155553448565
item_INSULIN SYRINGE/U-100/1ML,-1.2100667851550166e-08,4.7218965592447804e-08,25,-2.8515162046299783e-07,1.11298206189537e-06,0.04294255085946481,0.5265155553448565
item_NYSTATIN/TRIAMCINOLONE,-1.220319650381383e-08,4.759154629104175e-08,25,-2.8515162046299783e-07,1.112982061894907e-06,0.04294255085946481,0.5265155553448565
item_RISEDRONATE SODIUM,-1.2216155515624107e-08,3.606245429264386e-08,25,-2.8515162046299783e-07,8.422337398973611e-07,0.04294255085946481,0.5265155553448565
item_AZELASTINE HYDROCHLORIDE,-1.4420712113016772e-08,2.019581064292915e-07,25,-3.5643952557923295e-07,4.715251710579159e-06,0.04294255085946481,0.5265155553448565
item_KLOR-CON M10,-1.4811007056902395e-08,1.0781978217545555e-07,25,-3.5643952557812276e-07,2.5204080561985657e-06,0.04294255085946481,0.5265155553448565
item_PROMETHAZINE/CODEINE,-1.5029404520670244e-08,6.544448458062246e-08,25,-3.564395255786779e-07,1.5434284203217771e-06,0.04294255085946481,0.5265155553448565
item_LEFLUNOMIDE,-1.527181427102725e-08,4.932168134920675e-08,25,-3.5643952557923295e-07,1.1504036220822141e-06,0.04294255085946481,0.5265155553448565
item_DICLOXACILLIN SODIUM,-1.5466580595612354e-08,3.1571656983734075e-08,25,-3.564395255797881e-07,7.275791348570777e-07,0.04294255085946481,0.5265155553448565
item_CLOTRIMAZOLE/BETAMETHASON,-1.576082639317487e-08,2.872030415871632e-07,25,-3.564395255795105e-07,6.707948180010393e-06,0.04294255085946481,0.5265155553448565
item_ARTIFICIAL TEARS,-1.805609607320316e-08,6.249406167756006e-08,25,-4.2772743069491306e-07,1.480404534431251e-06,0.04294255085946481,0.5265155553448565
item_SENNA,-1.8090399339747996e-08,6.261324483368199e-08,25,-4.277274306946355e-07,1.4804045344313341e-06,0.04294255085946481,0.5265155553448565
item_DULERA,-1.8171202589823256e-08,1.1918772512189327e-07,25,-4.277274306938028e-07,2.7838816891346195e-06,0.04294255085946481,0.5265155553448565
item_DEXTROSE 70%,-1.8200169792729323e-08,6.299564845040022e-08,25,-4.277274306946355e-07,1.48040453443029e-06,0.04294255085946481,0.5265155553448565
item_TAMOXIFEN CITRATE,-1.821503454159417e-08,6.304830803212862e-08,25,-4.2772743069519057e-07,1.4804045344322117e-06,0.04294255085946481,0.5265155553448565
item_PREMARIN,-1.8290882875413346e-08,1.072001131466834e-07,25,-4.2772743069491306e-07,2.5350678029195982e-06,0.04294255085946481,0.5265155553448565
item_POTASSIUM CITRATE ER,-1.8315657456803353e-08,6.33922896444044e-08,25,-4.277274306946355e-07,1.4804045344313341e-06,0.04294255085946481,0.5265155553448565
item_TOPROL XL,-1.8330522205632657e-08,6.344385122475543e-08,25,-4.2772743069435793e-07,1.4804045344303736e-06,0.04294255085946481,0.5265155553448565
item_THERA,-1.833852630117462e-08,6.347420869016052e-08,25,-4.277274306946355e-07,1.4804045344313341e-06,0.04294255085946481,0.5265155553448565
item_NAMENDA XR,-1.8438768068988997e-08,5.086240758227519e-08,25,-4.2772743069435793e-07,1.182176166797043e-06,0.04294255085946481,0.5265155553448565
item_NOVOLIN 70/30 RELION,-1.8617526202525885e-08,6.443716596032409e-08,25,-4.2772743069519057e-07,1.4804045344311673e-06,0.04294255085946481,0.5265155553448565
item_VALACYCLOVIR HYDROCHLORID,-2.123105396673042e-08,1.4611572405346418e-07,25,-4.990153358108706e-07,3.432755060863807e-06,0.04294255085946481,0.5265155553448565
item_MOMETASONE FUROATE,-2.1377414570705352e-08,1.3904785547581326e-07,25,-4.990153358108706e-07,3.234250889184183e-06,0.04294255085946481,0.5265155553448565
item_CHERATUSSIN AC,-2.410719229380975e-08,1.4472882089598934e-07,25,-5.703032409268283e-07,3.40177288320261e-06,0.04294255085946481,0.5265155553448565
item_POTASSIUM CHLORIDE CR,-2.4356462697466055e-08,2.42420761278944e-07,25,-5.703032409271058e-07,5.629224800370419e-06,0.04294255085946481,0.5265155553448565
item_RAMIPRIL,-2.4771913370171957e-08,1.119260466731631e-07,25,-5.703032409262732e-07,2.6091600509704127e-06,0.04294255085946481,0.5265155553448565
item_TERAZOSIN HCL,-2.4779917465725956e-08,1.1696796622646383e-07,25,-5.703032409268283e-07,2.7087058845616004e-06,0.04294255085946481,0.5265155553448565
item_ONETOUCH VERIO TEST STRIP,-2.488778218166395e-08,1.4355737753093765e-07,25,-5.703032409265507e-07,3.3230539194249185e-06,0.04294255085946481,0.5265155553448565
item_IRBESARTAN,-2.714569941594583e-08,1.3943302647775074e-07,25,-6.41591146043341e-07,3.248948393827362e-06,0.04294255085946481,0.5265155553448565
item_ETODOLAC,-2.7394207524718905e-08,6.541986741775279e-08,25,-6.415911460419532e-07,1.5331043685308778e-06,0.04294255085946481,0.5265155553448565
item_NEOMYCIN/POLYMYXIN/DEXAME,-2.7691502501567497e-08,6.607804554390725e-08,25,-6.415911460425083e-07,1.5331043685316442e-06,0.04294255085946481,0.5265155553448565
item_CELECOXIB,-2.986366156937427e-08,2.343409464538439e-07,25,-7.128790511573558e-07,5.4689563865117185e-06,0.04294255085946481,0.5265155553448565
item_MAPAP,-3.0634722772086255e-08,1.2048131880249928e-07,25,-7.128790511573558e-07,2.8179018723473053e-06,0.04294255085946481,0.5265155553448565
item_PREVNAR 13,-3.3706008571142564e-08,1.8074228390207655e-07,25,-7.841669562735909e-07,4.213682080017112e-06,0.04294255085946481,0.5265155553448565
item_FREESTYLE LITE TEST STRIP,-3.406123795373154e-08,1.0520287109716596e-07,25,-7.841669562741461e-07,2.4174904815054566e-06,0.04294255085946481,0.5265155553448565
item_VIRTUSSIN A/C,-3.654441330499718e-08,1.0737173299330344e-07,25,-8.55454861389271e-07,2.5267012196919846e-06,0.04294255085946481,0.5265155553448565
item_PROLENSA,-3.673879848216343e-08,1.0846090911951407e-07,25,-8.554548613895485e-07,2.526701219692499e-06,0.04294255085946481,0.5265155553448565
item_PROCTOZONE-HC,-3.683599107071651e-08,1.0884691960020913e-07,25,-8.554548613889934e-07,2.5267012196908593e-06,0.04294255085946481,0.5265155553448565
item_DUTASTERIDE,-4.0063547306333276e-08,9.926301200390561e-08,25,-9.267427665057837e-07,2.3076993432073547e-06,0.04294255085946481,0.5265155553448565
item_CARISOPRODOL,-4.013596531347292e-08,1.1988087386627862e-07,25,-9.26742766504951e-07,2.7762650354921786e-06,0.04294255085946481,0.5265155553448565
item_PROMETHAZINE/DEXTROMETHOR,-4.384186154383962e-08,3.434278056577263e-07,25,-9.980306716214638e-07,8.03769154349259e-06,0.04294255085946481,0.5265155553448565
item_GAVILYTE-N/FLAVOR PACK,-4.5715963340069576e-08,1.2095234138021414e-07,25,-1.069318576737699e-06,2.8179018723482925e-06,0.04294255085946481,0.5265155553448565
item_BENAZEPRIL HCL,-4.628959018641436e-08,2.551784529274706e-07,25,-1.0693185767385315e-06,5.910880833988075e-06,0.04294255085946481,0.5265155553448565
item_EFFIENT,-4.889397041282273e-08,5.787852819187985e-08,25,-1.1406064818531013e-06,1.3494582643898539e-06,0.04294255085946481,0.5265155553448565
item_CRESTOR,-5.256556337656185e-08,1.058249370633422e-07,25,-1.2118943869679488e-06,2.452276304857082e-06,0.04294255085946481,0.5265155553448565
item_JANUMET,-5.473162408592896e-08,1.3215166542244006e-07,25,-1.283182292084184e-06,3.109070876960102e-06,0.04294255085946481,0.5265155553448565
item_MUCINEX,-5.8567110434350614e-08,1.3001095316453877e-07,25,-1.3544701971995865e-06,3.012212766851169e-06,0.04294255085946481,0.5265155553448565
item_ACETAMINOPHEN,-6.07293596696923e-08,1.6935073065662533e-07,25,-1.4257581023166544e-06,3.98511504531395e-06,0.04294255085946481,0.5265155553448565
item_BRIMONIDINE TARTRATE,-6.115776935423211e-08,8.81605355141863e-08,25,-1.4257581023163768e-06,2.057904560429626e-06,0.04294255085946481,0.5265155553448565
item_RALOXIFENE HYDROCHLORIDE,-6.123819145695024e-08,2.2420171593910086e-07,25,-1.4257581023166544e-06,5.2213625587743326e-06,0.04294255085946481,0.5265155553448565
item_NARCAN,-6.139255615643067e-08,1.3843194165121045e-07,25,-1.4257581023160992e-06,3.2129024651933528e-06,0.04294255085946481,0.5265155553448565
item_AMMONIUM LACTATE,-6.425306743985521e-08,1.6925019300824814e-07,25,-1.4970460074320568e-06,3.941034991221778e-06,0.04294255085946481,0.5265155553448565
item_NABUMETONE,-7.664112043565791e-08,2.2103455160070513e-07,25,-1.782197627894777e-06,5.1189729609792054e-06,0.04294255085946481,0.5265155553448565
item_SUPREP BOWEL PREP KIT,-7.885215653896689e-08,3.3140341098021707e-07,25,-1.8534855330112897e-06,7.759555576788464e-06,0.04294255085946481,0.5265155553448565
item_TRIAMTERENE/HYDROCHLOROTH,-8.214183980175601e-08,4.634784885905322e-07,25,-1.9247734381272474e-06,1.087627383255195e-05,0.04294255085946481,0.5265155553448565
item_CLOBETASOL PROPIONATE,-8.868957109260877e-08,2.388254969358566e-07,25,-2.067349248358885e-06,5.557294965082763e-06,0.04294255085946481,0.5265155553448565
item_GEMFIBROZIL,-9.13980045608815e-08,1.7281546378232573e-07,25,-2.1386371534729e-06,4.050989178194945e-06,0.04294255085946481,0.5265155553448565
item_ASPIR-LOW,-9.165489791266277e-08,1.1458075773952728e-07,25,-2.1386371534731773e-06,2.673296441842628e-06,0.04294255085946481,0.5265155553448565
item_BUSPIRONE HCL,-9.169644297997222e-08,2.642692239754841e-07,25,-2.13863715347401e-06,6.152239829505931e-06,0.04294255085946481,0.5265155553448565
item_BD INSULIN SYRINGE ULTRAF,-9.183098801433142e-08,1.1480226459817749e-07,25,-2.138637153473455e-06,2.6732964418423967e-06,0.04294255085946481,0.5265155553448565
item_GLIPIZIDE,-1.0242536131670449e-07,4.185962447249331e-07,25,-2.3525008688221604e-06,9.757701550599082e-06,0.04294255085946481,0.5265155553448565
item_METHOTREXATE,-1.1574188939392138e-07,3.0920835769457636e-07,25,-2.7089403943994504e-06,7.186478521364208e-06,0.04294255085946481,0.5265155553448565
item_VALSARTAN/HYDROCHLOROTHIA,-1.1934830615130882e-07,4.30267920532228e-07,25,-2.780228299516796e-06,1.0003617794549065e-05,0.04294255085946481,0.5265155553448565
item_HYDROXYCHLOROQUINE SULFAT,-1.281684382778313e-07,1.7002580784372995e-07,25,-2.9940920148641137e-06,3.975805569784136e-06,0.04294255085946481,0.5265155553448565
item_FENOFIBRATE,-1.2844667588435835e-07,3.135236725025462e-07,25,-2.994092014864391e-06,7.307010274369314e-06,0.04294255085946481,0.5265155553448565
item_MELATONIN,-1.594949435921431e-07,2.462529387880405e-07,25,-3.7069710660214694e-06,5.72711548581019e-06,0.04294255085946481,0.5265155553448565
item_Unknown,-2.3699173995472285e-07,3.9755980604950723e-07,25,-5.489168693917079e-06,9.216449123144875e-06,0.04294255085946481,0.5265155553448565
item_BD SWABS SINGLE USE,-2.630401159881668e-07,3.760913396984978e-07,25,-6.1307598399582e-06,8.807615147505612e-06,0.04294255085946481,0.5265155553448565
item_MELOXICAM,-2.678345692105621e-07,6.208114183967532e-07,25,-6.20204774507388e-06,1.4498007003829038e-05,0.04294255085946481,0.5265155553448565
item_SUMATRIPTAN SUCCINATE,-2.8675548874841835e-07,3.2590403532106715e-07,25,-6.701063080885028e-06,7.583594703182988e-06,0.04294255085946481,0.5265155553448565
item_TRUE METRIX SELF MONITORI,-3.1507740905981626e-07,2.925321106073918e-07,25,-7.3426542269275364e-06,6.812099287517683e-06,0.04294255085946481,0.5265155553448565
item_AMLODIPINE BESYLATE/BENAZ,-3.1933291984982994e-07,4.6859101471095574e-07,25,-7.413942132042384e-06,1.0885517608809856e-05,0.04294255085946481,0.5265155553448565
item_ADACEL,-3.4607688989952663e-07,2.638180922333691e-07,25,-8.055533278082671e-06,6.133280647815107e-06,0.04294255085946481,0.5265155553448565
item_METFORMIN HYDROCHLORIDE,-4.09049302054672e-07,9.469605157924052e-07,25,-9.552579285516394e-06,2.2043846774143834e-05,0.04294255085946481,0.5265155553448565
item_AMOXICILLIN,-4.466380592526777e-07,1.3500581911668029e-06,25,-1.055060995713869e-05,3.152156306740285e-05,0.04294255085946481,0.5265155553448565
item_ACCU-CHEK AVIVA PLUS,-4.522279671117027e-07,3.852199511624606e-07,25,-1.0550609957136747e-05,8.983761086520633e-06,0.04294255085946481,0.5265155553448565
item_LOVASTATIN,-4.529208930962188e-07,6.542259269488344e-07,25,-1.0550609957138413e-05,1.5261134952384423e-05,0.04294255085946481,0.5265155553448565
item_SILDENAFIL CITRATE,-5.936126916989575e-07,4.752200631824743e-07,25,-1.3758565687347347e-05,1.0992466292355016e-05,0.04294255085946481,0.5265155553448565
item_ATENOLOL,-6.66673694548404e-07,8.265290701495003e-07,25,-1.5540763315244064e-05,1.9239756843609228e-05,0.04294255085946481,0.5265155553448565
item_PREDNISOLONE ACETATE,-1.11282197938415e-06,7.172391011920332e-07,25,-2.5877509557035716e-05,1.6695682168051273e-05,0.04294255085946481,0.5265155553448565
item_ALENDRONATE SODIUM,-1.6209478816447625e-06,8.860336463158144e-07,25,-3.778258971137371e-05,2.0739196234467768e-05,0.04294255085946481,0.5265155553448565
item_CHLORHEXIDINE GLUCONATE,-1.6370692734841414e-06,5.365847813824895e-07,25,-3.8139029236952115e-05,1.2538871761499128e-05,0.04294255085946481,0.5265155553448565
item_LISINOPRIL/HYDROCHLOROTHI,-1.655327758830077e-06,1.0054709573093343e-06,25,-3.856675666764814e-05,2.3383945161414916e-05,0.04294255085946481,0.5265155553448565
item_PRAVASTATIN SODIUM,-1.6900399965535438e-06,1.108968404557569e-06,25,-3.942221152903741e-05,2.590488266192836e-05,0.04294255085946481,0.5265155553448565
item_LOSARTAN POTASSIUM/HYDROC,-2.604551742794448e-06,1.2736673969222375e-06,25,-6.066600725354532e-05,2.9779592675400325e-05,0.04294255085946481,0.5265155553448565
item_ATORVASTATIN CALCIUM,-1.3588921931772426e-05,3.4174308064280344e-06,25,-0.0003164470108090284,7.923447017087419e-05,0.04294255085946481,0.5265155553448565
item_SIMVASTATIN,-1.4438617274707165e-05,2.2074458044654437e-06,25,-0.0003362650484312207,5.149060625277391e-05,0.04294255085946481,0.5265155553448565
