title,authors,pubdate,pmc_id
Machine Learning-Based Depression Risk Prediction Models for Older Adults Analyzing From the Perspective of the Health Ecology Model: A Scoping Review.,"Yang, Hao, Sang, Jiang, Zhang",2026,PMC13006027
The Experiences of Autistic Healthcare Students in a Clinical Learning Environment: A Scoping Review.,"Edwards, Porter, Handley-Stone, Hingley-Jones, Reynolds",2026,HSHa17702ec
Association between extended-release buprenorphine adherence and reduced healthcare costs among insured patients with opioid use disorder.,"Jerry, Venkat, Flynn, Tran, Abdel-Sattar, Mullen, Lane",2026,PMC13001623
Adherence to Biologic Therapies is Associated with Improved Clinical Outcomes and Reduced Healthcare Resource Utilization in Patients with Severe Asthma in Japan.,"Nagase, Karsanji, Kunishige, Suzuki, Vichiendilokkul, Yuanita, Sasakura, Wang, Noibi",2026,PMC13005638
Chronic Kidney Disease (CKD): Systematic Review of the Cost Effectiveness of SGLT2 Inhibitors and Other Novel Nephroprotective Drugs.,"Darbà, Ascanio, Rodríguez",2026,PMC10616454
Treatment trajectories of patients with borderline personality disorder prescribed pharmacotherapy: real-world insights from a retrospective observational study.,"White, St Rose, Dwyer, Palmer, Yeow, Griffiths, Chee, Oyesanya, Patel",2026,HSHa17702ec
National Trends in Market Competition for Hospital-Based Pediatric Services: 2011-2018.,"Zhao, Soucie, Rauch, Cifra, Lee, Beaulieu, Cutler, Chien",2026,HSHa17702ec
Who Provides? Clinician and Trainee Perspectives on Reproductive Healthcare Access in Vermont.,"Pudi, Reed, Kent, Tarrant, Khoo, Woo, Bates, Koch, Cote, MacLean",2026,HSHa17702ec
Antiplatelet Resumption Timing in Post-Percutaneous Coronary Intervention Gastrointestinal Bleeding.,"Li, Pu, Liu, You, Nanna, Harris, Sung, Laine, Shung",2026,HSHa17702ec
"Integrated Database of Materia Medica (IDMM), a consolidated cross-cultural resource for data-driven research in traditional medicine.","Sutcharitchan, Ukarapol, Vimolmangkang, Chansriniyom, Cui, Zhang, Li",2026,HSHa17702ec
Statistical analysis plan for a cluster stepped-wedge randomized clinical trial assessing the effects of a multicomponent telemedicine-based intervention on quality of life in adults with respiratory failure requiring mechanical ventilation (Tele-Rehab MV Trial).,"Cavaliere, Moraes, Trott, Santos, Rech, Carvalho, Maia, Zampieri, Pereira, Rosa",2026,HSHa17702ec
"Mental Health-Related Disabilities, Healthcare Utilization, and Access in Young Adults with Anxiety and Depression: A Scoping Review.","Rao, Dimitropoulos, Milaney, Eurich, Patten",2026,PMC4610609
Artificial Intelligence Technologies in Nursing Clinical Decision-Making: An Umbrella Review.,"Cant, Ryan, Chugh",2026,HSHa17702ec
Barriers and facilitators to uptake of non-surgical interventions for knee osteoarthritis: a protocol for a systematic review of qualitative studies.,"Shankar, Sundar, Tay",2026,PMC12979543
Development and Internal Validation of a Prediction Model for Major Cardiovascular and Respiratory Events in Chronic Obstructive Pulmonary Disease: Nationwide Primary Care Electronic Medical Records Cohort Study.,"Gale, Bhutani, Chan, Townend, Patel, Sadatsafavi, Henley, Ariti, Carter, Couper, Hubbard, Kocks, Pullen, Skinner, Price",2026,PMC12988761
AI in hematology: A new frontier for nursing practice and patient care.,"Nasiri, Alsalman, Aljandabi, Alsomali",2026,PMC12975074
Association Between Perirectal Spacer Use and Short-Term Complications Following Prostate Radiation Therapy in a National Claims Based Analysis.,"Palencia, Xi, Zhao, Ward, Smani, Sivanesan, Diaz, Miszczyk, Fazekas, Rajwa, Cavallo, Aneja, An, Kim, Leapman",2026,HSHa17702ec
Digital Media Use and Child Health and Development: A Systematic Review and Meta-Analysis.,"Teague, Somoray, Shatte, Miller, Moss, Crawford, Wildman, Kayal, Hutchinson",2026,PMC12973214
The role of nutritional supplementation in preventing postoperative complications: a systematic review and meta-analysis.,"Sartini, Del Puente, Carbone, Oliva, Pessano, Feasi, Piccinini, Schinca, Ottria, Cristina",2026,PMC12960083
Cognitive Behavioral Therapy for Insomnia in Postpartum Depression: A Meta-Analysis of Therapeutic Outcomes and Barriers to Clinical Use.,"Ali, Akhtar, Ehsaan, Maaz, Ahmad, Daniyal",2026,PMC12962287
Global Prevalence of Sexual Violence Among Cisgender Female Sex Workers: A Comprehensive Systematic Review and Meta-Analysis.,"Sadeghi, Salari, Hosseinian-Far, Babajani, Mohammadi",2026,PMC10158782
Multifaceted interventions to enhance patient's adherence to self-monitoring blood glucose: A systematic review.,"Salamat, Zulkifli, Wong, Karuppannan, Wahab",2026,HSHa17702ec
"Umbrella review of healthcare dashboards: Applications, benefits, design, and challenges.","Almasi, Rabiei, Hamedi, Ghaderzadeh, Bastani",2026,PMC12957615
Pandemic preparedness and response among global healthcare workers using an interprofessional health practice framework: a scoping review protocol.,"Ramklass, Zhandire, Gordon",2026,HSHa17702ec
Mapping the evidence on factors influencing postpartum contraception among sub-Saharan African immigrant and refugee women in the United States: a scoping review.,"Olorunsaiye, Osborne, Degge, Nwaozuru, Yaya",2026,HSHa17702ec
Validation of in-hospital diagnosis codes to identify skin ulcers in healthcare databases: A correspondence.,"Kleebayoon, Wiwanitkit",2026,HSHa17702ec
Factors affecting equitable access and uptake of COVID-19 vaccines in Ghana: a scoping review.,"Akazili, Anaseba, Chatio, Amenah, Achala, Beshah, Nwosu, Masuka, Tlhakanelo, Chikezie, Adote, Muriithi, Ataguba",2025,PMC12950769
Low use of data analytics for health sector priority-setting in Ghana: A case for strengthening analytical capacity.,"Dankwa, Wambura, Al Mubarokah, Matta, Gado, Komesuor, Savage Ii, Makido, Baiden, Noor",2026,PMC12956083
Are some therapists more effective when they deliver one type of therapy versus another?,"Coyne, Constantino, Gaines, Wienicke, Mehta, Barkham, Stiles, Hardy, de Mattos Souza, Jansen, Azevedo da Silva, Dos Santos, Dekker, Peen, Van, Cohen, Driessen",2026,HSHa17702ec
Recent Advances in AI and GenAI for Health Informatics.,"Ao, Palade, Holt, Araujo, Gourlay, Kapetanovic",2026,PMC12941142
Increased Risk of Recurrent Ischemic Stroke in Male Patients Taking Medications for Benign Prostatic Hyperplasia.,"Cheng, Chen, Chien, Wu, Chiu, Hung, Peng, Chung, Cheng",2026,PMC12942141
Physical activity postpartum: A systematic review and quality appraisal of clinical guidelines.,"Lan, Fu, McKay, Simic, Comachio, Tian, Ferreira",2026,PMC12949317
Impact of Delaying Disease Recurrence on Economic Burden in Patients with HER2+ Early-Stage Breast Cancer (eBC).,"Princic, Faherty, Moynihan, Henriques, Mehta",2026,PMC12931399
"Economic evaluations in the palliative and end-of-life care settings: A systematic review of existing evidence, methods and quality.","Fischer, Saly, Berger, Masel, Simon",2026,HSHa17702ec
Cost-effectiveness analysis of oral semaglutide versus subcutaneous dulaglutide in patients with type 2 diabetes mellitus: A Markov model study.,"Hsu, Shi",2026,HSHa17702ec
Interventions to promote patient utilisation of cardiac rehabilitation.,"Long, Lin, Davies, Wells, Grace, Taylor",2026,PMC12930505
A review of ageing related biomarkers in breath.,"Vosshage, Swift, Kim, Brooke-Wavell, Soltoggio, Stolzing, Turner",2026,HSHa17702ec
Global Trends in Mortality From Ischemic Heart Disease and the Expansion of Interventional Cardiology Procedures: An Analysis Using the Global Burden of Disease (GBD) Dataset.,"Okorigba, Okahia, Manafa, Oguntuase, Ariahu, Asamoah-Twum, Tindwa, Ugwu",2026,PMC12924642
Single source - triple flow: Structured electronic data capture for pancreatic surgery patients.,"Blumenstock, Fritz-Kebede, Siegel, Giese, Heger, Niklas, Dittrich, Zental, Ganzinger, Lehmann, Loos, Hinz, Dugas, Pausch",2026,PMC12921161
[THE RESOURCE SUPPORT AND MANPOWER POTENTIAL OF THE HEALTH CARE SYSTEM OF THE KYRGYZSTAN STATE].,"Naizabekova, Kasymova, Baitova, Tulenbaeva",2026,HSHa17702ec
The Trial Bank initiative to promote trustworthy living evidence for medication safety (PROMISE) of children: design and pilot validation.,"Xu, Doi, Vohra, Furuya-Kanamori, Wang, Tang, Tian, Fan, Peng, Mayo-Wilson, Lin, Chu, Murad, Yu, Li, Chen, Golder, Loke, Clark, Glasziou, Du, Lin, Gu",2026,HSHa17702ec
Digital twin applications in healthcare for people living with disability.,"Olawade, Almarzook, Ogunbona, Makanjuola, Olawuyi, Wada",2026,HSHa17702ec
Reorienting nursing education toward a culture of self-care: Nursing students' experiences of nurse self-care integration-A qualitative systematic review.,"Damayanti, Shimoinaba, Recoche",2026,HSHa17702ec
ADHD and adherence to antihypertensive medication treatment: a multinational cohort study.,"Yao, Zhou, Li, Gillies, Brikell, Gao, Wimberley, Xie, Zhang-James, Astrup, Dalsgaard, Semark, Engeland, Faraone, Klungsøyr, Larsson, Man, Snieder, Wong, Yuen, Zoega, Hartman, Chang",2026,PMC12930603
Enhancing survival analysis through federated learning in non-IID and scarce data scenarios.,"Apellániz, Parras, Zazo",2026,HSHa17702ec
Electrochemomics Profiling Metabolic Dynamics in Biofluids.,"Wang, Xia, Huang, Deng, Wang, Cai, Li, Chi, Goh, Liu, Nie, Zhang, Wang, Yu, Lv, Wang, Ng, Cao, Fu, Yi, Loh, Mandler, Gu, Wei, Chen",2026,HSHa17702ec
E-Variance: An Application to Assure Clinical Data Integrity and Improve Patient Safety and Workflows in Electronic Medical Records.,"Rahman, Milman, Lee",2026,PMC12912247
"Long-Lasting Insecticide-Treated Net Use Gaps and Severity Predictors in a Pre-Elimination Landscape: A Retrospective Observational Study in Mberengwa, Zimbabwe.","Chivasa, Nunu, Dhlamini, Maviza",2026,PMC12921167
"Effect of Perianal Disease on Quality of Life, Fecal Incontinence, and Sexual Function in Patients with Crohn's Disease.","Shlomo, Lital, Ofra, Yehudit, Rosi, Tali, Ariella",2026,PMC9527611
Intersectional dimensions of stigma in neglected tropical diseases: a systematic review of evidence and implications for equity-based health policy.,"Dejene, Kühner",2026,PMC13011269
The roles and experiences of informal caregivers in non-malignant respiratory disease at the end of life: A thematic synthesis of qualitative studies.,"Rogers, McCabe, Bradley, Llewellyn",2026,HSHa17702ec
Data integration and systems interoperability: the prerequisite for artificial intelligence in anesthesiology.,"Duranteau, Popoff",2026,HSHa17702ec
Characteristics of Digital Health Interventions Associated with Improved Glycemic Control in T2DM: A Systematic Review and Meta-Analysis.,"Rodríguez-Montes, Gogeascoechea-Trejo, Bermúdez-Tamayo",2026,PMC12897923
Federated Learning in Healthcare Ethics: A Systematic Review of Privacy-Preserving and Equitable Medical AI.,"Mir, Abbas, Lee",2026,PMC12896918
Mediating effect of psychological capital between perceived organizational support and work engagement in Chinese nurses: a systematic review and meta-analytic structural equation modeling.,"Wu, Wang, Chen, Qiu",2026,HSHa17702ec
Cost-Effectiveness of Once Weekly Rezafungin for the Treatment of Invasive Candidiasis in the United Kingdom.,"Muszbek, Angdembe, Garcia-Vidal, Bielicka, Abrams, Tolley, Ruhnke, Lebmeier, Hawkins, Manamley, Dickerson",2026,PMC12895141
Patient satisfaction with advanced practice physiotherapy internationally: A systematic mixed studies review.,"Davis, Noblet, Breach, Mistry, Maddigan, Kowalski, Rushton",2026,PMC12893546
"Prevalence and costs of US pediatric hospitalizations, 2022.","Lytchakov, Money, Hoffmann, Florin, Michelson, Ramgopal",2026,HSHa17702ec
Health-FedNet: secure federated learning for chronic disease prediction on MIMIC-III with differential privacy and homomorphic encryption.,"Shahid, Badar, Asghar, Abdullah",2026,PMC12957321
Modularly-Assembled Smart Microneedle Platform for Machine Learning-Driven Personalized Health Monitoring.,"Sun, Chen, Wang, Li, Shi, Lv, Yang, Xuan, Zhang, Shi",2026,PMC12886675
Racial and Socioeconomic Healthcare Disparities in Access to Chimeric Antigen Receptor T (CAR-T) Cell Therapy for Blood Cancers.,"Warnakulasuriya, Tiwari",2026,PMC12880879
The prevalence and predictors of aggressive obsessions in obsessive-compulsive disorder: A meta-analytic review.,"Fawcett, Morris, Lahey, Corran, Krause, Bishop, Rash, Carter, Fawcett",2026,HSHa17702ec
Myasthenia gravis following the initiation of statin therapy: A multinational self-controlled case series study.,"Yan, Xu, Taniguchi, Fung, Chan, Lau, Chui, Lai, Li, Iwagami, Masuda, Tamiya, Dorajoo, Neo, Chan, Wong, Wan",2026,PMC12950630
Explainable machine learning-based 28-day mortality prediction model for elderly patients with acute kidney injury.,"Jiao, Wu, Zhang, Liu, Zhi, Ao, Cheng",2026,PMC12964832
Screening for Rate of Ghost Physicians in Provider Directories.,"Xu, Polsky",2026,PMC12875720
A systematic review on age-related macular degeneration: New insights from multi-omics studies.,"Castro-Fernández, Cañizo-Outeriño, Cuartero-Martínez, Gil-Martinez, Mondelo-Garcia, González-Barcia, Álvarez-Barrios, Fernández-Ferreiro",2026,HSHa17702ec
Optimizing vedolizumab therapy in ulcerative colitis: A critical synthesis of trial evidence and the emerging role of artificial intelligence.,Abdulfattah,2026,PMC12875509
"Multi-Hospital Pediatric Surge Response to an RSV Epidemic in a US State: Oregon, 2022.","Cleary, Hudkins, Graven, Merkel, Eriksson",2026,PMC12926742
The risk of prosthetic joint infection with oxidised zirconium-on-polyethylene components in total hip arthroplasty: a comparison to conventional bearings.,"Schaffler, Zhong, Chen, Nherera, Seyler, Schwarzkof",2026,HSHa17702ec
Navigating illness in a virtual world: the role of immersive technology across chronic care continuum - A scoping review.,"Dantu, Murad, Sharma, Dutta, Cravens-Ray",2026,HSHa17702ec
Guideline-Concordant Care and Clinician and Clinic Characteristics for Patients With Schizophrenia.,"Chen, Simon, Ericson, Zeber, Qian, Geissler",2025,PMC12743273
"Comorbidities, medication use, and overall survival in eight cancers: a multinational cohort study of 1.7 million patients across Europe.","López-Sánchez, Palomar-Cros, Claire, Pérez-Crespo, Giuliodori, Koblbauer, Dietz, Elvidge, Koh, Golozar, Ramirez-Anguita, Leis, Mayer, Symmers, Vallet, McLean, Hall, Mosseveld, Verhamme, Enerly, Prinsen, Evers, Oja, Kolde, Marcos-Gragera, Fey, Porkka, Taveira-Gomes, Estevinho, Conde, Conde, Sanchez, Fournier, Pistillo, Chen, Corby, Robinson, Sanchez-Santos, Delmestri, Man, Català, Alcalde-Herraiz, Burn, Prieto-Alhambra, Duarte-Salles, Newby",2026,PMC12861212
Implementation of machine learning in emergency departments: A systematic review.,"Hosseini, Patel, Landes, Vaillancourt, Mamdani, Maruthananth, Matharu, Pathan, Sivapragasam, Ruangsomboon, Skidmore, Pinto",2026,PMC12858749
Prevalence and Moderating Factors of Advance Care Planning: A Systematic Review and Meta-Analysis.,"Valenti, Bortolotti, Moro, Cardini, Cavagna, Tartaglione, Allegri, Moggia, Semeraro, Gamberini",2026,HSHa17702ec
[Regulation of access to specialized services in the SUS: a scoping review].,"Giannotti, Tofani, Louvison, Chioro",2026,HSHa17702ec
Filling the Gaps in Health Data: Using a Machine Learning Approach to Augment Partially Observed Variables Such as Smoking in Claims Data.,"Franzen, Chandakas, Hillman, Rhodes, Nordon",2026,HSHa17702ec
Prevalence and predictors of prescribing errors in a primary care setting in Ghana.,"Djochie, Boakye-Yiadom, Kwakye, Oppong, Mozu, Cobbold, Biney",2026,PMC12833174
Identification of Metabolites and Antioxidant Constituents from Pyrus ussuriensis.,"Le, Dinh, Yu, Lim, Lee, Park, Oh, Lee",2026,PMC12844793
Shaping the Future of Evidence Generation: Real-World Data to Drive Healthcare Transformation and Patient-Centered Decisions.,"Medina, Sánchez-Covisa, Nuevo, Galvez-Fernandez, García, Pimentel, Fitas, Fernández, Walton, Petrovska, Pérez Domínguez",2026,PMC12988914
Medicaid Expansion and Overall Mortality Among Women With Breast Cancer.,"Akinyemi, Oyebanji, Fasokun, Abodunrin, Ekwunazu, Ogunyankin, Oluborode, Hughes, Michael, Williams, Lawson",2026,PMC12848628
Clinical and Medication Factors Associated with Cognitive Decline in Dementia: A Healthcare Database Study.,"Chung, Chen, Chan, Liu, Shao, Hung, Hong",2026,HSHa17702ec
Optimal Timing of Cleft Lip Repair: Correlation With Scar Formation and Revision Rates.,"Hayden, Crafton, Keating, Rosen, Wang, Rabbani, Gourishetti",2026,HSHa17702ec
Emulating Comparative Oncology Trials With Real-World Evidence Studies (ENCORE): Process Development and Methodological Considerations for Oncology Real-World Data.,"Weberpals, Schneeweiss, Kehl, Rivera, Mishra-Kalyani, Lerro, Larkins, Narayan, Curley, Hahn, Anand, Natanzon, Belli, Wang, Collins, Kish, Espirito, Robert, Glynn, Wang",2026,HSHa17702ec
"Developing a Best Practice Guideline for Clinical Practice in a Digital Health Environment: Systematic Reviews Based on the Grading of Recommendations, Assessment, Development, and Evaluation Approach.","Bailey, Howitt, Nizum, Buchanan, Charlebois, Yoon",2026,PMC12829893
A real-world pharmacovigilance study of FDA adverse event reporting system (FAERS) events for bimekizumab.,"Lin, Yu, Yang, Xu, Zhong",2025,PMC12812977
Telemedicine implementation and healthcare utilization in Rwanda: interrupted time series of babyl digital health services from 2015 to 2024.,"Rubuga, Absolomon, Uhawenimana, Nsaba-Uwera, Muhire, Hagenimana, Nyabyenda, Irakiza, Semakula, Remera, Humuza, Condo",2026,PMC12879403
Women's perceptions of urinary incontinence during the postpartum period: systematic review of qualitative evidence.,"Gallego-Gómez, Torres-Costoso, Martínez-Vizcaíno, Quezada-Bascuñán, Martínez-Bustelo, Basco-López, Ferri-Morales, Martínez-Martínez",2026,PMC12905965
A comprehensive framework for de-duplication: Acute kidney failure (AKF) case study.,"Yawana, Sirikul, Natwichai",2026,HSHa17702ec
Choosing real-world data for clinical and epidemiological research: methodological lessons from NHIRD and TriNetX-A narrative review.,"Lin, Chen, Wu",2026,PMC12821341
Addressing missing data in real-world administrative health datasets.,"Lin, De Silva, Falster, Dobbins, Chen, Zhang, Cao, Davidson",2026,HSHa17702ec
Neural mechanisms of acupuncture in amnestic mild cognitive impairment: a protocol for an fMRI-based systematic review and meta-analysis.,"Zhu, Yang, Quan, Chen, Cui",2025,PMC12807973
Temporal and comorbidity-aware representation of longitudinal patient trajectories from electronic health records.,"Sreenivasan, Madhavendranath, Chacko",2026,HSHa17702ec
Exploring the experience and needs of telerehabilitation in patients with spinal cord injury: a systematic review and thematic synthesis of qualitative research.,"Lu, Li, Gou, Yang, Li, Yan, Yang, Li, Li",2026,PMC9039273
Machine learning in the development and application of patient-reported outcome measures (PROMs) for surgical patients: a systematic review.,"Alanezi, Li, Al-Omran, Alshabanah, Alkhayal, Verma, Alrumaih, Hussain, Mamdani, Al-Omran",2026,PMC12891313
Breastfeeding challenges experienced by postpartum nurses after maternity leave: a qualitative systematic review.,"Liu, Li, Liu, Yu, Wang",2026,PMC12918338
Understanding barriers and facilitators to education and rehabilitation interventions for South Asian people with long-term conditions: a systematic review and meta-ethnography.,"Shiel, Miah, Chattopadhyay, Rauf, Dalton, Husain, Blakemore",2026,PMC12815045
Synthesis of qualitative evidence on community experiences and perceptions of Plasmodium knowlesi malaria and factors influencing prevention and healthcare-seeking behaviours in Malaysia.,"Htay, Mohd, Oo, San, Abas",2026,PMC12888265
Securing data management systems in perfusion: A narrative review on cybersecurity and clinical risk.,"El Dsouki, Condello, Iacona, El Daccache, Lorusso",2026,HSHa17702ec
The accuracy of Apple Watch measurements: a living systematic review and meta-analysis.,"Lambe, Baldwin, O'Grady, Schumann, Caulfield, Doherty",2026,PMC12823594
Mediating Variables Impacting Family Home Caregiving Burden and Caregivers' Health Status: A Structural Equation Modeling Analysis.,"Piamjariyakul, Carpenter, Wang, Smith",2026,HSHa17702ec
The threat of serious outcome reporting bias in randomized controlled trials on acute ischemic stroke to evidence synthesis: a meta-epidemiological study.,"Zhang, Long, Wang, Wang, Guo, Li, Du",2025,PMC12775159
"Prevalence, Economic Burden, and Healthcare Utilization among Medicare and Commercially Insured Patients with Oropharyngeal Cancer.","Hussein, Wu, Soliman, Healey, Baser",2026,HSHa17702ec
Assessment of a Modified High-Dimensional Propensity Score Approach for UK Electronic Health Record Data: Evaluating Upper Gastrointestinal Safety of NSAIDs and COX-2 Inhibitors.,"Tazare, Gibbons, Smeeth, Ali, Gillespie, Cunnington, Logie, Douglas, Williamson",2026,HSHa17702ec
Effectiveness of gamified swallowing exercise in adults with dysphagia: protocol for a systematic review and meta-analysis.,"Liu, Xu, Ou",2026,PMC12870251
Information and Support Needs of Clinicians and Food-Insecure Adults With Type 2 Diabetes: A Systematic Review.,"Creevy, Boocock",2026,HSHa17702ec
Mortality and morbidity burden associated with smoking: evidence from a 1.6 million cohort in Hong Kong.,"Wang, Chen, Lee, Chan, Chan, Wong, Wan",2026,PMC12870220
Adoption of Internet of Things in Health Care: Weighted and Meta-Analytical Review of Theoretical Frameworks and Predictors.,"Oliveira, Naranjo-Zolotov, Martins, Karatzas",2026,PMC12820542
Psychological symptom clusters in pregnant women: a scoping review.,"Song, Jiang, Hu, Pu, Xia, Zhao, Shan, Wang",2026,PMC12870022
Application of blockchain-based digital twin technology in healthcare: A scoping review.,"Yang, Liu, Chen, Chen",2026,HSHa17702ec
Experiences and long-term repercussions of perinatal grief in women after perinatal bereavement: a meta-ethnography.,"Beato, Machado-Kayzuka, Neris, Payne, de Andrade Alvarenga, Leite, Silva-Rodrigues, Polita, deMontigny, Silverio, Nascimento",2025,PMC12754219
A real-time dashboard for optimizing blood product utilization through a FHIR-based data integration pipeline.,"Schmidt, Wutzkowsky, Schäfer, Reinartz, Chahin, Winnekens, Alsulaiman, Temme, Lenz, Hosch, Nensa, Friedrich, Böckmann, Horn",2026,HSHa17702ec
Legal and ethical conflicts in hospital settings: thematic synthesis of qualitative studies focused on nursing practice.,"Yarahmadi, Cheraghian, Jafarifar",2025,PMC12755018
Determinants of Health Care Technology Adoption Using an Integrated Unified Theory of Acceptance and Use of Technology and Task Technology Fit Model: Systematic Review and Meta-Analysis.,"Thanthrige, Lu, Sako, Wickramasinghe",2025,PMC12753102
A systematic review of the application of computational grounded theory method in healthcare research.,"Shankar, Devi, Qian",2025,PMC12744390
Reasons for First Dental Visit in Saudi Arabia: A Systematic Review.,"Aljohani, Alqarni, Alshammari, Hassan, AlDehlawi, Al-Hazmi, Mourad, Binalajadm, Alsharif",2025,PMC12742301
Leadership and management competency frameworks in undergraduate medical education: a scoping review.,"Alhadithi, Almansour",2025,PMC12853980
The effect of white noise on pain levels in newborns: a meta-analysis study.,"Özçalkap, Çuvadar, Yücetürk",2025,PMC10794858
Trends in Use of IV Vitamin C Among Patients With Sepsis.,"Segall, Lamontagne, Vail, Wunsch, Bosch, Walkey, Pinto, Gershengorn, Adhikari",2026,HSHa17702ec
Artificial Intelligence-Powered Nanosensor Platforms for Non-Invasive Breathomic Diagnostics.,"Chaudhary, Bhadola",2025,PMC12731251
Drivers and barriers for the implementation of value-based healthcare in Latin America: a cross-country qualitative policy analysis.,"Touchton, Arreola-Ornelas, Arizmendi-Barrera, Vargas Enciso, Knaul",2026,PMC12732319
Cultural Biases and Clinical Variation.,"Gasulla, Sarría-Santamera, Mazaira-Font, García-Montero, Fraile-Martinez, Cantalapiedra, Carrillo-Rodríguez, Gómez-Valcárcel, Ortega, Álvarez-Mon, Asúnsolo",2025,PMC12731420
The role of digital twin technology in modern emergency care.,"Olawade, Ighodaro, Erhieyovwe, Hankamo, Hamza, Analikwu",2026,HSHa17702ec
Digitalized human resources for health information systems in low- and middle-income countries: a scoping review.,"Nagai, Mufwaya-Nsene, Thandar, Matsuoka, Okawa, Fujita",2025,PMC12809960
Pre-analytical Stability of Drugs of Abuse in Urine for Confirmatory Testing. A Systematic Review.,"Hoffmann-Lücke, Steffensen, Samson, Greibe",2025,HSHa17702ec
Association between introduction of 13-valent pneumococcal conjugate vaccine and burden of hospitalized adult pneumococcal disease in Hong Kong - A retrospective database study.,"Yu, Chui, Yeo, Patel, Lim, Li, Chan, Yamada, Sukarom",2025,PMC12716057
Temporal trends and disparities in stroke and diabetes mellitus comorbidity-related mortality from 1999 to 2023.,"Ma, Liu, Teng",2025,PMC12712001
Insights into dietary supplements as popular product supporting the diet.,"Starek, Błasiak, Dąbrowska",2025,PMC7062457
Effects of music on affective responses to acute exercise: A meta-analytic review and multilevel meta-analysis.,"He, Zhang, Li, Jia, Xu, Wang",2025,HSHa17702ec
"Outcomes of Adopting a Higher Versus Lower Concentration of Hemodialysate Magnesium as a Center-Wide Policy (Dial-Mag): A Clinical Research Protocol of a Pragmatic, Registry-Based, Cluster Randomized Trial.","Killin, Bohm, Harris, MacRae, Shah, Thompson, Tonelli, Luo, Sontrop, Acedillo, Al-Jaishi, Anderson, Antonsen, Bagga, Beaubien, Berry, Blake, Brown, Bueti, Chan, Cote, Cowan, Cuerden, Day, Dev, Dhruve, Djurdjev, Gregor, Hiremath, Joseph, Kammila, Kiaii, Kumar Kolusu, Lacson, Mazurat, Molnar, Nathoo, Nistico, Oliver, Pandeya, Parmar, Perkins, Quinn, Romann, Sasal, Shulman, Silver, Singh, Louis, Steele, Tangri, Ting, Vorster, Wadehra, Wald, Walters, Whitlock, Yao, Zacharias, Garg",2025,PMC12696322
Impact of machine learning on spare parts availability for critical medical devices: a supervised machine learning perspective.,"Dattu, Syed Shazali, Tanjong, Rosli, Abdullah",2025,HSHa17702ec
Comparison of work productivity losses in the United States among employees with COVID-19 at high-risk of severe disease who were untreated or treated with nirmatrelvir/ritonavir.,"Fernandez, Brady, Evans, Sidhu, Cislo, Ernst, Cappelleri, Chaudhary, Drabo, Mokgokong",2025,HSHa17702ec
Association Between Rectal Spacer Use and Erectile Dysfunction Diagnosis Among Men Receiving Prostate Radiotherapy: US County-Level Analysis.,"Hankins, Collins, Sato, Mehta, Bhattacharyya, Ezekekwu, Hamstra",2025,PMC12701557
Prevalence and risk factors of work-related musculoskeletal disorders among Radiographers: a proposed systematic review and meta-analysis protocol.,"Nayak, George, Mohapatra, J, Maiya, Rao Kg",2025,PMC12817418
"Disease burden attributable to intimate partner violence against females and sexual violence against children in 204 countries and territories, 1990-2023: a systematic analysis for the Global Burden of Disease Study 2023.",,2026,PMC12775558
"Signal detection in pharmacovigilance: Methods, tools, and workflows from case identification to adverse drug reaction database entry.","Mugada, Suryadevara, Cheekurumilli, Yarguntla",2025,HSHa17702ec
Complementary therapies intervention in Parkinson's disease: systematic review and meta-analysis.,"Sabbadin, Geraci, Nieddu, D'Imperio, Pregnolato, Cacciante",2025,PMC12689419
Development and Validation of Machine Learning-Based Prediction of Depression Progression Using EHR Data: A Multi-Institutional Retrospective Cohort Study.,"Ahadian, Fragano, Guan, Guan, Shalhout",2025,PMC12687804
Family engagement in the medication management of older adults during transitions of care: A mixed methods systematic review.,"Deery, Marconi, Ottosen, Hwang, Prasad, Wong, Garratt, Manias",2026,HSHa17702ec
Standardizing measurement of employment outcomes in vocational research.,"Bond, Stevenson, Tsai, Ottomanelli, Nelson, Yoon, LePage",2025,HSHa17702ec
Understanding care-seeking of pregnant women from underserved groups: a systematic review and meta-ethnography.,"Dasgupta, Rayment-Jones, Horgan, Begum, Peter, Silverio, Magee",2025,PMC12677011
Global research trends in artificial intelligence in cardiovascular medicine: A bibliometric analysis.,"Su, Liu, Sun, Li, Lv, Wu, Wang, Shi, Lin, Zhao, Zheng, Zhang, Ni, Chen, Xia",2026,HSHa17702ec
Understanding Participants' and Health Professionals' Perceptions and Experiences of Time-Restricted Eating: A Systematic Review of Qualitative Evidence.,"Fernández-Rodríguez, Boira-Nacher, Visier-Alfonso, Torres-Costoso, Martínez-Vizcaíno, Ruiz",2025,HSHa17702ec
Association Between Male Circumcision and Cervical Cancer Risk: A Systematic Review and Meta-Analysis of Analytical Studies.,"Qurieshi, Haq, Malik, Ahmad, Khan",2025,HSHa17702ec
"Lipoprotein(a) testing trends in young ischemic stroke patients from 2015-2024: An analysis of 188,000 individuals.","Naguib, Meyer, Felipe, Cuomo, Wilkinson, Mahmud, Taub, Bhatia, Ramsis",2026,HSHa17702ec
Design and Implementation of a Scalable Clinical Data Warehouse for Resource-Constrained Healthcare Systems.,"Soumma, Shahriar, Mahi, Hasin Abrar, Rahman Fahad, Latiful Hoque",2025,HSHa17702ec
Epigenome-Wide Association Study in Asian Cohort Identifies Novel DNA Methylation Markers for Carotid Intima-Media Thickness.,"Tan, Harris, Maddock, Tay, Jain, Mok, Herbrard, Schminke, Xue, Goh, Mina, Teumer, Lim, Leong, Yeo, Cheng, Sim, Sing, Wardlaw, Völzke, Wong, Cox, Dalan, Dehghan, Loh",2025,PMC12668099
The Impact of Clinical Documentation Integrity Programs on Diagnosis Documentation.,"Sanderson, Lo, Arafiles, Balkian, Clarke, Dees, Foley, Melvin, Staffa, Zurakowski, Snyder",2025,PMC12637214
"Transition Toward Smart Hospitals: A Scoping Review of Features, Technologies, and Challenges.","Rabiei, Hsu, Bastani, Almasi, Mortezaei, Dehghan",2025,PMC12665508
Exposure to fine particulate matter constituents increases sarcopenia risk in middle-aged and elderly Chinese adults.,"Zhou, Gao, Li, Li, Wang, Wang, Zhang, Li, Wang",2025,PMC12777192
Understanding delays in care-seeking behavior in heart failure: a comprehensive scoping review.,"Luo, Ding, Guo",2025,PMC12667073
Economic Evaluations of Medication Safety Interventions in Primary and Long-Term Care: A Systematic Review.,"Amritlal, Chandler, Mahboub-Ahari, Paterson, Avery, Ashcroft, Chuter, Elliott",2026,PMC12916988
Effects of paternal preconception exposure to conventional and biologic DMARDs on newborn outcomes.,"Shao, Kuo, Wang, Chen, Kao, Chen, Chen",2025,PMC12679745
Using artificial intelligence to predict patient wait times in the emergency department: A scoping review.,"Gloyn, Seo, Godinho, Rahul, Phadke, Fotheringham, Wegier",2026,HSHa17702ec
Barriers and facilitators of accessing primary healthcare for patients with severe mental illness: a mixed-methods systematic review using framework synthesis.,"Malogianni, Alenezi, Renwick",2025,PMC12659294
Inter-center variations in length of hospitalization for infants with congenital jejunal or ileal atresia.,"Huff, Zaniletti, McNelis, Ladd, Azzuqa, Coghill, Robinson, Premkumar, Denning, Kim, Corkins, Adler, Bodkin, Rudolph, Moore, Strobel, Padula, Grover, Murthy, Nayak",2025,PMC8200531
Intersectionality in surgical care in LMICs: A systematic scoping review.,"Gerk, Kundu, Guadagno, Seyi-Olajide, Moghul, Bustorff-Silva, Camargo, Poenaru",2026,HSHa17702ec
Evaluating Suicidal Risk in GLP-1RA Therapy: An Umbrella Review of Meta-Analytic Evidence.,"Ștefănescu, Bratu, Pelin, Boroi, Crecan-Suciu, Ștefănescu",2025,PMC12652309
A Bioinformatic Study of Genetics Involved in Determining Mild Traumatic Brain Injury Severity and Recovery.,"Tajik, Noseworthy",2025,PMC12650054
Culturally tailored interventions in adults with obesity: a protocol for a systematic review with meta-analysis and qualitative evidence synthesis.,"Anoma, Hall, Villemonteix, Canfell, Duncan",2025,PMC12658497
Benefits and harms of ADHD interventions: umbrella review and platform for shared decision making.,"Gosling, Garcia-Argibay, De Prisco, Arrondo, Ayrolles, Antoun, Caparos, Catalán, Ellul, Dobrosavljevic, Farhat, Fico, Eudave, Groenman, Højlund, Jurek, Nourredine, Oliva, Parlatini, Psyllou, Salazar-de-Pablo, Tomlinson, Westwood, Cipriani, Correll, Yon, Larsson, Ostinelli, Shin, Fusar-Poli, Ioannidis, Radua, Solmi, Delorme, Cortese",2025,PMC12651917
Pneumococcal Vaccine Use and Immunogenicity in Patients with Glomerular Disease: A Scoping Review and Analysis of Healthcare Claims Data.,"Guittari, Moon, Pate, Moreton, Mottl, Layton, Glenn",2025,PMC12643526
"Risk prediction models for targeted testing of HIV, hepatitis B and hepatitis C: a systematic review and meta-analysis.","Leber, Farooq, Panovska-Griffiths, Larvin, Baggaley, Divall, Haigh, Davies, Choudhry, Hicks, Goodwin, Foster, Orkin, Zenner, Vickerman, Hickman, Reid, Worrall, Pareek, Lais, Anderson, Robson, Griffiths",2025,PMC12648812
"A review of the application of nanotechnology-based, non-contact remote patient monitoring in intelligent nursing for the prevention of major adverse cardiovascular events.","Liu, Min, Tao, Han, Su, Wu, Pan, Zhang, Guo, Ding",2026,PMC12785199
CiteSpace-based visualization and analysis of hotspots and development trends in childbirth experience research.,"Shi, Wang, Luo, Jiang, Geng, Xiang, Li",2025,PMC12631186
Wearable Technology and Its Potential Role in Cardiovascular Health Monitoring and Disease Management.,"Nazir, Nazir, Shah Wali Jamal, Sadiq, Aman, Mustapha, Lawal, AbdulKareem, Bamigbola",2025,PMC12630551
Core Muscle Weakness May Be a Risk Factor for the Development of Plantar Fasciitis.,"Bryant, Brinton, Salzer, Herzog, Simpson, Slone, Woolf",2025,PMC12631504
Cultural competency wheel: advancing a model to characterize the domains and attributes of cultural competency from published nursing literature via integrative review.,"Skaria, Rivero, Dino",2025,PMC12639881
Methods for modelling composite indices of access to healthcare facilities: a systematic literature review.,"Musau, Njogu, Maina, Snow, Beňová, Okiro, Linard, Macharia",2025,PMC12706922
"Epidemiology of Invasive Escherichia coli Disease in Adults Using Routine Healthcare Records from the United States, 2002-2022.","Schmidt, Blum, Onwuchekwa, Hu, Poolman, Verstraeten, Geurtsen",2026,PMC12783483
"Clinical Complications, Mortality, and Healthcare Resource Utilization of Patients with Sickle Cell Disease with Recurrent Vaso-Occlusive Crises in Ontario, Canada: A Retrospective Cohort Study.","Lilly, Udeze, Nightingale, Wang, Murray, Penaranda, Neish, Li, Kuo",2026,PMC12858561
A scoping review of real-world evidence generation methods to estimate the safety of type 2 diabetes medications on fracture risk.,"Spagnuolo, Shogry, Park, Bakewell, Hayes, Burden, Hundal, Cadarette",2026,PMC6617710
Artificial intelligence-based technologies to reduce loneliness and improve social connectedness in older people: a systematic review.,"Pinazo-Hernandis, Redolat, Caballer",2026,HSHa17702ec
The AIR·MS data platform for artificial intelligence in healthcare.,"Guerrero, Ernebjerg, Holst, Weese, DiBello, Ibing, Schmidt, Ungaro, Renard, Lippert, Alleva, Quinn, Kovatch, Antao, Heyneke, Rasheed, Kalabakov, Arnrich, Charney, Wieler, Nadkarni",2025,PMC12629540
Birth month as a risk factor of allergic diseases: Analysis of database of about 50 thousand children.,"Pampura, Esakova, Dolotova, Serebryakova, Chikunov",2025,PMC12633921
Examining valproate's potential anticancer effect among patients with bipolar disorder: a territory-wide active-comparator new user study spanning two decades.,"Wei, Ng, Wei, Chan, Hu, Liu, Zhou, Liu, Sun, Tian, Song, Chang, Chan, Lai",2025,PMC12709764
Prevalence of diagnosed mental health conditions among US children with public and commercial insurance.,"Liu, Xie, Vinson, Yu, Serban",2025,PMC12629040
Evaluating health system expenditure across the rural-urban spectrum in New Zealand: a study protocol.,"Liepins, Atkinson, Davie, Leung, Crengle, Keenan, Whitehead, Stokes, Nixon",2025,PMC12636956
Barriers and facilitators to quality mental health care for forcibly displaced children and adolescents in the WHO European Region: protocol for a scoping review.,"Dumke, Nagraj, Abukmail, Behrendt, Cinar, Giannaki, Hall, Razai, Schäfer, Whyatt, Chatburn",2025,PMC12587946
Optimizing influenza prevention: a systematic review of the cost-effectiveness of pediatric vaccination programs and vaccine types.,"Aksoy, Ozturk, Agh, Kardas, Şahin",2025,PMC12611858
Prevalence of Knee Osteoarthritis in India: A Systematic Review and Meta-Analysis of Population-Based Studies.,"Hazra, Mondal, Bhattacharya, Handa",2025,PMC12615881
Patient and System Barriers to Early Diagnosis of Oral Cancer in the UK.,"Drokow, Drinnan, Amponsem-Boateng, Zohoori, Wilson, Shah, Arboh",2025,HSHa17702ec
Epidemiological stratification and sub-national tailoring of malaria interventions in Liberia.,"Koko, Hinneh, Kumeh, Washington, Alade, Duokie, Wesseh, Bawo, Davis, Zawolo, Konwloh, Jackson, Kollah, Jones, Janafo, Jeuronlon, Galatas, Temu",2025,PMC12619253
"Reducing health and cancer disparities: an environmental scan of three promising health care access interventions in Alberta, Canada.","Hastings, Botey, Salas, Robson",2025,PMC12619175
"""Fathers Are Not Mothers"" Nurses' Experiences of Practicing With Fathers When Providing Care to Their Children: A Qualitative Systematic Review.","de Montigny, René, Landry, Brødsgaard, Polita, Danford, Sheppard-Lemoine, Ikeda, Nascimento, Somanadhan, Alvarenga, Gervais",2025,PMC12623664
Data Analytics and Administrative Decision-Making in Nursing Management: A Systematic Review.,"Darach, Kim, Wisesrith, Collins",2025,PMC12611473
Disparities in Pancreatic Oncology Care.,Maduekwe,2026,HSHa17702ec
GenTIGS: a database empowering research and clinical insights on rare genetic disorders with an Indian perspective.,"Rashid, S, Moharir, Mishra",2025,PMC12604666
Evaluating antimicrobial prescriptions in primary health care across an entire Brazilian city through the analysis of electronic medical records: where public health and data science converge.,"Maita, Oikawa, Oliveira, Prado, Pereira, Xavier, Matos, Manuli, Salvi, Conde, Padoveze, Razzolini, Scaccia, Oliveira, Boszczowski, Sequeira, Zetone Graspan, Leal, Sabino, Holmes, Costa, Levin, Nunes",2025,PMC12613338
"Food labelling in India: a scoping review of consumer engagement, comprehension, and purchase behaviour.","Pahlani, Narendra Talati, Lopez-Arana, Narayanan",2025,PMC12608109
Quality of life and healthcare resource utilization among adult patients with short bowel syndrome: A mixed-methods study leveraging an integrated database.,"Kuk, Chen, Gower, Kirby, Terreri, Feldman, McCue, Mundi",2025,HSHa17702ec
[Mathematical Tools for Prioritizing Health Technologies: Focus on Implementing Multicriteria Decision Analysis Models].,Andreev,2025,HSHa17702ec
Enhancing home rehabilitation through AI-driven virtual assistants: a narrative review.,"Olawade, Adeleye, Egbon, Nwabuoku, Clement David-Olawade, Boussios, Vanderbloemen",2025,PMC12591998
The impact of multicancer early detection tests on cancer stage shift: A 10-year microsimulation model.,"Chhatwal, Xiao, ElHabr, Tyson, Cao, Raoof, Fendrick, Ozbay, Limburg, Beer, Briggs, Deshmukh",2025,PMC12598375
Real-world outcomes of a placenta-based tissue product versus standard of care for lower extremity diabetic ulcers: a Medicare cohort study.,"Tettelbach, Tucker, Kot",2025,HSHa17702ec
Two Decades of Health Initiatives in India (2003-2023): A Bibliometric Analysis.,"Singh, Singh, Bhattacharya",2025,PMC12588140
Development of a database and analytical environment for precision quality management in high-precision radiotherapy.,"Wada, Miyaura, Murakami, Kagami",2025,PMC12589818
"Dissemination and implementation of injury prevention interventions: a scoping review for the Female, woman and/or girl Athlete Injury pRevention (FAIR) consensus.","Patterson, McKay, Critchley, Lutz, Cowan, Kolesky, White, Ezzat, Ross, Adams, Ageberg, Ardern, Badenhorst, Coventry, Dubé, Emmonds, Gracias, Hayden, Lindblom, Møller, Holm Moseid, Harrington Quinn, Sugimoto, Verhagen, Yung, Zondi, Emery, Crossley, Owoeye",2025,PMC12703331
Decriminalization of cannabis use in South Africa: The perspectives and health outcomes among medical students; A systematic qualitative review.,"Mokhwelepa, Olivia Sumbane",2025,PMC12580512
Ethics surrounding artificial intelligence-powered assistive technologies used by people with visual and hearing impairments: a systematic review.,"Sasu, Ogunyemi, Quaicoe, Bauters, Aheto",2025,HSHa17702ec
Web-based sexual and reproductive health education for adolescents aged 10-17 years: a systematic review and meta-analysis.,"Guo, Xie, Zhao, Wang",2025,PMC12581069
Methylene Blue Administration in Septic Shock: A Retrospective Cohort Study.,"Fernando, Rochwerg, Soliman, Tran, Flynn, Oommen, Kanji, Seely, Fox-Robichaud, Wax, Cook, Lamontagne, Adhikari, Gershengorn",2026,HSHa17702ec
Guideline-based screening for abdominal aortic aneurysms is significantly underperformed and possibly impacted by medical comorbidities.,"Ramesh, Stacey, Alexander, Doulamis, Welch, Lipsitz, Indes",2026,HSHa17702ec
Neuro Data Hub: A New Approach for Streamlining Medical Clinical Research.,"Han, Alyakin, Ciprut, Lapierre, Stryker, Golfinos, Kondziolka, Oermann",2025,PMC12560744
Reoperation in Bioprosthetic vs Mechanical Aortic Valve Replacement in The Society of Thoracic Surgeons Database.,"Kaneko, Fukuhara, Mehaffey, Chang, Borger, Fontana, Kim, MacGillivray, Sabik, Badhwar, Bowdish",2025,HSHa17702ec
Rationale and Methodological Approach Underlying the Development of the Sequential Organ Failure Assessment (SOFA)-2 Score: A Consensus Statement.,"Moreno, Rhodes, Ranzani, Salluh, Berger-Estilita, Coopersmith, Juffermans, Laffey, Reinikainen, Neto, Tavares, Timsit, Arias Lopez, Arulkumaran, Azoulay, Chaudhuri, De Lange, De Waele, Dos Santos, Du, Einav, Ferrer, Fujii, Gershengorn, Haniffa, Hasan, Hollenberg, Ippolito, Jung, Kirov, Lakbar, Lipman, Liu, Lobo, Martin, Metnitz, Myatra, Oczkowski, Paiva, Paruk, Pekkarinen, Pilcher, Piquilloud, Pölkki, Prescott, Blaser, Rezende, Robba, Rochwerg, Schenck, Sendagire, Siaw-Frimpong, Simpkin, Soares, Summers, Szczeklik, Takala, Vincent, Wendon, Zampieri, Shankar-Hari, Singer",2025,HSHa17702ec
Health System Determinants of Delivery and Uptake of HPV Vaccination Services Among Involuntary Migrant Populations: A Qualitative Systematic Review.,"Githaiga, Olivier, Noll, Amponsah-Dacosta",2025,PMC12567867
"The Association Between Selenium Levels and Risk of Prostate Cancer: A Systematic Review and Meta-analysis of 16,964 Participants (1980-2024).","Ghaderi, Moradpour, Moaiery, Fattahi, Dehghanbanadaki, Moradi",2025,PMC12887907
Food supplements - the labelling challenges.,"Campos, Pena",2025,HSHa17702ec
Specialist Healthcare Intervention and Follow-up Trends in Post-Acute COVID-19 Hospitalization as Compared to Other Respiratory Infections.,"Colaneri, Galbussera, Tettamanti, Puoti, Marchetti, Piva, Plebani, Raviglione, Gori, Bandera, Nobili",2025,PMC12602735
The use of artificial intelligence in the prevention and management of bleeding disorders: a systematic review.,"Mohamed, Aldabbagh, Kalou, Hamsho, Aldabbagh, Kalou, Sajid",2025,PMC12546342
Physician responses to patients' emotional cues and concerns and their association with patient-related outcomes.,"Gössi, Arpagaus, Gross, Zumbrunn, Bissmann, Hunziker, Becker",2026,HSHa17702ec
Impact of electronic cigarette use on the oral microbiome: a protocol for a systematic review of clinical studies.,"La Rosa, Samaranayake, Zaura, Fuochi, Furneri, Kowalski, Chapple, Polosa",2025,PMC12548169
Artificial intelligence-based approaches for advance care planning: a scoping review.,"Arioz, Allsop, Goodman, Timmons, Simbirtseva, Mlakar, Mocnik",2025,PMC12548256
DermaDashboard: Bridging the Gap Between FHIR Standards and Clinical Usability.,"Borys, Hartmann, Idrissi-Yaghir, Livingstone, Lodde, Schmidt, Winnekens, Friedrich, Hosch, Nensa",2025,PMC12543034
Association between diurnal temperature range and sinusitis: a multi-city time-series analysis.,"Park, Lim, Lee, Oh, Myung, Bae, Ahn",2025,HSHa17702ec
The burden of obesity in primary care in Italy: Italian real-world overweight/obesity study (ITROS).,"Buscemi, Busetto, Pagotto, Sbraccia, Bagatin, Barzaghi, Pegoraro, Gerbino, Delmonte, Clementi",2025,PMC12545663
Improved Impact on Clinical Outcomes and Reduced Cost of Care Associated With Switching Hypoallergenic Amino Acid-Based Formulas.,"Thakkar, Cekola, Boccella, Desai, Kumar, Mondal, Vijaykadam, Samal, Klosterbuer",2025,PMC12536182
Increased cardiovascular risk in people with type 2 diabetes and periodontitis: an analysis from a global real-world federated database.,"Essa, Welters, Yasin, Henney, Hernandez, Albadri, Zhao, Lip, Cuthbertson, Alam",2025,HSHa17702ec
International Headache society evidence-based guidelines on the use of non-invasive neuromodulation devices for the acute and preventive treatment of migraine.,"Yuan, Orr, Al-Karagholi, Ashina, Cohen, Diener, Dodick, Jensen, Marmura, Martinelli, Matharu, Petersen, Pozo-Rosich, Sacco, Simmonds, Tassorelli, Tepper, Terwindt, Wang, Yeh, Silberstein",2025,HSHa17702ec
Behavioural and cognitive changes in young adults towards food and nutrition after exposure to digital food communication: a mixed-methods systematic review.,"Parks, Kaur, Renzella, Malouf, Moreno-Mattar, Albury, Rayner, Scarborough",2025,PMC12538972
A multilevel meta-analysis of client and therapist predictors for alliance quality: Absolute and relative associations with working alliance.,"Xu, Lu, Huang, Deng, Lu, Qiu, Shen",2025,HSHa17702ec
Updated Overall Survival Analysis From the Phase II PHAROS Study of Encorafenib Plus Binimetinib in Patients With BRAF V600E-Mutant Metastatic Non-Small Cell Lung Cancer.,"Johnson, Smit, Felip, Ramalingam, Ahn, Tsao, Johnson, Offin, Hussein, Dagogo-Jack, Goldman, Clarke, Negrao, Sanborn, Morgensztern, Usari, Wilner, Alejandro, Rifi, Zhang, Riely",2025,PMC12680272
"Patient complaints differ for male and female obstetrician-gynecologists: an exploration of 20 years of complaints data in Alberta, Canada.","Brennand, Hernandez-Ceron, Hurava, Kain",2025,PMC12532309
DNA reference reagents isolate biases in microbiome profiling: a global multi-lab study.,"Anwar, Lamaudiere, Hassall, Dehinsilu, Bhuller, Hold, Vázquez-Campos, Mahnert, Moissl-Eichinger, Gallé, Kainz, Pjevac, Hausmann, Schwarz, Kohl, Berry, Vancuren, Allen-Vercoe, Nielsen, Sørensen, Eklund, Nielsen, Riedel, Krause, Chang, Park, Song, Seo, Ul-Haq, Kim, Kwon, Park, Soberon, Silva-Herzog, Verlouw, Arp, Jhamai, Kraaij, Geelen, Ducarmon, Smits, Kuijper, Zwittink, van Best, Penders, Le, Driessen, Kool, Shetty, Fuentes, Demirci, Yigin, Whalley, Beggs, Quince, James, Raguideau, Gordon, Mate, Fritzsche, Danckert, Blanco, Marchesi, Rauch, Williamson, Van't Wout, Kritz, Rosecker, Stevens, Laws, Sayavedra, Romano, Telatin, Baker, Narbad, Servetas, Kralj, Forry, Hunter, Dootz, Jackson, Mason, Butler, Mozsary, Foox, Damle, Resh, Busswitz, Lenz, Sontag, Cross, Sanchez, Guo, Olson, Smith, La Reau, Ward, Kuersten, Hyde, Khrebtukova, Schroth, Rijpkema, Amos, Sergaki",2025,PMC12625696
"Development, Implementation, and Evaluation of a Pediatric Pulmonary Embolism Clinical Pathway and Pulmonary Embolism Response Team.","Whitworth, Wagner, Avitabile, Blowey, Costello, Davis, Davis, Ellison, Giglia, Himebauch, Houng, Law, Mavroudis, Mercer-Rosa, O'Byrne, Ravishankar, Raffini",2025,HSHa17702ec
Disparity in Timely Breast Cancer Treatment: Concordance with Commission on Cancer Quality Measures and the Influence of Socioeconomic Factors in the National Cancer Database.,"Nataliansyah, Lizarraga, Xing, Boughey, Snyder, Mobley",2026,HSHa17702ec
Artificial Intelligence in Predictive Healthcare: A Systematic Review.,"Al-Nafjan, Aljuhani, Alshebel, Alharbi, Alshehri",2025,PMC12525484
Impact of Scope of Practice Laws for Certified Registered Nurse Anesthetists on the Utilization of Anesthesia Services.,"Ghosh, Tarazi, Ume, Ferrara, Hogan, Parker",2026,PMC12857518
Cost-consequence analysis of three cardiac ablation technologies in paroxysmal atrial fibrillation.,"Neužil, Ferrero de Loma-Osorio, Martínez Brotons, Bondanza Saavedra, Mei, Moučka, Uffenorde, Vieira Ruiz, Boriani",2025,HSHa17702ec
Clinical proof of concept of dynamic reconstruction of digital breast tomosynthesis.,"Barbieri, Jailin, Vancamberg, Roux",2025,HSHa17702ec
Reframing EHR Policy in China: Towards Balanced Implementation and Ethical Foundations.,"Chen, Huang, Xu, Yang",2025,PMC12520162
The economic burden of lung cancer in low- and lower-middle-income countries: a systematic review.,"Ünal, Goodchild, Winkler, Brenner, Deckert, Dambach, Horstick, Kaifie, Louis",2025,PMC12516874
"Artificial intelligence in nursing: a systematic review of attitudes, literacy, readiness, and adoption intentions among nursing students and practicing nurses.","El Arab, Alshakihs, Alabdulwahab, Almubarak, Alkhalifah, Abdrbo, Hassanein, Sagbakken",2025,PMC12507812
Monitoring strategies after the incorporation of vaccines into national immunization programs: a systematic review.,"de Melo Araújo, Frugoli, de Sena Gonçalves, Pércio, Da Silva, da Fonseca Victer, Matozinhos, Fernandes",2025,HSHa17702ec
A Scoping Review of Barriers to Accessing Abortions among Adolescents in the United States.,"Maslowsky, Thyden, Odom-Konja, Gimbrone, Paul, Esbrook, Hanneke, Lindberg",2026,PMC13007049
Medical students' evaluation of digital problem-based learning: a mixed-methods systematic review.,"Rathleff, Vergel, Ryberg, Kristensen, Telléus",2025,PMC12512476
The Prevalence and Determinants of Mental Health Problems in Lebanon: A Meta-Analytic Study of 3957 Healthcare Workers.,"Ghandour, Gerges, Zeaiter",2025,PMC11987533
Nurses' attitudes towards communication with patients: a hybrid concept analysis.,"Yue, Yao, Zhang, Zeng",2025,PMC12512926
Sepsis diagnosis and monitoring: Frontiers in innovative technology.,"Mirmotahari, Maghsoudi, Amini, Safari, Akrami, Mirnezami, Najafi, Kianpour, Mojtahedzadeh, Hassani",2026,HSHa17702ec
Validity of competing algorithms to identify people with HIV in Medicaid administrative claims: a statewide analysis.,"Kimmel, Pan, Byrd, Stirratt, Mitchell, Stallings, Ingersoll, Bono, Kiernan, Dillingham, Dahman",2026,HSHa17702ec
Enhancing healthcare with patient personas: A systematic review.,"Hurde, McCollough, Chalil Madathil, Khasawneh",2025,HSHa17702ec
Refugee integration in national health systems of low- and middle-income countries (LMICs): evidence synthesis and future research agenda.,"Olabi, Palmer, Bertone, Loffreda, Bou-Orm, Sempe, Vera-Espinoza, Dakessian, Kadetz, Ager, Witter",2025,HSHa17702ec
Medicaid Accountable Care Model Designs and Maternal Health Measures.,"Cole, Lim, Nguyen, Gordon, McCloskey, Ncube, Patton, Michals, Sisson, Lasser",2025,PMC12509007
Association between atorvastatin and sarcopenia: a study based on NHANES and FAERS databases.,"Zhang, Zhang, Luo, Zhao, Huang, Ou",2026,PMC12935842
Out-of-State Acute Care Use Among Pediatric Medicaid Enrollees.,"Michelson, Singamsetty, Skol, Remick, Bucholz, Graves, Cory, McMullen",2025,PMC12505171
Living with pain-a systematic review on patients' subjective experiences.,"Christidis, Al-Moraissi, Miah, Mihasi, Razavian, Christidis, De la Torre Canales",2025,PMC12502253
"Disease relapse, all-cause mortality, and adverse events associated with long-acting injectable antipsychotics versus oral antipsychotics in older people with schizophrenia in Hong Kong: a population-based within-subject analysis.","Wei, Yan, Castle, Huang, Deng, Leung, Yiu, Lee, Lui, Ng, Hayes, Lai, Wang, Yan, Chan",2025,HSHa17702ec
Improving delayed discharge in gastrointestinal surgery patients: An integrative review.,"Chaimee, Attawet, Qiu, Hugh, Murray-Parahi, Wilson",2025,PMC12482300
Artificial Intelligence in Clinical Decision-Making: A Scoping Review of Rule-Based Systems and Their Applications in Medicine.,"Alnattah, Jajroudi, Fadafen, Manzari, Eslami",2025,PMC12482788
Association between population level social risk factors and prevalence of diabetes.,"Egede, Walker, Linde",2025,PMC12482523
Comprehensive survival analysis of breast cancer patients: a bayesian network approach.,"Toffaha, Emre Simsekler, Shehhi, Sleptchenko, AlAwadhi",2025,PMC12482897
A Retrospective Analysis of the Clinical and Economic Burden of Mitral Regurgitation in Italy Using Real-World Data.,"Sciattella, Martí-Sánchez, Vernia, Giardina, De Marco",2025,PMC12535524
"Hypertension, Diabetes and Depression as Modifiable Risk Factors for Dementia: A Common Data Model Approach in a Population-Based Cohort, with Study Protocol and Preliminary Results.","Zenesini, Cascini, Picariello, Profili, Belotti, Maniscalco, Acampora, Gnavi, Francesconi, Vignatelli, Nonino, Bargagli, Tarantino, Salemi, Vanacore, Matranga",2025,PMC12470793
"Muscle Dysmorphia, Obsessive-Compulsive Traits, and Anabolic Steroid Use: A Systematic Review and Meta-Analysis.","Çınaroğlu, Yılmazer",2025,PMC12466485
Vicarious Resilience in Hospital Nurses: A Concept Analysis.,Jeong,2025,PMC12469785
Application of smart healthcare in the continuum of care for type 2 diabetes mellitus: a scoping review protocol.,"Song, Bai, Pan, Zhang, Luo, Long, Dai, Liao",2025,PMC12481253
Failing Public Health Again? Analytical Review of Depression and Suicidality From Finasteride.,Brezis,2025,HSHa17702ec
Agreement Document for the Study of Leishmaniasis from a One Health Approach in Spain.,"Martín-Sánchez, Requena, Gállego, Jiménez, Molina, Nguewa, Morillas-Márquez, Pérez-Victoria, Monge-Maillo, Morales-Yuste, Marín",2025,PMC12474016
"Single-centre, prospective cohort to predict optimal individualised treatment response in multiple sclerosis (POINT-MS): a cohort profile.","Christensen, Cruciani, Al-Araji, Bianchi, Chard, Fourali, Hamed, Hammam, He, Kanber, Maccarrone, Moccia, Mohamud, Nistri, Passalis, Pozzilli, Prados Carrasco, Samdanidou, Song, Wingrove, Yam, Yiannakas, Thompson, Toosy, Hacohen, Barkhof, Ciccarelli",2025,PMC12481372
Measuring the semantic priming effect across many languages.,"Buchanan, Cuccolo, Heyman, van Berkel, Coles, Iyer, Peters, van 't Veer, Montefinese, Maxwell, Taylor, Valentine, Arriaga, Barzykowski, Boucher, Collins, Vaidis, Aczel, Al-Hoorie, Ambrosini, Besson, Burin, Butt, Clarke, Daryani, El-Dakhs, Elsherif, Fernández-López, Ferreira, Freitag, Gattei, Godbersen, Grim, Halama, Havan, Irrazabal, Isloi, Iversen, Julliard, Karaaslan, Kohút, Kohútová, Kos, Kosachenko, Lima, Mak, Manouilidou, Marciaga, Melinna, Miranda, Morvinski, Muppoor, Müjdeci, Nielsen, Oliveros, Onič, Papadatou-Pastou, Patel, Pavlović, Pažon, Pfuhl, Pronizius, Roettger, Ronderos, Ruiz-Fernandez, Senderecka, Solak, Stückler, Szekely-Copîndean, Taboh, Thériault, Tran, Trecca, Ulloa, Varga, Verheyen, Vesić Pavlović, Viviani, Wang, Zivna, Yun, Clark, Acar, Adamkovič, Agnoletti, Akil, Alsuhaibani, Amenta, Ananyeva, Andreychik, Angele, Arias Quiñones, Arinze, Askelund, Baker, Baskin, Batalha, Batres, Beato, Becker, Becker, Behnke, Blaison, Borghi, Brandstätter, Buczny, Budak, Cabana, Cai, Canessa, Cavdan, Cecchetti, Chaigneau, Chang, Chartier, Chen, Cherniaeva, Christiansen, Chuan-Peng, Chwiłkowska, Comesaña, Cong, Cowan, Dandeneau, David, Davis, Demirag Burak, Dixson, Du, Duclos, Duyck, Efimova, Egan, Era, Evans, Exner, Feldman, Fellnhofer, Fini, Fisher, Flowe, Garrido-Vásquez, Gatti, Geller, Giannouli, Gorokhova, Griener, Grigoryev, Grossmann, Ghasemi, Handjaras, Hauspie, He, Heilman, Heydari, Hine, Hoyer, Hryniszak, Hsiao, Huang, Ihaya, Ilczuk, Ishii, Dumbravă, Jankowiak, Jiang, Johnson, Jończyk, Järvikivi, Kaczer, Kamermans, Karl, Karner, Kačmár, Keech, Kim, Korbmacher, Kostorz, Kowal, Kratochvil, Kunisato, Kuzminska, Körtvélyessy, Köse, Köster, Kękuś, Labusch, Lamm, Lau, Laurino, Law, Lettieri, Levitan, Lu, MacPherson, Malinakova, Manriquez-Robles, Marchant, Marelli, Martínez, Matthews, Mattiassi, Mattoli-Sánchez, Mazzuca, McGovern, Meier, Melinscak, Misiak, Monteiro, Moreau, Moreno, Mulgrew, Muller, Nagy, Naranowicz, Ndukaihe, Neta, Novak, Ogbonnaya, Paek, Paltoglou, Parada, Parker, Paruzel-Czachura, Pavlov, Paydarfard, Pegler, Peker, Perea, Pfattheicher, Protzko, Prusova, Pypno-Blajda, Qiu, Reips, Ribeiro, Rinaldi, Roberts, Roembke, Romanova, Ross, Röer, Rızaoğlu, Saari, Sampaolo, Santos, Sarıçiçek, Sasaki, Scharnowski, Schmidt, Sepehri, Serçe, Sevincer, Siew, Simonetti, Sirota, Sorokowska, Sorokowski, Stephen, Stevens, Stewart, Steyrl, Stieger, Studzinska, Suarez, Szala, Szmalec, Sznycer, Szumowska, Söylemez, Söylemez, Takashima, Tamnes, Tan, Tang, Tavel, Tejada, Thompson, Tiernan, Torres-Muñoz, Touloumakos, Trémolière, Tschense, Türkan, Vadillo, Vannucci, Varnum, Vasilev, Vaughn, Verkampt, Villar, Wallot, Wang, Wang, Williams, Willinger, Wolfe, Wormley, Yamada, Yang, Zhou, Zhang, Zheng, Zheng, Zhou, Zidkova, Zumbrunn, Çoker, Çoksan, Öner, Özdoğru, Şahin, Kasanov, Arvanitis, Brick, Colloff, Gallyamova, Koch, Ropovik, Zhang, Zhou, Patel, Suchow, Lewis",2026,PMC3259028
The role of palliative care at the time of stereotactic radiosurgery on healthcare utilization for frail patients with brain metastases.,"Kite, Dwyer, Drury-Gworek, Barrett, Herbst, Ombres, Herbst, Karlovits, Wegner, Shepard",2025,PMC12449133
"Communicative practices used by health and social care professionals, older adults and informal carers during advance care planning conversations: systematic review of qualitative evidence and narrative synthesis.","Spencer, Griffiths, Nair, Flanagan, Rait, Stevenson, Davies",2025,HSHa17702ec
"Global, regional, national burden and trends of unintentional injuries from 1990 to 2021 and projections to 2035: a systematic analysis of the Global Burden of Disease study 2021.","Qin, Liu, Nong, Feng, Liu, Xie, Huang, Liang, Yan, Tang, Qin, Huang, Fu, Liu, Wei, Yang, Jian, Liu, Su, Zhang, Tang, Zhuo, Mo, Liu, Yu, Liang",2025,PMC12442766
Regional Price Level Estimates for Medical Services in the United States.,Ackley,2026,PMC12932027
Crowdsourcing multiverse analyses to explore the impact of different data-processing and analysis decisions: A tutorial.,"Heyman, Pronizius, Lewis, Acar, Adamkovič, Ambrosini, Antfolk, Barzykowski, Baskin, Batres, Boucher, Boudesseul, Brandstätter, Collins, Filipović Ðurđević, Egan, Era, Ferreira, Fini, Garrido-Vásquez, Godbersen, Gomez, Graton, Gurkan, He, Johnson, Kačmár, Koch, Kowal, Kratochvil, Marelli, Marmolejo-Ramos, Martínez, Mattiassi, Maxwell, Montefinese, Morvinski, Neta, Nielsen, Ocklenburg, Onič, Papadatou-Pastou, Parker, Paruzel-Czachura, Pavlov, Perea, Pfuhl, Roembke, Röer, Roettger, Ruiz-Fernandez, Schmidt, Siew, Tamnes, Taylor, Thériault, Ulloa, Vadillo, Varnum, Vasilev, Verheyen, Viviani, Wallot, Yamada, Zheng, Buchanan",2025,HSHa17702ec
Prevalence of herbal medicine use for maternal conditions in Tanzania: a systematic review and meta-analysis.,"Japhari, Rumisha, Nkoma, Peter",2025,PMC12436274
Survival by Treatment Recommendation and Receipt Among Older Patients With Early-Stage Cervical Cancer.,"Suk, Lin, Dilley, Chandler, Xiao, Shao, Wells",2025,PMC12441871
Melatonin for blood pressure control in adults.,"Zia Ul Haq, Mansoor, Lima Dos Santos, Perez Ramos, Pinzon Cueva, Harzand",2025,PMC12439326
"Diagnostic strategies for suspected acute aortic syndrome: systematic review, meta-analysis, decision-analytic modelling and value of information analysis.","Goodacre, Pandor, Thokala, Ren, Essat, Ren, Clowes, Cooper, Hinchliffe, Reed, Thomas, Wilson, Fowler, Lechene",2025,PMC12455670
Physical and Physiological Consequences of Babywearing on the Babywearer: A Systematic Review.,"Taboada-Iglesias, Domínguez-Estévez, Rodríguez-Gude, Gutiérrez-Sánchez",2025,PMC12428022
Factors associated with acute unscheduled care visits for asthma in the all of US dataset.,"Rodriguez, Yuan, Bakare, Lee, Taylor",2025,HSHa17702ec
Strengthening financial protection through multitiered health coverage: evidence from 667 055 low-income households in China.,"Liu, Zhou, Ren, Zhai, Zhuang, Wang, Cui",2025,PMC12519334
Investigating the Efficacy of AI-Powered Innovations in ECG Analysis and Continuous Heart Monitoring: A Comprehensive Narrative Review.,"Revuri, La, Faltas, Pryor, Aradhya, Kahlam",2025,PMC12419789
Knowledge and Perceptions of Hepatitis B in Immigrant Populations: A Systematic Review and Thematic Synthesis of Qualitative Research.,"Ahad, Moussa, Wallace, Wade, Doyle, Howell",2025,PMC12423615
Using Medication Dispensation Data to Identify Clusters with Similar Prescribing Patterns in Older Adults Living with Dementia.,"Emdin, Stukel, Bethell, Wang, Iaboni, Bronskill",2025,PMC5340355
Development of the concept of prenatal care Application of the hybrid model of Schwartz-Barcott and Kim.,"Bula-Romero, Conde-Flórez, González-Lara, Sánchez-Caraballo, Jiménez-Hernández",2025,PMC12400986
An Approach to Drug Discovery via Ethnopharmacology and Sustainable Agriculture.,"Singh, Singh, Anand, Mishra, Kumar, Chopra, Chopra",2025,HSHa17702ec
Strategies for Tailoring Patient-Centered Technologies Across the Cancer Continuum: Protocol for a Scoping Review.,"Tarver, Boyd, Jonnalagadda, Bitangacha, Pawlik, Palmer Kelly, Paskett",2025,PMC12457863
The hidden pandemic: changes in outpatient mental health care among French children and adolescents.,"Valtuille, Trebossen, Ouldali, Huguet, Peyre, Delorme, Kaguelidou",2026,PMC12956991
The impact of multidisciplinary care on attrition rates in weight management programs for women with polycystic ovary syndrome: a scoping review.,"Terzian, Nordlund, Bassilious",2025,PMC12409053
"TriNetX Dataworks-USA: Overview of a Multi-Purpose, De-Identified, Federated Electronic Health Record Real-World Data and Analytics Network and Comparison to the US Census.","Stein, Hüser, Amirian, Palchuk, Brown",2025,PMC12414656
Use of Clinical Decision Support Systems for Diagnosis and Prognosis of Gastric Cancer: A Scoping Review.,Nopour,2025,PMC12394176
Appraising the cost of illness of diabetic retinopathy and diabetic macular edema over the last decade: a systematic review.,"Jabbar, Al-Jumaili, Alkhatib, Jaafar",2026,HSHa17702ec
Healthcare resource utilization for VELYS™ robotic-assisted solution compared to manual surgery for total knee arthroplasty.,"Severson, Tan, English, Reimer, Goldstein, Etter",2025,PMC12399716
International Trends in Opioid Prescribing by Age and Sex from 2001 to 2019: An Observational Study Using Population-Based Databases from 18 Countries and One Special Administrative Region.,"Chan, Bahmanyar, Beyene, Bushnell, Carleton, Chan, Cook, Crystal, Furu, Gadzhanova, García Poza, Gini, Giometto, Harrison, Haug, Hsu, Hjördísar Jónsdóttir, Kai, Karlstad, Kim, Kubota, Lai, Lee, Lau, Li, Lucenteforte, Maura, Neumann, Pate, Pottegård, Qureshi, Rasmussen, Reutfors, Roughead, Saastamoinen, Sato, Scholle, Schuiling-Veninga, Shen, Shin, Stürmer, Taxis, Tuccori, Weng, Wong, Zoega, Man, Wong",2025,PMC12515243
A Systematic Review of Modelling Approaches in Economic Evaluations of Treatments for Inherited Bleeding Disorders.,"Prameyllawati, Lingsma, Cnossen, Ten Ham",2026,PMC12790516
Impact of age and treatment-related adverse events on financial toxicity among patients with breast cancer: a systematic review.,"Myers, Morton, Bain, Obeng-Gyasi, Paskett, McAlearney, Greenup, Minami, Mittendorf, King",2025,PMC9514601
An Examination of the Relationship Between Social Support Networks and Opioid Misuse Among American Indian/Alaska Native Populations: A Systematic Review.,"Asante, Shamow, Bang",2025,PMC12386079
"Adherence, duration and healthcare costs in a real-world population of patients with acromegaly.","Quock, Chang, Das, Speller, Tarbox, Rattana, Paulson, Broder",2025,PMC12403375
Mapping interconnectivity of digital twin healthcare research themes through structural topic modeling.,"Kim, Lim",2025,PMC12394621
"Complementary, alternative and integrative medicine for autism: an umbrella review and online platform.","Gosling, Boisseleau, Solmi, Sandbank, Jurek, Nourredine, Porcu, Murgia, Radua, Fusar-Poli, Kovarski, Caparos, Cartigny, Cortese, Delorme",2025,PMC12727493
"Estimating inequality in alcohol-related liver disease burden in the UK, 2009 to 2020: a population-based study using routinely collected data.","Wang, Nirantharakumar, Copland, Quelch, Thayakaran, Chandan, Ferguson, Brookes, Lewis, Rajoriya, Trudgill, Arasaradnam, Bradberry, Haroon, Bhala, Adderley",2025,PMC12379629
Eye Injury Epidemiology in Australia: A 25-Year Systematic Review and Public Health Perspective.,"Li, Drinkwater, Hoskin, Turner",2025,PMC12747473
What Helps or Hinders Annual Wellness Visits for Detection and Management of Cognitive Impairment Among Older Adults? A Scoping Review Guided by the Consolidated Framework for Implementation Research.,"Okpalauwaekwe, Franks, Kuo, Raji, Passy, Tzeng",2025,PMC12389198
Transforming Patient Feedback Into Actionable Insights Through Natural Language Processing: Knowledge Discovery and Action Research Study.,"Shankar, Yip",2025,PMC12381215
Highlighting global inequities in health services quality research: a systematic review and quantitative evidence (2014-2023).,"Pruteanu, Moroșanu, Zegan, Mihăilă, Cărăușu",2025,PMC12376348
The socioeconomic and health system determinants of financial protection indicators: a global systematic review (2008-2023).,"Guo, Peng, Tran, Cheng, Grépin",2025,PMC12382577
Quality of mental health care for forcibly displaced children and adolescents in the WHO European region: A scoping review of barriers and facilitators.,"Dumke, Nagraj, Yusuf, Abukmail, Cinar, Razai, Whyatt, Hall, Breda, Giannaki, Scharpf, Behrendt, Schäfer, Chatburn",2026,PMC12917058
Intensive Care Unit Patient Outcome Prediction Using ν-Support Vector Classification and Stochastic Signal Processing-Based Feature Extraction Techniques: Algorithm Development and Validation Study.,"Wang, Jiang, Li, Zhang",2025,PMC12421204
AI-enhanced rapid diagnostic testing platform for mass opisthorchiasis screening.,"Junsawang, Techasen, Wiratchawa, Wanna, Wongphutorn, Worasith, Sithithaworn, Bulathwela, Intharah",2025,PMC12374986
Shared decision-making and deprescribing to support anti-thrombotic therapy (dis)continuance for persons living with cancer in their last phase of life: A realist synthesis.,"Jagosh, Pearson, Greenley, Maraveyas, Keser, Murtagh, Noble, Edwards, Edwards, Højen, Seddon, Klok, Mooijaart, Geijteman, Johnson",2025,PMC12410886
"Epidemiology, disease evolution and economic burden of amyotrophic lateral sclerosis in France using the French national health data system.","Corcia, Stenson, Doutriaux, Hadjrabia, Boer, Issa, Marguet, Bernard, Nasanbat, Nowacki, de Pouvourville, Couratier",2025,PMC12368419
Artificial Intelligence in the Management of Asthma: A Review of a New Frontier in Patient Care.,"Tan, Nguyen, Lopez, Peverini, Shedd, Alismail, Nguyen",2025,PMC12367921
Should we stop doing comprehensive geriatric assessments in patients under 75 with cancer?,"Ziad, Carter, Grant, Jin, Monginot, Alibhai",2025,HSHa17702ec
Projected hospitalization cost impact of the selective cytopheretic device in pediatric acute kidney injury.,"Humes, Kleinman, Kammerer, Iyer, Goldstein, Kleinman, Chung, Thakar",2025,HSHa17702ec
Benefits and Burdens of Research Participation: A Mixed Methods Systematic Review in Palliative and End-of-Life Care.,"Wallace, Wladkowski, Al-Juboori, Wingo, Coccia, Hyde, Hendricks-Ferguson",2025,HSHa17702ec
The Effect of Different Algorithms on Prevalence of Attention Deficit Hyperactivity Disorder and Autism Spectrum Disorder in Secondary Healthcare Data in Five European Countries: A Contribution from the ConcePTION Project.,"Given, Paoletti, Bromley, Ballardini, Beau, Bartolini, Caillet, Coldea, Damase-Michel, Evans, Jordan, Leinonen, Manfrini, Martikainen, Morris, Neville, Nordeng, Puccini, Coste, Loane",2025,PMC5384950
"Meeting the needs of women in the perinatal period, who use or are in treatment for using drugs: A mixed-methods systematic review.","Smith, Lewis, Gilmour, Honeybul, Cheyne, Aladangady, Featherstone, Maxwell, Neale, Gonzalez Utrilla, Radcliffe",2025,HSHa17702ec
A Real-Time Signal-Based Wavelet Long Short-Term Memory Method for Length-of-Stay Prediction for the Intensive Care Unit: Development and Evaluation Study.,"Jiang, Li, Zhang",2025,PMC12367335
Artificial Intelligence Applications in Healthcare: A Systematic Review of Their Impact on Nursing Practice and Patient Outcomes.,"Abdelmohsen, Al-Jabri",2025,HSHa17702ec
Methods for studying health disparities in U.S. nursing homes: a scoping review.,"Rostad, Xiang, White",2025,PMC12369220
Application of Digital Tools in the Care of Patients With Diabetes: Scoping Review.,"Yan, Li, Tian",2025,PMC12364422
Neurologic Medication Costs in a Direct-to-Consumer Pharmacy vs Commercial Insurance Plans.,"Gusovsky Chevalier, Lin, Kerber, Reynolds, Callaghan, Burke",2025,PMC12365698
Identifying Treatable Traits of Patients with Asthma Prescribed an ICS/LABA: A Descriptive Analytic Database Study in England.,"Quint, Rendon, Stanford, Gemicioglu, Fritscher, Boonsawat, Rottier, Majumdar, Hamouda",2025,PMC12474639
Molecular hydrogen and kidney diseases: a scoping review based on scientometry and data analytics.,"Viana, Castro, Leiva",2026,PMC12413872
Understanding the clinical characteristics associated with health care costs and cost savings upon weight reduction in individuals with obesity or overweight.,"Li, Vallarino, Denning, Gibble, Schapiro, Liu, Li, Ward, Pearson-Stuttard",2025,PMC12515767
Toward Reliable Coronary Heart Disease Prediction: Integrating Multi-source Data with Ensemble Machine Learning.,"Badawy, Ramadan, Hefny",2025,PMC12137098
Nitrite testing in excipients - Industry best practices.,"Hickert, Näf, Zheng, Balogh, Smith, Pallicer, van Wijk, Akkermans, Thonne, Blom, Sabatowski, Pata, Kocks, Packer",2025,HSHa17702ec
Transforming Cancer Care: A Narrative Review on Leveraging Artificial Intelligence to Advance Immunotherapy in Underserved Communities.,"Vasquez, McCabe, McKee, Siby, Hussain, Faizuddin, Sheikh, Nguyen, Mayer, Grier, Dhandayuthapani, Gadad, Chacon",2025,PMC12347673
"Anhedonia and Negative Symptoms in First-Episode Psychosis: A Systematic Review and Meta-Analysis of Prevalence, Mechanisms, and Clinical Implications.","Ricci, Sarni, Barresi, Remondino, Maina",2025,PMC12346823
Survival in Patients with Colorectal Cancer and Isolated Brain Metastases: Temporal Trends and Prognostic Factors from the National Cancer Database (2010-2020).,"Sarfraz, Jayram, Ozair, Hodgson, Bellur, Maharaj, Venur, Mukherjee, Ahluwalia",2025,PMC12345898
Psychosocial interventions to improve quality of life in Hispanic cancer survivors: a meta-analysis.,"Pedreira, Fleszar-Pavlović, Silvera, Griffin, Lopes, Antoni, Penedo",2025,HSHa17702ec
Determining the Survival Impact and Cost-Effectiveness of Multi-Gene Panel Sequencing in Metastatic Colorectal Cancer With Super Learning Approaches.,"Krebs, Weymann, Lim, Yip, Regier",2026,PMC12967917
Experiences of sexuality of older cisgender gay men: a systematic review and meta-synthesis of qualitative studies.,"Okasawara, Boffi, Oliveira-Cardoso, Santos",2025,PMC12334169
"Renal denervation for hypertension: cross-country cost-effectiveness insights from mainland China, Japan, and Thailand.","Lian, Suo, Gai, Li, Ren, Xiao, Zhao, Zhang, Liu, Chen",2025,PMC12344921
Effects of single-use negative pressure wound therapy on healthcare use: US analysis of a large claims database.,"Bashyal, Searle, Nherera, Wright",2025,HSHa17702ec
Subpopulation-specific synthetic electronic health records can increase mortality prediction performance.,"Perets, Rappoport",2025,PMC12342355
Frameworks used to evaluate community-based rehabilitation interventions: A scoping review.,"Manig, Ennion, Rowe, de Witte",2025,PMC12339764
A Systematic Review of Health-Related Quality-of-Life Measurement in Patients With Complicated Intraabdominal Infections.,"Rader, Ruffin, Fai, Barton, Skalla, Wang, Oakes, Sutton, Miller, Collyar, Boucher, Doernberg, Reeve, King",2025,PMC12341885
A Systematic Review of Health-Related Quality-of-Life Measurement in Patients With Hospital-Acquired/Ventilator-Associated Bacterial Pneumonia.,"Krah, Fai, Sutton, Rader, Barton, Skalla, Boucher, Collyar, Miller, Oakes, Ruffin, Wang, King, Doernberg",2025,PMC12341888
A Systematic Review of Health-Related Quality-of-Life Measurement in Patients With Complicated Urinary Tract Infections.,"Minter, Wang, Rader, Barton, Skalla, Boucher, Collyar, Miller, Sutton, Oakes, Ruffin, King, Doernberg",2025,PMC12341943
Risk factors for rehospitalization after trauma: a follow-up study.,"Savitsky, Kaim, Radomislensky, Ziv",2025,PMC12339642
Distribution of pancreatic cancer surgery centers and spatial access to care.,"Paro, Selamawit, Diaz, Khalil, Baron, Melendez, Wernberg, Pawlik",2025,HSHa17702ec
Demographic and clinical characteristics of patients with borderline personality disorder: Real-world insights from a retrospective observational study.,"White, St Rose, Dwyer, Palmer, Yeow, Griffiths, Chee, Oyesanya, Patel",2025,HSHa17702ec
Global research landscape of antiangiogenic therapy for colorectal cancer: a bibliometric analysis of mechanistic insights and clinical advancements.,"Hou, Wu, Chen",2025,PMC12328166
Allowing Vector Attributes in Relational Database for Japanese Insurance Claims.,"Sato, Goda, Kiba, Fujimoto, Fujiwara, Kimura, Hara, Suzuki",2025,HSHa17702ec
Factors affecting healthcare access for dysmenorrhoea: a scoping review protocol.,"Ní Chéileachair, Caes, Belfield, Bartl, Durand",2025,PMC12336568
"Artificial Intelligence and Nursing Management: Opportunities, Challenges, and Ethical Considerations-A Scoping Review.","Katebi, Bahreini, Bagherzadeh, Pouladi",2025,PMC12328055
Complex methods for complex data: key considerations for interpretable and actionable results in exposome research.,"Ponzano, Rotem, Bellavia",2025,PMC4385465
Machine learning enables legal risk assessment in internet healthcare using HIPAA data.,"Liu, Liu, Fan, Song, Wang",2025,PMC12322223
Clinical decision-making and care pathways for people with multiple long-term conditions admitted to hospital: a scoping review.,"Howe, Blackburn, Sheppard, Pretorius, Suklan, Bellass, Cooper, Gallier, Sapey, Sayer, Witham",2025,PMC12323535
Machine learning for diabetic foot care: accuracy trends and emerging directions in healthcare AI.,"Lin, Li, Huang, Hsu, Ho, Xu, Hsieh, Jhang",2025,PMC12313574
Medical costs for patients with rheumatoid arthritis who have comorbid diabetes mellitus.,"Tanaka, Inoue, Sakai, Iwasaki, Shoji, Harigai",2025,PMC12316215
Metaverse technology use among patients undergoing hemodialysis: A systematic review and meta-analysis of randomized controlled trials.,"Chong, Kim, Raszewski, Jang",2025,HSHa17702ec
Methods of estimating prevalence of multiple sclerosis in six European healthcare data sources: a contribution from the ConcePTION project.,"Beslay, Beau, Messina, Benevent, Ballardini, Barrachina-Bonet, Cavero-Carbonell, Coldea, García-Villodre, Geldhof, Gini, Hellwig, Jordan, Leinonen, Lopez-Leon, Manfrini, Martikainen, Mitter, Neville, Nordeng, Puccini, Vukusic, Damase-Michel, Geissbühler, Morris",2025,PMC6765473
Metagenomics-based analysis of microbial community structure and functional differences in fermented grains of Jiang-flavored baijiu from different production regions and policy recommendations for industrial development.,"Shen, Hu, Zhang, Li, Deng, Chen, Li, Xie, Shao",2025,PMC12307490
Characterisation of a clinical trial-like population of high cardiovascular risk patients prior to myocardial infarction or stroke in the real world: design and protocol for a multidatabase retrospective cohort study.,"Ochs, Chan, Dhalwani, Duxbury, Shannon, O'Kelly, Paiva da Silva Lima, Avcil, Chan, Chui, Lai, Cars, Shin, Heintjes, Wong",2025,PMC12315028
Drivers of human papillomavirus vaccine uptake in migrant populations and interventions to improve coverage: a systematic review and meta-analysis.,"Iwami, Bouaddi, Razai, Mansour, Morais, Ali, Crawshaw, Bojang, Seedat, Deal, Webb, Carter, Aspray, Clemente, Arroyo-Laguna, Krishna, Augustin, Staines, Hargreaves",2025,PMC7618757
Characteristics of medical costs and resource use in patients with rheumatoid arthritis treated with and without glucocorticoids.,"Tanaka, Inoue, Sakai, Iwasaki, Shoji, Harigai",2025,PMC12310026
Evidence Based Gait Analysis Interpretation Tools (EB-GAIT) treatment recommendation and outcome prediction models to support decision-making based on clinical gait analysis data.,"Schwartz, Georgiadis",2025,PMC12306754
Impact of COVID-19 on Incident Depression and Anxiety: A Population-Based Observational Study Using Statewide Claims Data.,"Kim, Duong, Duru, Weir, Manotas, Kleinschmit, Fischer, Weir, Wilson",2025,PMC12294617
Invisible Engines of Resistance: How Global Inequities Drive Antimicrobial Failure.,"Eke, Cua",2025,PMC12291774
Mapping Evidence and Constructing an Analytic Framework: An Umbrella Review Summarizing Primary Care Family Physicians' Experiences With Clinical Integration.,"Tseng, Kim, Ho, Lee, Chang, Lacaille, Newton, Vasarhelyi, Poureslami, Liow, Mitton",2025,PMC12306985
Risk factors for delayed wound healing after anal fistula surgery: Protocol of a meta-analytic study.,"Mei, Du, Han, Qu, Tang, Li, Gao, Wang, Zheng",2025,PMC12303298
"Body Mass Index Progression, Development of Complications and Healthcare Costs Over 8 Years in UK Individuals Living With Overweight/Obesity.","Busetto, Capucci, da Rocha Fernandes, Holloway, Tahrani, Thompson, Pearson-Stuttard",2025,PMC12394339
Safer opioid supply clients' values and preferences: a systematic review and thematic synthesis of qualitative research.,"Nafeh, Martignetti, Kolla, Bonn, Falah Langeroodi, Urbanoski, Pauly, Werb, Karamouzian",2025,PMC12306296
Gut microbial healing in IBD: visionary approach or evidence-based reality?,"Nanni, Murgiano, Hsu, Khalili, Cammarota, Papa, Gasbarrini, Scaldaferri, Lopetuso",2025,HSHa17702ec
Future exacerbations and mortality rates among patients experiencing COPD exacerbations: a meta-analysis of results from the EXACOS/AVOIDEX programme.,"Rhodes, Patel, Duong, Haughney, Make, Marshall, Penz, Santus, Sethi, Soler-Cataluña, Sotgiu, Quint, Müllerová, Vogelmeier, Nordon",2025,PMC12306326
"Global, Regional, and National Epidemiological Burden of Motor Neuron Disease: A Comprehensive Assessment of Prevalence, Incidence, Mortality, and Disability-Adjusted Life Years with Projections to 2036.","He, Wang, Tang, Li, Chen, Xu, Li, Zhou, Xu, Wang",2025,HSHa17702ec
Group-based trajectory modeling to assess adherence to chronic urate-lowering therapies among commercially insured US adults with gout.,"Rizk, Qato, Bingham, dosReis",2025,PMC12288726
Real-world treatment patterns and outcomes in patients with early-stage HCC in the US treated with resection or ablation.,"Parikh, Patel, Hu, Stirnadel-Farrant, Kebede, Wang, Garcia-Reyes",2025,PMC12296087
Trends of Physical and Occupational Therapy Utilization in ICU Patients Undergoing Mechanical Ventilation in the United States: 2008-2021.,"Mintz, Mustafa, Puthumana, Uribe, Mallow, Gershengorn",2025,HSHa17702ec
Development of a national pathology training system using digital pathology and SNOMED-CT.,"McGenity, Cratchley, Aldridge, Sayers, Campbell, Dash, Flanagan, Sebire, Wright, Akhtar, Treanor",2025,PMC12273581
IoT-enabled medical advances shaping the future of orthopaedic surgery and rehabilitation.,"Parashar, Malviya, Sridhar, Wadhwa, Shareef",2025,PMC12268194
"Attitudes, Behaviors, and Perceived Barriers Toward Conducting Research Among Preventive Medicine Residents in Saudi Arabia: A National Cross-Sectional Study.","Alghamdi, Subke",2025,PMC12275964
"Systematic literature reviews to identify epidemiological, clinical, economic and health-related quality of life evidence in activated PI3Kδ syndrome (APDS).","Vlachopoulou, Tutein Nolthenius, Luscombe, Radford, Haria, Bolan, Bah",2025,PMC12275335
Morbimortality consequences of use and misuse of psychoactive medicines in Portugal.,"Carmona Araújo, Guerreiro, Bulhosa, Martins, Alves da Costa, Goulão",2025,HSHa17702ec
Medicaid expansion and overall mortality among women with cervical cancer.,"Akinyemi, Ogunyankin, Fasokun, Abodunrin, Eze, Ndebele-Ngwenya, Geter, Hughes, Lawson",2026,PMC12716491
Identifying multiple sclerosis in women of childbearing age in six European countries: a contribution from the ConcePTION project.,"Beslay, Geissbühler, Beau, Messina, Benevent, Ballardini, Barrachina-Bonet, Cavero-Carbonell, Coldea, García-Villodre, Geldhof, Gini, Hellwig, Jordan, Leinonen, Lopez-Leon, Manfrini, Martikainen, Mitter, Neville, Nordeng, Puccini, Vukusic, Morris, Damase-Michel",2025,PMC12374901
Advancing Clinical Pharmacogenomics Worldwide Through the Clinical Pharmacogenetics Implementation Consortium (CPIC).,"Caudle, Whirl-Carrillo, Relling, Hoffman, Donnelly, Haidar, Bourque, Frear, Gong, Sangkuhl, Whaley, Klein",2025,HSHa17702ec
COVID-19 pandemic impact on clinical condition capture in real-world data: an assessment framework.,"Wang, Wang, Morris, Smolinski, Thai, Winterstein",2025,HSHa17702ec
"From Burden to Empowerment. Patient-Reported Influencing Factors on Participation in Shared Decision Making in Oncology, a Meta-Study.","Mertens, Wildiers, Van Veenendaal, Oueslati, Kasmi, Bekkering, Hannes, Delvaux, Vermandere, Van Bostraeten, Jaeken, Aertgeerts",2025,PMC12260273
Variation in effectiveness of blood transfusion by hospital day: A multicenter retrospective study.,"Bosch, Law, Roubinian, Reza Jafarzadeh, Walkey",2026,PMC12635911
Integrated Primary Care and Mental Health Service Utilization: A Meta-Analysis.,"Hostutler, Shahidullah, Rybak, Stephenson, Freeman, LaLonde, Danzo, Koval, Hughes, Riley",2025,HSHa17702ec
Sociodemographic patterns of provider-to-home telehealth use within the veterans health administration between 2015 and 2023.,"Dardashti, Ferguson, Nicholson, Heyworth, Hogan, McMahon, Slightam, Zulman, Sherman",2025,PMC12241211
"Prevalence, antimicrobial susceptibility patterns, and associated risk factors of Enterococci species in healthcare and community settings in Ethiopia: a systematic review and meta-analysis.","Teffera, Belay, Tegegne, Dagne, Adugnaw, Belew, Leykun, Tefera, Mesganaw Shtie, Yenesew, Melkamu, Amare, Abebaw, Akelew, Jemal, Ashenef, Getinet, Baylie, Kiber, Afework, Hibistu, Enchalew",2025,PMC12246523
Share of Sales Subject to Medicare Inflation Rebates and Price Increases of Top-Selling Drugs.,"Egilman, Kesselheim, Rome",2026,PMC12857503
Comparison of the Risk of Pneumonia Between Fluticasone Furoate/Umeclidinium/Vilanterol and Multiple-Inhaler Triple Therapy in Patients with COPD Using Health Insurance Claims Data: Final Analysis of Post-Marketing Database Surveillance in Japan.,"Akiyama, Oda, Mizohata, Sasakura, Hashimoto, Maruoka",2025,PMC12251023
In Vivo Assessment of Ankle Stability During Dynamic Exercises: Scoping Review.,"Sanchez-Morilla, Cervera-Garvi, Ramirez-Perez, Garcia-Paya, Diaz-Miguel, Ortega-Avila",2025,PMC12249192
Oral health literacy from a person-centered focus in the United States: a narrative review.,"Schroeder, McLeod, Clester, Cheung, Heaton, Tranby",2025,PMC12255081
Exploring Barriers to Mammography Access for Women With Intellectual Disabilities: A Meta-Synthesis of the Perspectives of Four Stakeholder Groups.,"Pitt, Hodge",2025,HSHa17702ec
"The short-, medium- and long-term risk and the multi-organ involvement of clinical sequelae after COVID-19 infection: a multinational network cohort study.","Lam, Chai, Man, Lau, Luo, Lin, Yin, Chui, Li, Zhang, Chan, Wan, Wong",2025,PMC12237969
"Clinical Outcomes and Health Care Utilization in Patients with Advanced Chronic Kidney Disease not on Dialysis After the Onset of the COVID-19 Pandemic in Ontario, Canada.","Wang, Kang, Dixon, Jeyakumar, Scott Brimble, Garg, Blake, Stukel, Oliver, Al-Jaishi, Clemens, Fu, Ip, McKenzie, Moist, Molnar, Muanda-Tsobo, Reich, Roshanov, Silver, Wald, Weir, Yau, Young, Naylor",2025,PMC12227879
Digital health interventions for mental health disorders: an umbrella review of meta-analyses of randomised controlled trials.,"Crocamo, Palpella, Cavaleri, Nasti, Piacenti, Morello, Lauria, Villa, Riboldi, Bartoli, Torous, Carrà",2025,HSHa17702ec
"Experiences of women with type 2 diabetes during the pre-pregnancy, pregnancy and postpartum periods: A systematic review of qualitative studies.","Hopkins, O'Leary, Burton, Dyer, Flynn, Gunabalasingam, Heslehurst, Kyrka, Lebrett, Meek, Schoenaker, White, Forde",2025,PMC12352727
Association between vitamin D deficiency and clinical outcome in patients with COVID-19 in the post-Omicron phase.,"Chen, Yu, Lai, Yang, Yu, Hung",2025,PMC12214579
"Carbapenem-resistant Enterobacterales among patients with bloodstream infections in South Africa: Consolidated surveillance data, 2015-2021.","Ismail, Zwane, Du Toit, da Costa, Franceschi, Perovic",2025,PMC12221022
Network Analysis to Define Pediatric Acute Care Regions in Wisconsin.,"Michelson, Remick, Bucholz, McMullen, Singamsetty, Skol, Cory, Graves",2025,PMC12636262
"Artificial Intelligence in Palliative Care: A Scoping Review of Current Applications, Challenges, and Future Directions.","Nikoloudi, Mystakidou",2025,HSHa17702ec
Statistical and health economic analysis plan for a secure care hospital evaluation of manualised (interpersonal) art-psychotherapy: the SCHEMA randomized controlled trial.,"Condie, Franklin, Doorn, Foscarini-Craggs, McKinnon, Harrison, Iranpour, Zubala, Rose, Randell, McNamara, Riaz, Hackett",2025,PMC12210588
Implicit bias in ICU electronic health record data: measurement frequencies and missing data rates of clinical variables.,"Shi, Hubbard, Fong, Pirracchio",2025,PMC12220764
Machine learning-based brain magnetic resonance imaging radiomics for identifying rapid eye movement sleep behavior disorder in Parkinson's disease patients.,"Lian, Xu, Hu, Wei, Wang",2025,PMC12210841
The prevalence of all stype of diabetes and pre‑diabetes in the Eastern Mediterranean countries: a meta‑analysis study.,"Moradkhani, Azami, Mohammadzadeh, Baradaran, Saed, Asvad, Kakaei, Khateri, Moradpour, Moradi",2025,PMC12211881
Breastfeeding Experiences of Mothers With Visual Impairment: A Scoping Review.,"Biggar, McKenna, Amir",2025,PMC12454189
"Research status, hotspots and perspectives of artificial intelligence applied to pain management: a bibliometric and visual analysis.","Li, Hu, Luo",2025,PMC7680716
Pain Management Practice Plan for Neonatal Pain.,"Zeng, Sun, Sunu",2025,HSHa17702ec
Factors Associated With Newly Graduated Nurses' Work Engagement: Systematic Review of Quantitative Studies.,"Ojala, Kuivila, Mikkonen, Jarva, Juntunen",2026,PMC12907590
Effects of gender affirming hormone therapy with testosterone on renal function of assigned female at birth transgender people: a meta-analysis.,"Tienforti, Spagnolo, Piscitani, Tonni, Donatelli, Cordeschi, Baroni, Barbonetti",2025,PMC12198172
Attention-based hybrid deep learning model with CSFOA optimization and G-TverskyUNet3+ for Arabic sign language recognition.,"Mohamed, Al-Saleh, Sharma, Tejani",2025,PMC12202802
Technological trends in epidemic intelligence for infectious disease surveillance: a systematic literature review.,"Kamarul Aryffin, Bin Sahbudin, Ali Pitchay, Abhalim, Sahbudin",2025,PMC12192675
"Machine learning methods, applications and economic analysis to predict heart failure hospitalisation risk: a scoping review.","Abreu, Seringa, Magalhaes",2025,PMC12198813
"Perceptions of, Barriers to, and Facilitators of the Use of AI in Primary Care: Systematic Review of Qualitative Studies.","Martínez-Martínez, Martínez-Alfonso, Sánchez-Rojo-Huertas, Reynolds-Cortez, Turégano-Chumillas, Meseguer-Ruiz, Cekrezi, Martínez-Vizcaíno",2025,PMC12242059
"Death One Hour After Terminal Extubation in Children: Validation of a Machine Learning Model to Predict Cardiac Death After Withdrawal of Life-Sustaining Treatment in a Multicenter Cohort, 2009-2021.","Winter, Zhou, Laksana, Aczon, Ledbetter, Avesar, Burkiewicz, Chandnani, Fainberg, Hsu, McCrory, Morrow, Noguchi, O'Brien, Ojha, Pringle, Ross, Shah, Shah, Shpaner, Siegel, Tripathi, Wetzel",2025,HSHa17702ec
Interventions for the management of concomitant COPD and hypertension: A systematic review.,"Taher, Schutte, Hurst, Gale, Ansari",2025,PMC12185945
"Hospitalization Outcomes of Patients with Asthma, COPD, and Asthma-COPD Overlap Syndrome.","Modak, Rowlands, Sleiman, Attaway, Bleecker, Zein",2025,PMC12429536
Patritumab Deruxtecan (HER3-DXd; MK-1022) in Non-Small Cell Lung Cancer After Platinum-Based Chemotherapy and Immunotherapy.,"Steuer, Hayashi, Su, Nishio, Johnson, Kim, Massarelli, Felip, Gold, Murakami, Baik, Kim, Smit, Fujimura, Fan, Truchon, Su, Sternberg, Jänne",2025,PMC12393064
"Designing Clinical Decision Support Systems (CDSS)-A User-Centered Lens of the Design Characteristics, Challenges, and Implications: Systematic Review.","Bayor, Li, Yang, Varnfield",2025,PMC12463342
A Scoping Review on the Status of Clinical Simulation in Healthcare Education in the Philippines.,"Constantino, Genuino, Kilem, Perias, Ang",2025,PMC12174649
The development and use of data warehousing in clinical settings: a scoping review.,"Lyu, Craig, O'Reilly, Taniar",2025,PMC12176853
Framework for Exploration of Statistical Heterogeneity in Multi-Database Studies: A Case Study Using EXACOS-CV Studies.,"Rhodes, Garbe, Müllerová, Ekwaru, Kossack, Baak, Lobier, Hawkins, Nordon",2025,PMC12176119
The clinical effect and safety of non-pharmacological Chinese medicine therapy in treating chronic nonspecific low back pain: a systematic review and network meta-analysis protocol.,"Cui, Liu, Zhang",2025,PMC12174129
REVIEW AND RECOMMENDATIONS FOR HEALTH INFORMATICS IN SUB-SAHARAN AFRICAN COUNTRIES: BETWEEN OPPORTUNITIES AND CHALLENGES.,"Lawanson, Berleant, Ajiferuke",2025,PMC12165249
Identifying Maternal Conditions Leading to Gabapentinoid Prescriptions in Pregnancy Using Electronic Health Records from Six European Countries: A Contribution from the IMI ConcePTION Project.,"Beau, Paoletti, Bénévent, Beslay, Moisset, Ballardini, Barrachina-Bonet, Cavero-Carbonell, Coldea, García-Villodre, Geldhof, Gini, Gissler, Jordan, Leinonen, Manfrini, Martikainen, Mitter, Morris, Neville, Nordeng, Puccini, Mo, Damase-Michel",2025,PMC12515234
"Utilization Trends of Dual GIP/GLP-1 Receptor Agonist, Newer Glucose-Lowering Medications, and Anti-Obesity Medications Among Patients With Chronic Kidney Disease With and Without Type 2 Diabetes.","Hansrivijit, Ortega-Montiel, Wexler, Patorno, Paik",2025,PMC12152630
Biomni: A General-Purpose Biomedical AI Agent.,"Huang, Zhang, Wang, Qu, Lu, Roohani, Li, Qiu, Li, Zhang, Yin, Marwaha, Carter, Zhou, Wheeler, Bernstein, Wang, He, Zhou, Snyder, Cong, Regev, Leskovec",2025,PMC12157518
Multivariate multi-horizon time-series forecasting for real-time patient monitoring based on cascaded fine tuning of attention-based models.,"Saleh, El-Sappagh, McCann, Alsamhi, Breslin",2025,HSHa17702ec
"Current and forecasted 10-year prevalence and incidence of inflammatory bowel disease in Hong Kong, Japan, and the United States.","Zhang, Chung, Fang, Xu, Zhang, Nakajo, Wong, Leung, Qiu, Li",2025,PMC12146929
An Updated Scoping Review of Factors Associated with Length of Stay in Emergency Department.,"Kurhayati, Emaliyawati, Trisyani",2025,PMC12146896
Resource utilization and economic outcomes following repetitive transcranial magnetic stimulation for treatment-resistant depression: a retrospective observational analysis.,"Taylor, Manett, Feyder, Bentzley",2025,PMC12224075
Large language models in perioperative medicine-applications and future prospects: a narrative review.,"Mbadjeu Hondjeu, Zhao, Newton, Ajenkar, Hladkowicz, Ladha, Wijeysundera, McIsaac",2025,PMC12228656
SQL on FHIR - Tabular views of FHIR data using FHIRPath.,"Grimes, Brush, Rhyzhikov, Szul, Mandel, Gottlieb, Grieve, Sadjad, Sanyal",2025,PMC12149319
Exploring adherence to antidiabetic medications in Singapore primary care: a comparison of four models of proportion of days covered.,"Yap, Tang",2025,HSHa17702ec
"Leveraging machine learning in nursing: innovations, challenges, and ethical insights.","Yip, Ning, Wong, Chan, Ng, Kwok, Anders, Lam",2025,PMC12141303
Predictors of Mortality in Acute Myocardial Infarction: Insights From the Healthcare Cost and Utilization Project (HCUP) Nationwide Readmission Database.,"Prasad Jalaja, Kommineni, Mishra, Tumati, Anna Joseph, Veer Samara Sihman Bharattej Rupavath",2025,PMC12143897
Prevalence and Types of Chronic Pain among Insured Individuals with Tic Disorders.,"Ogunsola, Bohm, Newsome, Jimenez-Shahed, Bitsko",2025,PMC12625153
Health outcomes of children with Prader-Willi or Angelman syndromes: a European population-based multicentre study.,"Abate, Barisic, Santoro, Coi, Tan, Garne, Loane, Odak, Ballardini, Cavero-Carbonell, Gatt, Gissler, Jordan, Klungsøyr, Monier, Wellesley, Morris",2025,HSHa17702ec
Unveiling the potential of MSC extracellular vesicles: MiR-122-5p enhancing chondrocyte regeneration in osteoarthritis via autophagy mechanism.,"Zhang, Yang, Wu, Denslin, Koh, Liu, Zhuo, Lam, Yu, Hui, Yang",2025,PMC12145651
Economic impact of in-office pediatric tympanostomy tube placement using a tympanostomy tube delivery device in a commercially- and Medicaid-insured US population.,"Moynihan, Ross, Delgado, Gerber, Liu",2025,HSHa17702ec
Long-Term Sequelae of COVID-19: A Systematic Review and Meta-Analysis of Symptoms 3 Years Post-SARS-CoV-2 Infection.,"Rahmati, Udeh, Kang, Dolja-Gore, McEvoy, Kazemi, Soysal, Smith, Kenna, Fond, Boussat, Nguyen, Do, Tran, Veronese, Yon, Boyer",2025,PMC12143191
Factors associated with coronary artery bypass grafting excess readmission ratios.,"Zander, Kendall, Grimsley, Kuo",2025,PMC12354253
An Evaluation of Duplicate Adverse Event Reports Characteristics in the Food and Drug Administration Adverse Event Reporting System.,"Janiczak, Tanveer, Tom, Zhang, Ma, Wolf, Muñoz",2025,PMC12423208
Association of ventricular arrhythmias with lamotrigine: an observational cohort study.,"Kim, Welch, De Los Santos, Radwański, Munger, Kim",2025,PMC12137814
Risk of Thyroid Tumors With GLP-1 Receptor Agonists: A Retrospective Cohort Study.,"Morales, Bu, Viernes, DuVall, Matheny, Simon, Falconer, Richter, Ostropolets, Lau, Man, Chattopadhyay, Mathioudakis, Minty, Nishimura, Sun, Yin, Seager, Chai, Zhou, Lu, Reyes, Pistillo, Duarte-Salles, Blacketer, Schuemie, Ryan, Krumholz, Hripcsak, Khera, Suchard",2025,PMC12281980
Changes in mental health diagnosis and healthcare use in seven European countries before and during the COVID-19 pandemic (2017-21).,"Rodríguez-Blazquez, Aldridge, Bernal-Delgado, Calomfirescu, Dolanski-Aghamanoukjan, Estupiñán-Romero, Gissler, Beate, Idavain, Larose, Lyons, Mathis-Edenhofer, Miller, Misiņš, Radulescu, Rätsep, Sagerschnig, Sandu, Šitcs, Pavlovska, Thißen, Tolonen, Garriga, Forjaz",2025,PMC12203164
Evaluating User Interactions and Adoption Patterns of Generative AI in Health Care Occupations Using Claude: Cross-Sectional Study.,"Alain, Crick, Snead, Quatman-Yates, Quatman",2025,PMC12143583
Assessment measures for chemotherapy-induced peripheral neuropathy among pediatric oncology patients: an updated systematic review.,"Mao, Yorke, Shi, Shen, Wang, Wong, Lam, Tang, Liu, Abu-Odah, Belay, Yang, Wang, Cheng, Zhang, Ho",2025,PMC12122654
Smart Wearable Technologies for Balance Rehabilitation in Older Adults at Risk of Falls: Scoping Review and Comparative Analysis.,"Nairn, Tsakanikas, Gordon, Karapintzou, Kaski, Fotiadis, Bamiou",2025,PMC12136182
Health Care Resource Utilization and Costs Associated with US Medicaid Sobriety Restrictions on Direct-Acting Antivirals for Hepatitis C Virus: A Retrospective Claims Database Analysis.,"Martin, Rajagopalan, Makhija, Turkistani, Burk, Rock, Hsiao, Reau",2025,PMC12370557
A Narrative Review on Shifting Practice and Policy Around Social Determinants of Health (SDOH) Screenings: Expanding the Role of Social Workers in Healthcare Settings in the U.S.,"Vohra-Gupta, Petruzzi, Cherian, Chow, Unzueta, Joachimi",2025,PMC12111374
Ultrasound guidance versus anatomical landmarks for neuraxial anaesthesia in adults.,"Makino, Miyake, Roche, Yoshimura, Nahara, Sahker, Watanabe",2025,PMC12107523
Developing comprehensive hypertension ontology: Addressing data integration gaps to improve healthcare results.,"Prity, Hasan, Fahad, Michael Goh, Hossen, Islam",2025,HSHa17702ec
Burden of Noninfectious Ocular Inflammatory Disease in United States Ophthalmology Practice.,"Hunt, McKay, Lee, Lee, Van Gelder",2025,PMC12358172
The support provision and self-support journey of partners in high-risk pregnancies with comorbidities: A meta-synthesis analysis.,"Zhang, Yang, Cao, Li",2025,HSHa17702ec
Increasing the ethnic diversity of senior leadership within the English National Health Service: using an artificial intelligence approach to evaluate inclusive recruitment strategies in hospital settings.,"Aryasinghe, Carenzo, Barnett, Khalid, Greenaway-Harvey, Sherlock, Clark, Croft, Orchard, Mayer",2025,PMC12096476
"Comparative analysis of influenza healthcare disparities in the United States using retrospective administrative claims from Medicaid and commercial databases, 2015-2019.","Matas, Raskina, Tong, Forney, Scarpellini, Cruz-Rivera, Puckrein, Xu",2025,PMC12097570
The Impact of Mass Gatherings and Events on Emergency Department Admissions: A Systematic Literature Review.,"PoshtMashhadi, Wood, Maghsoodi",2025,HSHa17702ec
OMOP-on-FHIR: Integrating the Clinical Data Through FHIR Bundle to OMOP CDM.,"Jayathissa, Rohatsch, Sauermann, Hussein",2025,HSHa17702ec
Urinary cotinine cut-off concentrations in children under 5 years for assessing environmental tobacco smoke exposure: a systematic review and meta-analysis protocol.,"Sayed Mohamed Zain, Abdul Shukor, Mohamad, Wan Azmi, Anual",2025,PMC12083251
Healthcare Resource Utilization and Costs in Individuals Who Discontinue Liraglutide and Who Switch from Liraglutide to Once-Weekly Injectable Semaglutide.,"Tan, Brady, Xie, Paprocki",2025,PMC12182539
The role of AI in reducing maternal mortality: Current impacts and future potentials: Protocol for an analytical cross-sectional study.,"Owoche, Shisanya, Mayeku, Namusonge",2025,PMC12077708
"Modifiable Nutritional Biomarkers in Autism Spectrum Disorder: A Systematic Review and Meta-Analysis of Vitamin D, B12, and Homocysteine Exposure Spanning Prenatal Development Through Late Adolescence.","Avram, Bratu, Curis, Moroianu, Drima",2025,PMC12072606
Bibliometric Analysis of Cross-Sectional Studies on Early Childhood Caries.,Alamoudi,2025,PMC12071551
Health and care workers' perceptions of PPE and physical distancing for COVID-19: A qualitative evidence synthesis.,"Arikpo, Oku, Onyema, Odey, Hamilton-Hurwitz, Toledo, Dunn, Baller, Smith, Meremikwu",2025,PMC12067588
Factors influencing uptake of diagnostic test interventions for SARS-CoV-2: A qualitative review.,"Nwachuku, Arikpo, Agbor, Onyenemerem, Ochodo, Smith, Meremikwu",2025,PMC12067561
Hospital Mergers and Acquisitions From 2010 to 2019: Creating a Valid Public Use Database.,"Oh, Mor, Kim, Foster, Rahman",2025,PMC12461126
Early Resuturing versus expectant Management for Perineal Wound Dehiscence: A systematic review.,"McDonald, Khoo, Daly, Karmakar",2025,HSHa17702ec
A systematic review of the use of burden of treatment theory.,"Smyth, Smith, Alexander, May, Mair, Gallacher",2025,PMC12064904
Improving community health centres with big data analytics: A systematic literature review on adoption.,"Ndikuyeze, Mampilo",2025,PMC12062635
Opportunities and Challenges of Cardiovascular Disease Risk Prediction for Primary Prevention Using Machine Learning and Electronic Health Records: A Systematic Review.,"Liu, Krentz, Huo, Ćurčin",2025,PMC12059770
Impact of social determinants of health on treatment patterns and outcomes in multiple myeloma.,"Boytsov, Multani, Zhou, Kotowsky, Bolgioni-Smith, Huo, Paltanwale, McNamara, Chen",2025,PMC12140468
Serum troponin testing and adverse cardiovascular outcomes in supraventricular tachycardia: A retrospective study from TriNetX.,"Camp, Elhamdani, Zinabu, McGinnis, Mearns-Escobar, Michael, Pourmand, Brent, Myers, Tran",2025,HSHa17702ec
Family member's perceptions of and experiences with technology in intensive and critical care units: A thematic synthesis.,"Choi, Ho, Lin",2025,HSHa17702ec
Visual communication of public health data: a scoping review.,"Ofori, Lartey, Durneva, Jha, Mittal, Roy, Zeba, Chirwa, Saulsberry-Scarboro, Taylor, Joshi",2025,PMC12060258
Improving Acceptability of mHealth Apps-The Use of the Technology Acceptance Model to Assess the Acceptability of mHealth Apps: Systematic Review.,"Adnan, Irvine, Williams, Harris, Antonacci",2025,PMC12096023
Wearable Artificial Intelligence for Sleep Disorders: Scoping Review.,"Aziz, A M Ali, Aslam, A Abd-Alrazaq, AlSaad, Alajlani, Ahmad, Khalil, Ahmed, Sheikh",2025,PMC12093076
Workplace stressors and mental health outcomes among personal support workers: A systematic review.,"Chireh, Essien, Swerhun, D'Arcy, Acharibasam",2025,HSHa17702ec
Impact of Racial Disparities on Treatment of Early Triple Negative Breast Cancer Among American Indians/Alaska Natives and Non-Hispanic Whites.,"Gaba, Cao, Renfrew, Sahmoun, Goel",2025,HSHa17702ec
Patterns of care and surgical outcomes for early-stage rectal cancer in the United States.,"Kohn, Squillaro, Troester, Mott, Quick, Welton, Jensen, Hassan, Goffredo",2025,HSHa17702ec
Health care costs and resource utilization among patients with myasthenia gravis in the United States.,"Choi, Touchette, Kim",2025,PMC12039500
A decade of designing and implementing electronic health records in Sub-Saharan Africa: a scoping review.,"Mugauri, Chimsimbe, Shambira, Shamhu, Nyamasve, Munyanyi, Gongora, Zizhou, Gabida, Makurumidze",2025,PMC12042231
Predictors of In-Hospital Mortality Among Patients With Acute Stroke: Insights From the Healthcare Cost and Utilization Project (HCUP) Nationwide Readmission Database.,"Ushmani, Patel, Prasad Jalaja, Kommineni, Anna Joseph, Bodapati",2025,PMC12035578
Building the Ship While Sailing: A Qualitative Evidence Synthesis of the Implementation of Nursing Care Delivery Models in a Hospital Setting.,"Geltmeyer, De Meester, Malfait, Eeckloo, Duprez",2026,HSHa17702ec
Depression and associated factors among human immunodeficiency virus-positive pregnant women in sub-Saharan Africa: systematic review and meta-analysis.,"Ferede, Zeleke, Assefa, Nigate, Tassew",2025,PMC12032315
Methods and computational techniques for predicting adherence to treatment: A scoping review.,"Merino-Barbancho, Cipric, Arroyo, Rujas, Gómez Del Moral Herranz, Barev, Ciccone, Fico",2025,HSHa17702ec
Analysis of rare events in healthcare intervention using department of defense data: intravenous immune globulin therapy for bullous pemphigoid.,"Baser, Yuce, Samayoa",2025,PMC12034191
Risk Factors for Readmission Within 30 Days After Discharge Following Hip Fracture Surgery: A Systematic Review and Meta-Analysis.,"Lee, Kim, Kim",2025,PMC12028098
Real-World Effectiveness of Fluticasone Furoate/Umeclidinium/Vilanterol Initiation in Japanese Patients with Asthma Previously on Inhaled Corticosteroid/Long-Acting β2-Agonist Therapy: A Retrospective Cohort Study.,"Oga, Gon, Takano, Ito, Mita, Mukai, Noorduyn, Requena, Yarita",2025,PMC12028120
"Assisted Suicide for Irreversible Patients on Life Support? The Intricate Italian Journey Towards Conforming with the Legislation of Spain, Austria, and Portugal.","Vergallo, Marinelli, Di Fazio, Zaami, Frati",2025,PMC12027273
Continuity of care during long-term care transitions: a scoping review of the Canadian literature.,"Okoh, Shahu, Gu, Siu, Howard, Badone, Grierson",2025,PMC12032762
"Evidence-based guidelines for the pharmacological treatment of migraine, summary version.","Ornello, Caponnetto, Ahmed, Al-Khazali, Ambrosini, Ashina, Baraldi, Bellotti, Brighina, Calabresi, Casillo, Cevoli, Cheng, Chiang, Chiarugi, Christensen, Chu, Coppola, Corbelli, Crema, De Icco, De Tommaso, Di Lorenzo, Di Stefano, Diener, Ekizoglu, Fallacara, Favoni, Garces, Geppetti, Goicochea, Granato, Granella, Guerzoni, Ha, Hassan, Hirata, Hoffmann, Hüssler, Hussein, Iannone, Jenkins, Labastida-Ramirez, Laporta, Levin, Lupica, Mampreso, Martinelli, Monteith, Orologio, Özge, Pan, Panneerchelvam, Peres, Souza, Pozo-Rosich, Prudenzano, Quattrocchi, Rainero, Romanenko, Romozzi, Russo, Sances, Sarchielli, Schwedt, Silvestro, Swerts, Tassorelli, Tessitore, Togha, Vaghi, Wang, Ashina, Sacco",2025,HSHa17702ec
Evidence-based guidelines for the pharmacological treatment of migraine.,"Ornello, Caponnetto, Ahmed, Al-Khazali, Ambrosini, Ashina, Baraldi, Bellotti, Brighina, Calabresi, Casillo, Cevoli, Cheng, Chiang, Chiarugi, Christensen, Chu, Coppola, Corbelli, Crema, De Icco, de Tommaso, Di Lorenzo, Di Stefano, Diener, Ekizoğlu, Fallacara, Favoni, Garces, Geppetti, Goicochea, Granato, Granella, Guerzoni, Ha, Hassan, Hirata, Hoffmann, Hüssler, Hussein, Iannone, Jenkins, Labastida-Ramirez, Laporta, Levin, Lupica, Mampreso, Martinelli, Monteith, Orologio, Özge, Pan, Panneerchelvam, Peres, Souza, Pozo-Rosich, Prudenzano, Quattrocchi, Rainero, Romanenko, Romozzi, Russo, Sances, Sarchielli, Schwedt, Silvestro, Swerts, Tassorelli, Tessitore, Togha, Vaghi, Wang, Ashina, Sacco",2025,HSHa17702ec
Comparison of the prevalence of probably postpartum depression before and during the covid-19 pandemic in Turkey: a systematic review and meta-analysis.,"Karaçam, Ekin, Şaraldı",2025,PMC12449347
Brand-to-brand nonmedical switching among interleukin-17 inhibitors or other biologics: Implications of a formulary change.,"Fendrick, Mittal, Peng, Johns, Holmes, Liu",2025,PMC12123194
The influence of the pharmaceutical industry on the development of gonadotrophins and ovarian stimulation protocols in assisted reproductive technologies.,"Child, Bassett, Howles",2025,PMC12006903
Older adults' views and experiences of accessing secondary care mental health services in the community: a metasynthesis of qualitative literature.,"Matthewson, Tyler, Jones, Monk, Haddock",2025,HSHa17702ec
"Harnessing artificial intelligence for infection control and prevention in hospitals: A comprehensive review of current applications, challenges, and future directions.",Alhusain,2025,PMC12010500
"Influence of context on engagement with COVID-19 testing: a scoping review of barriers and facilitators to testing for healthcare workers, care homes and schools in the UK.","Andersen-Waine, Keene, Dickinson, Naidoo, Ferguson-Lewis, Polner, Amswych, White, Molyneux, Wanat",2025,PMC12010343
Protocol of the pilot study to test and evaluate the iCARE tool: a machine learning-based e-platform tool to make health prognoses and support decision-making for the care of older persons with complex chronic conditions.,"Hiltunen, Haavisto, Nuutinen, Lahelma, Salminen, de Almeida Mello, Liperoti, Howard, Fialová, Szczerbińska, Alon, Barańska, Exmann, Declercq, Boorsma, Onder, van Hout, Leskelä",2025,PMC12010281
"Local people's interaction with Wejig-Mahgo-Waren Massif Forest in Southern Tigray, Ethiopia.","Hishe, Giday, Asfaw, Demissew, Warkineh",2025,PMC12007237
Experiences and needs of patients with sarcoma: a qualitative meta-synthesis.,"Wang, Liu, Ho, Lam, Mao, Law, Liao, Wang, Gao, Abu-Odah, Takemura, Loong, Yorke",2025,HSHa17702ec
Disparities in facility-level adoption of minimally invasive interval debulking surgery for advanced ovarian cancer.,"Wilke, Wu, Kanbergs, Bercow, Agusti, Viveros-Carreño, Zamorano, Rauh-Hain, Melamed",2025,PMC12520625
Oral health effects of non-combustible nicotine products: protocol for a systematic review and network meta-analysis.,"La Rosa, Del Giovane, Pedullà, Kowalski, Chapple, Minozzi, Amaliya, Polosa",2025,PMC12004883
Exploring the utilisation and effectiveness of implementation science strategies by cystic fibrosis registries for healthcare improvement: a systematic review.,"Stirling, Sood, Stirling, Kotsimbos, Keating, Rang, Trauer, Young, Yu, Bailey, Wark, Melder, Dawkins",2025,PMC12000907
Clinical and Economic Burden of Managing Patients with Sickle Cell Disease Receiving Frequent Red Blood Cell Transfusions in the United States.,"Udeze, Jerry, Evans, Li, Jain, Andemariam",2025,PMC11998934
Digital Health Policy and Cybersecurity Regulations Regarding Artificial Intelligence (AI) Implementation in Healthcare.,"Virk, Alasmari, Patel, Allison",2025,PMC11999725
"Effectiveness of emotional intelligence training on nurses' and nursing students' emotional intelligence, resilience, stress, and communication skills: a systematic review and meta-analysis.","Kawashima, Ota, Aikawa, Watanabe, Ashida, Sakuramoto",2025,HSHa17702ec
Advances in Neurological Pain Management: Bridging Scientific Innovations and Clinical Practice.,"Khadka, Karani, Gogineni, Vaddadi, Awasthi, Gajowski, Rizwanullah, Hernández, Razzaq, Shehriyar",2025,PMC11995363
"What Are the Experiences, Views and Perceptions of Patients, Carers and Clinicians of Glucagon-like Peptide-1 Receptor Agonists (GLP-1 RAs)? A Scoping Review.","Febrey, Nunns, Buckland, Abbott, Bethel, Whear, Boddy, Melendez-Torres, Coon, Shaw",2025,PMC11995417
Interplay of Spontaneous Reporting and Longitudinal Healthcare Databases for Signal Management: Position Statement from the Real-World Evidence and Big Data Special Interest Group of the International Society of Pharmacovigilance.,"Crisafulli, Bate, Brown, Candore, Chandler, Hammad, Lane, Maro, Norén, Pariente, Russom, Salas, Segec, Shakir, Spini, Toh, Tuccori, van Puijenbroek, Trifirò",2025,PMC12334467
Processes of change in digital interventions for depression: A meta-analytic review of cognitive and behavioral mediators.,"Domhardt, Mennel, Angerer, Grund, Mayer, Büscher, Sander, Cuijpers, Terhorst, Baumeister",2025,HSHa17702ec
Decision-Analytical Modelling of Medicines in the Middle East: A Systematic Review of Economic Evaluation Studies.,"Abdali, Avşar, Jowett, Syed, Elmusharaf, Jackson",2025,PMC7185716
Multiple chronic conditions and polypharmacy in cognitively unimpaired older adults are associated with subsequent cognitive decline: results from the national alzheimer's coordinating center data.,"Moon, Zhang, Wang, Gardner, Geerling, Hoth",2025,PMC12178129
Predicting 10-year risk of chronic kidney disease in lithium-treated patients with bipolar disorder: A risk model development and internal cross-validation study.,"Chan, Solmi, Correll, Wong, Lo, Lai, Chang",2025,HSHa17702ec
Prevalence of depression among university students in China: a systematic review and meta-analysis.,"Lin, Cai, Huang, Zhou, Yuan, He, Li",2025,PMC11992738
A systematic review of the current application status of decision-analytical models in the pharmacoeconomic evaluation of targeted therapies for pulmonary arterial hypertension.,"Dong, Zhang, Wang, Ma, Chu, Li, Xiang, Peng, Zhang",2025,PMC11992868
"Risk Factors, Trends, and Financial Impact for 30-Day Unplanned Readmissions in Patients Admitted With Myocarditis and COVID-19: Insights From the Healthcare Cost and Utilization Project (HCUP) Nationwide Readmission Database.","Kommineni, Prasad Jalaja, Tumati, Kumar, Majumder, Anna Joseph",2025,PMC11981960
Experiences of Birth Attendants on Upward Obstetric Emergency Referrals in Low- and Middle-Income Countries: Protocol for a Scoping Review.,"Juqu, Baloyi, Mbobnda Kapche, Ten Ham-Baloyi, Chironda, Xulu-Kasaba",2025,PMC12022533
A Meta-Synthesis Exploring Daily Experiences of Adults With Coeliac Disease in Adhering to a Gluten-Free Diet.,"Kowalczuk, Moor",2025,PMC11977448
Steroidal Mineralocorticoid Receptor Antagonist Side Effects and Reasons for Discontinuation: A Patient Survey (RELICS-PS).,"Richard, Stephenson, Desai, Willey, Gay, Scott, Folkerts, Pessina, Singh, Teng, Oberprieler",2025,PMC11974567
A narrative review of meta-analyses on sexual recidivism and treatment factors: Implications for forensic examiners.,"Danzer, Gottfried, Ross, Wasser",2025,HSHa17702ec
Body Mass Index in Late Adolescence and Later Life Kidney Outcomes: A Population-Based Cohort Study in Swedish Men.,"Vitkauskaitė, Mačionienė, Stankevičius, Miglinas, Ix, Brunström",2025,PMC11968264
Social needs and hospital readmission in persons living with HIV.,"Zhou, Mintz, Schiltz, Spilsbury, Bensken, Osazuwa-Peters, Koroukian",2025,PMC11972407
The effect of Crohn's disease on outcomes after total hip arthroplasty.,"Hinkle, Jones, Aggarwal, Sambandam",2025,PMC4087615
Mini-review of clinical data service platforms in the era of artificial intelligence: A case study of the iHi data platform.,"Lin, Lin, Chen, Lin, Wu, Chen, Lin, Chang, Sun, Lu, Chiang, Tsai, Shih, Chang, Tsai, Chiang, Kuo",2025,PMC11959964
Real-world evidence comparing oral anticoagulants for NVAF in Europe: a systematic review and network meta-analysis.,"Cichewicz, Jawla, Zuchinali, Akin-Fajiye, Massierer, Porto, Garcia-Moll",2025,PMC12026226
Risk factors and economic impact of long-term nursing care after major trauma.,"Kuo, Ko, Liao, Huang, Cheng, Wang, Ouyang, Huang",2025,PMC11958981
Quantitative analysis of studies that use artificial intelligence on thyroid cancer: a 20-year bibliometric analysis.,"Gao, Chen, Fu, Gu, Du",2025,PMC11958942
Concurrent Depression Management in Patients with Opioid Use Disorder Undergoing Buprenorphine Therapy: Association with Buprenorphine Discontinuation.,"Tata, Varisco, Rinker, Abughosh, Rhodes, Thornton",2025,HSHa17702ec
Treatment Noncompletion and Shorter Radiation Regimens Among US Patients With Prostate Cancer: A Focus on Asian American and Pacific Islander Patients.,"Mantena, Bhadouriya, Jain, Patel, Jain, Arkalgud, Hammond, Wang, Kohli, Iyengar, Ashar, Kesiraju, Goglia, Patel, Alshalalfa, Leeman, Nguyen, Mahal, Dee",2025,HSHa17702ec
A rapid cycle analytics framework for vaccine safety surveillance within a real-world data network: Experience with enhanced surveillance of the Janssen COVID-19 vaccine.,"Newbern, Shoaibi, Haynes, Blacketer, Willame, DeFalco, Rao, Davis, Velarde, Praet, Makadia, Xu, Ryan, Schuemie",2025,HSHa17702ec
Race-Specific versus Race-Neutral Pulmonary Function Predicted Values in Patients with Operable Lung Cancer.,"Rajaram, Sheshadri, Baugh, Bonnell, Li, Vaporciyan, Block, David, Habib, Ost",2025,HSHa17702ec
Identification and validation of key biomarkers associated with immune and oxidative stress for preeclampsia by WGCNA and machine learning.,"Yu, Wang, Xu, Yan",2025,PMC11949101
Bioprosthetic vs Mechanical Aortic Valve Replacement in Patients 40 to 75 Years of Age.,"Bowdish, Mehaffey, Chang, O'Gara, Mack, Goldstone, Chikwe, Gillinov, Wu, Fontana, Bavaria, Malaisrie, Kaneko, Sultan, Wyler von Ballmoos, Harrington, Jacobs, Thourani, Szeto, Sabik, Habib, Badhwar",2025,HSHa17702ec
Social Media and eHealth Literacy Among Older Adults: Systematic Literature Review.,"Zhang, Mohamad, Azlan, Wu, Ma, Qi",2025,PMC11982777
Multimorbidity incidence following hospitalization for SARS-CoV-1 infection or influenza over two decades: a territory-wide retrospective cohort study.,"Wei, Sing, Wan, Cheung, Wong, Lai",2025,PMC11937326
Retrospective cohort study of long-acting injectable (LAI) antipsychotic initiation in the inpatient setting: impact of LAI characteristics on transition and continuation of care among patients with schizophrenia in the USA.,"Patel, Liman, Oyesanya, Ker, Jayaraman, Franzenburg, Hansen, Philbin, Thompson",2025,PMC11934411
A comprehensive review of methodologies and application to use the real-world data and analytics platform TriNetX.,"Ludwig, Anson, Zirpel, Thaci, Olbrich, Bieber, Kridin, Dempfle, Curman, Zhao, Alam",2025,PMC11931024
Insights on psychedelics: A systematic review of therapeutic effects.,"Kugel, Laukkonen, Yaden, Yücel, Liknaitzky",2025,HSHa17702ec
The Impact of Chronic Kidney Disease on Amputation and Death Rates in Patients with Peripheral Artery Disease in the United States.,"Pourmoussa, Saxena, Ramamoorthy, Zhang, Kutsenko, Nijhawan, Peña, Schiro, Herrera, Mustapha, Katzen",2025,HSHa17702ec
Safety and Efficacy of Nurse-Led Weaning Protocols on ICU Patients: A Systematic Review and Meta-Analysis of Randomized Controlled Trials.,"Lin, Chang, Tang",2025,HSHa17702ec
Validity of the Updated Rx-Risk Index as a Disease Identification and Risk-Adjustment Tool for Use in Observational Health Studies.,"Widagdo, Kerr, Kalisch Ellett, Schlegel, Sadeqzadeh, Wang, Clarke, Pratt",2025,PMC11930017
The impact of AI-driven sentiment analysis on patient outcomes in psychiatric care: A narrative review.,"Hsu, Ismail, Ahmad, Abdelrasheed, Ballal, Kalia, Sabarivani, Sahoo, Prasad, Khosravi",2025,HSHa17702ec
"Public Disclosure of Results From Artificial Intelligence/Machine Learning Research in Health Care: Comprehensive Analysis of ClinicalTrials.gov, PubMed, and Scopus Data (2010-2023).","Maru, Kuwatsuru, Matthias, Simpson",2025,PMC11971578
The role of artificial intelligence in sepsis in the Emergency Department: a narrative review.,"Chua, Boon, Lee, Kok, Lim, Cheung, Yong, Kuan",2025,PMC11921180
"Immersive insights: A qualitative systematic review and thematic synthesis of views, experiences, health and wellbeing of students and educators using virtual reality in nursing and midwifery education.","Odame-Amoabeng, Akalin, D'haenens, Tricas-Sauras, Chang",2025,HSHa17702ec
Meningococcal vaccination disparities in the United States (2010-2021): Findings from the National Immunization Survey-Teen and a commercial insurance database.,"Herrera-Restrepo, Kwiatkowska, Huse, Ndegwa, Kocaata, Ganz",2025,PMC11951691
Prognostic prediction for newly diagnosed patients with idiopathic interstitial pneumonia: JIPS Registry (NEJ030).,"Okuda, Ogura, Hisata, Baba, Kondoh, Suda, Johkoh, Iwasawa, Tomioka, Bando, Azuma, Inoue, Ishikawa, Arai, Takihara, Hamaguchi, Arai, Nakamura, Miyamoto, Tomii, Miyazaki, Chiba, Ishii, Hamada, Terasaki, Fukuoka, Sakai, Egashira, Fujimoto, Sumikawa, Suzuki, Sakamoto, Nishioka, Hattori, Hashimoto, Morita, Ichihara, Miyata, Hagiwara, Kobayashi, Nukiwa",2025,HSHa17702ec
Patients' Experiences of Digital Health Interventions for the Self-Management of Chronic Pain: Systematic Review and Thematic Synthesis.,"Main, McCartney, Ibrar, Muirhead, Mavroeidi, Rai, Maguire",2025,PMC11962327
Prescription patterns and the cost of antihyperglycemic drugs in patients with diabetes mellitus in Iran from 2014 to 2019.,"Rezaee, Nasehi, Aminzade, Karami, Vahdani, Daroudi, Effatpanah, Ghamkhar, Heidari-Foroozan, Arab, Shahali, Mehrizi",2025,HSHa17702ec
Examining Challenges to Co-Design Digital Health Interventions With End Users: Systematic Review.,"Duffy, Boroumandzad, Sherman, Christie, Riadi, Moreno",2025,PMC11953610
"Treatment Delays in the Hispanic Population With Renal Cell Carcinoma: An Analysis of Over 150,000 Patients Using the National Cancer Database.","Mundra, Melchiode, Xu, Riveros Sabogal, Satkunasivam, Wallis, Kaushik",2025,HSHa17702ec
Factors shaping cleaning and disinfection practices during the COVID-19 pandemic: A qualitative evidence synthesis.,"Nwankwo, Meremikwu, Okebe, Otonkue, Okebalama, Dunn, Hamilton-Hurwitz, Baller",2025,PMC11905178
Effectiveness of Switching from Multiple-Inhaler to Once-Daily Single-Inhaler Triple Therapy in Patients with COPD in a Real-World Setting in Japan.,"Requena, Camidge, Ford, Yarita, Hashimoto, Jennison, Massey, Noorduyn, Mizukami",2025,PMC11899897
Naldemedine Use and Healthcare Resource Utilization in Patients treated with Opioid Analgesics for Chronic Non-Cancer Pain: Results of a Real-world Study in the USA.,"De Vincentis, Cai, Moscarda, Barnes, Antonelli Incalzi",2025,PMC12085462
A Comprehensive Analysis of Market Forms and Analytical Methods for Metformin Formulations.,"Pandian, Thanikachalam, Kaliyappan, Kalusalingam",2025,HSHa17702ec
Association between optimum blood glucose level and mortality in critically ill patients with septic shock: A real-world time-series data analysis.,"Muhetaer, Sun, Ma, Zhang, Zhang, Ning",2025,HSHa17702ec
A Systematic Review and Meta-analysis of the Effectiveness of Remdesivir to Treat SARS-CoV-2 in Hospitalized Patients: Have the Guidelines Evolved With the Evidence?,"Bartoletti, Mozaffari, Amin, Doi, Loubet, Rivera, Roshon, Rawal, Kaiser, Vutcovici Nicolae, Fu, Oppelt, Chiang, Sax, Kalil",2025,PMC12314504
Bowel Disorder Incidence and Rectal Spacer Use in Patients With Prostate Cancer Undergoing Radiotherapy.,"Folkert, Sato, Yu, Vannan, Bhattacharyya, Noriega, Hamstra",2025,PMC11897833
Factors Influencing eHealth Literacy Worldwide: Systematic Review and Meta-Analysis.,"Hua, Yuqing, Qianwen, Hong",2025,PMC11933766
Associations between participation in a diabetes pay-for-performance program and health outcomes and healthcare utilization among people with comorbid schizophrenia and type 2 diabetes in Taiwan.,"Hsieh, Wang, Chen",2025,HSHa17702ec
A comprehensive review on applications of multi-criteria decision-making methods in healthcare waste management.,"Chakraborty, Raut, Rofin, Chakraborty",2025,HSHa17702ec
Global spatio-temporal distribution of coronavirus disease 2019 vaccine hesitancy between 2020 and 2022: A meta-analysis.,"Zhao, Xu, Cai, Wang, Ao, Wei, Yang, Zhang, Zhang, Jin, Wang, Feng, Zhao, Wu, Yang, Cui",2025,HSHa17702ec
"Treatment Patterns, Adverse Events, and Clinical Outcomes with Steroidal Mineralocorticoid Receptor Antagonists: A Retrospective Analysis of Administrative Claims Data (RELICS).","Richard, Desai, Willey, Gay, Scott, Folkerts, Pessina, Singh, Teng, Oberprieler",2025,PMC11873017
"Leveraging National Health Insurance Service Data for Public Health Research in Korea: Structure, Applications, and Future Directions.","Lim, Jang",2025,PMC11876782
Effect of erenumab versus other migraine preventive medications on cardiovascular and cerebrovascular outcomes: A United States claims database-based observational cohort study.,"Dodick, Tepper, Ailani, Khodavirdi, Pannacciulli, Fu, Kent, Gill, Urman, Oh",2025,PMC12129247
Rural maternal health interventions: A scoping review and implications for best practices.,"Gordon, Kishi, Brown, Voisin, Thomas, Riley, Fareed, Bunger, Gillespie, Venkatesh, Juckett, Brill",2025,PMC11874679
Contemporary dental tourism: a review of reporting in the UK news media.,"Doughty, Moore, Ellis, Jago, Ananth, Montasem, Holden, Johnson",2025,PMC11870843
Cost Trends of New-To-Market Neurologic Medications: An Insurance Claims Database Analysis.,"Gusovsky Chevalier, Lin, Kerber, Reynolds, Callaghan, Burke",2025,PMC11874732
Digital pathways to healthcare: a systematic review for unveiling the trends and insights in online health information-seeking behavior.,"Fu, Han, Wang, Shahzad",2025,PMC11860893
"Understanding, Assessing, and Improving Social Health Resource Referrals in Healthcare Organizations.","Garcia, Mahmud, Dumke, Erkenbeck, Chao, Mun, Brown",2025,PMC12052502
Operationalizing Well-Being Using Work Determinants of Well-Being: Building a Well-Being Analytics Approach.,"Agarwal, Vaidyanathan, Brandon, Beidas",2025,HSHa17702ec
Effectiveness of Heterologous and Homologous Ad26.COV2.S Vaccine Boosting in Preventing COVID-19-Related Outcomes Among Individuals with a Completed Primary Vaccination Series in the United States.,"Nyaku, Yoon, Ricci, Rubens, Sheridan, Iyer, Zhen, Harvey, Madsen",2025,PMC11861575
"A Methodological Approach to Measuring the Impact of TAK-003 for the Prevention of Dengue in Dourados, Brazil: Optimizing Strategies for Public Health.","Ghezzi, Valencia, Dias de Oliveira, Tsuha, Lucena Júnior, Di Pasquale, Mc Namara, Senra, Abud, Croda",2025,PMC11860522
Age-Dependent Variations in the Distribution of Aeromonas Species in Human Enteric Infections.,"Singh, Liu, Yuwono, Wehrhahn, Slavich, Young, Chong, Tay, Riordan, Zhang",2025,PMC11858002
Why Do Primary Care Patients Change Their Physicians: An Overview of the Literature.,"Ribeiro, Martins, Prazeres",2025,PMC11855251
Embedding cultural safety in nursing education: A scoping review of strategies and approaches.,"Chooniedass, Reekie, Denison, Mercuri, Nawara, Purcell, Oelke, Janke",2025,HSHa17702ec
Incidence of dysphagia-related safety incidents in older adults across feeding methods: A systematic review and meta-analysis.,"Zhang, Gong, Cai, Yu, Dai, Wang",2025,PMC12180055
Assessing the representativeness of large medical data using population stability index.,"Lu, Song, Pfob, Gibbons",2025,PMC11844046
Integrating manual preprocessing with automated feature extraction for improved rodent seizure classification.,"Yu, Singh, Pandey, Dybas, Agarwal, Kao, Zhao, Kao, Li, Shin, Chang",2025,HSHa17702ec
Shared Decision-Making Tools Implemented in the Electronic Health Record: Scoping Review.,"Pierce, Weir, Taft, Richards Ii, McFarland, Kawamoto, Del Fiol, Butler",2025,PMC11890150
Integrated health systems and medical care quality during the COVID-19 pandemic.,"Ghosh, Beaulieu, Dalton, El Amrani, Machado, Cutler",2025,PMC12120507
Vaccine Effectiveness Among 5- to 17-year-old Individuals with Prior SARS-CoV-2 Infection: An EHR-Based Target Trial Emulation Study from the RECOVER Project.,"Chen, Lei, Wu, Zhou, Zhang, Becich, Bisyuk, Blecker, Chrischilles, Christakis, Cowell, Cummins, Fernandez, Fort, Gonzalez, Herring, Horne, Horowitz, Liu, Kim, Mirhaji, Mosa, Muszynski, Paules, Sato, Schwenk, Sengupta, Suresh, Taylor, Williams, He, Morris, Jhaveri, Forrest, Chen",2025,PMC11838676
Insights into the spatial epidemiology of hepatitis C infection: systematic synthesis of area-level determinants and spatiotemporal analyses.,"Gizamba, Finch, Wang, Klausner",2025,PMC11841175
"A global scoping review on the patterns of medical fraud and abuse: integrating data-driven detection, prevention, and legal responses.","Najar, Alizamani, Zarqi, Hooshmand",2025,PMC11831774
Clinical Support System for Healthcare Providers Using Big Data Analytics.,"Arunmozhi Arasan, Ramaraj, Padmapriya",2025,HSHa17702ec
Biosimilars and immunogenicity: a matter of concern?,"Jarab, Abu Heshmeh, Al Meslamani",2025,HSHa17702ec
Association between health-promoting lifestyle and electronic health literacy among Iranian university students.,"Mousazadeh, Sarbakhsh, Arbabisarjou, Tolouei, Mousavi, Molaei",2025,PMC11830186
A comprehensive scoping review of methodological approaches and clinical applications of tear fluid biomarkers.,"Gijs, van de Sande, Bonnet, Schmeetz, Fernandes, Travé-Huarte, Huertas-Bello, Bo Chiang, Boychev, Sharma",2025,HSHa17702ec
"Estimation of medically-attended LB incidence in Norway, Finland and Poland using data from national surveillance and published literature.","Brestrich, Shafquat, Angulo, Davidson, Lie, Halsby, Davis, Moïsi, Stark",2025,HSHa17702ec
Financial cost of assisted reproductive technology for patients in high-income countries: A systematic review protocol.,"Njagi, Groot, Arsenijevic, Mburu, Chambers, Calhaz-Jorge, Kiarie",2025,PMC11825044
Do trial benefits predict real-world gains in metastatic castration resistant prostate cancer.,"Axeen, Chen, Lakdawalla, Masia, Niyazov, Arondekar, Freedland",2025,PMC11879356
Barriers and Facilitators of Home Programmes in Children With Cerebral Palsy: A Systematic Review and a Metasynthesis.,"Medina-Valera, Fernández-Del Olmo, Pinero-Pinto",2025,HSHa17702ec
A scoping review of factors influencing the implementation of liquid biopsy for cancer care.,"Sheriff, Saba, Patel, Fisher, Schroeder, Arnolda, Luo, Warburton, Gray, Long, Braithwaite, Rizos, Ellis",2025,PMC11817833
IoT-enabled biosensors for real-time monitoring and early detection of chronic diseases.,"Hosain, Kwak, Lee, Choi, Park, Kim",2024,PMC11811615
Safety of injectable dosage forms during their preparation and administration by nurses in hospitals: a literature review.,"Tesař, Malečová, Kubíková, Malý",2024,HSHa17702ec
Experiences of social prescribing in the UK: a qualitative systematic review.,"Handayani, Wanat, Tierney",2025,PMC11849696
Revolutionizing clinical laboratories: The impact of artificial intelligence in diagnostics and patient care.,"Ashraf, Rai, Alva, Alva, Naresh",2025,HSHa17702ec
National practice patterns for the use of regional anesthesia for pediatric cardiac surgery: An analysis of the Society of Thoracic Surgeons congenital heart surgery database.,"Einhorn, Andrew, Hill, Bonnell, Habib, Jacobs, Jacobs, Vener, Ames",2025,PMC11875892
Trends of publications on primary sarcomas of bone: A bibliometric analysis.,"Viswanathan, Patralekh, Jain, Jeyaraman, Sami, Iyengar, Botchu",2025,PMC11795146
The Healthcare Needs of Children With Down Syndrome in the First Year of Life: An Analysis of the EUROlinkCAT Data Linkage Study.,"Seaton, Rankin, Cavero-Carbonell, Garne, Gissler, Loane, Neville, Santoro, Tan, Tucker, Morris",2025,PMC12308622
Examining Geographic Disparity: Variation in Cancer Outcomes Within Appalachia.,"Burus, Hull, Lang Kuhs, Gao, Brainson, Evers",2025,PMC11928269
AI in the Health Sector: Systematic Review of Key Skills for Future Health Professionals.,"Gazquez-Garcia, Sánchez-Bocanegra, Sevillano",2025,PMC11822726
Exploring nurses' experiences of caring for older adults with cancer: a meta-synthesis of qualitative evidence.,"Li, Cheng, Yu, Wang, Christensen",2025,HSHa17702ec
South Asian women's lived experiences of health care after disclosure of family violence: a qualitative meta-synthesis review.,"Baloch, McLindon, Hameed, Hegarty",2025,PMC11792442
Factors associated with good death for end-of-life patients in the intensive care unit based on nurses' perspectives: A systematic review.,"Hafifah, Wisesrith, Ua-Kit",2025,HSHa17702ec
Co-producing a safe mobility and falls informatics platform to drive meaningful quality improvement in the hospital setting: a mixed-methods protocol for the insightFall study.,"Lear, Averill, Carenzo, Tao, Glampson, Leon-Villapalos, Latchford, Mayer",2025,PMC11795406
Dynamic Augmented Reality Cues for Telementoring in Minimally Invasive Surgeries: Scoping Review.,"Hamza, Aboumarzouk, Al-Ansari, Navkar",2025,PMC11833267
Beyond the Screen: The Impact of Generative Artificial Intelligence (AI) on Patient Learning and the Patient-Physician Relationship.,"Traylor, Kern, Anderson, Henderson",2025,PMC11787409
"A Systematic Review of Barriers to Breast Cancer Screening, and of Interventions Designed to Increase Participation, Among Women of Black African and Black Caribbean Descent in the UK.","Aliu, Kerrison, Marcu",2025,PMC11786783
Recent 5‑year trends in biliary tract cancer survival rates: An analytical big data survey.,"Lee, Kim",2025,PMC11775868
First-Line Mobocertinib Versus Platinum-Based Chemotherapy in Patients With EGFR Exon 20 Insertion-Positive Metastatic Non-Small Cell Lung Cancer in the Phase III EXCLAIM-2 Trial.,"Jänne, Wang, Cho, Zhao, Li, Hochmair, Peters, Besse, Pavlakis, Neal, Kato, Wu, Nguyen, Lin, Lin, Vranceanu, Szumski, Lin, Fram, Mok",2025,PMC12054980
From errors to excellence: the pre-analytical journey to improved quality in diagnostics. A scoping review.,"John, Favaloro, Austin, Islam, Santhakumar",2025,PMC3936980
Gender differences in cognitive impairment among the elderly in rural West Texas counties.,"Khan, Farhana, Mostafa, Rafiq, Nizia, Zabin, Atique, Dauenhauer, Omotara, Mujtaba, Palle, Reddy",2025,HSHa17702ec
Viral Hepatitis B and Its Implications for Public Health in DR Congo: A Systematic Review.,"Nimpa, Karemere, Ngandu, Mboussou, Danovaro-Holliday, Nkamba, Fouda, Nguejio, Kakozi, Cikomola, Mukendi, Mwamba, Yapi, Riziki, Mwanga, Otomba, Nikiema, Hama Sambo, Ishoso",2024,PMC11768743
The Role of IgE Sensitization in Acute FPIES: A Systematic Review and Meta-Analysis.,"Phelan, Infante, Barni, Nurmatov, Boyle, Vazquez-Ortiz",2025,HSHa17702ec
Large Language Models in Healthcare: A Bibliometric Analysis and Examination of Research Trends.,"Gencer, Gencer",2025,PMC11750729
The Association of the COVID-19 Pandemic With Disparities in Maternal Outcomes.,"Glance, Joynt Maddox, Christopher Glantz, Chandrasekar, Shippey, Wissler, Stone, Shang, Kundu, Dick",2025,PMC12280088
A systematic review to determine the effect of strategies to sustain chronic disease prevention interventions in clinical and community settings.,"Riley-Gibson, Hall, Shoesmith, Wolfenden, Shelton, Pascoe, Peden, Doherty, Pollock, Booth, Salloum, Laur, Powell, Kingsland, Lane, Hailemariam, Sutherland, Nathan",2025,PMC11752859
Cardiovascular and thromboembolic outcomes with immune checkpoint inhibitors in gastroesophageal cancer: a propensity score-matched cohort study.,"Bahar, Ibis, Cakir Colak, Banga, Song, Chang, Chi, Chang, Chiang, Chiang",2025,PMC9853260
[Clinical and epidemiological indicators of stroke during the COVID-19 pandemic and in the post-COVID period in the Moscow region].,"Sutormin, Kakorina, Samorodskaya, Kotov",2024,HSHa17702ec
"Beyond COVID-19, the case for collecting, analysing and using sex-disaggregated data and gendered data to inform outbreak response: a scoping review.","Gales, Yonally Phillips, Zilversmit Pao, Dubray, Rodriguez Ribas Elizalde, Heidari, Degail, Meudec, Siddiqui, Carter",2025,PMC11749539
Compensatory Swallowing Strategies Recommended in Oncology Practice: Practice Patterns and Relationship to Dynamic Imaging Grade of Swallowing Toxicity (DIGEST) Grades.,"Ebersole, Chapman, Warneke, Buoy, Tang, McMillan, Aldridge, Barbon, Hutcheson",2025,PMC7844340
How has the concept of health system software been used in health policy and systems research? A scoping review.,"Burger, Gilson",2025,PMC11886817
Empowering nurse leaders: readiness for AI integration and the perceived benefits of predictive analytics.,"Kotp, Ismail, Basyouny, Aly, Hendy, Nashwan, Hendy, Abd Elmoaty",2025,PMC11737245
Predicting metabolic syndrome: Machine learning techniques for improved preventive medicine.,"Goldman, Ben-Assuli, Ababa, Rogowski, Berliner",2025,HSHa17702ec
Validation of diagnosis codes for low birth weight and small for gestational age in the Medicaid Analytic eXtract database.,"Wang, Wang, Zhu, Montoya-Williams, Brown, Goodin, Zimmerman, Winterstein",2025,HSHa17702ec
"Building a Digital Health Research Platform to Enable Recruitment, Enrollment, Data Collection, and Follow-Up for a Highly Diverse Longitudinal US Cohort of 1 Million People in the All of Us Research Program: Design and Implementation Study.","Klein, Montgomery, Begale, Sutherland, Sawyer, McCauley, Husbands, Joshi, Ashbeck, Palmer, Jain",2025,PMC11780292
Lived experience of pilonidal sinus disease: Systematic review and meta-ethnography.,"Aimar, Baker, Li, Lee",2025,PMC11732642
The prevalence of mental health issues among nursing students: An umbrella review synthesis of meta-analytic evidence.,"Efstathiou, Kakaidi, Tsitsas, Mantzoukas, Gouva, Dragioti",2025,HSHa17702ec
"Privilege in the room: Training future psychologists to work with power, privilege, and intersectionality within the therapeutic relationship.","Wright, Bergkamp, Williams, Garcia-Lavin, Reynolds",2025,HSHa17702ec
An umbrella review of health outcomes following traumatic brain injury.,"Ogonah, Botchway, Yu, Schofield, Fazel",2025,PMC11717692
"Peruvian medical residency selection: a portrayal of scores, distribution, and predictors of 28,872 applicants between 2019 and 2023.","Flores-Cohaila, Miranda-Chavez, Copaja-Corzo, Benavente-Chalco, Rios-García, Moreno-Ccama, Samanez-Obeso, Rivarola-Hidalgo",2025,PMC11725208
Projections of Public Spending on Pharmaceuticals: A Review of Methods.,"Odnoletkova, Chalon, Devriese, Cleemput",2025,PMC11929675
Bridging health registry data acquisition and real-time data analytics.,"Schmidt, Arjune, Boehm, Grundmann, Müller, Antczak",2024,PMC11716499
Moving toward universal health coverage with a national health insurance program: A scoping review and narrative synthesis of experiences in eleven low- and lower-middle income countries.,"Flourence, Jarawan, Boiangiu, El Yamani",2025,PMC11717203
Application of core functions and forms in complex health intervention research: a scoping review protocol.,"Fox, Passey, Kang, Zeigen, Kenzie, Austin, Meadows, Fernandez, Perez Jolles",2025,PMC11749525
Descriptive Epidemiology of Soil-Transmitted Helminth Infections in the United States: Using Big Data to Characterize Patients and Analyze Parasitic Disease Trends.,"Cross, Carrier, Alcala, Messenger",2024,PMC11676031
Association of Medicaid Accountable Care Organizations and postpartum mental health care utilization.,"Ranchoff, Geissler, Attanasio, Jeung",2025,PMC12047696
High Intensity Physician-Based Service Use for Mental Health Concerns in a General-Population Sample of Children and Youth: Utilisation des services de haute intensité dispensés par des médecins pour les problèmes de santé mentale dans un échantillon d'enfants et de jeunes de la population générale.,"Edwards, Wang, Fuller, Anderson, de Oliveira, Georgiades",2025,PMC11733866
"Incidence, healthcare and out-of-pocket costs, and mortality of Clostridioides difficile infection among US adults aged 18 to 64 years.","Yu, Alfred, Zhou, Judy, Olsen",2024,PMC11696600
Artificial Intelligence-Guided Inverse Design of Deployable Thermo-Metamaterial Implants.,"Jiao, Zhang, Meng, Wang, Jang, Wu, Agarwal, Alavi",2025,PMC11744508
Impact of medical and recreational cannabis laws on inpatient visits for asthma.,"Jayawardhana, Fernandez",2025,PMC12120506
"Meta-Analysis of Solution-Focused Brief Therapy Research Conducted in Iran: Does Outcome Type, Intervention Modality, or Delivery Format Make a Difference?","Froerer, Bolghan-Abadi, Chen, Zhang",2025,PMC11683447
Development and validation of the Chinese patient-centered integrated care scale.,"Yin, Gao, Cui, Tang",2024,PMC11687146
Early prediction of functional impairment at hospital discharge in patients with osteoporotic vertebral fracture: a machine learning approach.,"Masuda, Fukasawa, Inokuchi, Otsuki, Murata, Shimizu, Sono, Honda, Shima, Sakamoto, Matsuda, Kawakami",2024,PMC11682089
The aluminum standard: using generative Artificial Intelligence tools to synthesize and annotate non-structured patient data.,"Diaz Ochoa, Mustafa, Weil, Wang, Kama, Knott",2024,PMC11681671
Applications of artificial intelligence in current pharmacy practice: A scoping review.,"Jessica, Britney, Sarira, Parisa, Joe, Betty B",2025,HSHa17702ec
Transition and Aftercare Following a Child's Discharge From ICU to a General Ward: A Qualitative Meta-Synthesis of Parental Experiences.,"Yang, Ji, Zeng, Yang, Tang, Jiang, Lu",2025,HSHa17702ec
A meta-analysis of AI and machine learning in project management: Optimizing vaccine development for emerging viral threats in biotechnology.,"Vaghasiya, Khan, Milan Bakhda",2025,HSHa17702ec
Evaluating post-cardiac arrest blood pressure thresholds associated with neurologic outcome in children: Insights from the pediRES-Q database.,"Ushpol, Je, Christoff, Nuthall, Scholefield, Morgan, Nadkarni, Gangadharan",2025,HSHa17702ec
Big data analysis: examination of the relationship between candidates' sociodemographic characteristics and performance in the UK's Membership of the Royal College of Physicians Part 1 examination.,"Johnston, Vieira, Cameron, Kumwenda, Walker, Cleland",2025,PMC11925973
Strategies to Individualize Nutritional Care of Breast Cancer Survivors.,"Rodriguez-Matesanz, Schober, Garcia-Vivar",2025,HSHa17702ec
"A snapshot of cancer in Chile II: an update on research, strategies and analytical frameworks for equity, innovation and national development.","Vacarezza, Araneda, Gonzalez, Arteaga, Marcelain, Castellon, Periera, Khoury, Müller, Lecaros, Salas, Riquelme, Corvalan, de la Jara, Ferreccio, Goic, Nervi, Roa, Owen",2024,PMC11657627
Literature search for healthcare management decision-making on how to increase productivity by performing more surgical cases in the same staffed time.,"Dexter, Gómez-Ríos, Epstein",2025,HSHa17702ec
Pediatric Emergency Care Coordinator Presence and Pediatric Care Quality Measures.,"Samuels-Kalow, Cash, Michelson, Wolk, Remick, Loo, Swanton, Alpern, Zachrison, Camargo",2024,PMC11656265
Comorbidity in incident rheumatoid arthritis: a nationwide case-control study with bidirectional follow-up.,"Batko, Szeląg, Krajewska-Włodarczyk, Żuber, Orleański, Podwójcic, Sowiński, Świderek, Maluchnik, Batko, Śmiglewska, Brzosko, Stajszczyk, Kwiatkowska",2025,PMC12107052
Accessibility of Special Care Dentistry Across Countries: A Scoping Review.,"Vahdati, Khadivi, Ghorbani, Vahdati Helan, Ranjbar, Azimi",2024,PMC11641257
Improving perinatal depression screening uptake: The impact of Medicaid reimbursement policy in Massachusetts.,"Jeung, Attanasio, Geissler",2025,PMC12047695
Retrospective analysis of health and economic burden among commercially-insured individuals diagnosed with invasive meningococcal disease in the United States.,"Herrera-Restrepo, Kwiatkowska, Huse, Kocaata, Ganz",2024,PMC11651274
Integrating AI-driven wearable devices and biometric data into stroke risk assessment: A review of opportunities and challenges.,"Olawade, Aderinto, Clement David-Olawade, Egbon, Adereni, Popoola, Tiwari",2025,HSHa17702ec
Pediatric Patients With Acute Flaccid Myelitis: Long-term Respiratory and Neurologic Outcomes.,"Patel, Kragel, Liu, Sonne, Zhu, Malhotra, Van Haren, Ritterman Weintraub, Kane",2025,HSHa17702ec
Demographic analysis of survival trends in squamous cell carcinoma of the upper 1/3 of the esophagus: a population-based study.,"Travis, Nnawuba, Vellanki, Robinson, Jensen, Trikannad",2025,HSHa17702ec
Association of atrial fibrillation with lamotrigine: An observational cohort study.,"Kim, Welch, Santos, Radwański, Munger, Kim",2025,PMC13006000
The Age-Friendly Learning Healthcare System: Replicating electronic health record based documentation metrics for 4Ms care.,"Butler, Farrell, Puckett, Nanjo, Warner, Shields, Supiano, Kawamoto",2025,PMC11907747
Real-world evidence in the cloud: Tutorial on developing an end-to-end data and analytics pipeline using Amazon Web Services resources.,"Anderson, Bhatnagar, Scollick, Schito, Walls, Podichetty",2024,PMC11638732
[Medical-pharmaceutical intervention on patients exposed to azathioprine-allopurinol interaction in the Community of Madrid].,"Pinar Manzanet, Izquierdo Palomares, Prieto Utiel, Escudero Crujera, Trillo Gallo, Santaolalla García, Blázquez Valerón, Escudero Vilaplana, Villimar Rodríguez, Cortijo Caballero, Mataix Sanjuan, San Román Montero",2025,HSHa17702ec
1. Study designs for making most of the limited resources.,Indrayan,2024,PMC11722713
"Evaluation Methods, Indicators, and Outcomes in Learning Health Systems: Protocol for a Jurisdictional Scan.","Vanderhout, Bird, Giannarakos, Panesar, Whitmore",2024,PMC11694705
Use of Data Linkage Methods to Investigate Healthcare Interactions in Individuals Who Self-harm and Die by Suicide: A Scoping Review.,Djajadisastra,2025,PMC11986592
Rare but elevated incidence of hematological malignancy after clozapine use in schizophrenia: A population cohort study.,"Hu, Gao, Zhou, Liu, Wei, Liu, Sun, Tian, Chu, Song, Cheng, Chan, Ng, Lo, Lee, Chang, Wong, Chan, Wong, Chai, Lai",2024,PMC11620352
Developing and validating a content quality evaluation tool for cancer mobile applications.,"Ashkani, Erfannia, Rezaee, Savareh, Bashiri",2024,PMC11619331
Big Data and Oral Health Disparities: A Critical Appraisal.,"Tiwari, Patel, Nascimento",2025,HSHa17702ec
Transforming Healthcare in Low-Resource Settings With Artificial Intelligence: Recent Developments and Outcomes.,"Dangi, Sharma, Vageriya",2025,HSHa17702ec
Global Disparities in the Characteristics and Outcomes of Leukemia Clinical Trials: A Cross-Sectional Study of the ClinicalTrials.gov Database.,"Alhajahjeh, Rotter, Stempel, Grimshaw, Bewersdorf, Blaha, Kewan, Podoltsev, Shallis, Mendez, Stahl, Zeidan",2024,HSHa17702ec
Risk of mortality and complications in people with depressive disorder and diabetes mellitus: A 20-year population-based propensity score-matched cohort study.,"Ho, Chan, Lo, Fang, Wong, Lee, Lai, Ng, Chen, Wong, Chang",2025,HSHa17702ec
Teledentistry Applied to Health and Education Outcomes: Evidence Gap Map.,"Nascimento da Silva Mulder, Ramos Pinto, Aníbal, Dornellas, Garrido, Huanca, Haddad, Mendes Abdala",2024,PMC11635335
Determinants of Length of Stay for Medical Inpatients Using Survival Analysis.,"Kim, Chang, Ryu, Choi, Kwon, Ji",2024,PMC11593794
Network Mendelian randomisation analysis deciphers protein pathways linking type 2 diabetes and gastrointestinal disease.,"Geng, Ruan, Wu, Chen, Fu, Gill, Burgess, Chen, Ludvigsson, Larsson, Li, Du, Yuan",2025,PMC7617254
Randomized Controlled Trial of a Virtually Delivered Exercise and Stress Management Program to Improve Physical Performance of Hematopoietic Cell Transplant Survivors.,"Ma, Liu, Au, Tran, Artuz, Greenwood, Bilmon, Kliman",2025,PMC11895824
Instrumental variables in the cost of illness featuring type 2 diabetes.,"Kole, Zick, Brown, Curtis, Kowaleski-Jones, Meeks, Smith",2025,PMC12120511
Burden of Disease of Breast Cancer in Italy: A Real-World Data Analysis.,"Mennini, Marcellusi, Sciattella, Scortichini, Ragonese, Cattel, D'Antona, Del Mastro, Gori, Perrone, Migliorini, Trabucco Aurilio",2025,PMC11865386
Understanding Experiences of Diabetes Distress: A Systematic Review and Thematic Synthesis.,"Morales-Brown, Perez Algorta, Salifu",2024,PMC11581805
Developing remote patient monitoring infrastructure using commercially available cloud platforms.,"Cao, Ramezani, Katakwar, Zhang, Boda, Wani, Naeim",2024,PMC11576445
Exploring Experiences and Perceptions of Stroke Survivors in Hospital-To-Home Transition Care: A Qualitative Systematic Review.,"Liu, Liu, Yang, Huang, Xie, Xiao, Deng, Zhang",2025,HSHa17702ec
Exploring the Relationship Between Hospital Patient Safety Culture and Performance on Measures of Hospital-Acquired Conditions.,"Noghrehchi, Hefner, Stegall, Walker",2024,HSHa17702ec
Trends in syncope testing and admissions in the USA from 2006 through 2019.,"Ruzieh, Bai, Kimmel, Goldberger, Dasa, Petersen, Smoot, Edwards, Kamisetty, Mardini",2025,PMC9170473
Incidence of post-acute COVID-19 symptoms across healthcare settings in seven countries: an international retrospective cohort study using routinely-collected data.,"Xie, López-Güell, Dedman, Duarte-Salles, Kolde, López-Blasco, Martínez, Mercier, Abellan, Arinze, Cuccu, Delmestri, Delseny, Khalid, Kim, Kim, Kostka, Loste, Mateu, Mayer, Meléndez-Cardiel, Mercadé-Besora, Mosseveld, Nishimura, Nordeng, Oyinlola, Pérez-Crespo, Pineda-Moncusí, Ramírez-Anguita, Trinh, Uusküla, Valdivieso, Burkard, Burn, Català, Prieto-Alhambra, Paredes, Jödicke",2024,PMC11564986
Mediterranean diet and oral health: is there an association? A scoping review.,"Popovac, Jaćimović, Trichopoulou, Peppa, Kotrokois, Stančić, Milić-Lemić, Kossioni",2025,HSHa17702ec
Higher healthcare cost and utilization before and after diagnosis of AATD in the United States.,"Blanchette, Whitmire, Oh, Noone, Howden, Ardiles, Stone",2024,PMC11568589
Optimized robust learning framework based on big data for forecasting cardiovascular crises.,"Elseddeq, Elghamrawy, Eldesouky, Salem",2024,PMC11568215
Exploring the role of Artificial Intelligence in Acute Kidney Injury management: a comprehensive review and future research agenda.,"Al-Absi, Simsekler, Omar, Anwar",2024,PMC11566964
Policy impact of the Imperial College COVID-19 Response Team: global perspective and United Kingdom case study.,"van Elsland, O'Hare, McCabe, Laydon, Ferguson, Cori, Christen",2024,PMC11559147
Metaverse-based simulation: a scoping review of charting medical education over the last two decades in the lens of the 'marvelous medical education machine'.,"Popov, Mateju, Jeske, Lewis",2024,PMC11562026
Mapping frameworks for synthesizing qualitative evidence in health technology assessment.,"Cardoso, Marques, Machado-Rugolo, Thabane, Püschel, Weber, Almeida, Duque, De Paula, Lopes, Gabriel, Drumond, Rodrigues, Vanstone",2024,PMC11579671
The Association between Body Mass Index and Mortality in Breast Cancer Patients Receiving Pembrolizumab.,"Chiang, Xu, Shahid, Song, Chi, Chang, Chang, Chiang, Lin",2025,HSHa17702ec
Genomic alterations associated with early-stage disease and early recurrence in patients with colorectal cancer.,"Pappas, Quintanilha, Huang, Parikh",2025,PMC11883158
A systematic literature review on public health and healthcare resources for pandemic preparedness planning.,"Beishuizen, Stein, Buis, Tostmann, Green, Duggan, Connolly, Rovers, Timen",2024,PMC11552315
"Value-Based Healthcare in Practice: IDEATE, a Collaboration to Design and Test an Outcomes-Based Agreement for a Medicine in Wales.","Burton, Halsby, de la Fuente, Pearson-Stuttard, Sloan, Porter, John, Warburton, Selby, Povey, Chowdhury, Bale, Davies, Clifton-Brown, Laing",2025,PMC11782430
Analysis of Sociodemographic and Clinical Characteristics of Inflammatory Bowel Disease in Catalonia Based on SIDIAP.,"García-Serrano, Mirada, Estany, Sol, Ortega-Bravo, Artigues-Barberà",2024,PMC11545972
The current state of Spina Bifida in low- and middle-income countries: where does Africa stand?,"Okon, Temitope, Ogundele, Akpan, Mbong, Kasimieh, Chaurasia, James, Gbadebo, Precious, Jader, Okesanya, Karmani, Erhayanmen, Lucero-Prisno Iii",2025,HSHa17702ec
"Systematic review and meta-analysis of biological variation data of urine albumin, albumin to creatinine ratio and other markers in urine.","Aslan, Carobene, Jonker, Galior, Boned, Marqués-García, Ricós, Bartlett, Coskun, Diaz-Garzon, Fernández-Calle, Gonzalez-Lao, Simon, Sandberg, Aarsand",2025,HSHa17702ec
Shared challenges and opportunities: Uncovering common ground in patient participation across different healthcare settings and patient groups. A qualitative meta-summary on patient-reported barriers and facilitators to participation in shared decision-making.,"Mertens, Kasmi, Bekkering, Hannes, Vermandere, Delvaux, Van Bostraeten, Jaeken, van der Weijden, Rademakers, Aertgeerts",2025,HSHa17702ec
Monitoring patients on ART within the CCMDD programme and those attending an urban healthcare facility in KwaZulu-Natal.,"Chetty, Ross",2024,PMC11538391
Women's views and experiences of pregnancy yoga. A qualitative evidence synthesis.,"Cunningham, Brady",2023,HSHa17702ec
The bias algorithm: how AI in healthcare exacerbates ethnic and racial disparities - a scoping review.,"Hussain, Bresnahan, Zhuang",2025,HSHa17702ec
Postpartum Screening for Type 2 Diabetes in Women With a History of Gestational Diabetes Mellitus: A Cost-Effectiveness Analysis in Singapore.,"Cremaschi, van den Boom, Ng, Franzolini, Tan, Chan, Tan, Chong, Eriksson, De Iorio",2025,HSHa17702ec
Costs Are Still on the Rise for Commonly Prescribed Branded Neurologic Medications.,"Gusovsky, Lin, Kerber, Reynolds, Callaghan, Burke",2024,HSHa17702ec
"Implications of Big Data Analytics, AI, Machine Learning, and Deep Learning in the Health Care System of Bangladesh: Scoping Review.","Alam, Sajib, Rahman, Ether, Hanson, Sayeed, Akter, Nusrat, Islam, Raza, Tanvir, Chisti, Rahman, Hossain, Layek, Zaman, Rana, Rahman, Arifeen, Rahman, Ahmed",2024,PMC11555453
Adapting Efficiency Analysis in Health Systems: A Scoping Review of Data Envelopment Analysis Applications During the COVID-19 Pandemic.,"Mitakos, Mpogiatzidis",2024,PMC11503289
AI Applications in Adult Stroke Recovery and Rehabilitation: A Scoping Review Using AI.,"Senadheera, Hettiarachchi, Haslam, Nawaratne, Sheehan, Lockwood, Alahakoon, Carey",2024,PMC11511449
Associations between prior abortion and hepatitis B virus infection among pregnant women attending health care facilities. Meta-analysis.,"Tegegne, Wudu, Tibebu, Tegegne, Tessema",2024,PMC11515804
In Silico Identification of Potential Inhibitors of SARS-CoV-2 Main Protease (Mpro).,"Hernández-Serda, Vázquez-Valadez, Aguirre-Vidal, Markarian, Medina-Franco, Cardenas-Granados, Alarcón-López, Martínez-Soriano, Velázquez-Sánchez, Falfán-Valencia, Angeles, Abrahamyan",2024,PMC11510711
Paper 5: a methodological overview of methods and interventions.,"Welch, Dewidar, Rizvi, Bondok, Pan, Sabri, Irefin, Ghogomu, Terhune, Francis, Pizarro, Duque, Heyn, Riddle, Sathe, Viswanathan",2024,HSHa17702ec
"Association of Medicaid Expansion With Timely Receipt of Treatment and Survival Among Patients With HR-Negative, HER2-Positive Breast Cancer.","Shi, Ji, Jiang, Ruddy, Castellino, Yabroff, Han",2024,PMC12664081
Racial Disparities in Receipt of Guideline-Concordant Care in Older Adults With Early Breast Cancer.,"Castillo, Boadi, Han, Shulman, Martei",2024,PMC11581576
"Disease Overlap, Healthcare Resource Utilization, and Costs in Patients with Eosinophilic Granulomatosis with Polyangiitis: A REVEAL Sub-study.","Xu, Edmonds, Kim, Stokes, Stirnadel-Farrant, Kwiatek, Katial",2024,PMC11557787
Big data analytics in the healthcare sector: Opportunities and challenges in developing countries. A literature review.,"Muhunzi, Kitambala, Mashauri",2024,HSHa17702ec
Big data in visual field testing for glaucoma.,"Pham, Pan, Yohannan",2024,PMC11488814
The Experiences and Perceptions of Telehealth in Patients Living With Advanced Chronic Obstructive Pulmonary Disease: A Qualitative Evidence Synthesis.,"O'Connor, Crilly",2025,PMC11896827
"Child, family and professional views on valued communication outcomes for non-verbal children with neurodisability: A qualitative meta-synthesis.","Buckeridge, Abrahamson, Pellatt-Higgins, Sellers, Forbes",2024,HSHa17702ec
"Early effect of a financial incentive for surgeries within 48 h after hip fracture on the number of expedited hip fracture surgeries, in-hospital mortality, perioperative morbidity, length of stay and inpatient medical expenses.","Minato, Kunisawa, Imanaka",2025,PMC12021328
Multimodal Identification of Molecular Factors Linked to Severe Diabetic Foot Ulcers Using Artificial Intelligence.,"Omo-Okhuasuyi, Jin, ElHefnawi, Chen, Flores",2024,PMC11476782
Comparative study of HIFU partial gland ablation and robot-assisted radical prostatectomy for localized prostate cancer: an evidence-based approach.,"Wang, Pang, Qin, Chen, Huang, Li, Cao, Yang",2024,PMC8836305
The Role of Visualization in Estimating Cardiovascular Disease Risk: Scoping Review.,"Svenšek, Lorber, Gosak, Verbert, Klemenc-Ketis, Stiglic",2024,PMC11519570
Association of Ventricular Arrhythmias with Lamotrigine: An Observational Cohort Study.,"Kim, Welch, De Los Santos, Radwański, Munger, Kim",2024,PMC11469351
Exploiting the triple quadrupole mass analyzer for the open detection and tentative identification of synthetic cannabinoid receptor agonists based on common fragmentation pathways.,"Mata-Pesquera, Fabregat-Safont, Sancho, Ibáñez",2024,HSHa17702ec
The Growing Impact of Natural Language Processing in Healthcare and Public Health.,"Jerfy, Selden, Balkrishnan",2024,PMC11475376
Fully Automated Artificial Intelligence Solution for Human Epidermal Growth Factor Receptor 2 Immunohistochemistry Scoring in Breast Cancer: A Multireader Study.,"Krishnamurthy, Schnitt, Vincent-Salomon, Canas-Marques, Colon, Kantekure, Maklakovski, Finck, Thomassin, Globerson, Bien, Mallel, Grinwald, Linhart, Sandbank, Vecsler",2024,PMC11485213
Taiwan Nationwide Study of First-Line ALK-TKI Therapy in ALK-Positive Lung Adenocarcinoma.,"Zheng, Wu, Chiang, Chen, Chen, Chu, Lin, Yu, Lee, Liu, Chang",2024,PMC4366385
Real-World Evidence of Clinical Outcomes of the Use of the Adalimumab Biosimilar SB5 in Rheumatic and Gastrointestinal Immune-Mediated Inflammatory Diseases: 12-Month Data from the PERFUSE Study.,"Fautrel, Bouhnik, Salliot, Carbonnel, Fumery, Bernardeau, Maugars, Flamant, Coury, Braithwaite, Hateb, Addison",2024,PMC11589083
Pregnancy Outcomes in Living Kidney Donors: Protocol of a Population-Based Cohort Study in Three Canadian Provinces.,"Wang, Naylor, McArthur, Sontrop, Roshanov, Lam, McDonald, Lentine, King, Youngson, Beyene, Hendren, Garg",2024,PMC11459540
"Real-world evidence study on the impact of SPECT MPI, PET MPI, cCTA and stress echocardiography on downstream healthcare utilisation in patients with coronary artery disease in the US.","Pelletier-Galarneau, Cabra, Szabo, Angadageri",2024,PMC11462745
Aerobic Physical Activity and Depression Among Patients With Cancer: A Systematic Review and Meta-Analysis.,"Kulchycki, Halder, Askin, Rabbani, Schulte, Jeyaraman, Sung, Louis, Lix, Garland, Mahar, Abou-Setta, Oberoi",2024,PMC11581595
Sources and processes of social influence on health-related choices: A systematic review based on a social-interdependent choice paradigm.,"Pilli, Veldwijk, Swait, Donkers, de Bekker-Grob",2024,HSHa17702ec
Adverse pregnancy outcomes attributable to overweight and obesity across maternal birth regions: a Swedish population-based cohort study.,"Shirvanifar, Ahlqvist, Lundberg, Kosidou, Herraiz-Adillo, Berglind, Magnusson, Henriksson",2024,HSHa17702ec
Dropout From Psychological Interventions for Pathological Health Anxiety: A Three-Level Meta-Analysis of Randomized Controlled Trials.,"Shi, Wu, Wei, Xiao, Lv, Ren",2024,HSHa17702ec
"Strengthening emergency department response to chemical, biological, radiological, and nuclear disasters: A scoping review.","Ranse, Mackie, Crilly, Heslop, Wilson, Mitchell, Weber, Watkins, Sharpe, Handy, Hertelendy, Currie, Hammad",2025,HSHa17702ec
"Repeated CT scans on 12,984 Asians to diagnose lung cancer once it is suspected.","Vy, Chien, Chen, Lin, Chang, Hsu, Chan",2024,PMC11439619
Calibrating Observational Health Record Data Against a Randomized Trial.,"Merola, Campbell, Lenis, Schneeweiss, Wang, Madsen, Carrigan, Chia, Ovbiosa, Pinheiro, Pace, Bruno, Stewart, Khosla, Zhang, Rimawi, Hendricks-Sturrup, Huang, Taylor, Jiao, Becnel, McRoy, Eckert, Rodriguez, Lunacsek, Harvey, Greshock, Sarsour, Belli, Wang, Fernandes, Chen, San Francisco, Sangli, Natanzon, Chan, Dhopeshwarkar, Shapiro, Wasserman, Quinn, Rees, Robinson, Taylor, Rider",2024,PMC11443351
Nursing leadership style and error management culture: a scoping review.,"Moraca, Zaghini, Fiorini, Sili",2024,HSHa17702ec
Comparing complication rates between Abbott Tendril 2088 and competitive manufacturer leads: Novel real-world data approach.,"Ahmed, Wilkoff, Kim, Nabutovsky, Kim, Desmond, Ganz, Curtis",2024,PMC11650435
Sleep Quality and Urinary Incontinence in Prostate Cancer Patients: A Data Analytics Approach with the ASCAPE Dataset.,"Manolitsis, Feretzakis, Tzelves, Anastasiou, Koumpouros, Verykios, Katsimperis, Bellos, Lazarou, Varkarakis",2024,PMC11431405
A Real-World Pharmacovigilance Study of the FDA Adverse Event Reporting System Events for Trametinib.,"Zhang, Li, Li, He, Hou",2024,PMC11426181
ChatGPT and generative AI in urology and surgery-A narrative review.,"Qin, Chislett, Ischia, Ranasinghe, de Silva, Coles-Black, Woon, Bolton",2024,PMC11420103
Obstetric outcomes among rural parturients across US urban and rural hospitals.,"Strickland, Tumin, Harris, Murphy, Whiteside",2024,HSHa17702ec
Association of Daily Doses of Buprenorphine With Urgent Health Care Utilization.,"Axeen, Pacula, Merlin, Gordon, Stein",2024,PMC11425142
Maternal and Infant Morbidity and Mortality in Relation to Delivery Mode in a Large U.S. Health Care Claims Database in 2019 and 2020.,"Doherty, Lynch, Naavaal, Li, Cole, MacPhee, Banning, Sharma, Grabner, Stanek, Inglis",2025,HSHa17702ec
Effectiveness of integrated care models for stroke patients: A systematic review and meta-analysis.,"Liu, Cai, Zhou",2025,HSHa17702ec
Cross-EHR validation of antidepressant response algorithm and links with genetics of psychiatric traits.,"Sealock, Tubbs, Lake, Straub, Smoller, Davis",2024,PMC11419221
Global research landscape of health care-associated infections among immunocompromised people before and after the start of the COVID-19 pandemic.,Iwu,2024,PMC11417551
Bibliometric analysis of artificial intelligence in healthcare research: Trends and future directions.,"Senthil, Anand, Somala, Saravanan",2024,PMC11414662
"Impact of Seton Use on Clinical, Patient-Reported, and Healthcare Resource Utilization Outcomes in Complex Crohn's Perianal Fistulas: A Systematic Literature Review.","White, Karki, Geransar, Leisle, Junker, Fleshner",2025,PMC12166306
Mortality Burden for Patients With Untreated Aortic Regurgitation.,"Généreux, Amoroso, Thourani, Rodriguez, Sharma, Pinto, Kwon, Dobbles, Pellikka, Gillam",2024,PMC11408366
Mechanisms of change in digital interventions for depression: A systematic review and meta-analysis of six mediator domains.,"Angerer, Mennel, Grund, Mayer, Büscher, Sander, Cuijpers, Terhorst, Baumeister, Domhardt",2025,HSHa17702ec
"Efficacy and Safety of Erenumab for Nonopioid Medication Overuse Headache in Chronic Migraine: A Phase 4, Randomized, Placebo-Controlled Trial.","Tepper, Dodick, Lanteri-Minet, Dolezil, Gil-Gouveia, Lucas, Piasecka-Stryczynska, Szabó, Mikol, Chehrenama, Chou, Yang, Paiva da Silva Lima",2024,PMC11406451
Gender disparities in utilization of statins for low density lipoprotein management across the spectrum of atherosclerotic cardiovascular disease: Insights from the houston methodist cardiovascular disease learning health system registry.,"Shahid, Satish, Gullapelli, Nicholas, Javed, Avenatti, Bose, Mahajan, Roy, Sharma, Rodriguez, Andrieni, Jones, Al-Kindi, Cainzos-Achirica, Nasir",2024,PMC11402022
Comparative Effects of Diabetes Self-Management Programs on Type 2 Diabetes Clinical Outcomes: A Systematic Review and Network Meta-Analysis.,"Romadlon, Tu, Chen, Hasan, Kurniawan, Chiu",2024,HSHa17702ec
Engagement analysis of a persuasive-design-optimized eHealth intervention through machine learning.,"Idrees, Beierle, Mutter, Kraft, Garatva, Baumeister, Reichert, Pryss",2024,PMC11399129
Tree-based scan statistics to generate drug repurposing hypotheses: a test case using sodium-glucose cotransporter-2 inhibitors.,"Tan, Maro, Wang, Toh, Morton, Ilomäki, Wong, Li",2024,PMC12461578
OnetoMap Meta-Data: Healthcare Analytics Through Research.,"Mateussi, Janjua, Grimsley, Kendall, Zander, Pietrobon, Kuo",2024,PMC11392514
A Thematic Synthesis of the Experiences of Social Prescribing Among Patients in the UK.,"Handayani, Wanat, Tierney",2024,HSHa17702ec
CXCR4-Targeted PET Imaging in Hematologic Malignancies: A Systematic Review and Meta-analysis.,"Chavoshi, Mirshahvalad, Kohan, Ortega, Metser, Farag, Kridel, Hodgson, Bhella, Kukreti, Veit-Haibach",2025,HSHa17702ec
The importance of World Health Organization international reference standards in the product life cycle of biosimilars.,"Kang, Wadhwa, Knezevic, Burns, Griffiths",2024,HSHa17702ec
Impact of a guaranteed access program to imatinib on the survival of patients with chronic myeloid leukemia.,"Barranco, Vidal, Gama, Martínez, Acosta, Ramos, Martínez, Zazueta, Olarte, Martínez, Cervera, Mendoza, Arcos, Cruz",2024,PMC6558595
Developing a digital data platform for surveillance of food and water-borne pathogens in North East India: insight for public health advocacy.,"Das, Kaur, Mukherjee, Chakraborty, Gupta, Roy, Ganguly, Majumdar, Dolma, Sharma, Chaliha Hazarika, Modi, Ramamurthy, Das",2024,PMC11381271
"Prevalence, awareness, treatment, and control rates of hypertension in the general population of Australia: a systematic review and meta-analysis.","Wang, Shaw, Yu, Jennings, Stavreski, Magliano, Gill, Adams, Rodgers, Woodward, Schlaich, Singleton, Zhou, Schutte",2025,HSHa17702ec
"Contribution of ethnicity, area level deprivation and air pollution to paediatric intensive care unit admissions in the United Kingdom 2008-2021.","Mitchell, Seaton, Leahy, Mustafa, Buckley, Davis, Feltbower, Ramnarayan",2024,PMC11377131
Discourse Analysis in End-of-Life Communication: A Systematic Review.,"Jia, Wu",2025,HSHa17702ec
A machine learning model for early diagnosis of type 1 Gaucher disease using real-life data.,"Tenenbaum, Revel-Vilk, Gazit, Roimi, Gill, Gilboa, Paltiel, Manor, Shalev, Chodick",2024,HSHa17702ec
"The intersection of race, ethnicity, and urbanicity on treatment paradigms and clinical outcomes for non-malignant primary tumors of the spine.","Bishop, Hockenberry, Sperber, Owolo, Baeta, Price, Neff, Kruchko, Barnholtz-Sloan, Charles, Sciubba, Ostrom, Johnson, Goodwin",2024,HSHa17702ec
Racial inequities in cesarean use among high- and low-risk deliveries: An analysis of childbirth hospitalizations in New Jersey from 2000 to 2015.,"McGregor, Garman, Hung, Tosin-Oni, Orona, Molina, Ciraldo, Kozhimannil",2025,PMC11911219
Cost-effectiveness of vaccinating adults aged 60 years and older against respiratory syncytial virus.,"Hutton, Prosser, Rose, Mercon, Ortega-Sanchez, Leidner, Havers, Prill, Whitaker, Roper, Pike, Britton, Melgar",2024,PMC11848646
A quantitative approach to measure and predict microbiome response to antibiotics.,"Tu, Ren, Tanes, Mukhopadhyay, Daniel, Li, Bittinger",2024,PMC11423569
"Addressing equity, diversity, and inclusion in JBI qualitative systematic reviews: a methodological scoping review.","Evans, Hassanein, Bains, Bennett, Bjerrum, Edgley, Edwards, Porritt, Salmond",2025,PMC11893006
Remote Assessment of Eczema Severity via AI-powered Skin Image Analytics: A Systematic Review.,"Huang, Tang, Attar, Gore, Williams, Custovic, Tanaka",2024,HSHa17702ec
Progression in the Number of Cataract Surgeries in Brazil: 10 Years of Evolution.,"Rossi, Jorge, Scherer, Kara-Junior",2025,HSHa17702ec
ENCoDE - a skin tone and clinical dataset from a prospective trial on acute care patients.,"Hao, Matos, Dempsey, Alwakeel, Houghtaling, Hong, Gichoya, Kibbe, Pencina, Cox, Ian Wong",2024,PMC11361235
Breast Cancer Detection and Analytics Using Hybrid CNN and Extreme Learning Machine.,"Sureshkumar, Prasad, Balasubramaniam, Jagannathan, Daniel, Dhanasekaran",2024,PMC11355507
Anxiety in Nursing Students during the COVID-19 Pandemic: Systematic Review and Meta-Analysis.,"García-Rivas, Martos-Cabrera, Membrive Jiménez, Aguayo-Estremera, Suleiman Martos, Albendín-García, Gómez-Urquiza",2024,PMC11353448
An Unsupervised Error Detection Methodology for Detecting Mislabels in Healthcare Analytics.,"Zhou, Lum, Wang, Bhatti, Parmar, Dan, Wong",2024,PMC11351123
Examining the effectiveness of food literacy interventions in improving food literacy behavior and healthy eating among adults belonging to different socioeconomic groups- a systematic scoping review.,"Manna, Vidgen, Gallegos",2024,PMC11350956
Identify the most appropriate imputation method for handling missing values in clinical structured datasets: a systematic review.,"Afkanpour, Hosseinzadeh, Tabesh",2024,PMC11351057
Patient education resources for oral mucositis: a google search and ChatGPT analysis.,"Hunter, Allen, Xiao, Cox, Jain",2025,PMC7462896
"Comparative Effectiveness of Second-Line Antihyperglycemic Agents for Cardiovascular Outcomes: A Multinational, Federated Analysis of LEGEND-T2DM.","Khera, Aminorroaya, Dhingra, Thangaraj, Pedroso Camargos, Bu, Ding, Nishimura, Anand, Arshad, Blacketer, Chai, Chattopadhyay, Cook, Dorr, Duarte-Salles, DuVall, Falconer, French, Hanchrow, Kaur, Lau, Li, Li, Liu, Lu, Man, Matheny, Mathioudakis, McLeggon, McLemore, Minty, Morales, Nagy, Ostropolets, Pistillo, Phan, Pratt, Reyes, Richter, Ross, Ruan, Seager, Simon, Viernes, Yang, Yin, You, Zhou, Ryan, Schuemie, Krumholz, Hripcsak, Suchard",2024,PMC12045554
The Intersectionality of Race and Gender in Palliative Care Services Utilization Among Critically-Ill Necrotizing Pancreatitis Patients: Analysis of a Large Nationwide Database in the United States.,"Escobar Gil, Quazi, Sohail, Butt, Goyal, Sultan, Sheikh, Khan, Sheikh",2025,HSHa17702ec
The impact of patient engagement on patient safety in care transitions after cancer treatment: Protocol for a systematic review and meta-analysis.,"Brust, Schmidt-Wolf, Weigl",2024,PMC11349088
A vision-language foundation model for the generation of realistic chest X-ray images.,"Bluethgen, Chambon, Delbrouck, van der Sluijs, Połacin, Zambrano Chaves, Abraham, Purohit, Langlotz, Chaudhari",2025,PMC11861387
Efficacy of eHealth Versus In-Person Cognitive Behavioral Therapy for Insomnia: Systematic Review and Meta-Analysis of Equivalence.,"Knutzen, Christensen, Cairns, Damholdt, Amidi, Zachariae",2024,PMC11384180
The Rise of Digital Twins in Healthcare: A Mapping of the Research Landscape.,"Kuriakose, Joseph, A, Kollinal",2024,PMC11344555
AI-based mining of biomedical literature: Applications for drug repurposing for the treatment of dementia.,"Sikirzhytskaya, Tyagin, Sutton, Wyatt, Safro, Shtutman",2024,PMC11343300
Economic Evaluation of 'Watch and Wait' Following Neoadjuvant Therapy in Locally Advanced Rectal Cancer: A Systematic Review.,"Murshed, Bunjo, Seow, Murshed, Bedrikovetski, Thomas, Sammour",2025,PMC11659367
A qualitative exploration of the pathway to diagnosis and treatment of cutaneous squamous cell carcinoma of the head and neck with perineural spread.,"Pradhan, Wan, Chan, Low, Wu, Lee, Palme, Clark, Venchiarutti",2024,PMC11342044
Reuse of Adverse Effect Reports from the French National Agency of Medicines: A Visual Analytic Tool to Improve Patient Safety.,"Saint-Dizier, Dufrenois, David, Bubrovszky, Lamer",2024,HSHa17702ec
Analysis of issues related to nursing law: Examination of news articles using topic modeling.,"Lee, Chang, Cho, Yoo, Hyeon",2024,PMC11341052
African American patient perspectives on barriers and facilitators to tobacco-cessation treatment.,"Dawson, Johnson, Baig, Breland, Chen, Fletcher",2025,HSHa17702ec
"Cardiovascular, renal and mortality risk by the KDIGO heatmap in Japan.","Maruyama, Tanaka, Akiyama, Hoshino, Inokuchi, Kaneko, Shimamoto, Ozaki",2024,PMC11336683
Universal health coverage saves more lives among severely ill COVID-19 patients: A difference-in-differences analysis of individual patient data in South Korea.,"Moon, Jeon, Park, Choi, Kim, Choi",2024,PMC11337885
Mapping pharmacy deserts in North Carolina: A geospatial analysis and its implications for University of North Carolina Health's catchment population.,"Poondi, Douglas, McDaniel, Naper, Rao, Kiser, Liu",2024,HSHa17702ec
Application of artificial intelligence in chronic myeloid leukemia (CML) disease prediction and management: a scoping review.,"Ram, Afrash, Moulaei, Parvin, Esmaeeli, Karbasi, Heydari, Sabahi",2024,PMC11337640
Syndemic Theory and Its Use in Developing Health Interventions and Programming: A Scoping Review.,"Outram, Koester, Moran, Steward, Arnold",2024,PMC7539237
Ten-year progression of obesity-related complications in a population with overweight and obesity in the UK: A retrospective open cohort study.,"Pearson-Stuttard, Holloway, Sommer Matthiessen, Thompson, Capucci",2024,HSHa17702ec
Variations in healthcare costs by body mass index and obesity-related complications in a UK population: A retrospective open cohort study.,"Pearson-Stuttard, Holloway, Sommer Matthiessen, Thompson, Capucci",2024,HSHa17702ec
Physical activity in adult users of inpatient mental health services: A scoping review.,"Tew, Peckham, Ker, Smith, Hodgson, Machaczek, Faires",2024,PMC11332955
The impact of analytical treatment interruptions and trial interventions on time to viral re-suppression in people living with HIV restarting ART in cure-related clinical studies: a systematic review and meta-analysis.,"Lee, Eason, Castagna, Laura, De Scheerder, Riley, Tebas, Gunst, Søgaard, Florence, Kroon, De Souza, Mothe, Caskey, Fidler",2024,PMC11330850
Catchment area and cancer population health research through a novel population-based statewide database: a scoping review.,"Spees, Albaneze, Baggett, Green, Johnson, Morris, Salas, Olshan, Wheeler",2024,PMC11410196
Experiences of intensive treatment for people with eating disorders: a systematic review and thematic synthesis.,"Webb, Griffiths, Schmidt",2024,PMC11323622
Efficacy of COVID-19 Oral antivirals in hospitalised oldest-old with high morbidity burden: a target trial emulation study.,"Lai, Wang, Wei, Chui, Li, Cheung, Wong, Chan, Wan",2024,HSHa17702ec
Contributions of the ADNI Biostatistics Core.,"Beckett, Saito, Donohue, Harvey",2024,PMC11485306
Healthcare Use and Expenditures in Rural Survivors of Hospitalization for Sepsis.,"Stinehart, Hyer, Joshi, Brummel",2024,HSHa17702ec
Disparities in seeking care for olfactory and gustatory dysfunction: A population analysis.,"Gorelik, Dhanda, Khan, Takashima, Nisar, Brissett, Ramanathan, Pinto, Rowan, Ahmed",2024,HSHa17702ec
Treatment of systemic lupus erythematosus: Analysis of treatment patterns in adult and paediatric patients across four European countries.,"Du, Dernie, Català, Delmestri, Man, Brash, van Ballegooijen, Mercadé-Besora, Duarte-Salles, Mayer, Leis, Ramírez-Anguita, Griffier, Verdy, Prats-Uribe, Pacurariu, Morales, De Lisa, Galluzzo, Egger, Prieto-Alhambra, Tan",2024,HSHa17702ec
Applications of Fog Computing in Healthcare.,"Jeyaraman, Jeyaraman, Yadav, Ramasubramanian, Balaji, Muthu, Lekha P, Patro",2024,PMC11315376
The ethical dimension of personal health monitoring in the armed forces: a scoping review.,"Bovens, van Baarle, Ziesemer, Molewijk",2024,PMC11316322
Regional disparities in BCG vaccination coverage and tuberculosis incidence in infants among Brazilian states.,"Procianoy, Procianoy, Silveira",2024,HSHa17702ec
"ChatGPT in medicine: A cross-disciplinary systematic review of ChatGPT's (artificial intelligence) role in research, clinical practice, education, and patient interaction.","Fatima, Shafique, Alam, Fadlalla Ahmed, Mustafa",2024,PMC11315549
"""I Just Assumed This Was Already Being Done"": Canadian Patient Preferences for Enhanced Data Sharing for Precision Oncology.","Pollard, Ehman, Hermansen, Weymann, Krebs, Ho, Lim, Jones, Bombard, Hanna, Hessels, Longstaff, Cook-Deegan, Bubela, Regier",2024,PMC11371116
Predictors of Health Care Practitioners' Intention to Use AI-Enabled Clinical Decision Support Systems: Meta-Analysis Based on the Unified Theory of Acceptance and Use of Technology.,"Dingel, Kleine, Cecil, Sigl, Lermer, Gaube",2024,PMC11333871
A web tool for exploring the usage of medicines in hospitals in England.,Sanderson,2024,PMC11294815
How do South African policies address provision of contraception among adolescents?,"Ketye, Babatunde, Akintola",2024,PMC11304180
Stroke Rehabilitation Clinical Practice Guidelines in Low- and Middle-Income Countries: A Systematic Review of Quality and Unique Features.,"Gandhi, Kamalakannan, Urimubenshi, Sebastian, Montanaro, Chawla, D'souza, Ngeh, Mahmood, Demers, Hombali, Solomon",2025,PMC12324695
BMScope: A scoping review to chart the evolving clinical study landscape in brain and leptomeningeal metastasis.,"Cheng, Heywood, Zakaria, Burger, Zucker, Kannan, Putra, Fitzpatrick, Doherty, Sanghera, Jenkinson, Palmieri",2024,PMC11630544
Antibody-drug conjugates for breast cancer: a bibliometric study and clinical trial analysis.,"Xing, Li, Cui, He, Xing, Yang, Liu, Luo, Wang, Guo",2024,PMC11297011
Interactions Between Oral Microbiota and Cancers in the Aging Community: A Narrative Review.,"Aghili, Rahimi, Hakim, Karami, Soufdoost, Oskouei, Alam, Badkoobeh, Golkar, Abbasi, Heboyan, Hosseini",2024,PMC11378226
Accelerating evidence synthesis for safety assessment through ClinicalTrials.gov platform: a feasibility study.,"Yu, Yang, Clark, Lin, Furuya-Kanamori, Xu",2024,PMC11290241
Navigating the waves: A systematic review of telemedicine interventions and health service access challenges in epilepsy during COVID-19.,"Panahi, Mirzohreh, Zafardoust, Khamnian, Alizadeh",2024,HSHa17702ec
Does sildenafil citrate affect the pharmacokinetics of metformin in rats? Screening of mechanism through analytical and molecular docking approach.,"Dewani, Rab, Tripathi, Shrivastava, Tripathi, Tripathi, Mohale, Sheikh, Nakhat, Vekariya, Chandewar",2024,PMC11286092
Emergency Medical Service Transport Time in Rural Farm and Non-Farm Pediatric Trauma.,"Struble, Tumin, Brewer, Bryant, Ledoux, Longshore",2024,HSHa17702ec
Perceptions and experiences of clinicians and correctional officers facilitating palliative care for people in prison: A systematic review and meta-synthesis.,"Schaefer, Panozzo, DiGiacomo, Heneka, Phillips",2024,PMC11490060
Societal Preferences in Health Technology Assessments for Rare Diseases and Orphan Drugs: A Systematic Literature Review of New Analytic Approaches.,"Vásquez, Hall, Merlo",2024,HSHa17702ec
Telehealth Uptake Among Hispanic People During COVID-19: Retrospective Observational Study.,"Shang, Williams, Culiqi",2024,PMC11289584
Evaluation of technical approaches for real-time data transfer from electronic health record systems.,"Kirilov, Dugas",2024,HSHa17702ec
Extended Reality for Mental Health Evaluation: Scoping Review.,"Omisore, Odenigbo, Orji, Beltran, Meier, Baghaei, Orji",2024,PMC11306946
"Effects of educational methods using extended reality on pre-registration nursing students' knowledge, skill, confidence, and satisfaction: A systematic review and meta-analysis.","Ota, Aikawa, Nishimura, Kawashima, Imanaka, Sakuramoto",2024,HSHa17702ec
Chinese Health Insurance in the Digital Era: Bibliometric Study.,"Hu, Qin, Chen, Huang, Wang, Tung, Chuang, Wang",2024,PMC11303892
Developing Catchment Area Data Dashboards for Cancer Centers: A Stakeholder- engaged Approach.,"Sonawane, Borse, Jefferson, Damgacioglu, Carpenter, Pearce, Ogretmen, Paczesny, O'Bryan, Obeid, Ford, Deshmukh",2024,PMC11261938
Antibiotic use among extremely low birth-weight infants from 2009 to 2021: a retrospective observational study.,"Flannery, Zevallos Barboza, Mukhopadhyay, Gerber, McDonough, Shu, Hennessy, Wade, Puopolo",2025,HSHa17702ec
"Mapping maternal and infant health in Morocco: A global scoping review of themes, gaps, and the ""unseen"" in the published health research literature, 2000-2022.","Amster, Jessani, Gupta, Hlyva, Rae",2024,PMC11257357
Application of High-Dimensional Propensity Score Methods to the National Health and Aging Trends Study.,"Hamedani, Pham Nguyen, Willis, Tazare",2024,PMC11341984
Early detection of cardiorespiratory complications and training monitoring using wearable ECG sensors and CNN.,"Lu, Feng, Zhang",2024,PMC11250964
Analytical review of the inf l uence of socio-economic factors on the state of pharmaceutical care for patients with cardiovascular diseases.,"Bilousova, Mykhalchuk",2024,HSHa17702ec
Hospitals with decreasing cost-to-charge ratios bill greater surgical charges for similar outcomes.,"Zander, Kendall, Janjua, Kuo, Grimsley",2024,PMC11382364
Laser Acupuncture versus Liraglutide in Treatment of Obesity: A Multi-Institutional Retrospective Cohort Study.,"Yu, Liao, Yang, Yang, Kao, Lee, Hsu, Huang, Huang, Chen",2024,PMC11241425
Patient attitudes and experiences towards exercise during oncological treatment. A qualitative systematic review.,"Finch, Benham",2024,PMC11239782
Preoperative in-hospital delay increases postoperative morbidity and mortality in patients with acute appendicitis: a meta-analysis.,"Tang, Zhang, Xia, Zhang, Chen, Zhou",2025,PMC11745585
Retrospective analysis of neoplasms in patients using angiotensin receptor blockers.,"Sharma, Rastogi, Goyal",2024,PMC11233655
Clinical decision support systems in addiction and concurrent disorders: A systematic review and meta-analysis.,"Tai, Kim, Schmeckenbecher, Kitchin, Wang, Kazemi, Masoudi, Fadakar, Iorfino, Krausz",2024,HSHa17702ec
"Characterizing disparities in receipt of palliative care for Asian Americans, Native Hawaiians, and Pacific Islanders with metastatic cancer in the United States.","Kohli, Kohli, Jain, Swami, Ranganathan, Chino, Iyengar, Yerramilli, Dee",2024,PMC9949565
C-Reactive Protein and Brain Natriuretic Peptides Harmonization.,"Pasqualetti, Mussap, Monteverde, Sortino, Locatelli, Finazzi, Tomaiuolo, Banfi, Carobene",2024,HSHa17702ec
Phenogrouping heart failure with preserved or mildly reduced ejection fraction using electronic health record data.,"Soltani, Jenkins, Kaura, Bradley, Black, Farrant, Williams, Mulla, Glampson, Davies, Papadimitriou, Woods, Shah, Thursz, Williams, Asselbergs, Mayer, Herbert, Grant, Curzen, Squire, Johnson, O'Gallagher, Shah, Perera, Kharbanda, Patel, Channon, Lee, Peek, Mayet, Miller",2024,PMC11229019
Development and validation of a claims-based algorithm to identify patients with Neuromyelitis Optica Spectrum disorder.,"Patel, Exuzides, Yermilov, Dalglish, Gibbs, Reddy, Chang, Paydar, Broder, Cohan, Greenberg, Levy",2024,HSHa17702ec
Transcriptomic analysis reveals zinc-mediated virulence and pathogenicity in multidrug-resistant Acinetobacter baumannii.,"M E, Selvam, Gopikrishnan, Vasudevan, Zayed, Ramasamy, Walter, C",2024,HSHa17702ec
Human Factors in AI-Driven Digital Solutions for Increasing Physical Activity: Scoping Review.,"Gabarron, Larbi, Rivera-Romero, Denecke",2024,PMC11255529
The use of quantitative light-induced fluorescence in carious lesions research: A bibliometric review.,"La Rosa, Pedullà, Chapple, Pacino, Polosa",2024,HSHa17702ec
Early reduction in albuminuria is associated with a steeper 'dip' in initial estimated glomerular filtration rate but favourable long-term kidney outcomes in people with diabetes receiving sodium-glucose cotransporter-2 inhibitors.,"Kao, Yen, Chen, Chao, Chan",2024,HSHa17702ec
Acute Kidney Injury in Inflammatory Bowel Disease Patients: A Nationwide Comparative Analysis.,"Saha, Hogan, Falk, Barnes, Hu, Kshirsagar, Thorpe",2024,PMC11214339
Barriers and Unmet Educational Needs Regarding Implementation of Medication Adherence Management Across Europe: Insights from COST Action ENABLE.,"Hafez, Aarnio, Mucherino, Kamusheva, Qvarnström, Potočnjak, Trečiokiene, Mihajlović, Ekenberg, van Boven, Leiva-Fernández",2024,PMC11576669
Use of the Sentinel System to Examine Medical Product Use and Outcomes During Pregnancy.,"Lyons, Shinde, Maro, Petrone, Cosgrove, Kempner, Andrade, Mwidau, Stojanovic, Hernández-Muñoz, Toh",2024,PMC5789693
Challenges and opportunities of big data analytics in healthcare.,"Goyal, Malviya",2023,PMC11080701
"Insights Derived From Text-Based Digital Media, in Relation to Mental Health and Suicide Prevention, Using Data Analysis and Machine Learning: Systematic Review.","Sweeney, Ennis, Mulvenna, Bond, O'Neill",2024,PMC11240075
"How Does Osteoarthritis Education Influence Knowledge, Beliefs, and Behavior in People With Knee and Hip Osteoarthritis? A Systematic Review.","Simick Behera, Duong, Eyles, Cui, Gould, Barton, Belton, Hunter, Bunzli",2024,HSHa17702ec
Wearable Technologies for Detecting Burnout and Well-Being in Health Care Professionals: Scoping Review.,"Barac, Scaletty, Hassett, Stillwell, Croarkin, Chauhan, Chesak, Bobo, Athreya, Dyrbye",2024,PMC11234055
TrajVis: a visual clinical decision support system to translate artificial intelligence trajectory models in the precision management of chronic kidney disease.,"Li, Liu, Tang, Jin, Zhang, Eadon, Song, Chen, Su",2024,PMC11491615
A Population-Based Matched Cohort Study of Digestive System Cancer Incidence and Mortality in Individuals With and Without Inflammatory Bowel Disease.,"Murthy, Tandon, Matthews, Ahmed, Pugliese, Taljaard, Kaplan, Coward, Bernstein, Benchimol, Kuenzig, Targownik, Singh",2024,PMC11524629
"A scoping review of the evidence on survivorship care plans among minority, rural, and low-income populations.","Tarver, Justice, Jonnalagadda, Rahurkar, Obeng-Gyasi, Krok-Schoen, Petrecca, Paskett",2025,PMC12546521
Pulmonologists' Attitudes and Role in Precision Medicine Biomarker Testing for Non-Small Cell Lung Cancer.,"Fox, Rudzinski, Nietert, Silvestri",2024,PMC12087638
The impact of COVID-19 on non-communicable disease patients in sub-Saharan African countries: A systematic review.,"Basa, De Vries, McDonagh, Comiskey",2024,PMC11192341
"Pediatric Digit Replantation: A Nationwide Analysis of Failure Rate, Complications, and Potential Factors Affecting Failure.","Garcia, Stephens, Wilkes, Kazmers",2024,PMC11185890
Towards reliable forecasting of healthcare capacity needs: A scoping review and evidence mapping.,"Grøntved, Jørgine Kirkeby, Paaske Johnsen, Mainz, Brink Valentin, Mohr Jensen",2024,HSHa17702ec
Assessment of the herpes zoster risk among renal transplant recipients administered the influenza vaccine.,"Cheng, Chen, Wei, Chang, Huang, Chen",2024,HSHa17702ec
Use of resources in elderly patients consulting the emergency department: analysis of the Emergency Department and Elder Needs Cohort (EDEN-21).,"Fuentes, Jacob, Del Castillo, Montero-Pérez, Alquezar-Arbé, García-Lamberechts, Aguiló, Fernández-Alonso, Burillo-Putze, Piñera, Llauger, Vázquez-Rey, Carrasco-Fernández, Juárez, Blanco-Hoffman, de Las Nieves Rodríguez, Rios-Gallardo, Berenguer-Diez, Guiu, López-Laguna, Delgado-Sardina, Diego-Robledo, Ezponda, Martínez-Lorenzo, Ortega-Liarte, García-Rupérez, Borne-Jerez, Gil-Rodrigo, Llorens, Miró",2025,HSHa17702ec
AI-based mining of biomedical literature: Applications for drug repurposing for the treatment of dementia.,"Sikirzhytskaya, Tyagin, Sutton, Wyatt, Safro, Shtutman",2024,PMC11185689
Factors Influencing Dementia Care Competence among Care Staff: A Mixed-Methods Systematic Review Protocol.,"Zhu, Wang, Zhang, Zhang, Wu",2024,PMC11172285
Concept analysis of conscience-based nursing care: a hybrid approach of Schwartz-Barcott and Kim's hybrid model.,"Kalantari, Modanloo, Ebadi, Khoddam",2024,PMC11184846
Educational needs and preferences of adult patients with acute pain: a mixed-methods systematic review.,"Bérubé, Verret, Bourque, Côté, Guénette, Richard-Denis, Ouellet, Singer, Gauthier, Gagnon, Gagnon, Martorella",2024,PMC11562761
Computer-assisted patient identification tool in inborn errors of metabolism - potential for rare disease patient registry and big data analysis.,"Mak, Woo, Song, Chan, Chan, Pang, Au, Chan, Chong, Law, Lam",2024,HSHa17702ec
Informed Dialysis Modality Selection Among Veterans With Advanced CKD: A Community-Level Needs Assessment.,"Chamarthi, Orozco, Hale-Gallardo, Subhash, Shell, Pearce, Jia, Shukla",2024,PMC11170158
Race and ethnic disparities arthroplasty trends and hotspots: Bibliometric analysis.,"Nham, Kassis, Xu, El-Othmani, Sarpong",2024,PMC11167205
Identifying and Treating Those at Risk: Disparities in Rapid Relapse Among TNBC Patients in the National Cancer Database.,"Rahurkar, Jonnalagadda, Stover, Andersen, Handley, Elsaid, Chen, Obeng-Gyasi",2024,PMC11300569
Impact of Social Determinants of Health on Predictive Models for Outcomes After Congenital Heart Surgery.,"Crook, Dragan, Woo, Neidell, Nash, Jiang, Zhang, Sanchez, Cook, Hannan, Newburger, Jacobs, Petit, Goldstone, Vincent, Walsh-Spoonhower, Mosca, Kumar, Devejian, Biddix, Alfieris, Swartz, Meyer, Paul, Billings, Anderson",2024,HSHa17702ec
[Main characteristics and historical evolution of China' s health financing transition].,"Wang, Fu",2024,PMC11167535
The study of mental health status of people with epilepsy during the COVID-19 pandemic: A systematic review and meta-analysis study.,"Panahi, Zafardoust, Mirzohreh, Khamnian, Alizadeh",2024,HSHa17702ec
Artificial Intelligence in the Intensive Care Unit: Current Evidence on an Inevitable Future Tool.,"Suresh, Singh, Vaish, Gurjar, Ambuli Nambi, Khulbe, Muzaffar",2024,PMC11154024
The Incidence of Skin and Soft Tissue Infections in the United States and Associated Healthcare Utilization Between 2010 and 2020.,"Vella, Derreumaux, Aris, Pellegrini, Contorni, Scherbakov, Bagnoli",2024,PMC11146672
Mental Wellness Self-Care in Singapore With mindline.sg: A Tutorial on the Development of a Digital Mental Health Platform for Behavior Change.,"Weng, Hu, Heaukulani, Tan, Chang, Phang, Rajendram, Tan, Loke, Morris",2024,PMC11185903
Association Between the Dialysate Bicarbonate and the Pre-dialysis Serum Bicarbonate Concentration in Maintenance Hemodialysis: A Retrospective Cohort Study.,"Molnar, Killin, Bota, McArthur, Dixon, Garg, Harris, Thompson, Tennankore, Blake, Bohm, MacRae, Silver",2024,PMC11141227
Quantification of the environmental impact of radiotherapy and associated secondary human health effects: a multi-institutional retrospective analysis and simulation.,"Lichter, Charbonneau, Lewy, Bloom, Shenker, Sabbagh, Chino, Rodrigues, Hearn, Grover, Sheu, Witztum, Qureshi, Yom, Anand, Thiel, Mohamad",2024,HSHa17702ec
"MicroProteinDB: A database to provide knowledge on sequences, structures and function of ncRNA-derived microproteins.","Liang, Lv, Liu, Yang, Shu, Wen, Lv, Sun, Yin, Liu, Xu, Liu, Ding",2024,HSHa17702ec
Extracting Electronic Health Record Neuroblastoma Treatment Data With High Fidelity Using the REDCap Clinical Data Interoperability Services Module.,"Furner, Cheng, Desai, Benedetti, Friedman, Wyatt, Watkins, Volchenboum, Cohn",2024,PMC11371086
Use of social network analysis in health research: a scoping review protocol.,"Grewal, Godley, Wheeler, Tang",2024,PMC11129050
Human resource shortage in India's health sector: a scoping review of the current landscape.,"Mehta, Ajmera, Kalra, Miraj, Gallani, Shaik, Serhan, Sah",2024,PMC11110446
Patient preferences for prophylactic regimens requiring regular injections in children and adolescents: a systematic review and thematic analysis.,"Ilievski, Mirams, Trowman, Barr, Manning",2024,PMC11110590
"Socioeconomic and racial disparities in revisits, indication, and readmission or reoperation in pediatric tonsillectomy.","Yu, Semco, Diercks, Bergmark",2024,HSHa17702ec
Comparing penalization methods for linear models on large observational health data.,"Fridgeirsson, Williams, Rijnbeek, Suchard, Reps",2024,PMC11187433
Healthcare utilization and expenditures among patients with venous thromboembolism following gastrointestinal cancer surgery.,"Khalil, Woldesenbet, Munir, Khan, Rashid, Altaf, Katayama, Endo, Dillhoff, Tsai, Pawlik",2024,HSHa17702ec
"Indicators to Measure Adolescent Health at the Country, Regional, and Global Levels: Results of a Five-Year Selection Process by the Global Action for the Measurement of Adolescent Health.","Marsh, Newby, Storey, Yeung, Diaz, Baltag, Banerjee, Abduvahobov, Adebayo, Azzopardi, Ba, Bose, Cardona, Carvajal-Velez, Dastgiri, Fagan, Ferguson, Friedman, Hagell, Inchley, Kågesten, Keogh, Moller, Saewyc, Tang, Guthold",2024,HSHa17702ec
A comparison of quality-adjusted life years in older adults after heart transplantation versus long-term mechanical support: Findings from the SUSTAIN-IT study.,"Grady, Dew, Pagani, Spertus, Hsich, Yuzefpolskaya, Lampert, Kirklin, Petty, Kao, Yancy, Hartupee, Pamboukian, Johnson, Murray, Wu, Andrei",2024,PMC11305942
Long-Term Analysis of NRG Oncology RTOG 0415: A Randomized Phase III Noninferiority Study Comparing Two Fractionation Schedules in Patients With Low-Risk Prostate Cancer.,"Lee, Dignam, Amin, Bruner, Low, Swanson, Shah, D'Souza, Michalski, Dayes, Seaward, Hall, Nguyen, Pisansky, Faria, Chen, Rodgers, Sandler",2024,PMC11377096
Houston Methodist cardiovascular learning health system (CVD-LHS) registry: Methods for development and implementation of an automated electronic medical record-based registry using an informatics framework approach.,"Nasir, Gullapelli, Nicolas, Bose, Nwana, Butt, Shahid, Cainzos-Achirica, Patel, Bhimaraj, Javed, Andrieni, Al-Kindi, Jones, Zoghbi",2024,PMC11096937
Efficacy of the residential care transition module: A telehealth intervention for dementia family caregivers of relatives living in residential long-term care settings.,"Gaugler, Birkeland, Albers, Peterson, Louwagie, Baker, Mittelman, Hepburn, Roth",2024,PMC11552057
Symptom network analysis of parent-child depression and anxiety in treatment-seeking youth.,"Halliday, Milgram, Angiolini, Grassie, Ehrenreich-May",2024,HSHa17702ec
Individual and organizational factors influencing well-being and burnout amongst healthcare assistants: A systematic review.,"Norful, Brewer, Cahir, Dierkes",2024,PMC11080559
Vascular Access Team Central Line Dressing Changes to Reduce Infection Risk: A Focused Two-Person Approach in High-Risk Patients.,"Draper, Nelson, Taylor, Arroyo, Gasama, Russell",NA,HSHa17702ec
Sexual and reproductive health implementation research in humanitarian contexts: a scoping review.,"Norton, Tappis",2024,PMC11089709
"Kidney Cancer Incidence among Non-Hispanic American Indian and Alaska Native Populations in the United States, 1999 to 2020.","Melkonian, Jim, Haverkamp, Lee, Janitz, Campbell",2024,PMC11293958
MicrobioRaman: an open-access web repository for microbiological Raman spectroscopy data.,"Lee, Landry, Athar, Alcolombri, Pramoj Na Ayutthaya, Berry, de Bettignies, Cheng, Csucs, Cui, Deckert, Dieing, Dionne, Doskocil, D'Souza, García-Timermans, Gierlinger, Goda, Hatzenpichler, Henshaw, Huang, Iermak, Ivleva, Kneipp, Kubryk, Küsel, Lee, Lee, Ma, Martínez-Pérez, Matousek, Meckenstock, Min, Mojzeš, Müller, Kumar, Nielsen, Notingher, Palatinszky, Pereira, Pezzotti, Pilat, Plesinger, Popp, Probst, Riva, Saleh, Samek, Sapers, Schubert, Stubbusch, Tadesse, Taylor, Wagner, Wang, Yin, Yue, Zenobi, Zini, Sarkans, Stocker",2024,PMC9723680
"Lower Intraoperative and Immediate Postoperative Complications in Robotic Versus Conventional Primary Total Hip Arthroplasty: A Retrospective Cohort Analysis of Over 360,000 Patients.","Khanna, Sohn, Khanna, Ashraf, Mittal, Mounsamy, Sambandam",2024,PMC11073758
Evaluation of the impact of prospective payment systems on cholecystectomy: A systematic review and meta-analysis.,"Zhao, Tan, Jahnasegar, Chong, Chen, Goh, Au, Koh",2024,PMC11341890
Communication in Primary Healthcare: A State-of-the-Art Literature Review of Conversation-Analytic Research.,"Barnes, Woods",2024,PMC11067862
Analytical and Bioanalytical Methods for the Determination of Dipeptidyl Peptidase-4 Inhibitors in Various Matrices: A Comprehensive Review.,"Hadawale, Sharma",2025,HSHa17702ec
The Efficacy of Telemental Health Interventions for Mood Disorders Pre-COVID-19: A Narrative Review.,"Edwards, Petitt, Sajatovic, Kumar, Levin",2024,PMC11180629
Clinical Benefit of Fixed-Dose Combination of Amlodipine and Potent Atorvastatin in Patients With Concomitant Hypertension and Hypercholesterolemia.,"Lin, Hsu, Tung, Hsiao, Chou, Lin, Chen, Chu",2024,PMC11179877
Variability in Intracranial Vessel Diameters and Considerations for Neurovascular Models: A Systematic Review and Meta-Analysis.,"Mirza, Kummer, Touchette, McCarthy, Rai, Brouwer, Gilvarry",2024,PMC12778522
Digital Health Interventions and Patient Safety in Abdominal Surgery: A Systematic Review and Meta-Analysis.,"Grygorian, Montano, Shojaa, Ferencak, Schmitz",2024,PMC11053376
Incidence and Prevalence of Dementia: A 2015-2020 Population-Based Study in the Campania Region of Italy.,"Affinito, Salerno, Di Gennaro, Scafa, Russo, Fumo, Giordana, Falco, Della Pia, Di Cecca, Migliaccio, Ilardi, Criscuolo, Spisto, Triassi, Brescia Morra, Palladino, Salvatore, Moccia",2024,PMC11633899
Tobacco Smoking or Nicotine Phenotype and Severity of Clinical Presentation at the Emergency Department (SMOPHED): Protocol for a Noninterventional Observational Study.,"Campagna, Farsalinos, Costantino, Carpinteri, Caponnetto, Cucuzza, Polosa",2024,PMC11079756
Impact of the COVID-19 pandemic on access to and delivery of maternal and child healthcare services in low-and middle-income countries: a systematic review of the literature.,"Kuandyk Sabitova, Ortega, Ntegwa, Sarria-Santamera",2024,PMC11036866
Active surveillance pharmacovigilance for Clostridioides difficile infection and gastrointestinal bleeding: an analytic framework based on case-control studies.,"Vajravelu, Byerly, Feldman, Rothenberger, Schoen, Gellad, Lewis",2024,PMC11041851
Psychotropic Medication Prescribing for Children and Adolescents After the Onset of the COVID-19 Pandemic.,"Valtuille, Acquaviva, Trebossen, Ouldali, Bourmaud, Sclison, Gomez, Revet, Peyre, Delorme, Kaguelidou",2024,PMC11040414
"Factors Impacting on Patient-Centered Communication Skills and Their Opportunities to Be Involved in Decision-making From the Perspective of Patients With Cancer, Informal Caregivers, and/or Healthcare Professionals: A Systematic Review.","Abu-Odah, Chan, Molassiotis",NA,HSHa17702ec
A cross-sectional study of outcomes for patients undergoing mechanical thrombectomy for pulmonary embolism during 2018-2022: Insights from the PINC AI Healthcare Database.,"Gandhi, Gibson, Jaber",2024,PMC11033482
Application of machine learning for lung cancer survival prognostication-A systematic review and meta-analysis.,"Didier, Nigro, Noori, Omballi, Pappada, Hamouda",2024,PMC11026647
[The world experience of monitoring of satisfaction with medical care: the analytical review].,"Tyufilin, Chigrina, Kobyakova, Deev",2024,HSHa17702ec
Race/ethnicity and socioeconomic position in emergency department utilization in patients with hepatocellular carcinoma.,"Lin, Tan, Teigland, Hernandez, Kim, Kilgore",2024,PMC11486108
Ultrasound Surveillance in Melanoma Management: Bridging Diagnostic Promise with Real-World Adherence: A Systematic Review and Meta-Analysis.,"Liu, Sylivris, Wu, Tan, Hong, Lin, Wang, Chew",2024,PMC8968696
Methods for health workforce projection model: systematic review and recommended good practice reporting guideline.,"Lee, Crettenden, Tran, Miller, Cormack, Cahill, Li, Sugiura, Xiang",2024,PMC11025158
"""I Really Felt the Feeling"": A Systematic Review and Qualitative Thematic Synthesis of Healthcare Workers' Experiences of Acceptance and Commitment Therapy Training.","Huish, Donnelly, Marks",2024,HSHa17702ec
Hope experiences in parents of children with cancer: A qualitative meta-synthesis.,"Liu, Zhang, Wang, Ni",2024,HSHa17702ec
Small-scale wastewater-based epidemiology (WBE) for infectious diseases and antibiotic resistance: A scoping review.,"Schmiege, Haselhoff, Thomas, Kraiselburd, Meyer, Moebus",2024,HSHa17702ec
Suggesting a holistic framework for understanding healthcare services leadership competence - a critical interpretive synthesis.,"Oskarsson, Vik",2024,PMC11348838
Identifying candidate mechanisms of comorbidity in disordered eating and posttraumatic stress disorder symptoms among U.S. veterans: A network analytic approach.,"Zelkowitz, Serier, Smith, Kehle-Forbes, Vogt, Mitchell",2025,PMC11922534
Investigating Factors Influencing Disaster Preparedness Perception of Nurses in Turkey:A Meta-Analytic Approach.,"Ulupınar, Altınel, Aslan",2024,HSHa17702ec
Epidemiology of Diabetic Kidney Disease among US Veterans.,"Kim, Crook, Lu, Nyman, Abdelaziz, LaFleur",2024,PMC11011711
Experience and caring needs of patients with psoriasis: A qualitative meta-synthesis.,"Ou, Xue, Qin, Zhang",2024,HSHa17702ec
Does arthroscopic or open washout in native knee septic arthritis result in superior post-operative function? A systematic review and meta-analysis of randomised controlled trials and observational studies.,"Kennedy, Tharmaseelan, Phillips, Evans, Kunutsor",2024,PMC11010436
COVID-19 Vaccines and Heavy Menstrual Bleeding: The Impact of Media Attention on Reporting to EudraVigilance.,"Gordillo-Marañón, Szmigiel, Yalmanová, Caplanusi, Genov, Olsen, Straus",2024,PMC11286647
Database profile of the Fukuoka-City Information Platform for Community-based Integrated Care.,"Honda, Furuhashi, Furuta, Tomooka, Tajimi, Nagasawa, Oishi, Kimura, Yoshida, Ninomiya",2024,PMC11006547
Methodological Frameworks and Dimensions to Be Considered in Digital Health Technology Assessment: Scoping Review and Thematic Analysis.,"Segur-Ferrer, Moltó-Puigmartí, Pastells-Peiró, Vivanco-Hidalgo",2024,PMC11043933
"Association between the COVID-19 pandemic and childhood development aged 30 to 36 months in South Korea, based on the National health screening program for infants and children database.","Lee, Choi, Kim, Kim, Kim, Lee",2024,PMC11003091
"A scoping review of racial, ethnic, socioeconomic, and geographic disparities in the outcomes of older adults with cancer.","Gilmore, Grant, Bethea, Schiaffino, Klepin, Dale, Hardi, Mandelblatt, Mohile",2024,PMC11187671
Medical magnetic resonance imaging publications in Arab countries: A 25-year bibliometric analysis.,"Albadayneh, Alrawashdeh, Obeidat, Al-Dekah, Zghool, Abdelrahman",2024,PMC10999917
Adopting the RE-AIM analytic framework for rural program evaluation: experiences from the Advance Care Planning via Group Visits (ACP-GV) national evaluation.,"Matthieu, Taylor, Adkins, Williams, Hu, Oliver, McCullough, Mallory, Smith, Painter, Ounpraseuth, Garner",2024,PMC10999534
Patients' experiences of cancer immunotherapy with immune checkpoint inhibitors: A systematic review and thematic synthesis.,"Watts, Roche, Csontos",2024,HSHa17702ec
Use of artificial intelligence in critical care: opportunities and obstacles.,"Pinsky, Bedoya, Bihorac, Celi, Churpek, Economou-Zavlanos, Elbers, Saria, Liu, Lyons, Shickel, Toral, Tscholl, Clermont",2024,PMC11000355
Analysis of the concept of nurses' autonomy in intensive care units: A hybrid model.,"Taleghani, Dehbozorgi, Babashahi, Monemian, Masoumi",2023,PMC10599693
"Maternal-fetal outcomes in patients with immune-mediated inflammatory diseases, with consideration of comorbidities: a retrospective cohort study in a large U.S. healthcare system.","Hwang, Wei, Piekos, Vemuri, Molani, Mease, Hood, Hadlock",2024,PMC10994966
Self-reporting of psychoneurophysical (PNP) symptoms in adults with four chronic diseases: a protocol for a scoping review.,"Rio, Blumhorst, Kwiat, Nguyen, Livinski, Saligan",2024,PMC10996099
Developing a responsive model to societal needs in medical education.,"Khanpoor, Amerzadeh, Alizadeh, Khosravizadeh, Rafiei",2024,PMC10996077
Operationalizing the Consolidated Framework for Implementation Research to build and support the lived experience workforce in direct health service provision.,"Carrandi, Hu, McGill, Wayland, Karger, Maple",2024,PMC10989156
Development and validation of a point-of-care clinical risk score to predict surgical site complication-associated readmissions following open spine surgery.,"Mueller, Hou, Beach, Griffin",2024,PMC10982919
Validity of ICD-10-based algorithms to identify patients with influenza in inpatient and outpatient settings.,"Benack, Nyandege, Nonnenmacher, Jan, Setoguchi, Gerhard, Strom, Horton",2024,PMC11022168
What are the experiences of people with motor and sensory functional neurological disorder? A systematic review and thematic synthesis of qualitative studies.,"Bailey, Tamasauskas, Bradley-Westguard, Gilli, Poole, Edwards, Agrawal, Nicholson",2025,HSHa17702ec
Association between Gout and Gastric Cancer: A Nested Case-Control Study Using a National Health Sample Cohort.,"Kwon, Han, Kim, Kim, Kim, Kim, Choi, Kang",2024,PMC10971149
A New Model for Ranking Schools of Public Health: The Public Health Academic Ranking.,"Dugerdil, Babington-Ashaye, Bochud, Chan, Chiolero, Gerber-Grote, Künzli, Paradis, Puhan, Suggs, Van der Horst, Escher, Flahault",2024,PMC10961396
Insurance-based Disparities in Outcomes and Extracorporeal Membrane Oxygenation Utilization for Hospitalized COVID-19 Patients.,"Glance, Joynt Maddox, Mazzeffi, Shippey, Wood, Yoko Furuya, Stone, Shang, Wu, Gosev, Lustik, Lander, Wyrobek, Laserna, Dick",2024,PMC11318453
Mobile Apps to Support Mental Health Response in Natural Disasters: Scoping Review.,"Ezeonu, Hertelendy, Adu, Kung, Itanyi, Dias, Agyapong, Hertelendy, Ohanyido, Agyapong, Eboreime",2024,PMC11063879
Do not attempt cardiopulmonary resuscitation decision-making process: scoping review.,"Doody, Davidson, Lombard",2025,PMC12128779
"Similar Risk of Kidney Failure among Patients with Blinding Diseases Who Receive Ranibizumab, Aflibercept, and Bevacizumab: An Observational Health Data Sciences and Informatics Network Study.","Cai, Nishimura, Bowring, Westlund, Tran, Ng, Nagy, Cook, McLeggon, DuVall, Matheny, Golozar, Ostropolets, Minty, Desai, Bu, Toy, Hribar, Falconer, Zhang, Lawrence-Archer, Boland, Goetz, Hall, Shoaibi, Reps, Sena, Blacketer, Swerdel, Jhaveri, Lee, Gilbert, Zeger, Crews, Suchard, Hripcsak, Ryan",2024,PMC11298306
Community views on active case finding for tuberculosis in low- and middle-income countries: a qualitative evidence synthesis.,"Taylor, Medley, van Wyk, Oliver",2024,PMC10955804
Evolution of the data and methods in real-world COVID-19 vaccine effectiveness studies on mortality: a scoping review protocol.,"Stehlik, Dowsett, Camacho, Falster, Lim, Nasreen, Pratt, Pearson, Henry",2024,PMC10952922
"Spatial and Socioeconomic Inequalities in Cesarean Section Deliveries in Urban Settings in Dakar, Senegal.","Sy, Sandie, Sylla, Cissé, Fall, Sow, Silla, Faye, Diène",2024,PMC11602882
Artificial intelligence (AI)-assisted chest computer tomography (CT) insights: a study on intensive care unit (ICU) admittance trends in 78 coronavirus disease 2019 (COVID-19) patients.,"Bumm, Zaffino, Lasso, Estépar, Pieper, Wasserthal, Spadea, Latshang, Kawel-Boehm, Wäckerlin, Werner, Hässig, Furrer, Kikinis",2024,PMC10944742
What Are the Perceptions of Recipients of Allogeneic Hematopoietic Stem Cell Transplant About Medication Adherence?: A Synthesis of Qualitative Studies.,"Visintini, Mansutti, Palese",NA,HSHa17702ec
Artificial intelligence for optimizing benefits and minimizing risks of pharmacological therapies: challenges and opportunities.,"Crisafulli, Ciccimarra, Bellitto, Carollo, Carrara, Stagi, Triola, Capuano, Chiamulera, Moretti, Santoro, Tozzi, Recchia, Trifirò",2024,PMC12443109
Multivariable machine learning models for clinical prediction of subsequent hip fractures in older people using the Chinese population database.,"Huang, Wang, Xu, Guo, Chen, Xue",2024,HSHa17702ec
"Treatment journey of patients with hepatocellular carcinoma using real-world data in British Columbia, Canada.","Seung, Saherawala, Zagorski, Tong, Lim, Kim, Marquez, Gill, Liu, Davies",2023,PMC10941055
Current data processing methods and reporting standards for untargeted analysis of volatile organic compounds using direct mass spectrometry: a systematic review.,"Rosenthal, Lindley, Turner, Ratcliffe, Hunsicker",2024,PMC10942920
Opioid Prescribing Rate for Nonoperative Distal Radius Fractures and Clinician Response to a Clinical Decision Support Alert.,"Averkamp, Li, Wally, Roomian, Griggs, Runyon, Hsu, Seymour, Beuhler, Bosse, Castro, Gibbs, Jarrett, Leas, Odum, Yu, Rachal, Saha, Sullivan, Watling",2024,HSHa17702ec
Increased Prevalence of Adverse Health Outcomes Across the Lifespan in Those Affected by Polycystic Ovary Syndrome: A Canadian Population Cohort.,"Vine, Ghosh, Wang, Bakal",2024,PMC10935704
Evidence linking COVID-19 and the health/well-being of children and adolescents: an umbrella review.,"Duan, Liu, Wang, Wang, Jiang, Li, Zhang, Ye, Li, Cao",2024,PMC10938697
Shared decision-making in palliative cancer care: A systematic review and metasynthesis.,"Rabben, Vivat, Fossum, Rohde",2024,PMC11025308
Preventive Vitamin D Supplementation and Risk for COVID-19 Infection: A Systematic Review and Meta-Analysis.,"Sartini, Del Puente, Oliva, Carbone, Bobbio, Schinca, Giribone, Cristina",2024,PMC10935157
Etiologic Factors of Temporomandibular Disorders: A Systematic Review of Literature Containing Diagnostic Criteria for Temporomandibular Disorders (DC/TMD) and Research Diagnostic Criteria for Temporomandibular Disorders (RDC/TMD) from 2018 to 2022.,"Warzocha, Gadomska-Krasny, Mrowiec",2024,PMC10931313
Cost effectiveness of pembrolizumab plus lenvatinib compared with chemotherapy for treating previously treated advanced endometrial cancer in Sweden.,"Ralph, Young, Upadhyay, Prabhu, Ljungcrantz, Massaad, Xu, Giertz, Merchant, Orlowski, Duska",2024,HSHa17702ec
The Impact of Health Care Algorithms on Racial and Ethnic Disparities : A Systematic Review.,"Siddique, Tipton, Leas, Jepson, Aysola, Cohen, Flores, Harhay, Schmidt, Weissman, Fricke, Treadwell, Mull",2024,HSHa17702ec
The Impact of Digital Hospitals on Patient and Clinician Experience: Systematic Review and Qualitative Evidence Synthesis.,"Canfell, Woods, Meshkat, Krivit, Gunashanhar, Slade, Burton-Jones, Sullivan",2024,PMC10964148
Racial and Ethnic Differences in Psychosocial Care Use Among Adults With Metastatic Breast Cancer: A Retrospective Analysis Across Six New York City Health Systems.,"Pinheiro, An, Zeng, Walker, Mercurio, Hershman, Rosenberg",2024,HSHa17702ec
Cost-effectiveness analysis of minimally invasive surgical treatments for benign prostatic hyperplasia: implications for Japan's public healthcare system.,"Anezaki, Endo, Swan, Takashima, Rojanasarot",2024,HSHa17702ec
Cost-effectiveness analysis of hospital treatment volume and survival outcomes in endometrial cancer in Japan.,"Machida, Matsuo, Higashi, Aoki, Enomoto, Okamoto, Katabuchi, Nagase, Mandai, Yaegashi, Yamagami, Mikami",2024,PMC11390255
Transitions from child and adolescent to adult mental health services for eating disorders: an in-depth systematic review and development of a transition framework.,"Ragnhildstveit, Tuteja, Seli, Smart, Uzun, Bass, Miranda, Ford, Neufeld",2024,PMC10921655
"TARGET: A Randomized, Noninferiority Trial of a Pretest, Patient-Driven Genetic Education Webtool Versus Genetic Counseling for Prostate Cancer Germline Testing.","Loeb, Keith, Cheng, Leader, Gross, Sanchez Nolasco, Byrne, Hartman, Brown, Pieczonka, Gomella, Kelly, Lallas, Handley, Mille, Mark, Brown, Chopra, McClellan, Wise, Hollifield, Giri",2024,PMC10939575
A systematic review and meta-analysis of sexually transmitted infections and blood-borne viruses in travellers.,"Shiferaw, Martin, Dean, Mills, Lau, Paterson, Koh, Eriksson, Furuya-Kanamori",2024,PMC11149723
Reported Prices for High-Volume Hand Surgery in the Era of Price Transparency: Implications for Future Policy Iterations.,"Fahmy, Mead, Chung, Ibrahim, Chung",2025,HSHa17702ec
"Factors associated with involuntary mental healthcare in New South Wales, Australia.","Corderoy, Large, Ryan, Sara",2024,PMC10951846
Access to primary healthcare services for adults with disabilities in Latin America and the Caribbean: a review and meta-synthesis of qualitative studies.,"Reichenberger, Corona, Ramos, Shakespeare, Hameed, Penn-Kekana, Kuper",2024,PMC7616503
Incidence of mental health diagnoses during the COVID-19 pandemic: a multinational network study.,"Chai, Man, Luo, Torre, Wing, Hayes, Osborn, Chang, Lin, Yin, Chan, Lam, Fortin, Kern, Lee, Park, Jang, Li, Seager, Lau, Wong",2024,PMC10940053
Internet- and mobile-based anxiety and depression interventions for children and adolescents: efficacy and negative effects - a systematic review and meta-analysis.,"Dülsen, Baumeister",2025,PMC11805827
Prediction of Effectiveness and Toxicities of Immune Checkpoint Inhibitors Using Real-World Patient Data.,"Lippenszky, Mittendorf, Kiss, LeNoue-Newton, Napan-Molina, Rahman, Ye, Laczi, Csernai, Jain, Holt, Maxwell, Ball, Ma, Mitchell, Johnson, Smith, Park, Micheel, Fabbri, Wolber, Osterman",2024,PMC10919473
Cloud-Based Machine Learning Platform to Predict Clinical Outcomes at Home for Patients With Cardiovascular Conditions Discharged From Hospital: Clinical Trial.,"Yang, Jha, Xu, Song, Jamp, Teuteberg",2024,PMC10943420
A scoping review to map evidence regarding key domains and questions in the management of non-traumatic wrist disorders.,"Mitchell, Hamilton, Dean, Rodgers, Fowler-Davis, McLean",2024,PMC10901165
The role of physiotherapy interventions in the management of temporomandibular joint ankylosis: a systematic review and meta-analysis : Running title: Physiotherapy in TMJ ankylosis.,"Saini, Ibrahim, Khader, Kanji, Mosaddad, Heboyan",2024,PMC10902984
Serum Tumor Markers and Outcomes in Patients With Appendiceal Adenocarcinoma.,"Yousef, Yousef, Zeineddine, More, Fanaeian, Chowdhury, Knafl, Edelkamp, Ito, Gu, Pattalachinti, Naini, Zeineddine, Peterson, Alfaro, Foo, Jin, Bhutiani, Higbie, Scally, Kee, Kopetz, Goldstein, Strach, Williamson, Aziz, Barriuso, Uppal, White, Helmink, Fournier, Raghav, Taggart, Overman, Shen",2024,PMC10902735
Attrition in Conversational Agent-Delivered Mental Health Interventions: Systematic Review and Meta-Analysis.,"Jabir, Lin, Martinengo, Sharp, Theng, Tudor Car",2024,PMC10933752
The Effect of Acute Knee Injuries and Related Knee Surgery on Serum Levels of Pro- and Anti-inflammatory Lipid Mediators and Their Associations With Knee Symptoms.,"Turnbull, Jha, Barrett, Valdes, Alderson, Williams, Vincent, Watt, Chapman",2024,PMC10943603
The use of artificial intelligence in the treatment of rare diseases: A scoping review.,"He, Wang, Xu, Wang, Song, Wang, Su",2024,PMC10883845
Persistence in risk and effect of COVID-19 vaccination on long-term health consequences after SARS-CoV-2 infection.,"Lam, Zhang, Man, Wong, Chui, Lai, Li, Chan, Lau, Wong, Wan",2024,PMC10894867
The experiences of children and adolescents with cancer returning to school: A qualitative meta-synthesis.,"Wang, Dzifa, Lei, Kan, Zhang",2024,HSHa17702ec
Applications of Machine Learning (ML) and Mathematical Modeling (MM) in Healthcare with Special Focus on Cancer Prognosis and Anticancer Therapy: Current Status and Challenges.,"Hassan, Saeed, Deka, Uddin, Das",2024,PMC10892549
Women of Color in the Health Professions: A Scoping Review of the Literature.,"Okoro, Umaru, Ray",2024,PMC10893211
"Seamless EMR data access: Integrated governance, digital health and the OMOP-CDM.","Hallinan, Ward, Hart, Sullivan, Pratt, Ng, Capurro, Van Der Vegt, Liaw, Daly, Luxan, Bunker, Boyle",2024,PMC10882353
Epidemiology of Diagnosed Age-related Macular Degeneration in Germany: An Evaluation of the Prevalence Using AOK PLUS Claims Data.,"Schuster, Leisle, Picker, Bubendorfer-Vorwerk, Lewis, Hahn, Wasem, Finger",2024,PMC10912065
Outcomes following robotic assisted total knee arthroplasty compared to conventional total knee arthroplasty.,"Aggarwal, Sun, Sambandam",2024,PMC6413767
Where does Hispanic Latin America stand in biomedical and life sciences literature production compared with other countries?,"Fabiani, Banuet-Martínez, Gonzalez-Urquijo, Cassagne",2024,PMC10878784
Health professionals' perceptions of the development needs of incident reporting software: A qualitative systematic review.,"Koskiniemi, Syyrilä, Hämeen-Anttila, Manias, Härkänen",2024,HSHa17702ec
Continuous Kidney Replacement Therapy and Survival in Children and Young Adults: Findings From the Multinational WE-ROCK Collaborative.,"Starr, Gist, Zang, Ollberding, Balani, Cappoli, Ciccia, Joseph, Kakajiwala, Kessel, Muff-Luett, Santiago Lozano, Pinto, Reynaud, Solomon, Slagle, Srivastava, Shih, Webb, Menon",2024,PMC11324858
Application of data science and bioinformatics in RNA therapeutics.,"Thi, Hoang, Le, Chu",2024,HSHa17702ec
"Representation of the hierarchical and functional structure of an ambulatory network of medical consultations through Social Network Analysis, with an emphasis on the role of medical specialties.","Biscione, Domingues da Silva",2024,PMC10868750
Epidemiology and outcomes of multidrug-resistant bacterial infection in non-cystic fibrosis bronchiectasis.,"Chang, Chang, Huang, Lee, Ko, Lin, Hsieh, Huang, Lin, Li, Chung, Wang, Huang",2024,PMC10865664
RAS/RAF Comutation and ERBB2 Copy Number Modulates HER2 Heterogeneity and Responsiveness to HER2-directed Therapy in Colorectal Cancer.,"Singh, Sahgal, Kapner, Corsello, Gupta, Gujrathi, Li, Cherniack, El Alam, Kerfoot, Andrews, Lee, Nambiar, Hannigan, Remland, Brais, Leahy, Rubinson, Schlechter, Meyerson, Kuang, Paweletz, Lee, Quintanilha, Aguirre, Perez, Huffman, Rossi, Abrams, Kabraji, Trusolino, Bertotti, Sicinska, Parikh, Wolpin, Schrock, Giannakis, Ng, Meyerhardt, Hornick, Sethi, Cleary",2024,PMC11018475
The Concept of Neuromuscular Repatterning in Dancers: A Systematic Review.,"Gómez-Lozano, Zhang, Armstrong, León, Kelly-Lahon, Sánchez-González, Martínez-González-Moro, Hurtado-Guapo, Vargas-Macías",2024,PMC10855653
"Scoping Review: Anesthesiologist Involvement in Alternative Payment Models, Value Measurement, and Nonclinical Capabilities for Success in the United States of America.","Sanghvi, Qian, Olumuyide, Mokuolu, Keswani, Morewood, Burnett, Park, Gal",2025,HSHa17702ec
Non-invasive blood glucose monitoring technology in diabetes management: review.,"Moses, Adibi, Wickramasinghe, Nguyen, Angelova, Islam",2024,PMC10839510
"Integrating Research and Teaching in Medical Education: Challenges, Strategies, and Implications for Healthcare.","Ahmed, Taha, Khayal",2024,PMC10837463
Optimised stacked machine learning algorithms for genomics and genetics disorder detection in the healthcare industry.,"Rehman, Mujahid, Saba, Jeon",2024,PMC9198206
The Cost of Atrial Fibrillation: A Systematic Review.,"Buja, Rebba, Montecchio, Renzo, Baldo, Cocchio, Ferri, Migliore, Zorzi, Collins, Amrouch, De Smedt, Kypridemos, Petrovic, O'Flaherty, Lip",2024,HSHa17702ec
"Reduced mortality, complications, and economic burden among medicare beneficiaries receiving influenza antivirals.","Best, Reddy, Chang, Bognar, Tarbox, Cagas, Seetasith",2024,HSHa17702ec
Association of thrombopoietin-related drugs with thromboembolic events: Mendelian randomization and a real-world study.,"Liang, Chen, Zhang",2024,PMC10823861
Artificial intelligence in fracture detection with different image modalities and data types: A systematic review and meta-analysis.,"Jung, Dai, Liu, Wu",2024,PMC10826962
"A Systematic Review of State Office-Based Buprenorphine Treatment Laws Effective During 2022: Counseling, Dosage, and Visit Frequency Requirements.","Andraka-Christou, Golan, Williams, Buksbaum, Gordon, Stein",2024,HSHa17702ec
"Real-world Data and Evidence to support a switch in status from Prescription drug to Over the Counter drug as applied by the EMA, the US FDA, the MHRA, and the BfArM.","Kühler, Ateka, Lassoued, Routhier, Mékary-Sawaya",2024,HSHa17702ec
Factors influencing clinician and patient interaction with machine learning-based risk prediction models: a systematic review.,"Giddings, Joseph, Callender, Janes, van der Schaar, Sheringham, Navani",2024,HSHa17702ec
Observational cohort investigating health outcomes and healthcare costs after metabolic and bariatric surgery: a study protocol.,"Gershuni, Wall-Wieler, Liu, Zheng, Altieri",2024,PMC10824029
Meta-analysis of Cognitive Rehabilitation Interventions in Veterans and Service Members With Traumatic Brain Injuries.,"Austin, Hodges, Thomas, Szabo, Parr, Eschler, Lantrip, Twamley",NA,PMC11227399
Health-Analytics Data to Evidence Suite (HADES): Open-Source Software for Observational Research.,"Schuemie, Reps, Black, Defalco, Evans, Fridgeirsson, Gilbert, Knoll, Lavallee, Rao, Rijnbeek, Sadowski, Sena, Swerdel, Williams, Suchard",2024,PMC10868467
Structured Data Retrieval and Analysis of HL7 v2 Messages with Elasticsearch.,"Cheng, Pazmino, Qian, Bergh, Schreiweis",2024,HSHa17702ec
Meta-analytic evidence on the efficacy of hypnosis for mental and somatic health issues: a 20-year perspective.,"Rosendahl, Alldredge, Haddenhorst",2023,PMC10807512
Identifying novel gene dysregulation associated with opioid overdose death: A meta-analysis of differential gene expression in human prefrontal cortex.,"Carter, Quach, Willis, Minto, Hancock, Montalvo-Ortiz, Corradin, Logan, Walss-Bass, Maher, Johnson",2024,PMC10802752
Jumping Asymmetries and Risk of Injuries in Preprofessional Ballet.,"MacSweeney, Shaw, Simkin, Pedlar, Price, Mahaffey, Cohen",2024,PMC10838486
Monitoring the Epidemiology of Otitis Using Free-Text Pediatric Medical Notes: A Deep Learning Approach.,"Lanera, Lorenzoni, Barbieri, Piras, Magge, Weissenbacher, Donà, Cantarutti, Gonzalez-Hernandez, Giaquinto, Gregori",2023,PMC10817419
"Barriers to Advance Care Planning in Older Adults With Dementia, Their Families and Healthcare Professionals: An Umbrella Review of Qualitative Evidence.","Konno, Inoue, Matsushita, Hashimoto, Wiechula, To, Schultz",2024,HSHa17702ec
Landscape analysis of healthcare workforce and resilience actions in the Sahelian context of high security challenge areas: The case of Burkina Faso.,"Ouedraogo, Siguré, Sanou, Kaboré, Dahany, Diallo",2024,HSHa17702ec
Comprehensive plasma steroidomics reveals subtle alterations of systemic steroid profile in patients at different stages of prostate cancer disease.,"Girel, Markin, Tobolkina, Boccard, Moskaleva, Rudaz, Appolonova",2024,PMC10796437
Cost-Effectiveness Analysis of Digital Breast Tomosynthesis Added to Synthetic Mammography in Breast Cancer Screening in Brazil.,"Couto, Gargano, de Oliveira, Coelho, Pessoa, Hassan, Silva, Urban, Fernandes, Sharma, Mann, McIntosh, Zanghelini",2024,PMC11058155
Towards Understanding the Generalization of Medical Text-to-SQL Models and Datasets.,"Tarbell, Choo, Dietrich, Rios",2023,PMC10785918
Component separation repair of incisional hernia: evolution of practice and review of long-term outcomes in a single center.,"Odogwu, Magsi, Spurring, Malik, Kadir, Cutler, Abdelrahman, Prescornita, Li",2024,PMC1356459
"Mobile apps to self-manage chronic low back pain: A realist synthesis exploring what works, for whom and in what circumstances.","Hunter, Beattie, O'Malley, Gorely",2023,PMC10782115
Medical tourism among Indonesians: a scoping review.,"Asa, Fauk, McLean, Ward",2024,PMC10782758
Moral injury and mental health among health-care workers during the COVID-19 pandemic: meta-analysis.,"Coimbra, Zylberstajn, van Zuiden, Hoeboer, Mello, Mello, Olff",2023,PMC10776063
A comparison of the effectiveness of cognitive behavioural interventions based on delivery features for elevated symptoms of depression in adolescents: A systematic review.,"Bjornstad, Sonthalia, Rouse, Freeman, Hessami, Dunne, Axford",2024,PMC10771715
Impacts of the advancement in artificial intelligence on laboratory medicine in low- and middle-income countries: Challenges and recommendations-A literature review.,"Oduoye, Fatima, Muzammil, Dave, Irfan, Fariha, Marbell, Ubechu, Scott, Elebesunu",2024,PMC10766873
"Pharmacoeconomic evaluation of isavuconazole, posaconazole, and voriconazole for the treatment of invasive mold diseases in hematological patients: initial therapy prior to pathogen differential diagnosis in China.","Han, Xu, Lv, Li, Shi",2023,PMC10766362
Exploring the incidence and etiopathogenesis of pathological yawning as adverse side effect of psychotropic drugs.,"Mohandoss, Thavarajah",2023,HSHa17702ec
Examining Conversation Analysis in Palliative Care: A Systematic Review.,"Wu, Zhang",2024,HSHa17702ec
Developing Catchment Area Data Dashboards for Cancer Centers: A Stakeholder-engaged Approach.,"Sonawane, Borse, Jefferson, Damgacioglu, Carpenter, Pearce, Ogretmen, Paczesny, O'Bryan, Obeid, Ford, Deshmukh",2024,PMC12002557
Directed Acyclic Graph Assisted Method For Estimating Average Treatment Effect.,"Sun, Duncan, Pal, Kong",2025,PMC11209833
"Melanoma Incidence Rates Among Non-Hispanic American Indian/Alaska Native Individuals, 1999-2019.","Townsend, Melkonian, Jim, Holman, Buffalo, Julian",2024,PMC10753438
"Evaluating mental health decision units in acute care pathways (DECISION): a quasi-experimental, qualitative and health economic evaluation.","Gillard, Anderson, Clarke, Crowe, Goldsmith, Jarman, Johnson, Lomani, McDaid, Pariza, Park, Smith, Turner, Yoeli",2023,HSHa17702ec
Impact of the COVID-19 pandemic on antidepressant and antipsychotic use among children and adolescents: a population-based study.,"Antoniou, Pajer, Gardner, Penner, Lunsky, Tadrous, Mamdani, Gozdyra, Juurlink, Gomes",2023,PMC10749316
International scientific communication on COVID-19 data: management pitfalls understanding.,"Tzivian, Benis, Rusakova, Syundyukov, Seidmann, Ophir",2024,HSHa17702ec
Introducing a core dataset for real-world data in multiple sclerosis registries and cohorts: Recommendations from a global task force.,"Parciak, Geys, Helme, van der Mei, Hillert, Schmidt, Salter, Zakaria, Middleton, Stahmann, Dobay, Hernandez Martinez-Lapiscina, Iaffaldano, Plueschke, Rojas, Sabidó, Magyari, van der Walt, Arickx, Comi, Peeters",2024,PMC10935622
Steroid-sparing effect of belimumab: results from a retrospective observational study of real-world data.,"Worley, Milligan, Rubin",2023,PMC10748994
Predicting Nurse Turnover for Highly Imbalanced Data Using the Synthetic Minority Over-Sampling Technique and Machine Learning Algorithms.,"Xu, Park, Park, Sun",2023,PMC10742910
Prescription medication use during pregnancy in the United States from 2011 to 2020: trends and safety evidence.,"Mansour, Russo, Straub, Bateman, Gray, Huybrechts, Hernández-Díaz",2024,PMC11187710
Mobile-Based Application Interventions to Enhance Cancer Control and Care in Low- and Middle-Income Countries: A Systematic Review.,"Donkor, Ayitey, Adotey, Ofori, Kitson-Mills, Vanderpuye, Opoku, Luckett, Agar, Engel-Hills",2023,PMC10732306
Impact of COVID-19 pandemic on ambulatory urologic oncology surgeries.,"Qian, Ye, Friedlander, Koelker, Labban, Langbein, Chen, Preston, Clinton, Mossanen, Abdollah, Lipsitz, Kibel, Trinh, Cole",2023,HSHa17702ec
Shifts in ophthalmic care utilization during the COVID-19 pandemic in the US.,"Li, Lum, Chen, Collender, Head, Khurana, Cunningham, Moorthy, Parke, McLeod",2023,PMC10721809
Multicenter registry and test bed for extended outpatient hemodynamic monitoring: the hemodynamic frontiers in heart failure (HF2) initiative.,"Heywood, Munshi, Jordan, Muse, Fudim, Sauer, McDermott, Shah, Bhimaraj, Khedraki, Robinson, McCann, Volz, Guha, Jonsson, Bhatt, Bennett, Benjamin, Guglin, Abraham",2023,PMC10716259
Incidence of Antimicrobial-Associated Acute Kidney Injury in Children: A Structured Review.,"Joerger, Hayes, Stinson, Mikhail, Downes",2024,PMC10983053
Application of machine learning in measurement of ageing and geriatric diseases: a systematic review.,"Das, Dhillon",2023,PMC10717316
The risk factors for uveitis among psoriatic arthritis patients: a population-based cohort study.,"Hijazi, Gazitt, Haddad, Elias, Kassem, Feldhamer, Cohen, Sar, Tomkins-Netzer, Saliba, Zisman",2024,PMC5795280
Baseline neutrophil-lymphocyte ratio and platelet-lymphocyte ratio appear predictive of immune treatment related toxicity in hepatocellular carcinoma.,"Dharmapuri, Özbek, Jethra, Jun, Marron, Saeed, Huang, Muzaffar, Pinter, Balcar, Fulgenzi, Amara, Weinmann, Personeni, Scheiner, Pressiani, Navaid, Bengsch, Paul, Khan, Bettinger, Nishida, Mohamed, Vogel, Gampa, Korolewicz, Cammarota, Kaseb, Galle, Pillai, Wang, Cortellini, Kudo, D'Alessio, Rimassa, Pinato, Ang",2023,PMC10701235
Probabilistic neural network based visual data mining for the healthcare sector.,"Zhou, Chen",2024,HSHa17702ec
Prevalence and factors related with venous thromboembolism in patients admitted to the critical care units: A systematic review and meta-analysis.,"Khubdast, Jalilian, Rezaeian, Abdi, Khatony",2023,HSHa17702ec
"[Scientometric analysis of the main thematic fields and keywords in the subject area «Public health, environmental and occupational health»].","Aksenova, Tarkhov",2023,HSHa17702ec
Proton Pump Inhibitors and Likelihood of Colorectal Cancer in the Korean Population: Insights from a Nested Case-Control Study Using National Health Insurance Data.,"Kwon, Han, Kim, Kim, Kim, Kim, Choi, Kang",2023,PMC10705191
Gout and Colorectal Cancer Likelihood: Insights from a Nested Case-Control Study of the Korean Population Utilizing the Korean National Health Insurance Service-National Sample Cohort.,"Kwon, Han, Kim, Kim, Kim, Kim, Choi, Kang",2023,PMC10705350
Real-World Systemic Treatment Patterns after Atezolizumab and Bevacizumab in Patients with Hepatocellular Carcinoma in the United States.,"Singal, Özgürdal, Fan, Vassilev, Pan, Multani, Chen, Zhou, He, Pisa",2023,PMC10705135
Implementing early rehabilitation and mobilisation for children in UK paediatric intensive care units: the PERMIT feasibility study.,"Scholefield, Menzies, McAnuff, Thompson, Manning, Feltbower, Geary, Lockley, Morris, Moore, Pathan, Kirkham, Forsyth, Rapley",2023,PMC11017141
Human resource management research in healthcare: a big data bibliometric study.,"Qin, Huang, Hu, Chen, Li, Wang, Wang",2023,PMC10696747
"Exploring the top-cited literature in telerehabilitation for joint replacement using the descriptive, diagnostic, predictive, and prescriptive analytics model: A thematic and bibliometric analysis.","Chuang, Ho, Chou, Tsai",2023,PMC10695623
Measuring the impact of monoclonal antibody therapies.,"Lim, Ng, Balachandran, Russell, Boalch, Sinclair, Coker, Vinnakota, Mansoor, Douiri, Marks, Sacks",2023,PMC10690588
Risk of chronic kidney disease in patients with acute kidney injury following a major surgery: a US claims database analysis.,"Ohlmeier, Schuchhardt, Bauer, Brinker, Kong, Scott, Vaitsiakhovich",2023,PMC10689184
Prevalence and determinants of health literacy among the adult population of Qatar.,"Ahmed, Kehyayan, Abdou, Bougmiza",2023,PMC10690364
Coronary Stent Infection: A Systematic Review of Literature.,"Ayyubi, Rehman, Fatima, Ahmed, Rehman, Zameer, Malik",NA,HSHa17702ec
Diagnostics and treatments of COVID-19: two-year update to a living systematic review of economic evaluations.,"Elvidge, Hopkin, Narayanan, Nicholls, Dawoud",2023,PMC10687367
Understanding the needs and perceptions of early mobilization for critically ill patients: A systematic review of qualitative studies.,"Zhang, Sheng, Yu, Cheng",2024,HSHa17702ec
Software development process of Neotree - a data capture and decision support system to improve newborn healthcare in low-resource settings.,"Khan, Crehan, Hull-Bailey, Normand, Larsson, Nkhoma, Chiyaka, Fitzgerald, Kesler, Gannon, Kostkova, Wilson, Giaccone, Krige, Baradza, Silksmith, Neal, Chimhuya, Chiume, Sassoon, Heys",2022,PMC10682609
Prevalence of Hemiplegic Shoulder Pain in Iran: A Systematic Review and Meta-analysis.,"Rahmatian, Bastani, Shokri, Karbasfrushan",2023,PMC10664159
"Trends in cardiac rehabilitation rates among patients admitted for acute heart failure in Japan, 2009-2020.","Kim, Jiang, Shen, Setoguchi",2023,PMC10684100
Palliative care research utilising intersectionality: a scoping review.,"Butler, Gott, Prebble, Fortune, Robinson",2023,PMC10683236
A tailored approach to horizon scanning for cancer medicines.,"Soon, To, Alexander, Trapani, Ascierto, Athan, Brown, Burge, Haydon, Hughes, Itchins, John, Kao, Koopman, Li, Long, Loree, Markman, Meniawy, Menzies, Nott, Pavlakis, Petrella, Popat, Tie, Xu, Yip, Zalcberg, Solomon, Gibbs, McArthur, Franchini, IJzerman",2023,PMC11272392
Comparing super-utilizers and lower-utilizers among commercial- and Medicare-insured adults with sickle cell disease.,"MacEwan, Chiang, O'Brien, Creary, Lin, Hyer, Cronin",2024,PMC10805643
Skills and competencies in health data analytics for health professionals: a scoping review protocol.,"Nkwanyana, Mathews, Zachary, Bhayani",2023,PMC10668260
Comparing Active Surveillance and Watchful Waiting With Radical Treatment Using Machine Learning Models Among Patients With Prostate Cancer.,"Hu, Chang, Snyder, Deshmukh, Newman, Date, Galvao, Porucznik, Gren, Sanchez, Lloyd, Haaland, O'Neil, Hashibe",2023,PMC10681553
Blood Demand Forecasting and Supply Management: An Analytical Assessment of Key Studies Utilizing Novel Computational Techniques.,"Li, Pham, Cheng, McElfresh, Metcalf, Russell, Birch, Yurkovich, Montemayor-Garcia, Lane, Tobian, Roubinian, Seheult, Goel",2023,HSHa17702ec
Fixing the Leaky Pipe: How to Improve the Uptake of Patient-Reported Outcomes-Based Prognostic and Predictive Models in Cancer Clinical Practice.,"Spencer, Absolom, Allsop, Relton, Pearce, Liao, Naseer, Salako, Howdon, Hewison, Velikova, Faivre-Finn, Bekker, van der Veer",2023,PMC10681558
Cost Analysis of Remote Cardiac Rehabilitation Compared With Facility-Based Cardiac Rehabilitation for Coronary Artery Disease.,"Oehler, Holmstrand, Zhou, Harzand, Vathsangam, Kendall, Gabriel, Murali",2024,HSHa17702ec
Enhancing Medical Diagnosis with AI: A Focus on Respiratory Disease Detection.,"Sharma, Pandey, Shah",2023,PMC10637616
"OpenNAU: An open-source platform for normalizing, analyzing, and visualizing cancer untargeted metabolomics data.","Sun, Xu, Wang, Wang, Zhang, Lai",2023,PMC10643343
Autism intervention meta-analysis of early childhood studies (Project AIM): updated systematic review and secondary analysis.,"Sandbank, Bottema-Beutel, Crowley LaPoint, Feldman, Barrett, Caldwell, Dunham, Crank, Albarran, Woynaroski",2023,PMC10644209
Patterns of Morbidity Across the Lifespan: A Population Segmentation Framework for Classifying Health Care Needs for All Ages.,"Lemke, Forrest, Leff, Boyd, Gudzune, Pollack, Pandya, Weiner",2024,PMC11462874
Incidence of Acute Upper Gastrointestinal Bleeding and Related Risk Factors among Elderly Patients Undergoing Surgery for Major Limb Fractures: An Analytical Cohort Study.,"Chen, Wu, Lee, Chen, Yu, Wang, Yeh",2023,PMC10648746
The Relationship Between Cardiac Troponin in People Hospitalised for Exacerbation of COPD and Major Adverse Cardiac Events (MACE) and COPD Readmissions.,"Kallis, Kaura, Samuel, Mulla, Glampson, O'Gallagher, Davies, Papadimitriou, Woods, Shah, Williams, Asselbergs, Mayer, Lee, Herbert, Grant, Curzen, Squire, Johnson, Shah, Perera, Kharbanda, Patel, Channon, Mayet, Quint",2023,PMC10637362
Data Missingness Reporting and Use of Methods to Address It in Critical Care Cohort Studies.,"Wu, Smith, Vernooij, Patel, Devlin",2023,PMC10637400
Healthcare Resource Utilization and Costs Among Commercially Insured Patients With Advanced or Recurrent Endometrial Cancer Initiating First-Line Therapy in the United States.,"Kobayashi, Garside, Nguyen",2023,PMC10637624
The Human Phenotype Ontology in 2024: phenotypes around the world.,"Gargano, Matentzoglu, Coleman, Addo-Lartey, Anagnostopoulos, Anderton, Avillach, Bagley, Bakštein, Balhoff, Baynam, Bello, Berk, Bertram, Bishop, Blau, Bodenstein, Botas, Boztug, Čady, Callahan, Cameron, Carbon, Castellanos, Caufield, Chan, Chute, Cruz-Rojo, Dahan-Oliel, Davids, de Dieuleveult, de Souza, de Vries, de Vries, DePaulo, Derfalvi, Dhombres, Diaz-Byrd, Dingemans, Donadille, Duyzend, Elfeky, Essaid, Fabrizzi, Fico, Firth, Freudenberg-Hua, Fullerton, Gabriel, Gilmour, Giordano, Goes, Moses, Green, Griese, Groza, Gu, Guthrie, Gyori, Hamosh, Hanauer, Hanušová, He, Hegde, Helbig, Holasová, Hoyt, Huang, Hurwitz, Jacobsen, Jiang, Joseph, Keramatian, King, Knoflach, Koolen, Kraus, Kroll, Kusters, Ladewig, Lagorce, Lai, Lapunzina, Laraway, Lewis-Smith, Li, Lucano, Majd, Marazita, Martinez-Glez, McHenry, McInnis, McMurry, Mihulová, Millett, Mitchell, Moslerová, Narutomi, Nematollahi, Nevado, Nierenberg, Čajbiková, Nurnberger, Ogishima, Olson, Ortiz, Pachajoa, Perez de Nanclares, Peters, Putman, Rapp, Rath, Reese, Rekerle, Roberts, Roy, Sanders, Schuetz, Schulte, Schulze, Schwarz, Scott, Seelow, Seitz, Shen, Similuk, Simon, Singh, Smedley, Smith, Smolinsky, Sperry, Stafford, Stefancsik, Steinhaus, Strawbridge, Sundaramurthi, Talapova, Tenorio Castano, Tesner, Thomas, Thurm, Turnovec, van Gijn, Vasilevsky, Vlčková, Walden, Wang, Wapner, Ware, Wiafe, Wiafe, Wiggins, Williams, Wu, Wyrwoll, Xiong, Yalin, Yamamoto, Yatham, Yocum, Young, Yüksel, Zandi, Zankl, Zarante, Zvolský, Toro, Carmody, Harris, Munoz-Torres, Danis, Mungall, Köhler, Haendel, Robinson",2024,PMC10767975
"Ethnopharmacologically important highly subsidized Indian medicinal plants: Systematic review on their traditional uses, phytochemistry, pharmacology, quality control, conservation status and future prospective.","Anmol, Aggarwal, Sharma, Singh, Shivani, Sharma",2024,HSHa17702ec
A review on factors related to patient comfort experience in hospitals.,Tian,2023,PMC10634154
Childhood vaccine refusal and what to do about it: a systematic review of the ethical literature.,"Wiley, Christou-Ergos, Degeling, McDougall, Robinson, Attwell, Helps, Drislane, Carter",2023,PMC10633934
Clinical Decision Support to Reduce Opioid Prescriptions for Dental Extractions using SMART on FHIR: Implementation Report.,"Rindal, Pasumarthi, Thirumalai, Truitt, Asche, Worley, Kane, Gryczynski, Mitchell",2023,PMC10664010
Identification and classification of principal features for analyzing unwarranted clinical variation.,"McOwiti, Tao, Tao",2024,PMC11460437
Avoidant/restrictive food intake disorder (ARFID) in New Zealand and Australia: a scoping review.,"Kennedy, Hitchman, Pettie, Bulik, Jordan",2023,PMC10629104
Leading patient-centric crisis preparedness in healthcare: Lessons from Ukraine.,Landre,2024,HSHa17702ec
Scoping review of African health histories: a protocol.,"Karamagi, Oduwole, Sy, Adamu, Seydi, Wiysonge",2023,PMC10626816
Correlation Between Early Trends of a Prognostic Biomarker and Overall Survival in Non-Small-Cell Lung Cancer Clinical Trials.,"Loureiro, Kolben, Kiermaier, Rüttinger, Ahmidi, Becker, Bauer-Mehren",2023,PMC10730042
Anatomical categorization of isolated non-focal dystonia: novel and existing patterns using a data-driven approach.,"Younce, Cascella, Berman, Jinnah, Bellows, Feuerstein, Wagle Shukla, Mahajan, Chang, Duque, Reich, Richardson, Deik, Stover, Luna, Norris",2023,PMC10621194
From electronic health records to clinical management systems: how the digital transformation can support healthcare services.,"Barbieri, Neri, Stuard, Mari, Martín-Guerrero",2023,PMC10616428
Final height in children and adolescents with type 1 diabetes mellitus: A systematic review and meta-analysis.,"Hovsepian, Chegini, Alinia, Ghaheh, Nouri, Hashemipour",2024,PMC1719447
Smart city healthcare delivery innovations: a systematic review of essential technologies and indicators for developing nations.,"Mohammadzadeh, Saeidnia, Lotfata, Hassanzadeh, Ghiasi",2023,PMC10614321
Evaluating the health and health economic impact of the COVID-19 pandemic on delayed cancer care in Belgium: A Markov model study protocol.,"Khan, Verhaeghe, De Pauw, Devleesschauwer, Gadeyne, Gorasso, Lievens, Speybroek, Vandamme, Vandemaele, Van den Borre, Vandepitte, Vanthomme, Verdoodt, De Smedt",2023,PMC10615261
"Gender influences on caring, dignity and well-being in older person care: A systematic literature review and thematic synthesis.","Xiarchi, Nässén, Palmér, Cowdell, Lindberg",2024,HSHa17702ec
A data-driven approach to categorize patients with traumatic spinal cord injury: cluster analysis of a multicentre database.,"Basiratzadeh, Hakimjavadi, Baddour, Michalowski, Viktor, Wai, Stratton, Kingwell, Mac-Thiong, Tsai, Wang, Phan",2023,PMC10602788
A Systematic Review of tACS Effects on Cognitive Functioning in Older Adults Across the Healthy to Dementia Spectrum.,"Kraft, Hampstead",2024,PMC11045666
Peer support interventions in maternal and child healthcare delivery in sub-Saharan Africa: protocol for a realist review.,"Dugle, Antwi, Quentin",2023,PMC10598906
LIFANA - toward developing a meal recommender system as a dietary support app for the elderly.,"Bohn, Ferrini, Stahl",2024,HSHa17702ec
Clinical Informatics needs to be a competency for Intensive care training.,"Tan, Evans, Hensman, Durie, Secombe, Pilcher",2023,PMC10581266
On the momentum toward vaccine self-sufficiency in the BRICS: an integrative review of the role of pharmaceutical entrepreneurship and innovation.,"Zhang, Li, Xu, Antwi",2023,PMC10591189
Analytical reference framework to analyze non-COVID-19 events.,"Del Pilar Villamil, Velasco, Barrera, Segura-Tinoco, Bernal, Hernández",2023,PMC10590025
Patient satisfaction with advanced physiotherapy practice internationally: Protocol for a systematic mixed studies review.,"Davis, Noblet, Mistry, Kowalski, Rushton",2023,PMC10588830
Survival After Surgical Aortic Valve Replacement in Low-Risk Patients: A Contemporary Trial Benchmark.,"Thourani, Habib, Szeto, Sabik, Romano, MacGillivray, Badhwar",2024,HSHa17702ec
Optimizing cognitive and behavioral approaches for perinatal depression: A systematic review and meta-regression analysis.,"Waqas, Zafar, Akhtar, Naveed, Rahman",2023,PMC10579678
Estimated Average Treatment Effect of Psychiatric Hospitalization in Patients With Suicidal Behaviors: A Precision Treatment Analysis.,"Ross, Bossarte, Dobscha, Gildea, Hwang, Kennedy, Liu, Luedtke, Marx, Nock, Petukhova, Sampson, Zainal, Sverdrup, Wager, Kessler",2024,PMC10585585
Emotion dysregulation in bipolar disorder compared to other mental illnesses: a systematic review and meta-analysis.,"De Prisco, Oliva, Fico, Radua, Grande, Roberto, Anmella, Hidalgo-Mazzei, Fornaro, de Bartolomeis, Serretti, Vieta, Murru",2023,PMC10951413
Chronic pain is a risk factor for incident Alzheimer's disease: a nationwide propensity-matched cohort using administrative data.,"Bornier, Mulliez, Chenaf, Elyn, Teixeira, Authier, Bertin, Kerckhove",2023,PMC10575742
Victims of human trafficking and exploitation in the healthcare system: a retrospective study using a large multi-state dataset and ICD-10 codes.,"Gutfraind, Yagci Sokat, Muscioni, Alahmadi, Hudlow, Hershow, Norgeot",2023,PMC10568010
Comparative Safety and Effectiveness of Warfarin or Rivaroxaban Versus Apixaban in Patients With Advanced CKD and Atrial Fibrillation: Nationwide US Cohort Study.,"Fu, Desai, Paik, Kim, Zhang, Mastrorilli, Cervone, Lin",2024,PMC12032583
A scoping review of 'Pacing' for management of Myalgic Encephalomyelitis/Chronic Fatigue Syndrome (ME/CFS): lessons learned for the long COVID pandemic.,"Sanal-Hayes, Mclaughlin, Hayes, Mair, Ormerod, Carless, Hilliard, Meach, Ingram, Sculthorpe",2023,PMC10576275
Contemporary evidence of workplace violence against the primary healthcare workforce worldwide: a systematic review.,"Yusoff, Ahmad, Ismail, Reffin, Chan, Kusnin, Bahari, Baharudin, Aris, Shen, Rahman",2023,PMC10576303
Uncovering the distinct macro-scale anatomy of dysexecutive and behavioural degenerative diseases.,"Corriveau-Lecavalier, Barnard, Botha, Graff-Radford, Ramanan, Lee, Dicks, Rademakers, Boeve, Machulda, Fields, Dickson, Graff-Radford, Knopman, Lowe, Petersen, Jack, Jones",2024,PMC10994526
Multinational patterns of second line antihyperglycaemic drug initiation across cardiovascular risk groups: federated pharmacoepidemiological evaluation in LEGEND-T2DM.,"Khera, Dhingra, Aminorroaya, Li, Zhou, Arshad, Blacketer, Bowring, Bu, Cook, Dorr, Duarte-Salles, DuVall, Falconer, French, Hanchrow, Horban, Lau, Li, Liu, Lu, Man, Matheny, Mathioudakis, McLemore, Minty, Morales, Nagy, Nishimura, Ostropolets, Pistillo, Posada, Pratt, Reyes, Ross, Seager, Shah, Simon, Wan, Yang, Yin, You, Schuemie, Ryan, Hripcsak, Krumholz, Suchard",2023,PMC10565313
Prediction models for in-hospital deaths of patients with COVID-19 using electronic healthcare data.,"Hiraga, Takeuchi, Kimura, Yoshida, Kawakami",2023,HSHa17702ec
Risk of RSV-related hospitalization is associated with gestational age in preterm (born at 29-34 wGA) infants without outpatient palivizumab administration.,"Packnett, Winer, Oladapo, Wojdyla",2023,PMC10578184
Managing recurrent vulvovaginal thrush from patient and healthcare professional perspectives: A systematic review and thematic synthesis.,"Ford, Talbot, Hayward, Tonkin-Crine, Ziebland, McNiven",2024,HSHa17702ec
Health-care leaders' and professionals' experiences and perceptions of compassionate leadership: A mixed-methods systematic review.,"Östergård, Kuha, Kanste",2023,PMC10868663
Digital Health Technology for Real-World Clinical Outcome Measurement Using Patient-Generated Data: Systematic Scoping Review.,"Pyper, McKeown, Hartmann-Boyce, Powell",2023,PMC10600647
Content and quality of YouTube regarding women's health: a scoping review.,"Kim, Kim",2023,PMC10565532
Predicting line of therapy transition via similar patient augmentation.,"Cui, Wei, Zhou, Zhao, Wang, Ma",2023,HSHa17702ec
Supporting Pharmacovigilance Signal Validation and Prioritization with Analyses of Routinely Collected Health Data: Lessons Learned from an EHDEN Network Study.,"Gauffin, Brand, Vidlin, Sartori, Asikainen, Català, Chalabi, Dedman, Danilovic, Duarte-Salles, García Morales, Hiltunen, Jödicke, Lazarevic, Mayer, Miladinovic, Mitchell, Pistillo, Ramírez-Anguita, Reyes, Rudolph, Sandberg, Savage, Schuemie, Spasic, Trinh, Veljkovic, Vujovic, de Wilde, Zekarias, Rijnbeek, Ryan, Prieto-Alhambra, Norén",2023,PMC10684396
Sample Matrices for Mass Spectrometry-Based Adherence Monitoring: A Systematic Critical Review.,"Jacobs, Wagmann, Meyer",2024,HSHa17702ec
The effect of psychological contract on turnover intention among nurses: a meta-analytic review.,"Lu, Yang, Bai, Cai, Wang, He, Gong, Hou, Gao",2023,PMC10557294
Race and Intention to Breastfeed are the Strongest Predictors of Exclusive Breastfeeding: a Retrospective Study.,"Sartor, Pyram-Vincent, Lin, Ouyang, Wax, Beilin",2024,PMC6806428
Modeling homophily in dynamic networks with application to HIV molecular surveillance.,"DeGruttola, Nakazawa, Lin, Liu, Goyal, Little, Tu, Mehta",2023,PMC10548762
Scalable Infrastructure Supporting Reproducible Nationwide Healthcare Data Analysis toward FAIR Stewardship.,"Kim, Kim, Kim, Lee, Yu, Yun, Baek, Park, You",2023,PMC10550904
"Second victim syndrome in intensive care unit healthcare workers: A systematic review and meta-analysis on types, prevalence, risk factors, and recovery time.","Naya, Aikawa, Ouchi, Ikeda, Fukushima, Yamada, Kamogawa, Yoshihara, Sakuramoto",2023,PMC10547210
Machine learning for administrative health records: A systematic review of techniques and applications.,"Caruana, Bandara, Musial, Catchpoole, Kennedy",2023,HSHa17702ec
Real-world persistence and costs among patients with chronic migraine treated with onabotulinumtoxinA or calcitonin gene-related peptide monoclonal antibodies.,"Schwedt, Lee, Knievel, McVige, Wang, Wu, Gillard, Shah, Blumenfeld",2023,PMC10541629
Antidepressant and antipsychotic side-effects and personalised prescribing: a systematic review and digital tool development.,"Pillinger, Howes, Correll, Leucht, Huhn, Schneider-Thoma, Gaughran, Jauhar, McGuire, Taylor, Young, McCutcheon",2023,PMC10878984
"Cannabis use disorder and adverse cardiovascular outcomes: A population-based retrospective cohort analysis of adults from Alberta, Canada.","Bahji, Hathaway, Adams, Crockford, Edelman, Stein, Patten",2024,PMC12282584
Analytical methods for identifying sequences of utilization in health data: a scoping review.,"Flothow, Novelli, Sundmacher",2023,PMC10523647
The use of natural language processing in detecting and predicting falls within the healthcare setting: a systematic review.,"Trinh, Zhang, Kovoor, Gupta, Chan, Gilbert, Bacchi",2023,PMC10585351
French community grid for the evaluation of radiological artificial intelligence solutions (DRIM France Artificial Intelligence Initiative).,"Guenoun, Zins, Champsaur, Thomassin-Naggara",2024,HSHa17702ec
Racial Disparities in Surgical Versus Nonsurgical Management of Distal Radius Fractures in a Medicare Population.,"Joo, Halperin, Dhodapkar, Adeclat, Elaydi, Wilhelm, Grauer",2025,PMC11833841
Chronic Medication Burden After Cardiac Surgery for Pediatric Medicaid Beneficiaries.,"Woo, Nash, Dragan, Crook, Neidell, Cook, Hannan, Jacobs, Goldstone, Petit, Vincent, Walsh-Spoonhower, Mosca, Kumar, Devejian, Kamenir, Alfieris, Swartz, Meyer, Paul, Newburger, Billings, Davis, Anderson",2023,HSHa17702ec
Real-World Pitfalls of Analyzing Real-World Data: A Cautionary Note and Path Forward.,"Cooper, Shou, Sunderland, Pham, Thornton, DeStefano",2023,PMC10569773
Ranitidine Use and Incident Cancer in a Multinational Cohort.,"You, Seo, Falconer, Yanover, Duarte-Salles, Seager, Posada, Shah, Nguyen, Kim, Hsu, Van Zandt, Hsu, Lee, Ko, Shin, Pratt, Park, Reich, Suchard, Hripcsak, Park, Prieto-Alhambra",2023,PMC10509724
"Using normalisation process theory for intervention development, implementation and refinement in musculoskeletal and orthopaedic interventions: a qualitative systematic review.","Carter, Beard, Harvey, Leighton, Moffatt, Smith, Webster, Logan",2023,PMC10506319
"Real-world costs of obesity-related complications over eight years: a US retrospective cohort study in 28,500 individuals.","Pearson-Stuttard, Banerji, Capucci, de Laguiche, Faurby, Haase, Sommer Matthiessen, Near, Tse, Zhao, Evans",2023,PMC10663144
Using a Modified Delphi Panel to Estimate Health Service Utilization for Patients with Advanced and Non-Advanced Systemic Light Chain Amyloidosis.,"Gertz, Abonour, Gibbs, Finkel, Landau, Lentzsch, Lin, Mahindra, Quock, Rosenbaum, Rosenzweig, Sidana, Tuchman, Witteles, Yermilov, Broder",2023,PMC10503521
Characterising patterns in routinely reported longitudinal HIV data in South Africa using a Bayesian multiplicative interaction model.,"Nonyane, Steiner, Shearer, Genade, Martinson, Hoffmann, Golub, Lebina",2023,PMC11816978
Proceedings of the Association for Pathology Informatics Bootcamp 2022.,"Obstfeld, Brodsky, Carter, Gershkovich, Haymond, Levy, Sinard, Sellers, Stoffel, Jackups",2023,PMC10495674
The global burden of suicidal behavior among people experiencing food insecurity: A systematic review and meta-analysis.,"Kaggwa, Akatussasira, Al-Mamun, Prat, Mamun, Combey, Bongomin, Harms, Chaimowitz, Griffiths, Olagunju",2023,HSHa17702ec
Health-Care Resource Utilization and Treatment Patterns in Men with Erectile Dysfunction and Benign Prostatic Hyperplasia-Associated Lower Urinary Tract Symptoms in the United States: A Retrospective Database Study.,"Goldstein, Hassan, Zou, Divino, DeKoven, Imperato, Anupindi, Li",2023,PMC10493135
"The Impact of Daytime Napping Following Normal Night-Time Sleep on Physical Performance: A Systematic Review, Meta-analysis and Meta-regression.","Boukhris, Trabelsi, Suppiah, Ammar, Clark, Jahrami, Chtourou, Driller",2024,PMC10933197
Facilitators of and barriers to patient and public involvement in building learning health systems in community health services settings: a scoping review protocol.,"Hung, Wong, Chan, Vasarhelyi",2023,PMC10503319
National ICU Registries as Enablers of Clinical Research and Quality Improvement.,"Salluh, Quintairos, Dongelmans, Aryal, Bagshaw, Beane, Burghi, López, Finazzi, Guidet, Hashimoto, Ichihara, Litton, Lone, Pari, Sendagire, Vijayaraghavan, Haniffa, Pisani, Pilcher",2024,HSHa17702ec
Economic evaluations of artificial intelligence-based healthcare interventions: a systematic literature review of best practices in their conduct and reporting.,"Vithlani, Hawksworth, Elvidge, Ayiku, Dawoud",2023,PMC10486896
Use of Open Claims vs Closed Claims in Health Outcomes Research.,"Baser, Samayoa, Yapar, Baser, Mete",2023,PMC10484335
The lived experience of facioscapulohumeral muscular dystrophy: A systematic review and synthesis of the qualitative literature.,"Murray, Donnelly, Drescher, Graham",2024,HSHa17702ec
Association between weight loss and health care resource utilization in adults living with obesity: Evidence from a UK primary care database.,"Bojke, Capucci, Haase, Hartvig, Sommer Matthiessen, Morgen, Rendon, Pearson-Stuttard",2023,HSHa17702ec
Descriptive Analysis and Factors Influencing Survival in Patients With Primary Cutaneous Gamma-Delta T Cell Lymphoma. A Retrospective National Cancer Database Study.,"Ashok Kumar, Sivapiragasam, Wang, Huang, Gentile",2023,HSHa17702ec
"HERTHENA-Lung01, a Phase II Trial of Patritumab Deruxtecan (HER3-DXd) in Epidermal Growth Factor Receptor-Mutated Non-Small-Cell Lung Cancer After Epidermal Growth Factor Receptor Tyrosine Kinase Inhibitor Therapy and Platinum-Based Chemotherapy.","Yu, Goto, Hayashi, Felip, Chih-Hsin Yang, Reck, Yoh, Lee, Paz-Ares, Besse, Bironzo, Kim, Johnson, Wu, John, Kao, Kozuki, Massarelli, Patel, Smit, Reckamp, Dong, Shrestha, Fan, Patel, Sporchia, Sternberg, Sellami, Jänne",2023,PMC10713116
Optimizing the Management Algorithm for Heartburn in General Gastroenterology: Cost-Effectiveness and Cost-Minimization Analysis.,"Shah, Chan, Jodorkovsky, Lee Lynch, Patel, Patel, Yadlapati",2024,PMC10918040
"An elevated likelihood of stroke, ischemic heart disease, or heart failure in individuals with gout: a longitudinal follow-up study utilizing the National Health Information database in Korea.","Kang, Lee, Yoo, Han, Hong, Choi, Lim, Kim, Kim, Cho, Nam, Park, Kim, Baek, Lee, Kwon",2023,PMC10482324
Association of caesarean delivery with offspring health outcomes in full-cohort versus sibling-comparison studies: a comparative meta-analysis and simulation study.,"Yu, Wang, Guo, Lin, Zhou, Li, Liu",2023,PMC10486071
Perspectives on Healthy Eating of Adult Populations in High-Income Countries: A Qualitative Evidence Synthesis.,"Klink, Härtling, Schüz",2024,PMC11588813
Attitudes of healthcare workers toward the COVID-19 vaccine and related factors: A systematic review.,"Tunç, Çevirme",2024,HSHa17702ec
Predicting survival post-cardiac arrest: An observational cohort study.,"Drennan, Thorpe, Scales, Cheskes, Mamdani, Morrison",2023,PMC10470201
"Healthcare expenditure trends among adult stroke patients in the United States, 2011-2020.","Ramamoorthy, Chan, Roy, Saxena, Ahmed, Zhang, Appunni, Thomas, McGranaghan, McDermott, La Rosa, Rubens",2023,HSHa17702ec
A systematic review of qualitative evidence: Perspectives of fathers whose partner experienced postpartum psychosis.,"Lyons, Hennesey, Noonan",2024,HSHa17702ec
Flexible and Innovative Connectivity Solution to Support National Decentralized Infectious Diseases Point-of-Care Testing Programs in Primary Health Services: Descriptive Evaluation Study.,"Saha, Andrewartha, Badman, Tangey, Smith, Sandler, Ramsay, Braund, Manoj-Margison, Matthews, Shephard, Guy, Causer",2023,PMC10504621
Diagnostic and prognostic performance of the SAFE score in non-alcoholic fatty liver disease.,"Li, Lin, Sripongpun, Liang, Zhang, Wong, Wong, Kim, Yip",2024,HSHa17702ec
"Patient-centered empirical research on ethically relevant psychosocial and cultural aspects of cochlear, glaucoma and cardiovascular implants - a scoping review.","Schulz, Harzheim, Hübner, Lorke, Jünger, Woopen",2023,PMC10464431
Mass spectrometry-based proteomics as an emerging tool in clinical laboratories.,Birhanu,2023,PMC10464495
Stroke Survivor's Satisfaction and Experience with Rehabilitation Services: A Qualitative Systematic Review.,"Abu Saydah, Turabi, Sackley, Moffatt",2023,PMC10456075
Inclusion of non-medical interventions in model-based economic evaluations for tuberculosis: A scoping review.,"Ramsay, Marina Richardson, Miranda, Hassan, Brode, Rea, Sander",2023,PMC10456154
Development and Validation of the DOAC Score: A Novel Bleeding Risk Prediction Tool for Patients With Atrial Fibrillation on Direct-Acting Oral Anticoagulants.,"Aggarwal, Ruff, Virdone, Perreault, Kakkar, Palazzolo, Dorais, Kayani, Singer, Secemsky, Piccini, Tahir, Shen, Yeh",2023,PMC10529708
Health seeking behaviours and private sector delivery of care for non-communicable diseases in low- and middle-income countries: protocol for a systematic review.,"Brindley, Wijemunige, Dieteren, Bom, Engel, Meessen, Bonfrer",2023,PMC10450129
Prevalence rate of ADHD in France: Review of the literature and results from ChiP-ARD study.,Caci,2023,HSHa17702ec
Herbal concoction Unveiled: A computational analysis of phytochemicals' pharmacokinetic and toxicological profiles using novel approach methodologies (NAMs).,"Rai, Singh, Paudel, Kanase, Falletta, Kerkar, Heyda, Barghash, Pratap Singh, Soos",2023,PMC10440360
A Systematic Literature Review to Identify Patient Registries in Portugal.,"Pedrosa, Pereira, Carrilho, Martins, Martins, Cruz",2023,PMC11327498
Perspectives of healthcare professionals and older patients on shared decision-making for treatment escalation planning in the acute hospital setting: a systematic review and qualitative thematic synthesis.,"Warner, Lound, Grailey, Vindrola-Padros, Wells, Brett",2023,PMC10425683
Video Recording Patients for Direct Care Purposes: Systematic Review and Narrative Synthesis of International Empirical Studies and UK Professional Guidance.,"Lear, Ellis, Ollivierre-Harris, Long, Mayer",2023,PMC10468707
Prevalence of gram-negative bacteria and their antibiotic resistance in neonatal sepsis in Iran: a systematic review and meta-analysis.,"Moftian, Rezaei-Hachesu, Arab-Zozani, Samad-Soltani, Esfandiari, Tabib, Mirnia",2023,PMC10426195
Conflict of interest and funding in health communication on social media: a systematic review.,"Helou, Mouzahem, Makarem, Noureldine, El-Khoury, Al Oweini, Halak, Hneiny, Khabsa, Akl",2023,PMC10432670
"Views of children with diabetes from underserved communities, and their families on diabetes, glycaemic control and healthcare provision: A qualitative evidence synthesis.","Moore, Dawson, Wheeler, Hamilton-Shield, Barrett, Redwood, Litchfield, Greenfield, Searle",2023,HSHa17702ec
Physical Restraint Use in Nursing Homes-Regional Variances and Ethical Considerations: A Scoping Review of Empirical Studies.,"Hakverdioğlu Yönt, Kisa, Princeton",2023,PMC10419255
Practices and Perceptions of Community Pharmacists in the Management of Atopic Dermatitis: A Systematic Review and Thematic Synthesis.,"Cayci, Rathbone, Lindsey",2023,PMC10418591
American Football Play and Parkinson Disease Among Men.,"Bruce, Tripodis, McClean, Korell, Tanner, Contreras, Gottesman, Kirsch, Karim, Martin, Palmisano, Abdolmohammadi, Shih, Stein, Stern, Adler, Mez, Nowinski, McKee, Alosco",2023,PMC10422187
National digital strategies and innovative eHealth policies concerning older adults' dignity: a document analysis in three Scandinavian countries.,"Raja, Kymre, Bjerkan, Galvin, Uhrenfeldt",2023,PMC10416358
Evaluating the Effectiveness of Mobile Health in Breast Cancer Care: A Systematic Review.,"Flaucher, Zakreuskaya, Nissen, Mocker, Fasching, Beckmann, Eskofier, Leutheuser",2023,PMC10546835
Methods Used in the Development of Common Data Models for Health Data: Scoping Review.,"Ahmadi, Zoch, Kelbert, Noll, Schaaf, Wolfien, Sedlmayr",2023,PMC10436118
"Trend of Women's Health Research in Korea, 2012-2020: Topic and Text Network Analysis.","Park, Kim, Kim, Kim, Choe, Min",2023,PMC10396432
Ten years of implementation outcomes research: a scoping review.,"Proctor, Bunger, Lengnick-Hall, Gerke, Martin, Phillips, Swanson",2023,PMC10367273
Mapping Factors That Affect the Uptake of Digital Therapeutics Within Health Systems: Scoping Review.,"van Kessel, Roman-Urrestarazu, Anderson, Kyriopoulos, Field, Monti, Reed, Pavlova, Wharton, Mossialos",2023,PMC10410406
"Community Health Worker Home Visiting, Birth Outcomes, Maternal Care, and Disparities Among Birthing Individuals With Medicaid Insurance.","Meghea, Raffo, Yu, Meng, Luo, Vander Meulen, Sanchez Lloyd, Roman",2023,PMC10366943
Application of artificial intelligence in medical technologies: A systematic review of main trends.,"Bitkina, Park, Kim",2023,PMC10359663
The impact of the COVID-19 pandemic in diabetes and dyslipidemia management in a Spanish region: a retrospective study of the Aragon population.,"Mateo-Gallego, Gracia-Rubio, Garza, Cebollada, Pérez-Calahorra, Bayona-Sánchez, Bujeda-Hernández, Jarauta, Sánchez-Calavera, Lamiquiz-Moneo",2023,PMC10359133
How and why pharmaceutical reforms contribute to universal health coverage through improving equitable access to medicines: a case of Ghana.,Koduah,2023,PMC10360122
Financial burden of men with localized prostate cancer: a process paper.,"Housten, Rice, Chang, L'Hotta, Kim, Drake, Wright-Jones, Politi",2023,PMC10354547
What matters to families about the healthcare of preterm or low birth weight infants: A qualitative evidence synthesis.,"Hurt, Odd, Mann, Beetham, Dorgeat, Isaac, Ashman, Wood",2023,HSHa17702ec
Evaluating Access to Laser Eye Surgery by Driving Times Using Medicare Data and Geographical Mapping.,"Shaffer, Rajesh, Stewart, Lee, Miller, Lee, Francis",2023,PMC10360006
Application of Artificial Intelligence in Medical Education: Current Scenario and Future Perspectives.,"Mir, Mir, Raina, Mir, Mir, Miskeen, Alharthi, Alamri",2023,PMC10352669
Sex-Specific Postoperative Outcomes of Primary Total Hip Replacements: The Performance of Total Hip Replacement Procedures Leads to Worse Outcomes in Men.,"Ng, Fong, Chen, Gordon, Magruder, Bains, Dubin, Hameed, Wong, Mont",2023,HSHa17702ec
Healthcare workers' perceptions and experiences of primary healthcare integration: a scoping review of qualitative evidence.,"Moloi, Daniels, Brooke-Sumner, Cooper, Odendaal, Thorne, Akama, Leon",2023,PMC10355136
AI4FoodDB: a database for personalized e-Health nutrition and lifestyle through wearable devices and artificial intelligence.,"Romero-Tapiador, Lacruz-Pleguezuelos, Tolosana, Freixer, Daza, Fernández-Díaz, Aguilar-Aguilar, Fernández-Cabezas, Cruz-Gil, Molina, Crespo, Laguna, Marcos-Zambrano, Vera-Rodriguez, Fierrez, Ramírez de Molina, Ortega-Garcia, Espinosa-Salinas, Morales, Carrillo de Santa Pau",2023,PMC10354505
Apoptosis pathways and osteoporosis: An approach to genomic analysis.,"Huang, Wu, Wu, Liu, Lee, Wu",2023,HSHa17702ec
Prevalence and impact of antipsychotic discontinuation among commercially-insured patients with bipolar disorder.,"Khandker, Chekani, Limone, Riehle",2023,HSHa17702ec
Assessing the impact of health information exchange on hospital data breach risk.,"Choi, Chen, Tan",2023,HSHa17702ec
"Rifaximin Use, Adherence and Persistence in Patients with Hepatic Encephalopathy: A Real-World Study in the South of Italy.","Pandico, Citarella, Cammarota, Bernardi, Claar, Coppola, Cozzolino, De Rosa, Di Gennaro, Fogliasecca, Giordana, Pacella, Russo, Salerno, Scafa, Trama",2023,PMC10342713
Video-based interventions to improve self-assessment accuracy among physicians: A systematic review.,"Pattni, Scaffidi, Li, Genis, Gimpaya, Khan, Bansal, Torabi, Walsh, Grover",2023,PMC10343035
Pediatric Lung Transplant Outcomes Based on Immunosuppressive Regimen at Discharge: Retrospective Cohort Study Using Real-World Evidence From the US Scientific Registry of Transplant Recipients.,"Erdman, Wolfram, Nimke, Croy, Wang, Weaver, Schladt, Fitzsimmons",2023,HSHa17702ec
The effect of concomitant hysterectomy on complications following pelvic organ prolapse surgery.,"Selle, Hokenstad, Habermann, Bews, Occhino",2024,PMC6821990
Self-Assessment of Research Skills and Barriers to Research Careers among Pulmonary and Critical Care Fellows.,"Scott, Goodwin, Nadig, Harvey, Kilb",2023,PMC10331774
Healthcare workers' perceptions and experiences of primary healthcare integration: a scoping review of qualitative evidence.,"Moloi, Daniels, Brooke-Sumner, Cooper, Odendaal, Thorne, Akama, Leon",2023,PMC10335778
Future health expenditure in the BRICS countries: a forecasting analysis for 2035.,"Sahoo, Rout, Jakovljevic",2023,PMC10334532
Economic and clinical burden of managing transfusion-dependent β-thalassemia in the United States.,"Udeze, Evans, Yang, Lillehaugen, Manjelievskaia, Mujumdar, Li, Andemariam",2023,HSHa17702ec
[The cost of social consequences of narcotic substances using in Russian and European studies: publications review].,"Tsarev, Scvortsova",2023,HSHa17702ec
"Meta-analytic evidence of elevated choline, reduced N-acetylaspartate, and normal creatine in schizophrenia and their moderation by measurement quality, echo time, and medication status.","Yang, Smucny, Zhang, Maddock",2023,PMC10509531
"Association between ""Balance Billing"" Legislation and Anesthesia Payments in California: A Retrospective Analysis.","Dixit, Heavner, Baker, Sun",2023,PMC10592421
Apremilast Adherence and Persistence in Patients with Psoriasis and Psoriatic Arthritis in the Telehealth Setting Versus the In-person Setting During the COVID-19 Pandemic.,"Das, Chang, Paydar, Broder, Orroth, Cordey",2023,PMC10442297
Cost-Effectiveness of Anti-retroviral Adherence Interventions for People Living with HIV: A Systematic Review of Decision Analytical Models.,"Ahmed, Dujaili, Chuah, Hashmi, Le, Khanal, Awaisu, Chaiyakunapruk",2023,PMC10403422
Does Varicocele Repair Improve Conventional Semen Parameters? A Meta-Analytic Study of Before-After Data.,"Cannarella, Shah, Hamoda, Boitrelle, Saleh, Gul, Rambhatla, Kavoussi, Toprak, Harraz, Ko, Çeker, Durairajanayagam, Alkahidi, Kuroda, Crafa, Henkel, Salvio, Hazir, Darbandi, Bendayan, Darbandi, Falcone, Garrido, Kosgi, Sawaid Kaiyal, Karna, Phuoc, Birowo, Colpi, de la Rosette, Pinggera, Nguyen, Zini, Zohdy, Singh, Saini, Glina, Lin, Mostafa, Rojas-Cruz, Arafa, Calogero, Dimitriadis, Kothari, Karthikeyan, Okada, Chiba, Kadıoglu, Altay, Turunc, Zilaitiene, Gokalp, Adamyan, Katz, Chung, Mierzwa, Zylbersztejn, Paul, Sofikitis, Sokolakis, Malhotra, Brodjonegoro, Adriansjah, Tsujimura, Amano, Balercia, Ziouziou, Deswanto, Martinez, Park, Bakırcıoglu, Ceyhan, Aydos, Ramsay, Minhas, Al Hashimi, Ghayda, Tadros, Sindhwani, Ho, Rachman, Rodriguez Pena, Motawi, Ponnusamy, Dipankar, Amir, Binsaleh, Serefoglu, Banthia, Khalafalla, Basukarno, Bac, Singla, Ambar, Makarounis, Priyadarshi, Duarsa, Atmoko, Jindal, Arianto, Akhavizadegan, El Bardisi, Shoshany, Busetto, Moussa, Jamali, Al-Marhoon, Ruzaev, Farsi, Mutambirwa, Lee, Kulaksiz, Cheng, Bouzouita, Sarikaya, Kandil, Tsampoukas, Farkouh, Bowa, Savira, Mogharabian, Le, Harjanggi, Anh, Long, Soebadi, Hakim, Tanic, Ari, Parikh, Calik, Kv, Dorji, Rezano, Rajmil, Tien, Yuan, Lizarraga-Salas, Eze, Ngoo, Lee, Arslan, Agarwal",2024,PMC10782123
"Definitions, acceptability, limitations, and guidance in the use and reporting of surrogate end points in trials: a scoping review.","Manyara, Davies, Stewart, Weir, Young, Wells, Blazeby, Butcher, Bujkiewicz, Chan, Collins, Dawoud, Offringa, Ouwens, Ross, Taylor, Ciani",2023,HSHa17702ec
Real-World Evidence of Aripiprazole Tablets with Sensor: Treatment Patterns and Impacts on Psychiatric Healthcare Resource Utilization.,"Hadzi Boskovic, Liang, Parab, Wiggins, Liberman",2023,PMC10292208
Transforming Healthcare Analytics with FHIR: A Framework for Standardizing and Analyzing Clinical Data.,"Ayaz, Pasha, Alahmadi, Abdullah, Alkahtani",2023,PMC10298100
Sexual Satisfaction among Lesbian and Heterosexual Cisgender Women: A Systematic Review and Meta-Analysis.,"Macedo, Capela, Peixoto",2023,PMC10298299
The Impact of the Organization of Public Health Systems on the Ability of Countries to Resist the COVID-19 Pandemic: The Experience of Developed Countries of the World and Ukraine.,"Kuzior, Vasylieva, Liuta, Deineka, Kashcha",2023,PMC10297962
Fog-Based Smart Cardiovascular Disease Prediction System Powered by Modified Gated Recurrent Unit.,"Nancy, Ravindran, Vincent, Srinivasan, Chang",2023,PMC10297507
Big health data for elderly employees job performance of SOEs: visionary and enticing challenges.,Zhang,2023,PMC10208913
An Ostensive Information Architecture to Enhance Semantic Interoperability for Healthcare Information Systems.,"Guo, Scriney, Liu",2023,PMC9974391
A Bayesian belief network-based analytics methodology for early-stage risk detection of novel diseases.,"Topuz, Davazdahemami, Delen",2023,PMC10189691
A Structured Analysis to study the Role of Machine Learning and Deep Learning in The Healthcare Sector with Big Data Analytics.,"Kumari, Kumar, Kumar",2023,PMC10064607
Parental communication satisfaction with the clinical team in the paediatric cardiac ICU.,"Walter, Feudtner, Cetin, DeWitt, Zhou, Montoya-Williams, Olsen, Griffis, Williams, Costarino",2024,PMC10749983
Identifying epilepsy surgery candidates with natural language processing: A systematic review.,"Tan, Tang, Ng, Ng, Kovoor, Gupta, Ovenden, Goh, Courtney, Neal, Whitham, Frasca, Abou-Hamden, Bacchi",2023,HSHa17702ec
Impact of surgical complications on hospital costs and revenues: retrospective database study of Medicare claims.,"Haidar, Vazquez, Medic",2023,PMC10508298
Association of Influenza Vaccination With Risk of Bell Palsy Among Older Adults in Taiwan.,"Hu, Wei, Wang, Chang, Huang",2023,PMC10288376
Policy analysis of system responses to addressing and reversing the obesity trend in China: a documentary research.,"Xue, Ruan, Ung, Lai, Hu",2023,PMC10283163
Standard-based personalized healthcare delivery for kidney illness using deep learning.,Sachdeva,2023,HSHa17702ec
A Bibliometric Analysis of the Top 100 Most Influential Studies on Robotic Arthroplasty.,"Boddu, Moore, Rodgers, Brinkman, Verhey, Bingham",2023,PMC10277458
Interventions to Improve Surveillance for Hepatocellular Carcinoma in High-Risk Patients: A Scoping Review.,"Beal, McNamara, Owen, McAlearney, Tsung",2024,PMC3378733
Intracranial Efficacy of Adagrasib in Patients From the KRYSTAL-1 Trial With KRASG12C-Mutated Non-Small-Cell Lung Cancer Who Have Untreated CNS Metastases.,"Negrao, Spira, Heist, Jänne, Pacheco, Weiss, Gadgeel, Velastegui, Yang, Der-Torossian, Christensen, Sabari",2023,PMC10553074
"The effect of the COVID-19 pandemic on hospital admissions and outpatient visits in Ontario, Canada.","Habbous, Lambrinos, Petersen, Hellsten",2023,PMC10263076
Effect of Brachytherapy With External Beam Radiation Therapy Versus Brachytherapy Alone for Intermediate-Risk Prostate Cancer: NRG Oncology RTOG 0232 Randomized Clinical Trial.,"Michalski, Winter, Prestidge, Sanda, Amin, Bice, Gay, Ibbott, Crook, Catton, Raben, Bosch, Beyer, Frank, Papagikos, Rosenthal, Barthold, Roach, Moughan, Sandler",2023,PMC10461953
A systematic review and meta-analysis of environmental factors associated with juvenile idiopathic arthritis.,"Zhao, Li, Deng",2023,HSHa17702ec
Economic benefits of substance use disorder treatment: A systematic literature review of economic evaluation studies from 2003 to 2021.,"Fardone, Montoya, Schackman, McCollister",2023,PMC10530001
Healthcare professionals' experiences of job satisfaction when providing person-centred care: a systematic review of qualitative studies.,"Gustavsson, van Diepen, Fors, Axelsson, Bertilsson, Hensing",2023,PMC10277035
Interfacility Transfer of Uninsured vs Insured Patients With ST-Segment Elevation Myocardial Infarction in California.,"Ward, Nikpay, Shermeyer, Nallamothu, Rokos, Self, Hsia",2023,PMC10257096
Effectiveness of routine provision of feedback from patient-reported outcome measurements for cancer care improvement: a systematic review and meta-analysis.,"Lu, Porter, Valderas, Harrison, Sidey-Gibbons",2023,PMC10241766
Ethics of care in technology-mediated healthcare practices: A scoping review.,"Ramvi, Hellstrand, Jensen, Gripsrud, Gjerstad",2023,HSHa17702ec
"The experiences of adolescent solid organ transplantation recipients, parents, and healthcare professionals in healthcare transition: A qualitative systematic review.","Li, Wang, Lu, Dong, Wu",2023,HSHa17702ec
Chronic kidney disease-associated pruritus (CKD-aP) is associated with worse quality of life and increased healthcare utilization among dialysis patients.,"Titapiccolo, Lonati, Goethel-Paal, Bello, Bellocchio, Pizzo, Theodose, Salvador, Schofield, Cioffi, Basnayake, Chisholm, Mitrovic, Trkulja, Arens, Stuard, Neri",2023,PMC7486142
Impact of hepatitis virus infection on inpatient outcomes of acute pancreatitis: A population-based study.,"Lai, Hung, Lin",2023,PMC10238054
The transition to advanced practice nursing: A systematic review of qualitative studies.,"Li, Wang, Tan, Jiang",2023,HSHa17702ec
Barriers and shortcomings in access to cardiovascular management and prevention for familial hypercholesterolemia during the COVID-19 pandemic.,"Huang, Leung, Garg, Mazzoleni, Miteu, Zakariya, Awuah, Yin, Haroon, Hussain, Aji, Jaiswal, Tse",2023,PMC10436799
"Machine Learning on Medicare Claims Poorly Predicts the Individual Risk of 30-Day Unplanned Readmission After Total Joint Arthroplasty, Yet Uncovers Interesting Population-level Associations With Annual Procedure Volumes.","Kunze, So, Padgett, Lyman, MacLean, Fontana",2023,PMC10427054
Sociodemographic disparities in targeted therapy in ovarian cancer in a national sample.,"Amin, Collin, Kavecansky, Setoguchi, Satagopan, Bandera",2023,PMC10213306
Extrapolating empirical long-term survival data: the impact of updated follow-up data and parametric extrapolation methods on survival estimates in multiple myeloma.,"Bakker, Thielen, Redekop, Groot, Blommestein",2023,PMC10226243
Social determinants of health and race are independent predictors of reduced rotator cuff surgery rates in the Medicare population.,"Agarwal, Nelson, Johnson, Ahmed, Wessel, Best, Srikumaran",2023,HSHa17702ec
The Search for an Outcome Variable That Measures Both Quality and Processes in Cardiac Surgery: Comparing the Quality Process Index and Mortality.,"Hoefsmit, Jansen, Does, Zandbergen",2023,PMC10217973
ESKAPEE Pathogen Biofilm Control on Surfaces with Probiotic Lactobacillaceae and Bacillus species.,"Neidhöfer, Rathore, Parčina, Sieber",2023,PMC10215598
Virtual patient identifier (vPID): Improving patient traceability using anonymized identifiers in Japanese healthcare insurance claims database.,"Sato, Mitsutake, Yamada, Kitsuregawa, Goda",2023,PMC10205637
Early Warning Software for Emergency Department Crowding.,"Tuominen, Koivistoinen, Kanniainen, Oksala, Palomäki, Roine",2023,PMC10219867
Service user perspectives on social prescribing services for mental health in the UK: a systematic review.,"Cooper, Flynn, Avery, Ashley, Jordan, Errington, Scott",2023,PMC10226005
Primary care provider perspectives on virtual and in-person depression management during the COVID-19 pandemic.,"Leung, Chrystal, Dyer, Brayton, Karakashian, Yano, Young, Shekelle, Hamilton",2023,PMC10674027
Non-COVID-19 intensive care admissions during the pandemic: a multinational registry-based study.,"McLarty, Litton, Beane, Aryal, Bailey, Bendel, Burghi, Christensen, Christiansen, Dongelmans, Fernandez, Ghose, Hall, Haniffa, Hashmi, Hashimoto, Ichihara, Kumar Tirupakuzhi Vijayaraghavan, Lone, Arias López, Mat Nor, Okamoto, Priyadarshani, Reinikainen, Soares, Pilcher, Salluh",2024,HSHa17702ec
Changes in the care of acute cerebrovascular and cardiovascular conditions during the first year of the covid-19 pandemic in 746 hospitals in the USA: retrospective analysis.,"Nogueira, Etter, Nguyen, Ikeme, Wong, Frankel, Haussen, Del Rio, McDaniel, Sachdeva, Devireddy, Al-Bayati, Mohammaden, Doheim, Pinheiro, Liberato, Jillella, Bhatt, Khanna",2023,PMC10186086
Sharps injuries with Lovenox and generic enoxaparin prefilled safety syringes: A 12-year retrospective cross-sectional analytical study.,"Grimmond, Gruden, Hurst, Crutchfield",2023,HSHa17702ec
Followership in health care clinicians: a scoping review.,"Alanazi, Wiechula, Foley",2023,HSHa17702ec
Economic Impact of Recurrent Clostridioides difficile Infection in the USA: A Systematic Literature Review and Cost Synthesis.,"Reveles, Yang, Garcia-Horton, Edwards, Guo, Lodise, Bochan, Tillotson, Dubberke",2023,PMC10272265
"Healthcare utilization and adverse outcomes stratified by sex, age and long-term care residency using the Alberta COVID-19 Analytics and Research Database (ACARD): a population-based descriptive study.","Rennert-May, Crocker, D'Souza, Zhang, Chew, Beall, Vickers, Leal",2023,PMC10198018
Empowering Health Care Education Through Learning Analytics: In-depth Scoping Review.,"Bojic, Mammadova, Ang, Teo, Diordieva, Pienkowska, Gašević, Car",2023,PMC10233437
The temporal trend of placebo response in migraine prevention from 1990 to 2021: a systematic literature review and meta-analysis with regression.,"Tepper, Cirillo, Kim, L'Italien, Tweedie, Lodaya, Riley, Pathan, Antaki, Nathanson, McAllister",2023,PMC10189936
Recommendations to overcome barriers to the use of artificial intelligence-driven evidence in health technology assessment.,"Zemplényi, Tachkov, Balkanyi, Németh, Petykó, Petrova, Czech, Dawoud, Goettsch, Gutierrez Ibarluzea, Hren, Knies, Lorenzovici, Maravic, Piniazhko, Savova, Manova, Tesar, Zerovnik, Kaló",2023,PMC10171457
A Systematic Review of Empirical Studies Measuring Training Effects on Biases Evidenced by Professionals toward Intimate Partner Violence.,"Sereno, Catagnus, Griffith, Eilers",2024,HSHa17702ec
Telehealth Usage Among Low-Income Racial and Ethnic Minority Populations During the COVID-19 Pandemic: Retrospective Observational Study.,"Williams, Shang",2023,PMC10185335
Application of the theoretical domains framework to identify factors influencing catch-up HPV vaccinations among male college students in the United States: A review of evidence and recommendations.,"Olusanya, Tomar, Thomas, Alonge, Wigfall",2023,HSHa17702ec
Social functioning mediates the relationship between psychiatric symptoms and recovery among veteran and community service users with serious mental illness.,"Howell, Marggraf, Taylor, Hammer, Girón-Hernández, Coakley, Brown, Drapalski, Hack",2023,HSHa17702ec
The Delivery of Palliative and End-of-Life Care to Adolescents and Young Adults Living with Cancer: A Scoping Review.,"Drake, Weeks, van Manen, Shin, Wong, Taylor, McKibbon, Curran",2023,HSHa17702ec
Collaborative practice among general ward staff on escalating care in clinical deterioration: A systematic review.,"Hong, Chua, Smith, Huang, Goh, Liaw",2023,HSHa17702ec
Characteristics of prostate cancer patients captured by facility-based versus geography-based cancer registries.,"Modi, Ward, Filson",2023,HSHa17702ec
Development and validation of a multivariable preoperative prediction model for postoperative length of stay in a broad inpatient surgical population.,"Mason, Henderson, Bronsert, Colborn, Dyas, Lambert-Kerzner, Meguid",2023,PMC10272088
Distribution of nursing workforce in the world using Gini coefficient.,"Kharazmi, Bordbar, Bordbar",2023,PMC10161512
The experiences of women from culturally and linguistically diverse backgrounds with gestational diabetes mellitus: A mixed methods systematic review.,"Haigh, Lau, Weir, Glastras",2023,PMC10335617
Descriptive Analysis of the Healthcare Aspects of Industrial Disasters Around the World.,"Tin, Cheng, Hata, Hertelendy, Hart, Ciottone",2023,HSHa17702ec
Medical use and combination drug therapy among US adult users of central nervous system stimulants: a cross-sectional analysis.,"Moore, Wirtz, Curran, Alexander",2023,PMC10186433
Promotion of antimicrobial stewardship following issuance of the antimicrobial resistance national action plan in Japan: A systematic review of 2016-2020.,"Honda, Goto, Uehara, Takamatsu",2023,HSHa17702ec
Long-Term Health Care Utilization After Cardiac Surgery in Children Covered Under Medicaid.,"Crook, Dragan, Woo, Neidell, Jiang, Cook, Hannan, Newburger, Jacobs, Bacha, Petit, Vincent, Walsh-Spoonhower, Mosca, Kumar, Devejian, Kamenir, Alfieris, Swartz, Meyer, Paul, Billings, Anderson",2023,HSHa17702ec
Assessing heterogeneity of electronic health-care databases: A case study of background incidence rates of venous thromboembolism.,"Russek, Quinten, de Jong, Cohet, Kurz",2023,HSHa17702ec
High-frequency longitudinal white matter diffusion- and myelin-based MRI database: Reliability and variability.,"Edde, Theaud, Dumont, Théberge, Valcourt-Caron, Gilbert, Houde, Maltais, Rheault, Spagnolo, Barakovic, Magon, Descoteaux",2023,PMC10203793
Patients' experiences of patient-centred care in hospital setting: A systematic review of qualitative studies.,"Havana, Kuha, Laukka, Kanste",2023,HSHa17702ec
"Disparity and Diversity in NSCLC Imaging and Genomics: Evaluation of a Mature, Multicenter Database.","Kohan, Kulanthaivelu, Hinzpeter, Liu, Ortega, Leighl, Metser, Veit-Haibach",2023,PMC10093674
Potentialities and limitations of Interprofessional Education during graduation: a systematic review and thematic synthesis of qualitative studies.,"Rodrigues da Silva Noll Gonçalves, Noll Gonçalves, da Rosa, Schaia Rocha Orsi, Santos de Paula, Moysés, Werneck",2023,PMC10099638
"The association between psychosocial stress, interpersonal sensitivity, social withdrawal and psychosis relapse: a systematic review.","Almuqrin, Georgiades, Mouhitzadeh, Rubinic, Mechelli, Tognin",2023,PMC10086007
An Analysis of Dasatinib Treatment Patterns in Patients with Chronic Myeloid Leukemia after Experiencing Pleural Effusion during Dasatinib Therapy.,"McBride, Brokars, Reddy, Chang, Tarbox, LeBlanc",2023,HSHa17702ec
Contextualising adverse events of special interest to characterise the baseline incidence rates in 24 million patients with COVID-19 across 26 databases: a multinational retrospective cohort study.,"Voss, Shoaibi, Yin Hui Lai, Blacketer, Alshammari, Makadia, Haynes, Sena, Rao, van Sandijk, Fraboulet, Boyer, Le Carrour, Horban, Morales, Martínez Roldán, Ramírez-Anguita, Mayer, de Wilde, John, Duarte-Salles, Roel, Pistillo, Kolde, Maljković, Denaxas, Papez, Kahn, Natarajan, Reich, Secora, Minty, Shah, Posada, Garcia Morales, Bosca, Cadenas Juanino, Diaz Holgado, Pedrera Jiménez, Serrano Balazote, García Barrio, Şen, Üresin, Erdogan, Belmans, Byttebier, Malbrain, Dedman, Cuccu, Vashisht, Butte, Patel, Dahm, Han, Bu, Arshad, Ostropolets, Nyberg, Hripcsak, Suchard, Prieto-Alhambra, Rijnbeek, Schuemie, Ryan",2023,PMC10072853
Measuring Integrated Care - Methodological Reflections from Monitoring and Evaluation Process of the PHC Plus Pilot Program in Poland.,"Kozieł, Gorgens, Chawla, Król-Jankowska, Kononiuk",2023,PMC10077984
Healthcare resource utilisation and cost of pneumococcal disease from 2003 to 2019 in children ≤17 years in England.,"Mohanty, Podmore, Cuñado Moral, Matthews, Sarpong, Azpeitia, Qizilbash",2023,PMC10075442
Experiences and perceptions of self-management in people with prediabetes: A qualitative meta-synthesis.,"Wang, Shi, Zeng, Li",2023,HSHa17702ec
Inconsistent Surgical Implant Documentation: A Case Study in Total Knee and Hip Arthroplasty.,"Cho, Hruby, Illescas, Sanderson, Memtsoudis, Poeran, Weber",2023,PMC10064159
Older Adults' User Engagement With Mobile Health: A Systematic Review of Qualitative and Mixed-Methods Studies.,"van Acker, Maenhout, Compernolle",2023,PMC10053647
Impact of Treatment Sequencing on Overall Survival in Patients with Transplant-Ineligible Newly Diagnosed Myeloma.,"Fonseca, Facon, Hashim, Nair, He, Ammann, Lam, Wildgust, Kumar",2023,PMC10166176
Developing a Data and Analytics Platform to Enable a Breast Cancer Learning Health System at a Regional Cancer Center.,"Petch, Kempainnen, Pettengell, Aviv, Butler, Pond, Saha, Bogach, Allard-Coutu, Sztur, Ranisau, Levine",2023,PMC10281330
Factors of cardiopulmonary resuscitation skills retention among healthcare providers: A scoping review.,"Junli, Isa, Ibrahim",2023,HSHa17702ec
Direct-to-consumer genetic tests providing health risk information: A systematic review of consequences for consumers and health services.,"Nolan, Ormondroyd",2023,HSHa17702ec
A standardized framework for risk-based assessment of treatment effect heterogeneity in observational healthcare databases.,"Rekkas, van Klaveren, Ryan, Steyerberg, Kent, Rijnbeek",2023,PMC10060247
A Scoping Review with Bibliometric Analysis of Para-Rowing: State of the Art and Future Directions.,"Puce, Biz, Trompetto, Marinelli, Currà, Cavaggioni, Formica, Vecchi, Cerchiaro, Trabelsi, Bragazzi, Ruggieri",2023,PMC10047928
Health Disparities in Extracorporeal Membrane Oxygenation Utilization and Outcomes: A Scoping Review and Methodologic Critique of the Literature.,"Moynihan, Dorste, Alizadeh, Phelps, Barreto, Kolwaite, Merlocco, Barbaro, Chan, Thiagarajan",2023,HSHa17702ec
"Real-world clinical characterization, healthcare resource utilization and productivity loss in chronic graft versus host patients exposed to extracorporeal photopheresis in Sweden.","Schain, Boissin, Laczik, Fedeli, Remberger, Blennow, Dykes, Eich, Jones, Mattsson, Berlin",2023,HSHa17702ec
Economic evaluation of exercise interventions for individuals with cancer: A systematic review.,"Wang, McCarthy, Hayes, Gordon, Chiu, Bailey, Stewart, Tuffaha",2023,HSHa17702ec
Exploring perceived barriers for advancement to leadership positions in healthcare: a thematic synthesis of women's experiences.,"Haines, McKeown",2023,HSHa17702ec
Linguistic analysis of plain language summaries and corresponding scientific summaries of Cochrane systematic reviews about oncology interventions.,"Šuto, Marušić, Buljan",2023,PMC10225178
Adolescent and young adult research across the HIV prevention and care continua: an international programme analysis and targeted review.,"Calabrese, Perkins, Lee, Allison, Brown, Jean-Philippe, Chakhtoura, Moye, Kapogiannis",2023,PMC10034634
Improving Resource Utilization for Arthroplasty Care by Leveraging Machine Learning and Optimization: A Systematic Review.,"Entezari, Koucheki, Abbas, Toor, Wolfstadt, Ravi, Whyne, Lex",2023,PMC10014272
"Trends, variation, and clinical characteristics of recipients of antiviral drugs and neutralising monoclonal antibodies for covid-19 in community settings: retrospective, descriptive cohort study of 23.4 million people in OpenSAFELY.","Green, Curtis, Higgins, Nab, Mahalingasivam, Smith, Mehrkar, Inglesby, Drysdale, DeVito, Croker, Rentsch, Bhaskaran, Tazare, Zheng, Andrews, Bacon, Davy, Dillingham, Evans, Fisher, Hickman, Hopcroft, Hulme, Massey, MacDonald, Morley, Morton, Park, Walker, Ward, Wiedemann, Bates, Cockburn, Parry, Hester, Harper, Douglas, Evans, Goldacre, Tomlinson, MacKenna",2023,PMC9951378
Strengthening and expanding health inequality monitoring for the advancement of health equity: a review of WHO resources and contributions.,"Hosseinpoor, Bergen, Kirkby, Schlotheuber",2023,PMC10022555
Application of complexity theory in health and social care research: a scoping review.,"Carroll, Collins, McKenzie, Stokes, Darley",2023,PMC10030763
Racial disparities in opioid prescription and pain management among breast cancer survivors.,"Kim, Retnam, Sutton, Edmonds, Bandyopadhyay, Sheppard",2023,PMC10225217
A systematic review of the modelling of patient arrivals in emergency departments.,"Jiang, Liu, Ding",2023,PMC10006125
Advantages and Challenges of Using Telehealth for Home-Based Palliative Care: Systematic Mixed Studies Review.,"Steindal, Nes, Godskesen, Holmen, Winger, Österlind, Dihle, Klarare",2023,PMC10131904
"Female representation among editorial boards of social, clinical, and educational pharmacy journals.","Massa, Tonin, de Mendonça Lima",2023,HSHa17702ec
Barriers to and Facilitators of Digital Health Among Culturally and Linguistically Diverse Populations: Qualitative Systematic Review.,"Whitehead, Talevski, Fatehi, Beauchamp",2023,PMC10015358
Mapping of Pro-Equity Interventions Proposed by Immunisation Programs in Gavi Health Systems Strengthening Grants.,"Ducharme, Correa, Reynolds, Sharkey, Fonner, Johri",2023,PMC9961887
How do Employees with Chronic Musculoskeletal Disorders Experience the Management of Their Condition in the Workplace? A Metasynthesis.,"Skamagki, Carpenter, King, Wåhlin",2023,PMC10684637
A systematic review and thematic synthesis exploring the role of pharmacists in supporting better sleep health and managing sleep disorders.,"Ashkanani, Lindsey, Rathbone",2023,HSHa17702ec
Measurement of Prosocial Tendencies: Meta-Analysis of the Generalization of the Reliability of the Instrument.,"Reig-Aleixandre, Esparza-Reig, Martí-Vilar, Merino-Soto, Livia",2023,PMC9956867
Statistical techniques used in analysing simultaneous continuous glucose monitoring and ambulatory electrocardiography in patients with diabetes: A systematic review.,"Charamba, Liew, Nadeem, Newell, O'Keeffe, O'Brien, Wijns, Shahzad, Simpkin",2023,PMC9955667
"Symptom-based case definitions for COVID-19: Time and geographical variations for detection at hospital admission among 260,000 patients.","Baruch, Rojek, Kartsonaki, Vijayaraghavan, Gonçalves, Pritchard, Merson, Dunning, Hall, Sigfrid, Citarella, Murthy, Yeabah, Olliaro",2022,PMC9530510
ASCO's Leadership Development Program: Focusing on the Next Generation of Leaders in Asia Pacific.,"de Guzman, Chua, Goldstein, Aung, Eaton, Park",2023,PMC10166472
Supportive care needs of women with gynaecological cancer: A systematic review and synthesis of qualitative studies.,"Sun, Ma, Li, Ge",2023,HSHa17702ec
Study protocol: examining the impacts of COVID-19 mitigation measures on pregnancy and birth outcomes in Scotland-a linked administrative data study.,"Oberndorfer, Henery, Dundas, Leyland, Paranjothy, Stock, Wood, Nelson, Kearns, Pearce",2023,PMC9933130
Changes in parental sleep from pregnancy to postpartum: A meta-analytic review of actigraphy studies.,"Parsons, Howes, Jones, Surtees",2023,HSHa17702ec
Quality Regarding the Systematic Reviews in Breast Plastic Surgery.,"Tumeh, Neto, Sales, Ferreira",2023,HSHa17702ec
Consequences of India's population aging to its healthcare financing and provision.,"Sahoo, Rout, Jakovljevic",2023,HSHa17702ec
Favorable Neighborhood Walkability is Associated With Lower Burden of Cardiovascular Risk Factors Among Patients Within an Integrated Health System: The Houston Methodist Learning Health System Outpatient Registry.,"Makram, Nwana, Nicolas, Gullapelli, Pan, Bose, Parekh, Al-Kindi, Yahya, Hagan, Javed, Patel, Sharma, Jones, Cainzos-Achirica, Maddock, Nasir",2023,HSHa17702ec
Virtual Versus Light Microscopy Usage among Students: A Systematic Review and Meta-Analytic Evidence in Medical Education.,"Maity, Nauhria, Nayak, Nauhria, Coffin, Wray, Haerianardakani, Sah, Spruce, Jeong, Maj, Sharma, Okpara, Ike, Nath, Nelson, Parwani",2023,PMC9914930
Efficacy improvement in searching MEDLINE database using a novel PubMed visual analytic system: EEEvis.,"Lee, Lee, Park, Song, Ock, Sung, Woo, Youn, Jung, Jung, Ahn, Kim, Kim, Seo, Hwang",2023,PMC9910730
Health Professionals: Identifying and Reporting Child Physical Abuse-a Scoping Review.,"Bragança-Souza, Lopes de Lisboa, Silva-Oliveira, Soares Nunes, Ferreira E Ferreira, Gomes, Zarzar",2024,HSHa17702ec
Real world evidence: Perspectives from a European Society of Cardiology Cardiovascular Round Table with contribution from the European Medicines Agency.,"Szymański, Weidinger, Lordereau-Richard, Himmelmann, Arca, Chaves, Lee, Jonker, Kotecha, O'Kelly, Plueschke, Ryś, Segec, Wallentin, Veltrop, James",2023,HSHa17702ec
Regional variation of pediatric interhospital critical care transport in Japan.,"Miura, Miyata, Kawaguchi, Yamaoka",2023,HSHa17702ec
Comparison of care and outcomes for myocardial infarction by heart failure status between United Kingdom and Japan.,"Nakao, Dafaalla, Nakao, Wu, Nadarajah, Rashid, Mohammad, Sumita, Nakai, Iwanaga, Miyamoto, Noguchi, Yasuda, Ogawa, Mamas, Gale",2023,PMC10053358
Treatment patterns and healthcare costs among patients with psoriasis initiating apremilast or biologics: a retrospective claims database cohort analysis.,"Wu, Wang, Jobson, Davidson, Kalirai, Zhu, Suryavanshi, Mittal, Patel, Seigel",2023,HSHa17702ec
Effect of early childhood development interventions delivered by healthcare providers to improve cognitive outcomes in children at 0-36 months: a systematic review and meta-analysis.,"Hirve, Adams, Kelly, McAullay, Hurt, Edmond, Strobel",2023,HSHa17702ec
"Ageism and nursing students, past or reality?: A systematic review.","Allué-Sierra, Antón-Solanas, Rodríguez-Roca, Anguas-Gracia, Echániz-Serrano, Fernández-Rodrigo, Navas-Ferrer, Subirón-Valera, Urcola-Pardo, Satústegui-Dordá",2023,HSHa17702ec
"Surgical Treatment of Single-Level Lumbar Stenosis Is Associated with Lower 2-Year Mortality and Total Cost Compared with Nonsurgical Treatment: A Risk-Adjusted, Paired Analysis.","Hwang, Briggs, Greenwald, Manberg, Chamoun, Tromanhauser",2023,HSHa17702ec
Development and validation of a point-of-care clinical risk score to predict surgical site infection following open spinal fusion.,"Mueller, Hou, Beach, Griffin",2023,PMC9860512
Cost-effectiveness of ceftazidime/avibactam plus metronidazole versus meropenem as first-line empiric therapy for the treatment of complicated intra-abdominal infections: A study based on the in-vitro surveillance data in China.,"Shi, Fu, Li, Lv, Wan, Xu",2023,HSHa17702ec
Musculoskeletal Telemedicine Trends Preceding the COVID-19 Pandemic and Potential Implications of Rapid Telemedicine Expansion.,"Kiani, Cho, Poeran, Wilson, Zhong, Mazumdar, Liu, Valle, Memtsoudis",2023,PMC9848805
Organisational Culture Research in Healthcare: A Big Data Bibliometric Study.,"Qin, Wang, Huang, Zhao, Chiu, Tung, Harrison, Wang",2023,PMC9859503
The Effectiveness of Interactive Dashboards to Optimise Antibiotic Prescribing in Primary Care: A Systematic Review.,"Garzón-Orjuela, Parveen, Amin, Vornhagen, Blake, Vellinga",2023,PMC9854857
Social media discourse and internet search queries on cannabis as a medicine: A systematic scoping review.,"Hallinan, Khademi Habibabadi, Conway, Bonomo",2023,PMC9858862
Clinical prediction tools for identifying antimicrobial-resistant organism (ARO) carriage on hospital admissions: a systematic review.,"Jeon, Chavda, Rennert-May, Leal",2023,HSHa17702ec
More is not always better: 2 weeks of intensive cognitive processing therapy-based treatment are noninferior to 3 weeks.,"Held, Smith, Pridgen, Coleman, Klassen",2023,PMC10258911
Up-Front Endoscopy Maximizes Cost-Effectiveness and Cost-Satisfaction in Uninvestigated Dyspepsia.,"Wechsler, Ahuja, Brenner, Chan, Chang, Chey, Lembo, Moshiree, Nee, Shah, Staller, Shah",2023,PMC10542651
"Reporting, Monitoring, and Handling of Adverse Drug Reactions in Australia: Scoping Review.","Fossouo Tagne, Yakob, Dang, Mcdonald, Wickramasinghe",2023,PMC9887513
Cost-effectiveness of immediate initiation of dapagliflozin in patients with a history of heart failure.,"Miller, Chew, Qin, Fine, Chen, McMurray, Howlett, McEwan",2023,HSHa17702ec
The impact of trauma-focused psychotherapy for posttraumatic stress disorder on interpersonal functioning: A systematic review and meta-analysis of randomized clinical trials.,"Swerdlow, Baker, Leifker, Straud, Rozek, Sippel",2023,HSHa17702ec
The Incidence of Myocarditis Following an Influenza Vaccination: A Population-Based Observational Study.,"Wang, Wei, Huang, Huang, Tsai, Chang",2023,PMC9838541
Social Determinants of Cardiovascular Health: A Longitudinal Analysis of Cardiovascular Disease Mortality in US Counties From 2009 to 2018.,"Son, Zhang, Shen, Jaysing, Zhang, Chen, Mu, Liu, Rajbhandari-Thapa, Li, Pagán",2023,PMC9939060
A systematic review documenting reasons whether physicians should provide treatment to their family and friends.,"Beigel, Mertz, Salloch",2024,HSHa17702ec
Cranial Nerve Impairment Associated With COVID-19 Infections: A Systematic Review.,"Tonkal, Alamri, AlMaghrabi, Mozahim, Mozahim, Alsubaie, Alsehly, Alshuaibi, Alotaibi, Qashgari",2022,PMC9798034
A Scoping Review of Integrated Medical Devices and Clinical Decision Support in the Acute Care Setting.,"Withall, Schwartz, Usseglio, Cato",2022,PMC9797347
Recent Developments in Community-Based Mental Health Care in Japan: A Narrative Review.,"Iwatani, Ito, Taguchi, Akiyama",2022,PMC11262079
Hepatocellular carcinoma risk in patients with chronic hepatitis B receiving tenofovir- vs. entecavir-based regimens: Individual patient data meta-analysis.,"Choi, Yip, Wong, Kim, Yee, Brooks-Rooney, Curteis, Cant, Chen, Chen, Huang, Jin, Jun, Kim, Park, Peng, Shin, Shin, Yang, Lim",2023,HSHa17702ec
Individual Case Safety Report Replication: An Analysis of Case Reporting Transmission Networks.,"van Stekelenborg, Kara, Haack, Vogel, Garg, Krupp, Gofman, Dreyfus, Hauben, Bate",2023,PMC9870831
Telephone-Only Visits Preserved Hepatocellular Cancer Screening Rates in Patients with Cirrhosis Early in the COVID-19 Pandemic.,"Rudnick, Ugwuegbu, Soufleris, Bundy, Dharod, Russo",2023,PMC9780624
Trends in Telecare Use among Community-Dwelling Older Adults: A Scoping Review.,"Korkmaz Yaylagul, Kirisik, Bernardo, Dantas, van Staalduinen, Illario, De Luca, Apóstolo, Silva",2022,PMC9779196
Comparison of Clinical Outcomes of Gripping Surface Technology Staple Reloads versus Standard Staple Reloads Used with Manual Linear Surgical Staplers.,"Fortin, Petraiuolo, Cafri, Scapini, Agarwal, Chakke, Johnston, Johnson, Coplan, Zhang",2022,PMC9762253
Biological variation: recent development and future challenges.,"Sandberg, Carobene, Bartlett, Coskun, Fernandez-Calle, Jonker, Díaz-Garzón, Aarsand",2023,HSHa17702ec
Data Analytics in Healthcare: A Tertiary Study.,"Taipalus, Isomöttönen, Erkkilä, Äyrämö",2023,PMC9734338
Safety Monitoring of COVID-19 Vaccines: Perspective from the European Medicines Agency.,"Durand, Dogné, Cohet, Browne, Gordillo-Marañón, Piccolo, Zaccaria, Genov",2023,PMC9877988
The implementation of portable air-cleaning technologies in healthcare settings - a scoping review.,"Alvarenga, Dias, Lima, Gomes, Monteiro",2023,PMC9744491
Pediatric anesthesia practices during the COVID-19 pandemic: A retrospective cohort study.,"Ruby, Illescas, Zhong, DelPizzo, Poeran, Liu, Cozowicz, Memtsoudis",2023,PMC9742494
"Temporal and Regional Trends in Obstructive Sleep Apnea Using Administrative Health Data in Alberta, Canada.","Pendharkar, Sharpe, Rosychuk, Laratta, Fong, Duan, Ronksley, MacLean",2023,HSHa17702ec
Understanding ethnic inequalities in mental healthcare in the UK: A meta-ethnography.,"Bansal, Karlsen, Sashidharan, Cohen, Chew-Graham, Malpass",2022,PMC9746991
Associations Between Extreme Temperatures and Cardiovascular Cause-Specific Mortality: Results From 27 Countries.,"Alahmad, Khraishah, Royé, Vicedo-Cabrera, Guo, Papatheodorou, Achilleos, Acquaotta, Armstrong, Bell, Pan, de Sousa Zanotti Stagliorio Coelho, Colistro, Dang, Van Dung, De' Donato, Entezari, Guo, Hashizume, Honda, Indermitte, Íñiguez, Jaakkola, Kim, Lavigne, Lee, Li, Madureira, Mayvaneh, Orru, Overcenco, Ragettli, Ryti, Saldiva, Scovronick, Seposo, Sera, Silva, Stafoggia, Tobias, Garshick, Bernstein, Zanobetti, Schwartz, Gasparrini, Koutrakis",2023,PMC9794133
"Sexual Violence and Substance Use Diagnosed in Emergency Department Discharges in Hawaii, 2005-2014.","Guo, Do, Wong, Lee, Talagi, Lum, Rahberg, Ha, Fan",2022,PMC9740929
In-hospital mortality in amyloid light chain amyloidosis: analysis of the Premier Healthcare Database.,"Quock, D'Souza, Broder, Bognar, Chang, Tarbox",2023,PMC10288963
Health Equity Assessment Toolkit (HEAT and HEAT Plus): exploring inequalities in the COVID-19 pandemic era.,"Kirkby, Schlotheuber, Vidal Fuertes, Ross, Hosseinpoor",2022,PMC9720922
[Progress of researches on medical big data analytics technology].,"Du, Zhang, Jiang",2022,HSHa17702ec
Impact of Mediating and Confounding Variables on the Volume-Outcome Association in the Treatment of Pancreatic Cancer.,"Kemp Bohan, Chang, Grunkemeier, Spitzer, Carpenter, Adams, Vreeland, Nelson",2023,HSHa17702ec
Geographic Access to Primary Healthcare Services among Latinos/as/x in Western Alabama.,"Morales-Alemán, Hu, Ferreti, Yerby",2022,PMC9718417
Background rates of 41 adverse events of special interest for COVID-19 vaccines in 10 European healthcare databases - an ACCESS cohort study.,"Willame, Dodd, Durán, Elbers, Gini, Bartolini, Paoletti, Wang, Ehrenstein, Kahlert, Haug, Schink, Diez-Domingo, Mira-Iglesias, Carreras, Vergara-Hernández, Giaquinto, Barbieri, Stona, Huerta, Martín-Pérez, García-Poza, de Burgos, Martínez-González, Bryant, Villalobos, Pallejà-Millán, Aragón, Carreras, Souverein, Thurin, Weibel, Klungel, Sturkenboom",2023,PMC9678835
Rehabilitation among individuals experiencing homelessness and traumatic brain injury: A scoping review.,"Chan, Estrella, Baddeliyanage, Shah, Babineau, Colantonio",2022,PMC9692012
"Impact of good governance, economic growth and universal health coverage on COVID-19 infection and case fatality rates in Africa.","Gebremichael, Hailu, Letebo, Berhanesilassie, Shumetie, Biadgilign",2022,PMC9702649
The Use of Multicriteria Decision Analysis to Support Decision Making in Healthcare: An Updated Systematic Literature Review.,"Gongora-Salazar, Rocks, Fahr, Rivero-Arias, Tsiachristas",2023,HSHa17702ec
Healthcare Costs for Medicare Patients With Hepatocellular Carcinoma in the United States.,"Karim, Ramezani, Leroux, Kum, Singal",2023,PMC10205916
Real-world data for precision public health of noncommunicable diseases: a scoping review.,"Canfell, Kodiyattu, Eakin, Burton-Jones, Wong, Macaulay, Sullivan",2022,PMC9694563
Prompt initiation of triple therapy following hospitalization for a chronic obstructive pulmonary disease exacerbation in the United States: An analysis of the PRIMUS study.,"Evans, Pollack, Portillo, Strange, Touchette, Staresinic, Patel, Tkacz, Feigler",2022,PMC10372961
Persistent symptoms among post-COVID-19 survivors: A systematic review and meta-analysis.,"Rochmawati, Iskandar, Kamilah",2024,HSHa17702ec
Incidence and impact of surgical site infections on length of stay and cost of care for patients undergoing open procedures.,"Hou, Collinsworth, Hasa, Griffin",2023,PMC9679670
"A Bibliometrics-Enhanced, PAGER-Compliant Scoping Review of the Literature on Paralympic Powerlifting: Insights for Practices and Future Research.","Puce, Trabelsi, Trompetto, Mori, Marinelli, Currà, Faelli, Ferrando, Okwen, Kong, Ammar, Bragazzi",2022,PMC9690829
The role of Israeli researchers in the scientific literature regarding COVID-19 vaccines.,"Rosen, Davidovitch, Chodick, Israeli",2022,PMC9684862
Radiomics in bone pathology of the jaws.,"Santos, da Silva, Ossege, Figueiredo, Melo, Stefani, Leite",2023,PMC9793454
"Treatment patterns, healthcare resource use, and costs associated with uncomplicated urinary tract infection among female patients in the United States.","Moon, Marijam, Mitrani-Gold, Gibbons, Kartashov, Rosenthal, Joshi",2022,PMC9678295
Surgical Complication Risk Factor Identification Using High-Dimensional Hospital Data: An Illustrative Example in Hemostasis-Related Complications.,"Johnston, Jha, Roy, Pollack",2022,PMC9645768
[PUBLICATION LANDSCAPE OF THE MOSCOW MEDICINE SCIENCE].,"Stepanova, Chernova, Tarkhov",2022,HSHa17702ec
[COVID-TECH AND DIGITAL TECHNOLOGIES IN FOREIGN AND RUSSIAN HEALTH CARE DURING THE NEW CORONAVIRUS INFECTION PANDEMIC].,"Kravchenko, Sadalskaya, Bobkov, Frantsuzevich, Belevsky, Strizhov",2022,HSHa17702ec
Cost-consequence of abatacept as first-line therapy in Japanese rheumatoid arthritis patients using IORRA real-world data.,"Tanaka, Inoue, Shoji, Nilsson, Papagiannopoulos, Dhanda, Yoshizawa, Abe, Saka, Sugano, Sugitani, Ochiai, Yamaguchi, Ikari, Yamanaka, Harigai",2022,PMC9668164
Mental health services accessibility for women and men: A protocol for a systematic review and meta-analysis.,"Bezerra, de Araújo, Nunes, Barbosa",2022,PMC9668153
Bipolar I and bipolar II subtypes in older age: Results from the Global Aging and Geriatric Experiments in Bipolar Disorder (GAGE-BD) project.,"Beunders, Klaus, Kok, Schouws, Kupka, Blumberg, Briggs, Eyler, Forester, Forlenza, Gildengers, Jimenez, Mulsant, Patrick, Rej, Sajatovic, Sarna, Sutherland, Yala, Vieta, Villa, Korten, Dols",2023,PMC10265276
School Nurse-Parent Partnership in School Health Care for Children with Type 1 Diabetes: A Hybrid Method Concept Analysis.,"Uhm, Choi",2022,HSHa17702ec
"""We've been here all along:"" The collective resilience of transgender and gender diverse U.S. service members.","Eleazer, Marchant, Kizewski, Gross, Warren, McCubbin",2023,HSHa17702ec
"Characteristics, Treatment Patterns, and Clinical Outcomes of Chronic Hepatitis B Across 3 Continents: Retrospective Database Study.","Gillespie, Chan, Liu, Hsieh, Schindler, Cheng, Chang, Kap, Morais, Duh, Park, Ketz, Jenner, Boxall, Kendrick, Theodore",2023,PMC9898346
"High-dimensional propensity scores for empirical covariate selection in secondary database studies: Planning, implementation, and reporting.","Rassen, Blin, Kloss, Neugebauer, Platt, Pottegård, Schneeweiss, Toh",2023,PMC10099872
Delivery Mode among Patients with Oligohydramnios with or without Fetal Growth Restriction by Induction Method.,"Whelan, Rasiah, Lewkowitz, Gimovsky",2023,PMC10408110
CKD Progression and Economic Burden in Individuals With CKD Associated With Type 2 Diabetes.,"Mullins, Pantalone, Betts, Song, Wu, Chen, Kong, Singh",2022,PMC9630787
Developing Augmentative and Alternative Communication Systems in Languages Other Than English: A Scoping Review.,"Amery, Thirumanickam, Barker, Lowell, Theodoros, Raghavendra",2022,HSHa17702ec
Mapping the psychoanalytic literature on bipolar disorder: a scoping review of journal articles.,"Stefana, Fusar-Poli, D'Imperio, Choplin, Dakanalis, Vieta, Youngstrom",2023,PMC9976923
Impact of moral injury and posttraumatic stress disorder on health care utilization and suicidality in rural and urban veterans.,"Parry, Hicken, Chen, Leng, Allen, Burningham",2023,HSHa17702ec
"Assessment of COVID-19 lung involvement on computed tomography by deep-learning-, threshold-, and human reader-based approaches-an international, multi-center comparative study.","Fervers, Fervers, Jaiswal, Rinneburger, Weisthoff, Pollmann-Schweckhorst, Kottlors, Carolus, Lennartz, Maintz, Shahzad, Persigehl",2022,PMC9622452
Transportability of Overall Survival Estimates From US to Canadian Patients With Advanced Non-Small Cell Lung Cancer With Implications for Regulatory and Health Technology Assessment.,"Ramagopalan, Popat, Gupta, Boyne, Lockhart, Hsu, O'Sullivan, Inskip, Ray, Cheung, Griesinger, Subbiah",2022,PMC9634498
Development and Implementation of the Data Science Learning Platform for Research Physician.,"Begic Fazlic, Schacht, Morgen, Schmeink, Lipp, Martin, Vollmer, Winter, Dartmann",2022,HSHa17702ec
Women's views and experiences of augmentation of labour with synthetic oxytocin infusion: A qualitative evidence synthesis.,"Alòs-Pereñíguez, O'Malley, Daly",2023,HSHa17702ec
Transitions in Health Insurance During the Perinatal Period Among Patients With Continuous Insurance Coverage.,"Jeung, Attanasio, Geissler",2022,PMC9631105
Implementation of the Maryland Global Budget Revenue Model and Variation in the Expenditures and Outcomes of Surgical Care: A Systematic Review and Meta-analysis.,"Shammas, Coroneos, Ortiz-Babilonia, Graton, Jain, Offodile",2023,HSHa17702ec
"Health systems in the European Union and policy responses to Covid-19: A comparative analysis between Germany, Sweden, and Greece.",Tsalampouni,2022,PMC9596684
The impact of peer coach-led type 2 diabetes mellitus interventions on glycaemic control and self-management outcomes: A systematic review and meta-analysis.,"Verma, Gopaldasani, Jain, Chauhan, Chawla, Verma, Hosseinzadeh",2022,HSHa17702ec
The Cost of Neurodevelopmental Disability: Scoping Review of Economic Evaluation Methods.,"Kularatna, Jadambaa, Senanayake, Brain, Hawker, Kasparian, Abell, Auld, Eagleson, Justo, McPhail",2022,PMC9596191
Health care resource utilization and costs among individuals with vs without Huntington disease in a US population.,"To, Exuzides, Abbass, Patel, Ta, Surinach, Fuller, Luo",2022,PMC10373050
Healthcare Use in the Year Following Bronchiolitis Hospitalization.,"Pelletier, Au, Fuhrman, Marroquin, Suresh, Clark, Kochanek, Horvat",2022,PMC9946196
Analysis of temporal trends in robotic surgery costs using the outpatient inguinal hernia repair model.,"Read, Janjua, Rogers, Kuo",2023,HSHa17702ec
Diagnostic amyloid light chain amyloidosis hospitalizations associated with high acuity and cost: analysis of the Premier Healthcare Database.,"D'Souza, Broder, Bognar, Chang, Tarbox, Quock",2022,HSHa17702ec
"The patient, diagnostic, and treatment intervals in adult patients with cancer from high- and lower-income countries: A systematic review and meta-analysis.","Petrova, Špacírová, Fernández-Martínez, Ching-López, Garrido, Rodríguez-Barranco, Pollán, Redondo-Sánchez, Espina, Higueras-Callejón, Sánchez",2022,PMC9584443
Integrating real-world data from Brazil and Pakistan into the OMOP common data model and standardized health analytics framework to characterize COVID-19 in the Global South.,"Junior, Normando, Flores-Ortiz, Afzal, Jamil, Bertolin, Oliveira, Martufi, de Sousa, Bashir, Burn, Ichihara, Barreto, Salles, Prieto-Alhambra, Hafeez, Khalid",2023,PMC9619798
A novel image-based machine learning model with superior accuracy and predictability for knee arthroplasty loosening detection and clinical decision making.,"Lau, Chui, Man, Xin, Ho, Mak, Ong, Law, Cheung, Yung",2022,PMC9562957
Is There Synergistic Effect Between Obesity and Hypoalbuminemia on Postoperative Outcomes Among Primary Total Shoulder Arthroplasty Recipients?,"Buzney, Zhong, Gulotta, Memtsoudis, Liu",2022,PMC9527546
Unveiling mechanisms of change in digital interventions for depression: Study protocol for a systematic review and individual participant data meta-analysis.,"Domhardt, Grund, Mayer, Büscher, Ebert, Sander, Karyotaki, Cuijpers, Baumeister",2022,PMC9574035
"State and Government Administrative Databases: Medicare, National Inpatient Sample (NIS), and State Inpatient Databases (SID) Programs.","Meier, Pollock, Kurtz, Lau",2022,HSHa17702ec
Analytical Frameworks and Outcome Measures in Economic Evaluations of Digital Health Interventions: A Methodological Systematic Review.,"Benedetto, Filipe, Harris, Spencer, Hickson, Clegg",2023,PMC9742632
Content-Based Medical Image Retrieval System for Skin Melanoma Diagnosis Based on Optimized Pair-Wise Comparison Approach.,"Rout, Ahirwal, Atulkar",2023,PMC9984623
Oncology Drug Effectiveness from Electronic Health Record Data Calibrated Against RCT Evidence: The PARSIFAL Trial Emulation.,"Merola, Young, Schrag, Lin, Robert, Schneeweiss",2022,PMC9563733
"Real-World Analysis of Treatment Patterns, Healthcare Utilization, Costs, and Mortality Among People with Biliary Tract Cancers in the USA.","Healey, Seal, Princic, Black, Malangone-Monaco, Azad, Smoot",2022,PMC9568962
Experiences that influence how trained providers support women with breastfeeding: A systematic review of qualitative evidence.,"Chesnel, Healy, McNeill",2022,PMC9565393
"Surge in Incidence and Coronavirus Disease 2019 Hospital Risk of Death, United States, September 2020 to March 2021.","Patel, Murphy, Karanth, Shiffaraw, Peters, Hohmann, Greenberg",2022,PMC9550629
A systematic review of emotion regulation in parent-mediated interventions for autism spectrum disorder.,"Hendrix, Pickard, Binion, Kushner",2022,PMC9544248
Leveraging machine learning to ascertain the implications of preoperative body mass index on surgical outcomes for 282 patients with preoperative obesity and lumbar spondylolisthesis in the Quality Outcomes Database.,"Agarwal, Aabedi, Chan, Letchuman, Shabani, Bisson, Bydon, Glassman, Foley, Shaffrey, Potts, Shaffrey, Coric, Knightly, Park, Wang, Fu, Slotkin, Asher, Virk, Haid, Chou, Mummaneni",2023,HSHa17702ec
Adaptation and validation of a coding algorithm for the Charlson Comorbidity Index in administrative claims data using the SNOMED CT standardized vocabulary.,"Fortin, Reps, Ryan",2022,PMC9541054
Predicting the future: introducing business analytics to endoscopy units.,"Pinho, Veloso, Estevinho, Rodrigues, Lobo, Amorim-Lopes, Freitas",2023,HSHa17702ec
A bottom-up approach to developing a unified trauma-minority stress model for transgender and gender diverse people.,"Salomaa, Livingston, Bryant, Herbitter, Harper, Sloan, Hinds, Gyuro, Valentine, Shipherd",2023,HSHa17702ec
Impact of an Interdisciplinary Goals-of-Care Program Among Medical Inpatients at a Comprehensive Cancer Center During the COVID-19 Pandemic: A Propensity Score Analysis.,"Hui, Nortje, George, Wilson, Urbauer, Lenz, Wallace, Andersen, Mendoza, Haque, Ahmed, Delgado-Guay, Dalal, Rathi, Reddy, McQuade, Flowers, Pisters, Aloia, Bruera",2023,PMC9870226
Developing EMR-based algorithms to Identify hospital adverse events for health system performance evaluation and improvement: Study protocol.,"Wu, Eastwood, Zeng, Quan, Long, Zhang, Ghali, Bakal, Boussat, Flemons, Forster, Southern, Knudsen, Popowich, Xu",2022,PMC9534418
Household and area determinants of emergency department attendance and hospitalisation in people with multimorbidity: a systematic review.,"MacRae, Fisken, Lawrence, Connor, Pearce, Marshall, Lawson, Dibben, Mercer, Guthrie",2022,PMC9535173
"Seasonal influenza, its complications and related healthcare resource utilization among people 60 years and older: A descriptive retrospective study in Japan.","Hagiwara, Harada, Nealon, Okumura, Kimura, Chaves",2022,PMC9529100
Association of Antidepressant Use During Pregnancy With Risk of Neurodevelopmental Disorders in Children.,"Suarez, Bateman, Hernández-Díaz, Straub, Wisner, Gray, Pennell, Lester, McDougle, Zhu, Mogun, Huybrechts",2022,PMC9531086
"An Italian multicentre distributed data research network to study the use, effectiveness, and safety of immunosuppressive drugs in transplant patients: Framework and perspectives of the CESIT project.","Belleudi, Rosa, Finocchietti, Poggi, Marino, Massari, Spila Alegiani, Masiero, Ricci, Bedeschi, Puoti, Cardillo, Pierobon, Nordio, Ferroni, Zanforlini, Piccolo, Leone, Ledda, Carta, Garau, Lucenteforte, Davoli, Addis",2022,PMC9521186
International cohort study indicates no association between alpha-1 blockers and susceptibility to COVID-19 in benign prostatic hyperplasia patients.,"Nishimura, Xie, Kostka, Duarte-Salles, Fernández Bertolín, Aragón, Blacketer, Shoaibi, DuVall, Lynch, Matheny, Falconer, Morales, Conover, Chan You, Pratt, Weaver, Sena, Schuemie, Reps, Reich, Rijnbeek, Ryan, Hripcsak, Prieto-Alhambra, Suchard",2022,PMC9518954
Patient Navigators for CKD and Kidney Failure: A Systematic Review.,"Taha, Iman, Hingwala, Askin, Mysore, Rigatto, Bohm, Komenda, Tangri, Collister",2022,PMC9516458
Laboratory validation and clinical performance of a saliva-based test for monkeypox virus.,"Allan-Blitz, Carragher, Sukhija-Cohen, Ritchie, Scott, Li, Klausner",2023,PMC10091791
Learning needs assessments in continuing professional development: A scoping review.,"Al-Ismail, Naseralallah, Hussain, Stewart, Alkhiyami, Abu Rasheed, Daud, Pallivalapila, Nazar",2023,HSHa17702ec
Confronting implicit bias toward patients: a scoping review of post-graduate physician curricula.,"Gleicher, Chalmiers, Aiyanyor, Jain, Kotha, Scott, Song, Tram, Vuong, Kesselheim",2022,PMC9520104
What matters most to adults with a tracheostomy in ICU and the implications for clinical practice: a qualitative systematic review and metasynthesis.,"Newman, Clunie, Wallace, Smith, Martin, Pattison",2022,HSHa17702ec
Determinants of basic childhood vaccination coverage in European and OECD countries.,"Varbanova, Verelst, Hens, Beutels",2022,PMC9746410
Percutaneous Left Atrial Appendage Occlusion in Comparison to Non-Vitamin K Antagonist Oral Anticoagulant Among Patients With Atrial Fibrillation.,"Noseworthy, Van Houten, Krumholz, Kent, Abraham, Graff-Radford, Alkhouli, Henk, Shah, Gersh, Friedman, Holmes, Yao",2022,PMC9673739
Data transforming: A concept analysis.,"Luo, Wang",2022,HSHa17702ec
"Jolkinolide B: A comprehensive review of its physicochemical properties, analytical methods, synthesis and pharmacological activity.","Zhang, Yan, Zhang, Xia, Lian, Wang, He, Zhang, Xu",2022,HSHa17702ec
Utilizing educational technology in enhancing undergraduate nursing students' engagement and motivation: A scoping review.,"Kowitlawakul, Tan, Suebnukarn, Nguyen, Poo, Chai, Wang, Devi",2022,HSHa17702ec
The Future of Spine Care Innovation-Software not Hardware: How the Digital Transformation Will Change Spine Care Delivery.,"Simpson, Crawford, Striano, Kang, Schoenfeld",2023,HSHa17702ec
Time to Treatment Intensification to Reduce Diabetes-Related Complications: A Post Hoc Study.,"Kaewbut, Kosachunhanun, Phrommintikul, Chinwong, Hall, Chinwong",2022,PMC9498838
From compute to care: Lessons learned from deploying an early warning system into clinical practice.,"Pou-Prom, Murray, Kuzulugil, Mamdani, Verma",2022,PMC9483018
Risk of Guillain-Barré Syndrome Among Older Adults Receiving Influenza Vaccine in Taiwan.,"Yen, Wei, Wang, Huang, Chang",2022,PMC9494192
Conditions for the success and the feasibility of health mediation for healthcare use by underserved populations: a scoping review.,"Richard, Vandentorren, Cambon",2022,PMC9490640
Clinical reasoning by pharmacists: A scoping review.,"Mertens, Koster, Deneer, Bouvy, van Gelder",2022,HSHa17702ec
Influenza vaccine and subsequent development of zoster.,"Wei, Chang, Huang",2023,PMC9835400
Multi-omic Characterization of Pancreatic Ductal Adenocarcinoma Relates CXCR4 mRNA Expression Levels to Potential Clinical Targets.,"Kocher, Puccini, Untergasser, Martowicz, Zimmer, Pircher, Baca, Xiu, Haybaeck, Tymoszuk, Goldberg, Petrillo, Shields, Salem, Marshall, Hall, Korn, Nabhan, Battaglin, Lenz, Lou, Choo, Toh, Gasteiger, Pichler, Wolf, Seeber",2022,PMC9660543
Grief and bereavement of family and friends around medical assistance in dying: scoping review.,"Yan, Bytautas, Isenberg, Kaplan, Hashemi, Kornberg, Hendrickson",2023,PMC10803956
Big data analytics frameworks for the influence of gut microbiota on the development of tic disorder.,"Fan, Bian, Zhang, Wu, Wang, Zhang, Wang, Han",2022,PMC9452719
Retrospective Comparison of Clinical and Economic Outcomes of Non-Donor Patients Undergoing Radical Nephrectomy Using One of Two Different Linear Stapler Technologies for Transection of the Renal Vessels: Fixed-Height Gripping Surface Reloads vs Variable-Height Reloads.,"Johnston, Johnson, Chakke, Roy, Grange, Pollack",2022,PMC9450510
FHIR-Ontop-OMOP: Building clinical knowledge graphs in FHIR RDF with the OMOP Common data Model.,"Xiao, Pfaff, Prud'hommeaux, Booth, Sharma, Huo, Yu, Zong, Ruddy, Chute, Jiang",2022,PMC9561043
CortexVR: Immersive analysis and training of cognitive executive functions of soccer players using virtual reality and machine learning.,"Krupitzer, Naber, Stauffert, Mayer, Spielmann, Ehmann, Boci, Bürkle, Ho, Komorek, Heinickel, Kounev, Becker, Latoschik",2022,PMC9446155
Associations between public and self-stigma of help-seeking with help-seeking attitudes and intention: A meta-analytic structural equation modeling approach.,"Yu, Chio, Chan, Mak, Zhang, Vogel, Lai",2023,HSHa17702ec
Optimizing Falls-related Planning and Intervention for Nursing Facilities by Ownership Type.,Hosseini,2024,HSHa17702ec
The impact of implementing patient-reported measures in routine maternity care: a systematic review.,"Chen, Väyrynen, Schmidt, Leskelä, Torkki, Heinonen, Tekay, Acharya",2022,PMC9812106
The collateral damage of COVID-19 to cardiovascular services: a meta-analysis.,"Nadarajah, Wu, Hurdus, Asma, Bhatt, Biondi-Zoccai, Mehta, Ram, Ribeiro, Van Spall, Deanfield, Lüscher, Mamas, Gale",2022,PMC9724453
Integrating Artificial Intelligence for Clinical and Laboratory Diagnosis - a Review.,"Undru, Uday, Lakshmi, Kaliappan, Mallamgunta, Nikhat, Sakthivadivel, Gaur",2022,PMC9375890
Measures of fidelity of delivery and engagement in self-management interventions: A systematic review of measures.,"Rookes, Schrag, Walters, Armstrong",2022,PMC9679554
Prediction of total healthcare cost following total shoulder arthroplasty utilizing machine learning.,"Gowd, Agarwalla, Beck, Rosas, Waterman, Romeo, Liu",2022,HSHa17702ec
"Tdap-HPV vaccination bundling in the USA: Trends, predictors, and implications for vaccine series completion.","Zhu, Wu, Giuliano, Fernandez, Ortiz, Cazaban, Li, Deshmukh, Sonawane",2022,PMC9691592
How do women who are informed that they are at increased risk of breast cancer appraise their risk? A systematic review of qualitative research.,"Woof, Howell, McWilliams, Gareth Evans, French",2022,PMC9681857
"A replicable, open-source, data integration method to support national practice-based research & quality improvement systems.","Fernandes, Donahue, Hoch, Cash, Zafar, Jacobs, Hosford, Voinescu, Fureman, Buchhalter, McGraw, Westover, Moura",2022,PMC9810436
Measures of Engagement With mHealth Interventions in Patients With Heart Failure: Scoping Review.,"Madujibeya, Lennie, Aroh, Chung, Moser",2022,PMC9446141
Understanding Early Pandemic Severe Acute Respiratory Syndrome Coronavirus 2 Transmission in a Medical Center by Incorporating Public Sequencing Databases to Mitigate Bias.,"Turcinovic, Schaeffer, Taylor, Bouton, Odom-Mabey, Weber, Lodi, Ragan, Connor, Jacobson, Hanage",2022,PMC9452097
Long-term Health Care Utilization and Associated Costs After Dialysis-Treated Acute Kidney Injury in Children.,"Robinson, Klowak, Jeyakumar, Luo, Wald, Garg, Nash, McArthur, Greenberg, Askenazi, Mammen, Thabane, Goldstein, Silver, Parekh, Zappitelli, Chanchlani",2023,HSHa17702ec
"Visualizations throughout pharmacoepidemiology study planning, implementation, and reporting.","Gatto, Wang, Murk, Mattox, Brookhart, Bate, Schneeweiss, Rassen",2022,PMC9826437
Analytical Approaches to Reduce Selection Bias in As-Treated Analyses with Missing In-Hospital Drug Information.,"Baek, Noh, Oh, Jeong, Filion, Lee, Shin",2022,HSHa17702ec
Online health management continuance and the moderating effect of service type and age difference: A meta-analysis.,"Shen, Xu, Liang, Wang, Lu, Lu, Gao",2022,HSHa17702ec
Do Community-level Disadvantages Account for Racial Disparities in the Safety of Spine Surgery? A Large Database Study Based on Medicare Claims.,"Engler, Vasavada, Vanneman, Schoenfeld, Martin",2023,PMC9831153
"Incidence, prevalence, and timing of postpartum complications and mortality in Canada and the United States: a systematic review and meta-analysis protocol.","Ke, Vidler, Dol, Carvalho, Blake, George, Bone, Seligman, Coombs, Chau, Saville, Gibbs, Sultan",2022,HSHa17702ec
Disease burden of primary biliary cholangitis and associated pruritus based on a cross-sectional US claims analysis.,"Gungabissoon, Gibbons, Requena, Ribeiro de Souza, Smith",2022,PMC9386220
Utility of automated data-adaptive propensity score method for confounding by indication in comparative effectiveness study in real world Medicare and registry data.,"Kumamaru, Jalbert, Nguyen, Williams, Miyata, Setoguchi",2022,PMC9377588
Current Practices for Accounting for Preference Heterogeneity in Health-Related Discrete Choice Experiments: A Systematic Review.,"Karim, Craig, Vass, Groothuis-Oudshoorn",2022,PMC8005924
Characteristics of Living Systematic Review for COVID-19.,"Chen, Luo, Li, Xu, Zeng, Yu, Zhang",2022,PMC9359410
IoT-Based Monitoring System Applied to Aeroponics Greenhouse.,"Méndez-Guzmán, Padilla-Medina, Martínez-Nolasco, Martinez-Nolasco, Barranco-Gutiérrez, Contreras-Medina, Leon-Rodriguez",2022,PMC9371135
Broad application prospects of bone turnover markers in pediatrics.,"Zhang, Huang, Li, Zhang, Yu, Li, Zhou, Yu",2022,PMC9459349
Variations in comorbidity burden in people with type 2 diabetes over disease duration: A population-based analysis of real world evidence.,"Pearson-Stuttard, Holloway, Polya, Sloan, Zhang, Gregg, Harrison, Elvidge, Jonsson, Porter",2022,PMC9356197
Differences between men and women in response to antiseizure medication use and the likelihood of developing treatment resistant epilepsy.,"Cepeda, Teneralli, Kern, Novak",2022,PMC9712479
Real-world survival outcomes in patients with locally advanced or metastatic NTRK fusion-positive solid tumors receiving standard-of-care therapies other than targeted TRK inhibitors.,"Hibar, Demetri, Peters, Davies, Humblet, Maund, Perez",2022,PMC9359555
Translational framework for implementation evaluation and research: Protocol for a qualitative systematic review of studies informed by Normalization Process Theory (NPT) [version 1; peer review: 2 approved].,"May, Albers, Desveaux, Finch, Gilbert, Hillis, Girling, Kislov, MacFarlane, Mair, May, Murray, Potthoff, Rapley",2022,PMC7613237
Mood Stabilizers and Antipsychotics for Acute Mania: Systematic Review and Meta-Analysis of Augmentation Therapy vs Monotherapy From the Perspective of Time to the Onset of Treatment Effects.,"Tajika, Hori, Iga, Koshikawa, Ogata, Ogawa, Watanabe, Kato, Matsuo, Kato",2022,PMC9593220
Assessment of Real-World Escalation to Biologics in US Patients With Asthma.,"Bender, Oppenheimer, George, Brown, Patel, Hill, Boe, Mayen Herrera, Dotiwala, Casciano, Bernstein",2022,HSHa17702ec
A scoping review of best practices in home enteral tube feeding.,"Byrnes, Mockler, Lyons, Loane, Russell, Bennett",2022,PMC9381166
The Perceptions and Experiences of Undergraduate Healthcare Students With Debriefing Methods: A Systematized Review.,"Arabi, Kennedy",2023,HSHa17702ec
Verification of examination procedures for 72 biochemical parameters on the atellica® clinical chemistry and immunoassay analyzers.,"Martínez-Morillo, Elena-Pérez, Cembrero-Fuciños, García-Codesal, Contreras-Sanfeliciano",2022,HSHa17702ec
Cost-Effectiveness Analysis of Dapagliflozin Plus Standard Treatment for Patients With Type 2 Diabetes and High Risk of Cardiovascular Disease in China.,"Huang, Wang, Sun, Zhu, Zhou, Liu, Zhu, Xie",2022,PMC9326075
Predicting Readmission Charges Billed by Hospitals: Machine Learning Approach.,"Gopukumar, Ghoshal, Zhao",2022,PMC9472041
Towards the Use of Big Data in Healthcare: A Literature Review.,"Dicuonzo, Galeone, Shini, Massari",2022,PMC9322051
Bittersweet transformative experiences in professionals working with suicidal patients: a meta-synthesis.,"Ferracioli, Rodrigues, Santos",2023,PMC9976915
"Menopausal status, ultrasound and biomarker tests in combination for the diagnosis of ovarian cancer in symptomatic women.","Davenport, Rai, Sharma, Deeks, Berhane, Mallett, Saha, Champaneria, Bayliss, Snell, Sundar",2022,PMC9314189
Clinico-Genomic Characterization of Patients with Metastatic Urothelial Carcinoma in Real-World Practice Identifies a Novel Bladder Immune Performance Index (BIPI).,"Szabados, Ponz-Sarvisé, Machado, Saldana, Kadel, Banchereau, Bouquet, Garmhausen, Powles, Schröder",2022,HSHa17702ec
Health care resource utilization and costs associated with treatment among patients initiating calcitonin gene-related peptide inhibitors vs other preventive migraine treatments in the United States.,"Varnado, Manjelievskaia, Ye, Perry, Schuh, Wenzel",2022,PMC10373045
Vaccine Safety Surveillance Using Routinely Collected Healthcare Data-An Empirical Evaluation of Epidemiological Designs.,"Schuemie, Arshad, Pratt, Nyberg, Alshammari, Hripcsak, Ryan, Prieto-Alhambra, Lai, Li, Fortin, Minty, Suchard",2022,PMC9299244
Nanopore Identification of Alditol Epimers and Their Application in Rapid Analysis of Alditol-Containing Drinks and Healthcare Products.,"Liu, Zhang, Wang, Wang, Cao, Sun, Fan, Zhang, Chen, Huang",2022,HSHa17702ec
Medicare Advantage coverage restrictions for the costliest physician-administered drugs.,"Anderson, Alexander, Ma, Dy, Sen",2022,PMC11370996
A theoretical systematic review of patient involvement in health and social care education.,"Bennett-Weston, Gay, Anderson",2023,PMC9992014
"The effects of guar gum supplementation on lipid profile in adults: a GRADE-assessed systematic review, meta-regression and dose-response meta-analysis of randomised placebo-controlled trials.","Setayesh, Pourreza, Zeinali Khosroshahi, Asbaghi, Bagheri, Rezaei Kelishadi, Wong, Clark, Larky, Suzuki, Ghanavati",2023,HSHa17702ec
Methods to Summarize Discrete-Choice Experiments in a Systematic Review: A Scoping Review.,"Choudhary, Thomas, Pacheco-Barrios, Zhang, Alonso-Coello, Schünemann, Hazlewood",2022,PMC2335261
Core concepts in pharmacoepidemiology: Measures of drug utilization based on individual-level drug dispensing data.,"Rasmussen, Wettermark, Steinke, Pottegård",2022,PMC9545237
"Comparison of Healthcare Encounters and Drug Persistence in Patients With Pulmonary Arterial Hypertension Receiving Oral Selexipag, Inhaled Iloprost, or Parenteral Treprostinil: A Retrospective Database Analysis.","Song, Kunovszki, Beaudet",2022,PMC9178228
Multidimensional Molecular Profiling of Metastatic Triple-Negative Breast Cancer and Immune Checkpoint Inhibitor Benefit.,"Barroso-Sousa, Forman, Collier, Weber, Jammihal, Kao, Richardson, Keenan, Cohen, Manos, Brennick, Ott, Hodi, Dillon, Attaya, O'Meara, Lin, Van Allen, Rodig, Winer, Mittendorf, Wu, Wagle, Stover, Shukla, Tolaney",2022,PMC9848556
Biological Importance and Therapeutic Benefit of Rhamnocitrin: A Review of Pharmacology and Analytical Aspects.,Patel,2022,HSHa17702ec
Performance characteristics of code-based algorithms to identify urinary tract infections in large United States administrative claims databases.,"Fortin, Swerdel, Sarnecki, Doua, Colasurdo, Geurtsen",2022,HSHa17702ec
Marital status and survival in cancer patients: A systematic review and meta-analysis.,"Krajc, Miroševič, Sajovic, Klemenc Ketiš, Spiegel, Drevenšek, Drevenšek",2023,PMC9883406
Laws for expanding access to medications for opioid use disorder: a legal analysis of 16 states & Washington D.C.,"Andraka-Christou, Saloner, Gordon, Totaram, Randall-Kosich, Golan, Stein",2022,PMC10336699
Tramadol prescribed at discharge is associated with lower odds of chronic opioid use after elective total joint arthroplasty.,"Kiani, Poeran, Zhong, Wilson, Poultsides, Liu, Memtsoudis",2022,HSHa17702ec
Knowledge Mapping of Multicriteria Decision Analysis in Healthcare: A Bibliometric Analysis.,"Dai, Xu, Wu, Hu, Li, He, Hu, Liao",2022,PMC9218106
Development and performance characteristics of novel code-based algorithms to identify invasive Escherichia coli disease.,"Fortin, Hernandez Pastor, Doua, Sarnecki, Swerdel, Colasurdo, Geurtsen",2022,HSHa17702ec
Quantifying geographical accessibility to cancer clinical trials in different income landscapes.,"Tini, Trapani, Duso, Beria, Curigliano, Pelicci, Mazzarella",2022,PMC9271515
Biologic Initiation Rate in Systemic-Naïve Psoriatic Arthritis Patients Starting Treatment with Apremilast vs Methotrexate: 1-Year Retrospective Analysis of a US Claims Database.,"Husni, Chang, Broder, Paydar, Bognar, Desai, Klyachkin, Khilfeh",2022,PMC9207121
"Oral Cancer Prevalence, Mortality, and Costs in Medicaid and Commercial Insurance Claims Data.","Tranby, Heaton, Tomar, Kelly, Fager, Backley, Frantsve-Hawley",2022,PMC9437560
Socioeconomic differences associated with consumption of a plant-based diet: Results from the national health and nutrition examination survey.,"Gonzalgo, Nackeeran, Mouzannar, Blachman-Braun",2024,HSHa17702ec
Machine learning for improving high-dimensional proxy confounder adjustment in healthcare database studies: An overview of the current literature.,"Wyss, Yanover, El-Hay, Bennett, Platt, Zullo, Sari, Wen, Ye, Yuan, Gokhale, Patorno, Lin",2022,PMC9541861
Surgical rehabilitation of cleft lip and/or palate: evaluation of the Brazilian public health system.,"Silveira, Martelli, Dias, Silveira, Almeida, Martelli Júnior",2022,PMC9801040
[Humanized prenatal care in Latin America: a stat of the art].,"Jimeno Orozco, Prieto Rojas, Lafaurie Villamil",2022,PMC9426328
Cost-effectiveness analyses of durvalumab consolidation therapy versus no consolidation therapy after chemoradiotherapy in stage-III NSCLC.,"Hussain, Klugarova, Klugar",2022,HSHa17702ec
Dose coefficients for organ dosimetry in tomosynthesis imaging of adults and pediatrics across diverse protocols.,"Sharma, Kapadia, Ria, Segars, Samei",2022,PMC9536505
Barriers and facilitators to implementation of non-medical independent prescribing in primary care in the UK: a qualitative systematic review.,"Edwards, Coward, Carey",2022,PMC9185484
Data Analytics for Diagnosis and Prediction of Central Line-Associated Bloodstream Infections in Critical Care Units.,"Hooshmand, Toledo, Moghaddas, Skordilis",2022,HSHa17702ec
Living with or beyond lymphoma: A rapid review of the unmet needs of lymphoma survivors.,"Boland, Drury, Sheaf, Brady",2022,PMC9545574
Multimorbidity and mortality: A data science perspective.,"Siah, Wong, Gupta, Lo",2022,PMC9163746
Social outbreak and its association with insomnia and daytime sleepiness in Chile.,"Pizarro-Mena, Duran-Aguero, Silva",2022,PMC9153977
Feasibility of establishing a multi-center research database using the electronic health record: The PURSUIT network.,"Vemulakonda, Janzen, Hittelman, Deakyne Davies, Sevick, Richardson, Schissel, Dash, Hintz, Grider, Adams, Buck, King, Ewing, Beltran, Corbett, Chiang",2022,HSHa17702ec
Bisphosphonate Use Is Not Associated With Tuberculosis Risk Among Patients With Osteoporosis: A Nationwide Cohort Study.,"Chen, Lee, Lee, Huang, Yen, Lee, Tsai, Wang, Lee",2022,HSHa17702ec
A Telehealth and Telepsychiatry Economic Cost Analysis Framework: Scoping Review.,"Hilty, Serhal, Crawford",2023,HSHa17702ec
Uncovering chains of infections through spatio-temporal and visual analysis of COVID-19 contact traces.,"Antweiler, Sessler, Rossknecht, Abb, Ginzel, Kohlhammer",2022,PMC9134768
Symptom Severity Mixity in Older-Age Bipolar Disorder: Analyses From the Global Aging and Geriatric Experiments in Bipolar Disorder Database (GAGE-BD).,"Eyler, Briggs, Dols, Rej, Almeida, Beunders, Blumberg, Forester, Patrick, Forlenza, Gildengers, Jimenez, Vieta, Mulsant, Schouws, Paans, Strejilevich, Sutherland, Tsai, Sajatovic",2022,PMC10280310
Smartphone as a Disease Screening Tool: A Systematic Review.,"Moses, Adibi, Wickramasinghe, Nguyen, Angelova, Islam",2022,PMC9145643
Interventions to reduce loneliness among Chinese older adults: A network meta-analysis of randomized controlled trials and quasi-experimental studies.,"Li, Zhou, Wang",2023,HSHa17702ec
Healthcare resource utilization and costs among patients with psoriasis treated with ixekizumab or adalimumab over 2 years of follow-up in real-world settings.,"Blauvelt, Shi, Murage, Kern, Somani, Burge, Ridenour, Lew, Zimmerman, Zhu",2022,HSHa17702ec
Comparing absolute and relative distance and time travel measures of geographic access to healthcare facilities in rural Haiti.,"Bhangdia, Iyer, Joseph, Dorne, Mukherjee, Fadelu",2022,PMC9174809
A systematic review of economic models for cost effectiveness of physiotherapy interventions following total knee and hip replacement.,"Fatoye, Gebrye, Fatoye, Mbada",2022,HSHa17702ec
Differences in Clinical Presentation With Long COVID After Community and Hospital Infection and Associations With All-Cause Mortality: English Sentinel Network Database Study.,"Meza-Torres, Delanerolle, Okusi, Mayor, Anand, Macartney, Gatenby, Glampson, Chapman, Curcin, Mayer, Joy, Greenhalgh, Delaney, de Lusignan",2022,PMC9384859
Associations between treatment adherence-competence-integrity (ACI) and adult psychotherapy outcomes: A systematic review and meta-analysis.,"Power, Noble, Simmonds-Buckley, Kellett, Stockton, Firth, Delgadillo",2022,HSHa17702ec
The relationship between clients' expectation of therapist support and challenge and treatment outcome: A response surface analysis.,"Wang, Chung, Stuart-Maver, Schreier, Galligan, Davis, Kivlighan",2022,HSHa17702ec
Active Ingredients of Interventions Improving Smoking Cessation Support by Dutch Primary Care Providers: A Systematic Review.,"Mergelsberg, de Ruijter, Crone, Smit, Hoving",2023,HSHa17702ec
The Opportunities and Challenges of Digital Anatomy for Medical Sciences: Narrative Review.,"Wickramasinghe, Thompson, Xiao",2022,PMC9166657
The role of quality improvement collaboratives in general practice: a qualitative systematic review.,"Knight, Tam, Dennis, Fraser, Pond",2022,PMC9121486
Mental disorders following COVID-19 and other epidemics: a systematic review and meta-analysis.,"Leung, Ho, Bharwani, Cogo-Moreira, Wang, Chow, Fan, Galea, Leung, Ni",2022,PMC9110635
Using Iterative Pairwise External Validation to Contextualize Prediction Model Performance: A Use Case Predicting 1-Year Heart Failure Risk in Patients with Diabetes Across Five Data Sources.,"Williams, Reps, Kors, Ryan, Steyerberg, Verhamme, Rijnbeek",2022,PMC9114056
The alliance-outcome association in group interventions: A multilevel meta-analysis.,"Lo Coco, Gullo, Albano, Brugnera, Flückiger, Tasca",2022,HSHa17702ec
Women's views and experiences of occasional alcohol consumption during pregnancy: A systematic review of qualitative studies and their recommendations.,"Hammer, Rapp",2022,HSHa17702ec
Planning human resources and facilities to achieve Sustainable Development Goals: a decision-analytical modelling approach to predict cancer control requirements in Indonesia.,"Melyda, Gondhowiardjo, Jackson, Oppong",2022,PMC9086632
An Analytical Study of Speech Pathology Detection Based on MFCC and Deep Neural Networks.,"Zakariah, B, Ajmi Alotaibi, Guo, Tran-Trung, Elahi",2022,PMC9071878
Collegiality among social- and health care educators in higher education or vocational institutions: A mixed-method systematic review.,"Koskenranta, Kuivila, Männistö, Kääriäinen, Mikkonen",2022,HSHa17702ec
E-CatBoost: An efficient machine learning framework for predicting ICU mortality using the eICU Collaborative Research Database.,"Safaei, Safaei, Seyedekrami, Talafidaryani, Masoud, Wang, Li, Moqri",2022,PMC9070907
The Kenevo microprocessor-controlled prosthetic knee compared with non-microprocessor-controlled knees in individuals older than 65 years in Sweden: A cost-effectiveness and budget-impact analysis.,"Kuhlmann, Hagberg, Kamrad, Ramstrand, Seidinger, Berg",2022,PMC9554759
"Association between household context and emergency hospital use in older people: a retrospective cohort study on indicators for people living alone or living with somebody with frailty, developed from routine healthcare data in England.","Lloyd, Crellin, Brine, Shen, Wolters",2022,PMC9062795
A systematic review and thematic synthesis to identify factors that influence pharmacists' involvement in asthma care services: An identity crisis.,"Taqi, Rowlands, Rathbone",2021,PMC9030714
Strategies to overcome vaccine hesitancy: a systematic review.,"Singh, Dhalaria, Kashyap, Soni, Nandi, Ghosh, Mohapatra, Rastogi, Prakash",2022,PMC9044888
Does healthcare system device volume correlate with price paid for spinal implants: a cross-sectional analysis of a national purchasing database.,"Cahan, McFarlane, Segovia, Chawla, Wall, Shea",2022,PMC9045114
Adipocytokines and achievement of low disease activity in rheumatoid arthritis.,"Baker, England, George, Wysham, Johnson, Lenert, Kunkel, Sauer, Duryee, Monach, Kerr, Reimold, Thiele, Mikuls",2022,PMC11000859
Apixaban Dosing Patterns Versus Warfarin in Patients With Nonvalvular Atrial Fibrillation Receiving Dialysis: A Retrospective Cohort Study.,"Wetmore, Weinhandl, Yan, Reyes, Herzog, Roetker",2022,HSHa17702ec
Risk of hospitalisation associated with infection with SARS-CoV-2 omicron variant versus delta variant in Denmark: an observational cohort study.,"Bager, Wohlfahrt, Bhatt, Stegger, Legarth, Møller, Skov, Valentiner-Branth, Voldstedlund, Fischer, Simonsen, Kirkby, Thomsen, Spiess, Marving, Larsen, Lillebaek, Ullum, Mølbak, Krause",2022,PMC9033212
Apps on Google Play Store to assist in self-management of hypertension in Indian context: features analysis study.,"Kaur, Kaur, Rathi, Ashwitha, Joanna, Reddy, Idris, Myrtle, Kandamuru, Fatima, Joshi",2022,PMC9014236
Effect of interventions for non-emergent medical transportation: a systematic review and meta-analysis.,"Shekelle, Begashaw, Miake-Lye, Booth, Myers, Renda",2022,PMC9026972
Factors Influencing Telemedicine Use at a Northern New England Cancer Center During the COVID-19 Pandemic.,"Mackwood, Tosteson, Alford-Teaster, Curtis, Lowry, Snide, Zhao, Tosteson",2022,PMC9287286
Exploring racial disparities in treatment patterns and outcomes for patients with multiple myeloma using real world data.,"Maignan, Fashoyin-Aje, Torres, Fernandes, Gwise, Baxi, Roose, Rivera, Shen, Kluetz, Gormley",2022,PMC9018767
Synthetic Negative Controls: Using Simulation to Screen Large-scale Propensity Score Analyses.,"Wyss, Schneeweiss, Lin, Miller, Kalilani, Franklin",2022,PMC9156547
Mental disorder symptoms during the COVID-19 pandemic in Latin America - a systematic review and meta-analysis.,"Zhang, Batra, Xu, Liu, Dong, Yin, Delios, Chen, Chen, Miller, Wan, Ye, Chen",2022,PMC9069590
Measuring case severity: a novel tool for benchmarking and clinical documentation improvement.,"Xiang, Durance, Griffes, Chen, Bakshi",2022,PMC9013032
The economic burden of infertility treatment and distribution of expenditures overtime in France: a self-controlled pre-post study.,"Bourrion, Panjo, Bithorel, de La Rochebrochard, François, Pelletier-Fleury",2022,PMC9013027
Connections and Biases in Health Equity and Culture Research: A Semantic Network Analysis.,"Martínez-García, Villegas Camacho, Hernández-Lemus",2022,PMC9002348
The Impact of Health Information Technology for Early Detection of Patient Deterioration on Mortality and Length of Stay in the Hospital Acute Care Setting: Systematic Review and Meta-Analysis.,"Herasevich, Lipatov, Pinevich, Lindroth, Tekin, Herasevich, Pickering, Barwise",2022,HSHa17702ec
Reproductive decision-making of Black women living with HIV: A systematic review.,"Huertas-Zurriaga, Palmieri, Aguayo-Gonzalez, Dominguez-Cancino, Casanovas-Cuellar, Linden, Cesario, Edwards, Leyva-Moral",2022,PMC9006353
Remote cognitive-behavioral therapy for generalized anxiety disorder: A preliminary meta-analysis.,"Trenoska Basile, Newton-John, Wootton",2022,PMC9790363
Stacked deep analytic model for human activity recognition on a UCI HAR database.,"Pang, Ping, Ling, Yin, How",2021,PMC8956851
Toward a Learning Health Care System: A Systematic Review and Evidence-Based Conceptual Framework for Implementation of Clinical Analytics in a Digital Hospital.,"Lim, Austin, van der Vegt, Rahimi, Canfell, Mifsud, Pole, Barras, Hodgson, Shrapnel, Sullivan",2022,PMC8986462
"The COMPARE Database: A Public Resource for Allergen Identification, Adapted for Continuous Improvement.","van Ree, Sapiter Ballerda, Berin, Beuf, Chang, Gadermaier, Guevera, Hoffmann-Sommergruber, Islamovic, Koski, Kough, Ladics, McClain, McKillop, Mitchell-Ryan, Narrod, Pereira Mouriès, Pettit, Poulsen, Silvanovich, Song, Teuber, Bowman",2021,PMC8974746
"Multicentre oncology clinical trials in primary health care in Cuba: evaluation of programme implementation in Villa Clara Province, 2010-2020.","Lorenzo, Ortiz, Méndez, Rodríguez, Marrero, de la Barca, Granela, Artiles, Norvel, Cepeda, Toledo, González, Crespo, Torres, Nieto, Crombet, Sánchez, Lage",2022,PMC9680758
Critical Care Database Comprising Patients With Infection.,"Xu, Chen, Zhu, Yu, Chen, Huang, Wu, Zhang",2022,PMC8968758
Investigating the global prevalence and consequences of undiagnosed stage 3 chronic kidney disease: methods and rationale for the REVEAL-CKD study.,"Kushner, Peach, Wittbrodt, Barone, Chen, Sanchez, Järbrink, Arnold, Tangri",2022,PMC8967537
Has the COVID-19 pandemic lockdown worsened eating disorders symptoms among patients with eating disorders? A systematic review.,"Gao, Bagheri, Furuya-Kanamori",2022,PMC8961480
Healthcare utilization trajectory among survivors of colorectal cancer.,"Kenzik, Williams, Hollis, Bhatia",2023,PMC5385892
Cost-Effectiveness of Tumor Genomic Profiling to Guide First-Line Targeted Therapy Selection in Patients With Metastatic Lung Adenocarcinoma.,"Dong, Poonnen, Winski, Reed, Vashistha, Bates, Kelley, Voora",2022,PMC8976872
Utilisation of prescription cannabinoids in different surgical cohorts in the United States: a population-based study.,"Sideris, Zhong, Cozowicz, Poeran, Memtsoudis",2022,HSHa17702ec
Comparative Effectiveness of Immune Checkpoint Inhibitors vs Chemotherapy by Tumor Mutational Burden in Metastatic Castration-Resistant Prostate Cancer.,"Graf, Fisher, Weberpals, Gjoerup, Tierno, Huang, Sayegh, Lin, Raskina, Schrock, Severson, Haberberger, Ross, Creeden, Levy, Alexander, Oxnard, Agarwal",2022,PMC8972027
Unraveling COVID-19: A Large-Scale Characterization of 4.5 Million COVID-19 Cases Using CHARYBDIS.,"Kostka, Duarte-Salles, Prats-Uribe, Sena, Pistillo, Khalid, Lai, Golozar, Alshammari, Dawoud, Nyberg, Wilcox, Andryc, Williams, Ostropolets, Areia, Jung, Harle, Reich, Blacketer, Morales, Dorr, Burn, Roel, Tan, Minty, DeFalco, de Maeztu, Lipori, Alghoul, Zhu, Thomas, Bian, Park, Martínez Roldán, Posada, Banda, Horcajada, Kohler, Shah, Natarajan, Lynch, Liu, Schilling, Recalde, Spotnitz, Gong, Matheny, Valveny, Weiskopf, Shah, Alser, Casajust, Park, Schuff, Seager, DuVall, You, Song, Fernández-Bertolín, Fortin, Magoc, Falconer, Subbian, Huser, Ahmed, Carter, Guan, Galvan, He, Rijnbeek, Hripcsak, Ryan, Suchard, Prieto-Alhambra",2022,PMC8957305
Real-world assessment of the relationship between migraine-related disability and healthcare costs in the United States.,"Harris, L'Italien, Kumar, Seelam, LaVallee, Coric, Lipton",2022,PMC9313575
No increased risk of flare in ulcerative colitis patients in corticosteroid-free remission after stopping 5-aminosalicylic acid: A territory-wide population-based study.,"Mak, Yuen, Yip, Lam, Lam, Cheng, Wong, Chan, Ng",2022,HSHa17702ec
Summary Measures of Health Inequality: A Review of Existing Measures and Their Application.,"Schlotheuber, Hosseinpoor",2022,PMC8992138
Elevations in adipocytokines and mortality in rheumatoid arthritis.,"Baker, England, George, Wysham, Johnson, Kunkel, Sauer, Hamilton, Hunter, Duryee, Monach, Kerr, Reimold, Xiao, Thiele, Mikuls",2022,PMC9707328
Associations between dietary patterns and stages of chronic kidney disease.,"Lin, Chen, Hsu, Lin, Wang, Weng, Kao, Huang",2022,PMC8939097
Neuropsychological Outcomes in Individuals With Type 1 and Type 2 Diabetes.,"Putnam, Reynolds, Banerjee, Mizokami-Stout, Albright, Lee, Pop-Busui, Feldman, Callaghan",2022,PMC8934404
Facilitators and barriers for lifestyle change in people with prediabetes: a meta-synthesis of qualitative studies.,"Skoglund, Nilsson, Olsen, Bergland, Hilde",2022,PMC8935766
Inequities in Health Care Services Caused by the Adoption of Digital Health Technologies: Scoping Review.,"Yao, Zhang, Evans, Cao, Rui, Shen",2022,PMC8981004
"Describing the linkage between administrative social assistance and health care databases in Ontario, Canada.","de Oliveira, Gatov, Rosella, Chen, Strauss, Azimaee, Paterno, Guttmann",2022,PMC8900651
[Fermented milk and probiotic foods are an important part of population diet during SARS-CoV-2 pandemic].,"Sankova, Kytko, Dydykina, Drakina, Vasili'ev",2022,HSHa17702ec
Cost of cancer management by stage at diagnosis among Medicare beneficiaries.,"Reddy, Broder, Chang, Paydar, Chung, Kansal",2022,HSHa17702ec
iHealth: The ethics of artificial intelligence and big data in mental healthcare.,Rubeis,2022,PMC8897624
Compensation Claims in Danish Emergency Care: Identifying Hot Spots and Blind Spots in the Quality of Care.,"Morsø, Birkeland, Walløe, Gudex, Brabrand, Mikkelsen, Bogh",2022,HSHa17702ec
Predictors of new persistent opioid use after benign hysterectomy in the United States.,"AlAshqar, Ishiwata, Moss, Andersen, Yanek, Bicket, Alexander, Borahay",2022,PMC9253094
"Hospitalization for computer-assisted hexapod ring fixation application - analyses of patient variability, peri-operative complications, hospital costs, and discharge status.","Reid, Vanderkarr, Ray, Chitnis, Holy, Sparks",2022,PMC8897910
Temporal trends and predictors of surgical ablation for atrial fibrillation across a multistate healthcare system.,"Brancato, Wang, Spinelli, Gandhavadi, Worrall, Lehr, DeBoard, Fitton, Leiataua, Piccini, Gluckman",2022,PMC8859806
Building a Learning Health System: Creating an Analytical Workflow for Evidence Generation to Inform Institutional Clinical Care Guidelines.,"Dash, Gokhale, Patel, Callahan, Posada, Krishnan, Collins, Li, Schulman, Ren, Shah",2022,PMC8890914
A meta-analysis on neural changes of cognitive training for mental disorders in executive function tasks: increase or decrease brain activation?,"Li, Wu, Yuan, Wang, Wang, Zhong, Zhang, Heffner, Fox",2022,PMC8886766
Investigating the secondary care system burden of CRSwNP in sinus surgery patients with clinically relevant comorbidities using the HES database.,"Hopkins, Conlon, Chavda, Hudson, Rout",2022,HSHa17702ec
A novel generalized fuzzy intelligence-based ant lion optimization for internet of things based disease prediction and diagnosis.,"Verma, Agarwal, Gupta",2022,PMC8868039
Healthcare Utilization and Costs Associated With Perinatal Depression Among Medicaid Enrollees.,"Pollack, Chen, Cox, Luo, Robbins, Tevendale, Li, Ko",2022,PMC9247863
Systematic Review of Health Economic Evaluations Focused on Artificial Intelligence in Healthcare: The Tortoise and the Cheetah.,"Voets, Veltman, Slump, Siesling, Koffijberg",2022,HSHa17702ec
Monthly trends and seasonality of hemodialysis treatment and outcomes of newly initiated patients from the national database (NDB) of Japan.,"Tsunoda, Mitsutake, Ishikawa, Sato, Goda, Nakashima, Kitsuregawa, Yamagata",2022,PMC6568106
A scoping review of outcomes of operational success for nurse scientists in clinical practice settings.,"Granger, Bryant, Crow, Tracy",2022,HSHa17702ec
Trends in the Annual Consultation Incidence and Prevalence of Low Back Pain and Osteoarthritis in England from 2000 to 2019: Comparative Estimates from Two Clinical Practice Databases.,"Yu, Missen, Jordan, Edwards, Bailey, Wilkie, Fitzpatrick, Ali, Niblett, Peat",2022,PMC8860349
CoCross: An ICT Platform Enabling Monitoring Recording and Fusion of Clinical Information Chest Sounds and Imaging of COVID-19 ICU Patients.,"Kilintzis, Beredimas, Kaimakamis, Stefanopoulos, Chatzis, Jahaj, Bitzani, Kotanidou, Katsaggelos, Maglaveras",2022,PMC8871733
Impact of primary and recurrent genital herpes on the quality of life of young people and adults: a mixed methods systematic review.,"Bennett, Rebafka, Carrier, Cook, Edwards",2022,HSHa17702ec
Women's experiences of prison-based mental healthcare: a systematic review of qualitative literature.,"Bright, Higgins, Grealish",2023,PMC10427976
Pandemic Response in the Clinical Laboratory: The Utility of Interactive Dashboards.,"Petrides, Conrad, Terebo, Melanson",2022,PMC8841220
"Precision Rehabilitation: Optimizing Function, Adding Value to Health Care.","French, Roemmich, Daley, Beier, Penttinen, Raghavan, Searson, Wegener, Celnik",2022,HSHa17702ec
Diagnostics and Treatments of COVID-19: A Living Systematic Review of Economic Evaluations.,"Elvidge, Summerfield, Nicholls, Dawoud",2022,PMC8847103
An Overview of Commonly Used Data Sources in Observational Research in Anesthesia.,"Zhong, Thor, Illescas, Cozowicz, Della Valle, Liu, Memtsoudis, Poeran",2022,HSHa17702ec
Decision fusion in healthcare and medicine: a narrative review.,"Nazari, Biviji, Roshandel, Pour, Shahriari, Mehrabian, Tabesh",2022,PMC8800206
Patients' experiences across the trajectory of atrial fibrillation: A qualitative systematic review.,"Wang, Liu, Bao, Gao, Peng, Huang, Yu, Wang, Sun",2022,PMC9122416
Automated data extraction of electronic medical records: Validity of data mining to construct research databases for eligibility in gastroenterological clinical trials.,"Joseph, Lindblad, Zaker, Elfversson, Albinzon, Ødegård, Hantler, Hellström",2022,PMC8809051
Association Between Neighborhood-Level Social Determinants of Health and Access to Pediatric Appendicitis Care.,"Bouchard, Kan, Tian, Casale, Smith, De Boer, Linton, Abdullah, Ghomrawi",2022,PMC8851303
Development and Validation of a Multivariable Prediction Model for Postoperative Intensive Care Unit Stay in a Broad Surgical Population.,"Rozeboom, Henderson, Dyas, Bronsert, Colborn, Lambert-Kerzner, Hammermeister, McIntyre, Meguid",2022,PMC8851361
Racial Differences in Treatments and Toxicity in Patients With Non-Small-Cell Lung Cancer Treated With Thoracic Radiation Therapy.,"Laucis, Hochstedler, Schipper, Paximadis, Boike, Bergsma, Movsas, Kretzler, Spratt, Dess, Mietzel, Dominello, Matuszak, Jagsi, Hayman, Pierce, Jolly",2022,HSHa17702ec
A cancer graph: a lung cancer property graph database in Neo4j.,Tuck,2022,PMC8842806
"Access to, and experiences of, maternity care for women with physical disabilities: A scoping review.","Blair, Cao, Wilson, Homer",2022,HSHa17702ec
"Time to diagnosis and treatment of lung cancer: A systematic overview of risk factors, interventions and impact on patient outcomes.","Zhang, IJzerman, Oberoi, Karnchanachari, Bergin, Franchini, Druce, Wang, Emery",2022,HSHa17702ec
Cost-effectiveness of dehydrated human amnion/chorion membrane allografts in lower extremity diabetic ulcer treatment.,"Tettelbach, Armstrong, Chang, Jong, Glat, Hsu, Kelso, Niezgoda, Labovitz, Hubbs, Forsyth, Cohen, Reid, Padula",2022,HSHa17702ec
Trends in the delivery of reimbursed nicotine replacement therapies between 2016 and 2019 in France.,"Rochoy, Babol, Péan, Deleplanque, Gautier, Berkhout",2022,HSHa17702ec
Effectiveness of educational interventions on evidence-based practice for nurses in clinical settings: A systematic review and meta-analysis.,"Sapri, Ng, Wu, Klainin-Yobas",2022,HSHa17702ec
Critical review and meta-analysis of biological variation estimates for tumor markers.,"Marques-Garcia, Boned, González-Lao, Braga, Carobene, Coskun, Díaz-Garzón, Fernández-Calle, Perich, Simon, Jonker, Aslan, Bartlett, Sandberg, Aarsand",2022,HSHa17702ec
Using system dynamics modelling to assess the economic efficiency of innovations in the public sector - a systematic review.,"Jadeja, Zhu, Lebcir, Sassi, Holmes, Ahmad",2022,PMC8830692
Views and experiences of maternal healthcare providers regarding influenza vaccine during pregnancy globally: A systematic review and qualitative evidence synthesis.,"Alhendyani, Jolly, Jones",2022,PMC8830613
Interpretable Model Based on Pyramid Scene Parsing Features for Brain Tumor MRI Image Segmentation.,"Zhao, Xin, Wang, Wang, Wang",2022,PMC8820931
Research strategies in treatment of hypertension: value of retrospective real-life data.,"Corrao, Mancia",2022,HSHa17702ec
"Reporting adherence, validity and physical activity measures of wearable activity trackers in medical research: A systematic review.","Chan, Chan, Lee, Ng, Yeo",2022,HSHa17702ec
Timing of Adjuvant Durvalumab Initiation Is Not Associated With Outcomes in Stage III Non-small Cell Lung Cancer.,"Bryant, Sankar, Strohbehn, Zhao, Elliott, Daniel, Ramnath, Green",2022,PMC9018488
Evaluating the performance of temporal pattern discovery: new application using statins and rhabdomyolysis in OMOP databases.,"Lavallee, Yu, Evans, Van Hemelrijck, Bosco, Golozar, Asiimwe",2022,PMC8812213
Interprofessional communication in the hospital setting : a systematic review of the qualitative literature.,"L Gleeson, O'Brien, O'Mahony, Byrne",2023,HSHa17702ec
Cost-effectiveness of telehealth-delivered diet and exercise interventions: A systematic review.,"Law, Kelly, Savill, Wallen, Hickman, Erku, Mayr",2024,HSHa17702ec
Association between health system specialty pharmacy use and health care costs among national sample of Medicare Advantage beneficiaries.,"Hellems, Soni, Fasching, Smith, McManus",2022,PMC10373032
Does the 5-2-1 criteria identify patients with advanced Parkinson's disease? Real-world screening accuracy and burden of 5-2-1-positive patients in 7 countries.,"Malaty, Martinez-Martin, Chaudhuri, Odin, Skorvanek, Jimenez-Shahed, Soileau, Lindvall, Domingos, Jones, Alobaidi, Jalundhwala, Kandukuri, Onuk, Bergmann, Femia, Lee, Wright, Antonini",2022,PMC8785442
Do Patients with Prostate Cancer Benefit from Exercise Interventions? A Systematic Review and Meta-Analysis.,"Andersen, Midtgaard, Bjerre",2022,PMC8776086
People's Experience of Shared Decision Making in Musculoskeletal Physiotherapy: A Systematic Review and Thematic Synthesis.,"Grenfell, Soundy",2022,PMC8773142
Site-based payment differentials for ambulatory services among individuals with commercial insurance.,"Sen, Singh, Anderson",2022,PMC9441285
How effects on health equity are assessed in systematic reviews of interventions.,"Welch, Dewidar, Tanjong Ghogomu, Abdisalam, Al Ameer, Barbeau, Brand, Kebedom, Benkhalti, Kristjansson, Madani, Antequera Martín, Mathew, McGowan, McLeod, Park, Petkovic, Riddle, Tugwell, Petticrew, Trawin, Wells",2022,PMC8764740
Measures implemented in the school setting to contain the COVID-19 pandemic.,"Krishnaratne, Littlecott, Sell, Burns, Rabe, Stratil, Litwin, Kreutz, Coenen, Geffert, Boger, Movsisyan, Kratzer, Klinger, Wabnitz, Strahwald, Verboom, Rehfuess, Biallas, Jung-Sievers, Voss, Pfadenhauer",2022,PMC8762709
Association of Rurality With Annual Repeat Lung Cancer Screening in the Veterans Health Administration.,"Spalluto, Lewis, Samuels, Callaway-Lane, Matheny, Denton, Robles, Dittus, Yankelevitz, Henschke, Massion, Moghanaki, Roumie",2022,PMC8830608
Development of Duration-Based Non-Mutagenic Thresholds of Toxicological Concern (TTCs) Relevant to Parenteral Extractables and Leachables (E&Ls).,"Masuda-Herrera, Bercu, Broschard, Burild, Hasselgren, Parris, Ford, Graham, Stanard, Comerford, Lettiere, Erler, Callis, Morinello, Muster, Martin, Griffin, Nagao, Cruz",2022,HSHa17702ec
Perceptions and Needs of Artificial Intelligence in Health Care to Increase Adoption: Scoping Review.,"Chew, Achananuparp",2022,PMC8800095
"Variation in Initiation, Engagement, and Retention on Medications for Opioid Use Disorder Based on Health Insurance Plan Design.","Morgan, Quinn, Chaisson, Ciemins, Stempniewicz, White, Linas, Walley, LaRochelle",2022,PMC8852217
Diagnostic and Prognostic Blood Biomarkers in Transient Ischemic Attack and Minor Ischemic Stroke: An Up-To-Date Narrative Review.,"Foschi, Padroni, Abu-Rumeileh, Abdelhak, Russo, D'Anna, Guarino",2022,HSHa17702ec
Experiences of living with long COVID and of accessing healthcare services: a qualitative systematic review.,"Macpherson, Cooper, Harbour, Mahal, Miller, Nairn",2022,PMC8753091
The use of Big Data Analytics in healthcare.,"Batko, Ślęzak",2022,PMC8733917
Teletherapy Versus In-Person Psychotherapy for Depression: A Meta-Analysis of Randomized Controlled Trials.,"Giovanetti, Punt, Nelson, Ilardi",2022,HSHa17702ec
Direct and Indirect Costs of Asthma Burden in Abu Dhabi: A Retrospective Analysis of Insurance Claims Data from 2015 to 2018.,"Al Mazrouei, Almannaei, Nur, Bachnak, Alzaabi",2021,PMC8721945
Risk Factors for the Diagnosis of Colorectal Cancer.,"Lewandowska, Rudzki, Lewandowski, Stryjkowska-Góra, Rudzki",2022,PMC8753079
"Improving knowledge, attitudes, and uptake of cervical cancer prevention among female students: A systematic review and meta-analysis of school-based health education.","Ampofo, Boyes, Khumalo, Mackenzie",2022,HSHa17702ec
Barriers and facilitators to accessing and utilising post-treatment psychosocial support by Black men treated for prostate cancer-a systematic review and qualitative synthesis.,"Bamidele, Alexis, Ogunsanya, Greenley, Worsley, Mitchell",2022,PMC8724231
Lung Transplant Outcomes in Adults in the United States: Retrospective Cohort Study Using Real-world Evidence from the SRTR.,"Erdman, Wolfram, Nimke, Croy, Wang, Weaver, Schladt, Fitzsimmons",2022,PMC9128622
"Cancer Incidence, Mortality, Years of Life Lost, Years Lived With Disability, and Disability-Adjusted Life Years for 29 Cancer Groups From 2010 to 2019: A Systematic Analysis for the Global Burden of Disease Study 2019.","Kocarnik, Compton, Dean, Fu, Gaw, Harvey, Henrikson, Lu, Pennini, Xu, Ababneh, Abbasi-Kangevari, Abbastabar, Abd-Elsalam, Abdoli, Abedi, Abidi, Abolhassani, Adedeji, Adnani, Advani, Afzal, Aghaali, Ahinkorah, Ahmad, Ahmad, Ahmadi, Ahmadi, Ahmed Rashid, Ahmed Salih, Akalu, Aklilu, Akram, Akunna, Al Hamad, Alahdab, Al-Aly, Ali, Alimohamadi, Alipour, Aljunid, Alkhayyat, Almasi-Hashiani, Almasri, Al-Maweri, Almustanyir, Alonso, Alvis-Guzman, Amu, Anbesu, Ancuceanu, Ansari, Ansari-Moghaddam, Antwi, Anvari, Anyasodor, Aqeel, Arabloo, Arab-Zozani, Aremu, Ariffin, Aripov, Arshad, Artaman, Arulappan, Asemi, Asghari Jafarabadi, Ashraf, Atorkey, Aujayeb, Ausloos, Awedew, Ayala Quintanilla, Ayenew, Azab, Azadnajafabad, Azari Jafari, Azarian, Azzam, Badiye, Bahadory, Baig, Baker, Balakrishnan, Banach, Bärnighausen, Barone-Adesi, Barra, Barrow, Behzadifar, Belgaumi, Bezabhe, Bezabih, Bhagat, Bhagavathula, Bhardwaj, Bhardwaj, Bhaskar, Bhattacharyya, Bhojaraja, Bibi, Bijani, Biondi, Bisignano, Bjørge, Bleyer, Blyuss, Bolarinwa, Bolla, Braithwaite, Brar, Brenner, Bustamante-Teixeira, Butt, Butt, Caetano Dos Santos, Cao, Carreras, Catalá-López, Cembranel, Cerin, Cernigliaro, Chakinala, Chattu, Chattu, Chaturvedi, Chimed-Ochir, Cho, Christopher, Chu, Chung, Conde, Cortés, Cortesi, Costa, Cunha, Dadras, Dagnew, Dahlawi, Dai, Dandona, Dandona, Darwesh, das Neves, De la Hoz, Demis, Denova-Gutiérrez, Dhamnetiya, Dhimal, Dhimal, Dianatinasab, Diaz, Djalalinia, Do, Doaei, Dorostkar, Dos Santos Figueiredo, Driscoll, Ebrahimi, Eftekharzadeh, El Tantawi, El-Abid, Elbarazi, Elhabashy, Elhadi, El-Jaafary, Eshrati, Eskandarieh, Esmaeilzadeh, Etemadi, Ezzikouri, Faisaluddin, Faraon, Fares, Farzadfar, Feroze, Ferrero, Ferro Desideri, Filip, Fischer, Fisher, Foroutan, Fukumoto, Gaal, Gad, Gadanya, Gallus, Gaspar Fonseca, Getachew Obsa, Ghafourifard, Ghashghaee, Ghith, Gholamalizadeh, Gilani, Ginindza, Gizaw, Glasbey, Golechha, Goleij, Gomez, Gopalani, Gorini, Goudarzi, Grosso, Gubari, Guerra, Guha, Gunasekera, Gupta, Gupta, Gupta, Gutiérrez, Hafezi-Nejad, Haider, Haj-Mirzaian, Halwani, Hamadeh, Hameed, Hamidi, Hanif, Haque, Harlianto, Haro, Hasaballah, Hassanipour, Hay, Hay, Hayat, Heidari, Heidari, Herrera-Serna, Herteliu, Hezam, Holla, Hossain, Hossain, Hosseini, Hosseini, Hosseinzadeh, Hostiuc, Hostiuc, Househ, Hsairi, Huang, Hugo, Hussain, Hussein, Hwang, Iavicoli, Ibitoye, Ida, Ikuta, Ilesanmi, Ilic, Ilic, Irham, Islam, Islam, Islam, Ismail, Isola, Iwagami, Jacob, Jain, Jakovljevic, Javaheri, Jayaram, Jazayeri, Jha, Jonas, Joo, Joseph, Joukar, Jürisson, Kabir, Kahrizi, Kalankesh, Kalhor, Kaliyadan, Kalkonde, Kamath, Kameran Al-Salihi, Kandel, Kapoor, Karch, Kasa, Katikireddi, Kauppila, Kavetskyy, Kebede, Keshavarz, Keykhaei, Khader, Khalilov, Khan, Khan, Khan, Khan, Khang, Khater, Khayamzadeh, Kim, Kim, Kisa, Kisa, Kissimova-Skarbek, Kopec, Koteeswaran, Koul, Koulmane Laxminarayana, Koyanagi, Kucuk Bicer, Kugbey, Kumar, Kumar, Kumar, Kurmi, Kutluk, La Vecchia, Lami, Landires, Lauriola, Lee, Lee, Lee, Lee, Leigh, Leong, Li, Li, Liu, Loureiro, Lunevicius, Magdy Abd El Razek, Majeed, Makki, Male, Malik, Mansournia, Martini, Masoumi, Mathur, McKee, Mehrotra, Mendoza, Menezes, Mengesha, Mesregah, Mestrovic, Miao Jonasson, Miazgowski, Miazgowski, Michalek, Miller, Mirzaei, Mirzaei, Misra, Mithra, Moghadaszadeh, Mohammad, Mohammad, Mohammadi, Mohammadi, Mohammadian-Hafshejani, Mohammed, Moka, Mokdad, Molokhia, Monasta, Moni, Moosavi, Moradi, Moraga, Morgado-da-Costa, Morrison, Mosapour, Mubarik, Mwanri, Nagarajan, Nagaraju, Nagata, Naimzada, Nangia, Naqvi, Narasimha Swamy, Ndejjo, Nduaguba, Negoi, Negru, Neupane Kandel, Nguyen, Nguyen, Niazi, Nnaji, Noor, Nuñez-Samudio, Nzoputam, Oancea, Ochir, Odukoya, Ogbo, Olagunju, Olakunde, Omar, Omar Bali, Omonisi, Ong, Onwujekwe, Orru, Ortega-Altamirano, Otstavnov, Otstavnov, Owolabi, P A, Padubidri, Pakshir, Pana, Panagiotakos, Panda-Jonas, Pardhan, Park, Park, Pashazadeh Kan, Patel, Patel, Pati, Pattanshetty, Paudel, Pereira, Pereira, Perianayagam, Pillay, Pirouzpanah, Pishgar, Podder, Postma, Pourjafar, Prashant, Preotescu, Rabiee, Rabiee, Radfar, Radhakrishnan, Radhakrishnan, Rafiee, Rahim, Rahimzadeh, Rahman, Rahman, Rahmani, Rajai, Rajesh, Rakovac, Ram, Ramezanzadeh, Ranabhat, Ranasinghe, Rao, Rao, Rawassizadeh, Razeghinia, Renzaho, Rezaei, Rezaei, Rezapour, Roberts, Rodriguez, Rohloff, Romoli, Ronfani, Roshandel, Rwegerera, S, Sabour, Saddik, Saeed, Sahebkar, Sahoo, Salehi, Salem, Salimzadeh, Samaei, Samy, Sanabria, Sankararaman, Santric-Milicevic, Sardiwalla, Sarveazad, Sathian, Sawhney, Saylan, Schneider, Sekerija, Seylani, Shafaat, Shaghaghi, Shaikh, Shamsoddin, Shannawaz, Sharma, Sheikh, Sheikhbahaei, Shetty, Shetty, Shetty, Shibuya, Shirkoohi, Shivakumar, Shivarov, Siabani, Siddappa Malleshappa, Silva, Singh, Sintayehu, Skryabin, Skryabina, Soeberg, Sofi-Mahmudi, Sotoudeh, Steiropoulos, Straif, Subedi, Sufiyan, Sultan, Sultana, Sur, Szerencsés, Szócska, Tabarés-Seisdedos, Tabuchi, Tadbiri, Taherkhani, Takahashi, Talaat, Tan, Tat, Tedla, Tefera, Tehrani-Banihashemi, Temsah, Tesfay, Tessema, Thapar, Thavamani, Thoguluva Chandrasekar, Thomas, Tohidinik, Touvier, Tovani-Palone, Traini, Tran, Tran, Tran, Tripathy, Tusa, Ullah, Ullah, Umapathi, Unnikrishnan, Upadhyay, Vacante, Vaezi, Valadan Tahbaz, Velazquez, Veroux, Violante, Vlassov, Vo, Volovici, Vu, Waheed, Wamai, Ward, Wen, Westerman, Winkler, Yadav, Yahyazadeh Jabbari, Yang, Yaya, Yazie, Yeshaw, Yonemoto, Younis, Yousefi, Yu, Yuce, Yunusa, Zadnik, Zare, Zastrozhin, Zastrozhina, Zhang, Zhong, Zhou, Zhu, Ziapour, Zimmermann, Fitzmaurice, Murray, Force",2022,PMC8719276
Assessing data accuracy in a large multi-institutional quality improvement registry: an update from the Pediatric Cardiac Critical Care Consortium (PC4).,"Schuette, Zaccagni, Donohue, Bushnell, Veneziale, Gaies, Tabbutt",2022,HSHa17702ec
A large-scale meta-analytic atlas of mental health problems prevalence during the COVID-19 early pandemic.,"Dragioti, Li, Tsitsas, Lee, Choi, Kim, Choi, Tsamakis, Estradé, Agorastos, Vancampfort, Tsiptsios, Thompson, Mosina, Vakadaris, Fusar-Poli, Carvalho, Correll, Han, Park, Il Shin, Solmi",2022,PMC9015528
The gender responsiveness of social entrepreneurship in health - A review of initiatives by Ashoka fellows.,"Khalid, Dixon, Vijayasingham",2022,HSHa17702ec
Determining factors associated with inhaled therapy adherence on asthma and COPD: A systematic review and meta-analysis of the global literature.,"Monteiro, Maricoto, Prazeres, Augusto Simões, Augusto Simões",2022,HSHa17702ec
Social inequalities in health anxiety: A systematic review and meta-analysis.,"Barbek, Makowski, von dem Knesebeck",2022,HSHa17702ec
"Patient, carer, and staff perceptions of robotics in motor rehabilitation: a systematic review and qualitative meta-synthesis.","Laparidou, Curtis, Akanuwe, Goher, Niroshan Siriwardena, Kucukyilmaz",2021,PMC8710022
[Learning from coding data-surgical treatment of benign prostatic syndrome : Big data for BPS].,"Binder, Franz, Sigle, Gratzke, Miernik",2022,PMC8021971
"Analysis of SARS-CoV-2 haplotypes and genomic sequences during 2020 in Victoria, Australia, in the context of putative deficits in innate immune deaminase anti-viral responses.","Lindley, Steele",2021,PMC8646704
The effect of long-acting injectable antipsychotic medications compared with oral antipsychotic medications among people with schizophrenia: A systematic review and meta-analysis.,"Okoli, Kappi, Wang, Makowski, Cooley",2022,HSHa17702ec
Long-term impact of HPV vaccination and COVID-19 pandemic on oropharyngeal cancer incidence and burden among men in the USA: A modeling study.,"Damgacioglu, Sonawane, Chhatwal, Lairson, Clifford, Giuliano, Deshmukh",2022,PMC8672648
Care gaps in achieving cholesterol targets in people with diabetes: A population-based study in a universal health care setting.,"Butalia, Chen, Duan, Anderson",2022,HSHa17702ec
ALS risk factors: Industrial airborne chemical releases.,"Andrew, Zhou, Gui, Shi, Li, Harrison, Guetti, Nathan, Butt, Peipert, Tischbein, Pioro, Stommel, Bradley",2022,PMC10752435
Development of an index system for evaluating the organisational capabilities of primary medical institutions: a modified Delphi study in China.,"Cui, Meng",2021,PMC8689195
The economic impact of rostering junior doctors to triage to assist nursing staff in the early part of the patient journey through the emergency department.,"Brain, Johnson, Hocking, Chang",2021,PMC8682888
Self-perceived competencies on evidence-based medicine in medical students and physicians registered in a virtual course: a cross-sectional study.,"Romero-Robles, Soriano-Moreno, García-Gutiérrez, Condori-Meza, Sing-Sánchez, Bulnes Alvarez, Alarcon-Ruiz, Taype-Rondan, Viteri-García",2022,PMC8725743
"Knowledge, attitude, and practice towards breast cancer and its screening among women in India: A systematic review.","Pal, Taneja, Malhotra, Shankar, Chawla, Awasthi, Janardhanan",2021,HSHa17702ec
Using big data and mobile health to manage diarrhoeal disease in children in low-income and middle-income countries: societal barriers and ethical implications.,"Keddy, Saha, Kariuki, Kalule, Qamar, Haq, Okeke",2022,HSHa17702ec
"Scientific evidence on mental health in key regions under the COVID-19 pandemic - meta-analytical evidence from Africa, Asia, China, Eastern Europe, Latin America, South Asia, Southeast Asia, and Spain.","Zhang, Chen",2021,PMC8654399
Enhancing PCORnet Clinical Research Network data completeness by integrating multistate insurance claims with electronic health records in a cloud environment aligned with CMS security and privacy requirements.,"Waitman, Song, Walpitage, Connolly, Patel, Liu, Schroeder, VanWormer, Mosa, Anye, Davis",2022,PMC8922172
Development and Validation of a Machine Learning Model Predicting Arteriovenous Fistula Failure in a Large Network of Dialysis Clinics.,"Peralta, Garbelli, Bellocchio, Ponce, Stuard, Lodigiani, Fazendeiro Matos, Ribeiro, Nikam, Botler, Schumacher, Brancaccio, Neri",2021,PMC8656573
Private sector delivery of maternal and newborn health care in low-income and middle-income countries: a scoping review protocol.,"Lattof, Maliqi, Yaqub, Jung",2021,PMC8655548
Sex-specific association of RAGE and HMGB1 genotype variations with susceptibility to ischemic stroke in Caucasians.,"Hendrix, Berger, Person, Gupta, Zand, Li, Abedi, Goren, Schirmer, Griessenauer",2021,HSHa17702ec
Incorporating harms into the weighting of the revised Agency for Healthcare Research and Quality Patient Safety for Selected Indicators Composite (Patient Safety Indicator 90).,"Zrelak, Utter, McDonald, Houchens, Davies, Skinner, Owens, Romano",2022,PMC9108039
Artificial Intelligence-Powered Blockchains for Cardiovascular Medicine.,"Krittanawong, Aydar, Hassan Virk, Kumar, Kaplin, Guimaraes, Wang, Halperin",2022,HSHa17702ec
A 'COVID Compass' for navigating the pandemic.,"Oliver, Schmidt, Tomlin, Kraft, Fisher, Nelson",2021,HSHa17702ec
Factors Associated With Neonatal Pneumonia and its Mortality in India: A Systematic Review and Meta-Analysis.,"Nair, Lewis, Dhyani, Murthy, Godinho, Lakiang, Venkatesh",2021,PMC8639407
Discrete-Event Simulation Modeling in Healthcare: A Comprehensive Review.,"Vázquez-Serrano, Peimbert-García, Cárdenas-Barrón",2021,PMC8625660
From Inception to ConcePTION: Genesis of a Network to Support Better Monitoring and Communication of Medication Safety During Pregnancy and Breastfeeding.,"Thurin, Pajouheshnia, Roberto, Dodd, Hyeraci, Bartolini, Paoletti, Nordeng, Wallach-Kildemoes, Ehrenstein, Dudukina, MacDonald, De Paoli, Loane, Damase-Michel, Beau, Droz-Perroteau, Lassalle, Bergman, Swart, Schink, Cavero-Carbonell, Barrachina-Bonet, Gomez-Lumbreras, Giner-Soriano, Aragón, Neville, Puccini, Pierini, Ientile, Trifirò, Rissmann, Leinonen, Martikainen, Jordan, Thayer, Scanlon, Georgiou, Cunnington, Swertz, Sturkenboom, Gini",2022,PMC9299060
Regulation and Use of Health Information Systems in Brazil and Abroad: Integrative Review.,"Alves, Almeida, Brito, Tourinho, de Andrade",2022,HSHa17702ec
Trajectory research in children on the autism spectrum: a scoping review protocol.,"Gentles, Duku, Kerns, McVey, Hunsche, Ng Cordell, Bednar, Banfield, Szatmari, Georgiades",2021,PMC8609941
Integrated care is associated with increased behavioral health access and utilization for youth in crisis.,"Parikh, O'Dell, Cook, Corlis, Sun, Gass",2021,HSHa17702ec
Analytic approaches to assess the impact of local spending on sexually transmitted diseases.,"Grembowski, Lim, Pantazis, Bekemeier",2022,PMC9108077
"From demand forecasting to inventory ordering decisions for red blood cells through integrating machine learning, statistical modeling, and inventory optimization.","Li, Arnold, Down, Barty, Blake, Chiang, Courtney, Waito, Trifunov, Heddle",2022,HSHa17702ec
Assessment of Intercostal Nerve Block Analgesia for Thoracic Surgery: A Systematic Review and Meta-analysis.,"Guerra-Londono, Privorotskiy, Cozowicz, Hicklen, Memtsoudis, Mariano, Cata",2021,PMC8593761
Security Engineering of Patient-Centered Health Care Information Systems in Peer-to-Peer Environments: Systematic Review.,"Abdullahi Yari, Dehling, Kluge, Geck, Sunyaev, Eskofier",2021,PMC8663665
"Prevalence, Risk Factors and Burnout Levels in Intensive Care Unit Nurses: A Systematic Review and Meta-Analysis.","Ramírez-Elvira, Romero-Béjar, Suleiman-Martos, Gómez-Urquiza, Monsalve-Reyes, Cañadas-De la Fuente, Albendín-García",2021,PMC8583312
Governance of Assisted Living in Long-Term Care: A Systematic Literature Review.,"Poh, Tan, Lim",2021,PMC8583175
Experiences of female partners of prostate cancer survivors: A systematic review and thematic synthesis.,"Green, Winter, DiGiacomo, Oliffe, Ralph, Dunn, Chambers",2022,HSHa17702ec
Economic evaluation of advanced practice physiotherapy models of care: a systematic review with meta-analyses.,"Lafrance, Demont, Thavorn, Fernandes, Santaguida, Desmeules",2021,PMC8579553
Twenty years of integrated disease surveillance and response in Sub-Saharan Africa: challenges and opportunities for effective management of infectious disease epidemics.,"Mremi, George, Rumisha, Sindato, Kimera, Mboera",2021,PMC8575546
Blockchain-based federated learning methodologies in smart environments.,"Li, Luo, Cao",2022,PMC8561346
Receipt of Overactive Bladder Drugs and Incident Dementia: A Population-based Case-control Study.,"Matta, Gomes, Juurlink, Jarvi, Herschorn, Nam",2022,HSHa17702ec
Protocol for a scoping review on rehabilitation among individuals who experience homelessness and traumatic brain injury.,"Chan, Estrella, Babineau, Colantonio",2021,PMC8573664
Characteristics of new adult users of mepolizumab with asthma in the USA.,"Wu, McMahon, Welch, McMahill-Walraven, Jamal-Allial, Gallagher, Zhang, Draper, Kline, Koerner, Brown, Van Dyke",2021,PMC8572414
The Economic Burden of Lupus Nephritis: A Systematic Literature Review.,"Thompson, Mahajan, Scott, Gairy",2022,PMC8814085
Predicting patient-level new-onset atrial fibrillation from population-based nationwide electronic health records: protocol of FIND-AF for developing a precision medicine prediction model using artificial intelligence.,"Nadarajah, Wu, Frangi, Hogg, Cowan, Gale",2021,PMC8565546
Building and implementing an institutional registry for a data-driven national neurosurgical practice: experience from a multisite medical center.,"Bydon, Goyal, Biedermann, Canoy Illies, Paul, Ghaith, Bendok, Quiñones-Hinojosa, Spinner, Meyer",2021,HSHa17702ec
A comorbid mental disorder paradox: Using causal diagrams to understand associations between posttraumatic stress disorder and suicide.,"Jiang, Smith, Street, Seegulam, Sampson, Murray, Fox, Gradus",2021,PMC8564019
Incorporating Equity Concerns in Cost-Effectiveness Analyses: A Systematic Literature Review.,"Ward, Mujica-Mota, Spencer, Medina-Lara",2022,PMC2875723
The Potential of Research Drawing on Clinical Free Text to Bring Benefits to Patients in the United Kingdom: A Systematic Review of the Literature.,"Ford, Curlewis, Squires, Griffiths, Stewart, Jones",2021,PMC8521813
"Empowering study of breast cancer data with application of artificial intelligence technology: promises, challenges, and use cases.","Panahiazar, Chen, Lituiev, Hadley",2022,PMC8967766
Discovering disease-disease associations using electronic health records in The Guideline Advantage (TGA) dataset.,"Guo, Khan, Langabeer, Foraker",2021,PMC8547216
Machine Learning Applications in Nephrology: A Bibliometric Analysis Comparing Kidney Studies to Other Medicine Subspecialities.,"Verma, Chitalia, Waikar, Kolachalama",2021,PMC8515072
Pediatric reference intervals for 32 routine biochemical markers using the siemens healthineers atellica® CH assays in healthy children and adolescents.,"Bohn, Horn, League, Steele, Hall, Adeli",2022,HSHa17702ec
Phase-specific and lifetime economic burden of cervical cancer and endometrial cancer in a commercially insured United States population.,"Shah, Corman, Shah, Kebede, Nwankwo",2021,HSHa17702ec
"Improving Longitudinal Outcomes, Efficiency, and Equity in the Care of Patients With Congenital Heart Disease.","Anderson, Dragan, Crook, Woo, Cook, Hannan, Newburger, Jacobs, Bacha, Vincent, Nguyen, Walsh-Spoonhower, Mosca, Devejian, Kamenir, Alfieris, Swartz, Meyer, Paul, Billings",2021,PMC8549867
iBlock: An Intelligent Decentralised Blockchain-based Pandemic Detection and Assisting System.,"Egala, Pradhan, Badarla, Mohanty",2022,PMC8515159
Solid Oral Dosage Forms Use in Adults with Neurological Disorders and Swallowing Difficulties: A Scoping Review.,"Ferreira-Neto, de Andrade, Tonin, Wiens",2022,PMC6321461
Measuring Quality of Public Hospitals in Croatia Using a Multi-Criteria Approach.,"Kadoić, Šimić, Mesarić, Begičević Ređep",2021,PMC8507685
"Utilizing Patient Reported Outcome Measures (PROMs) in ambulatory oncology in Alberta: Digital reporting at the micro, meso and macro level.","Watson, Delure, Qi, Link, Chmielewski, Photitai, Smith",2021,PMC8511222
Rising drug cost impacts on cost-effectiveness of 2 chemotherapy regimens for intermediate-risk rhabdomyosarcoma: A report from the Children's Oncology Group.,"Russell, Chi, Okcu, Bernhardt, Rodriguez-Galindo, Gupta, Hawkins",2022,PMC8738099
"Epidemiology, comorbidities, and healthcare utilization of patients with chronic urticaria in Germany.","Weller, Maurer, Bauer, Wedi, Wagner, Schliemann, Kramps, Baeumer, Multmeier, Hillmann, Staubach",2022,HSHa17702ec
"An independently validated, portable algorithm for the rapid identification of COPD patients using electronic health records.","Chu, Wan, Cho, Goryachev, Gainer, Linneman, Scotty, Hebbring, Murphy, Lasky-Su, Weiss, Smoller, Karlson",2021,PMC8497529
Use of Machine Learning and Artificial Intelligence Methods in Geriatric Mental Health Research Involving Electronic Health Record or Administrative Claims Data: A Systematic Review.,"Chowdhury, Cervantes, Chan, Seitz",2021,PMC8488098
A High-Sensitivity International Knee Documentation Committee Survey Index From the PROMIS System: The Next-Generation Patient-Reported Outcome for a Knee Injury Population.,"Tenan, Robins, Sheean, Dekker, Bailey, Bharmal, Bradley, Cameron, Burns, Freedman, Galvin, Grenier, Haley, Hurvitz, LeClere, Lee, Mauntel, McDonald, Nesti, Owens, Posner, Potter, Provencher, Rhon, Roach, Ryan, Schmitz, Slabaugh, Tucker, Volk, Dickens",2021,HSHa17702ec
Prescribing of long-term antibiotics to adolescents in primary care: a retrospective cohort study.,"Lown, McKeown, Stuart, Francis, Santer, Lewith, Su, Moore, Little",2021,PMC8510691
Financial Protection Indexes and the Iranian Health Transformation Plan: A Systematic Review.,"Darvishi, Behzadifar, Ghanbari, Ehsanzadeh, Bakhtiari, Behzadifar, Azari, Bragazzi",2021,PMC8461582
Monitoring of gastric residual volume during enteral nutrition.,"Yasuda, Kondo, Yamamoto, Asami, Abe, Tsujimoto, Tsujimoto, Kataoka",2021,PMC8498989
Adherence to oral oncolytics filled through an internal health-system specialty pharmacy compared with external specialty pharmacies.,"Academia, Mejías-De Jesús, Stevens, Jia, Yankama, Patel, Lee",2021,PMC10390949
Risk of hypertension in erenumab-treated patients with migraine: Analyses of clinical trial and postmarketing data.,"Dodick, Tepper, Ailani, Pannacciulli, Navetta, Loop, Zhang, Khodavirdi, Mann, Abdrabboh, Kalim",2021,PMC9293040
Feature Explanations in Recurrent Neural Networks for Predicting Risk of Mortality in Intensive Care Patients.,"Na Pattalung, Ingviya, Chaichulee",2021,PMC8465577
Development and validation of a one year predictive model for secondary fractures in osteoporosis.,"Williams, Greenspan, Bancroft, Chastek, Wang, Weiss, Pyrih, Nichols, Cauley",2021,PMC8475984
A novel method for identifying care home residents in England: a validation study.,"Santos, Conti, Wolters",2020,PMC8441962
General practitioners' views of pharmacist services in general practice: a qualitative evidence synthesis.,"Hurley, Gleeson, Byrne, Walsh, Foley, Dalton",2022,PMC9295606
Assessment of Costs and Care Quality Associated With Major Surgical Procedures After Implementation of Maryland's Capitated Budget Model.,"Aliu, Lee, Efron, Higgins, Butler, Offodile",2021,PMC8463941
Substandard and falsified medical products: bibliometric analysis and mapping of scientific research.,Sweileh,2021,PMC8460181
"Ethics, Integrity, and Retributions of Digital Detection Surveillance Systems for Infectious Diseases: Systematic Literature Review.","Zhao, Ma, Yu, Liu, Dong, Pang, Lu, Molassiotis, Holroyd, Wong",2021,PMC8530254
Risk factors for and prognostic impact of positive surgical margins after excision of Merkel cell carcinoma.,"Maloney, Nguyen, So, Aasi, Zaba",2022,HSHa17702ec
Categorising high-cost high-need children and young people.,"Punjabi, Marszalek, Beaney, Shah, Nicholls, Deeny, Hargreaves",2022,PMC8938672
Performance of fractional exhaled nitric oxide in predicting response to inhaled corticosteroids in chronic cough: a meta-analysis.,"Ambrosino, Accardo, Mosella, Papa, Fuschillo, Spedicato, Motta, Maniscalco",2021,PMC8451665
Ultrasound-Guided Injection Treatments Versus Surgical Neurectomy for Morton Neuroma: A Cost-Effectiveness Analysis.,"Ross, Jacobs, Williams, Bour, Gyftopoulos",2022,HSHa17702ec
Person centred care provision and care planning in chronic kidney disease: which outcomes matter? A systematic review and thematic synthesis of qualitative studies : Care planning in CKD: which outcomes matter?,"de Jong, van der Willik, Milders, Meuleman, Morton, Dekker, van Diepen",2021,PMC8438879
Structure and roles of rapid response teams for adult care in high complexity hospitals: Scoping review.,"Rincón-López, Larrotta-Castillo, Estrada-Orozco, Gaitán-Duarte",2021,PMC8425358
"Relationship between transfusion burden, healthcare resource utilization, and complications in patients with beta-thalassemia in Taiwan: A real-world analysis.","Tang, Furnback, Wang, Tang, Tang, Lu, Huang, Musallam",2021,PMC9291481
Aligning Best Practices: A Guiding Framework as a Valuable Tool for Public Health Workforce Development with the Example of Ukraine.,"Gershuni, Czabanowska, Burazeri, Bjegovic-Mikanovic, Juszczyk, Myrup, Kurpita",2021,PMC8431433
Atherosclerotic cardiovascular disease thresholds for statin initiation among people living with HIV in Thailand: A cost-effectiveness analysis.,"Boettiger, Chattranukulchai, Avihingsanon, Chaiwarith, Khusuwan, Law, Ross, Kiertiburanakul",2021,PMC8428548
Estimates of COVID-19 Cases and Deaths Among Nursing Home Residents Not Reported in Federal Data.,"Shen, Loomer, Abrams, Grabowski, Gandhi",2021,PMC8430452
Protocol for conducting scoping reviews to map implementation strategies in different care settings: focusing on evidence-based interventions for preselected phenomena in people with dementia.,"Manietta, Quasdorf, Rommerskirch-Manietta, Braunwarth, Purwins, Roes",2021,PMC8424849
Implementation of Electronic Medical Records in Mental Health Settings: Scoping Review.,"Zurynski, Ellis, Tong, Laranjo, Clay-Williams, Testa, Meulenbroeks, Turton, Sara",2021,PMC8456340
The worldwide investigating nurses' attitudes towards do-not-resuscitate order: a review.,"Raoofi, Raoofi, Jalali, Abdi, Salari",2021,PMC8422718
Changes in treatment pattern and costs in advanced hepatocellular carcinoma (HCC).,"Muszbek, Evans, Remak, Brennan, Colaone, Shergill, Ross, Mullan",2022,HSHa17702ec
Cost-effectiveness of agents used for evaluation of ureteral patency during intraoperative cystoscopy in gynecologic and urogynecologic surgery.,"Askew, Myers, Dieter",2022,HSHa17702ec
"The association between prescription opioid dispensing and opioid-related morbidity and mortality in Ontario, Canada: an ecological study of public health units.","Ladha, Wijeysundera, Wunsch, Clarke, Diep, Gomes",2021,HSHa17702ec
Mobile health applications for older adults: a systematic review of interface and persuasive feature design.,"Liu, Yin, Tan, Ngiam, Teo",2021,PMC8510293
"MyTEMP: Statistical Analysis Plan of a Registry-Based, Cluster-Randomized Clinical Trial.","Dixon, Sontrop, Al-Jaishi, Killin, McIntyre, Anderson, Bagga, Benjamin, Blake, Devereaux, Iliescu, Jain, Lok, Nesrallah, Oliver, Pandeya, Sood, Tam, Wald, Walsh, Zwarenstein, Garg",2021,PMC8404662
Understanding the facilitators and barriers of stroke survivors' adherence to recovery-oriented self-practice: a thematic synthesis.,"Vadas, Prest, Turk, Tierney",2022,HSHa17702ec
An Overview of Healthcare Systems in Comoros: The Effects of Two Decades of Political Instability.,"Mohamed, Abasse, Abbas, Sintali, Baig, Cote",2021,PMC8378088
Rating scales for medication adherence in people living with Parkinson's disease: a systematic review protocol.,"Tosin, de Oliveira, Goetz, Morisky, McConvey, Stebbins",2022,HSHa17702ec
Process Improvement Approaches for Increasing the Response of Emergency Departments against the COVID-19 Pandemic: A Systematic Review.,"Ortíz-Barrios, Coba-Blanco, Alfaro-Saíz, Stand-González",2021,PMC8392152
Peripheral nerve block anesthesia/analgesia for patients undergoing primary hip and knee arthroplasty: recommendations from the International Consensus on Anesthesia-Related Outcomes after Surgery (ICAROS) group based on a systematic review and meta-analysis of current literature.,"Memtsoudis, Cozowicz, Bekeris, Bekere, Liu, Soffin, Mariano, Johnson, Go, Hargett, Lee, Wendel, Brouillette, Kim, Baaklini, Wetmore, Hong, Goto, Jivanelli, Athanassoglou, Argyra, Barrington, Borgeat, De Andres, El-Boghdadly, Elkassabany, Gautier, Gerner, Gonzalez Della Valle, Goytizolo, Guo, Hogg, Kehlet, Kessler, Kopp, Lavand'homme, Macfarlane, MacLean, Mantilla, McIsaac, McLawhorn, Neal, Parks, Parvizi, Peng, Pichler, Poeran, Poultsides, Schwenk, Sites, Stundner, Sun, Viscusi, Votta-Velis, Wu, YaDeau, Sharrock",2021,HSHa17702ec
Discharge destination after hip fracture: findings from the Irish hip fracture database.,"Ferris, Brent, Sorensen, Ahern, Coughlan",2022,HSHa17702ec
Economic Impact of Donating a Kidney on Living Donors: A Korean Cohort Study.,"Park, Park, Kang, Lee, Kim, Park, Kim, Kim, Han, Cho, Lee, Lee, Kim, Park, Chae, Chin, Kim, Kim, Choi, Lee",2022,HSHa17702ec
"A systematic review of the intervention characteristics, and behavior change theory and techniques used in mother-daughter interventions targeting physical activity.","Brennan, O'Donoghue, Hall, Keogh, Matthews",2021,HSHa17702ec
Identifying Major Health-System Challenges in Developing Countries Using PERs: Equity is the Elephant in the Room.,"Gaudin, Yazbeck",2021,HSHa17702ec
A new smart healthcare framework for real-time heart disease detection based on deep and machine learning.,"Elwahsh, El-Shafeiy, Alanazi, Tawfeek",2021,PMC8330430
Accuracy of the ultrasound attenuation coefficient for the evaluation of hepatic steatosis: a systematic review and meta-analysis of prospective studies.,"Jang, Choi, Lee, Kim, Lee, Kim",2022,PMC8696131
"Knowledge, attitude, and practice on screening toward cervical cancer among health professionals in India-A review.","Chawla, Taneja, Awasthi, Kaur, Janardhanan",2021,PMC8371743
Estimation of inter-laboratory reference change values from external quality assessment data.,"Paal, Habler, Vogeser",2021,PMC8340502
How do people understand overtesting and overdiagnosis? Systematic review and meta-synthesis of qualitative research.,"Rozbroj, Haas, O'Connor, Carter, McCaffery, Thomas, Donovan, Buchbinder",2021,HSHa17702ec
The distribution of work-related musculoskeletal disorders among nurses in sub-Saharan Africa: a scoping review protocol.,"Kgakge, Hlongwa, Ginindza",2021,PMC8364119
The experience of families following traumatic brain injury in adult populations: A meta-synthesis of narrative structures.,"Whiffin, Gracey, Ellis-Hill",2021,HSHa17702ec
"Discordance and concordance on perception of quality care at end of life between older patients, caregivers and clinicians: a scoping review.","Carlini, Bahudin, Michaleff, Plunkett, Shé, Clark, Cardona",2022,PMC8359918
Characteristics and Outcomes of Women With COVID-19 Giving Birth at US Academic Centers During the COVID-19 Pandemic.,"Chinn, Sedighim, Kirby, Hohmann, Hameed, Jolley, Nguyen",2021,PMC8358731
Machine learning versus regression modelling in predicting individual healthcare costs from a representative sample of the nationwide claims database in France.,"Vimont, Leleu, Durand-Zaleski",2022,PMC6245495
Experiences and perceptions of stroke patients living with dysphagia: A qualitative meta-synthesis.,"Li, Qiu, Shi, Yang, Shao, Zheng",2022,HSHa17702ec
Communication practices in conversations about sexual health in medical healthcare settings: A systematic review.,"Kelder, Sneijder, Klarenbeek, Laan",2022,HSHa17702ec
Health information technology to improve care for people with multiple chronic conditions.,"Samal, Fu, Camara, Wang, Bierman, Dorr",2021,PMC8515226
Application of Smartphone Technologies in Disease Monitoring: A Systematic Review.,"Moses, Adibi, Shariful Islam, Wickramasinghe, Nguyen",2021,PMC8303662
Psychosocial interventions and needs among individuals and families with Li-Fraumeni syndrome: A scoping review.,"Barnett, Breen, Kennedy, Hernandez, Matsoukas, MacGregor",2022,HSHa17702ec
CONSENSUS: a Shiny application of dementia evaluation and reporting for the KU ADC longitudinal Clinical Cohort database.,"Sharma, Montgomery, Graves, Meyer, Hunt, Vidoni, Mahnken, Swerdlow, Burns, Mudaranthakam",2021,PMC8327371
The Effect of Electronic Health Record Burden on Pediatricians' Work-Life Balance and Career Satisfaction.,"Frintner, Kaelber, Kirkendall, Lourie, Somberg, Lehmann",2021,PMC8328745
Continuous reference curves for common hematology markers in the CALIPER cohort of healthy children and adolescents on the Sysmex XN-3000 system.,"Wilson, Bohn, Hall, Higgins, Abdelhaleem, Adeli",2021,HSHa17702ec
A Systematic Review of the Patterns of Associative Multimorbidity in Asia.,"Rajoo, Wee, Lee, Wong, Lee",2021,PMC8277911
The experiences of trained breastfeeding support providers that influence how breastfeeding support is practised: A protocol for a qualitative evidence synthesis.,"Chesnel, Healy, McNeill",2021,PMC8321120
Global epidemiology of hip fractures: a study protocol using a common analytical platform among multiple countries.,"Sing, Lin, Bartholomew, Bell, Bennett, Beyene, Bosco-Lévy, Chan, Chandran, Cheung, Doyon, Droz-Perroteau, Ganesan, Hartikainen, Ilomaki, Jeong, Kiel, Kubota, Lai, Lange, Lewiecki, Liu, Man, Mendes de Abreu, Moore, O'Kelly, Ooba, Pedersen, Prieto-Alhambra, Shin, Sørensen, Tan, Tolppanen, Verhamme, Wang, Watcharathanakij, Zhao, Wong",2021,PMC8319985
Global burden of post-traumatic stress disorder and major depression in countries affected by war between 1989 and 2019: a systematic review and meta-analysis.,"Hoppen, Priebe, Vetter, Morina",2021,PMC8319986
Increasing trust in real-world evidence through evaluation of observational data quality.,"Blacketer, Defalco, Ryan, Rijnbeek",2021,PMC8449628
Characterization and Identification of Variations in Types of Primary Care Visits Before and During the COVID-19 Pandemic in Catalonia: Big Data Analysis Study.,"Lopez Segui, Hernandez Guillamet, Pifarré Arolas, Marin-Gomez, Ruiz Comellas, Ramirez Morros, Adroher Mas, Vidal-Alaball",2021,PMC8767991
Biodistribution studies for cell therapy products: Current status and issues.,"Kamiyama, Naritomi, Moriya, Yamamoto, Kitahashi, Maekawa, Yahata, Hanada, Uchiyama, Noumaru, Koga, Higuchi, Ito, Komatsu, Miyoshi, Kimura, Umeda, Fujita, Tanaka, Sugita, Takayama, Kurogi, Yasuda, Sato",2021,PMC8282960
Critical Interpretive Synthesis of Qualitative Data on the Health Care Ecosystem for Vulnerable Newborns in Low- to Middle-Income Countries.,"Ray, Sobiech, Alexandrova, Songok, Rukunga, Bucher",2021,HSHa17702ec
Machine learning for holistic visualization of STEMI registry data.,"Nayak, Skupin, Schempp, Garberich, Bhavnani, Henry",2021,HSHa17702ec
"Undiagnosed hypertension in Peru: analysis of associated factors and socioeconomic inequalities, 2019.","Guerrero-Díaz, Hernández-Vásquez, Montoya-Rivera, Rojas-Roque, Chacón Díaz, Bendezu-Quispe",2021,PMC8282964
The delivery of palliative and end-of-life care to adolescents and young adults living with cancer: a scoping review protocol.,"Drake, Weeks, van Manen, Curran, McKibbon",2021,HSHa17702ec
Why Is the Electronic Health Record So Challenging for Research and Clinical Care?,"Holmes, Beinlich, Boland, Bowles, Chen, Cook, Demiris, Draugelis, Fluharty, Gabriel, Grundmeier, Hanson, Herman, Himes, Hubbard, Kahn, Kim, Koppel, Long, Mirkovic, Morris, Mowery, Ritchie, Urbanowicz, Moore",2021,PMC9295893
Is Virtual Reality Cue Exposure a Promising Adjunctive Treatment for Alcohol Use Disorder?,"Lebiecka, Skoneczny, Tyburski, Samochowiec, Kucharska-Mazur",2021,PMC8268737
Association of type 2 diabetes remission and risk of cardiovascular disease in pre-defined subgroups.,"Hounkpatin, Stuart, Farmer, Dambha-Miller",2021,PMC8279611
Effect of spontaneous breathing on ventilator-free days in critically ill patients-an analysis of patients in a large observational cohort.,"Reis, Midega, Deliberato, Johnson, Bulgarelli, Correa, Celi, Pelosi, Gama De Abreu, Schultz, Serpa Neto",2021,PMC8246163
Real-World Cost of Care for Commercially Insured versus Medicare Patients with Metastatic Pancreatic Cancer Who Received Guideline-Recommended Therapies.,"Tomicki, Dieguez, Latimer, Cockrum, Kim",2021,PMC8244739
Measuring Resilience and Resistance in Aging and Alzheimer Disease Using Residual Methods: A Systematic Review and Meta-analysis.,"Bocancea, van Loenhoud, Groot, Barkhof, van der Flier, Ossenkoppele",2021,PMC8448552
The epidemiology of nontuberculous mycobacterial pulmonary disease in the Netherlands.,"Schildkraut, Zweijpfenning, Nap, He, Dacheva, Overbeek, Tostmann, Wertheim, Hoefsloot, van Ingen",2021,PMC8273392
Global hospital admissions and in-hospital mortality associated with all-cause and virus-specific acute lower respiratory infections in children and adolescents aged 5-19 years between 1995 and 2019: a systematic review and modelling study.,"Wang, Li, Mei, Bushe, Campbell, Nair",2021,PMC8281096
Conceptualising hepatitis C stigma: A thematic synthesis of qualitative research.,"Harris, Guy, Picchio, White, Rhodes, Lazarus",2021,HSHa17702ec
Impact of sex on use of low tidal volume ventilation in invasively ventilated ICU patients-A mediation analysis using two observational cohorts.,"Swart, Deliberato, Johnson, Pollard, Bulgarelli, Pelosi, de Abreu, Schultz, Neto",2021,PMC8279424
Service users experience of psychological interventions in primary care settings: A qualitative meta-synthesis.,"Finazzi, MacBeth",2022,HSHa17702ec
The Sandbox Approach and its Potential for Use in Health Technology Assessment: A Literature Review.,"Leckenby, Dawoud, Bouvy, Jónsson",2021,PMC8545721
eHealthChain-a blockchain-based personal health information management system.,"Pawar, Parolia, Shinde, Edoh, Singh",2022,PMC8260325
Osteoporotic fractures and subsequent fractures: imminent fracture risk from an analysis of German real-world claims data.,"Hadji, Schweikert, Kloppmann, Gille, Joeres, Toth, Möckel, Glüer",2021,PMC8325652
Caregivers' experiences of contributing to patients' self-care in Chronic Obstructive Pulmonary Disease: A thematic synthesis of qualitative studies.,"Matarese, Pendoni, Piredda, De Marinis",2021,PMC8518034
Factors influencing the patient safety climate in intensive care units: cross-sectional study.,"de Lima Silva Nunes, de Camargo Silva, de Lima, Carvalho, Bernardes, Sousa, Gimenes, Pires",2021,PMC8265064
Haven Health is About to Disrupt the U.S. Healthcare System.,"Bedoya Reina, Brereton, Zilbermint",2021,PMC8118442
Scoping review exploring the impact of digital systems on processes and outcomes in the care management of acute kidney injury and progress towards establishing learning healthcare systems.,"Chew, Hogan, Jani",2021,PMC8264899
COVID-19 Remote Consultation Services and Population in Health Inequity-Concentrating Territories: A Scoping Review.,"Silva, Sindico, Carneiro, Henrique, Fernandes, Gomes, Marinho, Fernandes",2021,PMC8380793
Clinical Features of Patients With Progressive Supranuclear Palsy in an US Insurance Claims Database.,"Viscidi, Litvan, Dam, Juneja, Li, Krzywy, Eaton, Hall, Kupferman, Höglinger",2021,PMC8245849
Facilitators and barriers to stakeholder engagement in advance care planning for older adults in community settings: a hybrid systematic review protocol.,"Pilch, Lunt, May, Mockler, Thomas, Doyle",2020,PMC8212429
Tramadol-induced hiccups: a case-noncase study in the European pharmacovigilance database.,"García, Lertxundi, Aguirre",2021,PMC8216342
Care Coordination Needs of Families of Children with Down Syndrome: A Scoping Review to Inform Development of mHealth Applications for Families.,"Skelton, Knafl, Van Riper, Fleming, Swallow",2021,PMC8304112
Viral Dynamics and Real-Time RT-PCR Ct Values Correlation with Disease Severity in COVID-19.,"Rabaan, Tirupathi, Sule, Aldali, Mutair, Alhumaid, Muzaheed, Gupta, Koritala, Adhikari, Bilal, Dhawan, Tiwari, Mitra, Emran, Dhama",2021,PMC8232180
Acute myocardial infarction: Development and application of an ICD-10-CM-based algorithm to a large U.S. healthcare claims-based database.,"Saunders-Hastings, Heong, Srichaikul, Wong, Shoaibi, Chada, Burrell, Dores",2021,PMC8248590
Validation of a Claims-based Algorithm to Identify Pregestational Diabetes Among Pregnant Women in the United States.,"Wood, Chen, Huybrechts, Bateman, Gray, Seely, Zhu, Mogun, Patorno, Hernández-Díaz",2021,PMC8478806
Breast cancer in Indigenous women living in Canada: a scoping review protocol.,"Cole, Hutton, Hamel, Bourque, Arnaout, Clemons",2021,HSHa17702ec
Global burden of acute lower respiratory infection associated with human parainfluenza virus in children younger than 5 years for 2018: a systematic review and meta-analysis.,"Wang, Li, Deloria-Knoll, Madhi, Cohen, Arguelles, Basnet, Bassat, Brooks, Echavarria, Fasce, Gentile, Goswami, Homaira, Howie, Kotloff, Khuri-Bulos, Krishnan, Lucero, Lupisan, Mathisen, McLean, Mira-Iglesias, Moraleda, Okamoto, Oshitani, O'Brien, Owor, Rasmussen, Rath, Salimi, Sawatwong, Scott, Simões, Sotomayor, Thea, Treurnicht, Yoshida, Zar, Campbell, Nair",2021,PMC8298256
"SplitStrains, a tool to identify and separate mixed Mycobacterium tuberculosis infections from WGS data.","Gabbassov, Moreno-Molina, Comas, Libbrecht, Chindelevitch",2021,PMC8461467
Cost Burden and Cost-Effective Analysis of the Nationwide Implementation of the Quality in Acute Stroke Care Protocol in Australia.,"Marquina, Ademi, Zomer, Ofori-Asenso, Tate, Liew",2021,HSHa17702ec
A Typology of Existing Machine Learning-Based Predictive Analytic Tools Focused on Reducing Costs and Improving Quality in Health Care: Systematic Search and Content Analysis.,"Nichol, Batten, Halley, Axelrod, Sankar, Cho",2021,PMC8277386
Individual participant data systematic reviews with meta-analyses of psychotherapies for borderline personality disorder.,"Storebø, Ribeiro, Kongerslev, Stoffers-Winterling, Sedoc Jørgensen, Lieb, Bateman, Kirubakaran, Dérian, Karyotaki, Cuijpers, Simonsen",2021,PMC8217922
Current and Future Projections of Amyotrophic Lateral Sclerosis in the United States Using Administrative Claims Data.,"Miller, Apple, Paige, Grabowsky, Shukla, Agnese, Merrill",2021,HSHa17702ec
Guidelines for Reporting Trial Protocols and Completed Trials Modified Due to the COVID-19 Pandemic and Other Extenuating Circumstances: The CONSERVE 2021 Statement.,"Orkin, Gill, Ghersi, Campbell, Sugarman, Emsley, Steg, Weijer, Simes, Rombey, Williams, Wittes, Moher, Richards, Kasamon, Getz, Hopewell, Dickersin, Wu, Ayala, Schulz, Calleja, Boutron, Ross, Golub, Khan, Mulrow, Siegfried, Heber, Lee, Kearney, Wanyenze, Hróbjartsson, Williams, Bhandari, Jüni, Chan",2021,HSHa17702ec
Predictive analytics for step-up therapy: Supervised or semi-supervised learning?,"Morid, Lau, Del Fiol",2021,HSHa17702ec
Reporting errors in plain radiographs for lower limb trauma-a systematic review and meta-analysis.,"York, Franklin, Reynolds, Munro, Jenney, Harland, Leong",2022,PMC8626392
"Timeliness of routine childhood vaccination in low- and middle-income countries, 1978-2021: Protocol for a scoping review to map methodologic gaps and determinants.","Wariri, Okomo, Kwarshak, Murray, Grundy, Kampmann",2021,PMC8211249
Multi-morbidity and blood pressure trajectories in hypertensive patients: A multiple landmark cohort study.,"Tran, Norton, Canoy, Ayala Solares, Conrad, Nazarzadeh, Raimondi, Salimi-Khorshidi, Rodgers, Rahimi",2021,PMC8248714
"A comprehensive scoping review of Bayesian networks in healthcare: Past, present and future.","Kyrimi, McLachlan, Dube, Neves, Fahmi, Fenton",2021,HSHa17702ec
Poor-Quality Medicines in Cameroon: A Critical Review.,"Waffo Tchounga, Sacré, Ciza Hamuli, Ngono Mballa, Nnanga Nga, Hubert, Marini Djang'eing'a",2021,PMC8437161
"Red cell distribution width, anemia and their associations with white matter integrity among middle-aged urban adults.","Beydoun, Shaked, Hossain, Weiss, Beydoun, Maldonado, Katzel, Davatzikos, Gullapalli, Seliger, Erus, Evans, Zonderman, Waldstein",2021,PMC8338752
Ensuring patient and public involvement in the transition to AI-assisted mental health care: A systematic scoping review and agenda for design justice.,"Zidaru, Morrow, Stockley",2021,PMC8369091
A survey of methodologies on causal inference methods in meta-analyses of randomized controlled trials.,"Markozannes, Vourli, Ntzani",2021,PMC8188671
Large scale meta-analysis of preclinical toxicity data for target characterisation and hypotheses generation.,Munoz-Muriedas,2021,PMC8186779
Integrating Somatic and Germline Next-Generation Sequencing Into Routine Clinical Oncology Practice.,"Hicks, Howard, Reisman, Adashek, Fields, Gray, McIver, McKee, O'Leary, Perkins, Robinson, Tandon, Teer, Markowitz, Rollison",2021,PMC8169076
Parents' experiences of caring for a young child with type 1 diabetes: a systematic review and synthesis of qualitative evidence.,"Kimbell, Lawton, Boughton, Hovorka, Rankin",2021,PMC8019496
A COVID-19-ready public health surveillance system: The Food and Drug Administration's Sentinel System.,"Cocoros, Fuller, Adimadhyam, Ball, Brown, Dal Pan, Kluberg, Lo Re, Maro, Nguyen, Orr, Paraoan, Perlin, Poland, Driscoll, Sands, Toh, Yih, Platt",2021,PMC8250843
An application of multi-criteria decision-making approach to sustainable drug shortages management: evidence from a developing country.,"Moosivand, Rangchian, Zarei, Peiravian, Mehralian, Sharifnia",2021,PMC8017892
Organizational conditions that influence work engagement and burnout: A qualitative study of mental health workers.,"Rollins, Eliacin, Russ-Jara, Monroe-Devita, Wasmuth, Flanagan, Morse, Leiter, Salyers",2021,PMC8440452
The burden of chronic pain for patients with osteoarthritis in Germany: a retrospective cohort study of claims data.,"Schild, Müller, von Schenck, Prieur, Miller",2021,PMC8011414
Predicting Length of Stay of Coronary Artery Bypass Grafting Patients Using Machine Learning.,"Triana, Vyas, Shah, Tiwari",2021,HSHa17702ec
"Effect of compliance with GOLD treatment recommendations on COPD health care resource utilization, cost, and exacerbations among patients with COPD on maintenance therapy.","Palli, Zhou, Shaikh, Willey",2021,PMC10394222
Association of social vulnerability with the use of high-volume and Magnet recognition hospitals for hepatopancreatic cancer surgery.,"Diaz, Hyer, Azap, Tsilimigras, Pawlik",2021,HSHa17702ec
"Risk Factors, and Clinical and Etiological Characteristics of Ischemic Strokes in COVID-19-Infected Patients: A Systematic Review of Literature.",Vidale,2021,PMC8089453
Disparities in Stage-Specific Guideline-Concordant Cancer-Directed Treatment for Patients with Pancreatic Adenocarcinoma.,"Hamad, DePuccio, Reames, Dave, Kurien, Cloyd, Shen, Pawlik, Tsung, McAlearney, Ejaz",2021,HSHa17702ec
Performance of intensive care unit severity scoring systems across different ethnicities in the USA: a retrospective observational study.,"Sarkar, Martin, Mattie, Gichoya, Stone, Celi",2021,PMC8063502
"Protocol for a systematic review of barriers, facilitators and outcomes in primary healthcare services for women in Pakistan.","Jafree, Mahmood, Momina, Fischer, Barlow",2021,PMC7993172
Racial/ethnic disparities in treatment pattern and time to treatment for adults with glioblastoma in the US.,"Ostrom, Krebs, Patil, Cioffi, Barnholtz-Sloan",2021,PMC6801058
Familial Hypercholesterolemia Identification Algorithm in Patients with Acute Cardiovascular Events in A Large Hospital Electronic Database in Bulgaria: A Call for Implementation.,"Petrov, Postadzhiyan, Vasilev, Kasabov, Tokmakova, Nikolov, Istatkov, Zhao, Mutafchiev, Petkova",2021,PMC8107160
Outcomes of Complex Gastrointestinal Cancer Resection at US News & World Report Top-Ranked vs Non-Ranked Hospitals.,"Tay, Gambhir, Stopenski, Hohmann, Smith, Daly, Hinojosa, Nguyen",2021,HSHa17702ec
Exploring the pedagogical design features of the flipped classroom in undergraduate nursing education: a systematic review.,"Youhasan, Chen, Lyndon, Henning",2021,PMC7983379
Big Data Analytics in urology: the story so far and the road ahead.,"Hameed, S Dhavileswarapu, Naik, Karimi, Hegde, Rai, Somani",2021,PMC7940776
Resource utilization in children with paracorporeal continuous-flow ventricular assist devices.,"Burstein, Griffis, Zhang, Cantor, Dai, Shamszad, Huang, Morales, Hall, Lin, O'Connor, Zinn, Edens, Parrino, Kirklin, Rossano",2021,HSHa17702ec
Community health worker interventions for older adults with complex health needs: A systematic review.,"Kennedy, Hatchell, DiMilia, Kelly, Blunt, Bagley, LaMantia, Reynolds, Crow, Maden, Kelly, Kihwele, Batsis",2021,PMC8263299
Impact of a Mortality Prediction Rule for Organizing and Guiding Antimicrobial Stewardship Program Activities.,"Collins, Kollmeyer, Scheidel, Dietzel, Leeman, Morrin, Malani",2021,PMC7953666
"Accessibility to people with motor, visual, or hearing disabilities during delivery and childbirth: the structure of SUS facilities linked to Rede Cegonha.","Thomaz, Costa, Goiabeira, Rocha, Rocha, Marques, Queiroz",2021,HSHa17702ec
"Pneumococcal vaccination coverage among adults aged 19 to 64 years with immuno-compromising conditions, cerebrospinal fluid (CSF) leaks, or cochlear implants in the US.","Deb, Mohanty, Ou, Rajagopalan, Johnson",2021,HSHa17702ec
Monitoring contamination of hazardous drug compounding surfaces at hospital pharmacy departments. A consensus Statement. Practice guidelines of the Spanish Society of Hospital Pharmacists (SEFH).,"Valero-García, González-Haba, Gorgas-Torner, Alonso-Herreros, Cercós Lletí, Poveda-Andrés, Calleja-Hernandez, Delgado-Sánchez",2021,HSHa17702ec
Evidence for use of damage control surgery and damage control interventions in civilian trauma patients: a systematic review.,"Roberts, Bobrovitz, Zygun, Kirkpatrick, Ball, Faris, Stelfox",2021,PMC7951941
Development of atrial fibrillation following trauma increases short term risk of cardiovascular events.,"Nassoiy, Blackwell, Brown, Kothari, Plackett, Kuo, Posluszny",2021,PMC8159849
Predicting the Appearance of Hypotension During Hemodialysis Sessions Using Machine Learning Classifiers.,"Gómez-Pulido, Gómez-Pulido, Rodríguez-Puyol, Polo-Luque, Vargas-Lombardo",2021,PMC7967733
Association of nutrition status and hospital-acquired infections in older adult orthopedic trauma patients.,"Rong, Franco-Garcia, Zhou, Heng, Akeju, Azocar, Quraishi",2022,HSHa17702ec
"Real-World Outcomes of Patients Undergoing Open Colorectal Surgery with Wound Closure Incorporating Triclosan-Coated Barbed Sutures: A Multi-Institution, Retrospective Database Study.","Johnson, Rai, Jang, Johnston, Chen",2021,PMC7917355
The needs-based health workforce planning method: a systematic scoping review of analytical applications.,"Asamani, Christmals, Reitsma",2021,HSHa17702ec
Metabolic signatures of osteoarthritis in urine using liquid chromatography-high resolution tandem mass spectrometry.,"Abdelrazig, Ortori, Doherty, Valdes, Chapman, Barrett",2021,PMC7925472
Applying natural language processing and machine learning techniques to patient experience feedback: a systematic review.,"Khanbhai, Anyadi, Symons, Flott, Darzi, Mayer",2021,PMC7929894
What influences nurses' decisions to work in rural and remote settings? A systematic review and meta-synthesis of qualitative research.,"MacKay, Smith, Kyle, Beattie",2021,HSHa17702ec
The Promotion of Sustainable Diets in the Healthcare System and Implications for Health Professionals: A Scoping Review.,"Alberdi, Begiristain-Zubillaga",2021,PMC7996772
Investigating the effect of national government physical distancing measures on depression and anxiety during the COVID-19 pandemic through meta-analysis and meta-regression.,"Castaldelli-Maia, Marziali, Lu, Martins",2021,PMC7985907
Persistent opioid use after surgical treatment of paediatric fracture.,"Zhong, Ladenhauf, Wilson, Liu, DelPizzo, Poeran, Memtsoudis",2021,HSHa17702ec
"Serious mental illness, other mental health disorders, and outpatient health care as predictors of 30-day readmissions following medical hospitalization.","Cook, Burke-Miller, Razzano, Steigman, Jonikas, Santos",2021,HSHa17702ec
Recommendations for cellular and molecular pathology input into clinical trials: a systematic review and meta-aggregation.,"Lim, Gurusamy, O'Connor, Shaaban, Brierley, Lewis, Harrison, Kendall, Robinson",2021,PMC8073003
"Exclusive Breastfeeding, Child Mortality, and Economic Cost in Sub-Saharan Africa.","Pretorius, Asare, Kruger, Genuneit, Siziba, Ricci",2021,HSHa17702ec
The NCI Genomic Data Commons.,"Heath, Ferretti, Agrawal, An, Angelakos, Arya, Bajari, Baqar, Barnowski, Burt, Catton, Chan, Chu, Cullion, Davidsen, Do, Dompierre, Ferguson, Fitzsimons, Ford, Fukuma, Gaheen, Ganji, Garcia, George, Gerhard, Gerthoffert, Gomez, Han, Hernandez, Issac, Jackson, Jensen, Joshi, Kadam, Khurana, Kim, Kraft, Li, Lichtenberg, Lodato, Lolla, Martinov, Mazzone, Miller, Miller, Miller, Miyauchi, Murphy, Nullet, Ogwara, Ortuño, Pedrosa, Pham, Popov, Porter, Powell, Rademacher, Reid, Rich, Rogel, Sahni, Savage, Schmitt, Simmons, Sislow, Spring, Stein, Sullivan, Tang, Thiagarajan, Troyer, Wang, Wang, West, Wilmer, Wilson, Wu, Wysocki, Xiang, Yamada, Yang, Yu, Yung, Zenklusen, Zhang, Zhang, Zhao, Zubair, Staudt, Grossman",2021,HSHa17702ec
The Rhinoplasty Health Care Monitor: Using Validated Questionnaires and a Web-Based Outcome Dashboard to Evaluate Personal Surgical Performance.,"van Zijl, Lohuis, Datema",2022,HSHa17702ec
Systematic review of outcomes and endpoints in acute migraine clinical trials.,"Houts, McGinley, Nishida, Buse, Wirth, Dodick, Goadsby, Lipton",2021,PMC7986374
Chronic opioid use and complication risks in women with endometriosis: A cohort study in US administrative claims.,"Chiuve, Kilpatrick, Hornstein, Petruski-Ivleva, Wegrzyn, Dabrowski, Velentgas, Snabes, Bateman",2021,PMC8251707
Bariatric surgery reduces branched-chain amino acids' levels: a systematic review and meta-analysis.,"Barati-Boldaji, Esmaeilinezhad, Babajafari, Kazemi, Clark, Mazidi, Ofori-Asenso, Haghighat, Shafiee, Mazloomi",2021,HSHa17702ec
Medical Nutrition Therapy Access in CKD: A Cross-sectional Survey of Patients and Providers.,"Jimenez, Kelley, Schofield, Brommage, Steiber, Abram, Kramer",2021,PMC7873758
"Understanding the socioeconomic profile of people who experienced opioid overdoses in British Columbia, 2014 to 2016.","Carrière, Garner, Sanmartin",2021,HSHa17702ec
From predictions to prescriptions: A data-driven response to COVID-19.,"Bertsimas, Boussioux, Cory-Wright, Delarue, Digalakis, Jacquillat, Kitane, Lukin, Li, Mingardi, Nohadani, Orfanoudaki, Papalexopoulos, Paskov, Pauphilet, Lami, Stellato, Bouardi, Carballo, Wiberg, Zeng",2021,PMC7883965
"Forecasting the dynamics of cumulative COVID-19 cases (confirmed, recovered and deaths) for top-16 countries using statistical machine learning models: Auto-Regressive Integrated Moving Average (ARIMA) and Seasonal Auto-Regressive Integrated Moving Average (SARIMA).","ArunKumar, Kalaga, Sai Kumar, Chilkoor, Kawaji, Brenza",2021,PMC7869631
Ambient air pollution exposure and risk of chronic kidney disease: A systematic review of the literature and meta-analysis.,"Ye, Wang, Fang, Zhang, Hu",2021,HSHa17702ec
Transatlantic transferability of a new reinforcement learning model for optimizing haemodynamic treatment for critically ill patients with sepsis.,"Roggeveen, El Hassouni, Ahrendt, Guo, Fleuren, Thoral, Girbes, Hoogendoorn, Elbers",2021,HSHa17702ec
Chronic obstructive pulmonary disease and advance care planning: A synthesis of qualitative literature on patients' experiences.,"Ora, Mannix, Morgan, Gregory, Luck, Wilkes",2022,HSHa17702ec
Association of first trimester prescription opioid use with congenital malformations in the offspring: population based cohort study.,"Bateman, Hernandez-Diaz, Straub, Zhu, Gray, Desai, Mogun, Gautam, Huybrechts",2021,PMC7873721
Developing a Value Framework: Utilizing Administrative Data to Assess an Enhanced Care Initiative.,"Allen, Eska, Thaker, Feeley, Kaplan, Huey, Tzeng, Lee, Frank, Aloia, Gottumukkala, Katz",2021,HSHa17702ec
Online Communities as a Driver for Patient Empowerment: Systematic Review.,"Johansson, Islind, Lindroth, Angenete, Gellerstedt",2021,PMC7902187
Digital Health Interventions for Cardiac Rehabilitation: Systematic Literature Review.,"Wongvibulsin, Habeos, Huynh, Xun, Shan, Porosnicu Rodriguez, Wang, Gandapur, Osuji, Shah, Spaulding, Hung, Knowles, Yang, Marvel, Levin, Maron, Gordon, Martin",2021,PMC7899799
Resource Use and Outcomes of Pediatric Congenital Heart Disease Admissions: 2003 to 2016.,"Edelson, Rossano, Griffis, Quarshie, Ravishankar, O'Connor, Mascio, Mercer-Rosa, Glatz, Lin",2021,PMC7955343
An Increasing Burden of Disease: Emergency Department Visits Among Patients With Ventricular Assist Devices From 2010 to 2017.,"Edelson, Edwards, Katcoff, Mondal, Reza, Hanff, Griffis, Mazurek, Wald, Owens, Burstein, Atluri, O'Connor, Goldberg, Zamani, Groeneveld, Rossano, Lin, Birati",2021,PMC7955344
The effectiveness of telepsychology with veterans: A meta-analysis of services delivered by videoconference and phone.,"McClellan, Osbaldiston, Wu, Yeager, Monroe, McQueen, Dunlap",2022,HSHa17702ec
Posttraumatic Stress Disorder Treatment Dropout Among Military and Veteran Populations: A Systematic Review and Meta-Analysis.,"Edwards-Stewart, Smolenski, Bush, Cyr, Beech, Skopp, Belsher",2021,HSHa17702ec
Annual Out-Of-Pocket Spending Clusters Within Short Time Intervals: Implications For Health Care Affordability.,"Chen, Shafer, Dusetzina, Horný",2021,HSHa17702ec
[Potential for Big Data Analysis Using AI in the Field of Clinical Pharmacy].,Kiryu,2021,HSHa17702ec
Emergency care under the magnifying glass: a review of ethnographic studies in the scientific literature on hospital emergency services.,"Sy, Moglia, Aragunde, Derossi",2021,HSHa17702ec
Performance of intensive care unit severity scoring systems across different ethnicities.,"Sarkar, Martin, Mattie, Gichoya, Stone, Celi",2021,PMC7836131
"Opioid use, regulation, and harms in Brazil: a comprehensive narrative overview of available data and indicators.","Maia, Daldegan-Bueno, Fischer",2021,PMC7836143
Predictive Analytics for Glaucoma Using Data From the All of Us Research Program.,"Baxter, Saseendrakumar, Paul, Kim, Bonomi, Kuo, Loperena, Ratsimbazafy, Boerwinkle, Cicek, Clark, Cohn, Gebo, Mayo, Mockrin, Schully, Ramirez, Ohno-Machado",2021,PMC8184631
"Smartphone addiction, risk factors and its adverse effects in nursing students: A systematic review and meta-analysis.","Osorio-Molina, Martos-Cabrera, Membrive-Jiménez, Vargas-Roman, Suleiman-Martos, Ortega-Campos, Gómez-Urquiza",2021,HSHa17702ec
Research Evaluation Alongside Clinical Treatment in COVID-19 (REACT COVID-19): an observational and biobanking study.,"Burke, Freeman, Dushianthan, Celinski, Batchelor, Phan, Borca, Kipps, Thomas, Faust, Sheard, Williams, Fitzpatrick, Landers, Wilkinson",2021,PMC7830323
Risks of AKI and Major Adverse Clinical Outcomes in Patients with Severe Acute Respiratory Syndrome or Coronavirus Disease 2019.,"Teoh, Yip, Lui, Wong, Chow, Ho, Li, Tse, Chiu, Ng, Hui, Chan, Szeto, Wong",2021,PMC8017544
A comprehensive approach to addressing the opioid epidemic in a large health system.,"Ash, Tuten, Bohenek, Latham",2021,HSHa17702ec
Excess healthcare costs in patients with autosomal dominant polycystic kidney disease by renal dysfunction stage.,"Gagnon-Sanschagrin, Liang, Sanon, Oberdhan, Guérin, Cloutier",2021,HSHa17702ec
Correlation between perioperative outcomes and long-term survival for non-small lung cancer treated at major centers.,"Hennon, Groman, Kumar, Castaldo, George, Demmy, Attwood, Yendamuri",2022,HSHa17702ec
Factors Associated with Refusal or Discontinuation of Treatment in Patients with Bladder Cancer: A Cohort Population-Based Study in Taiwan.,"Chang, Chang, Huang, Chen",2021,PMC7828302
Health economic evaluations comparing faecal microbiota transplantation with antibiotics for treatment of recurrent Clostridioides difficile infection: a systematic review.,"Hammeken, Baunwall, Hvas, Ehlers",2021,PMC7805077
Effects of telemedicine triage on efficiency and cost-effectiveness in spinal care.,"Cui, Sedney, Daffner, Large, Davis, Crossley, France",2021,HSHa17702ec
Chronic prescription opioid use in pregnancy in the United States.,"Straub, Huybrechts, Hernandez-Diaz, Zhu, Vine, Desai, Gray, Bateman",2021,HSHa17702ec
Direct Medical Costs Associated With Treatment Nonpersistence in Patients With Higher-Risk Myelodysplastic Syndromes Receiving Hypomethylating Agents: A Large Retrospective Cohort Analysis.,"Joshi, Kale, Corman, Wert, Hill, Zeidan",2021,HSHa17702ec
Outcomes after readmission at the index or nonindex hospital following acute myocardial infarction complicated by cardiogenic shock.,"Lin, Han, Qin, Zhang, Yin, Wu, Wei, Cao, He",2021,PMC7852161
What do you mean by engagement? - evaluating the use of community engagement in the design and implementation of chronic disease-based interventions for Indigenous populations - scoping review.,"Wali, Superina, Mashford-Pringle, Ross, Cafazzo",2021,PMC7788761
"Comparison of Utilization, Costs, and Quality of Medicaid vs Subsidized Private Health Insurance for Low-Income Adults.","Allen, Gordon, Lee, Bhanja, Sommers",2021,PMC9377505
Merging statewide data in a public/university collaboration to address opioid use disorder and overdose.,"Becker, Heimer, Dormitzer, Doernberg, D'Onofrio, Grau, Hawk, Lin, Secora, Fiellin",2021,PMC7780404
"Healthcare professionals' perspectives on enrolled nurses, practical nurses and other second-level nursing roles: A systematic review and thematic synthesis.","Lucas, Daniel, Thomas, Brook, Brown, Salmon",2021,HSHa17702ec
Application of Bayesian networks to generate synthetic health data.,"Kaur, Sobiesk, Patil, Liu, Bhagat, Gupta, Markuzon",2021,PMC7973486
Framework for the synthesis of non-randomised studies and randomised controlled trials: a guidance on conducting a systematic review and meta-analysis for healthcare decision making.,"Sarri, Patorno, Yuan, Guo, Bennett, Wen, Zullo, Largent, Panaccio, Gokhale, Moga, Ali, Debray",2022,PMC8961747
Negative affect and self-agency's association with immunosuppressant adherence in organ transplant: A meta-analysis.,"Demian, Thornton, Shapiro, Loken Thornton",2021,HSHa17702ec
Adherence with lipid screening guidelines in standard- and high-risk children and adolescents.,"Berger, Chen, Faerber, O'Byrne, Brothers",2021,PMC7854880
"Real-world reproducibility study characterizing patients newly diagnosed with multiple myeloma using Clinical Practice Research Datalink, a UK-based electronic health records database.","Seesaghur, Petruski-Ivleva, Banks, Wang, Mattox, Hoeben, Maskell, Neasham, Reynolds, Kafatos",2021,PMC7984077
Socioeconomic barriers to prenatal diagnosis of critical congenital heart disease.,"Campbell, Lorch, Rychik, Quartermain, Passarella, Groeneveld",2021,PMC7933065
A systems approach to examine hospital-acquired infections in a paediatric CICU.,"Thaker, Lee, Zhang, Chanani",2021,HSHa17702ec
Antibiotic Susceptibility of Escherichia coli Among Infants Admitted to Neonatal Intensive Care Units Across the US From 2009 to 2017.,"Flannery, Akinboyo, Mukhopadhyay, Tribble, Song, Chen, Li, Gerber, Puopolo",2021,PMC7653538
"Altered Intestinal ACE2 Levels Are Associated With Inflammation, Severe Disease, and Response to Anti-Cytokine Therapy in Inflammatory Bowel Disease.","Potdar, Dube, Naito, Li, Botwin, Haritunians, Li, Casero, Yang, Bilsborough, Perrigoue, Denson, Daly, Targan, Fleshner, Braun, Kugathasan, Stappenbeck, McGovern",2021,PMC9671555
Proton-pump inhibitors are associated with a high false-positivity rate in faecal immunochemical testing.,"Ibáñez-Sanz, Milà, de la Peña-Negro, Garcia, Vidal, Rodríguez-Alonso, Binefa, Rodríguez-Moranta, Moreno",2021,PMC6768609
Development of Multimorbidity Over Time: An Analysis of Belgium Primary Care Data Using Markov Chains and Weighted Association Rule Mining.,"Shi, Nikolic, Van Pottelbergh, van den Akker, Vos, De Moor",2021,PMC8202155
Core principles for the implementation of the neurodata without borders data standard.,"Reimer, Bangalore, Waxman, Tan",2021,HSHa17702ec
Mosaic Privacy-Preserving Mechanisms for Healthcare Analytics.,"Krall, Finke, Yang",2021,HSHa17702ec
Respondent Understanding in Discrete Choice Experiments: A Scoping Review.,"Pearce, Harrison, Watson, Street, Howard, Bansback, Bryan",2021,PMC7794102
Facilitators and barriers to the implementation of a physiological approach during labour and birth: A systematic review and thematic synthesis.,"Darling, McCourt, Cartwright",2021,HSHa17702ec
Database of epidemic trends and control measures during the first wave of COVID-19 in mainland China.,"Fu, Wang, Xi, Boonyasiri, Wang, Hinsley, Fraser, McCabe, Olivera Mesa, Skarp, Ledda, Dewé, Dighe, Winskill, van Elsland, Ainslie, Baguelin, Bhatt, Boyd, Brazeau, Cattarino, Charles, Coupland, Cucunuba, Cuomo-Dannenburg, Donnelly, Dorigatti, Eales, FitzJohn, Flaxman, Gaythorpe, Ghani, Green, Hamlet, Hauck, Haw, Jeffrey, Laydon, Lees, Mellan, Mishra, Nedjati-Gilani, Nouvellet, Okell, Parag, Ragonnet-Cronin, Riley, Schmit, Thompson, Unwin, Verity, Vollmer, Volz, Walker, Walters, Watson, Whittaker, Whittles, Imai, Bhatia, Ferguson",2021,PMC7603985
Clinical and budget impacts of changes in oral anticoagulation prescribing for atrial fibrillation.,"Orlowski, Gale, Ashton, Petrungaro, Slater, Nadarajah, Cowan, Buck, Smith, Wu",2021,PMC7788263
Characteristics of clinical trials evaluating cardiovascular therapies for Coronavirus Disease 2019 Registered on ClinicalTrials.gov: a cross sectional analysis.,"Varshney, Wang, Bhatt, Blood, Sharkawi, Siddiqi, Vaduganathan, Monteleone, Patel, Jones, Lopes, Mehra, Bhatt, Kochar",2021,PMC7586939
Virtual mental health care in the Veterans Health Administration's immediate response to coronavirus disease-19.,"Rosen, Morland, Glassman, Marx, Weaver, Smith, Pollack, Schnurr",2021,HSHa17702ec
Empirical assessment of case-based methods for identification of drugs associated with acute liver injury in the French National Healthcare System database (SNDS).,"Thurin, Lassalle, Schuemie, Pénichon, Gagne, Rassen, Benichou, Weill, Blin, Moore, Droz-Perroteau",2021,HSHa17702ec
Systematic review of context-aware digital behavior change interventions to improve health.,"Thomas Craig, Morgan, Chen, Michie, Fusco, Snowdon, Scheufele, Gagliardi, Sill",2021,PMC8158169
Inpatient Pediatric CKD Health Care Utilization and Mortality in the United States.,"Modi, Waldo, Selewski, Troost, Gipson",2021,PMC8485635
Validation of a prospective mortality prediction score for hip fracture patients.,"Etscheidt, McHugh, Wu, Cowen, Goulet, Hake",2021,HSHa17702ec
Synergy between the pay-for-performance scheme and better physician-patient relationship might reduce the risk of retinopathy in patients with type 2 diabetes.,"Chiou, Liao, Huang, Lin, Hsieh",2021,PMC8089022
Mobile applications for the management of chronic physical conditions: a systematic review.,"Jiménez-Muñoz, Gutiérrez-Rojas, Porras-Segovia, Courtet, Baca-García",2022,HSHa17702ec
Effectiveness and safety of oral anticoagulants among non-valvular atrial fibrillation patients with polypharmacy.,"Lip, Keshishian, Kang, Dhamane, Luo, Klem, Rosenblatt, Mardekian, Jiang, Yuce, Deitelzweig",2021,HSHa17702ec
Critical appraisal and meta-analysis of biological variation estimates for kidney related analytes.,"Jonker, Aslan, Boned, Marqués-García, Ricós, Alvarez, Bartlett, Braga, Carobene, Coskun, Diaz-Garzón, Fernández-Calle, Gonzalez-Lao, Minchinela, Perich, Simón, Sandberg, Aarsand",2022,HSHa17702ec
"Ethnic-specific BRCA1/2 variation within Asia population: evidence from over 78 000 cancer and 40 000 non-cancer cases of Indian, Chinese, Korean and Japanese populations.","Bhaskaran, Huang, Rajendran, Guo, Luo, Qin, Zhao, Chian, Li, Wang",2021,HSHa17702ec
Outcomes of abdominal aortic aneurysm repair among patients with rheumatoid arthritis.,"Salata, Almaghlouth, Hussain, de Mestral, Greco, Aljabri, Mamdani, Forbes, Verma, Al-Omran",2021,HSHa17702ec
The Added Burden of Allergen Sensitization Among Children with Severe or Poorly Controlled Asthma.,"Teague, Iqbal, Ding, Chipps, Zazzali",2021,HSHa17702ec
Prevalence and effects of suicidal ideation diagnosis code position in claims on readmission rate estimates.,"Babcock, Moussa, Diaby",2021,HSHa17702ec
Deep Learning and Multivariable Models Select EVAR Patients for Short-Stay Discharge.,"Zarkowsky, Nejim, Hubara, Hicks, Goodney, Malas",2021,PMC7792630
What Is the Quality of Surgical Care for Patients with Hip Fractures at Critical Access Hospitals?,"Malik, Bonsu, Roser, Khan, Phieffer, Ly, Harrison, Quatman",2021,PMC7899572
Big Data Analytics + Virtual Clinical Semantic Network (vCSN): An Approach to Addressing the Increasing Clinical Nuances and Organ Involvement of COVID-19.,"Rahman, Meyer, Kriak, Goldblatt, Slepian",2021,HSHa17702ec
Does Surgical Intensity Correlate With Opioid Prescribing?: Classifying Common Surgical Procedures.,"Cho, Hu, Gunaseelan, Chen, Englesbe, Chung, Waljee",2022,HSHa17702ec
"Impact on clinical outcomes and health costs of deranged potassium levels in patients with chronic cardiovascular, metabolic, and renal conditions.","Jiménez-Marrero, Cainzos-Achirica, Monterde, Vela, Cleries, García-Eroles, Enjuanes, Yun, Garay, Moliner, Alcoberro, Corbella, Comín-Colet",2021,HSHa17702ec
Safety-net hospitals versus non-safety centers and clinical outcomes after trans-catheter aortic valve replacement.,"Sheikh, Deo, Riaz, Raza, Altarabsheh, Wilson, Elgudin, Cmolik, Pelletier, Markowitz",2021,HSHa17702ec
Exploring the barriers to using assistive technology for individuals with chronic conditions: a meta-synthesis review.,"Howard, Fisher, Kemp, Lindsay, Tasker, Tree",2022,HSHa17702ec
Predictive modeling to identify potential participants of a disease management program hypertension.,"Lenti, Kottmair, Stock, Shukri, Müller",2021,HSHa17702ec
Women's experiences of interventions for fear of childbirth in the perinatal period: A meta-synthesis of qualitative research evidence.,"O'Connell, Khashan, Leahy-Warren",2021,HSHa17702ec
Evidence for the Cost-Effectiveness of Return-to-Work Interventions for Mental Illness Related Sickness Absences: A Systematic Literature Review.,"Dewa, Hoch, Loong, Trojanowski, Bonato",2021,HSHa17702ec
Trends of 5-Aminosalicylate Medication Use in Patients With Crohn Disease.,"Noureldin, Cohen-Mekelburg, Mahmood, Stidham, Higgins, Govani, Deshpande, Waljee",2021,PMC8861365
Comprehensive Comparison Between Shaped Versus Round Implants for Breast Reconstruction: A Systematic Review and Meta-Analysis.,"Han, Lee, Bang",2021,HSHa17702ec
Using computerized text analysis to examine associations between linguistic features and clients' distress during psychotherapy.,"Shapira, Lazarus, Goldberg, Gilboa-Schechtman, Tuval-Mashiach, Juravski, Atzil-Slonim",2021,HSHa17702ec
Demographic Distribution of Foot and Ankle Surgeries Among Orthopaedic Surgeons and Podiatrists: A 10-Year Database Retrospective Study.,"Burton, Aynardi, Aydogan",2021,HSHa17702ec
"""It leaves me very skeptical"" messaging in marketing prolonged exposure and cognitive processing therapy to veterans with PTSD.","Kehle-Forbes, Gerould, Polusny, Sayer, Partin",2022,PMC7369246
Beyond Maternal Mortality: A Systematic Review of Evidences on Mistreatment and Disrespect During Childbirth in Health Facilities in India.,"Jungari, Sharma, Wagh",2021,HSHa17702ec
"Prevalence, risk factors and outcomes of neonatal hypothermia at admission at a tertiary neonatal unit, Kigali, Rwanda - a cross-sectional study.","Urubuto, Agaba, Choi, Dusabimana, Teteli, Kumwami, Conard, O'Callahan, Cartledge",2021,HSHa17702ec
A concept analysis and overview of outcome measures used for evaluating patients with proximal humerus fractures.,"Nowak, Davis, Mamdani, Beaton, Schemitsch",2021,HSHa17702ec
Use of Electronic Health Data for Disease Prediction: A Comprehensive Literature Review.,"Hossain, Khan, Moni, Uddin",2021,HSHa17702ec
Cost Analysis of Medicare Patients with Varying Complexities Who Underwent Total Knee Arthroplasty.,"Anis, Sodhi, Vakharia, Scuderi, Malkani, Roche, Mont",2021,HSHa17702ec
